============================== SRIM-2013.00 ==============================
==============================================================================
=================  TRANSMIT.txt : File of Transmitted Ions  ==================
=  This file tabulates the kinetics of ions or atoms leaving the target.     =
=  Column #1: S= Sputtered Atom, B= Backscattered Ion, T= Transmitted Ion.   =
=  Col.#2: Ion Number, Col.#3: Z of atom leaving, Col.#4: Atom energy (eV).  =
=  Col.#5-7: Last location:  X= Depth into target, Y,Z= Transverse axes.     =
=  Col.#8-10: Cosines of final trajectory.                                   =
= *** This data file is in the same format as TRIM.DAT (see manual for uses).=
====== TRIM Calc.=  K(15.2 GeV) ==> Podk³adka+Tarcza(  23 um) ================
 Ion  Atom   Energy        Depth       Lateral-Position        Atom Direction      
 Numb Numb    (eV)          X(A)        Y(A)       Z(A)      Cos(X)  Cos(Y) Cos(Z) 
T    1 19 .1518989E+11   2300018E-01 -.3641E+01 -.5379E+00   .9999999  .0001211  .0001225
T    2 19 .1519074E+11   2300019E-01 -.7340E+02 -.6678E+02   .9999994 -.0007011 -.0007819
T    3 19 .1518952E+11   2300013E-01  .1136E+02 -.2370E+01   .9999999  .0000621  .0000307
T    4 19 .1519015E+11   2300019E-01 -.5430E+01  .1465E+02   .9999999 -.0002178  .0001425
T    5 19 .1519015E+11   2300019E-01  .1264E+02 -.9987E+01   .9999999  .0000341 -.0000994
T    6 19 .1518985E+11   2300021E-01  .1944E+02  .3291E+02   .9999999  .0002291  .0004241
T    7 19 .1519057E+11   2300019E-01 -.3024E+00 -.4035E+01   .9999999 -.0001140  .0000146
T    8 19 .1518908E+11   2300014E-01  .9338E+00  .8634E+01   .9999999 -.0000177 -.0001025
T    9 19 .1519101E+11   2300014E-01 -.2197E+02  .1914E+01   .9999999 -.0000897  .0000090
T   10 19 .1519021E+11   2300022E-01  .1725E+02 -.4359E+01   .9999999  .0002084 -.0000976
T   11 19 .1519168E+11   2300007E-01  .1567E+02  .1708E+02   .9999999  .0000542  .0000688
T   12 19 .1519030E+11   2300005E-01  .1767E+01  .3261E+01   .9999999 -.0000348  .0000771
T   13 19 .1519146E+11   2300021E-01 -.1605E+01 -.1409E+01   .9999999  .0000571 -.0000202
T   14 19 .1518933E+11   2300009E-01 -.1514E+02 -.7416E+00   .9999999 -.0003366 -.0000887
T   15 19 .1519090E+11   2300018E-01 -.4831E+01  .1233E+01   .9999999 -.0001132  .0000493
T   16 19 .1519128E+11   2300018E-01 -.2622E+02  .8177E+01   .9999999 -.0003756  .0002201
T   17 19 .1519122E+11   2300009E-01 -.2558E+01  .1104E+02   .9999999 -.0002344  .0002584
T   18 19 .1518858E+11   2300007E-01 -.1084E+01 -.3974E+01   .9999999 -.0000371  .0001118
T   19 19 .1518981E+11   2300001E-01 -.5400E+00 -.5733E+01   .9999999  .0000458  .0000190
T   20 19 .1519110E+11   2300018E-01 -.2668E+02 -.8240E+01   .9999999 -.0004155 -.0000865
T   21 19 .1518920E+11   2300023E-01  .1169E+02 -.2471E+01   .9999999  .0001883  .0001344
T   22 19 .1519006E+11   2300013E-01  .6485E+01 -.6951E+01   .9999999  .0001351 -.0002239
T   23 19 .1519107E+11   2300017E-01 -.1992E+02  .5538E+01   .9999999 -.0001608  .0001142
T   24 19 .1518899E+11   2300012E-01 -.2743E+02 -.3299E+01   .9999999 -.0001774 -.0000276
T   25 19 .1518974E+11   2300007E-01 -.2469E+02  .2348E+01   .9999999 -.0003515  .0000961
T   26 19 .1518967E+11   2300011E-01  .9283E+01  .1905E+02   .9999999 -.0000512  .0000731
T   27 19 .1519079E+11   2300001E-01 -.1339E+01  .8577E+01   .9999999  .0000550  .0001440
T   28 19 .1519061E+11   2300000E-01 -.2343E+01 -.7155E-01   .9999999  .0000940  .0000247
T   29 19 .1518940E+11   2300017E-01  .1112E+02  .2709E+01   .9999999  .0001986  .0000744
T   30 19 .1519031E+11   2300013E-01 -.1141E+01  .5857E+01   .9999999  .0000817  .0001167
T   31 19 .1519042E+11   2300004E-01 -.9690E+01  .7170E+01   .9999999 -.0000987 -.0000617
T   32 19 .1519139E+11   2300010E-01 -.1176E+02  .9093E+01   .9999999 -.0000405  .0001350
T   33 19 .1518992E+11   2300014E-01 -.4693E+01 -.8372E+01   .9999999 -.0000965 -.0000657
T   34 19 .1518957E+11   2300020E-01  .1690E+02  .1708E+02   .9999999 -.0002320  .0004003
T   35 19 .1518946E+11   2300022E-01 -.4874E+01  .2231E+02   .9999999 -.0001604  .0002545
T   36 19 .1518940E+11   2300023E-01 -.2090E+02 -.6315E+01   .9999999 -.0004462 -.0001972
T   37 19 .1518905E+11   2300020E-01 -.7689E+01  .2949E+00   .9999999 -.0001574  .0001034
T   38 19 .1519074E+11   2300014E-01  .1090E+02 -.1266E+02   .9999999 -.0000549 -.0000820
T   39 19 .1519027E+11   2300003E-01  .2494E+01  .3383E+01   .9999999  .0000058  .0000274
T   40 19 .1518973E+11   2300017E-01  .6944E+00  .1890E+01   .9999999 -.0001007  .0005230
T   41 19 .1519070E+11   2300000E-01  .8285E+01 -.2700E+02   .9999999  .0002127 -.0003307
T   42 19 .1519121E+11   2300021E-01  .1059E+02  .3121E+01   .9999999  .0002270  .0001775
T   43 19 .1518920E+11   2300019E-01 -.1222E+02 -.4478E+01   .9999999 -.0001822 -.0000227
T   44 19 .1519065E+11   2300005E-01 -.6725E+01  .2468E+01   .9999999 -.0000281  .0001173
T   45 19 .1519026E+11   2300007E-01 -.3271E+02 -.4119E+01   .9999999 -.0003046  .0000306
T   46 19 .1519038E+11   2300012E-01  .1240E+02 -.3061E+02   .9999999 -.0000891 -.0003377
T   47 19 .1518843E+11   2300012E-01 -.9144E+01  .5417E+00   .9999999 -.0001148  .0000311
T   48 19 .1518956E+11   2300020E-01  .2683E+01  .7249E+01   .9999999  .0001399  .0000208
T   49 19 .1519192E+11   2300003E-01 -.7199E+00  .1161E+02   .9999999 -.0000905  .0002373
T   50 19 .1518924E+11   2300010E-01  .3214E+02  .2074E+02   .9999999  .0003639  .0001430
T   51 19 .1518925E+11   2300020E-01  .4165E+02  .4675E+01   .9999997  .0007617  .0001827
T   52 19 .1518919E+11   2300019E-01  .6288E+01 -.1178E+02   .9999999  .0000595 -.0000708
T   53 19 .1519036E+11   2300019E-01 -.1055E+01  .3722E+01   .9999999  .0000690 -.0000790
T   54 19 .1519042E+11   2300002E-01 -.3479E+01  .1437E+02   .9999999 -.0000498  .0002298
T   55 19 .1518973E+11   2300021E-01 -.5187E+01 -.2075E+02   .9999999 -.0001089 -.0004102
T   56 19 .1518980E+11   2300013E-01 -.4544E+01  .1034E+02   .9999999  .0000466  .0001263
T   57 19 .1518874E+11   2300017E-01  .3601E+01  .1086E+02   .9999999  .0001023  .0001057
T   58 19 .1519062E+11   2300022E-01  .1536E+02 -.8667E+01   .9999999  .0001558 -.0001019
T   59 19 .1518999E+11   2300015E-01  .2797E+02  .1010E+03   .9999989  .0006582  .0013174
T   60 19 .1518926E+11   2300006E-01 -.7277E+01  .7635E+01   .9999999 -.0000956  .0000891
T   61 19 .1519112E+11   2300012E-01 -.3614E+01 -.3171E+02   .9999999 -.0000669 -.0003978
T   62 19 .1519175E+11   2300007E-01  .4141E+01  .6174E+01   .9999999  .0000441  .0001365
T   63 19 .1519082E+11   2300008E-01  .6775E+01 -.2667E+01   .9999999  .0000475 -.0000329
T   64 19 .1519160E+11   2300014E-01 -.1360E+02 -.3970E+01   .9999999 -.0002170 -.0000165
T   65 19 .1519078E+11   2300010E-01  .2107E+00  .2168E+02   .9999999 -.0000340  .0002546
T   66 19 .1518995E+11   2300019E-01 -.3119E+02 -.1875E+02   .9999999 -.0003588 -.0000714
T   67 19 .1519047E+11   2300010E-01 -.2313E+01 -.4889E+01   .9999999  .0000113 -.0000370
T   68 19 .1519131E+11   2300006E-01 -.1729E+02  .8437E+01   .9999999 -.0001474  .0001963
T   69 19 .1518946E+11   2300017E-01 -.3035E+01  .1664E+02   .9999999 -.0001065  .0002572
T   70 19 .1519097E+11   2300020E-01 -.1401E+02 -.2638E+01   .9999999 -.0001529 -.0000426
T   71 19 .1519076E+11   2300019E-01 -.9564E+01  .1181E+02   .9999999 -.0001708  .0001459
T   72 19 .1518905E+11   2300001E-01  .4920E+01  .1942E+02   .9999999  .0000333  .0001758
T   73 19 .1518988E+11   2300015E-01  .1522E+01  .1349E+02   .9999999  .0000620  .0000917
T   74 19 .1519070E+11   2300012E-01  .1067E+02 -.1421E+01   .9999999  .0001354 -.0000404
T   75 19 .1518977E+11   2300000E-01 -.1692E+02 -.4152E+02   .9999998 -.0003565 -.0005044
T   76 19 .1519008E+11   2300022E-01  .2578E+01 -.1370E+02   .9999999  .0000228 -.0000645
T   77 19 .1519085E+11   2300010E-01  .5432E+01  .3373E+01   .9999999  .0000594 -.0000150
T   78 19 .1518993E+11   2300001E-01  .1171E+01  .9348E+01   .9999999  .0001897  .0001337
T   79 19 .1519085E+11   2300012E-01 -.2181E+01  .1710E+02   .9999999 -.0000674  .0000534
T   80 19 .1518973E+11   2300023E-01  .1197E+02  .5471E+01   .9999999  .0000537  .0000009
T   81 19 .1519012E+11   2300004E-01 -.1431E+02  .1591E+02   .9999999 -.0001194  .0000568
T   82 19 .1519087E+11   2300011E-01  .2611E+02  .1017E+02   .9999999  .0001581  .0000511
T   83 19 .1518857E+11   2300005E-01  .2317E+01  .1782E+02   .9999999  .0001647  .0001295
T   84 19 .1518921E+11   2300021E-01 -.3129E+01 -.1035E+02   .9999999  .0001425 -.0003652
T   85 19 .1518984E+11   2300014E-01 -.8200E+01 -.5567E+01   .9999999 -.0000070 -.0000544
T   86 19 .1519039E+11   2300008E-01 -.1278E+02 -.1926E+01   .9999999 -.0001662  .0000732
T   87 19 .1519006E+11   2300016E-01 -.1659E+01 -.5761E+01   .9999999 -.0000819  .0000124
T   88 19 .1519031E+11   2300018E-01  .8569E+01  .5356E+01   .9999999 -.0001130  .0000592
T   89 19 .1519065E+11   2300007E-01 -.1439E+02 -.4956E+01   .9999999 -.0001475 -.0000915
T   90 19 .1519039E+11   2300019E-01  .3559E+01  .3124E+01   .9999999  .0001002  .0000397
T   91 19 .1518987E+11   2300006E-01 -.1355E+01 -.5303E+01   .9999999 -.0001057 -.0001320
T   92 19 .1518911E+11   2300022E-01  .4752E+01 -.1823E+02   .9999999  .0000965 -.0000258
T   93 19 .1518967E+11   2300018E-01 -.1024E+02 -.1433E+02   .9999999 -.0002477 -.0002650
T   94 19 .1518966E+11   2300008E-01 -.1329E+02 -.6560E+01   .9999999 -.0001636 -.0001176
T   95 19 .1519019E+11   2300006E-01 -.1294E+02 -.1404E+02   .9999999 -.0001698 -.0002639
T   96 19 .1518928E+11   2300017E-01  .3455E-01 -.1934E+00   .9999999  .0000581  .0000206
T   97 19 .1518953E+11   2300008E-01 -.4205E+01  .9574E+00   .9999999 -.0000301  .0000720
T   98 19 .1519065E+11   2300011E-01  .1777E+02 -.1573E+02   .9999999  .0002072 -.0000941
T   99 19 .1518839E+11   2300002E-01 -.1089E+02 -.6960E+01   .9999999 -.0000025 -.0000395
T  100 19 .1518972E+11   2300019E-01 -.1525E+02 -.1103E+02   .9999999 -.0001210 -.0000927
T  101 19 .1519115E+11   2300013E-01  .1204E+00 -.1204E+01   .9999999 -.0001177 -.0000822
T  102 19 .1519008E+11   2300019E-01  .1379E+02 -.8066E+01   .9999999  .0002275 -.0002815
T  103 19 .1519137E+11   2300004E-01 -.4008E+01 -.1051E+02   .9999999 -.0000601 -.0000791
T  104 19 .1519135E+11   2300021E-01 -.1101E+00  .5462E+01   .9999999 -.0000408 -.0000732
T  105 19 .1518829E+11   2300004E-01  .2633E+02  .1010E+02   .9999999  .0001293 -.0000454
T  106 19 .1518944E+11   2300022E-01  .1316E+02 -.1481E+02   .9999999  .0000744 -.0001627
T  107 19 .1519070E+11   2300009E-01 -.1018E+02 -.5234E+01   .9999999 -.0001186  .0000009
T  108 19 .1519022E+11   2300007E-01 -.7479E+01 -.2477E+01   .9999999 -.0003533 -.0000728
T  109 19 .1518999E+11   2300013E-01 -.1595E+02 -.7597E+00   .9999999 -.0002536  .0000859
T  110 19 .1518921E+11   2300018E-01  .1780E+02 -.7353E+00   .9999999  .0002643 -.0001163
T  111 19 .1519075E+11   2300015E-01 -.1560E+02 -.6299E+00   .9999999 -.0001020 -.0000622
T  112 19 .1518952E+11   2300019E-01  .3626E+01 -.5099E+01   .9999999  .0000477 -.0000760
T  113 19 .1519141E+11   2300009E-01 -.1657E+01 -.8324E+01   .9999999  .0000357 -.0000902
T  114 19 .1518988E+11   2300021E-01  .3158E+01  .1262E+02   .9999999 -.0001168  .0000656
T  115 19 .1518931E+11   2300023E-01 -.9041E+01  .2779E+01   .9999999  .0000405  .0000575
T  116 19 .1519109E+11   2300009E-01 -.5691E+01 -.7314E+01   .9999999 -.0000579 -.0001537
T  117 19 .1519239E+11   2300020E-01  .6615E+01 -.1005E+02   .9999999 -.0000135 -.0000957
T  118 19 .1518991E+11   2300021E-01  .1371E+02 -.1011E+02   .9999999  .0002670 -.0004098
T  119 19 .1518991E+11   2300003E-01  .1503E+02  .1802E+02   .9999999  .0003188  .0001841
T  120 19 .1519082E+11   2300022E-01 -.9597E+01 -.2000E+00   .9999999 -.0001382 -.0000312
T  121 19 .1519029E+11   2300014E-01 -.2366E+02 -.5425E+01   .9999999 -.0003751 -.0001777
T  122 19 .1518944E+11   2300007E-01 -.4475E+00 -.4815E+01   .9999999  .0000087 -.0000283
T  123 19 .1518952E+11   2300019E-01 -.3346E+01 -.3927E+01   .9999999 -.0001552 -.0000606
T  124 19 .1519145E+11   2300001E-01  .1520E-01 -.2137E+01   .9999999  .0000192 -.0001394
T  125 19 .1519038E+11   2300019E-01 -.1163E+02  .2505E+02   .9999999 -.0000680  .0004704
T  126 19 .1519120E+11   2300020E-01  .1276E+02  .2693E+02   .9999999  .0001640  .0003591
T  127 19 .1519050E+11   2300022E-01  .8114E+00  .2240E+02   .9999999  .0000909  .0000982
T  128 19 .1519107E+11   2300013E-01  .2480E+02 -.1599E+02   .9999999  .0001411 -.0003220
T  129 19 .1519000E+11   2300021E-01 -.8269E+01  .6138E+01   .9999999 -.0001131 -.0000509
T  130 19 .1518999E+11   2300016E-01 -.2193E+02  .1130E+02   .9999999 -.0001628  .0001017
T  131 19 .1519108E+11   2300015E-01  .9935E+00 -.2985E+01   .9999999  .0000096 -.0001800
T  132 19 .1518969E+11   2300013E-01 -.7179E+01  .2007E+00   .9999999 -.0000927  .0000274
T  133 19 .1519046E+11   2300003E-01  .8766E+01  .9354E+01   .9999999  .0001357  .0000283
T  134 19 .1519010E+11   2300018E-01 -.2248E+01  .1305E+02   .9999999 -.0000213  .0001704
T  135 19 .1519083E+11   2300000E-01  .1593E+02  .1055E+02   .9999999  .0001050  .0001706
T  136 19 .1518928E+11   2300022E-01  .1992E+02 -.6458E+01   .9999999  .0002857 -.0000884
T  137 19 .1519127E+11   2300011E-01 -.8717E+01 -.3146E+01   .9999999  .0000654 -.0002567
T  138 19 .1518829E+11   2300017E-01  .3367E+01 -.4814E+01   .9999999 -.0000439 -.0000459
T  139 19 .1519028E+11   2300009E-01 -.1081E+02  .1600E+02   .9999999 -.0002984  .0002751
T  140 19 .1519017E+11   2300015E-01  .3896E+01 -.8879E+01   .9999999  .0000932 -.0001177
T  141 19 .1519087E+11   2300005E-01  .2659E+02 -.1037E+01   .9999999  .0003361 -.0000789
T  142 19 .1518946E+11   2300007E-01  .1886E+02 -.1143E+02   .9999999  .0002743 -.0000336
T  143 19 .1519133E+11   2300020E-01  .3420E+01  .1180E+01   .9999999  .0001760  .0001093
T  144 19 .1519057E+11   2300003E-01 -.1372E+02 -.1639E+01   .9999999 -.0001436 -.0001011
T  145 19 .1518873E+11   2300015E-01 -.1282E+02 -.5457E+01   .9999999 -.0000761 -.0001185
T  146 19 .1518876E+11   2300022E-01 -.2016E+02 -.2907E+01   .9999999 -.0002660 -.0000095
T  147 19 .1519014E+11   2300009E-01  .6203E+02 -.2321E+02   .9999998  .0006297 -.0001568
T  148 19 .1519027E+11   2300023E-01 -.1067E+02  .1865E+02   .9999999 -.0001171  .0000207
T  149 19 .1518968E+11   2300014E-01  .4932E+01 -.6013E+01   .9999999  .0000605 -.0000436
T  150 19 .1519053E+11   2300001E-01 -.1307E+02  .5037E+02   .9999998 -.0002462  .0005124
T  151 19 .1518953E+11   2300009E-01 -.1594E+02  .2211E+01   .9999999 -.0002221  .0001792
T  152 19 .1518960E+11   2300020E-01 -.1011E+02  .1162E+02   .9999999 -.0001409  .0002360
T  153 19 .1519004E+11   2300013E-01  .5286E+01 -.8110E+01   .9999999  .0000598  .0000695
T  154 19 .1519084E+11   2300022E-01  .2046E+01 -.5793E+01   .9999999 -.0000277 -.0000384
T  155 19 .1519077E+11   2300005E-01  .6471E+01 -.5050E+01   .9999999  .0001979  .0000388
T  156 19 .1519001E+11   2300017E-01  .3339E+02  .7461E+01   .9999991  .0012063  .0006103
T  157 19 .1519067E+11   2300007E-01  .1897E+02  .5817E+01   .9999999  .0003827  .0002260
T  158 19 .1519086E+11   2300023E-01  .1566E+01 -.2798E+01   .9999999 -.0000450 -.0000584
T  159 19 .1518993E+11   2300015E-01  .4740E+01  .7912E+01   .9999999  .0000626  .0000900
T  160 19 .1519057E+11   2300013E-01  .3739E+01 -.7828E+01   .9999999 -.0000512 -.0000535
T  161 19 .1519074E+11   2300020E-01  .7053E+01 -.2239E+01   .9999999  .0001531  .0000633
T  162 19 .1518981E+11   2300018E-01 -.8308E+00 -.6236E+01   .9999999 -.0000190  .0000645
T  163 19 .1518921E+11   2300014E-01  .3702E+01  .9624E+01   .9999999  .0000226  .0001216
T  164 19 .1518956E+11   2300011E-01 -.1739E+02 -.1069E+02   .9999999 -.0000747 -.0000811
T  165 19 .1518853E+11   2300007E-01 -.2773E+01  .2307E+02   .9999999 -.0002264  .0001703
T  166 19 .1518903E+11   2300018E-01 -.9665E+01  .1294E+02   .9999999 -.0000908  .0001970
T  167 19 .1519074E+11   2300004E-01 -.1489E+01 -.3056E+01   .9999999 -.0001211 -.0000706
T  168 19 .1518987E+11   2300021E-01 -.5025E+01  .2402E+01   .9999999 -.0000388 -.0000152
T  169 19 .1518980E+11   2300017E-01  .5698E+01 -.5028E+01   .9999999  .0000705 -.0000437
T  170 19 .1518991E+11   2300011E-01  .1505E+02 -.2018E+01   .9999999  .0001214 -.0000642
T  171 19 .1519137E+11   2300012E-01 -.3089E+01 -.2039E+02   .9999999  .0000680 -.0000383
T  172 19 .1519110E+11   2300004E-01  .1163E+02 -.1377E+02   .9999999  .0002223 -.0001088
T  173 19 .1518929E+11   2300020E-01 -.1458E+02 -.8199E+01   .9999999 -.0001995  .0000354
T  174 19 .1518918E+11   2300019E-01 -.4697E+01 -.1529E+01   .9999999  .0000084  .0000361
T  175 19 .1518948E+11   2300014E-01 -.1111E+01  .4451E+01   .9999999 -.0001212  .0000380
T  176 19 .1519006E+11   2300010E-01 -.5888E+01 -.4319E+01   .9999999 -.0001580 -.0001957
T  177 19 .1519136E+11   2300016E-01 -.9644E+01  .4702E+01   .9999999 -.0000476  .0000121
T  178 19 .1518992E+11   2300001E-01 -.5821E+01 -.1446E+02   .9999999 -.0001230 -.0002367
T  179 19 .1519042E+11   2300012E-01 -.1364E+02 -.3670E+01   .9999999  .0000047  .0000091
T  180 19 .1518853E+11   2300022E-01  .1245E+01  .7272E+01   .9999999  .0000538  .0001545
T  181 19 .1519011E+11   2300017E-01  .6339E+01  .5711E+01   .9999999  .0000781  .0000708
T  182 19 .1519151E+11   2300010E-01  .8741E+01 -.2442E+02   .9999998  .0002860 -.0005611
T  183 19 .1519032E+11   2300007E-01 -.7675E+01 -.3764E+01   .9999999  .0000141 -.0000080
T  184 19 .1519133E+11   2300019E-01 -.5584E+01 -.5109E+01   .9999999 -.0001351 -.0001028
T  185 19 .1519047E+11   2300013E-01 -.3556E+01 -.1907E+00   .9999999 -.0001419 -.0000498
T  186 19 .1519144E+11   2300003E-01 -.7194E+01  .2556E+02   .9999999 -.0001744  .0003339
T  187 19 .1519035E+11   2300021E-01 -.3577E+01  .1648E+01   .9999999  .0000791  .0000863
T  188 19 .1518891E+11   2300020E-01 -.1240E+01  .1470E+02   .9999999 -.0000100  .0001041
T  189 19 .1519078E+11   2300019E-01  .9824E+01 -.2944E+02   .9999999  .0001130 -.0003776
T  190 19 .1518968E+11   2300019E-01  .9294E+01  .5281E+01   .9999999  .0001023  .0000482
T  191 19 .1518909E+11   2300008E-01  .1348E+02 -.6305E+01   .9999999  .0001385 -.0000850
T  192 19 .1518854E+11   2300002E-01 -.1398E+02  .2307E+02   .9999999 -.0001295  .0001933
T  193 19 .1518986E+11   2300012E-01  .7794E+01 -.8161E+00   .9999999  .0001050  .0000319
T  194 19 .1519101E+11   2300019E-01  .6156E+01 -.1492E+00   .9999999  .0001957  .0000500
T  195 19 .1518975E+11   2300019E-01  .2293E+01  .4043E+01   .9999999  .0000829  .0000919
T  196 19 .1519115E+11   2300011E-01 -.3512E+01  .5744E+01   .9999999  .0001875  .0000320
T  197 19 .1518952E+11   2300006E-01 -.2132E+02  .1617E+02   .9999999 -.0001697  .0002164
T  198 19 .1519116E+11   2300014E-01 -.4945E+01 -.2166E+01   .9999999  .0000110  .0000665
T  199 19 .1519080E+11   2300005E-01  .5196E+01  .7702E+01   .9999999  .0000114  .0001110
T  200 19 .1518902E+11   2300015E-01  .4833E+01 -.1553E+02   .9999999  .0000545 -.0001876
T  201 19 .1519013E+11   2300012E-01  .2602E+02 -.1081E+02   .9999999  .0003463 -.0000036
T  202 19 .1518977E+11   2300009E-01  .2196E+02 -.2577E+02   .9999999  .0003182 -.0003673
T  203 19 .1518908E+11   2300015E-01  .7803E+01  .1043E+02   .9999999  .0000402  .0002582
T  204 19 .1519151E+11   2300011E-01  .4090E+01  .3198E+01   .9999999  .0001583 -.0000151
T  205 19 .1519000E+11   2300006E-01 -.3390E+02  .4599E+01   .9999999 -.0004139  .0001842
T  206 19 .1519062E+11   2300014E-01  .1627E+01 -.5898E+01   .9999999  .0002969  .0001027
T  207 19 .1518943E+11   2300005E-01 -.1189E+02  .8167E+01   .9999999 -.0000570  .0000955
T  208 19 .1519032E+11   2300020E-01 -.8980E+01  .1900E+02   .9999999  .0001872  .0002887
T  209 19 .1519025E+11   2300016E-01  .3930E+01 -.1664E+02   .9999999 -.0001405 -.0000610
T  210 19 .1519110E+11   2300019E-01 -.1027E+01 -.4409E+01   .9999999 -.0001658 -.0000164
T  211 19 .1518964E+11   2300014E-01 -.4038E+01  .5680E+00   .9999999 -.0000211  .0000851
T  212 19 .1518989E+11   2300005E-01 -.3215E+01  .3698E+01   .9999999 -.0000461  .0000852
T  213 19 .1519041E+11   2300012E-01 -.3562E-01 -.7903E+01   .9999999  .0000844 -.0000419
T  214 19 .1519070E+11   2300000E-01  .5857E+01  .3085E+00   .9999999 -.0000296 -.0000157
T  215 19 .1518834E+11   2300011E-01 -.1091E+02 -.2560E+01   .9999999 -.0001914 -.0001132
T  216 19 .1518961E+11   2300013E-01 -.7133E+01 -.8389E+01   .9999999 -.0002186 -.0001716
T  217 19 .1519025E+11   2300014E-01  .7006E+01  .1060E+02   .9999999 -.0000510  .0002950
T  218 19 .1518969E+11   2300023E-01 -.2113E+01 -.1885E+01   .9999999  .0000488 -.0001159
T  219 19 .1518971E+11   2300018E-01  .1067E+02  .8056E+01   .9999999  .0002777 -.0001497
T  220 19 .1518985E+11   2300009E-01 -.9945E+01 -.7443E+01   .9999999 -.0000194  .0000359
T  221 19 .1518927E+11   2300021E-01  .4307E+01  .7567E+01   .9999999  .0000745 -.0000239
T  222 19 .1519074E+11   2300022E-01  .8431E+00  .4982E+01   .9999999 -.0000262  .0000716
T  223 19 .1519042E+11   2300007E-01  .1464E+02 -.1288E+02   .9999999  .0002086 -.0001966
T  224 19 .1518928E+11   2300023E-01 -.2000E+01 -.1937E+02   .9999999 -.0000096 -.0001471
T  225 19 .1519156E+11   2300009E-01  .1631E+02 -.2658E+00   .9999999  .0000140 -.0001160
T  226 19 .1519084E+11   2300023E-01  .5937E+02 -.1208E+02   .9999999  .0001202  .0000104
T  227 19 .1519080E+11   2300002E-01 -.1567E+02  .1675E+01   .9999999 -.0003877  .0000178
T  228 19 .1519105E+11   2300014E-01  .1279E+01 -.5298E+01   .9999999 -.0000337  .0000278
T  229 19 .1518961E+11   2300019E-01 -.4222E+00  .6289E+01   .9999999  .0002805 -.0000377
T  230 19 .1518909E+11   2300011E-01 -.1097E+01  .2152E+02   .9999999 -.0000811  .0002330
T  231 19 .1519012E+11   2300014E-01 -.1797E+02 -.9383E+01   .9999999 -.0001046 -.0000249
T  232 19 .1519100E+11   2300004E-01 -.2001E+01 -.1110E+02   .9999999 -.0002477 -.0000355
T  233 19 .1518959E+11   2300004E-01  .1554E+02 -.2484E+02   .9999999 -.0000150 -.0000280
T  234 19 .1518962E+11   2300004E-01 -.2788E+01 -.1095E+02   .9999999  .0000165 -.0000326
T  235 19 .1519001E+11   2300012E-01  .6860E+01 -.8759E+01   .9999999  .0000502 -.0001769
T  236 19 .1518918E+11   2300023E-01 -.1565E+02  .1609E+02   .9999999 -.0000693  .0002465
T  237 19 .1518922E+11   2300011E-01 -.2019E+02 -.7783E+01   .9999999 -.0002328 -.0000353
T  238 19 .1518965E+11   2300011E-01 -.1647E+01 -.3569E+00   .9999999 -.0001068  .0001059
T  239 19 .1518947E+11   2300008E-01 -.5210E+02 -.2143E+02   .9999997 -.0006579 -.0003620
T  240 19 .1518978E+11   2300011E-01  .1575E+02 -.1933E+01   .9999999  .0004021 -.0002145
T  241 19 .1519049E+11   2300003E-01 -.7381E+01 -.1537E+02   .9999999 -.0002392 -.0000516
T  242 19 .1519002E+11   2300006E-01 -.7085E+01  .2075E+02   .9999999  .0002271  .0004001
T  243 19 .1519031E+11   2300019E-01  .1677E+02  .3586E+02   .9999999  .0002629  .0002454
T  244 19 .1518968E+11   2300015E-01 -.9613E+01  .1626E+01   .9999999 -.0001813  .0001432
T  245 19 .1518899E+11   2300022E-01 -.4943E+02  .5359E+02   .9999998 -.0004595  .0004125
T  246 19 .1519034E+11   2300000E-01  .4818E+00 -.1025E+02   .9999999  .0000017 -.0002338
T  247 19 .1519092E+11   2300009E-01 -.1405E+00  .2262E+01   .9999999  .0000461  .0000101
T  248 19 .1518971E+11   2300020E-01  .1280E+02  .4803E+00   .9999999  .0000480 -.0000799
T  249 19 .1519066E+11   2300019E-01 -.1199E+02 -.1193E+02   .9999999 -.0001965 -.0000598
T  250 19 .1518869E+11   2300012E-01  .6417E+01  .9287E+01   .9999999  .0001901  .0002301
T  251 19 .1518984E+11   2300015E-01  .7507E+01  .3979E+01   .9999999  .0001463 -.0000236
T  252 19 .1519206E+11   2300009E-01 -.1474E+02  .5334E+01   .9999999 -.0002680  .0001654
T  253 19 .1519007E+11   2300014E-01 -.2976E+00 -.1009E+02   .9999999  .0000005 -.0000336
T  254 19 .1518730E+11   2300021E-01 -.8776E+01  .2209E+02   .9999999 -.0001078  .0000723
T  255 19 .1518871E+11   2300001E-01 -.4034E+01 -.6218E+01   .9999999 -.0001388  .0000208
T  256 19 .1518993E+11   2300015E-01 -.3082E+01 -.1911E+02   .9999999 -.0000053 -.0001222
T  257 19 .1518917E+11   2300019E-01 -.6108E+01 -.5373E+01   .9999999 -.0001368 -.0000474
T  258 19 .1519052E+11   2300001E-01 -.1001E+02 -.7595E+01   .9999999 -.0001282 -.0000860
T  259 19 .1519052E+11   2300010E-01 -.7566E+01 -.9312E+01   .9999999 -.0001784 -.0002073
T  260 19 .1518899E+11   2300010E-01  .8887E+00  .9436E+01   .9999999  .0000280  .0002048
T  261 19 .1518981E+11   2300001E-01 -.3906E-01  .1170E+02   .9999999  .0000199  .0001551
T  262 19 .1518911E+11   2300009E-01  .8548E+01 -.7260E+01   .9999999  .0002279 -.0001182
T  263 19 .1518998E+11   2300009E-01 -.8078E+00 -.1086E+02   .9999999 -.0000085 -.0001384
T  264 19 .1518976E+11   2300021E-01  .2393E+00  .6698E+00   .9999999  .0000864  .0000813
T  265 19 .1518829E+11   2300006E-01  .1812E+01  .6108E+01   .9999999 -.0000828  .0000686
T  266 19 .1519067E+11   2300009E-01 -.6422E+01 -.3583E+01   .9999999  .0000030 -.0000624
T  267 19 .1519023E+11   2300013E-01 -.1741E+01  .1250E+02   .9999999 -.0000964  .0001590
T  268 19 .1519029E+11   2300010E-01  .1094E+02  .9896E+01   .9999999  .0000219  .0000708
T  269 19 .1518966E+11   2300009E-01  .1451E+01 -.1143E+02   .9999999 -.0000165 -.0002875
T  270 19 .1519097E+11   2300001E-01 -.1087E+01 -.8751E+01   .9999999  .0000020 -.0000732
T  271 19 .1519181E+11   2300001E-01  .1141E+02 -.9245E+01   .9999999  .0001051 -.0001841
T  272 19 .1519008E+11   2300019E-01 -.8147E+01 -.8380E+01   .9999999  .0000119 -.0000653
T  273 19 .1518943E+11   2300016E-01  .6430E+01  .2857E+01   .9999999  .0001468 -.0001193
T  274 19 .1519116E+11   2300021E-01 -.8104E+01 -.3587E+01   .9999999 -.0000438 -.0000015
T  275 19 .1519100E+11   2300022E-01  .7452E+01 -.1254E+01   .9999999  .0001057  .0000364
T  276 19 .1518943E+11   2300019E-01 -.5276E+01  .1089E+02   .9999999 -.0000734  .0000176
T  277 19 .1518832E+11   2300012E-01 -.3162E+02 -.3356E+02   .9999998 -.0004453 -.0003899
T  278 19 .1518930E+11   2300021E-01 -.6380E+00  .3008E+00   .9999999  .0000813  .0000334
T  279 19 .1519099E+11   2300013E-01 -.1008E+02 -.9273E+00   .9999999 -.0001815  .0000054
T  280 19 .1519074E+11   2300016E-01  .6388E+01  .2322E+01   .9999999  .0000517  .0001085
T  281 19 .1519041E+11   2300010E-01  .1145E+01 -.8853E+01   .9999999 -.0000296 -.0001063
T  282 19 .1519006E+11   2300004E-01 -.5155E+01  .1279E+02   .9999999 -.0000019  .0003407
T  283 19 .1519035E+11   2300015E-01 -.2386E+02 -.5439E+02   .9999998 -.0001579 -.0005399
T  284 19 .1518875E+11   2300009E-01  .8232E+01  .1135E+01   .9999999  .0000757 -.0000226
T  285 19 .1518926E+11   2300002E-01  .2910E+02  .1594E+02   .9999999  .0004805  .0002435
T  286 19 .1518926E+11   2300015E-01  .3770E+01 -.2035E+02   .9999999 -.0000179 -.0001501
T  287 19 .1519109E+11   2300012E-01 -.7014E+01 -.5135E+01   .9999999 -.0000340  .0000889
T  288 19 .1518958E+11   2300016E-01  .2942E+01 -.1400E+01   .9999999  .0001203 -.0000625
T  289 19 .1518923E+11   2300022E-01  .7145E+01 -.1877E+01   .9999999  .0000947 -.0000456
T  290 19 .1518906E+11   2300000E-01 -.8582E+01 -.2265E+02   .9999999 -.0000765 -.0002828
T  291 19 .1519092E+11   2300019E-01  .2516E+00  .5700E+01   .9999999 -.0000276  .0001018
T  292 19 .1518931E+11   2300009E-01  .1764E+01  .1759E+01   .9999999  .0000838 -.0002559
T  293 19 .1519018E+11   2300004E-01  .1003E+02  .7907E+01   .9999999  .0001399  .0001089
T  294 19 .1518940E+11   2300002E-01  .3638E+01 -.1021E+02   .9999999 -.0001323 -.0001198
T  295 19 .1518902E+11   2300020E-01  .3293E+02 -.2000E+02   .9999999  .0002518 -.0001692
T  296 19 .1519028E+11   2300014E-01  .1127E+02 -.2188E+01   .9999999  .0001389 -.0000177
T  297 19 .1519004E+11   2300012E-01 -.1565E+02  .1068E+02   .9999999 -.0001612  .0000043
T  298 19 .1518967E+11   2300001E-01 -.3803E+01 -.1501E+02   .9999999 -.0002560 -.0002416
T  299 19 .1519016E+11   2300017E-01  .1115E+02  .1650E+02   .9999999  .0001052  .0001431
T  300 19 .1518945E+11   2300010E-01  .1982E+02  .4549E+01   .9999999  .0001323  .0001057
T  301 19 .1519097E+11   2300010E-01  .8845E+01  .8140E+01   .9999999  .0002767  .0001742
T  302 19 .1518933E+11   2300001E-01  .1013E+02  .1177E+02   .9999999  .0001786  .0001784
T  303 19 .1518981E+11   2300002E-01  .7132E+01 -.1744E+02   .9999999  .0001686 -.0002808
T  304 19 .1518958E+11   2300014E-01 -.1050E+02  .2715E+01   .9999999 -.0000926  .0000406
T  305 19 .1519092E+11   2300001E-01 -.4139E+01  .5805E+01   .9999999 -.0000986  .0000232
T  306 19 .1519005E+11   2300004E-01 -.2293E+00 -.1043E+02   .9999999 -.0001260 -.0000515
T  307 19 .1518929E+11   2300019E-01 -.3604E+01 -.2706E+01   .9999999 -.0000373  .0000482
T  308 19 .1519029E+11   2300017E-01  .6173E+01 -.1738E+02   .9999999  .0001446 -.0003783
T  309 19 .1518862E+11   2300003E-01 -.5306E+01 -.4204E+01   .9999999  .0000847  .0000150
T  310 19 .1518979E+11   2300008E-01 -.8435E+01 -.5180E+01   .9999999 -.0000340 -.0000092
T  311 19 .1518878E+11   2300019E-01  .8293E+01  .6961E+01   .9999999  .0001405  .0000701
T  312 19 .1519157E+11   2300022E-01 -.2650E+01 -.8846E+01   .9999999 -.0000310 -.0000968
T  313 19 .1518938E+11   2300017E-01  .3751E+01 -.3227E+01   .9999999  .0001483  .0000637
T  314 19 .1519045E+11   2300004E-01  .4705E+01 -.2517E+01   .9999999 -.0000671 -.0002212
T  315 19 .1519081E+11   2300017E-01  .1632E+02 -.8722E+01   .9999999  .0001270 -.0001752
T  316 19 .1519128E+11   2300007E-01  .2469E+02 -.1173E+02   .9999999  .0002665 -.0002740
T  317 19 .1519043E+11   2300023E-01  .6439E+01  .8591E+01   .9999999  .0000600  .0003091
T  318 19 .1519068E+11   2300015E-01 -.1658E+02  .2816E+01   .9999999 -.0003668  .0001162
T  319 19 .1518988E+11   2300022E-01  .2573E+02 -.6513E+01   .9999998  .0006038 -.0001780
T  320 19 .1518868E+11   2300004E-01  .4590E+00  .1412E+02   .9999999 -.0000462  .0001341
T  321 19 .1519040E+11   2300011E-01  .1542E+02 -.1391E+02   .9999999  .0001878 -.0000101
T  322 19 .1519111E+11   2300016E-01 -.2542E+00 -.4587E+01   .9999999  .0000151 -.0000280
T  323 19 .1518993E+11   2300003E-01  .5119E+01 -.4597E+01   .9999999 -.0000093 -.0001092
T  324 19 .1518963E+11   2300006E-01  .1294E+02 -.2012E+01   .9999999  .0001300  .0000616
T  325 19 .1519031E+11   2300010E-01 -.1463E+00  .1014E+02   .9999999  .0000626  .0002882
T  326 19 .1518936E+11   2300009E-01 -.4377E+01 -.6055E+00   .9999999 -.0001740 -.0000276
T  327 19 .1518916E+11   2300016E-01 -.1001E+02 -.1406E+02   .9999999 -.0001979 -.0001384
T  328 19 .1519103E+11   2300014E-01  .4788E+01  .1777E+01   .9999999 -.0000825 -.0000590
T  329 19 .1519002E+11   2300000E-01  .2894E+01  .1876E+02   .9999999  .0001504  .0003305
T  330 19 .1518970E+11   2300014E-01 -.1671E+02 -.2631E+01   .9999999 -.0000803  .0000014
T  331 19 .1518927E+11   2300010E-01 -.5622E+01  .3280E+01   .9999999 -.0001511  .0000009
T  332 19 .1519091E+11   2300010E-01 -.2776E+01 -.1761E+02   .9999999  .0000750 -.0000337
T  333 19 .1518944E+11   2300020E-01 -.2913E+01  .7746E+01   .9999999 -.0000763  .0002693
T  334 19 .1519055E+11   2300002E-01  .1553E+02 -.1385E+01   .9999999  .0000733  .0000079
T  335 19 .1518991E+11   2300009E-01 -.1299E+02  .1730E+02   .9999999 -.0000494  .0000630
T  336 19 .1518974E+11   2300010E-01 -.2535E+02 -.3318E+01   .9999999 -.0003575 -.0000939
T  337 19 .1518973E+11   2300004E-01 -.2543E+02  .1656E+01   .9999999 -.0002306 -.0000226
T  338 19 .1519169E+11   2300008E-01 -.1276E+02  .2750E+01   .9999999 -.0002771  .0000957
T  339 19 .1519068E+11   2300016E-01  .1865E+02  .1215E+02   .9999999  .0000742  .0000517
T  340 19 .1518882E+11   2300022E-01 -.1052E+02 -.9399E+01   .9999999  .0000449 -.0001186
T  341 19 .1519098E+11   2300018E-01 -.5806E+01 -.5057E+01   .9999999 -.0001733 -.0001719
T  342 19 .1518886E+11   2300000E-01 -.2462E+01  .2938E+01   .9999999 -.0000216 -.0001167
T  343 19 .1518981E+11   2300007E-01  .8947E+01  .2315E+01   .9999999  .0000036 -.0000189
T  344 19 .1519059E+11   2300017E-01 -.2389E+02 -.2526E+01   .9999999 -.0002338  .0000505
T  345 19 .1519132E+11   2300018E-01  .1280E+02 -.1313E+02   .9999999  .0000264 -.0000474
T  346 19 .1519108E+11   2300020E-01 -.1937E+02 -.4251E+01   .9999998 -.0002597  .0005228
T  347 19 .1518919E+11   2300010E-01  .6614E+01 -.1585E+02   .9999999 -.0000323 -.0002469
T  348 19 .1519175E+11   2300020E-01  .8345E+01  .3586E+01   .9999999  .0000965  .0001012
T  349 19 .1519059E+11   2300003E-01 -.6641E+01 -.1089E+02   .9999999  .0001416 -.0001609
T  350 19 .1518887E+11   2300015E-01 -.6946E+01 -.7275E+01   .9999999  .0000024 -.0000427
T  351 19 .1518840E+11   2300009E-01  .4827E+01  .7122E+01   .9999999  .0000906  .0001117
T  352 19 .1519027E+11   2300010E-01  .5398E+01 -.1882E+02   .9999999  .0000217 -.0000757
T  353 19 .1519067E+11   2300001E-01 -.1332E+02  .2192E+02   .9999999 -.0001519  .0002707
T  354 19 .1518938E+11   2300010E-01  .6103E+01 -.1287E+02   .9999999  .0000912 -.0001335
T  355 19 .1519012E+11   2300002E-01  .5001E+01 -.1288E+02   .9999999  .0001967 -.0001030
T  356 19 .1518915E+11   2300009E-01  .9043E+01  .9361E+01   .9999999  .0002396  .0000856
T  357 19 .1518939E+11   2300019E-01  .6226E+01 -.8091E+01   .9999999  .0000467  .0001269
T  358 19 .1518888E+11   2300009E-01 -.1606E+02 -.1215E+01   .9999999 -.0002747 -.0000340
T  359 19 .1518934E+11   2300018E-01 -.6384E+01 -.4636E+01   .9999999  .0000082 -.0001479
T  360 19 .1519094E+11   2300007E-01 -.3956E+01 -.1321E+02   .9999999 -.0000111 -.0000865
T  361 19 .1519050E+11   2300004E-01  .1194E+02  .1455E+01   .9999999  .0001780 -.0000481
T  362 19 .1519011E+11   2300010E-01  .3858E+01  .4491E+01   .9999999  .0001796 -.0000285
T  363 19 .1518951E+11   2300018E-01  .1551E+02 -.2504E+02   .9999999  .0002823 -.0004230
T  364 19 .1518944E+11   2300004E-01  .2536E+02  .3094E+02   .9999999  .0000833  .0003156
T  365 19 .1518995E+11   2300014E-01  .2673E+02  .4271E+02   .9999999  .0001556  .0000833
T  366 19 .1519015E+11   2300021E-01  .6125E+01  .3035E+01   .9999999  .0000754  .0000750
T  367 19 .1518985E+11   2300018E-01 -.1026E+01 -.2345E+02   .9999999  .0001257 -.0002396
T  368 19 .1519052E+11   2300013E-01  .7168E+01  .2662E+01   .9999999  .0000211  .0000958
T  369 19 .1519062E+11   2300012E-01  .1743E+02 -.4342E+01   .9999999  .0002890  .0000873
T  370 19 .1519179E+11   2300011E-01 -.3322E+01 -.8569E+01   .9999999  .0000207 -.0002398
T  371 19 .1518950E+11   2300004E-01  .5208E+01  .5303E+01   .9999999  .0000742  .0000985
T  372 19 .1518869E+11   2300017E-01  .7940E+01 -.8548E+01   .9999999  .0002014 -.0000335
T  373 19 .1519010E+11   2300014E-01  .1296E+02  .4016E+01   .9999999  .0001429  .0000063
T  374 19 .1519043E+11   2300005E-01  .1740E+02 -.1045E+02   .9999999  .0001840 -.0000751
T  375 19 .1519024E+11   2300007E-01 -.8547E+01  .6612E+01   .9999999 -.0001676  .0001249
T  376 19 .1518965E+11   2300008E-01  .8781E+01  .1024E+02   .9999999  .0001119  .0001576
T  377 19 .1518968E+11   2300017E-01  .1641E+02  .1036E+02   .9999999  .0001545  .0001142
T  378 19 .1518968E+11   2300013E-01 -.1555E+03  .1561E+03   .9999975 -.0015259  .0016084
T  379 19 .1519007E+11   2300021E-01  .1042E+02 -.9245E+01   .9999999  .0001162 -.0001197
T  380 19 .1518971E+11   2300012E-01 -.6351E+00  .1465E+02   .9999999 -.0000253  .0001442
T  381 19 .1519058E+11   2300000E-01  .1241E+02 -.2530E+01   .9999999  .0001583 -.0000239
T  382 19 .1519077E+11   2300017E-01  .2487E+01 -.1460E+02   .9999999  .0000114 -.0001991
T  383 19 .1519050E+11   2300011E-01 -.6480E+00  .7196E+01   .9999999 -.0000408  .0000960
T  384 19 .1519002E+11   2300022E-01  .1036E+02 -.1176E+02   .9999999  .0001187 -.0001399
T  385 19 .1519080E+11   2300015E-01  .1293E+02  .1755E+02   .9999999  .0000381  .0003435
T  386 19 .1518944E+11   2300019E-01  .2831E+02  .3478E+01   .9999999  .0003465 -.0001959
T  387 19 .1518907E+11   2300005E-01 -.3112E+00  .9703E+01   .9999999 -.0000367  .0001566
T  388 19 .1518971E+11   2300016E-01 -.1554E+02  .1132E+02   .9999999 -.0000495  .0000655
T  389 19 .1519085E+11   2300019E-01 -.1176E+00 -.9903E+01   .9999999 -.0000746 -.0000410
T  390 19 .1518930E+11   2300011E-01  .3245E+01 -.8628E+01   .9999996  .0003764  .0008275
T  391 19 .1518986E+11   2300007E-01 -.2555E+02 -.1693E+02   .9999999 -.0002197 -.0000706
T  392 19 .1518853E+11   2300008E-01  .2030E+02 -.6160E+01   .9999999  .0001873 -.0001983
T  393 19 .1519034E+11   2300023E-01  .4595E+02  .3158E+02   .9999999  .0004572  .0002020
T  394 19 .1519098E+11   2300010E-01  .3625E+01 -.7938E+01   .9999999  .0000715 -.0001288
T  395 19 .1519000E+11   2300010E-01 -.1547E+01  .6665E+01   .9999999 -.0000753  .0000605
T  396 19 .1518965E+11   2300016E-01  .3871E+01  .1415E+02   .9999999  .0001031  .0000877
T  397 19 .1519108E+11   2300008E-01 -.1564E+02  .1345E+02   .9999999 -.0003206  .0002341
T  398 19 .1518885E+11   2300021E-01  .8075E+01  .1408E+02   .9999999  .0000526  .0001626
T  399 19 .1519130E+11   2300011E-01  .6689E+01  .9737E+01   .9999999 -.0001339  .0002011
T  400 19 .1518916E+11   2300011E-01  .5142E+01 -.1224E+02   .9999999  .0002162 -.0000862
T  401 19 .1518993E+11   2300016E-01 -.4496E+01 -.5836E+01   .9999999 -.0002678  .0000237
T  402 19 .1519091E+11   2300022E-01 -.8637E+01 -.1089E+02   .9999999 -.0000201 -.0001763
T  403 19 .1518909E+11   2300020E-01 -.7502E+01 -.8946E+01   .9999999 -.0000321 -.0001565
T  404 19 .1518978E+11   2300012E-01  .2105E+02  .5438E+01   .9999999  .0002629  .0000735
T  405 19 .1519054E+11   2300020E-01 -.1300E+02 -.1095E-01   .9999999 -.0001508  .0000206
T  406 19 .1518918E+11   2300007E-01  .2161E+01  .9603E-01   .9999999  .0000945 -.0000105
T  407 19 .1519011E+11   2300013E-01 -.1176E+02 -.5756E+00   .9999999 -.0001059 -.0000602
T  408 19 .1518976E+11   2300006E-01  .7631E+01  .1177E+01   .9999999  .0001496  .0002145
T  409 19 .1519109E+11   2300001E-01  .4105E+01  .7994E+00   .9999999  .0000204  .0001221
T  410 19 .1519099E+11   2300020E-01  .4147E+01 -.1237E+02   .9999999  .0001953 -.0003130
T  411 19 .1518928E+11   2300014E-01  .8042E+01  .1028E+02   .9999999  .0001913  .0002338
T  412 19 .1519063E+11   2300012E-01 -.4550E+01  .9373E+00   .9999999 -.0000457 -.0000643
T  413 19 .1519015E+11   2300013E-01  .5933E+01 -.8406E+01   .9999999  .0000519 -.0000986
T  414 19 .1518965E+11   2300000E-01 -.5101E+01  .1822E+02   .9999999 -.0001144  .0001892
T  415 19 .1519065E+11   2300022E-01 -.1512E+01 -.1421E+02   .9999999 -.0000881 -.0002181
T  416 19 .1518989E+11   2300015E-01  .5859E+01  .4055E+01   .9999999  .0001226  .0000178
T  417 19 .1518989E+11   2300022E-01 -.7349E+01  .8145E+01   .9999999 -.0003069  .0002655
T  418 19 .1519069E+11   2300016E-01  .6897E+01  .1607E+02   .9999999  .0001669  .0001596
T  419 19 .1518993E+11   2300003E-01  .9784E+00 -.6675E+01   .9999999  .0000277 -.0000222
T  420 19 .1519081E+11   2300000E-01  .1324E+02  .3095E+01   .9999999  .0001455  .0000304
T  421 19 .1518989E+11   2300003E-01 -.6019E+01 -.1030E+02   .9999999 -.0000462 -.0001055
T  422 19 .1519207E+11   2300022E-01  .1233E+02  .1459E+02   .9999999 -.0001045  .0002241
T  423 19 .1519099E+11   2300016E-01  .7944E+01 -.9655E+01   .9999999  .0001070 -.0000987
T  424 19 .1518956E+11   2300018E-01 -.2456E+01 -.5655E+01   .9999999 -.0000626 -.0000409
T  425 19 .1519062E+11   2300013E-01  .2823E+02 -.1648E+02   .9999999  .0004044 -.0001898
T  426 19 .1519005E+11   2300011E-01 -.1310E+02 -.1693E+02   .9999999 -.0001995 -.0002691
T  427 19 .1519053E+11   2300021E-01 -.1567E+02 -.1929E+02   .9999999 -.0001807 -.0004368
T  428 19 .1518979E+11   2300001E-01 -.3355E+02 -.1539E+02   .9999999 -.0003702 -.0003720
T  429 19 .1519063E+11   2300011E-01 -.6315E+00 -.5050E+01   .9999999  .0000197 -.0001637
T  430 19 .1518905E+11   2300022E-01  .7903E+01  .6268E+01   .9999999  .0000224  .0000151
T  431 19 .1518932E+11   2300022E-01  .1477E+01  .2353E+02   .9999999 -.0000408  .0002519
T  432 19 .1519091E+11   2300013E-01 -.1813E+02 -.8881E+01   .9999999 -.0001868 -.0000341
T  433 19 .1519120E+11   2300009E-01 -.1389E+02  .1528E+02   .9999999 -.0001672  .0003466
T  434 19 .1518998E+11   2300006E-01 -.5262E+01  .2585E+01   .9999999 -.0000354 -.0000315
T  435 19 .1518910E+11   2300015E-01 -.3649E+01  .6066E+01   .9999999  .0000248 -.0000445
T  436 19 .1519013E+11   2300006E-01 -.5673E+01  .3720E+01   .9999999 -.0002293  .0001970
T  437 19 .1518903E+11   2300018E-01  .9500E+01 -.2578E+01   .9999999  .0001126 -.0000756
T  438 19 .1518986E+11   2300018E-01  .2920E+01 -.1231E+02   .9999999  .0000814 -.0000995
T  439 19 .1518961E+11   2300007E-01 -.4242E+01  .1648E+02   .9999999  .0000443  .0001650
T  440 19 .1518999E+11   2300018E-01 -.3784E+01 -.4784E+01   .9999999 -.0001243 -.0001223
T  441 19 .1518925E+11   2300014E-01 -.1076E+01  .1906E+02   .9999999  .0000734  .0003196
T  442 19 .1519066E+11   2300008E-01 -.2979E+01  .6929E+01   .9999999 -.0000230  .0000964
T  443 19 .1518915E+11   2300020E-01 -.1169E+02  .1042E+02   .9999999 -.0000989  .0001589
T  444 19 .1518975E+11   2300011E-01  .2297E+01  .4069E+01   .9999999  .0000073  .0000934
T  445 19 .1519005E+11   2300008E-01 -.5972E+00 -.1418E+02   .9999999 -.0000591 -.0002523
T  446 19 .1518989E+11   2300016E-01  .7750E+01  .1135E+01   .9999999  .0001436 -.0000116
T  447 19 .1519057E+11   2300020E-01  .3427E+01  .1218E+02   .9999999 -.0000292  .0000902
T  448 19 .1519122E+11   2300006E-01  .1192E+02  .1072E+02   .9999999  .0001589  .0001405
T  449 19 .1518996E+11   2300000E-01 -.3839E+01  .7278E+01   .9999999 -.0001488 -.0000299
T  450 19 .1519040E+11   2300019E-01 -.8800E+01 -.4354E+01   .9999999 -.0002392 -.0000606
T  451 19 .1519041E+11   2300002E-01 -.1610E+02 -.7784E+01   .9999999 -.0002649 -.0000461
T  452 19 .1519082E+11   2300021E-01 -.6418E+01 -.9108E-01   .9999999 -.0001141 -.0000279
T  453 19 .1519237E+11   2300020E-01 -.6339E+01  .1920E+01   .9999999 -.0000641 -.0000669
T  454 19 .1518769E+11   2300021E-01  .6454E+01 -.2874E+01   .9999999  .0002758 -.0000610
T  455 19 .1518913E+11   2300000E-01  .1004E+01 -.1493E+02   .9999999  .0000372 -.0001143
T  456 19 .1518895E+11   2300015E-01 -.8256E+01 -.1063E+02   .9999999  .0001062 -.0001828
T  457 19 .1518998E+11   2300021E-01 -.1260E+02 -.1154E+02   .9999999 -.0001871 -.0001370
T  458 19 .1518877E+11   2300015E-01  .4601E+01 -.5622E+01   .9999999  .0001542 -.0000626
T  459 19 .1518843E+11   2300010E-01 -.4687E+01  .3135E+01   .9999999 -.0001135  .0001259
T  460 19 .1519178E+11   2300013E-01 -.1378E+01  .6414E+00   .9999999 -.0000448  .0000130
T  461 19 .1518877E+11   2300017E-01 -.1546E+02 -.8567E+01   .9999999 -.0001977 -.0002019
T  462 19 .1518983E+11   2300004E-01 -.2363E+02 -.7942E+01   .9999999 -.0001725  .0000618
T  463 19 .1519155E+11   2300013E-01 -.9545E+01  .1108E+02   .9999999  .0000983  .0002029
T  464 19 .1518991E+11   2300009E-01  .2594E+01  .1518E+02   .9999999 -.0000314  .0002067
T  465 19 .1518952E+11   2300006E-01 -.2380E+01  .5142E+01   .9999999 -.0001155  .0000221
T  466 19 .1518797E+11   2300018E-01 -.7709E+01  .9294E+01   .9999999 -.0000752  .0001106
T  467 19 .1518993E+11   2300007E-01 -.5089E+01 -.1674E+02   .9999999 -.0000938 -.0002177
T  468 19 .1519040E+11   2300023E-01  .2103E+02 -.9594E+01   .9999999  .0001883 -.0001582
T  469 19 .1519005E+11   2300020E-01  .3783E+01 -.2847E+00   .9999999  .0001122  .0000682
T  470 19 .1519100E+11   2300019E-01 -.3159E+00 -.1247E-01   .9999999  .0001114  .0001050
T  471 19 .1519078E+11   2300015E-01  .1572E+02 -.1284E+02   .9999999  .0001680 -.0001196
T  472 19 .1518978E+11   2300021E-01  .5655E+01  .8504E+01   .9999999  .0001433  .0001746
T  473 19 .1519017E+11   2300022E-01  .1464E+02 -.2340E+02   .9999999  .0000149 -.0001309
T  474 19 .1518933E+11   2300011E-01  .2074E+02 -.8095E+01   .9999999  .0000473 -.0001225
T  475 19 .1519048E+11   2300005E-01  .1512E+02 -.1191E+02   .9999999  .0002210 -.0002399
T  476 19 .1518955E+11   2300004E-01  .8814E+01 -.9243E+01   .9999999  .0001486 -.0000167
T  477 19 .1519176E+11   2300007E-01 -.5047E+02  .2551E+02   .9999997 -.0006242  .0004654
T  478 19 .1518985E+11   2300016E-01 -.9683E+01 -.1354E+01   .9999999 -.0000438 -.0000026
T  479 19 .1519064E+11   2300002E-01 -.1341E+01 -.3492E+01   .9999999 -.0000397 -.0000273
T  480 19 .1518907E+11   2300000E-01 -.2573E+02  .1554E+02   .9999999 -.0002953  .0000747
T  481 19 .1518973E+11   2300011E-01 -.4180E+01  .4262E+00   .9999999  .0001558  .0000754
T  482 19 .1519049E+11   2300011E-01 -.6925E+00 -.2197E+02   .9999999  .0000665 -.0001508
T  483 19 .1519092E+11   2300015E-01 -.1675E+02  .2714E+02   .9999999 -.0002742  .0003526
T  484 19 .1518966E+11   2300002E-01 -.8696E+01 -.2389E+02   .9999999 -.0000878 -.0001929
T  485 19 .1519005E+11   2300001E-01 -.8861E+01  .5480E+01   .9999999 -.0000180  .0000681
T  486 19 .1519090E+11   2300000E-01  .9899E+01 -.1452E+02   .9999999  .0001764 -.0005115
T  487 19 .1519081E+11   2300000E-01 -.7659E+01  .4144E+01   .9999999 -.0001671 -.0000922
T  488 19 .1519060E+11   2300018E-01  .1973E+02 -.3090E+01   .9999999  .0002981 -.0000896
T  489 19 .1518974E+11   2300018E-01  .1648E+02 -.7015E+00   .9999999  .0002267 -.0000417
T  490 19 .1519124E+11   2300021E-01 -.5282E+00 -.1086E+02   .9999999 -.0001102 -.0001864
T  491 19 .1519043E+11   2300001E-01 -.1129E+02  .3217E+01   .9999999 -.0000260 -.0000843
T  492 19 .1518894E+11   2300018E-01 -.1025E-01  .4115E+01   .9999997  .0006320 -.0003208
T  493 19 .1518931E+11   2300011E-01  .2303E+02 -.4010E+00   .9999999  .0001891  .0001220
T  494 19 .1519011E+11   2300011E-01  .1457E+02 -.2518E+02   .9999999  .0002885 -.0003825
T  495 19 .1519053E+11   2300007E-01 -.2971E+01 -.1033E+02   .9999999 -.0000646 -.0001495
T  496 19 .1518951E+11   2300011E-01 -.1561E+02  .1662E+02   .9999999 -.0002749  .0002542
T  497 19 .1518983E+11   2300013E-01 -.9958E+01 -.1443E+02   .9999999 -.0002205 -.0001909
T  498 19 .1519022E+11   2300010E-01  .3800E+01  .1110E+01   .9999999 -.0000009 -.0000642
T  499 19 .1518992E+11   2300014E-01 -.9895E+01  .4511E+01   .9999999  .0000624 -.0000015
T  500 19 .1519149E+11   2300005E-01  .5677E+01 -.4736E+01   .9999999  .0000909  .0000547
T  501 19 .1519063E+11   2300020E-01 -.5030E+01  .1096E+02   .9999999  .0000592  .0004948
T  502 19 .1519082E+11   2300018E-01 -.2618E+01  .1600E+02   .9999999 -.0000204  .0001228
T  503 19 .1519031E+11   2300021E-01  .1233E+02 -.2495E+01   .9999999  .0001407  .0000160
T  504 19 .1518876E+11   2300008E-01 -.5853E+01 -.6081E+01   .9999999 -.0002136 -.0000556
T  505 19 .1519010E+11   2300021E-01 -.1186E+02  .1260E+02   .9999999 -.0000239  .0000291
T  506 19 .1519059E+11   2300011E-01 -.4081E+01 -.1284E+02   .9999999  .0001304 -.0000929
T  507 19 .1518950E+11   2300017E-01  .3001E+01  .1517E+02   .9999999 -.0000503  .0001285
T  508 19 .1519153E+11   2300010E-01 -.6856E+01  .4818E+01   .9999999 -.0001125  .0000197
T  509 19 .1518997E+11   2300020E-01  .2692E+01 -.1310E+01   .9999999 -.0000102  .0000027
T  510 19 .1519148E+11   2300021E-01 -.1958E+00  .1240E+02   .9999999 -.0001907  .0004389
T  511 19 .1519045E+11   2300017E-01  .8338E+00  .1296E+01   .9999999 -.0000731  .0000933
T  512 19 .1519137E+11   2300019E-01  .7406E+01 -.7150E+01   .9999999  .0001118 -.0001198
T  513 19 .1519006E+11   2300018E-01  .1192E+02  .1021E+02   .9999999  .0001442  .0001386
T  514 19 .1519017E+11   2300014E-01  .1050E+02 -.1213E+02   .9999999  .0000264 -.0001580
T  515 19 .1519070E+11   2300003E-01 -.6625E+01  .1275E+02   .9999999 -.0000863  .0001628
T  516 19 .1518834E+11   2300018E-01 -.6120E+01  .6947E+01   .9999999 -.0001404  .0000948
T  517 19 .1518991E+11   2300009E-01 -.1355E+01 -.3399E+00   .9999999  .0000290 -.0000497
T  518 19 .1519025E+11   2300017E-01 -.2469E+01  .2830E+02   .9999998  .0000442  .0005685
T  519 19 .1518969E+11   2300013E-01 -.7953E+01  .1562E+01   .9999999 -.0001053  .0000191
T  520 19 .1519032E+11   2300021E-01 -.7498E+01  .6391E+01   .9999999 -.0000826  .0001239
T  521 19 .1519013E+11   2300012E-01  .1494E+02  .5831E+01   .9999999  .0001743  .0001020
T  522 19 .1518995E+11   2300007E-01  .6277E+01 -.5122E+01   .9999999  .0000044 -.0000938
T  523 19 .1519052E+11   2300019E-01  .1043E+02  .8386E+01   .9999999  .0001140  .0000761
T  524 19 .1518910E+11   2300014E-01  .1340E+01 -.2670E+01   .9999999  .0000458 -.0000878
T  525 19 .1518983E+11   2300019E-01  .1149E+02 -.9164E+01   .9999999  .0000520 -.0001734
T  526 19 .1519086E+11   2300007E-01 -.1868E+02  .4537E+01   .9999999 -.0004834 -.0000443
T  527 19 .1518991E+11   2300004E-01 -.8147E+01 -.6589E+01   .9999999 -.0001060 -.0001439
T  528 19 .1519077E+11   2300004E-01 -.1880E-01  .1501E+02   .9999999 -.0000327  .0000566
T  529 19 .1518939E+11   2300006E-01  .7888E+01  .3006E+01   .9999999  .0000304  .0001561
T  530 19 .1519065E+11   2300012E-01 -.1225E+01  .1215E+01   .9999999 -.0000560 -.0000579
T  531 19 .1519219E+11   2300016E-01 -.1065E+01  .7431E+01   .9999999 -.0000553  .0000980
T  532 19 .1519221E+11   2300011E-01 -.8826E+00 -.5549E+01   .9999999  .0000827  .0000480
T  533 19 .1519046E+11   2300011E-01 -.1902E+02  .6244E+01   .9999999 -.0002145  .0001017
T  534 19 .1519034E+11   2300017E-01 -.1158E+02 -.8447E+01   .9999998 -.0003618 -.0004276
T  535 19 .1519104E+11   2300003E-01  .5926E+01  .1084E+02   .9999999  .0000394  .0000915
T  536 19 .1518969E+11   2300006E-01 -.7363E+01 -.5321E+00   .9999999 -.0000657  .0001181
T  537 19 .1518892E+11   2300015E-01  .6180E+01 -.1721E+02   .9999999  .0001040 -.0001433
T  538 19 .1519072E+11   2300004E-01  .6142E+01 -.1440E+01   .9999999  .0001182 -.0000492
T  539 19 .1518917E+11   2300019E-01 -.1711E+01 -.8483E+00   .9999999  .0000884 -.0000658
T  540 19 .1518914E+11   2300001E-01 -.3635E+00  .2471E+01   .9999999 -.0001296  .0001407
T  541 19 .1519058E+11   2300021E-01 -.1449E+01 -.5564E+00   .9999999  .0000200 -.0001903
T  542 19 .1518840E+11   2300004E-01  .2042E+01 -.8643E+00   .9999999 -.0000658 -.0000666
T  543 19 .1518935E+11   2300017E-01  .6110E+00  .1066E+02   .9999999  .0000363  .0003036
T  544 19 .1519069E+11   2300023E-01  .6174E+01  .8597E+01   .9999999  .0000796  .0001634
T  545 19 .1519026E+11   2300021E-01 -.6479E+01 -.2524E+02   .9999999 -.0001528 -.0002840
T  546 19 .1519004E+11   2300012E-01  .4645E+01  .8969E+00   .9999999  .0001850  .0000118
T  547 19 .1518892E+11   2300007E-01 -.1447E+02  .8614E+00   .9999999 -.0001585  .0000457
T  548 19 .1518994E+11   2300015E-01  .3115E+02 -.4088E+02   .9999999  .0003416 -.0001939
T  549 19 .1519012E+11   2300001E-01 -.9375E+01 -.2201E+02   .9999999 -.0001023 -.0001970
T  550 19 .1519111E+11   2300001E-01  .1840E+01  .2288E+02   .9999999 -.0001526  .0001664
T  551 19 .1518919E+11   2300015E-01  .7653E+01 -.7242E+01   .9999999  .0001822 -.0001142
T  552 19 .1519056E+11   2300014E-01 -.1128E+02 -.1095E+02   .9999999 -.0001353 -.0000951
T  553 19 .1518931E+11   2300011E-01  .1398E+02  .1247E+02   .9999994  .0005056  .0009352
T  554 19 .1519107E+11   2300003E-01 -.1683E+02 -.6836E+01   .9999999 -.0001797 -.0000976
T  555 19 .1518865E+11   2300022E-01 -.1653E+01  .4662E+00   .9999999 -.0000519 -.0001085
T  556 19 .1518977E+11   2300016E-01 -.2445E+02  .2145E+02   .9999999 -.0003375  .0001754
T  557 19 .1519040E+11   2300022E-01  .6230E+00 -.1184E+01   .9999999 -.0000874  .0001041
T  558 19 .1518891E+11   2300013E-01 -.2458E+01  .3849E+01   .9999999 -.0000632  .0000121
T  559 19 .1519029E+11   2300014E-01  .5776E+01 -.5473E+01   .9999999  .0000429 -.0000555
T  560 19 .1519028E+11   2300022E-01 -.8188E+01  .4894E+01   .9999999 -.0001629  .0000827
T  561 19 .1518847E+11   2300001E-01  .1795E+02 -.9369E+01   .9999999  .0001411 -.0002163
T  562 19 .1518993E+11   2300006E-01  .2966E+01 -.3583E+01   .9999999 -.0000422 -.0000147
T  563 19 .1519061E+11   2300017E-01  .1584E+01  .4293E+01   .9999999  .0001120  .0001011
T  564 19 .1518968E+11   2300022E-01 -.2198E+01 -.5718E+01   .9999999 -.0000018 -.0000856
T  565 19 .1518940E+11   2300016E-01 -.2087E+01  .7326E+00   .9999999 -.0001229 -.0000942
T  566 19 .1518882E+11   2300015E-01 -.5106E+01  .3692E+00   .9999999  .0000054 -.0000482
T  567 19 .1518957E+11   2300009E-01 -.4187E+01  .1698E+01   .9999999 -.0002224  .0000012
T  568 19 .1518836E+11   2300007E-01 -.1415E+01 -.3894E+00   .9999999  .0001159 -.0000938
T  569 19 .1519016E+11   2300021E-01 -.3056E+01 -.4212E+01   .9999999 -.0000971 -.0000569
T  570 19 .1518880E+11   2300003E-01  .5654E+01 -.1808E+02   .9999999  .0000279 -.0002318
T  571 19 .1518935E+11   2300018E-01  .1473E+02 -.1919E+02   .9999999  .0000858 -.0002796
T  572 19 .1518909E+11   2300012E-01  .2191E+02  .1479E+02   .9999999  .0000853  .0001040
T  573 19 .1519065E+11   2300019E-01  .8491E+01 -.8441E-01   .9999999  .0000818  .0000703
T  574 19 .1519062E+11   2300014E-01  .5290E+01  .2286E+01   .9999999  .0001722  .0000317
T  575 19 .1519086E+11   2300009E-01 -.4874E+02 -.5206E+00   .9999999 -.0005329 -.0000557
T  576 19 .1518998E+11   2300012E-01  .8245E+01 -.2984E+00   .9999999  .0000900 -.0000540
T  577 19 .1519045E+11   2300021E-01 -.1103E+02  .1887E+02   .9999999 -.0002079  .0001565
T  578 19 .1518975E+11   2300022E-01  .7617E+01  .8730E+01   .9999999  .0000404 -.0000120
T  579 19 .1519064E+11   2300005E-01 -.4100E+01  .1136E+02   .9999999 -.0000569  .0002421
T  580 19 .1518772E+11   2300018E-01  .2825E+02  .2051E+02   .9999999  .0002294  .0000483
T  581 19 .1518978E+11   2300018E-01  .3286E+02  .2895E+02   .9999998  .0003363  .0004430
T  582 19 .1519079E+11   2300009E-01  .1840E+02 -.1214E+01   .9999999  .0002887 -.0000530
T  583 19 .1519136E+11   2300018E-01 -.1045E+02 -.1585E+02   .9999999 -.0001186 -.0002311
T  584 19 .1519090E+11   2300005E-01 -.1082E+02 -.7785E+01   .9999999 -.0000487 -.0000265
T  585 19 .1518969E+11   2300020E-01  .1345E+02  .2859E+01   .9999999  .0002356 -.0000192
T  586 19 .1519027E+11   2300019E-01  .6193E+01  .1071E+01   .9999999  .0000904 -.0000725
T  587 19 .1518981E+11   2300004E-01 -.6928E+01 -.2581E+01   .9999999 -.0001523  .0000134
T  588 19 .1519068E+11   2300020E-01 -.2690E+01 -.1826E+01   .9999999  .0000121 -.0000342
T  589 19 .1518974E+11   2300016E-01 -.2037E+01  .2037E+02   .9999999 -.0000278  .0002952
T  590 19 .1519102E+11   2300014E-01  .1150E+02  .7358E+01   .9999999  .0001795  .0001440
T  591 19 .1518995E+11   2300014E-01  .3407E+01  .2525E+02   .9999998 -.0002939  .0004888
T  592 19 .1519009E+11   2300015E-01 -.1171E+02 -.8535E+00   .9999999 -.0000846  .0000342
T  593 19 .1518932E+11   2300006E-01 -.1329E+01  .6448E+01   .9999999 -.0000578  .0000369
T  594 19 .1519033E+11   2300010E-01  .5118E+01  .9453E+01   .9999999  .0001013  .0001000
T  595 19 .1519056E+11   2300023E-01  .2115E+02  .1034E+01   .9999998  .0006567 -.0000777
T  596 19 .1518972E+11   2300001E-01 -.1321E+02  .3519E+01   .9999999 -.0002487 -.0000355
T  597 19 .1518922E+11   2300001E-01  .4597E+01 -.8040E+01   .9999999  .0002325  .0000478
T  598 19 .1519029E+11   2300021E-01  .2180E+02 -.1434E+02   .9999999  .0000906 -.0001043
T  599 19 .1519011E+11   2300020E-01  .7893E+00 -.9408E+01   .9999999  .0000061 -.0000356
T  600 19 .1518970E+11   2300018E-01 -.5055E+01 -.3352E+01   .9999999 -.0001172 -.0000180
T  601 19 .1518877E+11   2300007E-01 -.2822E+01  .3919E+02   .9999999 -.0000791  .0004395
T  602 19 .1519055E+11   2300001E-01 -.9616E+01 -.1102E+02   .9999999 -.0000892 -.0001860
T  603 19 .1518975E+11   2300016E-01 -.8552E+01  .4051E+02   .9999999 -.0000063  .0004058
T  604 19 .1519092E+11   2300000E-01 -.1433E+02 -.1016E+02   .9999999 -.0001899 -.0000315
T  605 19 .1518769E+11   2300020E-01 -.5866E+01  .2887E+01   .9999999 -.0001015  .0002419
T  606 19 .1518801E+11   2300000E-01 -.5695E+01 -.1027E+02   .9999999 -.0000436  .0000353
T  607 19 .1519088E+11   2300014E-01 -.5458E+01 -.4906E+01   .9999999 -.0001339 -.0000463
T  608 19 .1518895E+11   2300014E-01  .1007E+02  .1165E+01   .9999999  .0001032  .0000552
T  609 19 .1518934E+11   2300016E-01 -.1544E+02  .4421E+01   .9999999 -.0002069  .0002338
T  610 19 .1519037E+11   2300011E-01  .3440E+00  .1996E+00   .9999999  .0000315 -.0000085
T  611 19 .1519089E+11   2300021E-01 -.1336E+01 -.2684E+01   .9999999 -.0000604 -.0000059
T  612 19 .1518992E+11   2300018E-01  .3036E+01  .4595E+01   .9999999  .0001725  .0001609
T  613 19 .1518930E+11   2300012E-01 -.6657E+01 -.3428E+01   .9999999 -.0000830 -.0001413
T  614 19 .1519109E+11   2300001E-01 -.8852E+01  .3163E+01   .9999999 -.0001997  .0000349
T  615 19 .1519001E+11   2300016E-01 -.1639E+01  .1295E+02   .9999999 -.0000770  .0001202
T  616 19 .1519009E+11   2300009E-01 -.5138E+01 -.6111E+01   .9999999 -.0000231 -.0002394
T  617 19 .1519059E+11   2300022E-01  .1881E+01  .2569E+01   .9999999  .0001440  .0000187
T  618 19 .1519048E+11   2300008E-01  .1023E+02 -.7135E+01   .9999999  .0000833 -.0001098
T  619 19 .1518948E+11   2300016E-01 -.9778E+00  .6176E+01   .9999999 -.0001117  .0000519
T  620 19 .1519043E+11   2300021E-01 -.3422E+01 -.1504E+02   .9999999 -.0000369 -.0001096
T  621 19 .1518965E+11   2300020E-01  .5537E+01 -.3314E+01   .9999999  .0001776 -.0000263
T  622 19 .1519099E+11   2300020E-01  .1420E+02 -.1169E+02   .9999999  .0001432 -.0001197
T  623 19 .1519133E+11   2300019E-01  .8565E+01 -.1780E+02   .9999999  .0000380 -.0002617
T  624 19 .1519149E+11   2300015E-01  .3573E+01  .1586E+02   .9999999 -.0000341  .0001107
T  625 19 .1519009E+11   2300007E-01 -.9429E+01  .1532E+02   .9999999 -.0000373  .0001568
T  626 19 .1518868E+11   2300020E-01  .9942E+01  .7105E+01   .9999999  .0000095  .0001602
T  627 19 .1519057E+11   2300022E-01  .4449E+01 -.1734E+02   .9999999  .0000747 -.0001866
T  628 19 .1519116E+11   2300016E-01 -.3626E+00  .6061E+01   .9999999  .0000155  .0001707
T  629 19 .1518927E+11   2300012E-01 -.8739E+01 -.1165E+02   .9999999 -.0001457  .0000340
T  630 19 .1519003E+11   2300016E-01  .7494E+01  .1078E+02   .9999999  .0001010  .0001301
T  631 19 .1519047E+11   2300014E-01  .1022E+02 -.5263E+01   .9999999  .0000111 -.0000265
T  632 19 .1519049E+11   2300022E-01  .6246E+00 -.8105E+01   .9999999  .0000973 -.0000563
T  633 19 .1518954E+11   2300009E-01 -.7427E+01 -.9761E+01   .9999999 -.0002313 -.0001381
T  634 19 .1518939E+11   2300020E-01  .1034E+02  .1655E+02   .9999999  .0002504  .0001821
T  635 19 .1518826E+11   2300002E-01  .4148E+01 -.6106E+01   .9999999  .0001013 -.0001409
T  636 19 .1519202E+11   2300022E-01  .3504E+01 -.5486E+01   .9999999 -.0000185 -.0001605
T  637 19 .1518990E+11   2300020E-01 -.1255E+02 -.6685E+01   .9999999 -.0001114 -.0000608
T  638 19 .1519006E+11   2300021E-01 -.6121E+01  .9167E+01   .9999999 -.0000955 -.0000737
T  639 19 .1518895E+11   2300011E-01  .1032E+02  .1611E+02   .9999999  .0000956  .0001125
T  640 19 .1518904E+11   2300015E-01 -.2077E+01  .1613E+02   .9999999  .0000448  .0000909
T  641 19 .1519074E+11   2300004E-01 -.7840E+01  .1206E+02   .9999999 -.0002096  .0000438
T  642 19 .1518813E+11   2300000E-01  .1052E+02 -.2559E+01   .9999999  .0000507 -.0000321
T  643 19 .1519005E+11   2300000E-01 -.8125E+01  .1733E+02   .9999999 -.0001574  .0002544
T  644 19 .1518966E+11   2300004E-01 -.8677E+01 -.6454E+01   .9999999  .0001130 -.0000406
T  645 19 .1518903E+11   2300016E-01  .5842E+01  .2627E+02   .9999999  .0000480  .0002659
T  646 19 .1518938E+11   2300014E-01  .5696E+01 -.6037E+01   .9999999  .0001084 -.0001159
T  647 19 .1519010E+11   2300015E-01 -.4533E+01  .6648E+01   .9999999  .0002182  .0000610
T  648 19 .1519065E+11   2300016E-01 -.1109E+02  .8659E+01   .9999999 -.0000474  .0000771
T  649 19 .1519040E+11   2300022E-01  .1577E+02 -.2119E+02   .9999999  .0001956 -.0002768
T  650 19 .1518907E+11   2300013E-01 -.1289E+02  .9345E+01   .9999999 -.0001585  .0001423
T  651 19 .1519082E+11   2300020E-01  .1562E+02 -.8576E+01   .9999999  .0002256 -.0001088
T  652 19 .1518967E+11   2300002E-01  .5539E+01 -.1052E+02   .9999999  .0000319 -.0001701
T  653 19 .1519090E+11   2300020E-01  .1678E+02  .5616E+01   .9999999  .0003647 -.0000875
T  654 19 .1518802E+11   2300020E-01  .7627E+01 -.7422E+00   .9999999  .0000196  .0000278
T  655 19 .1518925E+11   2300018E-01  .2767E+01 -.1228E+02   .9999999 -.0000990 -.0000475
T  656 19 .1518814E+11   2300021E-01  .7883E+01  .1067E+02   .9999999  .0001004  .0001264
T  657 19 .1519028E+11   2300018E-01 -.9773E+00  .5965E+01   .9999999 -.0000677 -.0000114
T  658 19 .1518948E+11   2300004E-01 -.1100E+02  .1991E+02   .9999999 -.0001320  .0002275
T  659 19 .1518907E+11   2300006E-01 -.7621E+00 -.1145E+02   .9999999 -.0000100 -.0000966
T  660 19 .1518968E+11   2300000E-01  .9775E+01  .7832E+01   .9999999  .0000392  .0000416
T  661 19 .1518902E+11   2300017E-01 -.6978E+01  .2359E+01   .9999999 -.0002941  .0000847
T  662 19 .1518816E+11   2300009E-01 -.8588E+01  .9022E+00   .9999999 -.0001142 -.0000239
T  663 19 .1519004E+11   2300009E-01 -.1700E+02 -.7380E+01   .9999999 -.0001475 -.0000839
T  664 19 .1519079E+11   2300017E-01 -.5124E+01 -.1279E+02   .9999999 -.0000456 -.0001631
T  665 19 .1519068E+11   2300000E-01  .4992E+00 -.1425E+02   .9999999  .0000777 -.0001278
T  666 19 .1518969E+11   2300012E-01  .2140E+01  .5599E+01   .9999999 -.0000305  .0000328
T  667 19 .1519009E+11   2300004E-01  .3408E+02  .2911E+02   .9999998  .0004526  .0003697
T  668 19 .1519006E+11   2300018E-01 -.1355E+02  .9589E+00   .9999999 -.0001717  .0000280
T  669 19 .1518893E+11   2300000E-01  .6520E+01  .1165E+01   .9999999  .0002044  .0000673
T  670 19 .1519098E+11   2300007E-01  .1095E+02 -.7626E+01   .9999999  .0002479  .0000832
T  671 19 .1519207E+11   2300011E-01  .6119E+01 -.7531E+01   .9999999  .0001289 -.0003238
T  672 19 .1519061E+11   2300005E-01 -.4209E+02  .4946E+02   .9999998 -.0004161  .0004281
T  673 19 .1519056E+11   2300022E-01  .3956E+01  .2526E+02   .9999999  .0001047  .0003440
T  674 19 .1519060E+11   2300020E-01 -.1501E+01 -.1209E+02   .9999999  .0000150 -.0001010
T  675 19 .1519019E+11   2300022E-01  .4480E+02  .4862E+02   .9999998  .0003127  .0004554
T  676 19 .1518941E+11   2300004E-01 -.3702E+00 -.8831E+01   .9999999  .0000106 -.0000403
T  677 19 .1519025E+11   2300016E-01  .1552E+02  .8560E+01   .9999996  .0003104  .0008010
T  678 19 .1519022E+11   2300008E-01  .1259E+02 -.5358E+01   .9999999  .0000631  .0000491
T  679 19 .1518874E+11   2300017E-01  .1675E+02 -.3008E+02   .9999999  .0002433 -.0002403
T  680 19 .1519107E+11   2300019E-01 -.4941E+01  .1206E+02   .9999999  .0000235  .0000878
T  681 19 .1518988E+11   2300017E-01 -.1382E+02  .5260E+00   .9999999 -.0002718 -.0000112
T  682 19 .1519030E+11   2300009E-01 -.2830E+01  .3360E+01   .9999999  .0001290 -.0001677
T  683 19 .1518812E+11   2300016E-01  .3710E+01 -.1368E+02   .9999999  .0000074 -.0002052
T  684 19 .1519003E+11   2300016E-01  .6088E+01  .3560E+02   .9999999  .0000730  .0003345
T  685 19 .1519082E+11   2300011E-01  .4363E+01 -.3502E+01   .9999999  .0001177  .0000427
T  686 19 .1518905E+11   2300018E-01  .4699E+01  .4858E+01   .9999999  .0000093 -.0000218
T  687 19 .1518935E+11   2300006E-01  .1137E+02  .9614E+01   .9999999  .0000798 -.0000974
T  688 19 .1519029E+11   2300005E-01 -.7485E+01 -.2063E+02   .9999999  .0000579 -.0001384
T  689 19 .1519065E+11   2300004E-01  .9523E+00 -.1149E+02   .9999999  .0000539 -.0001895
T  690 19 .1519084E+11   2300002E-01  .8075E+01 -.4949E+01   .9999999  .0000476 -.0000313
T  691 19 .1518926E+11   2300014E-01 -.6120E+01 -.8910E-01   .9999999 -.0000394 -.0000690
T  692 19 .1519074E+11   2300000E-01 -.3636E+01 -.4802E+01   .9999999 -.0000759  .0000154
T  693 19 .1518927E+11   2300000E-01  .1211E+02  .4772E-01   .9999999  .0001443  .0000631
T  694 19 .1518896E+11   2300022E-01 -.3302E+02 -.3397E+02   .9999998 -.0004110 -.0005632
T  695 19 .1518957E+11   2300018E-01  .2840E+02 -.1062E+02   .9999999  .0002677 -.0001525
T  696 19 .1518958E+11   2300005E-01 -.3346E+01  .2843E+02   .9999999  .0001695  .0000575
T  697 19 .1519038E+11   2300021E-01  .1557E+02  .9739E+01   .9999999  .0004084  .0000764
T  698 19 .1519092E+11   2300001E-01 -.1088E+02 -.1323E+01   .9999999 -.0000978 -.0000067
T  699 19 .1519056E+11   2300022E-01  .1025E+02  .1258E+01   .9999999 -.0000288  .0001337
T  700 19 .1519011E+11   2300019E-01 -.1247E+01 -.8644E+01   .9999999  .0000150 -.0000900
T  701 19 .1518986E+11   2300017E-01  .1143E+02  .1899E+01   .9999999  .0001335  .0001778
T  702 19 .1518961E+11   2300016E-01  .4862E+01  .9980E+01   .9999999  .0000157  .0002168
T  703 19 .1518905E+11   2300001E-01  .5433E+01  .2313E+02   .9999999  .0001053  .0005306
T  704 19 .1518933E+11   2300009E-01 -.2478E+02 -.8753E+01   .9999999 -.0002112  .0000109
T  705 19 .1519047E+11   2300012E-01  .6139E+01 -.2926E+02   .9999999  .0002318 -.0002556
T  706 19 .1518863E+11   2300018E-01  .6389E+01 -.1617E+02   .9999999  .0000838 -.0002616
T  707 19 .1519123E+11   2300011E-01 -.2955E+02 -.3397E+02   .9999999 -.0003431 -.0001463
T  708 19 .1519112E+11   2300019E-01  .1904E+01 -.1606E+02   .9999999  .0001484 -.0002451
T  709 19 .1518913E+11   2300011E-01 -.5423E+01  .2448E+00   .9999999 -.0003274 -.0000193
T  710 19 .1518888E+11   2300012E-01  .1253E+02 -.1961E+02   .9999999  .0000905 -.0002524
T  711 19 .1519054E+11   2300015E-01  .3106E+02  .1178E+02   .9999999  .0003842  .0001164
T  712 19 .1519127E+11   2300008E-01 -.6701E+01 -.4286E+02   .9999999  .0000079 -.0004365
T  713 19 .1519002E+11   2300022E-01 -.6853E+01  .2177E+01   .9999999 -.0000289 -.0000489
T  714 19 .1518929E+11   2300020E-01 -.1421E+02  .1276E+02   .9999999 -.0000759  .0000936
T  715 19 .1519139E+11   2300007E-01  .3845E+01  .8692E+01   .9999999  .0000623  .0000678
T  716 19 .1519049E+11   2300012E-01  .5371E+01  .1437E+02   .9999999  .0000307  .0000486
T  717 19 .1519053E+11   2300016E-01  .6557E+01 -.1693E+01   .9999999  .0001789  .0000179
T  718 19 .1518914E+11   2300022E-01 -.3865E+02 -.6682E+01   .9999999 -.0003302  .0000232
T  719 19 .1519111E+11   2300011E-01 -.5880E+01 -.1013E+02   .9999999  .0000440 -.0001260
T  720 19 .1518963E+11   2300018E-01  .3433E+00  .8627E+01   .9999999 -.0000251 -.0000204
T  721 19 .1518962E+11   2300003E-01 -.1108E+02 -.2114E+02   .9999999 -.0000910 -.0002241
T  722 19 .1519105E+11   2300016E-01 -.1595E+02  .1595E+02   .9999999 -.0000162  .0000936
T  723 19 .1519021E+11   2300023E-01  .1782E+02 -.3217E+01   .9999999  .0002574 -.0001313
T  724 19 .1518879E+11   2300018E-01 -.3210E+02  .4738E+02   .9999997 -.0007796  .0001646
T  725 19 .1519036E+11   2300004E-01 -.6309E+01 -.9983E+01   .9999999 -.0001139 -.0001397
T  726 19 .1518960E+11   2300013E-01  .1649E+02  .1214E+00   .9999999  .0002212 -.0000965
T  727 19 .1519006E+11   2300010E-01  .2276E+02  .9805E+01   .9999999  .0002106  .0001444
T  728 19 .1519065E+11   2300020E-01  .8610E+01 -.7608E+01   .9999999  .0000024 -.0000396
T  729 19 .1519030E+11   2300022E-01 -.1363E+02 -.1681E+02   .9999998 -.0005353 -.0002218
T  730 19 .1519009E+11   2300007E-01  .3270E+01  .1550E+02   .9999999 -.0000170  .0001809
T  731 19 .1519033E+11   2300004E-01  .1225E+02 -.6028E+01   .9999999 -.0000941 -.0002955
T  732 19 .1518983E+11   2300012E-01  .9556E+01 -.3524E+01   .9999999  .0000191 -.0001181
T  733 19 .1519014E+11   2300013E-01 -.4112E+01  .7255E+01   .9999999 -.0001874 -.0000995
T  734 19 .1518976E+11   2300009E-01  .2380E+02  .9362E+01   .9999999  .0000617  .0001318
T  735 19 .1518945E+11   2300014E-01 -.3845E+02 -.7992E+01   .9999999 -.0004931 -.0002169
T  736 19 .1518990E+11   2300002E-01  .2313E+02  .6194E+01   .9999999  .0001709 -.0000450
T  737 19 .1518905E+11   2300021E-01  .4868E+00  .1288E+01   .9999999  .0000421  .0000058
T  738 19 .1519076E+11   2300020E-01  .1760E+02 -.9648E+00   .9999999  .0001910 -.0000049
T  739 19 .1518936E+11   2300018E-01 -.5001E+01  .5831E+01   .9999999 -.0001692  .0001203
T  740 19 .1518874E+11   2300017E-01  .4435E+01  .1481E+02   .9999999 -.0000809  .0001285
T  741 19 .1518973E+11   2300013E-01  .5241E+01  .3525E+01   .9999999  .0000782  .0000806
T  742 19 .1518901E+11   2300001E-01  .2750E+01 -.1690E+01   .9999999 -.0000219 -.0000287
T  743 19 .1518965E+11   2300010E-01  .1981E+02  .1363E+01   .9999999  .0002912  .0001839
T  744 19 .1519031E+11   2300020E-01 -.1329E+02 -.2556E+01   .9999999 -.0000792  .0000735
T  745 19 .1518945E+11   2300022E-01  .1977E+02 -.3893E+01   .9999999  .0004480 -.0001097
T  746 19 .1518981E+11   2300016E-01  .1417E+02  .1015E+02   .9999999  .0002055  .0002915
T  747 19 .1519078E+11   2300006E-01  .1352E+02  .1995E+00   .9999999  .0002102  .0001208
T  748 19 .1518822E+11   2300010E-01  .2460E+02  .1295E+02   .9999999  .0001715  .0000921
T  749 19 .1518969E+11   2300009E-01  .1807E+02  .2749E+02   .9999999  .0002096  .0002509
T  750 19 .1518862E+11   2300020E-01 -.2146E+01  .3623E+01   .9999999  .0001352  .0000703
T  751 19 .1519073E+11   2300020E-01  .8855E+01 -.1168E+02   .9999999  .0001062 -.0001008
T  752 19 .1519020E+11   2300014E-01  .1752E+01 -.4807E+01   .9999999  .0000941 -.0001769
T  753 19 .1518877E+11   2300019E-01 -.8591E+01  .1662E+01   .9999999 -.0000358 -.0000474
T  754 19 .1518911E+11   2300012E-01  .8689E+01  .6262E+01   .9999999  .0001928  .0002320
T  755 19 .1518959E+11   2300020E-01 -.1711E+02 -.4326E+00   .9999999 -.0002430  .0000159
T  756 19 .1518878E+11   2300012E-01  .1504E+02  .8817E+01   .9999999  .0001376  .0002359
T  757 19 .1519036E+11   2300019E-01  .1392E+02 -.1019E+02   .9999999  .0001915 -.0002773
T  758 19 .1518874E+11   2300020E-01 -.1001E+01 -.3038E+00   .9999999 -.0001797 -.0002124
T  759 19 .1519160E+11   2300015E-01  .1809E+02 -.2065E+02   .9999999  .0000741 -.0001525
T  760 19 .1519121E+11   2300019E-01  .3220E+01  .1132E+01   .9999999 -.0000300  .0000367
T  761 19 .1519030E+11   2300006E-01  .1134E+02 -.1848E+02   .9999999  .0001286 -.0000735
T  762 19 .1518921E+11   2300020E-01 -.1720E+02 -.9500E+01   .9999998 -.0004325 -.0005102
T  763 19 .1518891E+11   2300010E-01  .1266E+02 -.1728E+02   .9999999  .0000874 -.0001385
T  764 19 .1518964E+11   2300020E-01 -.1367E+02 -.9802E+01   .9999999 -.0001284 -.0000994
T  765 19 .1518997E+11   2300014E-01 -.3206E+02  .9576E+01   .9999999 -.0002393  .0001247
T  766 19 .1518852E+11   2300006E-01  .1416E+02  .2152E+00   .9999999  .0001557  .0000892
T  767 19 .1518905E+11   2300017E-01  .7264E+01  .8419E+01   .9999999  .0000945  .0000653
T  768 19 .1519060E+11   2300019E-01 -.3704E+01  .8104E+00   .9999999 -.0000261 -.0000913
T  769 19 .1518839E+11   2300010E-01  .7263E+01  .3963E+01   .9999999  .0000880  .0000340
T  770 19 .1519104E+11   2300017E-01  .7434E+00  .1822E+02   .9999999  .0002307  .0003126
T  771 19 .1518850E+11   2300021E-01  .1173E+02  .4919E+01   .9999999  .0001309  .0000403
T  772 19 .1518821E+11   2300022E-01 -.1222E+02  .2366E+02   .9999999 -.0000116  .0000093
T  773 19 .1518893E+11   2300004E-01  .4099E+01 -.1790E+01   .9999999  .0000800 -.0000974
T  774 19 .1519042E+11   2300020E-01 -.2116E+02  .3307E+01   .9999999 -.0001347 -.0000006
T  775 19 .1518978E+11   2300016E-01  .1127E+01 -.8759E+00   .9999999 -.0000532 -.0000404
T  776 19 .1518900E+11   2300011E-01 -.5493E+01 -.8348E+01   .9999999 -.0000298 -.0000618
T  777 19 .1519096E+11   2300006E-01  .8700E+01  .1746E+02   .9999999  .0000021  .0002285
T  778 19 .1518957E+11   2300022E-01 -.3789E+01  .1291E+02   .9999999 -.0000074  .0002395
T  779 19 .1518926E+11   2300013E-01  .1555E+02  .3293E+01   .9999999  .0000712  .0000155
T  780 19 .1518991E+11   2300000E-01  .1447E+02 -.8937E+01   .9999999  .0002014 -.0001597
T  781 19 .1519203E+11   2300001E-01 -.1360E+02 -.9209E+01   .9999999 -.0003022 -.0002498
T  782 19 .1518892E+11   2300002E-01 -.4999E+01  .4092E+01   .9999999  .0000346  .0000628
T  783 19 .1518967E+11   2300001E-01  .1431E+02 -.7580E+01   .9999999  .0002409 -.0000934
T  784 19 .1519025E+11   2300021E-01 -.6462E+01  .8023E+01   .9999999 -.0001938 -.0000342
T  785 19 .1519121E+11   2300020E-01  .5333E+01 -.5946E+01   .9999999  .0001756 -.0001263
T  786 19 .1519081E+11   2300003E-01  .5583E+01  .3790E+01   .9999999 -.0000856 -.0000039
T  787 19 .1519081E+11   2300010E-01 -.2428E+00  .8359E+01   .9999999 -.0000061  .0001253
T  788 19 .1518913E+11   2300002E-01  .2291E+01 -.8067E+01   .9999999 -.0000049 -.0001430
T  789 19 .1518847E+11   2300019E-01 -.2216E+02 -.9520E+01   .9999999 -.0001718 -.0000546
T  790 19 .1519102E+11   2300010E-01  .2688E+02  .4956E+01   .9999999  .0003172  .0001515
T  791 19 .1518940E+11   2300013E-01  .3286E+01  .4431E+01   .9999999  .0000102  .0000609
T  792 19 .1518891E+11   2300004E-01  .1520E+02 -.1870E+02   .9999999  .0002281 -.0000770
T  793 19 .1519156E+11   2300003E-01 -.1950E+00 -.2620E+02   .9999999  .0000958 -.0001333
T  794 19 .1519030E+11   2300007E-01 -.2422E+01  .1307E+02   .9999999  .0000134 -.0000103
T  795 19 .1519001E+11   2300018E-01  .1086E+01 -.2476E+01   .9999999 -.0000507 -.0000841
T  796 19 .1518962E+11   2300014E-01 -.1084E+02  .9995E+01   .9999999 -.0001444  .0002183
T  797 19 .1519148E+11   2300014E-01  .5705E+01  .1572E+02   .9999999  .0000013  .0000193
T  798 19 .1519031E+11   2300017E-01  .5095E+01  .9413E+00   .9999999  .0001160 -.0001265
T  799 19 .1519036E+11   2300002E-01 -.3142E+01 -.6622E+01   .9999999 -.0000811  .0000359
T  800 19 .1519038E+11   2300001E-01  .7838E+00  .4255E+01   .9999999  .0000183  .0000427
T  801 19 .1518998E+11   2300003E-01 -.2821E+01  .5685E+01   .9999999 -.0000659  .0000553
T  802 19 .1519077E+11   2300021E-01  .1081E+02 -.2522E+01   .9999999  .0000338 -.0000856
T  803 19 .1518846E+11   2300017E-01  .1733E+02 -.1893E+02   .9999999  .0002535 -.0002781
T  804 19 .1519087E+11   2300022E-01  .1532E+02 -.9085E+01   .9999999  .0002951  .0000213
T  805 19 .1519080E+11   2300019E-01  .8583E+01 -.1119E+02   .9999999  .0000881 -.0001537
T  806 19 .1519011E+11   2300007E-01  .3181E+01  .1115E+01   .9999999  .0000780 -.0000064
T  807 19 .1518879E+11   2300023E-01  .1897E+01 -.9919E+01   .9999999  .0000265 -.0001821
T  808 19 .1519050E+11   2300011E-01 -.7474E+00 -.6557E+01   .9999999 -.0000624 -.0000435
T  809 19 .1518931E+11   2300013E-01 -.1947E+02 -.1029E+01   .9999999 -.0001009  .0000534
T  810 19 .1518897E+11   2300010E-01  .5797E+01  .6041E+01   .9999999  .0000957  .0001149
T  811 19 .1519057E+11   2300021E-01  .9550E+01  .1738E+01   .9999999  .0000723  .0000445
T  812 19 .1518877E+11   2300011E-01  .2078E+02 -.5797E+01   .9999999  .0001969 -.0000900
T  813 19 .1519057E+11   2300001E-01 -.1701E+01  .6448E+01   .9999999  .0001051  .0000618
T  814 19 .1519072E+11   2300017E-01  .2055E+01  .7784E+01   .9999999  .0000476  .0001540
T  815 19 .1518854E+11   2300016E-01 -.7536E+01  .1974E+01   .9999999 -.0000003  .0001052
T  816 19 .1519034E+11   2300015E-01 -.2143E+02  .7051E+01   .9999999 -.0001775 -.0000085
T  817 19 .1519079E+11   2300001E-01 -.1303E+02 -.1033E+02   .9999999 -.0000036 -.0000787
T  818 19 .1519097E+11   2300021E-01  .8814E+01 -.2260E+01   .9999999  .0001689 -.0000144
T  819 19 .1518927E+11   2300016E-01  .3463E+01  .2097E+01   .9999999 -.0000110  .0000873
T  820 19 .1518866E+11   2300006E-01  .7454E+01  .5801E+01   .9999999 -.0000336  .0001312
T  821 19 .1519069E+11   2300019E-01  .7030E+01 -.4941E+01   .9999999  .0001854 -.0000960
T  822 19 .1518929E+11   2300011E-01  .4318E+01 -.6472E+00   .9999999  .0000254 -.0001251
T  823 19 .1518782E+11   2300000E-01  .9157E+01  .1745E+02   .9999999  .0001387  .0001844
T  824 19 .1519101E+11   2300021E-01  .3695E+01  .5528E+00   .9999999 -.0000074 -.0001231
T  825 19 .1519023E+11   2300022E-01  .1417E+02  .3715E+01   .9999999  .0001225  .0000499
T  826 19 .1518956E+11   2300011E-01 -.1489E+01 -.1497E+01   .9999999  .0001080  .0000912
T  827 19 .1518994E+11   2300023E-01  .8228E+01  .1401E+01   .9999999  .0000602  .0000809
T  828 19 .1519112E+11   2300001E-01 -.5932E+01  .1372E+02   .9999999 -.0001055  .0001615
T  829 19 .1519099E+11   2300018E-01 -.1565E+02 -.1842E+02   .9999997 -.0005152 -.0004998
T  830 19 .1518894E+11   2300015E-01  .5364E+01  .1254E+02   .9999999  .0001048  .0000678
T  831 19 .1519107E+11   2300010E-01  .8189E+01 -.6255E+01   .9999999  .0001508 -.0000178
T  832 19 .1519009E+11   2300013E-01 -.2039E+02  .1351E+02   .9999998 -.0005802  .0001351
T  833 19 .1518966E+11   2300006E-01  .5799E+01  .8109E+01   .9999999  .0000427  .0001448
T  834 19 .1518907E+11   2300009E-01 -.5950E+01 -.2584E+01   .9999999 -.0000763 -.0001115
T  835 19 .1518966E+11   2300018E-01 -.1302E+02  .1304E+02   .9999999 -.0002042  .0000560
T  836 19 .1519093E+11   2300021E-01  .2869E+01  .1673E+01   .9999999  .0000612 -.0000113
T  837 19 .1518955E+11   2300007E-01  .7483E+01  .8838E+01   .9999999  .0000353  .0002069
T  838 19 .1519026E+11   2300021E-01  .2127E+02  .8119E+01   .9999999  .0000819  .0001297
T  839 19 .1519023E+11   2300008E-01  .4851E+01 -.6678E+01   .9999999  .0000525 -.0001113
T  840 19 .1519148E+11   2300020E-01  .2190E+02 -.7813E+00   .9999999  .0002041 -.0000338
T  841 19 .1518936E+11   2300021E-01 -.1019E+01  .1448E+01   .9999999  .0000952 -.0000315
T  842 19 .1519066E+11   2300023E-01  .3710E+02 -.3385E+02   .9999999  .0003819 -.0003592
T  843 19 .1519107E+11   2300007E-01 -.1185E+02  .3889E+01   .9999999 -.0002421 -.0000193
T  844 19 .1519019E+11   2300006E-01  .1639E+01  .6766E+01   .9999999  .0000067  .0001880
T  845 19 .1519139E+11   2300003E-01  .9018E+01  .4604E+01   .9999999  .0000998 -.0000612
T  846 19 .1519046E+11   2300015E-01  .9268E+00  .5491E+01   .9999999 -.0000182  .0000340
T  847 19 .1518978E+11   2300008E-01 -.9722E+01  .1538E+02   .9999999  .0002127  .0002758
T  848 19 .1519019E+11   2300022E-01 -.8126E+01  .9920E+01   .9999999 -.0000198  .0001760
T  849 19 .1518963E+11   2300004E-01  .4373E+01  .1790E+02   .9999999  .0001441  .0003543
T  850 19 .1519151E+11   2300000E-01 -.9042E+01 -.3753E+01   .9999999 -.0001953  .0000386
T  851 19 .1518997E+11   2300009E-01 -.4568E+00  .5789E+01   .9999999  .0000470 -.0000027
T  852 19 .1518999E+11   2300004E-01 -.2171E+02 -.1330E+02   .9999999 -.0000600 -.0001265
T  853 19 .1519019E+11   2300000E-01  .1207E+02 -.1138E+02   .9999999  .0000170 -.0001028
T  854 19 .1519145E+11   2300011E-01 -.3156E+01 -.7661E+00   .9999999 -.0003478 -.0000558
T  855 19 .1519087E+11   2300021E-01 -.5312E+01 -.8177E+01   .9999999 -.0000855 -.0003568
T  856 19 .1519019E+11   2300012E-01 -.5603E+01 -.8469E+00   .9999999 -.0001324 -.0000025
T  857 19 .1519050E+11   2300023E-01  .1012E+02  .5255E+01   .9999999 -.0000425  .0000521
T  858 19 .1518953E+11   2300009E-01  .4521E+02  .1547E+02   .9999999  .0004719  .0001533
T  859 19 .1519018E+11   2300022E-01  .8586E+01  .4545E+01   .9999999  .0000864  .0001463
T  860 19 .1518908E+11   2300008E-01  .1533E+02 -.7375E+01   .9999999  .0001953 -.0001089
T  861 19 .1519066E+11   2300006E-01 -.2624E+01 -.2044E+02   .9999999  .0000370 -.0003648
T  862 19 .1519040E+11   2300017E-01  .3318E+01 -.6824E+01   .9999999 -.0000108 -.0000686
T  863 19 .1518961E+11   2300007E-01 -.4402E+01 -.1909E+00   .9999999  .0000746 -.0000949
T  864 19 .1519019E+11   2300016E-01  .5649E+01  .9615E+01   .9999999  .0001516 -.0000417
T  865 19 .1518971E+11   2300022E-01 -.5002E+01  .2787E+02   .9999999 -.0000703  .0003382
T  866 19 .1519077E+11   2300013E-01  .1167E+02  .9927E+00   .9999999  .0001651  .0000623
T  867 19 .1519001E+11   2300021E-01 -.8894E+01 -.4435E+01   .9999999  .0000264  .0000031
T  868 19 .1518947E+11   2300009E-01  .4303E+01 -.5455E+01   .9999999  .0000817 -.0001022
T  869 19 .1518964E+11   2300000E-01  .4706E+01 -.3760E+01   .9999999  .0000681 -.0000971
T  870 19 .1519110E+11   2300020E-01 -.1999E+02  .3645E+01   .9999999 -.0001983  .0001341
T  871 19 .1519046E+11   2300006E-01 -.7012E+01  .4307E+01   .9999999 -.0000936  .0000705
T  872 19 .1519029E+11   2300022E-01 -.2185E+02  .6358E+01   .9999999 -.0000190  .0000045
T  873 19 .1519083E+11   2300010E-01  .2069E+01 -.5432E+01   .9999999  .0001342 -.0000621
T  874 19 .1519027E+11   2300017E-01 -.1121E+02  .8292E+01   .9999999 -.0001839 -.0000105
T  875 19 .1518995E+11   2300002E-01 -.8058E+01  .1390E+02   .9999999 -.0000085  .0000844
T  876 19 .1519131E+11   2300013E-01  .5285E+01 -.3782E+01   .9999999  .0000745  .0000216
T  877 19 .1518960E+11   2300012E-01 -.4664E+01 -.1156E+02   .9999999  .0000750 -.0001023
T  878 19 .1519050E+11   2300020E-01  .1872E+02  .4407E+00   .9999999  .0003362  .0000630
T  879 19 .1518946E+11   2300015E-01  .7819E+01  .7842E+01   .9999999  .0000211  .0001621
T  880 19 .1518926E+11   2300019E-01  .2292E+01  .1789E+02   .9999999  .0002109  .0002003
T  881 19 .1519128E+11   2300021E-01  .1053E+02  .4753E+01   .9999999 -.0000930  .0002147
T  882 19 .1518885E+11   2300016E-01  .1901E+02 -.1080E+02   .9999999  .0001444 -.0001559
T  883 19 .1518869E+11   2300013E-01 -.3553E+01  .2853E+02   .9999999 -.0000036  .0003006
T  884 19 .1519096E+11   2300000E-01 -.1216E+02 -.2127E+02   .9999999 -.0001181 -.0001309
T  885 19 .1518920E+11   2300021E-01 -.1944E+02 -.4160E+01   .9999999 -.0001296  .0000077
T  886 19 .1519072E+11   2300017E-01 -.2837E+01 -.4051E+01   .9999999  .0000177 -.0001213
T  887 19 .1518901E+11   2300011E-01 -.9422E+00  .6509E+01   .9999999 -.0000377  .0001343
T  888 19 .1518969E+11   2300010E-01 -.1652E+02  .2173E+02   .9999999 -.0001502 -.0000422
T  889 19 .1519138E+11   2300012E-01  .3251E+01  .6849E+01   .9999999  .0001081  .0001019
T  890 19 .1519042E+11   2300020E-01 -.6813E+01  .1441E+01   .9999999 -.0000894 -.0000150
T  891 19 .1519004E+11   2300019E-01  .1307E+02  .2456E+02   .9999999 -.0000930  .0003005
T  892 19 .1519089E+11   2300017E-01 -.3531E+01  .1637E+02   .9999999  .0000164  .0001187
T  893 19 .1518990E+11   2300006E-01  .1991E+02  .3163E+02   .9999999  .0002820  .0003014
T  894 19 .1518888E+11   2300000E-01 -.2904E+01 -.2772E+00   .9999999 -.0000342  .0000374
T  895 19 .1518956E+11   2300005E-01  .1790E+02 -.2089E+02   .9999999  .0002536 -.0003266
T  896 19 .1518906E+11   2300019E-01 -.3705E+02 -.5772E-01   .9999999 -.0002824 -.0001879
T  897 19 .1519000E+11   2300015E-01 -.4898E+00  .1753E+01   .9999999  .0000251  .0000578
T  898 19 .1518906E+11   2300005E-01  .5857E+01 -.1120E+02   .9999999  .0000498 -.0000658
T  899 19 .1519047E+11   2300017E-01 -.1492E+01  .8563E+00   .9999999  .0000839 -.0000187
T  900 19 .1518941E+11   2300002E-01  .9385E+01 -.6367E+01   .9999999  .0000976 -.0001505
T  901 19 .1519037E+11   2300002E-01  .4694E+01 -.8630E+01   .9999999  .0000893 -.0000959
T  902 19 .1519148E+11   2300018E-01  .8821E+00 -.1260E+02   .9999999  .0000212 -.0002242
T  903 19 .1519024E+11   2300020E-01  .1224E+02  .1778E+02   .9999999  .0001263  .0002460
T  904 19 .1518932E+11   2300019E-01 -.1592E+01 -.4213E+01   .9999999  .0000468 -.0001444
T  905 19 .1518953E+11   2300016E-01 -.3896E+02 -.1231E+02   .9999997 -.0006615 -.0004813
T  906 19 .1519102E+11   2300017E-01  .2211E+02 -.9139E+01   .9999999  .0001551 -.0002069
T  907 19 .1519021E+11   2300013E-01 -.1222E+02 -.1340E+02   .9999999 -.0001524 -.0000100
T  908 19 .1518956E+11   2300011E-01  .1636E+02  .1459E+02   .9999999  .0000736  .0001178
T  909 19 .1518988E+11   2300005E-01  .1534E+02  .9849E+01   .9999999  .0001684  .0000157
T  910 19 .1519116E+11   2300001E-01  .2871E+01 -.5335E+01   .9999999 -.0000088 -.0000640
T  911 19 .1519145E+11   2300017E-01  .5324E+01  .5533E+01   .9999999  .0001044  .0002728
T  912 19 .1519019E+11   2300019E-01  .4982E+01  .6445E+01   .9999999  .0001416 -.0000925
T  913 19 .1518992E+11   2300009E-01  .1554E+02  .1257E+02   .9999999  .0002196  .0002306
T  914 19 .1518955E+11   2300012E-01 -.4715E+00  .2715E+01   .9999999 -.0001604  .0000817
T  915 19 .1518893E+11   2300022E-01 -.1018E+02 -.4193E+00   .9999999  .0000025  .0000739
T  916 19 .1518977E+11   2300014E-01 -.1526E+01 -.1019E+02   .9999999 -.0000903 -.0000806
T  917 19 .1519020E+11   2300015E-01 -.2797E+01  .1006E+01   .9999999  .0000561  .0001236
T  918 19 .1519067E+11   2300015E-01  .1258E+02  .5778E+00   .9999999  .0001256 -.0000215
T  919 19 .1518928E+11   2300021E-01  .2332E+02  .7721E+00   .9999999  .0001729  .0001075
T  920 19 .1518951E+11   2300008E-01 -.1997E+02 -.3673E+01   .9999999 -.0002981 -.0001465
T  921 19 .1518857E+11   2300020E-01 -.1367E+02  .5152E+01   .9999999 -.0001003  .0001062
T  922 19 .1519014E+11   2300004E-01 -.6510E+01 -.4759E+01   .9999999 -.0001919 -.0000190
T  923 19 .1518958E+11   2300018E-01  .1191E+02  .2566E+00   .9999999  .0002338  .0000079
T  924 19 .1518870E+11   2300016E-01  .4243E+01  .3731E+01   .9999999  .0000295 -.0001654
T  925 19 .1518984E+11   2300020E-01  .1365E+02  .1594E+02   .9999999  .0001932  .0000842
T  926 19 .1519006E+11   2300016E-01 -.1907E+01  .2736E+00   .9999999  .0000392  .0001592
T  927 19 .1518972E+11   2300010E-01 -.1673E+02  .3355E+02   .9999999 -.0001869  .0002093
T  928 19 .1518941E+11   2300019E-01  .2250E+01 -.2370E+01   .9999999 -.0000681 -.0000547
T  929 19 .1519017E+11   2300019E-01 -.6019E+01 -.3405E+01   .9999999 -.0001136 -.0000040
T  930 19 .1518938E+11   2300000E-01  .2475E+01 -.1053E+02   .9999999  .0001182 -.0001074
T  931 19 .1519124E+11   2300023E-01 -.1002E+02  .1636E+02   .9999999  .0000398  .0000975
T  932 19 .1519031E+11   2300014E-01 -.2142E+01 -.1609E+02   .9999999 -.0002294 -.0001936
T  933 19 .1518969E+11   2300016E-01 -.3764E+01  .1357E+02   .9999999 -.0001809  .0001473
T  934 19 .1519076E+11   2300006E-01 -.3155E+01  .1595E+02   .9999999 -.0003120  .0002290
T  935 19 .1518909E+11   2300013E-01 -.4880E+01  .6995E+01   .9999999 -.0001405  .0001060
T  936 19 .1519075E+11   2300009E-01  .3786E+01  .6751E+01   .9999999  .0000266  .0000799
T  937 19 .1518792E+11   2300014E-01  .8966E+01 -.9344E+01   .9999999  .0000965 -.0001436
T  938 19 .1519040E+11   2300018E-01  .8686E+01 -.1426E+02   .9999999  .0000556 -.0002014
T  939 19 .1519002E+11   2300019E-01 -.8032E+01 -.1778E+01   .9999999 -.0002582 -.0000421
T  940 19 .1519130E+11   2300016E-01  .3412E+01  .1372E+02   .9999999  .0000671  .0001756
T  941 19 .1519045E+11   2300007E-01  .2690E+02  .4378E+01   .9999999  .0001481 -.0000711
T  942 19 .1519026E+11   2300019E-01  .2517E+01  .2108E+01   .9999999 -.0000713  .0000837
T  943 19 .1518985E+11   2300010E-01 -.1769E+02 -.3427E+01   .9999999 -.0002402 -.0000073
T  944 19 .1519079E+11   2300001E-01 -.3615E+01  .7082E+01   .9999999  .0004049 -.0002790
T  945 19 .1519052E+11   2300023E-01 -.4607E+01 -.6870E+01   .9999999 -.0000022 -.0001194
T  946 19 .1518798E+11   2300003E-01 -.1486E+02  .2105E+01   .9999999 -.0001832 -.0000061
T  947 19 .1519077E+11   2300017E-01 -.1819E+02  .2005E+01   .9999999 -.0002797 -.0000693
T  948 19 .1519052E+11   2300000E-01  .1522E+02 -.4024E+01   .9999999  .0000933  .0000261
T  949 19 .1519029E+11   2300008E-01 -.1436E+02  .9615E+01   .9999999 -.0002135 -.0001818
T  950 19 .1519008E+11   2300010E-01 -.2972E+01 -.6949E+01   .9999999  .0000998  .0000069
T  951 19 .1519015E+11   2300013E-01 -.1481E+02  .1883E+01   .9999999 -.0001513  .0000922
T  952 19 .1519109E+11   2300016E-01  .1231E+02  .2329E+02   .9999999  .0001285  .0001045
T  953 19 .1518958E+11   2300016E-01 -.7018E+01  .6220E+01   .9999999 -.0002396  .0000835
T  954 19 .1519139E+11   2300004E-01  .4529E+01 -.2418E+01   .9999999  .0000043  .0000132
T  955 19 .1518931E+11   2300015E-01 -.1666E+01 -.2144E+02   .9999999  .0000037 -.0002856
T  956 19 .1518942E+11   2300022E-01  .2003E+02  .2800E+02   .9999999  .0002084  .0002952
T  957 19 .1518945E+11   2300018E-01 -.3493E+02 -.6935E+01   .9999997 -.0007166 -.0002137
T  958 19 .1519024E+11   2300018E-01 -.1015E+02  .1423E+02   .9999999 -.0000364  .0001438
T  959 19 .1518950E+11   2300022E-01  .5955E+01  .7804E+00   .9999999 -.0000028  .0001408
T  960 19 .1518976E+11   2300009E-01 -.6025E+01  .4147E+01   .9999999 -.0000356 -.0000614
T  961 19 .1519003E+11   2300011E-01 -.6339E+00  .1329E+02   .9999999  .0000356  .0000595
T  962 19 .1519034E+11   2300003E-01  .7098E+01 -.5771E+01   .9999999  .0000469 -.0002451
T  963 19 .1518920E+11   2300016E-01  .2998E+01  .9219E+01   .9999999 -.0000592  .0001562
T  964 19 .1518950E+11   2300013E-01 -.1723E+02 -.1349E+02   .9999999 -.0001281 -.0000870
T  965 19 .1519106E+11   2300015E-01  .2948E+01 -.2228E+02   .9999999 -.0004717 -.0001941
T  966 19 .1518905E+11   2300000E-01  .9764E+01 -.8727E+01   .9999999  .0002210 -.0001723
T  967 19 .1518985E+11   2300003E-01 -.1435E+02  .1568E+02   .9999999 -.0001197  .0001660
T  968 19 .1518993E+11   2300009E-01 -.4048E+01  .1628E+02   .9999999  .0000044  .0001124
T  969 19 .1519097E+11   2300020E-01  .4565E+01  .6833E+00   .9999999  .0001643  .0002758
T  970 19 .1519056E+11   2300009E-01  .9180E+01 -.1131E+02   .9999999  .0001241 -.0001624
T  971 19 .1519043E+11   2300004E-01 -.3610E+01 -.4452E+01   .9999999 -.0000554  .0000048
T  972 19 .1519084E+11   2300021E-01  .1023E+02  .4681E+01   .9999999  .0001129  .0001077
T  973 19 .1518912E+11   2300015E-01 -.7324E+01  .1482E+02   .9999999 -.0002123  .0004738
T  974 19 .1518939E+11   2300008E-01  .4198E+01  .5271E+01   .9999999 -.0000698  .0000401
T  975 19 .1518875E+11   2300001E-01 -.5831E+01 -.3323E+02   .9999999 -.0001369 -.0003198
T  976 19 .1518889E+11   2300021E-01 -.1975E+01  .2036E+02   .9999999  .0000390  .0001894
T  977 19 .1518918E+11   2300004E-01 -.4154E+01  .2889E+02   .9999999 -.0000766  .0001229
T  978 19 .1518968E+11   2300016E-01 -.1673E+01  .2133E+01   .9999999  .0001038  .0000852
T  979 19 .1519131E+11   2300002E-01  .1842E+02  .1708E+02   .9999999  .0002215  .0001797
T  980 19 .1518872E+11   2300022E-01  .6099E+01 -.3788E+01   .9999999  .0000054 -.0000561
T  981 19 .1519059E+11   2300017E-01  .6937E+00 -.2002E+00   .9999999 -.0000908 -.0000671
T  982 19 .1519223E+11   2300019E-01  .8774E+01  .1515E+01   .9999999  .0001512  .0000692
T  983 19 .1519124E+11   2300022E-01 -.1635E+01  .1681E+01   .9999999  .0000149  .0000974
T  984 19 .1518902E+11   2300007E-01  .2099E+01  .1118E+00   .9999999  .0000065 -.0000570
T  985 19 .1518936E+11   2300020E-01  .1741E+01 -.2532E+01   .9999999 -.0000996  .0000889
T  986 19 .1519081E+11   2300006E-01 -.7866E+01 -.1949E+02   .9999999 -.0000804 -.0001434
T  987 19 .1518958E+11   2300015E-01 -.1090E+02 -.2250E+02   .9999999 -.0002178 -.0001863
T  988 19 .1519055E+11   2300000E-01  .1925E+01  .2277E+02   .9999996  .0007998  .0005086
T  989 19 .1518901E+11   2300005E-01  .1053E+02 -.1628E+01   .9999999  .0001850  .0000034
T  990 19 .1519013E+11   2300020E-01 -.7035E+01  .2129E+02   .9999999 -.0000939  .0001311
T  991 19 .1519021E+11   2300011E-01  .1505E+02 -.1480E+01   .9999999  .0002032 -.0000220
T  992 19 .1519018E+11   2300002E-01 -.9623E+00 -.4945E+01   .9999999  .0001215 -.0000284
T  993 19 .1519000E+11   2300018E-01  .8775E+01 -.2204E+01   .9999999  .0001914 -.0000488
T  994 19 .1519015E+11   2300005E-01 -.3050E+02 -.2435E+02   .9999999 -.0002886 -.0004610
T  995 19 .1518915E+11   2300013E-01 -.1023E+02 -.1587E+02   .9999999 -.0002196 -.0000789
T  996 19 .1518904E+11   2300005E-01  .6734E+01 -.6022E+01   .9999999 -.0000223 -.0000756
T  997 19 .1518927E+11   2300006E-01  .1422E+02  .4111E+01   .9999999  .0000907  .0002270
T  998 19 .1518930E+11   2300000E-01  .1295E+01 -.4072E+01   .9999999  .0000931 -.0001634
T  999 19 .1519045E+11   2300012E-01 -.2229E+01 -.1155E+02   .9999999 -.0000915 -.0002042
T 1000 19 .1519106E+11   2300006E-01  .7348E+00  .2524E+00   .9999999  .0000461 -.0000533
T 1001 19 .1519107E+11   2300013E-01 -.2037E+02  .4705E+01   .9999999  .0000153 -.0000962
T 1002 19 .1519043E+11   2300006E-01  .1149E+02 -.1689E+02   .9999999  .0001758 -.0001825
T 1003 19 .1519045E+11   2300017E-01  .7300E+01 -.7151E+01   .9999999  .0001499 -.0000868
T 1004 19 .1518953E+11   2300014E-01  .7932E+01 -.1503E+02   .9999999  .0001886 -.0002599
T 1005 19 .1518983E+11   2300005E-01 -.1359E+02 -.4719E+01   .9999999  .0000162 -.0001021
T 1006 19 .1518908E+11   2300006E-01 -.1085E+02 -.2577E+02   .9999999 -.0000058 -.0001488
T 1007 19 .1519083E+11   2300008E-01  .8144E+01  .1511E+01   .9999999  .0002585 -.0000179
T 1008 19 .1519085E+11   2300014E-01 -.2102E+01  .1034E+02   .9999999  .0000659  .0000756
T 1009 19 .1519052E+11   2300022E-01  .4725E+01 -.2524E+01   .9999999 -.0000047 -.0000549
T 1010 19 .1518901E+11   2300011E-01 -.6177E+01 -.1670E+01   .9999999 -.0000465  .0000903
T 1011 19 .1518985E+11   2300022E-01 -.6231E+01  .4111E+01   .9999999 -.0002267  .0002920
T 1012 19 .1519006E+11   2300012E-01  .4293E+02 -.4275E+02   .9999999  .0003591 -.0003637
T 1013 19 .1518980E+11   2300015E-01 -.8362E+01  .3088E+01   .9999999 -.0000833 -.0002560
T 1014 19 .1518933E+11   2300007E-01  .1088E+02  .1567E+02   .9999999  .0001071  .0002356
T 1015 19 .1518932E+11   2300003E-01 -.1638E+02  .1320E+02   .9999999 -.0001053  .0001274
T 1016 19 .1519028E+11   2300007E-01 -.2978E+01  .2457E+01   .9999999 -.0000040  .0000312
T 1017 19 .1518935E+11   2300013E-01 -.2653E+02  .6665E+02   .9999999 -.0002110  .0004639
T 1018 19 .1518901E+11   2300012E-01 -.9266E+01 -.1631E+02   .9999999 -.0000332 -.0001188
T 1019 19 .1518988E+11   2300009E-01  .8042E+01 -.1045E+01   .9999999  .0000261 -.0000648
T 1020 19 .1519066E+11   2300020E-01  .1716E+01 -.9705E+01   .9999999  .0001699 -.0001109
T 1021 19 .1519089E+11   2300001E-01 -.1126E+02  .1995E+00   .9999999 -.0001739  .0000255
T 1022 19 .1518961E+11   2300005E-01 -.7530E+01  .1305E+02   .9999999 -.0001311  .0002155
T 1023 19 .1518962E+11   2300012E-01  .1451E+02  .1065E+02   .9999999  .0000663  .0000813
T 1024 19 .1519032E+11   2300005E-01  .1813E+02 -.2111E+02   .9999999  .0001917 -.0001747
T 1025 19 .1518958E+11   2300018E-01 -.8169E+01  .6094E+01   .9999999 -.0000800  .0001540
T 1026 19 .1519044E+11   2300018E-01 -.2503E+02 -.1010E+02   .9999999 -.0003753 -.0003048
T 1027 19 .1519122E+11   2300004E-01  .3293E+02 -.1910E+02   .9999998  .0005037 -.0003431
T 1028 19 .1519033E+11   2300010E-01  .2241E+02  .1220E+02   .9999999  .0002955  .0002716
T 1029 19 .1518894E+11   2300022E-01  .1875E+02 -.3383E+02   .9999998  .0001766 -.0006009
T 1030 19 .1518933E+11   2300004E-01  .1171E+02  .1476E+02   .9999999  .0001519  .0001101
T 1031 19 .1519096E+11   2300005E-01  .5826E+01 -.6390E+01   .9999999  .0000072 -.0002396
T 1032 19 .1518979E+11   2300022E-01 -.3122E+01  .4778E+01   .9999999  .0000266 -.0000548
T 1033 19 .1519026E+11   2300000E-01  .6826E+01  .8581E+00   .9999999  .0001467 -.0000468
T 1034 19 .1519087E+11   2300001E-01  .4230E+01  .1013E+02   .9999999  .0000162  .0001428
T 1035 19 .1519026E+11   2300005E-01 -.3790E+01  .1026E+02   .9999999 -.0002254  .0000650
T 1036 19 .1519096E+11   2300014E-01  .2255E+01  .1280E+02   .9999999  .0001800  .0002347
T 1037 19 .1518862E+11   2300019E-01  .9916E+01 -.6262E+01   .9999999 -.0001075 -.0002276
T 1038 19 .1519158E+11   2300022E-01  .4463E+00  .7005E+01   .9999999  .0000031  .0000735
T 1039 19 .1518847E+11   2300018E-01 -.1501E+02  .2569E+02   .9999999 -.0002312  .0004834
T 1040 19 .1518971E+11   2300020E-01  .9828E+01  .4648E+01   .9999999  .0001202 -.0000588
T 1041 19 .1519058E+11   2300019E-01 -.1602E+01 -.3927E+01   .9999999 -.0000603 -.0001135
T 1042 19 .1519125E+11   2300005E-01 -.6408E+01 -.1197E+02   .9999999 -.0001594 -.0002416
T 1043 19 .1518953E+11   2300018E-01  .8783E+01  .5904E+01   .9999999  .0002038  .0000121
T 1044 19 .1519020E+11   2300018E-01  .2368E+01 -.4973E+01   .9999999  .0001184 -.0000542
T 1045 19 .1518927E+11   2300003E-01 -.1012E+02  .9041E+01   .9999999 -.0001086  .0000063
T 1046 19 .1518899E+11   2300012E-01  .2289E+01  .1424E+02   .9999999 -.0000056  .0000289
T 1047 19 .1519043E+11   2300021E-01  .6961E+01  .1307E+02   .9999999  .0001165  .0001657
T 1048 19 .1519078E+11   2300022E-01 -.1359E+01 -.6915E+01   .9999999  .0000834  .0000166
T 1049 19 .1519002E+11   2300020E-01  .9523E+01 -.1928E+02   .9999999  .0001392 -.0002620
T 1050 19 .1518895E+11   2300022E-01  .1050E+02  .3132E+01   .9999999  .0002240 -.0000168
T 1051 19 .1519013E+11   2300020E-01  .1291E+01 -.6992E+01   .9999999  .0001946  .0000364
T 1052 19 .1518953E+11   2300004E-01 -.7542E+01  .2924E+01   .9999999 -.0001959  .0002365
T 1053 19 .1519077E+11   2300019E-01  .1792E+02  .1362E+02   .9999999  .0003308  .0001394
T 1054 19 .1519026E+11   2300013E-01  .5519E+01 -.2541E+01   .9999999  .0000527 -.0000932
T 1055 19 .1518997E+11   2300000E-01  .2360E+01 -.8019E+01   .9999999 -.0000345 -.0001141
T 1056 19 .1518851E+11   2300012E-01 -.5704E+00  .6077E+01   .9999999  .0000366  .0000809
T 1057 19 .1518975E+11   2300004E-01  .3023E+01 -.4919E+01   .9999999 -.0001420 -.0001735
T 1058 19 .1519133E+11   2300011E-01  .1608E+02 -.6345E+01   .9999999  .0002102 -.0001024
T 1059 19 .1519115E+11   2300016E-01  .1663E+02  .6979E+00   .9999999  .0003412  .0000376
T 1060 19 .1518899E+11   2300001E-01 -.1203E+02  .7862E+01   .9999999 -.0000828 -.0000411
T 1061 19 .1519095E+11   2300023E-01 -.9634E+01  .9729E+01   .9999999 -.0000020  .0001756
T 1062 19 .1519157E+11   2300012E-01 -.8674E+01 -.3847E+01   .9999999 -.0001475 -.0001046
T 1063 19 .1519032E+11   2300021E-01 -.4141E+01 -.3090E+01   .9999999 -.0000422  .0000150
T 1064 19 .1519061E+11   2300001E-01  .6697E+01  .2921E+01   .9999999 -.0000093  .0001996
T 1065 19 .1519112E+11   2300011E-01  .7672E+01 -.2738E+01   .9999999 -.0000951 -.0000611
T 1066 19 .1518947E+11   2300006E-01 -.9180E+01  .1730E+00   .9999999 -.0001048 -.0000236
T 1067 19 .1518865E+11   2300005E-01  .2383E+02 -.3302E+00   .9999999  .0005205  .0000140
T 1068 19 .1519000E+11   2300009E-01 -.1567E+02  .1671E+02   .9999999 -.0003414  .0000570
T 1069 19 .1519023E+11   2300011E-01  .4501E+01  .1493E+01   .9999999  .0000715  .0000137
T 1070 19 .1518873E+11   2300013E-01  .9741E+01 -.5925E+01   .9999999  .0001333 -.0001199
T 1071 19 .1519055E+11   2300015E-01  .3551E+01 -.8487E+01   .9999999  .0000251 -.0001666
T 1072 19 .1518973E+11   2300006E-01  .5407E+01 -.1609E+01   .9999999 -.0000163  .0000647
T 1073 19 .1518944E+11   2300013E-01  .3253E+01 -.8776E+01   .9999999  .0000525 -.0001008
T 1074 19 .1518970E+11   2300005E-01 -.2931E+02 -.1322E+02   .9999999 -.0003096  .0001006
T 1075 19 .1518842E+11   2300021E-01 -.1751E+01  .8490E+01   .9999999  .0000553 -.0000010
T 1076 19 .1518918E+11   2300016E-01 -.6206E+01 -.1530E+02   .9999999 -.0001307 -.0001789
T 1077 19 .1519008E+11   2300008E-01  .9835E+01 -.2572E+01   .9999999  .0000924  .0001960
T 1078 19 .1519135E+11   2300007E-01  .1014E+02 -.1303E+01   .9999999  .0001720 -.0001291
T 1079 19 .1519096E+11   2300004E-01 -.2681E+01  .4654E+01   .9999999 -.0001155 -.0000264
T 1080 19 .1519074E+11   2300021E-01  .5703E+01  .2245E+02   .9999999 -.0000241  .0003041
T 1081 19 .1518975E+11   2300015E-01  .2890E-01 -.6321E+01   .9999999  .0000496 -.0000102
T 1082 19 .1518873E+11   2300014E-01 -.1532E+02  .7078E+00   .9999999 -.0001684 -.0000231
T 1083 19 .1519054E+11   2300004E-01  .1640E+02  .9375E+01   .9999999  .0001306  .0002742
T 1084 19 .1518955E+11   2300015E-01  .9133E+01  .2147E+02   .9999999  .0001417  .0003115
T 1085 19 .1518913E+11   2300016E-01 -.8260E+01 -.2444E+01   .9999999  .0000619 -.0001751
T 1086 19 .1519129E+11   2300019E-01 -.4316E+01  .3008E+01   .9999999 -.0001460  .0000755
T 1087 19 .1518991E+11   2300000E-01 -.1452E+02  .1762E+01   .9999999 -.0003246  .0000697
T 1088 19 .1519005E+11   2300022E-01 -.1721E+02  .6374E+01   .9999999 -.0002920  .0001947
T 1089 19 .1519075E+11   2300010E-01  .1013E+02 -.9663E+01   .9999999  .0002010 -.0001446
T 1090 19 .1519067E+11   2300020E-01  .3068E+02  .1080E+02   .9999999  .0003349  .0001578
T 1091 19 .1518969E+11   2300010E-01  .7493E+01  .7395E+01   .9999999  .0002180  .0000474
T 1092 19 .1519111E+11   2300004E-01 -.1904E+02 -.9794E+01   .9999999 -.0003140  .0000348
T 1093 19 .1518998E+11   2300018E-01  .8379E+00 -.9753E+00   .9999999  .0000178 -.0001028
T 1094 19 .1519107E+11   2300000E-01 -.2318E+01 -.3910E+01   .9999999 -.0000296 -.0001135
T 1095 19 .1519012E+11   2300009E-01 -.7353E+00 -.1644E+01   .9999999  .0000714  .0000081
T 1096 19 .1519128E+11   2300021E-01 -.5037E+01  .7957E+01   .9999999 -.0000711  .0001131
T 1097 19 .1518744E+11   2300020E-01 -.1317E+02  .1621E+01   .9999999 -.0001421  .0000292
T 1098 19 .1518830E+11   2300019E-01  .2965E+01  .6918E+01   .9999999  .0000964  .0003167
T 1099 19 .1519056E+11   2300001E-01 -.4054E+01  .8236E+01   .9999999 -.0001400  .0000602
T 1100 19 .1519076E+11   2300020E-01  .1047E+02 -.3311E+02   .9999999  .0000975 -.0003805
T 1101 19 .1518971E+11   2300010E-01 -.1916E+02 -.3904E+02   .9999999 -.0003429 -.0002051
T 1102 19 .1518902E+11   2300002E-01  .1119E+02 -.1962E+02   .9999999  .0001771 -.0003388
T 1103 19 .1519052E+11   2300017E-01  .7751E+01  .1158E+01   .9999999  .0001429  .0000723
T 1104 19 .1518943E+11   2300012E-01 -.5275E+01  .6247E+01   .9999999  .0000266  .0000726
T 1105 19 .1518906E+11   2300015E-01  .2612E+02  .1429E+02   .9999999  .0003221  .0001477
T 1106 19 .1518968E+11   2300017E-01  .1998E+02  .4081E+01   .9999999  .0001743 -.0000349
T 1107 19 .1518949E+11   2300007E-01 -.1975E+02 -.7672E+01   .9999999 -.0005218 -.0000624
T 1108 19 .1519017E+11   2300021E-01  .1049E+01  .1188E+02   .9999999 -.0001119  .0002089
T 1109 19 .1518942E+11   2300017E-01 -.6333E+01 -.8657E+00   .9999999 -.0003591 -.0000728
T 1110 19 .1518854E+11   2300000E-01  .4995E+00  .1269E+02   .9999999 -.0001133  .0003491
T 1111 19 .1518868E+11   2300004E-01  .1114E+02  .2637E+01   .9999999  .0001933  .0001473
T 1112 19 .1519083E+11   2300006E-01 -.6416E+01  .8349E+01   .9999999 -.0001782  .0001271
T 1113 19 .1518890E+11   2300014E-01  .2836E+01  .9406E+01   .9999999  .0000540 -.0000093
T 1114 19 .1518995E+11   2300002E-01 -.9759E+01 -.1326E+02   .9999999 -.0002738 -.0000074
T 1115 19 .1518954E+11   2300022E-01  .3799E+01  .6536E+01   .9999999  .0000705  .0000013
T 1116 19 .1518867E+11   2300004E-01  .3840E+01 -.1926E+01   .9999999  .0000927 -.0001188
T 1117 19 .1519049E+11   2300002E-01  .9728E+01 -.1141E+02   .9999999  .0002482 -.0001795
T 1118 19 .1518968E+11   2300013E-01  .2633E+01  .2516E+02   .9999999  .0000480  .0002818
T 1119 19 .1519186E+11   2300009E-01  .1858E+02  .1193E+02   .9999999  .0002867  .0000412
T 1120 19 .1519074E+11   2300019E-01  .2914E+01  .4882E+00   .9999999  .0002141  .0001007
T 1121 19 .1519120E+11   2300023E-01  .1035E+02 -.2025E+01   .9999999  .0001480  .0000049
T 1122 19 .1519062E+11   2300008E-01 -.3020E+00 -.6538E+01   .9999999 -.0001333 -.0002055
T 1123 19 .1519073E+11   2300006E-01  .3694E+02  .1620E+02   .9999990  .0013448  .0003144
T 1124 19 .1518983E+11   2300003E-01  .1976E+02  .3510E+02   .9999999  .0001856  .0002156
T 1125 19 .1518953E+11   2300023E-01  .5404E+00 -.1788E+02   .9999999 -.0000016 -.0001203
T 1126 19 .1518975E+11   2300014E-01 -.8925E+01  .1467E+02   .9999999 -.0001316  .0000127
T 1127 19 .1519003E+11   2300005E-01  .3379E+00  .8704E+01   .9999999 -.0000049  .0001255
T 1128 19 .1518818E+11   2300015E-01 -.1507E+01  .1094E+02   .9999999 -.0000569  .0000714
T 1129 19 .1518984E+11   2300020E-01  .3704E+01 -.7548E+01   .9999999  .0000737 -.0000284
T 1130 19 .1519000E+11   2300018E-01 -.4064E+01  .2934E+01   .9999999 -.0000467  .0000879
T 1131 19 .1518971E+11   2300003E-01 -.3532E+01 -.1575E+02   .9999999 -.0002767  .0000857
T 1132 19 .1518933E+11   2300016E-01 -.1902E+02 -.3844E+01   .9999999 -.0001914 -.0000033
T 1133 19 .1518984E+11   2300021E-01 -.1107E+02  .7573E+00   .9999999 -.0001593 -.0000654
T 1134 19 .1519066E+11   2300015E-01  .5705E+01 -.5351E+01   .9999999  .0000154 -.0001377
T 1135 19 .1519047E+11   2300005E-01  .6465E+01 -.1672E+02   .9999999 -.0000482 -.0000736
T 1136 19 .1518904E+11   2300010E-01  .1748E+01 -.9213E+00   .9999999  .0000639 -.0000277
T 1137 19 .1518921E+11   2300021E-01  .1174E+02 -.1120E+02   .9999999  .0000242 -.0001090
T 1138 19 .1519019E+11   2300007E-01  .1147E+02 -.1387E+02   .9999999  .0000334 -.0004040
T 1139 19 .1518999E+11   2300020E-01 -.3055E+01 -.8815E+00   .9999999  .0000790 -.0000109
T 1140 19 .1519086E+11   2300004E-01  .8995E+01 -.3467E+01   .9999999  .0002360  .0000052
T 1141 19 .1519074E+11   2300022E-01 -.1373E+02  .9506E+01   .9999999 -.0002746  .0000789
T 1142 19 .1518986E+11   2300005E-01 -.3653E+02  .3131E+01   .9999999 -.0004804  .0001709
T 1143 19 .1518796E+11   2300016E-01  .5004E+01  .1174E+02   .9999999  .0001610  .0002100
T 1144 19 .1519131E+11   2300003E-01  .6560E+01 -.1945E+02   .9999999 -.0000281 -.0000144
T 1145 19 .1519117E+11   2300008E-01 -.3745E+02  .6842E+01   .9999999 -.0003929  .0000953
T 1146 19 .1518884E+11   2300017E-01 -.8056E+01 -.5579E+01   .9999999 -.0000200 -.0002498
T 1147 19 .1519001E+11   2300017E-01  .2613E+02  .1960E+02   .9999999  .0002116  .0000313
T 1148 19 .1519032E+11   2300001E-01  .1217E+02  .1764E+01   .9999999  .0001559  .0000442
T 1149 19 .1519052E+11   2300013E-01  .6739E+01  .2522E+02   .9999999  .0001648  .0003158
T 1150 19 .1519037E+11   2300005E-01  .1566E+01 -.5842E+01   .9999999 -.0000778 -.0000103
T 1151 19 .1519048E+11   2300013E-01 -.1205E+02  .4264E+01   .9999999 -.0000530  .0000941
T 1152 19 .1518984E+11   2300022E-01 -.9812E+01 -.1043E+01   .9999999  .0000243  .0001992
T 1153 19 .1518791E+11   2300021E-01  .1382E+02 -.7732E+01   .9999999  .0001450 -.0001735
T 1154 19 .1518936E+11   2300007E-01 -.6311E+02 -.5933E+02   .9999993 -.0008561 -.0007606
T 1155 19 .1519043E+11   2300007E-01  .1059E+02  .7647E+01   .9999999  .0001848  .0001219
T 1156 19 .1519093E+11   2300012E-01  .8273E+00  .7221E+01   .9999999  .0000982 -.0000267
T 1157 19 .1518978E+11   2300021E-01 -.7192E+01  .1112E+02   .9999999 -.0001910  .0000997
T 1158 19 .1519071E+11   2300011E-01 -.5793E+01  .3975E+00   .9999999 -.0001462 -.0000123
T 1159 19 .1519130E+11   2300015E-01  .5981E+01 -.5833E+01   .9999999  .0000885 -.0000818
T 1160 19 .1519028E+11   2300007E-01  .4027E+01 -.1181E+02   .9999999  .0000768 -.0002461
T 1161 19 .1519032E+11   2300012E-01 -.3463E+01 -.8486E+01   .9999999 -.0000440 -.0001280
T 1162 19 .1519111E+11   2300016E-01 -.6547E+01  .1726E+01   .9999999 -.0001012 -.0001706
T 1163 19 .1519182E+11   2300015E-01  .1470E+02  .2457E+01   .9999999  .0000619 -.0000702
T 1164 19 .1519021E+11   2300018E-01  .3157E+01 -.1070E+02   .9999999 -.0000236 -.0000200
T 1165 19 .1518938E+11   2300003E-01 -.5670E+00 -.2000E+01   .9999999 -.0000615  .0001050
T 1166 19 .1518853E+11   2300007E-01 -.2075E+01  .2580E+01   .9999999  .0000335  .0000713
T 1167 19 .1519072E+11   2300018E-01  .8969E+01 -.2674E+02   .9999999  .0000361 -.0003497
T 1168 19 .1518809E+11   2300003E-01  .5910E+01 -.1891E+01   .9999999  .0000271  .0000090
T 1169 19 .1519103E+11   2300019E-01  .1605E+02 -.5604E+01   .9999999  .0001632 -.0002059
T 1170 19 .1518938E+11   2300003E-01 -.6684E+01  .4446E+01   .9999999 -.0000714  .0001544
T 1171 19 .1518938E+11   2300000E-01 -.2922E+01 -.5662E+01   .9999999 -.0001548 -.0000362
T 1172 19 .1519038E+11   2300008E-01 -.1446E+02  .1077E+02   .9999999 -.0001749  .0002085
T 1173 19 .1518904E+11   2300021E-01 -.2572E+02  .1949E+02   .9999999 -.0002267  .0002257
T 1174 19 .1518923E+11   2300001E-01 -.1253E+02  .1866E+01   .9999999 -.0000278  .0000390
T 1175 19 .1518864E+11   2300016E-01  .5243E+01  .5404E+01   .9999999  .0000023  .0001106
T 1176 19 .1518929E+11   2300007E-01 -.9817E+01  .4309E+01   .9999999 -.0001906  .0000353
T 1177 19 .1519126E+11   2300023E-01  .1060E+01  .1109E+02   .9999999 -.0001248  .0002110
T 1178 19 .1519162E+11   2300018E-01 -.6626E+01 -.2654E+01   .9999999 -.0002009 -.0001676
T 1179 19 .1518932E+11   2300017E-01  .3929E+01  .5491E+01   .9999999 -.0000100  .0001736
T 1180 19 .1519060E+11   2300016E-01  .2766E+02 -.1008E+02   .9999999  .0003806  .0000131
T 1181 19 .1518928E+11   2300015E-01  .1953E+02  .1463E+01   .9999999  .0000642  .0001061
T 1182 19 .1519024E+11   2300015E-01 -.7377E+02  .1516E+02   .9999985 -.0016968  .0003465
T 1183 19 .1519037E+11   2300019E-01 -.1069E+02 -.5308E+01   .9999999 -.0000101 -.0000869
T 1184 19 .1518943E+11   2300014E-01 -.9221E+01  .5438E+01   .9999999 -.0000201 -.0000137
T 1185 19 .1519043E+11   2300022E-01  .8492E+01 -.1096E+02   .9999999  .0000467 -.0002298
T 1186 19 .1519024E+11   2300018E-01 -.8123E+00  .1682E+02   .9999999  .0000728  .0002736
T 1187 19 .1518993E+11   2300000E-01 -.8086E+01  .2634E+02   .9999999 -.0002118  .0002425
T 1188 19 .1519070E+11   2300015E-01 -.1919E+02 -.2681E+01   .9999999 -.0001943  .0001327
T 1189 19 .1518855E+11   2300019E-01 -.1562E+02 -.1651E+02   .9999999 -.0000888 -.0002407
T 1190 19 .1518885E+11   2300007E-01 -.7535E+01  .7028E+01   .9999999 -.0002008  .0001635
T 1191 19 .1519007E+11   2300018E-01 -.1969E+01  .7856E+01   .9999999 -.0002059  .0003541
T 1192 19 .1519264E+11   2300017E-01  .1129E+01 -.2156E+01   .9999999  .0001395 -.0001715
T 1193 19 .1518913E+11   2300007E-01  .1450E+01  .1526E+01   .9999999  .0000119  .0000366
T 1194 19 .1519099E+11   2300010E-01 -.5966E+01 -.6562E+01   .9999999 -.0000379  .0000010
T 1195 19 .1518944E+11   2300019E-01 -.2338E+01  .2454E+01   .9999999  .0001764 -.0000213
T 1196 19 .1518941E+11   2300014E-01 -.4182E+01 -.2957E+01   .9999999 -.0002737 -.0002089
T 1197 19 .1519094E+11   2300012E-01  .7457E+01 -.6118E+01   .9999999  .0000907 -.0000321
T 1198 19 .1518961E+11   2300021E-01 -.1179E+02 -.9076E+01   .9999999 -.0000398 -.0002076
T 1199 19 .1518972E+11   2300012E-01  .1792E+01 -.6255E+01   .9999999 -.0001133 -.0001156
T 1200 19 .1518884E+11   2300009E-01 -.2049E+03 -.7769E+02   .9999965 -.0025024 -.0008784
T 1201 19 .1519048E+11   2300018E-01 -.1466E+02  .1727E+01   .9999999 -.0003151 -.0001464
T 1202 19 .1518981E+11   2300015E-01 -.7031E+01 -.2439E+02   .9999999 -.0000931 -.0002479
T 1203 19 .1519067E+11   2300005E-01  .1265E+02  .8046E+02   .9999990  .0001714  .0014034
T 1204 19 .1519027E+11   2300012E-01  .4018E+01  .3652E+01   .9999999  .0000936  .0000127
T 1205 19 .1519133E+11   2300007E-01 -.9044E+01 -.6483E+01   .9999999 -.0001568 -.0000703
T 1206 19 .1519121E+11   2300003E-01  .1773E+02 -.1393E+02   .9999999  .0002180 -.0001184
T 1207 19 .1519130E+11   2300012E-01 -.5167E+01 -.2647E+01   .9999999 -.0000418 -.0000599
T 1208 19 .1518938E+11   2300017E-01  .9245E+01 -.2911E+02   .9999999 -.0000406 -.0002676
T 1209 19 .1518906E+11   2300017E-01 -.5523E+01  .5313E+01   .9999999 -.0001874 -.0000104
T 1210 19 .1518925E+11   2300001E-01 -.1401E+02 -.1188E+00   .9999999 -.0001143  .0001065
T 1211 19 .1518992E+11   2300005E-01 -.4974E+01 -.2538E+00   .9999999  .0000383  .0000655
T 1212 19 .1518998E+11   2300018E-01  .2155E+01 -.1544E+02   .9999998 -.0000724 -.0006148
T 1213 19 .1519075E+11   2300020E-01  .1446E+02 -.6998E+01   .9999999  .0001374 -.0001026
T 1214 19 .1518866E+11   2300000E-01  .3455E+02 -.1386E+01   .9999999  .0003930 -.0000244
T 1215 19 .1519035E+11   2300015E-01 -.1534E+02 -.5365E+01   .9999999 -.0000846 -.0000644
T 1216 19 .1519060E+11   2300019E-01 -.1099E+02  .5111E+01   .9999999 -.0000235 -.0000286
T 1217 19 .1519033E+11   2300016E-01 -.6996E+02  .8867E+02   .9999954 -.0019380  .0023130
T 1218 19 .1519014E+11   2300020E-01  .1636E+02 -.1263E+01   .9999999  .0000874  .0000253
T 1219 19 .1519000E+11   2300008E-01  .1241E+02  .1729E+02   .9999999  .0001080  .0002553
T 1220 19 .1518885E+11   2300008E-01 -.1221E+01  .6459E+01   .9999999 -.0000267  .0000929
T 1221 19 .1519122E+11   2300018E-01  .7356E-01  .2004E+01   .9999999 -.0000234 -.0001316
T 1222 19 .1518993E+11   2300003E-01  .1743E+02  .2256E+02   .9999999  .0000925  .0002919
T 1223 19 .1518983E+11   2300015E-01  .7205E+01 -.9577E+01   .9999999  .0000505 -.0000723
T 1224 19 .1519165E+11   2300006E-01  .9468E+01  .5100E+02   .9999998  .0000680  .0006488
T 1225 19 .1518996E+11   2300018E-01  .1152E+02 -.2308E+01   .9999999  .0000938  .0000645
T 1226 19 .1519023E+11   2300022E-01 -.3772E+01 -.2364E+01   .9999999  .0000060 -.0000371
T 1227 19 .1518963E+11   2300001E-01  .6950E+01  .2991E+01   .9999999  .0001976  .0000352
T 1228 19 .1519072E+11   2300000E-01  .4682E+02 -.2179E+02   .9999998  .0005792 -.0001120
T 1229 19 .1519151E+11   2300016E-01 -.2175E+02 -.7031E+02   .9999823 -.0024932 -.0054102
T 1230 19 .1519098E+11   2300022E-01  .3603E+01 -.3699E+01   .9999999  .0000097 -.0001911
T 1231 19 .1519032E+11   2300022E-01 -.2463E+01 -.1829E+01   .9999999 -.0000644 -.0000278
T 1232 19 .1519123E+11   2300006E-01  .2990E+01  .3737E+01   .9999999  .0000398  .0000269
T 1233 19 .1519029E+11   2300010E-01 -.1251E+02 -.1074E+02   .9999999 -.0001395 -.0001420
T 1234 19 .1519016E+11   2300022E-01 -.2067E+02 -.5703E+00   .9999999 -.0002992 -.0000266
T 1235 19 .1519004E+11   2300022E-01  .1661E+01  .6374E+01   .9999999  .0001346 -.0000181
T 1236 19 .1519110E+11   2300019E-01  .1581E+01  .6876E+01   .9999999  .0000139  .0000514
T 1237 19 .1518978E+11   2300015E-01 -.4764E+01 -.1639E+01   .9999999 -.0000645  .0001185
T 1238 19 .1519058E+11   2300004E-01  .9503E+01 -.7202E+01   .9999999  .0000890 -.0000136
T 1239 19 .1518991E+11   2300021E-01 -.4755E+01  .1343E+02   .9999999 -.0000945  .0001024
T 1240 19 .1519107E+11   2300008E-01  .1575E+02 -.2978E+01   .9999999  .0001785 -.0000194
T 1241 19 .1519078E+11   2300019E-01 -.9627E+01  .9161E+01   .9999999  .0000399  .0002031
T 1242 19 .1519111E+11   2300014E-01 -.8287E+01  .1163E+02   .9999999 -.0000284  .0001368
T 1243 19 .1519044E+11   2300010E-01 -.8002E+01 -.3305E+01   .9999999 -.0001109  .0001100
T 1244 19 .1518975E+11   2300018E-01 -.1128E+01 -.1044E+02   .9999999  .0000024 -.0001282
T 1245 19 .1519045E+11   2300011E-01 -.1811E+01  .2259E+01   .9999999 -.0000931 -.0000265
T 1246 19 .1519002E+11   2300015E-01 -.1869E+02  .1599E+01   .9999999 -.0002185 -.0000563
T 1247 19 .1519101E+11   2300003E-01  .6122E+01 -.2073E+01   .9999999  .0001321 -.0001678
T 1248 19 .1518970E+11   2300019E-01 -.2677E+01 -.7981E+01   .9999999  .0000376  .0000448
T 1249 19 .1519021E+11   2300001E-01 -.8588E+01  .6728E+01   .9999999 -.0001471  .0000798
T 1250 19 .1518952E+11   2300008E-01 -.1389E+02 -.1011E+02   .9999999 -.0000300 -.0001679
T 1251 19 .1518911E+11   2300020E-01 -.2327E+00  .1413E+02   .9999999 -.0002087  .0001942
T 1252 19 .1519116E+11   2300011E-01 -.1691E+02 -.3596E+01   .9999999 -.0003222 -.0000500
T 1253 19 .1518973E+11   2300008E-01 -.1376E+02 -.9888E+01   .9999999 -.0002381 -.0000619
T 1254 19 .1518943E+11   2300021E-01  .5991E+01 -.2204E+01   .9999999  .0001379 -.0000313
T 1255 19 .1519137E+11   2300000E-01  .1227E+02  .1340E+02   .9999999  .0002187  .0001191
T 1256 19 .1518879E+11   2300010E-01 -.6208E+02 -.8307E+01   .9999998 -.0005923 -.0000335
T 1257 19 .1519059E+11   2300019E-01  .5808E+01 -.2514E+02   .9999999 -.0000224 -.0003487
T 1258 19 .1519024E+11   2300023E-01 -.2570E+01  .5615E+01   .9999999  .0000451  .0001507
T 1259 19 .1519041E+11   2300016E-01  .1897E+02  .7950E+01   .9999999  .0001787  .0000719
T 1260 19 .1519027E+11   2300017E-01  .2406E+01  .1496E+02   .9999999  .0000633  .0002659
T 1261 19 .1519020E+11   2300009E-01 -.1785E+02  .5775E+01   .9999999 -.0002268  .0000676
T 1262 19 .1519077E+11   2300000E-01  .1295E+02  .1637E+01   .9999999  .0001974 -.0000482
T 1263 19 .1519029E+11   2300001E-01  .5465E-01  .1007E+02   .9999999 -.0001346  .0000784
T 1264 19 .1519007E+11   2300016E-01 -.2596E+01 -.1605E+01   .9999999  .0000114  .0000695
T 1265 19 .1518843E+11   2300009E-01  .1856E+02  .1847E+02   .9999999  .0001776  .0001789
T 1266 19 .1519178E+11   2300014E-01 -.1678E+02  .1428E+01   .9999999 -.0004089  .0000010
T 1267 19 .1518783E+11   2300002E-01 -.1598E+02 -.2982E+01   .9999999 -.0001530 -.0001831
T 1268 19 .1519047E+11   2300022E-01  .2495E+02 -.2099E+01   .9999999  .0002219  .0000640
T 1269 19 .1518970E+11   2300016E-01 -.1493E+01  .1603E+02   .9999999 -.0001384  .0001495
T 1270 19 .1518932E+11   2300008E-01 -.4891E+01  .1036E+02   .9999999 -.0000830  .0000875
T 1271 19 .1518962E+11   2300021E-01 -.3252E+01  .2838E+02   .9999999 -.0001505  .0004588
T 1272 19 .1518855E+11   2300017E-01  .1881E+02  .4225E+02   .9999999  .0001242  .0003857
T 1273 19 .1519171E+11   2300014E-01  .1110E+02 -.1437E+01   .9999999  .0002154 -.0000486
T 1274 19 .1519040E+11   2300021E-01 -.9694E+01 -.8939E+01   .9999999 -.0001856 -.0002567
T 1275 19 .1518918E+11   2300010E-01  .9471E+01 -.9277E+00   .9999999 -.0000755 -.0001779
T 1276 19 .1518813E+11   2300021E-01  .1280E+02  .1437E+02   .9999999  .0001080  .0002028
T 1277 19 .1518963E+11   2300004E-01 -.4890E+02  .5600E+02   .9999996 -.0002811  .0007972
T 1278 19 .1518906E+11   2300018E-01 -.7150E+02 -.5714E+02   .9999996 -.0006761 -.0005311
T 1279 19 .1519048E+11   2300010E-01  .6602E+01 -.5372E+01   .9999999 -.0000044 -.0000271
T 1280 19 .1519123E+11   2300023E-01  .2337E+02 -.8534E+01   .9999999  .0003171 -.0000463
T 1281 19 .1519080E+11   2300019E-01 -.1891E+01 -.2201E+02   .9999999 -.0000583 -.0003626
T 1282 19 .1519006E+11   2300014E-01  .4900E+01 -.1606E+02   .9999999  .0000299 -.0001829
T 1283 19 .1518801E+11   2300023E-01  .1326E+02 -.1755E+02   .9999999  .0001349 -.0003725
T 1284 19 .1519021E+11   2300023E-01  .2488E+01 -.6324E+01   .9999999  .0000772 -.0001274
T 1285 19 .1519133E+11   2300017E-01  .8294E+01  .8804E+01   .9999999  .0002459 -.0000155
T 1286 19 .1518907E+11   2300021E-01 -.4389E+00  .2180E+02   .9999999  .0000387  .0002767
T 1287 19 .1518897E+11   2300015E-01 -.2861E+01 -.1969E+01   .9999999 -.0000693 -.0000608
T 1288 19 .1519109E+11   2300001E-01 -.4378E+01 -.3765E+01   .9999999  .0003691 -.0000740
T 1289 19 .1518875E+11   2300022E-01 -.1065E+01  .2277E+01   .9999999 -.0000259  .0000009
T 1290 19 .1518946E+11   2300022E-01 -.2949E+01 -.1677E+01   .9999999  .0000009  .0000298
T 1291 19 .1519045E+11   2300014E-01 -.1857E+02  .1786E+01   .9999999 -.0004004 -.0000340
T 1292 19 .1518968E+11   2300020E-01  .7866E+00 -.4400E+01   .9999999  .0001118 -.0000412
T 1293 19 .1519024E+11   2300003E-01  .7437E+01 -.7519E+00   .9999999  .0000118  .0000538
T 1294 19 .1519107E+11   2300016E-01  .2637E+00  .1640E+02   .9999999  .0000818 -.0000101
T 1295 19 .1518917E+11   2300007E-01  .3799E+01 -.2135E+02   .9999999  .0000227 -.0003408
T 1296 19 .1519100E+11   2300008E-01  .8592E+01  .1051E+02   .9999999  .0001305  .0003515
T 1297 19 .1518910E+11   2300004E-01  .1904E+02  .2608E+01   .9999999  .0000265  .0001876
T 1298 19 .1518891E+11   2300005E-01 -.4422E+01 -.2596E+01   .9999999 -.0000276 -.0000011
T 1299 19 .1519062E+11   2300002E-01 -.8472E+01  .2248E+02   .9999999 -.0002047  .0004737
T 1300 19 .1519051E+11   2300012E-01  .9021E+01  .1926E+02   .9999999  .0002208  .0002424
T 1301 19 .1518911E+11   2300020E-01  .2563E+02  .3672E+02   .9999999  .0002381  .0004230
T 1302 19 .1518884E+11   2300020E-01 -.6079E+01 -.4297E+01   .9999999 -.0002066 -.0002877
T 1303 19 .1518957E+11   2300014E-01 -.9686E+01 -.1080E+02   .9999999 -.0000332 -.0000129
T 1304 19 .1518972E+11   2300022E-01 -.2159E+02  .1356E+02   .9999998 -.0005798  .0003110
T 1305 19 .1518928E+11   2300015E-01 -.9221E+01 -.2036E+01   .9999999 -.0003201  .0000166
T 1306 19 .1519025E+11   2300019E-01  .1015E+02  .5429E+01   .9999999  .0000388  .0000476
T 1307 19 .1519033E+11   2300021E-01 -.1464E+02  .4018E+01   .9999999 -.0001773  .0001324
T 1308 19 .1518957E+11   2300005E-01 -.2363E+02  .9044E+01   .9999999 -.0000067  .0001462
T 1309 19 .1518971E+11   2300020E-01  .9480E+01 -.1885E+02   .9999999  .0001528 -.0002469
T 1310 19 .1518973E+11   2300007E-01 -.3319E+02  .1262E+01   .9999998 -.0005747 -.0001370
T 1311 19 .1519202E+11   2300004E-01 -.1041E+02 -.8659E+01   .9999999 -.0002070 -.0002488
T 1312 19 .1519071E+11   2300000E-01 -.9112E+01  .1744E+02   .9999999 -.0000241  .0003989
T 1313 19 .1519113E+11   2300011E-01  .1919E+02  .2273E+02   .9999999  .0003086  .0002599
T 1314 19 .1518946E+11   2300007E-01 -.5561E+01 -.7427E+01   .9999999 -.0001462 -.0001645
T 1315 19 .1519150E+11   2300000E-01 -.1245E+02  .3697E+00   .9999999 -.0003056 -.0000096
T 1316 19 .1518976E+11   2300002E-01  .1494E+02  .8081E+01   .9999999  .0000654  .0002172
T 1317 19 .1518995E+11   2300011E-01 -.5526E+01  .5507E+00   .9999999 -.0001487 -.0002284
T 1318 19 .1519009E+11   2300000E-01  .4105E+01 -.1508E+01   .9999999  .0001424  .0000132
T 1319 19 .1518924E+11   2300018E-01 -.3167E+01 -.9969E+00   .9999999 -.0000763 -.0000483
T 1320 19 .1518971E+11   2300016E-01 -.9587E+00 -.5626E+01   .9999999  .0000476 -.0000026
T 1321 19 .1518846E+11   2300021E-01 -.1544E+02 -.4471E+01   .9999999 -.0002055 -.0000966
T 1322 19 .1518877E+11   2300010E-01 -.1464E+02 -.2150E+02   .9999999 -.0001230 -.0003049
T 1323 19 .1519067E+11   2300006E-01 -.3950E+02  .2927E+02   .9999999 -.0004028  .0000982
T 1324 19 .1519051E+11   2300021E-01  .1024E+02  .3027E+01   .9999999  .0000818  .0000940
T 1325 19 .1518938E+11   2300008E-01  .5644E+01  .9799E+01   .9999999  .0000683  .0001457
T 1326 19 .1518949E+11   2300013E-01  .1901E+01 -.3012E+01   .9999999 -.0000165 -.0000603
T 1327 19 .1518949E+11   2300008E-01  .1291E+02 -.2458E+02   .9999999  .0001107 -.0001078
T 1328 19 .1518998E+11   2300020E-01  .3717E+01 -.1422E+02   .9999999 -.0001100 -.0002497
T 1329 19 .1518866E+11   2300021E-01  .2868E+00 -.1962E+01   .9999999 -.0001019 -.0000555
T 1330 19 .1518991E+11   2300008E-01  .1406E+02 -.5805E+00   .9999999  .0001037  .0000955
T 1331 19 .1518906E+11   2300020E-01 -.1255E+02  .7501E+01   .9999999 -.0002831  .0000300
T 1332 19 .1518889E+11   2300010E-01 -.1530E+02  .9733E+01   .9999999 -.0002611  .0002024
T 1333 19 .1518964E+11   2300011E-01 -.2503E+01  .1406E+02   .9999999 -.0001746  .0001365
T 1334 19 .1518992E+11   2300011E-01 -.3651E+01 -.7484E+00   .9999999  .0000667  .0000396
T 1335 19 .1519043E+11   2300023E-01  .3643E+02  .9488E+02   .9999995  .0004452  .0009376
T 1336 19 .1518958E+11   2300022E-01  .9681E+01 -.4205E+01   .9999999  .0001566 -.0001379
T 1337 19 .1518901E+11   2300009E-01 -.8480E+01  .2469E+01   .9999999 -.0000559  .0001424
T 1338 19 .1519010E+11   2300020E-01 -.1455E+02  .2931E+01   .9999999 -.0001779 -.0001495
T 1339 19 .1518927E+11   2300000E-01 -.2028E+01 -.3867E+01   .9999999  .0000013 -.0000694
T 1340 19 .1518953E+11   2300018E-01 -.2218E+00  .1245E+02   .9999999 -.0000115  .0001617
T 1341 19 .1519047E+11   2300005E-01 -.6690E+01  .2258E+02   .9999999 -.0000074  .0002791
T 1342 19 .1518837E+11   2300007E-01 -.1624E+02 -.6354E+01   .9999999 -.0003201 -.0000697
T 1343 19 .1518918E+11   2300008E-01  .4199E+01  .2650E+01   .9999999  .0001045 -.0000173
T 1344 19 .1518984E+11   2300015E-01 -.1734E+02  .2711E+02   .9999999 -.0002458  .0003373
T 1345 19 .1518928E+11   2300000E-01 -.5712E+00  .4348E+01   .9999999 -.0000427 -.0000584
T 1346 19 .1518971E+11   2300007E-01  .1684E+01  .1987E+01   .9999999  .0000054 -.0000806
T 1347 19 .1518896E+11   2300019E-01  .3174E+01  .1114E+02   .9999999  .0001235  .0000937
T 1348 19 .1518961E+11   2300008E-01 -.2751E+01 -.3261E+01   .9999999 -.0000213 -.0000367
T 1349 19 .1519077E+11   2300017E-01 -.7953E+02  .3588E+01   .9999999 -.0005016  .0000156
T 1350 19 .1518992E+11   2300013E-01 -.1244E+02 -.6304E+01   .9999999 -.0001236 -.0001272
T 1351 19 .1519054E+11   2300022E-01 -.6932E+01 -.2650E+00   .9999999 -.0001201  .0000834
T 1352 19 .1519021E+11   2300016E-01 -.5401E+01  .4389E+01   .9999999 -.0000718  .0001064
T 1353 19 .1518975E+11   2300002E-01  .2630E+01 -.1287E+02   .9999999  .0001155 -.0002039
T 1354 19 .1518859E+11   2300006E-01  .9048E-01 -.6414E+01   .9999999 -.0000134 -.0000547
T 1355 19 .1518918E+11   2300021E-01  .1494E+02  .1813E+01   .9999999  .0002351  .0001091
T 1356 19 .1519029E+11   2300006E-01  .7924E+01  .1119E+01   .9999999  .0000427  .0001029
T 1357 19 .1518947E+11   2300016E-01  .4499E+01 -.1404E+02   .9999999  .0000960 -.0001634
T 1358 19 .1519162E+11   2300017E-01 -.3598E+01 -.1695E+02   .9999999 -.0000124 -.0003068
T 1359 19 .1519019E+11   2300010E-01  .6090E+01  .3753E+01   .9999999  .0001736  .0000904
T 1360 19 .1519017E+11   2300019E-01 -.6320E+01 -.1159E+01   .9999999  .0000283  .0000318
T 1361 19 .1519131E+11   2300019E-01  .2586E+02  .2506E+02   .9999997  .0005713  .0005699
T 1362 19 .1518973E+11   2300010E-01 -.1229E+02 -.1221E+02   .9999999  .0000245 -.0000680
T 1363 19 .1519004E+11   2300018E-01  .2560E+01  .7518E+01   .9999999 -.0000671  .0000038
T 1364 19 .1519056E+11   2300002E-01  .4697E+02 -.5481E+02   .9999997  .0005036 -.0005547
T 1365 19 .1519019E+11   2300008E-01  .7785E+01 -.1135E+02   .9999999  .0000534  .0000554
T 1366 19 .1519151E+11   2300015E-01  .6459E+01  .2892E+01   .9999999  .0001361 -.0000117
T 1367 19 .1518936E+11   2300010E-01 -.2346E+02 -.6144E+00   .9999999 -.0002384 -.0000022
T 1368 19 .1518999E+11   2300008E-01  .5213E+01 -.1596E+02   .9999999  .0002870 -.0003065
T 1369 19 .1519251E+11   2300022E-01 -.1009E+02  .3724E+01   .9999999 -.0000980 -.0000699
T 1370 19 .1518941E+11   2300021E-01 -.2884E+02 -.3945E+02   .9999999 -.0000714 -.0003041
T 1371 19 .1518850E+11   2300008E-01  .1247E+02 -.4352E+01   .9999999  .0001278 -.0001517
T 1372 19 .1518993E+11   2300022E-01  .1302E+01 -.2479E+01   .9999999 -.0000971 -.0000104
T 1373 19 .1519027E+11   2300016E-01 -.5760E+01 -.1908E+02   .9999999 -.0001015 -.0001897
T 1374 19 .1518934E+11   2300014E-01 -.5816E+01  .8415E+01   .9999999 -.0001167  .0000849
T 1375 19 .1518925E+11   2300011E-01 -.2475E+02  .1278E+02   .9999999 -.0002155  .0002798
T 1376 19 .1519014E+11   2300022E-01 -.1697E+02  .6368E+01   .9999999 -.0001898  .0001579
T 1377 19 .1519031E+11   2300018E-01  .5780E+01  .9924E+01   .9999999  .0001803  .0001602
T 1378 19 .1519006E+11   2300005E-01  .2091E+02 -.3092E+01   .9999999  .0004319  .0002232
T 1379 19 .1518895E+11   2300007E-01 -.3096E+00 -.4979E+01   .9999999 -.0002415 -.0000864
T 1380 19 .1518768E+11   2300013E-01  .8589E+01 -.8960E+01   .9999999  .0001210 -.0000528
T 1381 19 .1518914E+11   2300011E-01 -.2277E+02  .1102E+02   .9999999 -.0002709  .0000928
T 1382 19 .1518859E+11   2300013E-01 -.8872E+01  .7160E+01   .9999999 -.0000983 -.0000563
T 1383 19 .1519027E+11   2300015E-01  .6481E+01 -.1786E+02   .9999999  .0001012 -.0002278
T 1384 19 .1519018E+11   2300014E-01  .2360E+02  .1295E+02   .9999999  .0002018  .0000938
T 1385 19 .1518871E+11   2300017E-01  .8709E+01  .1257E+02   .9999999  .0004368  .0002110
T 1386 19 .1519110E+11   2300022E-01 -.5021E+01 -.1335E+02   .9999999 -.0001592 -.0001203
T 1387 19 .1518916E+11   2300007E-01  .1195E+03  .3922E+02   .9999988  .0014958  .0003608
T 1388 19 .1518841E+11   2300021E-01 -.8009E+01 -.1507E+02   .9999999 -.0000048 -.0001670
T 1389 19 .1518982E+11   2300010E-01 -.1141E+02  .1382E+01   .9999999 -.0001983  .0001211
T 1390 19 .1518973E+11   2300007E-01  .3708E+01 -.1714E+01   .9999999  .0000529  .0000329
T 1391 19 .1518986E+11   2300022E-01  .1925E+02  .6555E+01   .9999999  .0001222  .0000079
T 1392 19 .1519005E+11   2300017E-01 -.2690E+01  .6658E+01   .9999999 -.0000846 -.0000398
T 1393 19 .1518933E+11   2300022E-01 -.4584E+01 -.1198E+02   .9999999 -.0000787 -.0002238
T 1394 19 .1519033E+11   2300012E-01 -.1660E+02 -.1667E+02   .9999999 -.0001038 -.0003392
T 1395 19 .1519139E+11   2300019E-01 -.4650E+01 -.3095E+01   .9999999 -.0001159  .0001783
T 1396 19 .1518966E+11   2300001E-01  .1066E+02  .3333E+00   .9999999  .0001058 -.0000747
T 1397 19 .1519069E+11   2300007E-01 -.4690E+01 -.3369E+01   .9999999 -.0000874 -.0000333
T 1398 19 .1518990E+11   2300005E-01  .1447E+02 -.2109E+01   .9999999  .0002015  .0000837
T 1399 19 .1519094E+11   2300014E-01  .1143E+02 -.1456E+02   .9999999  .0000704 -.0001009
T 1400 19 .1518905E+11   2300022E-01 -.1013E+02 -.2484E+02   .9999999 -.0001129 -.0002072
T 1401 19 .1519005E+11   2300008E-01  .4235E+01  .5043E+01   .9999999 -.0000836  .0000000
T 1402 19 .1518859E+11   2300012E-01 -.2433E+01 -.6746E+01   .9999999 -.0000789 -.0001573
T 1403 19 .1519029E+11   2300014E-01 -.5577E+01 -.1287E+02   .9999999 -.0000047 -.0001252
T 1404 19 .1519171E+11   2300023E-01  .1062E+02  .5761E+01   .9999999  .0001981  .0001564
T 1405 19 .1519052E+11   2300022E-01  .2435E+02  .9800E+01   .9999999  .0002452  .0000720
T 1406 19 .1519023E+11   2300001E-01 -.1863E+02  .1357E+01   .9999999 -.0003099 -.0000761
T 1407 19 .1518908E+11   2300014E-01 -.1954E+01 -.2517E+00   .9999999  .0000024 -.0000872
T 1408 19 .1519056E+11   2300009E-01 -.1485E-03  .2256E+02   .9999999 -.0000625  .0001959
T 1409 19 .1518781E+11   2300018E-01 -.8995E+02  .4478E+02   .9999998 -.0005704  .0003773
T 1410 19 .1518834E+11   2300007E-01  .1654E+01  .4185E+02   .9999999 -.0000500  .0004579
T 1411 19 .1518927E+11   2300013E-01  .1558E+02  .2258E+02   .9999999  .0001071  .0001737
T 1412 19 .1519104E+11   2300006E-01  .4854E+01 -.1152E+02   .9999999  .0002522 -.0001655
T 1413 19 .1519010E+11   2300000E-01  .7282E+01 -.1121E+01   .9999999  .0000027  .0000030
T 1414 19 .1518941E+11   2300008E-01  .1577E+01 -.4512E+01   .9999999  .0001272 -.0004176
T 1415 19 .1518985E+11   2300021E-01 -.1812E+02  .5970E+00   .9999999 -.0002496 -.0003959
T 1416 19 .1518897E+11   2300015E-01 -.4144E+01  .7728E+00   .9999999 -.0000651  .0000717
T 1417 19 .1518891E+11   2300022E-01 -.3223E+01  .6415E+01   .9999999  .0000452  .0001518
T 1418 19 .1518942E+11   2300015E-01  .1540E+02 -.2297E+02   .9999999  .0000848 -.0001396
T 1419 19 .1519053E+11   2300014E-01 -.8166E+01 -.8556E+01   .9999999 -.0001461 -.0001102
T 1420 19 .1519091E+11   2300022E-01 -.1100E+02  .6507E+01   .9999999 -.0002076  .0001155
T 1421 19 .1518982E+11   2300022E-01  .5497E+01 -.1256E+02   .9999999  .0000769 -.0001823
T 1422 19 .1519193E+11   2300006E-01 -.1622E+02 -.2039E+02   .9999999 -.0001262 -.0001072
T 1423 19 .1519054E+11   2300002E-01 -.3472E+01  .2936E+02   .9999999 -.0000994  .0002201
T 1424 19 .1519063E+11   2300014E-01  .1245E+02 -.1315E+02   .9999999  .0001062 -.0000643
T 1425 19 .1519069E+11   2300014E-01  .7438E+01 -.2026E+01   .9999999  .0002300 -.0002220
T 1426 19 .1518839E+11   2300018E-01 -.2153E+02 -.1618E+02   .9999999 -.0003180 -.0001832
T 1427 19 .1519003E+11   2300006E-01 -.6893E+01  .1069E+02   .9999997 -.0006911  .0003076
T 1428 19 .1518987E+11   2300011E-01 -.5098E+01 -.1429E+02   .9999999 -.0000991 -.0001915
T 1429 19 .1518991E+11   2300005E-01 -.6952E+01  .9363E+01   .9999999 -.0002325  .0001122
T 1430 19 .1518944E+11   2300015E-01  .1633E+02 -.6559E+00   .9999999  .0001744  .0001150
T 1431 19 .1518941E+11   2300007E-01 -.1556E+02  .9533E-01   .9999999 -.0002129 -.0002353
T 1432 19 .1519105E+11   2300014E-01  .1469E+02 -.9502E+01   .9999999  .0003089 -.0001091
T 1433 19 .1518887E+11   2300008E-01 -.2078E+02 -.5854E+00   .9999999 -.0003338  .0000184
T 1434 19 .1518939E+11   2300022E-01  .6112E+01  .3636E+01   .9999999  .0000095  .0000228
T 1435 19 .1519056E+11   2300018E-01 -.2525E+01 -.1226E+02   .9999999  .0000897 -.0001329
T 1436 19 .1519132E+11   2300016E-01 -.6451E+01  .7317E+01   .9999999 -.0002673  .0000240
T 1437 19 .1518939E+11   2300012E-01 -.5033E+01 -.1300E+02   .9999999 -.0000806 -.0002055
T 1438 19 .1518974E+11   2300023E-01 -.2345E+01 -.5421E+01   .9999999  .0000110  .0000969
T 1439 19 .1518941E+11   2300012E-01 -.3850E+01  .4467E+01   .9999999 -.0000287  .0000804
T 1440 19 .1518979E+11   2300010E-01  .8137E+01 -.1894E+01   .9999999 -.0000700 -.0001050
T 1441 19 .1519216E+11   2300013E-01 -.2764E+01 -.1254E+02   .9999999 -.0001078 -.0001244
T 1442 19 .1519042E+11   2300018E-01  .2153E+02 -.6991E+01   .9999999  .0002991 -.0002711
T 1443 19 .1519015E+11   2300017E-01  .2224E+02  .2496E+01   .9999998  .0004738  .0004172
T 1444 19 .1518972E+11   2300017E-01 -.2853E+02 -.1956E+02   .9999999 -.0002253 -.0001443
T 1445 19 .1519093E+11   2300020E-01 -.8203E+01  .7865E+01   .9999999 -.0001253  .0002278
T 1446 19 .1519000E+11   2300017E-01  .7439E+01 -.9541E-01   .9999999  .0001534 -.0000571
T 1447 19 .1518849E+11   2300018E-01  .2133E+02  .1008E+02   .9999999  .0002191  .0001163
T 1448 19 .1519047E+11   2300019E-01  .1068E+01  .1844E+01   .9999999 -.0000755 -.0000245
T 1449 19 .1519046E+11   2300023E-01 -.9525E+01 -.4229E+01   .9999999 -.0001141 -.0001098
T 1450 19 .1518979E+11   2300004E-01  .5238E+01 -.1733E+02   .9999999  .0000442 -.0004005
T 1451 19 .1519032E+11   2300007E-01  .2981E+02 -.7391E+01   .9999999  .0001576 -.0000184
T 1452 19 .1518993E+11   2300021E-01 -.3320E+01  .4542E+01   .9999999 -.0000611  .0001431
T 1453 19 .1518793E+11   2300018E-01 -.1006E+03 -.6858E+02   .9999996 -.0006818 -.0006373
T 1454 19 .1519043E+11   2300022E-01  .2718E+02 -.2708E+01   .9999999  .0002808  .0000374
T 1455 19 .1518961E+11   2300010E-01  .5263E+01 -.2960E+02   .9999999 -.0000569 -.0005253
T 1456 19 .1519038E+11   2300000E-01  .2364E+01  .7330E-02   .9999999 -.0000442 -.0000633
T 1457 19 .1518952E+11   2300005E-01  .2207E+02  .4023E+01   .9999999  .0001610  .0001299
T 1458 19 .1518775E+11   2300010E-01 -.6771E+01  .1582E+02   .9999999 -.0001925  .0002291
T 1459 19 .1519001E+11   2300003E-01 -.2036E+00 -.3422E+01   .9999999  .0000283 -.0001201
T 1460 19 .1518993E+11   2300017E-01  .1323E+02 -.2055E+02   .9999999  .0001552 -.0002679
T 1461 19 .1519117E+11   2300013E-01  .1465E+01 -.8562E+01   .9999999  .0000119 -.0001136
T 1462 19 .1519022E+11   2300006E-01  .1294E+02 -.2635E+01   .9999999  .0001112 -.0001385
T 1463 19 .1519071E+11   2300002E-01 -.1026E+02 -.2158E+02   .9999999 -.0000774 -.0002975
T 1464 19 .1518982E+11   2300003E-01 -.2785E+02  .3725E+02   .9999999 -.0001931  .0003302
T 1465 19 .1518983E+11   2300011E-01  .6355E+01 -.1425E+02   .9999999  .0001157 -.0001857
T 1466 19 .1519069E+11   2300023E-01  .4625E+01 -.1271E+02   .9999999  .0001220 -.0002224
T 1467 19 .1518950E+11   2300002E-01 -.3933E+01  .4353E+01   .9999999 -.0000234 -.0000485
T 1468 19 .1519000E+11   2300010E-01  .1620E+02  .6793E+01   .9999999  .0002191  .0000897
T 1469 19 .1518753E+11   2300011E-01  .5932E+00  .3904E+01   .9999999 -.0000219 -.0000344
T 1470 19 .1519053E+11   2300017E-01 -.1553E+01 -.2446E+01   .9999999  .0000886  .0000319
T 1471 19 .1518978E+11   2300006E-01 -.3957E+01 -.6418E+01   .9999999 -.0000685 -.0000547
T 1472 19 .1518937E+11   2300018E-01  .1108E+02  .1419E+02   .9999999  .0001367  .0001580
T 1473 19 .1519006E+11   2300022E-01  .5596E+01  .9436E+00   .9999999 -.0000436  .0000006
T 1474 19 .1518962E+11   2300016E-01  .1135E+02 -.2470E+01   .9999999  .0001005 -.0002517
T 1475 19 .1518976E+11   2300015E-01  .2630E+01  .1838E+02   .9999999  .0000356  .0002655
T 1476 19 .1518940E+11   2300021E-01  .2281E+01 -.3908E+01   .9999999  .0001042 -.0000837
T 1477 19 .1519083E+11   2300021E-01 -.8349E+01  .1077E+02   .9999999 -.0000268  .0000953
T 1478 19 .1518987E+11   2300016E-01  .1750E+02  .9743E+01   .9999999  .0001441  .0000009
T 1479 19 .1518904E+11   2300023E-01 -.1629E+01 -.1220E+02   .9999999  .0000517 -.0001318
T 1480 19 .1518909E+11   2300022E-01 -.1749E+02 -.8589E+01   .9999999 -.0001569 -.0000125
T 1481 19 .1519014E+11   2300011E-01  .1125E+01 -.1973E+01   .9999999  .0000653  .0000644
T 1482 19 .1518941E+11   2300022E-01  .5749E+01  .5314E+01   .9999999  .0000675  .0002443
T 1483 19 .1519082E+11   2300015E-01  .4226E+01 -.1189E+02   .9999999  .0000062 -.0002142
T 1484 19 .1518994E+11   2300022E-01 -.4397E+01  .2092E+01   .9999999  .0001376 -.0000702
T 1485 19 .1518799E+11   2300018E-01 -.1652E+02 -.5273E+02   .9999996 -.0001508 -.0008841
T 1486 19 .1518878E+11   2300019E-01  .4461E+01  .3307E+02   .9999997  .0001362  .0007109
T 1487 19 .1518840E+11   2300021E-01  .1008E+02  .3864E+01   .9999999 -.0000133  .0001008
T 1488 19 .1519030E+11   2300003E-01  .8607E+01 -.3593E+01   .9999999 -.0000029 -.0000964
T 1489 19 .1518981E+11   2300012E-01  .2705E+01  .1570E+02   .9999999  .0001108  .0003161
T 1490 19 .1519079E+11   2300000E-01 -.2060E+02  .6145E+00   .9999999 -.0002142 -.0000809
T 1491 19 .1518876E+11   2300019E-01 -.4097E+01  .1678E+01   .9999999 -.0001373  .0001817
T 1492 19 .1519035E+11   2300019E-01  .1867E+00  .1388E+02   .9999999  .0000088  .0002840
T 1493 19 .1518997E+11   2300022E-01 -.7205E+01  .4470E+01   .9999999 -.0001731 -.0000043
T 1494 19 .1518981E+11   2300005E-01  .1009E+02 -.1535E+02   .9999999  .0001303 -.0001756
T 1495 19 .1518983E+11   2300015E-01 -.8335E+01  .2529E+02   .9999999 -.0000495  .0003523
T 1496 19 .1519117E+11   2300017E-01 -.3230E+02  .9053E+01   .9999999 -.0003405  .0000725
T 1497 19 .1519041E+11   2300020E-01  .1262E+02  .3874E+01   .9999999  .0002163  .0000912
T 1498 19 .1518992E+11   2300006E-01 -.4723E+01 -.7205E+01   .9999999  .0000427  .0000253
T 1499 19 .1518982E+11   2300003E-01  .1956E+02 -.3437E+01   .9999999  .0001213 -.0001069
T 1500 19 .1518954E+11   2300000E-01  .7462E+01 -.2017E+02   .9999999 -.0000193 -.0004187
T 1501 19 .1518957E+11   2300021E-01  .1126E+02 -.1577E+02   .9999999  .0002319 -.0002963
T 1502 19 .1518880E+11   2300011E-01  .2745E+01  .1781E+02   .9999999  .0000589  .0000516
T 1503 19 .1518918E+11   2300013E-01  .6637E+01 -.1153E+02   .9999999  .0001116 -.0000912
T 1504 19 .1518979E+11   2300014E-01 -.1556E+01 -.1122E+02   .9999999  .0000256 -.0001298
T 1505 19 .1518890E+11   2300005E-01 -.1507E+01  .2085E+02   .9999999 -.0001001  .0002837
T 1506 19 .1519028E+11   2300018E-01 -.4613E+01 -.7266E+01   .9999999 -.0001330 -.0001019
T 1507 19 .1518923E+11   2300015E-01 -.3349E+01  .2764E+02   .9999999 -.0000728  .0002532
T 1508 19 .1519021E+11   2300010E-01 -.2500E+01  .7558E+01   .9999999  .0000049  .0000480
T 1509 19 .1519074E+11   2300012E-01 -.8666E+01  .2610E+02   .9999999  .0000384  .0002301
T 1510 19 .1519044E+11   2300015E-01  .1004E+02  .1260E+02   .9999999  .0001314  .0001958
T 1511 19 .1519046E+11   2300020E-01  .1090E+02 -.1459E+02   .9999999  .0001183 -.0002165
T 1512 19 .1518833E+11   2300004E-01 -.3996E+02  .3333E+02   .9999998 -.0005013  .0003522
T 1513 19 .1518822E+11   2300014E-01  .1791E+01 -.2982E+01   .9999999 -.0000832  .0000451
T 1514 19 .1519039E+11   2300018E-01 -.9900E+01 -.7900E+01   .9999999 -.0001256  .0000023
T 1515 19 .1518939E+11   2300015E-01  .6366E+01 -.2009E+02   .9999999  .0001626 -.0001985
T 1516 19 .1518981E+11   2300016E-01  .2931E+01 -.6003E+01   .9999999  .0000611 -.0001404
T 1517 19 .1518927E+11   2300019E-01  .1666E+02 -.5313E+01   .9999999  .0002781 -.0000412
T 1518 19 .1519062E+11   2300023E-01  .9955E+01 -.4326E+01   .9999999  .0001611 -.0001080
T 1519 19 .1519038E+11   2300020E-01  .1685E+02 -.1306E+01   .9999999  .0002964 -.0000472
T 1520 19 .1518893E+11   2300017E-01  .2865E+01  .6717E+01   .9999999 -.0001243  .0000266
T 1521 19 .1519048E+11   2300020E-01 -.1643E+02  .9928E+01   .9999999 -.0003201  .0001658
T 1522 19 .1519058E+11   2300019E-01 -.3442E+02 -.6251E+01   .9999999 -.0003191 -.0001596
T 1523 19 .1518880E+11   2300018E-01  .2667E+02  .6401E+01   .9999999  .0002020 -.0000715
T 1524 19 .1518893E+11   2300007E-01  .2631E+02  .1524E+02   .9999999  .0001899  .0002317
T 1525 19 .1518977E+11   2300008E-01  .5455E+02  .3266E+02   .9999998  .0004691  .0004138
T 1526 19 .1518987E+11   2300004E-01 -.2772E+01  .2058E+01   .9999999  .0000701 -.0001039
T 1527 19 .1518975E+11   2300010E-01 -.3708E+01 -.6072E+01   .9999999 -.0001643  .0000027
T 1528 19 .1518769E+11   2300014E-01 -.2644E+02  .2336E+02   .9999999 -.0001855  .0001771
T 1529 19 .1518860E+11   2300011E-01  .1174E+02  .4229E+01   .9999999  .0002068  .0001025
T 1530 19 .1519145E+11   2300017E-01  .2526E+02  .8899E+01   .9999999  .0003529  .0001786
T 1531 19 .1519071E+11   2300005E-01 -.7227E+01 -.1003E+02   .9999999 -.0001264  .0000245
T 1532 19 .1519047E+11   2300019E-01 -.4685E+01 -.2463E+01   .9999999 -.0000356 -.0001385
T 1533 19 .1518757E+11   2300017E-01 -.7602E+01 -.2078E+01   .9999999 -.0001841 -.0000472
T 1534 19 .1519064E+11   2300014E-01  .5898E+01  .8689E+01   .9999999  .0001341  .0002305
T 1535 19 .1519052E+11   2300017E-01  .1436E+02 -.1045E+02   .9999999  .0000968 -.0002156
T 1536 19 .1518962E+11   2300002E-01 -.3309E+01 -.2127E+02   .9999999 -.0000749 -.0001784
T 1537 19 .1518998E+11   2300018E-01 -.2020E+02  .1355E+02   .9999999 -.0002122  .0003434
T 1538 19 .1518969E+11   2300015E-01  .8590E+01 -.5238E+01   .9999999  .0000771  .0000191
T 1539 19 .1518964E+11   2300007E-01  .1414E+02 -.1173E+02   .9999999  .0000459 -.0000796
T 1540 19 .1518968E+11   2300001E-01  .8393E+01  .1546E+02   .9999999 -.0000696  .0004129
T 1541 19 .1519158E+11   2300016E-01 -.1983E+02  .5030E+01   .9999999 -.0001881  .0001595
T 1542 19 .1518929E+11   2300007E-01  .2028E+02 -.5215E+01   .9999999  .0001918  .0000320
T 1543 19 .1518890E+11   2300017E-01  .5522E+00  .8243E+01   .9999999  .0001178  .0000470
T 1544 19 .1518978E+11   2300000E-01 -.5063E+00 -.1230E+02   .9999999  .0000667 -.0001319
T 1545 19 .1518977E+11   2300004E-01 -.6780E+01  .1110E+02   .9999999 -.0000032  .0001232
T 1546 19 .1519033E+11   2300018E-01 -.1319E+02  .4271E+01   .9999999 -.0000139  .0000574
T 1547 19 .1518999E+11   2300010E-01  .1031E+01 -.1986E+02   .9999999 -.0000620 -.0001560
T 1548 19 .1519102E+11   2300018E-01 -.1761E+01  .3381E+01   .9999999 -.0000613  .0000850
T 1549 19 .1518953E+11   2300009E-01 -.1180E+02 -.5057E+01   .9999999 -.0001794 -.0000332
T 1550 19 .1518956E+11   2300020E-01 -.4076E+01  .1081E+01   .9999999 -.0001606 -.0000519
T 1551 19 .1518917E+11   2300016E-01 -.1153E+01 -.3297E+01   .9999999  .0000243 -.0000216
T 1552 19 .1518898E+11   2300020E-01 -.4094E+01 -.3774E+01   .9999999 -.0000332 -.0000710
T 1553 19 .1518956E+11   2300001E-01 -.5352E+01  .6373E+01   .9999999 -.0000210  .0000360
T 1554 19 .1519164E+11   2300004E-01 -.2545E+01 -.3476E+01   .9999999 -.0000228 -.0001338
T 1555 19 .1519118E+11   2300020E-01  .3111E+01  .1306E+00   .9999999  .0000116  .0001064
T 1556 19 .1518996E+11   2300009E-01  .1863E+02 -.5887E+02   .9999997  .0002386 -.0007298
T 1557 19 .1518970E+11   2300013E-01  .5548E+01  .1474E+02   .9999999 -.0000317  .0001088
T 1558 19 .1519065E+11   2300006E-01  .8316E+01  .1320E+02   .9999999 -.0000298  .0003932
T 1559 19 .1519086E+11   2300017E-01 -.1151E+02 -.2455E+01   .9999999 -.0002163 -.0000649
T 1560 19 .1518959E+11   2300014E-01  .2641E+02  .1225E+02   .9999999  .0001635  .0001314
T 1561 19 .1519070E+11   2300015E-01 -.5119E+01 -.1135E+02   .9999999  .0001145 -.0003144
T 1562 19 .1519006E+11   2300012E-01 -.1401E+02  .2253E+02   .9999999 -.0000721  .0001673
T 1563 19 .1519138E+11   2300011E-01  .5726E+01  .3957E+01   .9999997  .0003927  .0006193
T 1564 19 .1518915E+11   2300014E-01  .9558E+01 -.1348E+01   .9999999  .0000612 -.0000132
T 1565 19 .1518971E+11   2300020E-01  .1876E+02  .1651E+01   .9999999  .0002555  .0000044
T 1566 19 .1518975E+11   2300000E-01  .1267E+02 -.1049E+01   .9999999  .0000303  .0000102
T 1567 19 .1519039E+11   2300017E-01 -.7919E+00 -.1427E+01   .9999999 -.0000243  .0001232
T 1568 19 .1518938E+11   2300023E-01 -.3050E+02  .1760E+02   .9999999 -.0004775  .0001655
T 1569 19 .1518867E+11   2300021E-01 -.6276E+01  .3031E+01   .9999999 -.0000271  .0003829
T 1570 19 .1518869E+11   2300019E-01  .1179E+02  .9639E+01   .9999999  .0001331 -.0001127
T 1571 19 .1518969E+11   2300009E-01 -.4094E+01  .8401E+01   .9999999 -.0000047  .0000455
T 1572 19 .1518913E+11   2300011E-01 -.3824E+02 -.2041E+02   .9999998 -.0005349 -.0001371
T 1573 19 .1518840E+11   2300017E-01  .3326E+01 -.1843E+01   .9999999  .0000541 -.0000080
T 1574 19 .1519002E+11   2300021E-01  .1112E+02 -.2963E+02   .9999999  .0002560 -.0002305
T 1575 19 .1518964E+11   2300017E-01  .4071E+01 -.1092E+02   .9999999  .0000628 -.0000635
T 1576 19 .1519177E+11   2300000E-01  .7377E+01  .1355E+02   .9999999  .0000754  .0000478
T 1577 19 .1519020E+11   2300014E-01 -.1647E+02  .3536E+02   .9999996 -.0003228  .0007905
T 1578 19 .1519046E+11   2300015E-01 -.5356E+01 -.8523E+01   .9999999  .0000431 -.0000943
T 1579 19 .1519077E+11   2300018E-01  .3692E+01  .1273E+02   .9999999  .0000955  .0001277
T 1580 19 .1518985E+11   2300013E-01 -.5200E+01 -.1096E+02   .9999999  .0000461 -.0002473
T 1581 19 .1519183E+11   2300016E-01  .2888E+02 -.2945E+02   .9999999  .0001743 -.0003975
T 1582 19 .1519156E+11   2300021E-01 -.1200E+02  .2185E+02   .9999999 -.0001217  .0002323
T 1583 19 .1519125E+11   2300007E-01  .2366E+02 -.3651E+00   .9999999  .0003048  .0000382
T 1584 19 .1519014E+11   2300008E-01  .5921E+01  .4934E+01   .9999999  .0001501  .0000411
T 1585 19 .1518902E+11   2300015E-01  .6996E+01 -.9806E+00   .9999999  .0001265 -.0000561
T 1586 19 .1518984E+11   2300021E-01  .1402E+02 -.2491E+02   .9999999  .0000617 -.0002092
T 1587 19 .1519074E+11   2300014E-01  .6199E+01 -.1316E+02   .9999999  .0001328 -.0001946
T 1588 19 .1519139E+11   2300022E-01  .9488E+01  .6455E+01   .9999999  .0001878  .0000489
T 1589 19 .1519114E+11   2300007E-01  .2127E+02  .4169E+02   .9999999  .0002414  .0004662
T 1590 19 .1519113E+11   2300018E-01 -.4991E+02 -.6819E+02   .9999995 -.0007237 -.0006912
T 1591 19 .1518947E+11   2300021E-01 -.3414E+01  .9420E+01   .9999999 -.0000807  .0002006
T 1592 19 .1518999E+11   2300001E-01 -.1529E+02  .4381E+02   .9999999 -.0000944  .0001786
T 1593 19 .1519077E+11   2300013E-01 -.3771E+01 -.1541E+01   .9999999 -.0001369 -.0000242
T 1594 19 .1519045E+11   2300018E-01 -.9900E+01 -.3475E-01   .9999999 -.0001553 -.0001447
T 1595 19 .1518917E+11   2300003E-01  .9837E+00  .5090E+01   .9999999 -.0000815  .0000102
T 1596 19 .1519060E+11   2300019E-01 -.8724E+01  .1073E+02   .9999999 -.0002671  .0001644
T 1597 19 .1518984E+11   2300001E-01  .2707E+01 -.5146E+00   .9999999  .0000300  .0000233
T 1598 19 .1518964E+11   2300019E-01  .1900E+02  .2913E+02   .9999998  .0003015  .0005977
T 1599 19 .1518900E+11   2300009E-01 -.3016E+01 -.2188E+00   .9999999 -.0000695  .0000015
T 1600 19 .1519054E+11   2300021E-01  .5001E+01 -.8431E+01   .9999999  .0001640 -.0000629
T 1601 19 .1518983E+11   2300023E-01  .3674E+00  .9313E+01   .9999999 -.0000956  .0001524
T 1602 19 .1518975E+11   2300004E-01  .3417E+00 -.2233E+02   .9999999  .0001115 -.0001891
T 1603 19 .1518890E+11   2300006E-01  .1068E+02 -.2803E+02   .9999999 -.0000093 -.0003136
T 1604 19 .1519049E+11   2300015E-01 -.4383E+01 -.5100E+00   .9999999 -.0001443 -.0000458
T 1605 19 .1518936E+11   2300017E-01  .2048E+02  .1479E+01   .9999998  .0004768  .0002861
T 1606 19 .1518890E+11   2300010E-01  .3699E+02  .7307E+01   .9999999  .0004726 -.0000355
T 1607 19 .1519073E+11   2300016E-01 -.7630E+01 -.2536E+01   .9999999 -.0001588  .0000489
T 1608 19 .1518967E+11   2300009E-01  .7567E+01 -.9552E+00   .9999999  .0001046 -.0000473
T 1609 19 .1518865E+11   2300020E-01  .7542E+01 -.2918E+02   .9999999  .0001244 -.0003274
T 1610 19 .1518968E+11   2300002E-01 -.5686E+01 -.4696E+01   .9999999 -.0000479 -.0000470
T 1611 19 .1519091E+11   2300011E-01  .1784E+01 -.6110E+01   .9999999  .0001084 -.0002409
T 1612 19 .1519011E+11   2300006E-01  .9738E+01  .7742E-01   .9999999  .0001484  .0000652
T 1613 19 .1518819E+11   2300020E-01 -.1951E+02  .1691E+02   .9999999 -.0003202  .0001848
T 1614 19 .1518953E+11   2300014E-01  .1331E+02 -.4220E+01   .9999999  .0000576  .0000832
T 1615 19 .1519044E+11   2300017E-01 -.1149E+02  .6207E+01   .9999999 -.0002617  .0001679
T 1616 19 .1518981E+11   2300015E-01  .1949E+02 -.2447E+02   .9999999 -.0000334 -.0000026
T 1617 19 .1518997E+11   2300007E-01  .6441E+00  .3964E+01   .9999999  .0000876 -.0001059
T 1618 19 .1518902E+11   2300011E-01  .7825E+01 -.2204E+02   .9999999  .0000337 -.0003372
T 1619 19 .1519051E+11   2300014E-01 -.1706E+00  .4578E+01   .9999999 -.0000712  .0001111
T 1620 19 .1519133E+11   2300015E-01 -.1878E+02  .8026E+01   .9999997 -.0007003  .0001492
T 1621 19 .1519071E+11   2300022E-01 -.3181E+02  .1594E+02   .9999999 -.0004298  .0002915
T 1622 19 .1519041E+11   2300001E-01 -.5807E+01  .2959E+01   .9999999 -.0001110  .0000945
T 1623 19 .1518987E+11   2300021E-01  .3125E+02  .1112E+02   .9999999  .0004836  .0000700
T 1624 19 .1518925E+11   2300012E-01  .3008E+01  .5326E+01   .9999999  .0000160  .0001771
T 1625 19 .1519069E+11   2300023E-01  .3731E+01  .4852E+01   .9999999  .0000930  .0001723
T 1626 19 .1518955E+11   2300005E-01  .7209E+01 -.7291E+01   .9999999  .0001312 -.0001139
T 1627 19 .1519039E+11   2300007E-01  .2390E+02 -.2968E+02   .9999998  .0004974 -.0004320
T 1628 19 .1518887E+11   2300004E-01 -.1909E+02  .1231E+02   .9999999 -.0001618  .0002288
T 1629 19 .1519057E+11   2300014E-01 -.1152E+02 -.2476E+02   .9999998 -.0001935 -.0005453
T 1630 19 .1518929E+11   2300011E-01  .5779E+01 -.4583E+01   .9999999  .0000805 -.0000269
T 1631 19 .1518762E+11   2300019E-01  .5146E+01 -.1440E+01   .9999999 -.0001041  .0000019
T 1632 19 .1519014E+11   2300020E-01 -.2701E+01  .1284E+01   .9999999 -.0000633  .0001066
T 1633 19 .1519000E+11   2300001E-01 -.7913E+01 -.5541E+01   .9999999 -.0000964  .0000656
T 1634 19 .1519027E+11   2300021E-01 -.2995E+01 -.2013E+01   .9999999  .0001129 -.0000675
T 1635 19 .1519082E+11   2300020E-01  .4608E+00  .4283E+01   .9999999 -.0000045  .0000163
T 1636 19 .1518948E+11   2300014E-01 -.1656E+02 -.5720E+02   .9999999 -.0000419 -.0005197
T 1637 19 .1519151E+11   2300003E-01  .1778E+01  .2197E+01   .9999999 -.0000549 -.0000253
T 1638 19 .1519067E+11   2300022E-01 -.3616E+01  .3923E+01   .9999999 -.0000399  .0000327
T 1639 19 .1518872E+11   2300020E-01 -.1784E+02  .4780E+01   .9999999 -.0002121  .0000088
T 1640 19 .1519033E+11   2300012E-01 -.1330E+02 -.1309E+02   .9999999 -.0001121 -.0000173
T 1641 19 .1519030E+11   2300019E-01 -.1603E+02  .2049E+01   .9999999 -.0001117  .0000156
T 1642 19 .1518992E+11   2300013E-01  .4191E+00 -.3348E+01   .9999999  .0001594  .0000849
T 1643 19 .1518941E+11   2300002E-01  .6946E+01 -.5310E+01   .9999999  .0001384 -.0000806
T 1644 19 .1519011E+11   2300015E-01 -.1213E+01 -.3547E+01   .9999999 -.0002599 -.0001054
T 1645 19 .1519030E+11   2300023E-01  .1578E+02 -.2851E+02   .9999999  .0001622 -.0003170
T 1646 19 .1519018E+11   2300005E-01  .2010E+01  .8537E+01   .9999999 -.0000216  .0001585
T 1647 19 .1519088E+11   2300019E-01  .1533E+01 -.5688E+01   .9999999 -.0000365 -.0001953
T 1648 19 .1519004E+11   2300017E-01  .1293E+02  .7512E+01   .9999999  .0002250  .0001000
T 1649 19 .1518804E+11   2300023E-01 -.1371E+02  .4779E+01   .9999999 -.0001461 -.0000696
T 1650 19 .1518951E+11   2300019E-01 -.9910E-01 -.4472E+01   .9999999  .0001212 -.0001859
T 1651 19 .1518969E+11   2300017E-01 -.1592E+01  .4698E+01   .9999999 -.0000846 -.0000999
T 1652 19 .1519105E+11   2300013E-01 -.1184E+01 -.9284E+01   .9999999  .0001194 -.0001159
T 1653 19 .1518906E+11   2300013E-01  .2257E+02  .5202E+01   .9999999  .0001294  .0000224
T 1654 19 .1518869E+11   2300016E-01 -.1248E+02  .6261E+01   .9999999 -.0001457  .0000227
T 1655 19 .1519174E+11   2300017E-01  .6639E+01 -.9486E+01   .9999999  .0000623 -.0000964
T 1656 19 .1518990E+11   2300008E-01 -.8215E+00  .9561E+01   .9999999 -.0000253  .0000048
T 1657 19 .1518881E+11   2300008E-01  .8469E+01  .3132E+01   .9999999  .0000728  .0000033
T 1658 19 .1518958E+11   2300012E-01 -.4680E+01 -.1724E+02   .9999999 -.0001819 -.0001658
T 1659 19 .1519067E+11   2300017E-01  .1107E+01 -.8112E+01   .9999999  .0000297 -.0001249
T 1660 19 .1519074E+11   2300003E-01 -.9352E+00 -.2660E+01   .9999999 -.0000136 -.0000424
T 1661 19 .1519014E+11   2300008E-01 -.4452E+02 -.2894E+02   .9999998 -.0004781 -.0002928
T 1662 19 .1519127E+11   2300009E-01 -.9977E+01  .7208E+01   .9999999 -.0003518  .0002617
T 1663 19 .1519141E+11   2300020E-01 -.2585E+02  .9430E+01   .9999999 -.0001906 -.0000914
T 1664 19 .1518919E+11   2300023E-01  .6257E+01 -.2605E+02   .9999999  .0000969 -.0001949
T 1665 19 .1518885E+11   2300008E-01 -.1089E+02 -.1183E+02   .9999999 -.0000687 -.0000557
T 1666 19 .1518991E+11   2300018E-01  .4943E+00  .9557E+01   .9999999  .0000149  .0001053
T 1667 19 .1519011E+11   2300020E-01 -.2269E+01 -.1626E+02   .9999999 -.0000550 -.0001517
T 1668 19 .1519131E+11   2300007E-01 -.2109E+02 -.2279E+02   .9999999 -.0000360 -.0000364
T 1669 19 .1519083E+11   2300011E-01  .5883E+01  .2618E+01   .9999999  .0000658  .0000688
T 1670 19 .1518992E+11   2300018E-01 -.1507E+02  .5959E+01   .9999999 -.0001958  .0000554
T 1671 19 .1519092E+11   2300004E-01  .7704E+01 -.1117E+01   .9999999  .0001101  .0000298
T 1672 19 .1519061E+11   2300000E-01  .4192E+01 -.1284E+02   .9999999  .0000105 -.0002176
T 1673 19 .1519046E+11   2300011E-01 -.2337E+02 -.1209E+02   .9999999 -.0003953 -.0002680
T 1674 19 .1519021E+11   2300007E-01 -.6166E+01 -.1462E+02   .9999999 -.0000118 -.0001910
T 1675 19 .1519062E+11   2300000E-01  .1250E+01  .8087E+01   .9999999  .0000554  .0000827
T 1676 19 .1518948E+11   2300019E-01 -.5378E+01  .8291E+01   .9999999 -.0000270  .0001898
T 1677 19 .1519021E+11   2300010E-01  .8570E+01  .5341E+01   .9999999  .0000350  .0003255
T 1678 19 .1518993E+11   2300004E-01 -.1486E+02  .8204E+01   .9999999 -.0002903  .0000385
T 1679 19 .1519033E+11   2300002E-01 -.3188E+01  .1924E+02   .9999999 -.0000164  .0002854
T 1680 19 .1519112E+11   2300000E-01 -.9822E+01  .1019E+02   .9999999 -.0001111  .0001465
T 1681 19 .1519091E+11   2300010E-01  .1475E+02 -.1135E+01   .9999999  .0001054  .0000036
T 1682 19 .1518905E+11   2300001E-01  .1126E+02 -.6959E+01   .9999999  .0001987 -.0000677
T 1683 19 .1518845E+11   2300007E-01  .1940E+02 -.5049E+01   .9999999  .0001610  .0000466
T 1684 19 .1519022E+11   2300021E-01  .7193E+01 -.9443E+01   .9999999  .0001655 -.0001128
T 1685 19 .1519113E+11   2300019E-01 -.2322E+02  .7803E+01   .9999999 -.0002836  .0003905
T 1686 19 .1519156E+11   2300022E-01  .1773E+02 -.1232E+02   .9999999  .0002085 -.0002444
T 1687 19 .1519011E+11   2300009E-01  .3722E+01 -.6567E+01   .9999999  .0001137  .0000352
T 1688 19 .1518944E+11   2300020E-01 -.1120E+02 -.1145E+02   .9999999 -.0001215 -.0000565
T 1689 19 .1518947E+11   2300009E-01  .1516E+02  .1594E+02   .9999999  .0000844  .0002013
T 1690 19 .1519049E+11   2300018E-01  .1166E+02 -.1795E+02   .9999999  .0000229 -.0003135
T 1691 19 .1519104E+11   2300017E-01 -.1605E+02  .1664E+01   .9999999 -.0000242  .0000934
T 1692 19 .1518903E+11   2300002E-01  .1274E+02  .2825E+01   .9999999  .0000478  .0001316
T 1693 19 .1519092E+11   2300001E-01  .1831E+02 -.7502E+01   .9999997  .0007223 -.0000569
T 1694 19 .1519047E+11   2300019E-01  .8573E+00  .1443E+02   .9999999  .0001075  .0000817
T 1695 19 .1519087E+11   2300021E-01 -.5247E+02 -.7937E+02   .9999998 -.0003020 -.0004904
T 1696 19 .1519029E+11   2300001E-01 -.1495E+01  .5078E+01   .9999999  .0000174  .0000635
T 1697 19 .1518991E+11   2300016E-01  .4522E+01  .2464E+01   .9999999  .0000478 -.0000378
T 1698 19 .1518994E+11   2300020E-01 -.1027E+02  .1375E+02   .9999999 -.0000794  .0002778
T 1699 19 .1518885E+11   2300009E-01  .1013E+02  .9900E+01   .9999999  .0001274  .0001454
T 1700 19 .1519007E+11   2300005E-01 -.1898E+01  .1636E+01   .9999999 -.0001871  .0000022
T 1701 19 .1518998E+11   2300014E-01  .3049E+01  .1567E+01   .9999999 -.0000711  .0001197
T 1702 19 .1518988E+11   2300001E-01  .5003E+01 -.3586E+02   .9999989 -.0002995 -.0014327
T 1703 19 .1519049E+11   2300012E-01 -.1383E+02  .9858E+01   .9999999 -.0001824  .0001429
T 1704 19 .1518995E+11   2300017E-01  .2558E+01 -.4399E+01   .9999999 -.0000201 -.0000485
T 1705 19 .1518988E+11   2300007E-01  .8298E+01 -.3904E+01   .9999999  .0002427 -.0001348
T 1706 19 .1519000E+11   2300017E-01  .2529E+02  .5047E+01   .9999999  .0001287  .0000718
T 1707 19 .1518774E+11   2300007E-01 -.2246E+01 -.3939E+01   .9999999 -.0001637 -.0000938
T 1708 19 .1518963E+11   2300003E-01  .1609E+00  .2231E+02   .9999999  .0000453  .0002259
T 1709 19 .1518854E+11   2300015E-01  .2274E+02 -.4997E+01   .9999999  .0001874  .0000777
T 1710 19 .1518899E+11   2300002E-01 -.2840E+01 -.9327E+00   .9999999 -.0001391 -.0000039
T 1711 19 .1518880E+11   2300018E-01 -.4284E+01 -.1075E+02   .9999999 -.0001074 -.0002165
T 1712 19 .1519004E+11   2300008E-01 -.1234E+01  .6259E+01   .9999999 -.0000243  .0000768
T 1713 19 .1518975E+11   2300005E-01 -.7060E+01 -.5067E+01   .9999999  .0000922  .0000278
T 1714 19 .1518988E+11   2300006E-01  .2905E+02  .6128E+01   .9999999  .0001678  .0000937
T 1715 19 .1518937E+11   2300001E-01 -.4177E+01  .1298E+02   .9999999  .0001053  .0000567
T 1716 19 .1519159E+11   2300015E-01  .8434E+01  .1058E+02   .9999999  .0000544  .0001097
T 1717 19 .1518985E+11   2300021E-01  .5255E+01  .7757E+01   .9999999 -.0000886  .0000910
T 1718 19 .1519000E+11   2300020E-01 -.3963E+01 -.6826E+01   .9999999 -.0000745 -.0000253
T 1719 19 .1519092E+11   2300006E-01 -.6980E+01 -.4272E+01   .9999999  .0000410  .0000130
T 1720 19 .1519077E+11   2300015E-01 -.5622E+01  .7817E+01   .9999999  .0000285  .0000246
T 1721 19 .1518895E+11   2300018E-01 -.2685E+02 -.1287E+02   .9999999 -.0004554 -.0000674
T 1722 19 .1519160E+11   2300012E-01  .5605E+00 -.2647E+01   .9999999 -.0000159 -.0001529
T 1723 19 .1518941E+11   2300015E-01  .6374E+01 -.3762E+01   .9999999  .0000910 -.0000393
T 1724 19 .1518874E+11   2300017E-01 -.5330E+01  .1441E+02   .9999999 -.0000180  .0002012
T 1725 19 .1519111E+11   2300018E-01  .6100E+01 -.1667E+01   .9999999  .0001399 -.0000684
T 1726 19 .1518931E+11   2300023E-01 -.1400E+01  .9470E+01   .9999999  .0000043  .0000740
T 1727 19 .1519073E+11   2300008E-01 -.1166E+02 -.7913E+01   .9999999  .0000961 -.0000779
T 1728 19 .1519079E+11   2300011E-01 -.2074E+01  .1853E+01   .9999999 -.0002931 -.0000720
T 1729 19 .1519066E+11   2300007E-01 -.2130E+02  .2737E+02   .9999998 -.0004597  .0003956
T 1730 19 .1519081E+11   2300023E-01 -.1164E+02  .6577E+01   .9999999  .0000092  .0000338
T 1731 19 .1519066E+11   2300001E-01  .2609E+01  .1717E+01   .9999999 -.0001169 -.0000337
T 1732 19 .1518983E+11   2300004E-01 -.2998E+01  .4231E+01   .9999999  .0000353  .0000555
T 1733 19 .1519033E+11   2300000E-01 -.8077E+00  .1865E+01   .9999999  .0000186  .0000081
T 1734 19 .1518998E+11   2300021E-01 -.8830E+00 -.8001E+01   .9999999  .0000429 -.0002016
T 1735 19 .1518974E+11   2300010E-01  .9958E+01 -.7214E+01   .9999999  .0000160 -.0001706
T 1736 19 .1518939E+11   2300016E-01 -.1564E+02  .1718E+02   .9999999 -.0001890  .0001672
T 1737 19 .1518919E+11   2300020E-01 -.6149E+01 -.6321E+01   .9999999 -.0000654 -.0000728
T 1738 19 .1518972E+11   2300020E-01  .1335E+02 -.1031E+03   .9999963 -.0009961 -.0025272
T 1739 19 .1519068E+11   2300022E-01 -.2000E+02  .1510E+02   .9999999 -.0003364  .0001743
T 1740 19 .1518869E+11   2300019E-01 -.7480E+01 -.2630E+02   .9999999 -.0002252 -.0003876
T 1741 19 .1518922E+11   2300020E-01 -.1917E+01  .1229E+02   .9999999 -.0000569  .0001185
T 1742 19 .1519057E+11   2300021E-01  .4778E+01  .8945E+01   .9999999  .0000496  .0000229
T 1743 19 .1519139E+11   2300012E-01 -.6960E+01 -.7238E+01   .9999999 -.0000514 -.0001314
T 1744 19 .1518923E+11   2300018E-01  .7716E+01 -.7443E+01   .9999999  .0001419 -.0002131
T 1745 19 .1519128E+11   2300021E-01  .1431E+02 -.2534E+02   .9999999  .0000176 -.0003363
T 1746 19 .1518874E+11   2300001E-01 -.7748E+01  .2912E+01   .9999999 -.0001685  .0000759
T 1747 19 .1518960E+11   2300005E-01  .5312E+01 -.1107E+01   .9999999  .0000296 -.0000443
T 1748 19 .1519108E+11   2300001E-01 -.4972E+01  .9479E+00   .9999999 -.0001627  .0000121
T 1749 19 .1519021E+11   2300000E-01  .4714E+01  .5575E+01   .9999999  .0001426 -.0001690
T 1750 19 .1519092E+11   2300016E-01 -.2749E+01 -.4114E+01   .9999999 -.0000070  .0000360
T 1751 19 .1519068E+11   2300012E-01 -.3486E+01  .2162E+02   .9999999  .0000589  .0001484
T 1752 19 .1518930E+11   2300006E-01  .8443E+01  .4218E+01   .9999999  .0000767  .0000676
T 1753 19 .1518949E+11   2300011E-01 -.4233E+01  .2836E+02   .9999999 -.0001039  .0003344
T 1754 19 .1518919E+11   2300016E-01  .7545E+01 -.1838E+01   .9999999  .0000842 -.0000014
T 1755 19 .1518941E+11   2300020E-01  .6930E+01  .3648E+01   .9999999  .0000313 -.0000428
T 1756 19 .1519016E+11   2300021E-01 -.5425E+01 -.5587E+01   .9999999 -.0000554 -.0000543
T 1757 19 .1519048E+11   2300014E-01  .1204E+02  .1293E+02   .9999999  .0001782  .0001101
T 1758 19 .1519182E+11   2300013E-01 -.1409E+02  .2515E+02   .9999999 -.0002415  .0001090
T 1759 19 .1518966E+11   2300006E-01  .5728E+01  .1590E+01   .9999999 -.0000386  .0001196
T 1760 19 .1519040E+11   2300013E-01  .1013E+02 -.9150E+00   .9999999  .0001214 -.0000551
T 1761 19 .1519062E+11   2300016E-01  .4984E+01 -.1034E+02   .9999999  .0001441 -.0000844
T 1762 19 .1519074E+11   2300014E-01 -.4414E+01 -.1056E+02   .9999999 -.0000515 -.0001589
T 1763 19 .1518960E+11   2300006E-01 -.2255E+01 -.1701E+02   .9999999 -.0000295 -.0002416
T 1764 19 .1519010E+11   2300005E-01  .4044E+01  .5944E+01   .9999999  .0000838  .0000875
T 1765 19 .1519006E+11   2300001E-01  .8879E+01 -.7906E+01   .9999999  .0001104 -.0000338
T 1766 19 .1518843E+11   2300018E-01  .6916E+01  .1652E+02   .9999999  .0001587  .0002162
T 1767 19 .1518947E+11   2300006E-01  .6521E+01  .4169E+01   .9999999  .0000657  .0001103
T 1768 19 .1519139E+11   2300006E-01  .1917E+02  .1460E+02   .9999999  .0001747  .0001879
T 1769 19 .1518925E+11   2300013E-01  .5090E+01  .1716E+01   .9999999  .0000954  .0000146
T 1770 19 .1519013E+11   2300021E-01 -.2288E+01  .2984E+00   .9999999 -.0000920  .0001510
T 1771 19 .1518930E+11   2300002E-01 -.1190E+02  .2049E+01   .9999999 -.0000512  .0000604
T 1772 19 .1519006E+11   2300014E-01 -.1078E+01 -.3967E+01   .9999999  .0000480  .0000959
T 1773 19 .1519108E+11   2300018E-01 -.5041E+01 -.1680E+02   .9999999 -.0001571 -.0002335
T 1774 19 .1519029E+11   2300014E-01 -.1213E+02  .5964E+01   .9999999 -.0000995 -.0000013
T 1775 19 .1518880E+11   2300018E-01  .5660E+01 -.4922E+01   .9999999  .0002114 -.0000824
T 1776 19 .1518965E+11   2300001E-01 -.1838E+02  .4025E+01   .9999999 -.0001572  .0000009
T 1777 19 .1518960E+11   2300017E-01  .3378E+02  .9593E+01   .9999999  .0002109  .0001020
T 1778 19 .1518908E+11   2300000E-01  .1074E+02  .1489E+02   .9999999  .0001999  .0001296
T 1779 19 .1518985E+11   2300007E-01  .1142E+02  .7801E+01   .9999999  .0001388  .0000150
T 1780 19 .1519082E+11   2300001E-01 -.1407E+01  .1631E+01   .9999999  .0001375  .0003088
T 1781 19 .1519059E+11   2300012E-01  .5655E+01 -.1007E+01   .9999999  .0000997 -.0000798
T 1782 19 .1518949E+11   2300006E-01  .8502E+01 -.6427E+01   .9999999  .0001135 -.0000898
T 1783 19 .1519027E+11   2300018E-01 -.7534E+01 -.9852E+01   .9999999 -.0001400 -.0000524
T 1784 19 .1519038E+11   2300011E-01  .2138E+02 -.5038E+01   .9999999  .0002710 -.0000514
T 1785 19 .1519077E+11   2300019E-01  .1922E+02 -.2194E+01   .9999999  .0002575  .0000306
T 1786 19 .1519062E+11   2300015E-01  .1125E+01 -.2939E+01   .9999999 -.0000268 -.0001399
T 1787 19 .1518942E+11   2300022E-01 -.5585E+01  .6829E+01   .9999999 -.0000199  .0001907
T 1788 19 .1518987E+11   2300016E-01  .2535E+01  .9457E+01   .9999999  .0000435  .0000765
T 1789 19 .1518941E+11   2300009E-01 -.2705E+01 -.2982E+01   .9999999 -.0000707  .0000579
T 1790 19 .1519014E+11   2300003E-01  .7869E+01 -.1008E+02   .9999999  .0002889  .0001216
T 1791 19 .1519079E+11   2300019E-01 -.4618E+01 -.3650E+01   .9999999 -.0000397 -.0000175
T 1792 19 .1518938E+11   2300008E-01  .8438E+01 -.1309E+02   .9999999  .0000295 -.0001951
T 1793 19 .1519139E+11   2300001E-01  .2716E+02 -.9619E+01   .9999999  .0000714 -.0000845
T 1794 19 .1518947E+11   2300022E-01  .6510E+01  .1208E+02   .9999999  .0000425  .0002215
T 1795 19 .1519051E+11   2300022E-01 -.6799E+01 -.6572E+01   .9999999 -.0000881  .0000703
T 1796 19 .1518921E+11   2300020E-01 -.1551E+02 -.1948E+02   .9999999 -.0002087 -.0000846
T 1797 19 .1518968E+11   2300020E-01  .6360E+01  .1891E+02   .9999999  .0001365  .0001053
T 1798 19 .1518909E+11   2300019E-01  .6219E+01 -.2476E+02   .9999999  .0001954 -.0003395
T 1799 19 .1519101E+11   2300005E-01 -.1327E+02 -.1968E+01   .9999999 -.0003464 -.0000352
T 1800 19 .1519076E+11   2300017E-01  .1424E+02  .2715E+00   .9999999  .0001672  .0000136
T 1801 19 .1518963E+11   2300021E-01 -.8772E+00  .1253E+01   .9999999  .0000235 -.0000799
T 1802 19 .1518996E+11   2300021E-01  .7692E+01  .1745E+02   .9999999  .0001756  .0002071
T 1803 19 .1519048E+11   2300001E-01  .9205E+01  .5690E+01   .9999999  .0000989  .0000620
T 1804 19 .1519079E+11   2300021E-01 -.2212E+01 -.7535E+01   .9999999  .0003361  .0000109
T 1805 19 .1519009E+11   2300002E-01 -.3574E+00 -.2738E+02   .9999999  .0000298 -.0002111
T 1806 19 .1519029E+11   2300014E-01 -.8265E+01  .1219E+01   .9999999 -.0001163 -.0000668
T 1807 19 .1518911E+11   2300007E-01  .1047E+02  .1270E+02   .9999999  .0001515  .0001587
T 1808 19 .1519010E+11   2300010E-01  .1560E+02  .5493E+00   .9999999  .0000124  .0000028
T 1809 19 .1519134E+11   2300003E-01  .6565E+01 -.2449E+01   .9999999 -.0000013 -.0000614
T 1810 19 .1518970E+11   2300006E-01 -.4085E+01 -.2604E+01   .9999999 -.0000832  .0000083
T 1811 19 .1519038E+11   2300020E-01 -.1445E+02 -.6674E+01   .9999999 -.0000291 -.0000630
T 1812 19 .1518836E+11   2300015E-01 -.6237E+01 -.1280E+02   .9999999 -.0000606  .0000162
T 1813 19 .1519028E+11   2300022E-01 -.2665E+02 -.1112E+02   .9999999 -.0003464 -.0000127
T 1814 19 .1519149E+11   2300013E-01  .2458E+01  .2388E+02   .9999999 -.0000241  .0002195
T 1815 19 .1518933E+11   2300021E-01 -.1677E+02  .1482E+01   .9999999 -.0003259  .0000956
T 1816 19 .1519065E+11   2300004E-01 -.1205E+02 -.1406E+02   .9999999 -.0001702 -.0001930
T 1817 19 .1518946E+11   2300012E-01 -.5865E+01 -.3029E+01   .9999999 -.0000547  .0000522
T 1818 19 .1518964E+11   2300001E-01  .7901E+00 -.8009E+01   .9999999 -.0000977 -.0001328
T 1819 19 .1518916E+11   2300008E-01  .1088E+02  .9662E+01   .9999999  .0001022  .0001094
T 1820 19 .1518866E+11   2300010E-01 -.2205E+01  .1090E+02   .9999999  .0000825  .0000197
T 1821 19 .1519034E+11   2300023E-01  .2084E+02 -.2286E+02   .9999999  .0002531 -.0002927
T 1822 19 .1518862E+11   2300015E-01  .1379E+01 -.1792E+02   .9999998 -.0001375 -.0005495
T 1823 19 .1519006E+11   2300023E-01  .9496E+01 -.2342E+01   .9999999  .0001768  .0000319
T 1824 19 .1518945E+11   2300016E-01 -.1498E+02 -.6320E+01   .9999999 -.0000031  .0001320
T 1825 19 .1519055E+11   2300003E-01 -.3765E+01  .1203E+02   .9999999 -.0000171  .0000066
T 1826 19 .1519085E+11   2300022E-01 -.1099E+02  .7975E+01   .9999999 -.0000967  .0001773
T 1827 19 .1518959E+11   2300010E-01  .2916E-01 -.1342E+02   .9999999 -.0000146 -.0001690
T 1828 19 .1519079E+11   2300011E-01 -.1313E+02 -.1055E+02   .9999999 -.0003611 -.0002411
T 1829 19 .1519130E+11   2300021E-01 -.2443E+02  .3375E+01   .9999999 -.0000520 -.0000879
T 1830 19 .1519200E+11   2300011E-01 -.7132E+01  .3167E+01   .9999999 -.0001111  .0000322
T 1831 19 .1518897E+11   2300009E-01 -.2718E+01 -.2518E+01   .9999999 -.0000107 -.0000177
T 1832 19 .1519036E+11   2300005E-01 -.4455E+01  .6667E+01   .9999999 -.0000542  .0001121
T 1833 19 .1518938E+11   2300021E-01  .7234E+01 -.5774E+01   .9999999  .0001183 -.0001403
T 1834 19 .1518972E+11   2300001E-01 -.4993E+00  .1305E+01   .9999999 -.0000508 -.0000123
T 1835 19 .1519092E+11   2300022E-01  .5201E+01  .1637E+02   .9999999  .0000933  .0002617
T 1836 19 .1518895E+11   2300015E-01 -.2458E+02 -.1150E+02   .9999999 -.0004065 -.0000682
T 1837 19 .1518938E+11   2300022E-01  .7210E+01  .6612E+00   .9999999  .0001233  .0001302
T 1838 19 .1518961E+11   2300009E-01 -.8403E+01  .3833E+01   .9999999 -.0000737  .0000896
T 1839 19 .1518978E+11   2300001E-01 -.1794E+02 -.1332E+01   .9999999 -.0000936 -.0001484
T 1840 19 .1519065E+11   2300020E-01 -.1442E+02  .8956E+01   .9999999 -.0001468  .0000853
T 1841 19 .1518886E+11   2300013E-01 -.3651E+02  .8083E+02   .9999996 -.0004326  .0008209
T 1842 19 .1518951E+11   2300008E-01  .8192E+01 -.5429E+01   .9999999 -.0000385 -.0001706
T 1843 19 .1518822E+11   2300021E-01 -.3712E+01 -.6359E+01   .9999999 -.0001465 -.0003938
T 1844 19 .1518959E+11   2300013E-01 -.8148E+01 -.3053E+02   .9999999 -.0001477 -.0004339
T 1845 19 .1519043E+11   2300021E-01  .9850E+01 -.1233E+02   .9999999  .0000999 -.0002674
T 1846 19 .1518893E+11   2300005E-01  .1176E+02 -.4517E+01   .9999999  .0001634 -.0000990
T 1847 19 .1518996E+11   2300007E-01 -.5219E+01  .2172E+02   .9999999 -.0000220  .0001150
T 1848 19 .1518976E+11   2300010E-01  .5910E+01  .1774E+01   .9999999  .0000307 -.0000226
T 1849 19 .1518836E+11   2300019E-01 -.1214E+02 -.4550E+01   .9999999 -.0001320 -.0001041
T 1850 19 .1519050E+11   2300015E-01  .2332E+01  .8947E+01   .9999999 -.0000059  .0001374
T 1851 19 .1518985E+11   2300003E-01  .2489E+01  .4795E+01   .9999999 -.0000186  .0000249
T 1852 19 .1518965E+11   2300022E-01  .4367E+01  .8391E+01   .9999999  .0000127  .0000785
T 1853 19 .1519123E+11   2300021E-01  .8102E+01 -.1208E+02   .9999999  .0001057 -.0001741
T 1854 19 .1518895E+11   2300019E-01 -.8580E+02  .2470E+02   .9999995 -.0010247  .0001780
T 1855 19 .1518969E+11   2300020E-01  .4963E+01 -.3176E+01   .9999999  .0000432 -.0001347
T 1856 19 .1519025E+11   2300019E-01 -.1266E+02 -.2190E+01   .9999999 -.0002716 -.0000219
T 1857 19 .1519171E+11   2300014E-01  .1127E+00 -.1844E+02   .9999999 -.0002217 -.0002653
T 1858 19 .1518944E+11   2300016E-01 -.2166E+01 -.7840E+01   .9999999 -.0000939  .0000634
T 1859 19 .1518927E+11   2300009E-01  .3096E+01 -.8287E+01   .9999999  .0001150 -.0001431
T 1860 19 .1519124E+11   2300011E-01 -.5997E+01 -.6001E+01   .9999999 -.0001069 -.0000210
T 1861 19 .1518990E+11   2300018E-01  .6412E+01 -.7605E+01   .9999999 -.0000625  .0001062
T 1862 19 .1519031E+11   2300014E-01 -.5859E+01  .1216E+02   .9999999 -.0001092  .0001081
T 1863 19 .1518898E+11   2300013E-01 -.3813E+01 -.6225E+01   .9999999  .0000168 -.0001716
T 1864 19 .1518944E+11   2300001E-01 -.2271E+01  .4463E+01   .9999999  .0000320  .0001050
T 1865 19 .1519018E+11   2300007E-01  .1200E+02  .4539E+01   .9999999 -.0000133  .0001261
T 1866 19 .1518883E+11   2300011E-01  .8803E+01 -.2471E+01   .9999999  .0001267 -.0002737
T 1867 19 .1518947E+11   2300020E-01  .4300E+00  .5773E+01   .9999999  .0001631  .0001379
T 1868 19 .1518995E+11   2300012E-01 -.7715E+01  .2721E+01   .9999999 -.0001367  .0001140
T 1869 19 .1518832E+11   2300017E-01  .7834E+01 -.7076E+01   .9999999  .0000855 -.0001991
T 1870 19 .1519138E+11   2300022E-01 -.4040E+01 -.6985E+01   .9999999  .0000424 -.0001499
T 1871 19 .1519034E+11   2300017E-01  .2281E+02 -.6625E+01   .9999999  .0001300 -.0001028
T 1872 19 .1518930E+11   2300006E-01 -.1402E+02  .1942E+02   .9999999 -.0002657  .0000670
T 1873 19 .1518806E+11   2300010E-01 -.1038E+02  .3892E+01   .9999999 -.0002116  .0000489
T 1874 19 .1519036E+11   2300022E-01 -.8486E+01 -.9959E+01   .9999999 -.0001038 -.0001036
T 1875 19 .1518976E+11   2300021E-01  .9413E+01 -.6812E+00   .9999999  .0001909 -.0001215
T 1876 19 .1519060E+11   2300006E-01 -.1817E+02  .1144E+01   .9999999 -.0002953  .0000166
T 1877 19 .1518894E+11   2300014E-01  .2544E+02 -.2076E+02   .9999997  .0005994 -.0003844
T 1878 19 .1519061E+11   2300021E-01  .8673E+01 -.1292E+02   .9999999 -.0000293 -.0003456
T 1879 19 .1519099E+11   2300022E-01  .3170E+01  .8953E+01   .9999999  .0000604  .0001227
T 1880 19 .1519130E+11   2300013E-01 -.2091E+02  .1002E+02   .9999999 -.0002913  .0001705
T 1881 19 .1518905E+11   2300018E-01  .2406E+02 -.1841E+02   .9999999  .0003551 -.0001219
T 1882 19 .1518822E+11   2300017E-01 -.6825E+01 -.5373E+01   .9999999  .0000612 -.0001333
T 1883 19 .1518945E+11   2300004E-01 -.1861E+02 -.9245E+01   .9999999 -.0001954 -.0001149
T 1884 19 .1518976E+11   2300007E-01 -.2438E+02  .1936E+02   .9999998 -.0005188  .0002585
T 1885 19 .1519044E+11   2300020E-01 -.1338E+02  .9990E+01   .9999999 -.0000361  .0000008
T 1886 19 .1519043E+11   2300013E-01  .1793E+01  .1661E+02   .9999999 -.0000888  .0001496
T 1887 19 .1518924E+11   2300000E-01 -.2292E+01 -.1155E+02   .9999999  .0000641 -.0001200
T 1888 19 .1518994E+11   2300003E-01 -.2240E+01 -.2499E+01   .9999999  .0000214 -.0000489
T 1889 19 .1518952E+11   2300023E-01  .1062E+02 -.1793E+02   .9999999  .0000690 -.0002283
T 1890 19 .1519080E+11   2300008E-01  .4123E+01  .1945E+02   .9999999  .0000672  .0002007
T 1891 19 .1518941E+11   2300011E-01  .1425E+02 -.7973E+01   .9999999  .0001618 -.0000995
T 1892 19 .1519017E+11   2300016E-01 -.3369E+01  .1177E+02   .9999999 -.0000694  .0000114
T 1893 19 .1519024E+11   2300010E-01 -.2002E+02 -.1507E+02   .9999999 -.0003656 -.0002611
T 1894 19 .1519020E+11   2300006E-01 -.1004E+02 -.5855E+01   .9999999 -.0001122  .0000409
T 1895 19 .1518960E+11   2300010E-01  .5390E+01 -.7208E+02   .9999995  .0000580 -.0009921
T 1896 19 .1518890E+11   2300007E-01 -.5443E+00  .2237E+01   .9999999  .0001020 -.0000400
T 1897 19 .1519007E+11   2300003E-01  .1038E+02  .4474E+01   .9999999  .0001582  .0000733
T 1898 19 .1518931E+11   2300010E-01  .4147E+01 -.9380E+01   .9999999 -.0000518 -.0000343
T 1899 19 .1518981E+11   2300019E-01  .1294E+02  .3284E+01   .9999999  .0000809  .0000023
T 1900 19 .1518911E+11   2300009E-01  .6186E+02 -.9884E+01   .9999998  .0006842 -.0001350
T 1901 19 .1519119E+11   2300019E-01 -.5017E+01 -.1987E+02   .9999999 -.0000875 -.0000677
T 1902 19 .1518918E+11   2300014E-01  .2559E+01  .1004E+02   .9999999  .0000875  .0000818
T 1903 19 .1519112E+11   2300004E-01  .6915E+01  .2117E+02   .9999999  .0001327  .0002205
T 1904 19 .1519083E+11   2300017E-01 -.1899E+01 -.2462E+01   .9999999  .0000109  .0000211
T 1905 19 .1518962E+11   2300015E-01 -.1461E+02  .1324E+02   .9999999 -.0002618  .0003732
T 1906 19 .1518965E+11   2300007E-01 -.4107E+02 -.4629E+01   .9999999 -.0002160  .0000381
T 1907 19 .1518915E+11   2300004E-01  .4464E+01  .1009E+02   .9999999  .0000525  .0002278
T 1908 19 .1518990E+11   2300018E-01 -.1357E+02 -.2541E+02   .9999999 -.0002690 -.0002995
T 1909 19 .1518998E+11   2300016E-01  .2728E+02 -.1382E+02   .9999999  .0001676 -.0001948
T 1910 19 .1518766E+11   2300004E-01 -.5489E+01 -.2250E+01   .9999999 -.0001142  .0000897
T 1911 19 .1519041E+11   2300016E-01  .9030E+01 -.1704E+02   .9999999  .0001103 -.0000960
T 1912 19 .1518994E+11   2300011E-01 -.1822E+01 -.2207E+02   .9999999 -.0000469 -.0002031
T 1913 19 .1519117E+11   2300016E-01 -.1196E+01  .9665E+01   .9999999 -.0000751  .0001882
T 1914 19 .1519019E+11   2300020E-01 -.7251E+01 -.1284E+01   .9999999  .0000221 -.0000767
T 1915 19 .1519042E+11   2300013E-01 -.1066E+02 -.4100E+01   .9999999 -.0001772 -.0001476
T 1916 19 .1519018E+11   2300014E-01  .3015E+01 -.6150E+01   .9999999  .0000003 -.0001206
T 1917 19 .1518868E+11   2300018E-01 -.1097E+01  .4928E+01   .9999999 -.0000759  .0001357
T 1918 19 .1519018E+11   2300015E-01  .8139E+01 -.6974E+01   .9999999  .0000678 -.0001239
T 1919 19 .1519004E+11   2300017E-01 -.1802E+01 -.5660E+01   .9999999  .0000119 -.0000090
T 1920 19 .1519179E+11   2300015E-01 -.1182E+02  .3215E+00   .9999999 -.0001563 -.0000144
T 1921 19 .1519018E+11   2300017E-01  .1770E+02 -.1932E+01   .9999999  .0001153  .0001395
T 1922 19 .1519146E+11   2300006E-01 -.5973E+01 -.5883E+01   .9999999 -.0000088 -.0000731
T 1923 19 .1518968E+11   2300021E-01 -.8920E+01 -.2044E+02   .9999999 -.0001674 -.0002925
T 1924 19 .1518814E+11   2300019E-01  .4449E+00 -.7767E+01   .9999999  .0000357 -.0001431
T 1925 19 .1518881E+11   2300018E-01 -.1839E+02  .3919E+02   .9999999 -.0001803  .0001785
T 1926 19 .1518848E+11   2300001E-01 -.3470E+01 -.3603E+01   .9999999 -.0000471 -.0001485
T 1927 19 .1519044E+11   2300021E-01  .6440E+01  .1962E+02   .9999999 -.0000200  .0001271
T 1928 19 .1519105E+11   2300022E-01 -.6196E+01  .4463E+01   .9999999 -.0000390  .0001612
T 1929 19 .1519025E+11   2300010E-01 -.3202E+01 -.2894E+01   .9999999 -.0000330 -.0000118
T 1930 19 .1518987E+11   2300018E-01  .4380E+02 -.7192E+02   .9999996  .0004292 -.0008421
T 1931 19 .1519028E+11   2300001E-01 -.4076E+01  .2990E+01   .9999999 -.0000605  .0000769
T 1932 19 .1518898E+11   2300021E-01 -.3100E+01  .6068E+01   .9999999 -.0000782  .0001140
T 1933 19 .1518973E+11   2300016E-01  .1189E+01 -.9894E+01   .9999999  .0001421 -.0002590
T 1934 19 .1519070E+11   2300022E-01  .4431E+01 -.3726E+01   .9999999  .0001564  .0000866
T 1935 19 .1519144E+11   2300008E-01 -.1033E+01 -.9825E+01   .9999999  .0000253  .0000462
T 1936 19 .1519030E+11   2300022E-01 -.1827E+02  .4122E+01   .9999999 -.0001134  .0000179
T 1937 19 .1519035E+11   2300019E-01 -.2188E+02 -.1223E+02   .9999999 -.0003112  .0000172
T 1938 19 .1518922E+11   2300022E-01 -.4072E+00 -.4266E-01   .9999999  .0000711 -.0000574
T 1939 19 .1518956E+11   2300018E-01 -.9333E+01  .1637E+02   .9999999 -.0000713  .0000772
T 1940 19 .1519082E+11   2300022E-01  .2724E+02 -.2448E+02   .9999999  .0002247 -.0003120
T 1941 19 .1519062E+11   2300006E-01 -.1038E+01  .8899E+02   .9999997 -.0001039  .0007903
T 1942 19 .1519079E+11   2300019E-01  .3922E+01  .9138E+01   .9999999  .0000621  .0001343
T 1943 19 .1519055E+11   2300013E-01 -.1639E+02 -.4869E+01   .9999999 -.0001690 -.0000978
T 1944 19 .1519206E+11   2300009E-01 -.3020E+01  .8133E+00   .9999999 -.0002432 -.0000721
T 1945 19 .1519006E+11   2300010E-01  .4936E+01 -.2560E+02   .9999999  .0000038 -.0002407
T 1946 19 .1519100E+11   2300010E-01 -.1839E+02 -.5573E+01   .9999999 -.0002984  .0000018
T 1947 19 .1519068E+11   2300019E-01  .1662E+02  .7048E+00   .9999999  .0000618 -.0001132
T 1948 19 .1518931E+11   2300012E-01 -.2652E+01  .6320E+01   .9999999 -.0000466  .0001532
T 1949 19 .1518979E+11   2300020E-01  .4896E+00  .2322E+02   .9999999  .0001076  .0004110
T 1950 19 .1518978E+11   2300003E-01 -.2064E+02 -.2879E+02   .9999999 -.0001473 -.0002570
T 1951 19 .1519198E+11   2300012E-01 -.7299E+01 -.3779E+01   .9999999 -.0000426 -.0000210
T 1952 19 .1519083E+11   2300021E-01 -.3724E+01  .6737E+01   .9999999 -.0000740  .0003710
T 1953 19 .1519017E+11   2300022E-01 -.6435E+01 -.1891E+01   .9999999 -.0001397 -.0000378
T 1954 19 .1519105E+11   2300020E-01 -.5017E+01 -.1339E+02   .9999999 -.0001079 -.0001901
T 1955 19 .1518950E+11   2300011E-01 -.2569E+02  .6174E+01   .9999999 -.0002988  .0001674
T 1956 19 .1519091E+11   2300005E-01  .8662E+01  .1990E+02   .9999999  .0001551  .0002714
T 1957 19 .1519103E+11   2300011E-01 -.5274E+01  .1239E+02   .9999999 -.0003360  .0001217
T 1958 19 .1519047E+11   2300017E-01 -.1348E+02  .4384E+01   .9999999 -.0002204 -.0000113
T 1959 19 .1518961E+11   2300020E-01 -.2979E+01  .3033E+01   .9999999 -.0000303 -.0000609
T 1960 19 .1518973E+11   2300019E-01  .1055E+01  .1385E+02   .9999999 -.0002061  .0002314
T 1961 19 .1518894E+11   2300015E-01  .1358E+02 -.3187E+01   .9999999  .0002365 -.0000768
T 1962 19 .1518848E+11   2300017E-01 -.7090E+02  .1211E+02   .9999988 -.0015627  .0001688
T 1963 19 .1519020E+11   2300011E-01 -.1011E+02 -.1408E+02   .9999999  .0000207  .0000369
T 1964 19 .1518983E+11   2300014E-01  .1033E+02  .1272E+02   .9999999  .0001556  .0002603
T 1965 19 .1519089E+11   2300016E-01  .1152E+02  .1445E+02   .9999999  .0002956  .0001255
T 1966 19 .1518801E+11   2300022E-01 -.1495E+01 -.1204E+02   .9999999 -.0000391 -.0001965
T 1967 19 .1518985E+11   2300018E-01  .9877E+01 -.5436E+01   .9999999  .0001272 -.0000539
T 1968 19 .1519016E+11   2300010E-01  .1423E+02  .5175E+01   .9999999  .0001074  .0000170
T 1969 19 .1519074E+11   2300020E-01  .5031E+01  .1173E+02   .9999999  .0001818 -.0000443
T 1970 19 .1519026E+11   2300006E-01 -.1036E+02  .1057E+02   .9999999 -.0000824  .0002566
T 1971 19 .1519018E+11   2300020E-01  .4568E+00 -.2279E+02   .9999999 -.0001437 -.0003701
T 1972 19 .1519158E+11   2300016E-01 -.4425E+01 -.2533E+01   .9999999  .0002177 -.0000332
T 1973 19 .1519033E+11   2300001E-01  .3642E+01  .5055E+01   .9999999  .0001053  .0000782
T 1974 19 .1519116E+11   2300019E-01 -.1855E+01 -.7117E+01   .9999999  .0000026 -.0001462
T 1975 19 .1519106E+11   2300016E-01  .1142E+00 -.8949E+01   .9999999 -.0000139 -.0001650
T 1976 19 .1518944E+11   2300017E-01 -.1419E+01 -.1941E+02   .9999999  .0001080 -.0001679
T 1977 19 .1518982E+11   2300018E-01 -.1142E+02 -.3174E+01   .9999999 -.0001478  .0000159
T 1978 19 .1518891E+11   2300021E-01  .1556E+02 -.3800E+01   .9999999  .0002758 -.0000134
T 1979 19 .1519116E+11   2300002E-01 -.1174E+02 -.6905E+01   .9999999 -.0001406 -.0001742
T 1980 19 .1519015E+11   2300003E-01 -.6754E+01 -.1414E+02   .9999999 -.0000154 -.0002226
T 1981 19 .1518903E+11   2300020E-01  .2070E+01  .3345E+02   .9999998 -.0000714  .0006089
T 1982 19 .1518971E+11   2300017E-01 -.5957E+01  .1180E+02   .9999999 -.0000385  .0000941
T 1983 19 .1518963E+11   2300021E-01  .1099E+02  .2302E+02   .9999999  .0000967  .0003612
T 1984 19 .1519124E+11   2300009E-01 -.1757E+02  .5650E+01   .9999999 -.0002843  .0000637
T 1985 19 .1518967E+11   2300003E-01 -.4710E+02  .4668E+02   .9999997 -.0004476  .0006724
T 1986 19 .1518990E+11   2300008E-01  .7294E+00 -.1701E+01   .9999999  .0000288  .0001004
T 1987 19 .1518921E+11   2300010E-01  .2022E+02  .3162E+01   .9999999  .0001301  .0001573
T 1988 19 .1518949E+11   2300019E-01  .5674E+01 -.6077E+01   .9999999  .0001675 -.0000987
T 1989 19 .1519053E+11   2300021E-01  .2313E+01  .5780E+01   .9999999  .0000077  .0000626
T 1990 19 .1518937E+11   2300016E-01 -.2629E+02 -.1324E+02   .9999999 -.0003418 -.0001529
T 1991 19 .1519002E+11   2300010E-01  .1341E+02  .2081E+01   .9999999  .0002313  .0000770
T 1992 19 .1518903E+11   2300018E-01 -.3153E+02  .2525E+02   .9999999 -.0002786  .0003116
T 1993 19 .1519055E+11   2300009E-01  .2945E+01  .9273E+01   .9999999 -.0001132  .0000751
T 1994 19 .1518915E+11   2300011E-01 -.1552E+02 -.3984E+01   .9999999 -.0001670 -.0000389
T 1995 19 .1519025E+11   2300008E-01  .1464E+01 -.9043E+01   .9999999  .0000096 -.0002270
T 1996 19 .1519135E+11   2300009E-01 -.8583E+00 -.1789E+00   .9999999 -.0000201  .0000215
T 1997 19 .1519023E+11   2300022E-01 -.2779E+02  .4431E+01   .9999999 -.0004527 -.0000625
T 1998 19 .1519083E+11   2300003E-01  .1570E+02  .1195E+02   .9999999  .0002800  .0002473
T 1999 19 .1519001E+11   2300010E-01  .1116E+01 -.2889E+01   .9999999 -.0000371 -.0000560
T 2000 19 .1518989E+11   2300020E-01 -.3864E+00 -.6600E+01   .9999999  .0000029 -.0001005
T 2001 19 .1519021E+11   2300016E-01  .1284E+01 -.1019E+02   .9999999  .0000753 -.0001626
T 2002 19 .1519073E+11   2300002E-01  .8410E+00 -.2264E+01   .9999999 -.0000373 -.0000198
T 2003 19 .1519048E+11   2300010E-01  .5789E+01  .4376E+00   .9999999  .0000512  .0000394
T 2004 19 .1519066E+11   2300008E-01 -.1094E+02 -.1685E+02   .9999999  .0000460 -.0002121
T 2005 19 .1518994E+11   2300019E-01 -.1479E+01  .1522E+02   .9999999  .0000384  .0001684
T 2006 19 .1519132E+11   2300004E-01  .5954E+01 -.2492E+02   .9999999  .0001056 -.0000762
T 2007 19 .1518974E+11   2300013E-01 -.1897E+01  .7496E+01   .9999999  .0001787 -.0000135
T 2008 19 .1518951E+11   2300017E-01  .9211E+01  .9826E+01   .9999999  .0002556  .0001013
T 2009 19 .1518873E+11   2300006E-01 -.3752E+01 -.1624E+02   .9999999 -.0000155 -.0002183
T 2010 19 .1518914E+11   2300013E-01  .3586E+01  .1672E+02   .9999999  .0000692  .0003059
T 2011 19 .1519100E+11   2300008E-01 -.3175E+01  .1909E+02   .9999999 -.0000637  .0000948
T 2012 19 .1518879E+11   2300017E-01 -.5305E+00  .2905E+02   .9999999 -.0000666  .0002908
T 2013 19 .1518999E+11   2300013E-01  .5107E+01  .1105E+02   .9999999  .0000537  .0001836
T 2014 19 .1519056E+11   2300018E-01  .1535E+02  .2659E+01   .9999999  .0001393  .0000178
T 2015 19 .1518988E+11   2300008E-01  .1370E+02 -.4011E+01   .9999999  .0000357  .0000130
T 2016 19 .1518903E+11   2300011E-01  .1565E+02  .1082E+02   .9999999  .0002158  .0001913
T 2017 19 .1518905E+11   2300021E-01 -.1496E+01  .2412E+01   .9999999 -.0000253 -.0000308
T 2018 19 .1518959E+11   2300010E-01  .1482E+02  .1875E+02   .9999999  .0002618  .0001095
T 2019 19 .1519026E+11   2300006E-01 -.3877E+01  .1337E+01   .9999999 -.0000102  .0001045
T 2020 19 .1518963E+11   2300018E-01  .8116E+01  .6759E+01   .9999999  .0002245  .0000491
T 2021 19 .1519084E+11   2300007E-01 -.1069E+01 -.4303E+02   .9999999 -.0000180 -.0005123
T 2022 19 .1519143E+11   2300017E-01 -.9162E+00  .5742E+01   .9999999  .0000066  .0000435
T 2023 19 .1518981E+11   2300014E-01 -.4072E+02  .1452E+02   .9999999 -.0004003  .0001304
T 2024 19 .1518945E+11   2300008E-01  .5829E+01 -.1369E+02   .9999999  .0001774 -.0000726
T 2025 19 .1518829E+11   2300014E-01 -.3703E+01 -.2179E+01   .9999999 -.0000326  .0000640
T 2026 19 .1519128E+11   2300020E-01  .5875E+01  .2046E+02   .9999999  .0001539  .0003378
T 2027 19 .1518989E+11   2300005E-01  .2144E+00  .1017E+02   .9999999  .0000121  .0001333
T 2028 19 .1519048E+11   2300009E-01 -.3841E+02 -.2362E+02   .9999999 -.0003439 -.0002599
T 2029 19 .1518929E+11   2300011E-01  .1711E+02  .3034E+02   .9999999  .0002625  .0002408
T 2030 19 .1518989E+11   2300017E-01  .9535E+01 -.1080E+02   .9999999  .0000403  .0000479
T 2031 19 .1518963E+11   2300006E-01  .5595E+01 -.7961E+01   .9999999  .0000668 -.0000238
T 2032 19 .1518937E+11   2300009E-01 -.1048E+02 -.1254E+02   .9999999 -.0002176 -.0001618
T 2033 19 .1518950E+11   2300001E-01 -.2424E+01 -.9186E+01   .9999999  .0000996 -.0001762
T 2034 19 .1519039E+11   2300005E-01  .3036E+02 -.9022E+01   .9999999  .0001723 -.0002594
T 2035 19 .1519004E+11   2300002E-01 -.2253E+01 -.9412E+01   .9999999 -.0001080  .0001106
T 2036 19 .1518963E+11   2300019E-01 -.1649E+02  .1060E+02   .9999999  .0000390  .0000262
T 2037 19 .1519129E+11   2300022E-01 -.7348E+01 -.9494E+01   .9999999  .0000017 -.0000993
T 2038 19 .1518821E+11   2300008E-01 -.8522E+01  .2016E+01   .9999999 -.0000386  .0000845
T 2039 19 .1518989E+11   2300016E-01 -.4042E+01  .8606E+01   .9999999 -.0001111  .0001317
T 2040 19 .1519060E+11   2300014E-01  .1805E+02  .1069E+02   .9999999  .0002252  .0000794
T 2041 19 .1519128E+11   2300003E-01  .2265E+02  .1176E+01   .9999999  .0004379  .0001722
T 2042 19 .1518854E+11   2300015E-01  .1872E+02  .4049E+01   .9999999  .0002338  .0001131
T 2043 19 .1518917E+11   2300017E-01  .2744E+01 -.1442E+02   .9999999  .0000085 -.0000466
T 2044 19 .1518850E+11   2300022E-01  .1225E+02  .1065E+02   .9999999  .0000543  .0001125
T 2045 19 .1518883E+11   2300020E-01 -.8793E+01  .9730E+01   .9999999 -.0000591  .0001272
T 2046 19 .1518996E+11   2300000E-01 -.1857E+03 -.1893E+03   .9999983 -.0014117 -.0012233
T 2047 19 .1519085E+11   2300022E-01  .1147E+02 -.2883E+01   .9999999  .0003825 -.0000659
T 2048 19 .1518821E+11   2300021E-01  .1197E+02 -.3473E+00   .9999999  .0000822 -.0000191
T 2049 19 .1518910E+11   2300021E-01 -.3074E+00 -.8046E+01   .9999999  .0000211 -.0000330
T 2050 19 .1519047E+11   2300020E-01 -.1532E+01  .1176E+02   .9999999  .0000244  .0001514
T 2051 19 .1519072E+11   2300006E-01  .4078E+00  .1608E+02   .9999999  .0001106  .0001976
T 2052 19 .1518923E+11   2300021E-01  .1913E+02  .2571E+01   .9999999  .0002735  .0000379
T 2053 19 .1519019E+11   2300008E-01 -.1092E+02  .1404E+02   .9999999 -.0001455  .0002007
T 2054 19 .1519063E+11   2300011E-01 -.1585E+02 -.6489E+01   .9999999 -.0002399 -.0001307
T 2055 19 .1519042E+11   2300015E-01 -.2026E+02 -.2569E+01   .9999999 -.0002134 -.0001678
T 2056 19 .1519050E+11   2300019E-01 -.1002E+02  .1129E+02   .9999999 -.0001448  .0001668
T 2057 19 .1518936E+11   2300010E-01 -.2169E+00  .9581E+01   .9999999  .0000504  .0001422
T 2058 19 .1518967E+11   2300004E-01  .6549E+01 -.2718E+02   .9999999  .0000464 -.0001853
T 2059 19 .1518985E+11   2300009E-01 -.7550E+01 -.8017E+01   .9999999 -.0001042 -.0000436
T 2060 19 .1518978E+11   2300009E-01  .3053E+01  .2866E+02   .9999999 -.0000074  .0004253
T 2061 19 .1518988E+11   2300013E-01 -.6945E+01 -.6632E+01   .9999999 -.0000663 -.0000152
T 2062 19 .1518897E+11   2300017E-01 -.5485E+00 -.1530E+02   .9999999 -.0001072 -.0001809
T 2063 19 .1519038E+11   2300010E-01  .5615E+01  .1127E+02   .9999985  .0014310  .0009420
T 2064 19 .1518904E+11   2300017E-01 -.9656E+01  .1213E+02   .9999999 -.0002261  .0000994
T 2065 19 .1518974E+11   2300021E-01  .2138E+01 -.3684E+01   .9999999  .0000773 -.0000777
T 2066 19 .1518854E+11   2300006E-01  .1390E+02 -.8855E+01   .9999999  .0002774 -.0001957
T 2067 19 .1519048E+11   2300013E-01  .2237E+01  .1615E+01   .9999999 -.0001430 -.0001320
T 2068 19 .1518908E+11   2300022E-01  .8452E+00  .8181E+02   .9999996  .0000964  .0008380
T 2069 19 .1518959E+11   2300003E-01  .1174E+02 -.1014E+02   .9999999  .0003527 -.0001733
T 2070 19 .1519149E+11   2300008E-01  .9057E+01 -.1957E+01   .9999999  .0000828 -.0001307
T 2071 19 .1518812E+11   2300014E-01 -.1953E+01  .8588E+01   .9999999  .0000003  .0000630
T 2072 19 .1519016E+11   2300022E-01  .1760E+01  .1329E+02   .9999999 -.0001565  .0000278
T 2073 19 .1518995E+11   2300018E-01 -.1788E+02  .2027E+02   .9999999 -.0001534  .0001122
T 2074 19 .1518960E+11   2300008E-01 -.9849E+00 -.4822E+01   .9999999  .0001345  .0000275
T 2075 19 .1518779E+11   2300007E-01  .1641E+02  .2300E+00   .9999999  .0003655 -.0000168
T 2076 19 .1518997E+11   2300021E-01  .4997E+01 -.2047E+01   .9999999  .0000467 -.0000213
T 2077 19 .1518899E+11   2300014E-01  .7136E+01  .5610E+01   .9999999  .0001157 -.0000069
T 2078 19 .1518881E+11   2300016E-01 -.4873E+01 -.1739E+01   .9999999 -.0001183 -.0000194
T 2079 19 .1519050E+11   2300006E-01  .9629E+01 -.1933E+01   .9999999  .0001799  .0000084
T 2080 19 .1518862E+11   2300022E-01  .5773E+01 -.1495E+02   .9999999  .0000648 -.0001288
T 2081 19 .1518931E+11   2300011E-01 -.1977E+02  .1034E+02   .9999999 -.0001349  .0001169
T 2082 19 .1518891E+11   2300021E-01  .2900E+02  .9144E+01   .9999999  .0003500  .0001676
T 2083 19 .1518893E+11   2300020E-01  .1995E+02 -.3317E+02   .9999999  .0001496 -.0002403
T 2084 19 .1518875E+11   2300006E-01  .7592E+00 -.1802E+01   .9999999 -.0000046 -.0001029
T 2085 19 .1519058E+11   2300011E-01  .2954E+01 -.6310E+01   .9999999  .0000531 -.0000369
T 2086 19 .1518974E+11   2300003E-01 -.3275E+02  .1542E+02   .9999999 -.0002797  .0001157
T 2087 19 .1519034E+11   2300021E-01 -.9548E+01  .6327E+01   .9999999 -.0001747  .0001287
T 2088 19 .1519032E+11   2300003E-01 -.7620E+01 -.1921E+02   .9999999 -.0000615 -.0001610
T 2089 19 .1519021E+11   2300009E-01 -.2992E+01 -.2594E+01   .9999999  .0001028 -.0001829
T 2090 19 .1518936E+11   2300017E-01 -.9159E+00  .6704E+00   .9999999 -.0000332  .0000540
T 2091 19 .1518995E+11   2300006E-01  .1768E+02  .2024E+01   .9999999  .0001662  .0000859
T 2092 19 .1518966E+11   2300001E-01 -.1026E+02  .5129E+00   .9999999 -.0000589 -.0000156
T 2093 19 .1518978E+11   2300022E-01 -.2296E+02 -.3184E+02   .9999999 -.0003314 -.0002882
T 2094 19 .1518884E+11   2300022E-01  .5688E+01 -.4299E+01   .9999999 -.0000870 -.0001277
T 2095 19 .1519086E+11   2300011E-01 -.7581E+01 -.1905E+01   .9999999 -.0001571 -.0001073
T 2096 19 .1518954E+11   2300019E-01 -.1876E+02 -.2086E+02   .9999999 -.0002222 -.0000447
T 2097 19 .1519099E+11   2300009E-01 -.7177E+01 -.1798E+02   .9999999 -.0001462 -.0001101
T 2098 19 .1519023E+11   2300021E-01  .2063E+01  .7182E+01   .9999999  .0000211  .0001782
T 2099 19 .1518947E+11   2300009E-01  .2236E+02  .1591E+02   .9999999  .0004295  .0001518
T 2100 19 .1518930E+11   2300021E-01  .2667E+01 -.1975E+02   .9999999 -.0000328 -.0001969
T 2101 19 .1519134E+11   2300018E-01 -.6795E+01 -.4813E+01   .9999999 -.0000795 -.0000862
T 2102 19 .1519050E+11   2300020E-01  .1732E+02 -.4890E+01   .9999999  .0002656  .0000710
T 2103 19 .1518994E+11   2300019E-01 -.8189E+01 -.1607E+02   .9999999 -.0000812 -.0001339
T 2104 19 .1518872E+11   2300010E-01 -.2460E+01 -.6290E+01   .9999999 -.0001250 -.0001562
T 2105 19 .1519016E+11   2300019E-01 -.1275E+02 -.1732E+02   .9999999 -.0001921 -.0001093
T 2106 19 .1519109E+11   2300007E-01  .8027E+01 -.4147E+00   .9999999  .0000551 -.0000076
T 2107 19 .1518851E+11   2300023E-01 -.2813E+02 -.1669E+02   .9999999 -.0002908 -.0001986
T 2108 19 .1519042E+11   2300000E-01 -.1443E+02 -.4754E+00   .9999999 -.0000646 -.0000296
T 2109 19 .1518988E+11   2300006E-01  .4330E+01  .5802E+00   .9999999  .0001115 -.0000515
T 2110 19 .1519036E+11   2300008E-01  .2434E+02  .1397E+02   .9999999  .0002739  .0003819
T 2111 19 .1518999E+11   2300019E-01 -.5505E+01 -.7316E+01   .9999999  .0000393 -.0001480
T 2112 19 .1518973E+11   2300018E-01  .8051E+01 -.2114E+00   .9999999  .0000068  .0000751
T 2113 19 .1519165E+11   2300023E-01  .1594E+01  .8778E+01   .9999999  .0000833  .0001584
T 2114 19 .1519243E+11   2300003E-01  .6555E+00 -.3540E+01   .9999999  .0000480 -.0001027
T 2115 19 .1518899E+11   2300018E-01 -.2323E+02  .1190E+01   .9999999 -.0003770  .0000927
T 2116 19 .1519066E+11   2300010E-01 -.2923E+01 -.4206E+01   .9999999  .0000094 -.0001217
T 2117 19 .1519037E+11   2300022E-01 -.4540E+01 -.2096E+01   .9999999 -.0003204 -.0004410
T 2118 19 .1518935E+11   2300005E-01 -.1422E+02 -.9567E+01   .9999999 -.0003414 -.0000756
T 2119 19 .1518821E+11   2300019E-01  .1628E+02 -.2080E+02   .9999999  .0001278 -.0002077
T 2120 19 .1518965E+11   2300010E-01 -.5071E+00 -.1231E+02   .9999999  .0000319  .0000037
T 2121 19 .1519014E+11   2300008E-01 -.1694E+02  .1199E+02   .9999999 -.0003256  .0001456
T 2122 19 .1519094E+11   2300015E-01  .1506E+02 -.7883E+01   .9999999  .0001703 -.0000423
T 2123 19 .1519145E+11   2300012E-01  .7367E+01 -.1183E+01   .9999999  .0001759 -.0001056
T 2124 19 .1518948E+11   2300018E-01  .1275E+02  .1066E+02   .9999999  .0002138  .0001009
T 2125 19 .1519279E+11   2300010E-01  .2655E-02  .2807E+01   .9999999  .0000516 -.0000686
T 2126 19 .1519191E+11   2300019E-01 -.1443E+01  .8997E+01   .9999999  .0000127  .0003923
T 2127 19 .1518975E+11   2300012E-01  .8333E+01  .7089E+01   .9999999 -.0000096 -.0000716
T 2128 19 .1519047E+11   2300021E-01  .5620E+01 -.3220E+01   .9999999  .0001105 -.0001489
T 2129 19 .1518869E+11   2300021E-01  .1719E+01 -.2004E+02   .9999999  .0000890 -.0003348
T 2130 19 .1519001E+11   2300020E-01  .3833E+01 -.1295E+02   .9999999  .0000086 -.0000784
T 2131 19 .1519043E+11   2300010E-01  .1371E+01  .8061E+01   .9999999  .0000289  .0001488
T 2132 19 .1518982E+11   2300005E-01  .9327E+01  .4388E+01   .9999999  .0000809  .0000983
T 2133 19 .1518824E+11   2300000E-01 -.4660E+01  .7229E+01   .9999998 -.0003902  .0004435
T 2134 19 .1518895E+11   2300014E-01  .1125E+02  .1861E+02   .9999999  .0002154  .0002072
T 2135 19 .1519047E+11   2300014E-01  .7616E+00  .1011E+02   .9999999  .0000847  .0000754
T 2136 19 .1518940E+11   2300010E-01  .6614E+01 -.1151E+01   .9999999  .0001394 -.0000268
T 2137 19 .1519083E+11   2300000E-01  .6270E+01  .1457E+01   .9999999  .0000565 -.0000369
T 2138 19 .1518999E+11   2300014E-01 -.1371E+02  .1476E+02   .9999999 -.0000567  .0001072
T 2139 19 .1518917E+11   2300000E-01  .1345E+02  .1558E+02   .9999999  .0001320  .0001768
T 2140 19 .1518924E+11   2300006E-01 -.4880E+01  .1299E+02   .9999999 -.0001627  .0001496
T 2141 19 .1518930E+11   2300020E-01  .4248E+00 -.5535E+01   .9999999  .0001682  .0000352
T 2142 19 .1519032E+11   2300021E-01 -.5654E+01 -.3212E+01   .9999999  .0000201 -.0000628
T 2143 19 .1519105E+11   2300000E-01 -.2899E+01 -.3952E+01   .9999999  .0002080 -.0000671
T 2144 19 .1518937E+11   2300009E-01 -.1429E+02 -.9765E+01   .9999999 -.0001937 -.0000453
T 2145 19 .1518989E+11   2300013E-01 -.1694E+02 -.9478E+01   .9999999 -.0002843 -.0001852
T 2146 19 .1518982E+11   2300013E-01 -.6452E+01 -.1512E+02   .9999999 -.0000416 -.0001511
T 2147 19 .1519126E+11   2300006E-01  .2195E+02 -.2948E+00   .9999999  .0002399  .0000357
T 2148 19 .1518890E+11   2300006E-01  .4184E+01 -.5558E+01   .9999999 -.0000792 -.0001709
T 2149 19 .1518960E+11   2300011E-01  .1237E+02 -.8081E+00   .9999999  .0001561 -.0000030
T 2150 19 .1518931E+11   2300015E-01 -.8875E+01 -.1910E+02   .9999999 -.0001604 -.0003577
T 2151 19 .1519092E+11   2300020E-01 -.8076E+01  .1694E+01   .9999999 -.0002069  .0000216
T 2152 19 .1518972E+11   2300014E-01 -.1420E+02 -.5515E+01   .9999999 -.0001333 -.0000667
T 2153 19 .1518826E+11   2300014E-01 -.1172E+02 -.3036E+02   .9999999 -.0001932 -.0002979
T 2154 19 .1518938E+11   2300022E-01  .8231E+00  .5993E+01   .9999999  .0000386 -.0000055
T 2155 19 .1518946E+11   2300012E-01  .2100E+02  .2061E+01   .9999999  .0001405 -.0000506
T 2156 19 .1518911E+11   2300010E-01 -.9163E+01 -.1070E+02   .9999999  .0001031 -.0001707
T 2157 19 .1518980E+11   2300022E-01  .3476E+01  .7883E+01   .9999999  .0000352  .0001071
T 2158 19 .1519065E+11   2300019E-01  .1482E+01 -.1702E+02   .9999999 -.0000762 -.0004091
T 2159 19 .1518984E+11   2300016E-01  .1275E+02 -.2235E+01   .9999998  .0006279 -.0002996
T 2160 19 .1519094E+11   2300016E-01  .1192E+02  .1659E+02   .9999999  .0000733  .0001483
T 2161 19 .1518964E+11   2300009E-01  .2831E+00 -.9546E+01   .9999999 -.0000548 -.0001348
T 2162 19 .1518954E+11   2300018E-01  .6291E+01  .2713E+02   .9999999  .0000736  .0003603
T 2163 19 .1519096E+11   2300021E-01  .1571E+02 -.6990E+01   .9999999  .0001689 -.0000596
T 2164 19 .1518967E+11   2300000E-01 -.8855E+01 -.2504E+02   .9999999 -.0002051 -.0004181
T 2165 19 .1519077E+11   2300022E-01 -.1230E+01 -.9640E+01   .9999999  .0000132 -.0000042
T 2166 19 .1519053E+11   2300018E-01 -.1592E+01  .5449E+01   .9999999  .0000216 -.0000524
T 2167 19 .1518866E+11   2300000E-01  .2627E+02 -.3830E+01   .9999998  .0005744  .0000759
T 2168 19 .1519032E+11   2300008E-01  .9149E-01 -.3288E+01   .9999999  .0000712 -.0001794
T 2169 19 .1518844E+11   2300000E-01  .5757E+01  .9183E+01   .9999999 -.0000043  .0002462
T 2170 19 .1518949E+11   2300023E-01 -.7605E+00 -.8230E+01   .9999999  .0000748 -.0001666
T 2171 19 .1519060E+11   2300015E-01  .9289E+01  .2046E+01   .9999999  .0000237 -.0000058
T 2172 19 .1519027E+11   2300005E-01  .1273E+02 -.5287E+01   .9999999  .0001790  .0000277
T 2173 19 .1518925E+11   2300005E-01  .9595E+01  .9557E+01   .9999999  .0001818  .0001869
T 2174 19 .1518960E+11   2300019E-01  .5169E+01 -.2556E+01   .9999999  .0000393 -.0000590
T 2175 19 .1518965E+11   2300022E-01  .1212E+02  .9605E+01   .9999999  .0002621  .0001653
T 2176 19 .1519074E+11   2300018E-01 -.6817E+01  .4303E+01   .9999999 -.0000490  .0000106
T 2177 19 .1519094E+11   2300023E-01  .6597E+01 -.7504E+01   .9999999  .0000878 -.0001320
T 2178 19 .1518956E+11   2300007E-01 -.1876E+02 -.2846E+00   .9999999 -.0001685 -.0000787
T 2179 19 .1518905E+11   2300012E-01 -.7288E+00 -.7404E+01   .9999999 -.0000066 -.0000947
T 2180 19 .1518970E+11   2300000E-01 -.4294E+01 -.9601E+01   .9999999 -.0000342 -.0001328
T 2181 19 .1519174E+11   2300009E-01  .2587E+01  .1940E+01   .9999999 -.0001351 -.0000176
T 2182 19 .1519024E+11   2300022E-01  .6635E+01  .1457E+02   .9999999  .0001307  .0001253
T 2183 19 .1519110E+11   2300014E-01  .1561E+02 -.4774E+01   .9999999  .0001126 -.0000471
T 2184 19 .1519042E+11   2300005E-01 -.1542E+02  .6503E+01   .9999999 -.0001990  .0000059
T 2185 19 .1518881E+11   2300004E-01  .8056E+01 -.3745E+01   .9999999  .0001423  .0000553
T 2186 19 .1518949E+11   2300009E-01  .6129E+01 -.6319E+00   .9999999  .0000368 -.0001730
T 2187 19 .1519060E+11   2300015E-01  .7243E+01 -.2347E+02   .9999999  .0000891 -.0001933
T 2188 19 .1518985E+11   2300017E-01 -.1675E+02  .2486E+02   .9999999 -.0001539  .0003038
T 2189 19 .1519049E+11   2300003E-01  .1541E+02  .6086E+01   .9999999  .0002405  .0001893
T 2190 19 .1518984E+11   2300007E-01 -.3609E+01 -.1221E+02   .9999999 -.0000865 -.0000246
T 2191 19 .1518959E+11   2300013E-01 -.3620E+01 -.1252E+01   .9999999  .0000199 -.0000289
T 2192 19 .1518963E+11   2300011E-01  .1644E+01  .1908E+02   .9999997 -.0002678  .0007633
T 2193 19 .1518877E+11   2300011E-01 -.1328E+01  .4452E+01   .9999999  .0000197  .0000707
T 2194 19 .1518866E+11   2300002E-01 -.1837E+01  .1671E+02   .9999999 -.0000171  .0002764
T 2195 19 .1519140E+11   2300014E-01 -.3345E+02 -.1408E+02   .9999999 -.0003672 -.0001707
T 2196 19 .1519069E+11   2300005E-01  .3332E+02  .2368E+02   .9999999  .0003428  .0002250
T 2197 19 .1519001E+11   2300016E-01 -.2183E+01 -.4808E+01   .9999999  .0000368  .0000319
T 2198 19 .1518889E+11   2300011E-01 -.5814E+01 -.2731E+01   .9999999  .0000552 -.0001481
T 2199 19 .1518797E+11   2300016E-01  .1824E+02 -.3007E+02   .9999999  .0000900 -.0003069
T 2200 19 .1519144E+11   2300015E-01  .1856E+02  .2475E+02   .9999998  .0004473  .0004573
T 2201 19 .1518848E+11   2300006E-01 -.1059E+02  .3100E+01   .9999999 -.0001824 -.0000206
T 2202 19 .1519037E+11   2300004E-01 -.4896E+01 -.2288E+01   .9999999 -.0000446  .0000428
T 2203 19 .1519024E+11   2300002E-01 -.1455E+02  .8795E+01   .9999999 -.0001493  .0000727
T 2204 19 .1518977E+11   2300002E-01  .8746E+01  .1184E+02   .9999999  .0001225  .0000638
T 2205 19 .1519040E+11   2300016E-01 -.8317E+01 -.2148E+01   .9999999 -.0003210 -.0000028
T 2206 19 .1519001E+11   2300007E-01  .1106E+02 -.1024E+02   .9999999  .0001334 -.0002304
T 2207 19 .1518971E+11   2300020E-01  .2867E+01  .1200E+02   .9999999  .0001926 -.0000457
T 2208 19 .1519141E+11   2300003E-01  .1754E+01 -.2019E+02   .9999999 -.0001087 -.0002067
T 2209 19 .1519049E+11   2300001E-01  .2862E+01  .6890E+01   .9999999  .0000832 -.0000045
T 2210 19 .1518920E+11   2300010E-01 -.5082E-01 -.6472E+01   .9999999 -.0000379 -.0001615
T 2211 19 .1518878E+11   2300003E-01 -.3156E+02 -.9050E+00   .9999999 -.0002196 -.0001904
T 2212 19 .1519015E+11   2300018E-01 -.3269E+02 -.2287E+01   .9999999 -.0004610 -.0000425
T 2213 19 .1519087E+11   2300009E-01  .3362E+01  .2148E+01   .9999999  .0000973  .0000502
T 2214 19 .1519012E+11   2300000E-01 -.3561E+01 -.4990E+01   .9999999 -.0000439 -.0000754
T 2215 19 .1518963E+11   2300012E-01  .8278E+01 -.3731E+00   .9999999 -.0000231  .0000497
T 2216 19 .1519043E+11   2300001E-01  .1568E+02  .1171E+02   .9999999  .0002711  .0000013
T 2217 19 .1518946E+11   2300001E-01 -.3321E+01 -.6430E+01   .9999999  .0000421 -.0000371
T 2218 19 .1519039E+11   2300016E-01  .6958E+01  .3631E+01   .9999999  .0001529  .0000294
T 2219 19 .1519069E+11   2300006E-01  .9779E+01 -.1584E+02   .9999999  .0001696 -.0001654
T 2220 19 .1519030E+11   2300017E-01  .2238E+02  .4372E+01   .9999999  .0001787  .0000352
T 2221 19 .1519014E+11   2300010E-01 -.6938E+01  .7996E+01   .9999999 -.0001289  .0000408
T 2222 19 .1519081E+11   2300009E-01  .2268E+02 -.4453E+00   .9999999  .0002273  .0001002
T 2223 19 .1518794E+11   2300017E-01  .4492E+01  .4844E+01   .9999999  .0002301  .0000074
T 2224 19 .1519019E+11   2300022E-01  .1775E+02  .3174E+01   .9999999  .0002234  .0000473
T 2225 19 .1518908E+11   2300021E-01 -.5110E+01  .2776E+01   .9999999 -.0002127 -.0000530
T 2226 19 .1518927E+11   2300008E-01 -.9040E+01  .3037E+01   .9999999 -.0000359  .0000055
T 2227 19 .1519008E+11   2300008E-01 -.3743E+01 -.1506E+02   .9999999 -.0000994 -.0000692
T 2228 19 .1518979E+11   2300005E-01 -.1846E+02  .1547E+02   .9999999 -.0001806  .0000931
T 2229 19 .1519141E+11   2300017E-01  .1713E+02 -.2475E+01   .9999999  .0002327  .0000311
T 2230 19 .1519101E+11   2300000E-01 -.8288E+01 -.1640E+02   .9999999 -.0000809 -.0001136
T 2231 19 .1518947E+11   2300004E-01  .1319E+02  .6596E+01   .9999999  .0002181 -.0000115
T 2232 19 .1519055E+11   2300004E-01  .6878E+01  .1208E+01   .9999999  .0001362  .0000276
T 2233 19 .1519006E+11   2300009E-01  .1325E+01  .5797E+01   .9999999  .0000053 -.0000240
T 2234 19 .1519050E+11   2300005E-01 -.4402E+00  .1102E+01   .9999999 -.0000209  .0000442
T 2235 19 .1518965E+11   2300016E-01 -.5759E+01  .5353E+01   .9999999 -.0000541  .0000644
T 2236 19 .1519085E+11   2300021E-01  .4769E+00  .7688E+01   .9999999 -.0001182  .0001034
T 2237 19 .1519126E+11   2300014E-01 -.8630E+01  .4276E+01   .9999999 -.0001488  .0000437
T 2238 19 .1519041E+11   2300021E-01 -.1203E+02  .2035E+02   .9999999 -.0000757  .0002398
T 2239 19 .1518907E+11   2300012E-01 -.1121E+02  .5096E+01   .9999999 -.0001532  .0001007
T 2240 19 .1518765E+11   2300007E-01 -.5210E+00 -.8631E+01   .9999999  .0000014 -.0001827
T 2241 19 .1518913E+11   2300012E-01 -.2032E+00 -.9644E+01   .9999999 -.0001214 -.0001385
T 2242 19 .1519051E+11   2300019E-01  .1477E+02  .1038E+02   .9999999  .0004175  .0001176
T 2243 19 .1519023E+11   2300014E-01 -.1213E+02 -.2028E+02   .9999999 -.0001079 -.0000929
T 2244 19 .1518893E+11   2300011E-01 -.2862E+01 -.3300E+01   .9999999 -.0000763 -.0000296
T 2245 19 .1518922E+11   2300009E-01 -.4126E+01 -.3537E+01   .9999999 -.0001138 -.0000450
T 2246 19 .1518943E+11   2300015E-01 -.1655E+02 -.6282E+01   .9999999 -.0000776 -.0001856
T 2247 19 .1519083E+11   2300013E-01 -.2779E+02 -.1672E+02   .9999999 -.0003544 -.0003065
T 2248 19 .1518936E+11   2300006E-01 -.7995E+00  .3392E+01   .9999999 -.0000470  .0000592
T 2249 19 .1519137E+11   2300016E-01 -.7556E+01  .2480E+00   .9999999 -.0001589 -.0001400
T 2250 19 .1518871E+11   2300014E-01  .1048E+02  .2998E+01   .9999999  .0000735 -.0000169
T 2251 19 .1519014E+11   2300015E-01  .2570E+02  .5809E+01   .9999999  .0003848 -.0000149
T 2252 19 .1519103E+11   2300008E-01 -.2551E+02  .1282E+02   .9999999 -.0002136  .0000703
T 2253 19 .1518789E+11   2300015E-01 -.6235E+01  .1701E+02   .9999999 -.0001610  .0000646
T 2254 19 .1519187E+11   2300005E-01 -.2661E+01 -.4493E+01   .9999999  .0003180 -.0003306
T 2255 19 .1518896E+11   2300019E-01  .1012E+02 -.3610E+01   .9999999  .0000922  .0000778
T 2256 19 .1519055E+11   2300000E-01 -.6542E+01  .8235E+01   .9999999 -.0000551  .0001943
T 2257 19 .1519120E+11   2300020E-01  .3450E+01 -.5014E+01   .9999999  .0001385 -.0000806
T 2258 19 .1519080E+11   2300009E-01  .5569E+00  .7259E+01   .9999999  .0000022  .0000779
T 2259 19 .1518972E+11   2300010E-01 -.1466E+02  .5325E+01   .9999999 -.0003587  .0001124
T 2260 19 .1518967E+11   2300021E-01  .3094E+01  .1242E+02   .9999999  .0001436  .0001998
T 2261 19 .1518917E+11   2300016E-01 -.7526E+01 -.1614E+01   .9999999  .0000203  .0000491
T 2262 19 .1519105E+11   2300010E-01 -.2075E+02 -.7356E+01   .9999999 -.0001585 -.0001449
T 2263 19 .1518916E+11   2300018E-01  .2020E+01 -.1160E+02   .9999999 -.0000774 -.0001524
T 2264 19 .1519034E+11   2300000E-01 -.1815E+02  .1210E+01   .9999999 -.0002842  .0000634
T 2265 19 .1519045E+11   2300013E-01 -.1546E+01  .8079E+01   .9999999  .0000826 -.0000763
T 2266 19 .1518977E+11   2300018E-01 -.1061E+02 -.7460E+01   .9999999 -.0000564  .0000038
T 2267 19 .1519041E+11   2300023E-01  .1196E+02 -.3070E+01   .9999999  .0001141 -.0000361
T 2268 19 .1519032E+11   2300000E-01 -.2526E+02  .1165E+02   .9999999 -.0002398  .0000717
T 2269 19 .1519103E+11   2300005E-01 -.1079E+02  .7195E+01   .9999999 -.0000824  .0000821
T 2270 19 .1519026E+11   2300013E-01 -.1178E+02  .4820E+01   .9999999 -.0001483  .0000534
T 2271 19 .1518927E+11   2300019E-01  .4690E+01  .7829E+01   .9999999  .0000334  .0000159
T 2272 19 .1518843E+11   2300020E-01  .9941E+01 -.1426E+02   .9999999  .0001989 -.0001690
T 2273 19 .1518851E+11   2300021E-01  .8988E+00 -.6659E+01   .9999999 -.0000329 -.0002337
T 2274 19 .1518970E+11   2300009E-01  .1906E+02  .1433E+02   .9999999  .0000809  .0000539
T 2275 19 .1518985E+11   2300020E-01 -.4295E+01  .1312E+02   .9999999 -.0001504  .0001262
T 2276 19 .1518915E+11   2300017E-01 -.6253E+01 -.9736E+01   .9999999 -.0001997 -.0002190
T 2277 19 .1518996E+11   2300021E-01  .7849E+01  .2513E+02   .9999999  .0001635  .0004244
T 2278 19 .1518986E+11   2300008E-01 -.2391E+02  .6642E+00   .9999999 -.0002079 -.0000703
T 2279 19 .1518907E+11   2300003E-01 -.2090E+02  .1193E+02   .9999998 -.0006109  .0000181
T 2280 19 .1519134E+11   2300013E-01  .1590E+02 -.2026E+02   .9999999  .0002441 -.0004206
T 2281 19 .1519069E+11   2300011E-01 -.4162E+00 -.4890E+02   .9999997  .0000869 -.0007860
T 2282 19 .1519007E+11   2300014E-01  .4618E+01 -.1154E+02   .9999999  .0000013 -.0000055
T 2283 19 .1518942E+11   2300012E-01  .1130E+02  .1352E+02   .9999999  .0001434  .0001118
T 2284 19 .1518989E+11   2300002E-01  .6622E+00  .3321E+01   .9999999  .0000360  .0000917
T 2285 19 .1518996E+11   2300012E-01 -.1600E+02 -.9974E+01   .9999999 -.0003349 -.0000903
T 2286 19 .1519088E+11   2300015E-01  .2305E+02 -.9362E+01   .9999999  .0001088 -.0000399
T 2287 19 .1518882E+11   2300010E-01  .1265E+02 -.1180E+01   .9999999  .0001502  .0001054
T 2288 19 .1518901E+11   2300015E-01  .1266E+02 -.9477E+01   .9999999  .0001526 -.0001393
T 2289 19 .1519014E+11   2300005E-01 -.1301E+02 -.2205E+01   .9999999 -.0000898 -.0000096
T 2290 19 .1519070E+11   2300022E-01 -.7085E+01 -.1024E+01   .9999999  .0000519 -.0001347
T 2291 19 .1518902E+11   2300013E-01 -.1766E+01 -.1203E+02   .9999999  .0000191 -.0005243
T 2292 19 .1518929E+11   2300009E-01 -.2882E+02 -.8393E+01   .9999999 -.0002269 -.0000121
T 2293 19 .1518930E+11   2300008E-01  .1064E+02 -.4096E+01   .9999999  .0003170  .0000455
T 2294 19 .1518999E+11   2300015E-01 -.1826E+01  .7607E+01   .9999999 -.0001169  .0000951
T 2295 19 .1519053E+11   2300011E-01  .9617E+01 -.1164E+02   .9999998  .0001072 -.0005840
T 2296 19 .1519127E+11   2300022E-01  .1420E+02  .3890E+01   .9999999  .0002391  .0000377
T 2297 19 .1518964E+11   2300015E-01  .1869E+01  .1713E+02   .9999999 -.0000029  .0003109
T 2298 19 .1518937E+11   2300014E-01 -.3079E+01 -.1548E+02   .9999999 -.0000278 -.0001717
T 2299 19 .1519129E+11   2300008E-01  .1210E+02  .1476E+02   .9999999  .0000690  .0001865
T 2300 19 .1518907E+11   2300022E-01 -.1746E+02 -.8730E+01   .9999997 -.0006866 -.0001862
T 2301 19 .1519000E+11   2300006E-01 -.9560E+01 -.2169E+01   .9999999  .0000008 -.0000432
T 2302 19 .1519058E+11   2300016E-01 -.2512E+01  .2236E+00   .9999999 -.0001412 -.0000079
T 2303 19 .1518974E+11   2300005E-01  .1109E+02 -.1178E+02   .9999999  .0001501 -.0001677
T 2304 19 .1519001E+11   2300014E-01 -.8354E+01 -.1716E+01   .9999999 -.0001264  .0000193
T 2305 19 .1519013E+11   2300007E-01  .4140E+02  .2440E+02   .9999999  .0002100  .0000477
T 2306 19 .1519026E+11   2300001E-01  .1367E+00 -.7638E+01   .9999999  .0000509 -.0000565
T 2307 19 .1519026E+11   2300007E-01 -.6050E+01 -.4414E+01   .9999999 -.0001843 -.0000094
T 2308 19 .1519064E+11   2300005E-01 -.1285E+02  .8901E+00   .9999999 -.0002777 -.0000144
T 2309 19 .1518943E+11   2300018E-01  .1657E+02 -.9081E+01   .9999999  .0001041 -.0000975
T 2310 19 .1519043E+11   2300019E-01  .2991E+01 -.1243E+02   .9999999 -.0000254 -.0001692
T 2311 19 .1518873E+11   2300022E-01  .1627E+02 -.1701E+02   .9999999  .0002837 -.0002160
T 2312 19 .1518952E+11   2300006E-01 -.6154E+01 -.9156E+01   .9999999  .0000867 -.0000658
T 2313 19 .1519111E+11   2300005E-01  .1609E+02  .1358E+02   .9999999  .0003292  .0002144
T 2314 19 .1518989E+11   2300017E-01 -.8810E+01 -.6311E+01   .9999999 -.0001105 -.0001508
T 2315 19 .1518952E+11   2300019E-01 -.4055E+00  .2617E+01   .9999999 -.0001223  .0000141
T 2316 19 .1519019E+11   2300014E-01  .9462E+01 -.6265E+01   .9999999  .0000354 -.0000491
T 2317 19 .1518972E+11   2300019E-01 -.1845E+02 -.3236E+01   .9999999 -.0002291  .0000321
T 2318 19 .1518951E+11   2300013E-01 -.8755E+01 -.1482E+02   .9999999  .0000701 -.0001440
T 2319 19 .1518952E+11   2300018E-01  .1046E+02  .4134E+01   .9999999  .0000864  .0000984
T 2320 19 .1519026E+11   2300022E-01 -.1541E+02 -.2498E+01   .9999999 -.0002031 -.0000425
T 2321 19 .1518911E+11   2300002E-01  .5993E+01 -.1286E+02   .9999999 -.0000179 -.0001836
T 2322 19 .1519005E+11   2300006E-01 -.4095E+01 -.1518E+02   .9999999 -.0000611 -.0001522
T 2323 19 .1519033E+11   2300005E-01  .3118E+01 -.5120E+01   .9999999  .0001258  .0000731
T 2324 19 .1518812E+11   2300010E-01 -.8897E+00  .1206E+02   .9999999 -.0000526  .0002827
T 2325 19 .1518826E+11   2300021E-01  .1608E+01 -.6775E+01   .9999999  .0000624 -.0000933
T 2326 19 .1519235E+11   2300009E-01 -.1719E+00  .8518E+01   .9999999  .0001666  .0001476
T 2327 19 .1518997E+11   2300011E-01  .3245E+02  .2063E+02   .9999999  .0004806  .0002437
T 2328 19 .1518993E+11   2300022E-01  .8138E+01  .3814E+01   .9999999  .0001870 -.0000134
T 2329 19 .1519130E+11   2300017E-01 -.4719E+01  .2508E+01   .9999999  .0000222 -.0000499
T 2330 19 .1518913E+11   2300008E-01 -.1056E+02  .3328E+01   .9999999 -.0000643  .0000448
T 2331 19 .1519080E+11   2300002E-01 -.1149E+02 -.2563E+01   .9999999 -.0002412 -.0000364
T 2332 19 .1518987E+11   2300017E-01  .2624E+01  .4848E+01   .9999999  .0000830  .0001306
T 2333 19 .1519080E+11   2300020E-01 -.1632E+01 -.1332E+02   .9999999 -.0001272 -.0001964
T 2334 19 .1519020E+11   2300000E-01  .3572E+00 -.8005E+01   .9999999  .0001054 -.0001243
T 2335 19 .1519017E+11   2300016E-01 -.1458E+01  .7622E+01   .9999999 -.0001019 -.0000485
T 2336 19 .1519032E+11   2300021E-01 -.4884E+01 -.5991E+01   .9999999 -.0000443 -.0001694
T 2337 19 .1518876E+11   2300009E-01  .3069E+01  .9982E+01   .9999999 -.0000070  .0001019
T 2338 19 .1518915E+11   2300021E-01 -.9294E+02  .5260E+02   .9999987 -.0014388  .0007871
T 2339 19 .1519212E+11   2300009E-01 -.1884E+01  .3501E+00   .9999999  .0001479 -.0000884
T 2340 19 .1519206E+11   2300015E-01 -.1642E+02 -.2371E+01   .9999999 -.0002554  .0000381
T 2341 19 .1518988E+11   2300011E-01  .7807E+01 -.1653E+01   .9999999  .0000658 -.0000079
T 2342 19 .1519169E+11   2300011E-01  .8017E+01 -.3619E+01   .9999999  .0001110 -.0000342
T 2343 19 .1519026E+11   2300018E-01 -.2302E+02  .3576E+01   .9999998 -.0005507 -.0002961
T 2344 19 .1518954E+11   2300021E-01  .2283E+02 -.1461E+02   .9999999  .0004098 -.0001534
T 2345 19 .1519046E+11   2300017E-01  .1220E+01 -.6602E+01   .9999999  .0000168 -.0001188
T 2346 19 .1518909E+11   2300014E-01 -.7235E+01  .4017E+01   .9999999 -.0000736 -.0001407
T 2347 19 .1518976E+11   2300009E-01 -.1631E+02 -.9933E+01   .9999999 -.0000793 -.0000676
T 2348 19 .1519179E+11   2300005E-01  .8833E+00  .2071E+02   .9999999  .0000984  .0002461
T 2349 19 .1518913E+11   2300017E-01 -.1301E+01  .5776E+01   .9999999 -.0000667 -.0000177
T 2350 19 .1518950E+11   2300021E-01 -.2346E+01 -.1839E+01   .9999999  .0001393 -.0000874
T 2351 19 .1519084E+11   2300015E-01 -.2783E+01 -.7362E+01   .9999999 -.0000566 -.0001844
T 2352 19 .1519029E+11   2300009E-01  .1403E+02 -.1025E+02   .9999999  .0002454 -.0001216
T 2353 19 .1519045E+11   2300016E-01 -.7132E+01  .5923E+01   .9999999  .0000658  .0000598
T 2354 19 .1518961E+11   2300009E-01  .6910E+01 -.1097E+02   .9999999  .0000976 -.0001036
T 2355 19 .1519155E+11   2300018E-01 -.8257E+01 -.1236E+02   .9999999  .0000988 -.0001208
T 2356 19 .1519011E+11   2300009E-01  .1526E+02 -.3177E+01   .9999999  .0001894 -.0001228
T 2357 19 .1518995E+11   2300021E-01 -.1565E+02 -.1788E+02   .9999999 -.0003846 -.0002428
T 2358 19 .1518939E+11   2300021E-01 -.2044E+01 -.1077E+01   .9999999 -.0000916 -.0000512
T 2359 19 .1518997E+11   2300016E-01 -.2179E+01 -.5569E+01   .9999999 -.0001397 -.0002652
T 2360 19 .1518907E+11   2300017E-01 -.3119E+02  .1492E+02   .9999999 -.0003998  .0001611
T 2361 19 .1518865E+11   2300010E-01  .2128E+02 -.1468E+01   .9999999  .0003605  .0000254
T 2362 19 .1519074E+11   2300004E-01  .6849E+00  .8263E+01   .9999999  .0000532  .0001483
T 2363 19 .1519068E+11   2300002E-01 -.8856E+01  .2455E+01   .9999999 -.0000128 -.0000282
T 2364 19 .1519105E+11   2300018E-01  .1462E+01  .1186E+02   .9999999 -.0000881  .0001017
T 2365 19 .1518817E+11   2300007E-01  .3964E+02  .3137E+02   .9999999  .0002993  .0003744
T 2366 19 .1519020E+11   2300007E-01  .8041E+02 -.9122E+02   .9999993  .0008521 -.0008385
T 2367 19 .1519052E+11   2300006E-01  .5143E+01 -.4784E+01   .9999999  .0000482  .0000394
T 2368 19 .1519122E+11   2300003E-01 -.1357E+02 -.2090E+02   .9999999 -.0001447 -.0001148
T 2369 19 .1518887E+11   2300017E-01  .4862E+01 -.2077E+01   .9999999 -.0001219 -.0000267
T 2370 19 .1519119E+11   2300011E-01 -.2792E+01  .3770E+01   .9999999  .0000199  .0000584
T 2371 19 .1518978E+11   2300016E-01  .1809E+02 -.1868E+01   .9999999  .0002265  .0000601
T 2372 19 .1518945E+11   2300002E-01 -.4473E+01 -.3010E+01   .9999999 -.0001657 -.0000692
T 2373 19 .1518970E+11   2300002E-01 -.8060E+01 -.7598E+01   .9999999 -.0002237  .0001634
T 2374 19 .1519050E+11   2300010E-01  .3565E+01 -.4710E+01   .9999999  .0001093 -.0000498
T 2375 19 .1519142E+11   2300016E-01 -.1651E+02  .3446E+01   .9999999 -.0001962 -.0000848
T 2376 19 .1519031E+11   2300023E-01  .7361E+01  .9957E+01   .9999999  .0001250  .0001125
T 2377 19 .1519110E+11   2300012E-01  .8096E+01 -.6341E+01   .9999999  .0000801 -.0001702
T 2378 19 .1519046E+11   2300000E-01  .1078E+02 -.7384E+01   .9999999 -.0000444 -.0001699
T 2379 19 .1519070E+11   2300018E-01 -.2480E+00  .1509E+00   .9999999 -.0000456  .0000129
T 2380 19 .1519078E+11   2300013E-01  .2023E+02  .3133E+01   .9999999  .0001822  .0000192
T 2381 19 .1518905E+11   2300017E-01  .3018E+01 -.2947E+01   .9999999  .0000797  .0000056
T 2382 19 .1519159E+11   2300019E-01 -.3563E+02 -.1851E+02   .9999997 -.0007631 -.0002754
T 2383 19 .1518955E+11   2300017E-01 -.1578E+02  .2436E+02   .9999999 -.0003434  .0003724
T 2384 19 .1519105E+11   2300008E-01  .8681E+01 -.3817E+01   .9999999  .0000518 -.0000014
T 2385 19 .1518927E+11   2300022E-01  .1676E+01  .2259E+02   .9999999 -.0000282  .0003355
T 2386 19 .1519005E+11   2300011E-01 -.3977E+02 -.1289E+02   .9999999 -.0003668 -.0002292
T 2387 19 .1518931E+11   2300002E-01 -.1993E+02 -.1733E+02   .9999999 -.0000628 -.0003760
T 2388 19 .1519000E+11   2300000E-01 -.6235E+01 -.1935E+01   .9999999 -.0000415 -.0000442
T 2389 19 .1519056E+11   2300005E-01  .1477E+01  .1516E+02   .9999999 -.0000389  .0000640
T 2390 19 .1518951E+11   2300016E-01  .7287E+01 -.1004E+02   .9999999  .0001053 -.0001238
T 2391 19 .1519034E+11   2300010E-01  .4308E+00 -.5428E+01   .9999999 -.0001241 -.0000175
T 2392 19 .1518874E+11   2300012E-01 -.9408E+01 -.1831E+02   .9999999 -.0000492 -.0002543
T 2393 19 .1519051E+11   2300009E-01 -.2357E+02  .2638E+02   .9999999 -.0000031  .0002269
T 2394 19 .1518933E+11   2300000E-01  .1308E+02  .1979E+02   .9999999  .0001078  .0002717
T 2395 19 .1519068E+11   2300022E-01 -.3988E+01 -.1426E+02   .9999999 -.0000311 -.0002201
T 2396 19 .1518849E+11   2300018E-01 -.5675E+01 -.6819E+01   .9999999 -.0000909 -.0000621
T 2397 19 .1519025E+11   2300005E-01  .1280E+01  .9259E+01   .9999999  .0000897  .0000599
T 2398 19 .1519024E+11   2300020E-01  .6977E+01 -.5589E+01   .9999999  .0001066 -.0000417
T 2399 19 .1519006E+11   2300007E-01  .2219E+01 -.6155E+01   .9999999  .0000324 -.0001473
T 2400 19 .1518992E+11   2300023E-01  .2133E+02  .4504E+01   .9999999  .0003239  .0000686
T 2401 19 .1519132E+11   2300020E-01 -.8360E+01  .2870E+01   .9999999 -.0001237  .0001205
T 2402 19 .1519016E+11   2300002E-01  .1386E+02 -.3120E+01   .9999999  .0000354 -.0000186
T 2403 19 .1519011E+11   2300015E-01 -.1130E+02  .1038E+02   .9999999 -.0001624  .0000355
T 2404 19 .1519100E+11   2300012E-01 -.7418E+01 -.9674E+01   .9999999 -.0002378 -.0000728
T 2405 19 .1518897E+11   2300008E-01  .2464E+01  .7106E+01   .9999999  .0000132  .0001236
T 2406 19 .1518995E+11   2300001E-01 -.1220E+02 -.8569E+01   .9999999 -.0000778 -.0000073
T 2407 19 .1519058E+11   2300022E-01 -.6715E+00 -.2080E+01   .9999999  .0000172  .0000997
T 2408 19 .1518988E+11   2300011E-01  .1582E+01  .2146E+02   .9999999  .0001135  .0001573
T 2409 19 .1518865E+11   2300018E-01  .6432E+01  .4031E+00   .9999999  .0000060 -.0000031
T 2410 19 .1518969E+11   2300019E-01 -.5393E+01 -.2003E+02   .9999999 -.0001399 -.0002540
T 2411 19 .1519061E+11   2300020E-01 -.2898E+02 -.3310E+02   .9999999 -.0003863 -.0003543
T 2412 19 .1519024E+11   2300022E-01 -.2678E+01  .9869E+01   .9999999  .0000085  .0000942
T 2413 19 .1518997E+11   2300017E-01 -.1031E+02  .3026E+01   .9999999 -.0000476 -.0000531
T 2414 19 .1518996E+11   2300020E-01  .4190E+01 -.3951E+00   .9999999 -.0000021 -.0000050
T 2415 19 .1518956E+11   2300013E-01  .2328E+02 -.2958E+01   .9999999  .0001648  .0000083
T 2416 19 .1518996E+11   2300013E-01 -.4663E+01 -.1347E+02   .9999999 -.0000730 -.0001932
T 2417 19 .1519114E+11   2300022E-01  .1299E+02  .1479E+02   .9999999  .0001988  .0003036
T 2418 19 .1518845E+11   2300012E-01 -.7710E+01  .2908E+02   .9999999 -.0000367  .0003404
T 2419 19 .1519046E+11   2300002E-01 -.2386E+01  .1183E+02   .9999999 -.0001336  .0001354
T 2420 19 .1519116E+11   2300020E-01  .1303E+02 -.6246E+01   .9999999  .0001963 -.0002178
T 2421 19 .1518967E+11   2300007E-01 -.1620E+02 -.5575E+01   .9999999 -.0001420 -.0000992
T 2422 19 .1518972E+11   2300019E-01  .5518E+01  .4189E+01   .9999999  .0000258  .0000805
T 2423 19 .1519001E+11   2300001E-01 -.9278E+01 -.3149E+01   .9999999 -.0001058 -.0000946
T 2424 19 .1518976E+11   2300011E-01  .4071E+01  .2217E+02   .9999999 -.0000150  .0003556
T 2425 19 .1518851E+11   2300007E-01  .1784E+02 -.7862E+01   .9999999  .0001165 -.0001966
T 2426 19 .1519110E+11   2300003E-01  .6699E+01  .1309E+02   .9999999  .0000400  .0001216
T 2427 19 .1518986E+11   2300015E-01 -.8149E+01 -.7420E+00   .9999999 -.0001473 -.0000320
T 2428 19 .1518839E+11   2300010E-01 -.6019E+01  .1529E+02   .9999999  .0000121  .0001738
T 2429 19 .1519183E+11   2300007E-01 -.2655E+02  .3619E+01   .9999999 -.0002811 -.0000625
T 2430 19 .1518934E+11   2300015E-01 -.8807E+01  .2573E+01   .9999999 -.0001933  .0001538
T 2431 19 .1519081E+11   2300017E-01  .2904E+01 -.9572E+01   .9999999  .0000553 -.0000852
T 2432 19 .1518925E+11   2300017E-01  .5817E+01 -.2718E+01   .9999999  .0000623 -.0000433
T 2433 19 .1518989E+11   2300018E-01 -.1482E+01  .1631E+02   .9999999 -.0000768  .0002507
T 2434 19 .1518945E+11   2300022E-01 -.1025E+02 -.6536E+01   .9999999 -.0000061 -.0000845
T 2435 19 .1518966E+11   2300006E-01  .2300E+02  .3031E+01   .9999999  .0002434  .0000530
T 2436 19 .1518991E+11   2300018E-01  .1325E+02 -.2275E+02   .9999999  .0000732 -.0002504
T 2437 19 .1518984E+11   2300020E-01  .5153E+00 -.2110E+01   .9999999 -.0000386  .0000190
T 2438 19 .1519055E+11   2300009E-01 -.2415E+02 -.1774E+02   .9999998 -.0005792 -.0003249
T 2439 19 .1519064E+11   2300011E-01 -.6042E+01 -.9825E+01   .9999999 -.0001430 -.0003273
T 2440 19 .1519063E+11   2300010E-01 -.1186E+01  .1546E+02   .9999999 -.0000819  .0000603
T 2441 19 .1519129E+11   2300018E-01  .9113E+01 -.6037E+01   .9999999  .0000209 -.0001449
T 2442 19 .1518874E+11   2300022E-01  .6176E+01 -.1425E+02   .9999999  .0002172 -.0000624
T 2443 19 .1519053E+11   2300010E-01  .1907E+01 -.5561E+01   .9999999  .0000526  .0000057
T 2444 19 .1519007E+11   2300019E-01 -.1200E+02 -.6107E+01   .9999999 -.0003640 -.0000279
T 2445 19 .1518961E+11   2300006E-01 -.2893E+02  .4000E+02   .9999997 -.0004911  .0005526
T 2446 19 .1518826E+11   2300019E-01  .3965E+01 -.3469E+01   .9999999  .0000759  .0000929
T 2447 19 .1519056E+11   2300001E-01  .7931E+01  .5305E+01   .9999999  .0000194 -.0000149
T 2448 19 .1518954E+11   2300010E-01 -.1877E+02 -.1078E+02   .9999999 -.0001640 -.0002265
T 2449 19 .1519033E+11   2300010E-01 -.1464E+02 -.6356E+00   .9999999 -.0003545 -.0000083
T 2450 19 .1519162E+11   2300008E-01  .4882E+01  .2133E+02   .9999999  .0003260  .0002491
T 2451 19 .1519005E+11   2300021E-01  .7105E+01 -.1615E+02   .9999999  .0000910 -.0001435
T 2452 19 .1518942E+11   2300015E-01 -.1233E+01 -.1353E+01   .9999999 -.0000611  .0001458
T 2453 19 .1519020E+11   2300008E-01 -.3074E+02  .4332E+00   .9999999 -.0002240 -.0000874
T 2454 19 .1518959E+11   2300005E-01  .2279E+01  .2542E+02   .9999999  .0000159  .0004128
T 2455 19 .1518960E+11   2300021E-01  .8442E+01  .1301E+02   .9999999  .0001237  .0000816
T 2456 19 .1518974E+11   2300021E-01  .1664E+01  .9570E+01   .9999999  .0000624  .0000791
T 2457 19 .1519105E+11   2300019E-01  .1713E+01  .1197E+02   .9999999 -.0001004  .0002574
T 2458 19 .1518992E+11   2300004E-01  .4735E+01  .2685E+02   .9999999  .0000326  .0002751
T 2459 19 .1519068E+11   2300019E-01 -.1016E+01 -.1667E+02   .9999999 -.0001408 -.0000379
T 2460 19 .1519003E+11   2300009E-01  .3078E+01 -.2596E+02   .9999998 -.0001060 -.0006637
T 2461 19 .1518872E+11   2300008E-01 -.8885E+01  .1728E+02   .9999999 -.0001086  .0001175
T 2462 19 .1518930E+11   2300013E-01 -.4966E+01 -.2361E+02   .9999999 -.0000754 -.0002879
T 2463 19 .1519027E+11   2300019E-01  .6056E+01 -.1175E+02   .9999999  .0000799 -.0000410
T 2464 19 .1518960E+11   2300008E-01  .8400E+01 -.3521E+01   .9999999  .0000867 -.0000495
T 2465 19 .1519078E+11   2300011E-01  .7375E+01 -.2453E+01   .9999999  .0000061  .0000188
T 2466 19 .1518889E+11   2300001E-01  .1407E+01  .6817E+01   .9999999 -.0000029 -.0000932
T 2467 19 .1519006E+11   2300015E-01 -.3632E+01 -.2223E+02   .9999999 -.0001009 -.0003182
T 2468 19 .1519063E+11   2300022E-01  .1528E+01 -.2528E+01   .9999999  .0000725 -.0000177
T 2469 19 .1519000E+11   2300007E-01  .1636E+02  .7400E+01   .9999999  .0001500 -.0000956
T 2470 19 .1519113E+11   2300022E-01  .4580E+01 -.9290E+01   .9999999  .0000687 -.0000878
T 2471 19 .1518883E+11   2300000E-01  .5088E+01  .9192E+01   .9999999 -.0000445  .0002476
T 2472 19 .1518995E+11   2300012E-01 -.1592E+01 -.1082E+02   .9999999 -.0000360 -.0001120
T 2473 19 .1518915E+11   2300017E-01  .7599E+01 -.1033E+02   .9999999  .0000553 -.0002255
T 2474 19 .1518948E+11   2300021E-01 -.1799E+02 -.9724E+01   .9999999 -.0001372 -.0001846
T 2475 19 .1518994E+11   2300001E-01  .1209E+02  .4813E+01   .9999999  .0000897  .0000584
T 2476 19 .1518983E+11   2300006E-01  .3284E+01 -.7628E+01   .9999999  .0001269 -.0000700
T 2477 19 .1518983E+11   2300000E-01  .1289E+01  .1567E+02   .9999999 -.0000308  .0000587
T 2478 19 .1519055E+11   2300012E-01  .7007E+01 -.5114E+01   .9999999 -.0000147 -.0005278
T 2479 19 .1519032E+11   2300000E-01  .9902E+00  .2677E+01   .9999999 -.0000154  .0002071
T 2480 19 .1518965E+11   2300018E-01  .1069E+02  .7515E+01   .9999999  .0002360 -.0000525
T 2481 19 .1518981E+11   2300001E-01  .1299E+02 -.6652E+01   .9999999  .0000885 -.0000984
T 2482 19 .1518936E+11   2300016E-01  .1727E+02  .2136E+01   .9999999  .0003765  .0000747
T 2483 19 .1519057E+11   2300004E-01  .1565E+00  .3088E+01   .9999999 -.0000127 -.0000355
T 2484 19 .1519041E+11   2300018E-01 -.4365E+01  .1382E+01   .9999999  .0000212  .0000602
T 2485 19 .1518905E+11   2300007E-01  .2849E+01  .8073E+01   .9999999  .0001116  .0000909
T 2486 19 .1518993E+11   2300019E-01 -.4943E+01  .5610E+01   .9999999 -.0000425  .0001245
T 2487 19 .1519016E+11   2300001E-01 -.1178E+02  .2101E+02   .9999999 -.0002185  .0001097
T 2488 19 .1518922E+11   2300012E-01 -.1916E+01 -.1913E+02   .9999999 -.0001507 -.0000424
T 2489 19 .1519008E+11   2300008E-01  .9475E+01  .3696E+01   .9999999  .0000093  .0000541
T 2490 19 .1519015E+11   2300019E-01  .1129E+02 -.1099E+01   .9999999  .0002087  .0001165
T 2491 19 .1518899E+11   2300017E-01 -.5746E+01 -.4816E+01   .9999999 -.0001452 -.0001423
T 2492 19 .1518984E+11   2300020E-01 -.4994E+01 -.8889E+01   .9999999 -.0001183 -.0000842
T 2493 19 .1519018E+11   2300013E-01 -.1507E+02  .8551E+01   .9999999 -.0001316  .0002378
T 2494 19 .1518892E+11   2300002E-01 -.1195E+02 -.6433E+00   .9999999 -.0001128  .0001985
T 2495 19 .1519062E+11   2300016E-01 -.4235E+01 -.9736E+01   .9999999 -.0001767 -.0001907
T 2496 19 .1518760E+11   2300009E-01  .5569E+01  .1077E+02   .9999999 -.0000076  .0001694
T 2497 19 .1519028E+11   2300021E-01  .1700E+01 -.8511E+01   .9999999 -.0000584 -.0001683
T 2498 19 .1518938E+11   2300016E-01 -.1934E+01 -.9680E+01   .9999999 -.0001414 -.0000308
T 2499 19 .1519146E+11   2300019E-01  .8273E+01 -.8348E+01   .9999999  .0000591 -.0000404
T 2500 19 .1518984E+11   2300010E-01  .7968E+01  .8644E+01   .9999998  .0002820  .0006437
T 2501 19 .1519041E+11   2300014E-01  .4148E+01  .1185E+02   .9999999  .0001627  .0001522
T 2502 19 .1518977E+11   2300010E-01 -.1369E+02 -.8201E+01   .9999999  .0000061 -.0000444
T 2503 19 .1518855E+11   2300019E-01  .5301E+01 -.2242E+02   .9999999 -.0000983 -.0003498
T 2504 19 .1518778E+11   2300008E-01  .7241E+01 -.7627E+01   .9999999  .0000041 -.0000665
T 2505 19 .1519095E+11   2300000E-01 -.2467E+02  .9766E+01   .9999999 -.0002271  .0000713
T 2506 19 .1519124E+11   2300014E-01 -.9210E+01 -.1727E+02   .9999999 -.0002470 -.0001085
T 2507 19 .1518918E+11   2300002E-01  .5597E+01 -.1852E+02   .9999999 -.0000436 -.0002696
T 2508 19 .1518967E+11   2300002E-01 -.7042E+01 -.8157E+01   .9999999 -.0000242  .0000141
T 2509 19 .1518993E+11   2300006E-01  .1315E+02  .1966E+02   .9999999  .0003485  .0003285
T 2510 19 .1518827E+11   2300010E-01 -.7133E+01  .1273E+02   .9999999 -.0000880  .0001730
T 2511 19 .1519000E+11   2300018E-01 -.3765E+02  .2479E+02   .9999999 -.0003567  .0001751
T 2512 19 .1519105E+11   2300016E-01 -.5387E+01  .1230E+01   .9999999 -.0003024  .0000644
T 2513 19 .1519063E+11   2300003E-01  .1520E+02  .3160E+02   .9999999 -.0001272  .0004169
T 2514 19 .1519016E+11   2300014E-01  .2092E+01 -.1293E+02   .9999999 -.0000412 -.0001074
T 2515 19 .1518997E+11   2300005E-01 -.1320E+01 -.5478E+01   .9999999 -.0000266 -.0000878
T 2516 19 .1519023E+11   2300021E-01  .3064E+01 -.6594E+01   .9999999 -.0000552 -.0002411
T 2517 19 .1519002E+11   2300001E-01  .5955E+01  .1630E+01   .9999999  .0000664  .0000313
T 2518 19 .1518874E+11   2300023E-01  .2032E+02 -.1288E+02   .9999999  .0003272 -.0002255
T 2519 19 .1518955E+11   2300007E-01  .2157E+01 -.7729E+01   .9999999  .0000732 -.0002057
T 2520 19 .1518861E+11   2300011E-01  .3843E+01 -.9181E+01   .9999999  .0000584 -.0000877
T 2521 19 .1518938E+11   2300014E-01  .1347E+02 -.1777E+02   .9999999  .0001526 -.0004009
T 2522 19 .1518936E+11   2300019E-01  .1033E+02  .9424E+01   .9999999  .0000199  .0000647
T 2523 19 .1519104E+11   2300004E-01  .1103E+01  .4358E+01   .9999999  .0000014 -.0000541
T 2524 19 .1518997E+11   2300004E-01  .2500E+01 -.2958E+02   .9999999 -.0002391 -.0001978
T 2525 19 .1519005E+11   2300020E-01 -.8071E+01  .3641E+01   .9999999 -.0001494  .0000904
T 2526 19 .1519143E+11   2300022E-01 -.1036E+01 -.1184E+02   .9999999  .0000411 -.0001046
T 2527 19 .1518998E+11   2300016E-01  .6664E+00 -.2811E+02   .9999999 -.0001244 -.0002351
T 2528 19 .1518950E+11   2300013E-01 -.1115E+02 -.8077E+01   .9999999 -.0003204 -.0000102
T 2529 19 .1518985E+11   2300013E-01  .8050E+01 -.7649E+01   .9999999  .0000873 -.0000872
T 2530 19 .1519071E+11   2300009E-01  .5890E+01 -.7917E+01   .9999999  .0001101 -.0000611
T 2531 19 .1518826E+11   2300012E-01  .6131E+01  .1347E+02   .9999999  .0000962  .0000745
T 2532 19 .1518973E+11   2300016E-01 -.1230E+02  .5964E+01   .9999999 -.0000811  .0000503
T 2533 19 .1518934E+11   2300002E-01 -.6642E+01 -.6974E+01   .9999999  .0000938 -.0001619
T 2534 19 .1518999E+11   2300019E-01  .9846E+01  .5552E+01   .9999999  .0000182  .0000669
T 2535 19 .1518970E+11   2300018E-01  .5368E+01 -.9500E+01   .9999999  .0001156 -.0000439
T 2536 19 .1518961E+11   2300007E-01  .7872E+01 -.1301E+01   .9999999  .0000575 -.0000601
T 2537 19 .1519083E+11   2300016E-01  .2908E+01  .9712E+00   .9999999  .0000334 -.0000742
T 2538 19 .1519013E+11   2300014E-01  .6190E+01 -.4233E+01   .9999999 -.0000449 -.0001259
T 2539 19 .1518969E+11   2300009E-01  .8383E+01 -.5527E+01   .9999999  .0000805 -.0000207
T 2540 19 .1518944E+11   2300008E-01 -.1058E+02 -.5493E+01   .9999999 -.0001192  .0001225
T 2541 19 .1519151E+11   2300006E-01  .1256E+02  .7660E+01   .9999999 -.0000025 -.0000038
T 2542 19 .1519032E+11   2300009E-01 -.1247E+02  .2201E+02   .9999999 -.0003009  .0003307
T 2543 19 .1518875E+11   2300010E-01 -.1423E+02  .3688E+01   .9999999 -.0000869 -.0000334
T 2544 19 .1519030E+11   2300019E-01 -.7343E+01  .7061E+01   .9999999 -.0001705  .0000857
T 2545 19 .1519185E+11   2300012E-01 -.1202E+02 -.1215E+02   .9999999 -.0001772 -.0002081
T 2546 19 .1519162E+11   2300011E-01 -.3377E+01  .2191E+01   .9999999 -.0002108 -.0000734
T 2547 19 .1519163E+11   2300017E-01  .6671E-01  .2324E+01   .9999999 -.0000844  .0000360
T 2548 19 .1518972E+11   2300014E-01  .1975E+02 -.3698E+02   .9999999  .0001168 -.0003957
T 2549 19 .1519067E+11   2300021E-01 -.5815E+01  .7542E+00   .9999999 -.0001660  .0000276
T 2550 19 .1518944E+11   2300015E-01 -.3943E+01 -.4938E+01   .9999999 -.0000590  .0000296
T 2551 19 .1518973E+11   2300012E-01 -.3717E+01 -.2540E+01   .9999999 -.0000597 -.0000543
T 2552 19 .1518977E+11   2300004E-01  .6330E+01 -.5061E+01   .9999999  .0000767 -.0000155
T 2553 19 .1519004E+11   2300006E-01 -.1263E+02  .9409E+01   .9999999 -.0000469  .0002889
T 2554 19 .1519147E+11   2300019E-01 -.9844E+01  .1181E+02   .9999999 -.0002650  .0002802
T 2555 19 .1519113E+11   2300005E-01  .9093E+01 -.2233E+02   .9999999  .0001083 -.0001888
T 2556 19 .1518992E+11   2300014E-01 -.1586E+01  .6476E+01   .9999999  .0000049 -.0000534
T 2557 19 .1519103E+11   2300020E-01  .8435E+01  .2689E+01   .9999999  .0001142 -.0000785
T 2558 19 .1519029E+11   2300021E-01  .7709E+01 -.8429E+01   .9999999  .0001470  .0000552
T 2559 19 .1519094E+11   2300023E-01 -.3607E+01  .1657E+01   .9999999  .0000069 -.0000031
T 2560 19 .1518952E+11   2300011E-01 -.1122E+02  .5039E+01   .9999999 -.0000537  .0001161
T 2561 19 .1518982E+11   2300019E-01 -.1530E+02 -.5252E+01   .9999999 -.0001347 -.0000895
T 2562 19 .1518842E+11   2300013E-01 -.9823E+00  .2718E+00   .9999999 -.0001183 -.0000302
T 2563 19 .1519033E+11   2300020E-01  .7401E+01  .1014E+02   .9999999  .0001354  .0000710
T 2564 19 .1519013E+11   2300013E-01  .9387E+01  .1583E+02   .9999999  .0000999 -.0000185
T 2565 19 .1519053E+11   2300000E-01  .1021E+02 -.1610E+02   .9999999  .0001063 -.0002797
T 2566 19 .1519042E+11   2300010E-01  .1005E+02  .9253E+01   .9999999  .0001593  .0000530
T 2567 19 .1519130E+11   2300014E-01 -.5028E+01 -.1357E+01   .9999999  .0000179  .0001046
T 2568 19 .1518983E+11   2300008E-01 -.4002E+01  .1493E+02   .9999999 -.0000211  .0001269
T 2569 19 .1518994E+11   2300001E-01  .5052E+01 -.6491E+01   .9999999  .0001626 -.0000712
T 2570 19 .1518914E+11   2300015E-01  .2224E+02  .1338E+02   .9999999  .0002645  .0001290
T 2571 19 .1519138E+11   2300019E-01  .1083E+02 -.2493E+01   .9999999  .0000850 -.0000342
T 2572 19 .1519055E+11   2300013E-01 -.1024E+02  .1650E+01   .9999999 -.0001111  .0000110
T 2573 19 .1519021E+11   2300001E-01 -.1091E+02 -.1064E+02   .9999999 -.0001697 -.0001157
T 2574 19 .1519019E+11   2300022E-01  .2247E+02 -.2825E+01   .9999999  .0002674  .0000026
T 2575 19 .1518949E+11   2300007E-01  .1495E+02  .2822E+01   .9999999  .0003063 -.0000209
T 2576 19 .1518920E+11   2300018E-01  .1025E+02  .7627E+00   .9999999  .0000556  .0000364
T 2577 19 .1518914E+11   2300003E-01  .2026E+02  .6576E+00   .9999999  .0002354 -.0001810
T 2578 19 .1518928E+11   2300016E-01 -.9775E+01  .5185E+01   .9999999 -.0001578  .0001142
T 2579 19 .1519050E+11   2300016E-01  .3203E+00 -.4744E+02   .9999997  .0000664 -.0007252
T 2580 19 .1518928E+11   2300020E-01  .1742E+00  .1224E+01   .9999999 -.0000692  .0000497
T 2581 19 .1519007E+11   2300022E-01 -.4804E+02 -.4864E+01   .9999996 -.0008871  .0000523
T 2582 19 .1519053E+11   2300006E-01 -.5641E+01  .2825E+01   .9999999 -.0000739  .0000732
T 2583 19 .1518929E+11   2300001E-01  .1285E+02  .1403E+02   .9999999  .0000825 -.0001385
T 2584 19 .1518962E+11   2300014E-01 -.1105E+02 -.6452E+01   .9999999 -.0001017 -.0000573
T 2585 19 .1518894E+11   2300011E-01 -.1569E+02  .6136E+01   .9999999 -.0000954  .0001178
T 2586 19 .1519040E+11   2300023E-01  .1116E+02  .1780E+02   .9999999  .0001470  .0001493
T 2587 19 .1519079E+11   2300010E-01 -.7324E+01 -.7932E+01   .9999999 -.0000327 -.0000866
T 2588 19 .1518884E+11   2300001E-01  .1537E+02 -.5349E+01   .9999999  .0001441 -.0001567
T 2589 19 .1519049E+11   2300000E-01 -.5844E+01 -.1082E+02   .9999999 -.0001283 -.0001717
T 2590 19 .1519080E+11   2300012E-01 -.2860E+02 -.1516E+02   .9999999 -.0003093 -.0002016
T 2591 19 .1518968E+11   2300015E-01  .2898E+01 -.3567E+01   .9999999  .0000962 -.0000159
T 2592 19 .1519136E+11   2300001E-01 -.6985E+01  .6136E+01   .9999999 -.0000805  .0002098
T 2593 19 .1519067E+11   2300011E-01 -.7115E+02  .1215E+03   .9999998 -.0002265  .0006313
T 2594 19 .1518932E+11   2300020E-01 -.5002E+01  .2302E+01   .9999999 -.0000331  .0000066
T 2595 19 .1519110E+11   2300013E-01  .1793E+02 -.5689E+01   .9999999  .0003203  .0000315
T 2596 19 .1519013E+11   2300017E-01 -.1348E+01 -.3615E+01   .9999999  .0000577  .0000123
T 2597 19 .1519100E+11   2300016E-01 -.9053E+01  .7043E+01   .9999999 -.0002318  .0002999
T 2598 19 .1519066E+11   2300003E-01 -.1528E+02  .6398E+01   .9999999 -.0001874  .0000262
T 2599 19 .1518889E+11   2300017E-01  .2224E+02 -.6030E+01   .9999999  .0002134 -.0000473
T 2600 19 .1519068E+11   2300008E-01  .1037E+01  .3024E+02   .9999999  .0000379  .0002882
T 2601 19 .1518980E+11   2300015E-01 -.1234E+02  .8013E+01   .9999999 -.0000677  .0000254
T 2602 19 .1518985E+11   2300006E-01  .9296E+00 -.8122E+00   .9999999  .0000147 -.0000681
T 2603 19 .1519008E+11   2300012E-01 -.2136E+01  .4709E+01   .9999999 -.0000961  .0000236
T 2604 19 .1519121E+11   2300016E-01  .4294E+01  .2727E+01   .9999999  .0001273  .0000753
T 2605 19 .1519134E+11   2300000E-01 -.1067E+02  .1770E+02   .9999999 -.0001186  .0003509
T 2606 19 .1519040E+11   2300003E-01 -.6452E+01 -.2782E+01   .9999999 -.0001617 -.0000518
T 2607 19 .1518898E+11   2300008E-01 -.1637E+02  .1786E+01   .9999999 -.0002094  .0000792
T 2608 19 .1518913E+11   2300005E-01 -.2923E+02  .7325E+00   .9999998 -.0006669  .0000631
T 2609 19 .1519025E+11   2300016E-01 -.3301E+01  .2605E+02   .9999999 -.0001149  .0002185
T 2610 19 .1518940E+11   2300018E-01  .2646E+02 -.5752E+01   .9999999  .0003971 -.0000373
T 2611 19 .1518967E+11   2300009E-01  .4139E+01  .6996E+01   .9999999 -.0003067  .0003911
T 2612 19 .1519042E+11   2300018E-01 -.1480E+01 -.2171E+02   .9999999 -.0001277 -.0003799
T 2613 19 .1518884E+11   2300023E-01  .1052E+02 -.9028E+01   .9999999  .0001225 -.0001525
T 2614 19 .1518961E+11   2300018E-01 -.1886E+02 -.4319E+01   .9999999 -.0002548  .0000984
T 2615 19 .1519051E+11   2300020E-01  .1744E+02  .8328E+01   .9999999  .0003506  .0002525
T 2616 19 .1518861E+11   2300017E-01 -.3315E+01 -.4255E+01   .9999999 -.0000570 -.0000304
T 2617 19 .1519169E+11   2300009E-01  .1025E+02 -.5082E+01   .9999999  .0000391  .0000067
T 2618 19 .1518970E+11   2300019E-01 -.8716E+01 -.2765E+01   .9999999 -.0001468  .0000384
T 2619 19 .1518953E+11   2300007E-01  .5951E+01  .5290E+01   .9999999 -.0000253 -.0000567
T 2620 19 .1519031E+11   2300014E-01  .1573E+02 -.7469E+01   .9999999  .0002143 -.0001493
T 2621 19 .1518962E+11   2300002E-01  .9062E+01 -.1140E+02   .9999999  .0002687 -.0001886
T 2622 19 .1518922E+11   2300001E-01 -.2136E+00 -.3240E+01   .9999999 -.0000552 -.0000302
T 2623 19 .1518968E+11   2300006E-01  .1410E+02 -.6594E+01   .9999999  .0001616 -.0002679
T 2624 19 .1518985E+11   2300006E-01  .1693E+02  .5636E+00   .9999999  .0002105  .0000731
T 2625 19 .1518895E+11   2300004E-01  .2440E+02 -.2071E+02   .9999998  .0003927 -.0005880
T 2626 19 .1519105E+11   2300004E-01  .1030E+02 -.1185E+02   .9999999  .0002181 -.0001483
T 2627 19 .1519155E+11   2300006E-01  .3281E+00 -.6293E+01   .9999999  .0001959 -.0003596
T 2628 19 .1518933E+11   2300018E-01  .8611E+01 -.4878E+01   .9999999 -.0002059 -.0004855
T 2629 19 .1519066E+11   2300002E-01 -.2346E+02  .2108E+02   .9999998 -.0004654  .0003143
T 2630 19 .1519197E+11   2300021E-01  .1541E+02 -.2283E+02   .9999999  .0000357 -.0001844
T 2631 19 .1519097E+11   2300018E-01 -.4466E+01  .3488E+02   .9999995 -.0001923  .0009294
T 2632 19 .1518896E+11   2300016E-01  .1643E+00  .4890E+01   .9999999  .0000438 -.0000079
T 2633 19 .1519122E+11   2300003E-01 -.1501E+02 -.1496E+01   .9999999 -.0000117  .0000817
T 2634 19 .1519101E+11   2300016E-01  .4454E+00 -.1841E+02   .9999999  .0000444 -.0002033
T 2635 19 .1519107E+11   2300020E-01 -.1018E+02 -.1451E+02   .9999999 -.0000565 -.0001939
T 2636 19 .1518933E+11   2300009E-01  .1060E+01 -.3229E+02   .9999999 -.0000938 -.0003032
T 2637 19 .1518943E+11   2300022E-01  .1720E+02  .1653E+02   .9999999  .0002501  .0000662
T 2638 19 .1519081E+11   2300016E-01 -.5336E+00  .4800E+01   .9999999 -.0000396  .0001077
T 2639 19 .1519071E+11   2300004E-01 -.6146E+01 -.9162E+00   .9999999 -.0000062 -.0001116
T 2640 19 .1519099E+11   2300001E-01  .1901E+02  .9683E+00   .9999999  .0001430  .0000634
T 2641 19 .1518972E+11   2300016E-01 -.4007E+01 -.7071E+01   .9999999 -.0000659 -.0001270
T 2642 19 .1518968E+11   2300022E-01  .2872E+00  .3509E+01   .9999999 -.0000344 -.0000062
T 2643 19 .1518966E+11   2300000E-01 -.1574E+02 -.1134E+02   .9999999 -.0004267 -.0001868
T 2644 19 .1518882E+11   2300010E-01 -.1694E+02 -.2203E+02   .9999999 -.0001368 -.0001963
T 2645 19 .1519097E+11   2300017E-01 -.2626E+01 -.6631E+01   .9999999 -.0000323 -.0000534
T 2646 19 .1518942E+11   2300019E-01 -.1944E+02 -.2193E+01   .9999999 -.0001692 -.0000823
T 2647 19 .1519036E+11   2300004E-01 -.7314E+01 -.1568E+02   .9999999 -.0000394 -.0001302
T 2648 19 .1518864E+11   2300017E-01  .7586E+01 -.2834E+01   .9999999  .0001389 -.0000629
T 2649 19 .1519100E+11   2300021E-01 -.9267E+01 -.1375E+02   .9999999 -.0000307 -.0000850
T 2650 19 .1519038E+11   2300012E-01  .5442E+01 -.2794E+01   .9999999  .0001877  .0000822
T 2651 19 .1518956E+11   2300007E-01  .3244E+01 -.3819E+01   .9999999 -.0000760 -.0000779
T 2652 19 .1518908E+11   2300020E-01 -.2289E+02 -.3824E+02   .9999998 -.0003189 -.0004575
T 2653 19 .1518927E+11   2300016E-01  .5874E+01 -.1398E+02   .9999999  .0000195 -.0001267
T 2654 19 .1518847E+11   2300018E-01 -.8507E+00  .5886E+01   .9999999  .0000948  .0001380
T 2655 19 .1519028E+11   2300022E-01  .3264E+01 -.8953E+01   .9999999  .0001492 -.0001380
T 2656 19 .1518903E+11   2300022E-01  .3617E+01  .1035E+02   .9999999 -.0000447  .0000477
T 2657 19 .1519050E+11   2300014E-01  .1152E+02 -.7412E+01   .9999999  .0001932 -.0001539
T 2658 19 .1519037E+11   2300011E-01  .7080E+01  .8754E+01   .9999999  .0001887  .0001174
T 2659 19 .1519030E+11   2300005E-01 -.2046E+02  .6207E+01   .9999999 -.0001907  .0001387
T 2660 19 .1519140E+11   2300006E-01  .7696E+01 -.5939E+01   .9999999  .0000706  .0000443
T 2661 19 .1519102E+11   2300014E-01 -.4195E+01 -.1089E+02   .9999999 -.0000119 -.0001437
T 2662 19 .1519030E+11   2300016E-01 -.1657E+02  .6795E+01   .9999999 -.0001731  .0001586
T 2663 19 .1519106E+11   2300000E-01  .1742E+01  .6295E+00   .9999999  .0002082  .0000036
T 2664 19 .1518712E+11   2300020E-01 -.7369E+01  .8432E-01   .9999999  .0000262  .0000937
T 2665 19 .1518898E+11   2300022E-01 -.2838E+01 -.1428E+02   .9999999 -.0000535 -.0003085
T 2666 19 .1519160E+11   2300012E-01  .7500E+01  .6376E+01   .9999999  .0000705  .0000092
T 2667 19 .1518843E+11   2300001E-01 -.1175E+02  .4434E+01   .9999999 -.0001362  .0000916
T 2668 19 .1518972E+11   2300000E-01  .1073E+02  .4664E+01   .9999999  .0001347  .0000139
T 2669 19 .1518975E+11   2300007E-01  .3801E+01  .1111E+01   .9999999 -.0002269 -.0001484
T 2670 19 .1519104E+11   2300017E-01 -.2025E+02 -.1102E+02   .9999999 -.0003268 -.0002127
T 2671 19 .1519115E+11   2300020E-01  .2261E+02  .1410E+02   .9999999  .0001460  .0002829
T 2672 19 .1519003E+11   2300017E-01  .3012E+01  .5589E+01   .9999999  .0001781  .0000114
T 2673 19 .1518935E+11   2300002E-01 -.2472E+00 -.3571E+01   .9999999  .0001165 -.0002447
T 2674 19 .1519008E+11   2300020E-01 -.7825E+01 -.1964E+02   .9999999 -.0000066 -.0004284
T 2675 19 .1519038E+11   2300010E-01  .2064E+02 -.5040E+01   .9999999  .0002259  .0000970
T 2676 19 .1518863E+11   2300001E-01 -.1995E+02 -.1044E+02   .9999999 -.0002374  .0000305
T 2677 19 .1518946E+11   2300016E-01  .4643E+00  .8426E+01   .9999999 -.0000318  .0003661
T 2678 19 .1518886E+11   2300012E-01 -.4351E+01  .1842E+01   .9999999 -.0000094 -.0000346
T 2679 19 .1518983E+11   2300022E-01  .2238E+02 -.5242E+01   .9999999  .0002180 -.0001801
T 2680 19 .1518951E+11   2300014E-01  .1465E+02 -.2106E+01   .9999999 -.0000346  .0000321
T 2681 19 .1519037E+11   2300019E-01 -.1367E+02 -.1535E+01   .9999999 -.0001441 -.0000408
T 2682 19 .1519049E+11   2300009E-01  .5703E+01 -.7567E+01   .9999999  .0001002 -.0000592
T 2683 19 .1518980E+11   2300014E-01  .2958E+00 -.5291E+01   .9999999 -.0000359  .0000406
T 2684 19 .1519031E+11   2300002E-01 -.1726E+01 -.6713E+01   .9999999 -.0000382  .0000336
T 2685 19 .1518956E+11   2300007E-01  .1359E+02  .2502E+02   .9999999  .0001626  .0001382
T 2686 19 .1519109E+11   2300015E-01  .7542E+01  .1687E+02   .9999999 -.0000545  .0001218
T 2687 19 .1519026E+11   2300018E-01 -.2061E+02 -.4588E+01   .9999999 -.0001441 -.0000035
T 2688 19 .1519037E+11   2300013E-01 -.1705E+02  .6794E+01   .9999999 -.0000633  .0000921
T 2689 19 .1519047E+11   2300001E-01 -.1653E+02  .7728E+01   .9999999 -.0002795 -.0000494
T 2690 19 .1518815E+11   2300015E-01  .2156E+02  .2348E+02   .9999999  .0002451  .0003455
T 2691 19 .1519046E+11   2300013E-01  .8902E+01 -.9092E+01   .9999999  .0001628 -.0000830
T 2692 19 .1519049E+11   2300021E-01 -.1688E+02  .4200E+01   .9999999 -.0001187 -.0000567
T 2693 19 .1519168E+11   2300010E-01 -.2405E+02 -.9868E+01   .9999999 -.0001849 -.0000376
T 2694 19 .1519099E+11   2300018E-01 -.1065E+01 -.1115E+02   .9999999 -.0001350 -.0000892
T 2695 19 .1519041E+11   2300015E-01 -.1722E+02 -.1274E+01   .9999999 -.0002083 -.0001286
T 2696 19 .1519143E+11   2300011E-01 -.6368E+01 -.7671E+01   .9999999 -.0002414 -.0000822
T 2697 19 .1519078E+11   2300008E-01  .1289E+02  .4426E+01   .9999999  .0002721  .0000446
T 2698 19 .1519129E+11   2300022E-01 -.5262E+00  .3276E+01   .9999999  .0000377  .0000855
T 2699 19 .1518960E+11   2300019E-01 -.2587E+02 -.1243E+02   .9999999 -.0000927  .0000131
T 2700 19 .1519031E+11   2300009E-01 -.1061E+02  .6368E+02   .9999995 -.0001039  .0009750
T 2701 19 .1519017E+11   2300011E-01 -.2944E+02  .3860E+02   .9999999 -.0002060  .0004063
T 2702 19 .1519114E+11   2300020E-01 -.1076E+00 -.6057E+01   .9999999  .0000364 -.0000910
T 2703 19 .1518964E+11   2300022E-01  .6122E+02 -.2124E+02   .9999997  .0006937 -.0002696
T 2704 19 .1518871E+11   2300002E-01 -.1594E+02  .3615E+01   .9999999 -.0002126  .0000392
T 2705 19 .1518872E+11   2300007E-01  .1697E+01 -.1356E+01   .9999999 -.0001039 -.0000460
T 2706 19 .1518908E+11   2300015E-01 -.1681E+01  .3164E+01   .9999999  .0000922  .0001328
T 2707 19 .1518892E+11   2300000E-01 -.2575E+01  .1783E+02   .9999999  .0000864  .0002404
T 2708 19 .1518942E+11   2300017E-01 -.6549E+01 -.9965E+00   .9999999  .0001254 -.0000075
T 2709 19 .1518931E+11   2300013E-01  .1728E+02  .5092E+01   .9999999  .0000283  .0001743
T 2710 19 .1519014E+11   2300018E-01  .6772E+01  .5932E+01   .9999999  .0000020  .0000208
T 2711 19 .1519066E+11   2300021E-01  .1330E+02 -.5117E+01   .9999999  .0000663 -.0005309
T 2712 19 .1519072E+11   2300001E-01 -.4627E+01 -.1596E+02   .9999999 -.0004300 -.0000726
T 2713 19 .1519011E+11   2300022E-01 -.9802E+01  .7299E+01   .9999999 -.0001060  .0000788
T 2714 19 .1518990E+11   2300016E-01 -.7282E+01 -.2483E+01   .9999999 -.0001166 -.0002061
T 2715 19 .1519080E+11   2300012E-01  .4237E+01 -.1912E+02   .9999999 -.0000179  .0001767
T 2716 19 .1519035E+11   2300015E-01 -.6741E+01  .5394E+01   .9999999  .0000152  .0000313
T 2717 19 .1519043E+11   2300017E-01 -.2643E+01  .1106E+02   .9999999 -.0000062  .0002577
T 2718 19 .1519029E+11   2300015E-01 -.7452E+01 -.1617E+02   .9999999 -.0000734 -.0000703
T 2719 19 .1519025E+11   2300012E-01  .4132E+02 -.1252E+02   .9999999  .0004563 -.0002150
T 2720 19 .1519103E+11   2300021E-01 -.6489E+01 -.8235E+01   .9999999 -.0000368 -.0000517
T 2721 19 .1518949E+11   2300020E-01 -.3842E+02  .1417E+02   .9999998 -.0005327  .0002290
T 2722 19 .1518970E+11   2300017E-01  .1366E+02  .1002E+02   .9999999 -.0000349  .0000555
T 2723 19 .1519062E+11   2300010E-01  .1295E+02 -.1892E+01   .9999999  .0001480 -.0000517
T 2724 19 .1519031E+11   2300001E-01  .3156E+00 -.4404E+00   .9999999  .0000502  .0000593
T 2725 19 .1519021E+11   2300021E-01  .1478E+02 -.4861E+01   .9999999 -.0000528 -.0000169
T 2726 19 .1518958E+11   2300011E-01 -.1511E+02 -.1192E+01   .9999999 -.0001318 -.0001325
T 2727 19 .1518979E+11   2300000E-01  .2879E+01 -.4333E+01   .9999999  .0000399 -.0001225
T 2728 19 .1519010E+11   2300000E-01  .3175E+01 -.1588E+02   .9999999 -.0000678 -.0002746
T 2729 19 .1519049E+11   2300007E-01 -.1623E+02 -.1040E+02   .9999999 -.0000746 -.0000590
T 2730 19 .1519031E+11   2300005E-01 -.2513E+01 -.6988E+01   .9999999 -.0001121 -.0000481
T 2731 19 .1519197E+11   2300017E-01 -.5859E+01 -.2521E+01   .9999999  .0000314 -.0001018
T 2732 19 .1518938E+11   2300003E-01  .2619E+01 -.7243E+01   .9999999 -.0000602 -.0000337
T 2733 19 .1519068E+11   2300021E-01 -.1087E+02  .1938E+02   .9999999 -.0000586  .0002154
T 2734 19 .1518897E+11   2300012E-01 -.1499E+01 -.1958E+01   .9999999  .0000883  .0000627
T 2735 19 .1518904E+11   2300017E-01 -.4673E-01 -.1448E+02   .9999999  .0000381 -.0000171
T 2736 19 .1519120E+11   2300005E-01 -.8730E+00  .4435E+01   .9999999 -.0000357  .0000629
T 2737 19 .1518934E+11   2300015E-01  .1713E+02  .1260E+02   .9999999  .0004195  .0001440
T 2738 19 .1519007E+11   2300006E-01  .4688E+01 -.1814E+01   .9999999 -.0000152 -.0000476
T 2739 19 .1519004E+11   2300003E-01  .9434E+01  .1536E+02   .9999999  .0001522  .0001991
T 2740 19 .1518913E+11   2300010E-01  .1885E+02 -.2187E+02   .9999999  .0001660 -.0004566
T 2741 19 .1519066E+11   2300017E-01 -.7116E+01 -.6310E+02   .9999999 -.0000089 -.0005234
T 2742 19 .1519084E+11   2300009E-01  .1074E+02  .1809E+02   .9999999  .0001629  .0000630
T 2743 19 .1518914E+11   2300014E-01 -.7737E+01 -.4104E+02   .9999999 -.0001914 -.0002131
T 2744 19 .1519023E+11   2300001E-01  .1259E+03  .1702E+02   .9999988  .0015378  .0002006
T 2745 19 .1519085E+11   2300016E-01  .8710E+00  .8317E+00   .9999999 -.0000404 -.0000156
T 2746 19 .1518914E+11   2300022E-01 -.1197E+02  .6092E+01   .9999999 -.0001762 -.0000237
T 2747 19 .1519006E+11   2300007E-01  .1105E+01  .4365E+01   .9999999  .0001057  .0001031
T 2748 19 .1519018E+11   2300022E-01  .8335E+01 -.1203E+02   .9999999 -.0000132 -.0001044
T 2749 19 .1518977E+11   2300021E-01  .9590E+02  .6150E+01   .9999998  .0005680  .0001618
T 2750 19 .1519113E+11   2300016E-01 -.5106E+01 -.2167E+01   .9999999  .0000571 -.0002174
T 2751 19 .1519186E+11   2300015E-01  .1591E+02 -.6197E+01   .9999999  .0002599 -.0000805
T 2752 19 .1518949E+11   2300007E-01 -.8013E+01 -.5632E+00   .9999999 -.0000758 -.0000222
T 2753 19 .1519160E+11   2300007E-01  .2532E+01 -.1171E+01   .9999999 -.0000143 -.0000400
T 2754 19 .1519054E+11   2300022E-01 -.1029E+00 -.7452E+01   .9999999 -.0000117 -.0000452
T 2755 19 .1518983E+11   2300008E-01 -.1684E+02  .3943E+01   .9999999 -.0002610  .0000405
T 2756 19 .1518983E+11   2300008E-01  .1450E+02 -.2299E+02   .9999999  .0000287 -.0002771
T 2757 19 .1519029E+11   2300012E-01  .8949E+01  .1193E+01   .9999999  .0000236  .0000439
T 2758 19 .1519071E+11   2300005E-01 -.4252E+01  .5606E+01   .9999999  .0000113  .0000112
T 2759 19 .1519116E+11   2300011E-01  .1681E+01  .1016E+02   .9999999  .0000029  .0002760
T 2760 19 .1519100E+11   2300019E-01 -.3685E+01 -.3413E+00   .9999999 -.0000951 -.0001072
T 2761 19 .1518824E+11   2300013E-01  .1974E+02 -.4096E+01   .9999999  .0001161  .0002209
T 2762 19 .1518818E+11   2300016E-01  .8408E+01  .9117E+01   .9999999  .0001200  .0002175
T 2763 19 .1518969E+11   2300010E-01  .4422E+02  .5606E+02   .9999984  .0012882  .0012764
T 2764 19 .1519103E+11   2300006E-01 -.1992E+01 -.7699E+01   .9999999  .0000140 -.0000530
T 2765 19 .1518969E+11   2300014E-01 -.5275E+01 -.8008E+01   .9999999 -.0000610 -.0002573
T 2766 19 .1518942E+11   2300015E-01  .3828E+01 -.4495E+01   .9999999  .0001688 -.0000776
T 2767 19 .1519094E+11   2300022E-01  .9568E+01 -.6064E+00   .9999999 -.0001049  .0000103
T 2768 19 .1519038E+11   2300002E-01  .1490E+02 -.1295E+02   .9999999  .0002129  .0000383
T 2769 19 .1518892E+11   2300014E-01 -.6267E+00  .1509E+01   .9999999  .0001102  .0000763
T 2770 19 .1519001E+11   2300005E-01  .6121E+01 -.2123E+02   .9999999 -.0000242 -.0001749
T 2771 19 .1519045E+11   2300009E-01 -.3309E+01 -.4884E+01   .9999999  .0000561  .0000393
T 2772 19 .1518948E+11   2300018E-01 -.2137E+01 -.1479E+01   .9999999  .0000292  .0001012
T 2773 19 .1518958E+11   2300001E-01  .4311E+01  .6850E+00   .9999999  .0001044  .0000340
T 2774 19 .1519035E+11   2300004E-01  .1996E+01  .1331E+02   .9999999  .0000216  .0001401
T 2775 19 .1519010E+11   2300018E-01  .8825E+01  .1677E+01   .9999999 -.0000448 -.0000509
T 2776 19 .1518990E+11   2300000E-01  .2677E+01 -.1440E+02   .9999999  .0001579 -.0002288
T 2777 19 .1518971E+11   2300008E-01 -.1405E+02  .1990E+02   .9999999 -.0001650  .0002975
T 2778 19 .1519008E+11   2300017E-01 -.2464E+02  .7096E+01   .9999999 -.0002989  .0001804
T 2779 19 .1519056E+11   2300020E-01 -.3581E+01 -.1115E+02   .9999999  .0000245 -.0001123
T 2780 19 .1518968E+11   2300022E-01  .7530E+00  .9845E+00   .9999999  .0000591  .0000469
T 2781 19 .1518991E+11   2300023E-01  .4611E+01 -.2366E-03   .9999999  .0000554 -.0000189
T 2782 19 .1519044E+11   2300004E-01 -.1749E+01 -.6782E+01   .9999999 -.0000401 -.0001264
T 2783 19 .1519007E+11   2300015E-01 -.6150E+01 -.7645E+00   .9999999 -.0000690 -.0000332
T 2784 19 .1518883E+11   2300019E-01  .2079E+01 -.3255E+02   .9999999  .0000560 -.0003259
T 2785 19 .1518894E+11   2300012E-01  .1469E+02 -.3791E+01   .9999999  .0000771  .0000646
T 2786 19 .1519010E+11   2300015E-01 -.3752E+01  .1227E+02   .9999999 -.0000091  .0001739
T 2787 19 .1518883E+11   2300010E-01  .4055E+01 -.4482E+01   .9999999 -.0000030 -.0000029
T 2788 19 .1519005E+11   2300015E-01 -.5369E+01 -.1367E+02   .9999999 -.0001089 -.0002258
T 2789 19 .1519021E+11   2300006E-01 -.9374E+01  .7492E+01   .9999999 -.0001756  .0001489
T 2790 19 .1519152E+11   2300001E-01  .1559E+02  .3565E+00   .9999999  .0001376 -.0000310
T 2791 19 .1519040E+11   2300020E-01 -.5054E+01  .1458E+01   .9999999 -.0000931 -.0001528
T 2792 19 .1518954E+11   2300006E-01 -.2432E+02 -.8826E+01   .9999999 -.0003088 -.0000057
T 2793 19 .1519034E+11   2300014E-01 -.1066E+02 -.7825E+00   .9999999 -.0001296 -.0000180
T 2794 19 .1519166E+11   2300008E-01 -.1264E+02 -.3596E+01   .9999999 -.0002781  .0000836
T 2795 19 .1518936E+11   2300020E-01  .4576E+01 -.1823E+02   .9999999  .0000495 -.0001477
T 2796 19 .1518969E+11   2300019E-01 -.1700E+02  .1171E+02   .9999999 -.0002426  .0001738
T 2797 19 .1519091E+11   2300007E-01 -.6406E+01 -.4214E+01   .9999999  .0001038 -.0000291
T 2798 19 .1518997E+11   2300020E-01 -.7794E+01  .2005E+02   .9999999 -.0001173  .0002844
T 2799 19 .1518844E+11   2300001E-01  .1496E+02 -.3461E+00   .9999999  .0001845  .0000304
T 2800 19 .1519149E+11   2300005E-01  .4741E+01 -.8517E+00   .9999999 -.0000195  .0000456
T 2801 19 .1518985E+11   2300014E-01 -.1764E+02  .1547E+02   .9999999 -.0001791  .0001821
T 2802 19 .1519095E+11   2300012E-01  .1674E+02  .1271E+02   .9999999  .0001238  .0002064
T 2803 19 .1518854E+11   2300004E-01  .1652E+01  .3832E+01   .9999999  .0000919  .0000360
T 2804 19 .1519039E+11   2300016E-01 -.3153E+01 -.1258E+02   .9999999 -.0000651 -.0001662
T 2805 19 .1519029E+11   2300013E-01 -.1198E+02  .3305E+01   .9999999 -.0001053  .0003581
T 2806 19 .1519193E+11   2300007E-01 -.9668E+01  .5293E+01   .9999999 -.0000217  .0000854
T 2807 19 .1518935E+11   2300018E-01 -.4761E+01 -.7494E+01   .9999999 -.0000458  .0000043
T 2808 19 .1518997E+11   2300011E-01 -.7435E+01 -.3227E+01   .9999999 -.0001078 -.0000147
T 2809 19 .1519026E+11   2300020E-01 -.1162E+02 -.3052E+02   .9999999 -.0000179 -.0001622
T 2810 19 .1518902E+11   2300003E-01  .1002E+02  .8489E+01   .9999999  .0001865  .0002083
T 2811 19 .1519006E+11   2300017E-01  .5640E+01  .6369E+01   .9999999  .0000222  .0001450
T 2812 19 .1518929E+11   2300014E-01 -.2950E+00  .4734E+01   .9999999 -.0000379  .0001436
T 2813 19 .1519052E+11   2300021E-01  .7430E+01  .1212E+02   .9999999  .0002442  .0001141
T 2814 19 .1518930E+11   2300006E-01  .2143E+01 -.2973E+01   .9999999  .0000347 -.0000805
T 2815 19 .1519024E+11   2300004E-01 -.1320E+02 -.3861E+01   .9999999 -.0001575 -.0002559
T 2816 19 .1518995E+11   2300010E-01 -.5197E+00  .9182E+01   .9999999  .0001040  .0001034
T 2817 19 .1518890E+11   2300005E-01 -.8237E+01  .5999E+01   .9999999 -.0001777  .0000328
T 2818 19 .1519106E+11   2300016E-01 -.1980E+02 -.1014E+02   .9999999 -.0002393 -.0001485
T 2819 19 .1519062E+11   2300004E-01  .2753E+01  .2063E+01   .9999999  .0000085  .0000332
T 2820 19 .1518991E+11   2300015E-01 -.1282E+02 -.1087E+02   .9999999 -.0002947 -.0001797
T 2821 19 .1518986E+11   2300001E-01  .1017E+01  .4895E+00   .9999999  .0000041 -.0000229
T 2822 19 .1518927E+11   2300001E-01 -.3965E+01 -.8052E+01   .9999999 -.0001095  .0000239
T 2823 19 .1519116E+11   2300012E-01 -.1193E+01  .1783E+02   .9999999  .0001935  .0002118
T 2824 19 .1519110E+11   2300004E-01 -.7163E+01  .6582E+01   .9999999 -.0000662  .0000465
T 2825 19 .1518859E+11   2300000E-01  .1749E+02 -.8375E+01   .9999999  .0004660 -.0002261
T 2826 19 .1519133E+11   2300002E-01 -.1857E+02 -.1928E+02   .9999999 -.0003480 -.0001391
T 2827 19 .1518887E+11   2300000E-01 -.3417E+02  .2261E+02   .9999998 -.0003822  .0005257
T 2828 19 .1519005E+11   2300018E-01  .5288E+01  .5417E+00   .9999999  .0000573 -.0000398
T 2829 19 .1519097E+11   2300020E-01 -.1714E+01 -.1058E+02   .9999999  .0000414 -.0000984
T 2830 19 .1519195E+11   2300006E-01 -.1948E+02 -.7183E+01   .9999999 -.0002641  .0000149
T 2831 19 .1518941E+11   2300007E-01 -.5805E+01 -.6902E+01   .9999999 -.0001056 -.0000963
T 2832 19 .1519131E+11   2300015E-01  .2840E+02 -.3411E+01   .9999999  .0004591 -.0001284
T 2833 19 .1518891E+11   2300003E-01  .5577E+01  .2412E+01   .9999999  .0000384 -.0000196
T 2834 19 .1519125E+11   2300018E-01 -.3964E+01  .2353E+02   .9999999 -.0000441  .0001942
T 2835 19 .1519003E+11   2300020E-01 -.2320E+01 -.4706E+01   .9999999 -.0000894 -.0001121
T 2836 19 .1518892E+11   2300019E-01 -.1053E+02 -.1615E+01   .9999999 -.0000721 -.0000087
T 2837 19 .1518966E+11   2300014E-01  .1230E+02  .1201E+02   .9999999  .0001157  .0002313
T 2838 19 .1518961E+11   2300017E-01 -.1662E+02 -.1529E+02   .9999999 -.0000453 -.0001092
T 2839 19 .1519018E+11   2300000E-01 -.9059E+01  .5925E+01   .9999999 -.0002428  .0001139
T 2840 19 .1518875E+11   2300007E-01 -.5339E+01  .1039E+02   .9999999 -.0001063  .0001639
T 2841 19 .1519012E+11   2300000E-01 -.8220E+01  .3959E+01   .9999999 -.0001680  .0001600
T 2842 19 .1519099E+11   2300010E-01  .2271E+02 -.3285E+02   .9999999  .0002020 -.0002930
T 2843 19 .1519159E+11   2300002E-01  .1817E+01 -.1020E+02   .9999999 -.0000444 -.0001210
T 2844 19 .1518950E+11   2300008E-01 -.3514E+01 -.1651E+01   .9999999  .0000138  .0000725
T 2845 19 .1519075E+11   2300021E-01 -.4832E+01 -.2970E+01   .9999999 -.0000037 -.0000125
T 2846 19 .1519082E+11   2300013E-01  .1380E+00 -.3498E+01   .9999999  .0000401 -.0001653
T 2847 19 .1518989E+11   2300007E-01  .7057E+01  .1514E+01   .9999999  .0001477  .0001124
T 2848 19 .1518997E+11   2300001E-01 -.1065E+02  .9680E+01   .9999999 -.0001907  .0001320
T 2849 19 .1519047E+11   2300017E-01  .6562E+01 -.2075E+01   .9999999 -.0000354 -.0000856
T 2850 19 .1519011E+11   2300021E-01 -.7660E+01  .5107E+01   .9999999 -.0000311 -.0000607
T 2851 19 .1519024E+11   2300020E-01 -.7391E+00  .2683E+00   .9999998 -.0003645  .0005008
T 2852 19 .1519026E+11   2300007E-01 -.9282E+00 -.1344E+02   .9999999 -.0001124  .0000498
T 2853 19 .1519056E+11   2300019E-01  .9625E+01 -.6989E+01   .9999999  .0001625 -.0000794
T 2854 19 .1518906E+11   2300002E-01 -.4364E+01  .6026E+01   .9999999 -.0000798  .0002466
T 2855 19 .1519028E+11   2300008E-01  .4349E+02  .1805E+03   .9999944  .0002168  .0033366
T 2856 19 .1519011E+11   2300021E-01 -.1483E+02 -.3924E+02   .9999999 -.0000840 -.0002861
T 2857 19 .1519198E+11   2300020E-01  .6694E+01 -.4585E+01   .9999999  .0004581 -.0001564
T 2858 19 .1519003E+11   2300005E-01  .2625E+01 -.2847E+01   .9999999  .0000350 -.0001533
T 2859 19 .1518894E+11   2300020E-01  .1274E+02 -.1205E+02   .9999999  .0000970 -.0002190
T 2860 19 .1518962E+11   2300002E-01  .1637E+01 -.1377E+02   .9999999  .0000062 -.0002487
T 2861 19 .1518886E+11   2300019E-01  .1099E+01  .6192E+01   .9999999 -.0000110  .0000814
T 2862 19 .1519193E+11   2300001E-01  .1151E+02 -.2696E+00   .9999999  .0000945 -.0001019
T 2863 19 .1518867E+11   2300021E-01 -.6975E+00  .6675E+01   .9999999 -.0000426  .0002014
T 2864 19 .1519154E+11   2300004E-01  .9382E+01 -.1909E+01   .9999999  .0001045 -.0001394
T 2865 19 .1519056E+11   2300021E-01 -.3224E+01  .1312E+02   .9999999 -.0000472  .0000715
T 2866 19 .1519026E+11   2300015E-01 -.1968E+02  .1221E+02   .9999998 -.0006075 -.0001124
T 2867 19 .1518735E+11   2300007E-01  .1253E+02  .6962E+01   .9999999  .0001066  .0001083
T 2868 19 .1519018E+11   2300005E-01 -.4639E+02  .1895E+02   .9999999 -.0003167  .0002276
T 2869 19 .1519050E+11   2300003E-01 -.1831E+02 -.3840E+01   .9999999 -.0003483 -.0001371
T 2870 19 .1519055E+11   2300020E-01  .5857E+00 -.6458E+01   .9999999 -.0000422 -.0000702
T 2871 19 .1519072E+11   2300009E-01 -.2578E+01 -.4032E+01   .9999999 -.0000687 -.0000064
T 2872 19 .1519185E+11   2300017E-01  .1273E+02 -.4314E+01   .9999999  .0000916 -.0000781
T 2873 19 .1519028E+11   2300017E-01  .3744E+01 -.1008E+02   .9999999 -.0001177 -.0000387
T 2874 19 .1519311E+11   2300015E-01 -.1683E+02 -.1689E+02   .9999999 -.0001322 -.0001540
T 2875 19 .1518998E+11   2300000E-01  .1344E+02  .2383E+02   .9999999 -.0000003  .0002664
T 2876 19 .1518981E+11   2300013E-01 -.9877E+01 -.1655E+02   .9999999 -.0001085 -.0001459
T 2877 19 .1519217E+11   2300022E-01 -.6996E+01  .1161E+02   .9999999 -.0000424 -.0002177
T 2878 19 .1519097E+11   2300002E-01 -.1276E+02 -.1758E+02   .9999999 -.0001849 -.0001376
T 2879 19 .1518893E+11   2300008E-01 -.5900E+01 -.4408E+01   .9999999 -.0000253 -.0000775
T 2880 19 .1519090E+11   2300020E-01 -.9775E+01  .1352E+02   .9999999 -.0001920  .0003460
T 2881 19 .1519043E+11   2300012E-01  .1545E+02 -.6513E+01   .9999999  .0002455 -.0000102
T 2882 19 .1519023E+11   2300003E-01  .1978E+02 -.1747E+01   .9999999  .0001901  .0000450
T 2883 19 .1519122E+11   2300019E-01  .7816E+00  .4915E+00   .9999999  .0000259  .0001313
T 2884 19 .1519106E+11   2300011E-01 -.9094E+01  .1069E+02   .9999999 -.0001457  .0000560
T 2885 19 .1519116E+11   2300013E-01 -.8510E+01  .1819E+02   .9999999 -.0000400  .0001383
T 2886 19 .1518862E+11   2300009E-01  .8888E+01 -.7348E+01   .9999999  .0001436 -.0001169
T 2887 19 .1519029E+11   2300020E-01 -.8763E+01  .8301E+01   .9999999 -.0000929  .0001702
T 2888 19 .1518990E+11   2300018E-01  .7228E+01 -.1382E+01   .9999999  .0000057  .0000051
T 2889 19 .1518970E+11   2300019E-01  .5454E+01  .2855E+02   .9999999  .0001209  .0000962
T 2890 19 .1519011E+11   2300008E-01 -.5520E+01 -.1618E+02   .9999999  .0000157 -.0001699
T 2891 19 .1519020E+11   2300013E-01 -.1173E+02 -.1858E+01   .9999999 -.0002667 -.0000298
T 2892 19 .1518996E+11   2300004E-01 -.4710E+01  .2376E+02   .9999999 -.0000463  .0003052
T 2893 19 .1519089E+11   2300007E-01  .5184E+00 -.2317E+01   .9999999  .0000127  .0000325
T 2894 19 .1519030E+11   2300009E-01 -.1550E+02  .1485E+02   .9999999 -.0001634  .0001121
T 2895 19 .1519020E+11   2300007E-01 -.2642E+02  .1618E+02   .9999999 -.0001104  .0001690
T 2896 19 .1518815E+11   2300013E-01  .5433E+01 -.5748E+01   .9999999  .0001552 -.0001119
T 2897 19 .1519162E+11   2300019E-01 -.3093E+01 -.1477E+00   .9999999 -.0000028 -.0001377
T 2898 19 .1519002E+11   2300007E-01 -.5192E+02 -.1056E+02   .9999997 -.0006977 -.0003466
T 2899 19 .1518972E+11   2300014E-01 -.3291E+02  .8647E+02   .9999994 -.0003931  .0010408
T 2900 19 .1518928E+11   2300014E-01 -.2003E+01  .1470E+02   .9999999 -.0001159  .0001869
T 2901 19 .1518971E+11   2300019E-01 -.1169E+02  .3303E+01   .9999999 -.0001144 -.0000488
T 2902 19 .1519130E+11   2300020E-01 -.7239E+01  .5497E+01   .9999999  .0001678  .0001864
T 2903 19 .1518899E+11   2300015E-01  .6918E+00 -.1142E+01   .9999999  .0000339 -.0000803
T 2904 19 .1518918E+11   2300006E-01 -.2979E+01  .4653E+01   .9999999  .0000678  .0001782
T 2905 19 .1519043E+11   2300022E-01 -.2675E+02  .1104E+02   .9999999 -.0001778  .0001251
T 2906 19 .1518898E+11   2300010E-01  .4196E+01 -.4751E+01   .9999999 -.0000499  .0000241
T 2907 19 .1518994E+11   2300000E-01  .9223E+01  .1032E+02   .9999999  .0000900  .0001461
T 2908 19 .1519128E+11   2300010E-01 -.1559E+02  .1871E+02   .9999999 -.0001650  .0003273
T 2909 19 .1519055E+11   2300005E-01  .1391E+01 -.1797E+02   .9999999  .0001410 -.0000590
T 2910 19 .1519112E+11   2300012E-01 -.2085E+01  .9008E+01   .9999999 -.0001004  .0001446
T 2911 19 .1519105E+11   2300010E-01  .5923E+01  .8954E+01   .9999999  .0002742  .0001091
T 2912 19 .1519078E+11   2300022E-01  .4298E+01  .3690E+01   .9999999  .0000412 -.0000261
T 2913 19 .1518954E+11   2300014E-01  .1257E+02 -.6801E+01   .9999999  .0001602 -.0001111
T 2914 19 .1518950E+11   2300019E-01 -.1576E+02  .2440E+01   .9999999 -.0002562  .0000279
T 2915 19 .1518985E+11   2300012E-01 -.1540E+02 -.2714E+02   .9999999 -.0001986 -.0003458
T 2916 19 .1519043E+11   2300005E-01  .2205E+02  .8276E+01   .9999999  .0004544  .0001712
T 2917 19 .1519006E+11   2300016E-01  .1107E+02  .5477E+01   .9999999  .0000927  .0000309
T 2918 19 .1518941E+11   2300017E-01  .4159E+01 -.1167E+02   .9999999  .0000204 -.0000307
T 2919 19 .1519023E+11   2300021E-01 -.1552E+01  .3051E+01   .9999999 -.0000955  .0000977
T 2920 19 .1518939E+11   2300019E-01  .7730E+01  .1790E+02   .9999999  .0001055  .0003068
T 2921 19 .1519073E+11   2300011E-01 -.1476E+02 -.1133E+02   .9999999 -.0002347 -.0001190
T 2922 19 .1519039E+11   2300016E-01  .3819E+01 -.4422E+01   .9999999  .0000281 -.0000182
T 2923 19 .1518964E+11   2300003E-01 -.2108E+02  .2098E+02   .9999999 -.0001532  .0001909
T 2924 19 .1519084E+11   2300001E-01 -.1954E+02 -.5869E+01   .9999999 -.0003137 -.0000463
T 2925 19 .1518882E+11   2300022E-01  .8985E+01 -.1393E+02   .9999999 -.0000019 -.0000644
T 2926 19 .1518961E+11   2300021E-01  .1348E+02 -.3133E+01   .9999999  .0000921  .0000870
T 2927 19 .1519124E+11   2300012E-01 -.3595E+01  .8267E+01   .9999999 -.0000780  .0000865
T 2928 19 .1518862E+11   2300006E-01  .5845E+01 -.1326E+02   .9999999 -.0000461 -.0001536
T 2929 19 .1518925E+11   2300007E-01 -.7335E+01  .1820E+02   .9999999 -.0001274  .0001589
T 2930 19 .1519121E+11   2300000E-01 -.3084E+01  .6245E+01   .9999999 -.0000412 -.0000710
T 2931 19 .1519030E+11   2300022E-01  .7204E+01  .8432E+01   .9999999  .0001631  .0000031
T 2932 19 .1519024E+11   2300013E-01  .2977E+01 -.6848E+01   .9999999 -.0000666 -.0000442
T 2933 19 .1518995E+11   2300007E-01 -.2078E+02  .1467E+02   .9999999 -.0000837  .0002364
T 2934 19 .1519075E+11   2300018E-01  .8481E+01 -.6140E+01   .9999999  .0000207 -.0000262
T 2935 19 .1518975E+11   2300019E-01 -.3146E+01 -.2447E+01   .9999999 -.0000404 -.0000060
T 2936 19 .1518962E+11   2300017E-01  .7021E+01 -.5355E+01   .9999999  .0001904 -.0001440
T 2937 19 .1518899E+11   2300009E-01  .1139E+02  .9794E+01   .9999999  .0001369  .0002174
T 2938 19 .1519024E+11   2300004E-01  .7453E+01  .8267E+01   .9999999  .0001099  .0001621
T 2939 19 .1518978E+11   2300003E-01 -.8839E+01 -.2738E+02   .9999999 -.0002083 -.0002445
T 2940 19 .1518979E+11   2300015E-01 -.1639E+02 -.3500E+01   .9999997 -.0006940 -.0001924
T 2941 19 .1519085E+11   2300001E-01  .7347E+01  .2921E+01   .9999999  .0000801 -.0001128
T 2942 19 .1519119E+11   2300019E-01  .5720E+01 -.1426E+02   .9999999  .0001323 -.0000704
T 2943 19 .1518918E+11   2300003E-01 -.5060E+01 -.6014E+01   .9999999 -.0000660 -.0001156
T 2944 19 .1518940E+11   2300019E-01  .2515E+02  .7701E+01   .9999999  .0002523 -.0001305
T 2945 19 .1518939E+11   2300000E-01 -.1801E+02 -.2210E+02   .9999999 -.0001159 -.0001295
T 2946 19 .1519041E+11   2300004E-01  .1010E+02  .4682E+01   .9999999 -.0000177 -.0000548
T 2947 19 .1519077E+11   2300019E-01 -.1267E+02  .1609E+01   .9999999 -.0001098  .0000851
T 2948 19 .1518971E+11   2300014E-01 -.1649E+01 -.6421E+01   .9999999 -.0001106 -.0000169
T 2949 19 .1518973E+11   2300018E-01 -.1728E+02  .1375E+02   .9999999 -.0002479  .0001348
T 2950 19 .1519101E+11   2300007E-01  .5048E+01  .1708E+01   .9999999  .0000641  .0000314
T 2951 19 .1518991E+11   2300008E-01  .3520E+02  .1454E+02   .9999999  .0001730  .0001536
T 2952 19 .1518950E+11   2300016E-01  .7489E+01  .9305E+00   .9999999  .0001953  .0000254
T 2953 19 .1518910E+11   2300012E-01 -.8330E+01  .1555E+02   .9999999 -.0001374  .0001294
T 2954 19 .1519022E+11   2300011E-01 -.3115E+00 -.1992E+01   .9999999 -.0000125 -.0000580
T 2955 19 .1519051E+11   2300019E-01  .7340E+01  .1568E+01   .9999999  .0001228  .0000232
T 2956 19 .1518985E+11   2300015E-01  .2708E-01 -.1731E+02   .9999999  .0000181 -.0002167
T 2957 19 .1519034E+11   2300011E-01 -.1439E+02  .2066E+01   .9999999 -.0002723  .0003283
T 2958 19 .1518980E+11   2300000E-01  .5486E+01  .1145E+02   .9999999  .0000651  .0001788
T 2959 19 .1519021E+11   2300010E-01 -.1905E+02  .2409E+01   .9999999 -.0003791  .0001122
T 2960 19 .1519102E+11   2300018E-01 -.9397E+01 -.1076E+02   .9999999 -.0002968 -.0002588
T 2961 19 .1519081E+11   2300010E-01 -.2316E+02 -.1348E+02   .9999999 -.0002631 -.0002327
T 2962 19 .1519028E+11   2300022E-01 -.1789E-01  .6336E+00   .9999999  .0001857 -.0000049
T 2963 19 .1518964E+11   2300001E-01 -.2343E+01  .3489E+01   .9999999 -.0001737  .0001085
T 2964 19 .1518991E+11   2300007E-01 -.1487E+02  .5194E+01   .9999999 -.0000742 -.0000292
T 2965 19 .1518892E+11   2300019E-01 -.2361E+02  .1063E+02   .9999999 -.0001928  .0002107
T 2966 19 .1518968E+11   2300021E-01  .5908E+01  .3642E+02   .9999999  .0000812  .0004860
T 2967 19 .1519185E+11   2300007E-01 -.1031E+02  .2121E+02   .9999999 -.0000987  .0002926
T 2968 19 .1519072E+11   2300017E-01  .1896E+01  .4637E+01   .9999999  .0000145 -.0000131
T 2969 19 .1519068E+11   2300007E-01 -.3280E+01  .1170E+01   .9999999  .0000177 -.0000126
T 2970 19 .1518978E+11   2300012E-01  .2152E+01 -.3948E+01   .9999999  .0001412 -.0002220
T 2971 19 .1518967E+11   2300011E-01  .8691E+01  .9372E+00   .9999999 -.0001108  .0000596
T 2972 19 .1518939E+11   2300001E-01  .3524E+01  .1143E+02   .9999999  .0000215 -.0000096
T 2973 19 .1519110E+11   2300022E-01  .1200E+02 -.1545E+02   .9999999  .0000554 -.0001182
T 2974 19 .1518991E+11   2300009E-01  .1310E+01 -.1733E+01   .9999999  .0000000  .0000388
T 2975 19 .1518978E+11   2300011E-01  .1202E+02  .1099E+02   .9999999  .0000819  .0000308
T 2976 19 .1518814E+11   2300002E-01 -.1012E+02  .2143E+02   .9999999 -.0001602  .0002405
T 2977 19 .1519035E+11   2300015E-01  .1076E+02 -.8040E+01   .9999999  .0003295 -.0001549
T 2978 19 .1519080E+11   2300013E-01 -.1646E+00 -.4227E+01   .9999999  .0001097 -.0000375
T 2979 19 .1518998E+11   2300015E-01 -.2433E+02  .2903E+01   .9999999 -.0000865 -.0000339
T 2980 19 .1519029E+11   2300009E-01 -.9781E+01  .8479E+01   .9999999 -.0000764  .0000999
T 2981 19 .1518945E+11   2300018E-01  .1023E+02 -.1312E+02   .9999999  .0001019 -.0001514
T 2982 19 .1518994E+11   2300010E-01  .9190E+01  .3486E+02   .9999999  .0001137  .0003109
T 2983 19 .1518905E+11   2300020E-01 -.3466E+01 -.1069E+02   .9999999 -.0000178 -.0001733
T 2984 19 .1519149E+11   2300003E-01  .3575E+01  .1068E+01   .9999999  .0000840  .0000595
T 2985 19 .1519033E+11   2300019E-01 -.1642E+02  .7349E+01   .9999999 -.0002778  .0000395
T 2986 19 .1519046E+11   2300020E-01  .3554E+01  .2274E+02   .9999999  .0000631  .0002869
T 2987 19 .1518904E+11   2300019E-01 -.4346E+01  .4566E+01   .9999999 -.0000623  .0000482
T 2988 19 .1518937E+11   2300022E-01 -.2865E+00 -.1636E+02   .9999999 -.0000194 -.0001545
T 2989 19 .1519030E+11   2300015E-01  .1066E+02  .1355E+01   .9999999  .0002002 -.0000273
T 2990 19 .1519035E+11   2300005E-01 -.5123E+01 -.7993E+01   .9999999 -.0000010 -.0000309
T 2991 19 .1518903E+11   2300022E-01 -.3656E+01  .4934E+01   .9999999 -.0000273  .0000522
T 2992 19 .1519115E+11   2300016E-01 -.5862E+01 -.2634E+02   .9999999  .0000155 -.0003814
T 2993 19 .1519080E+11   2300016E-01  .1006E+02 -.2199E+02   .9999999  .0001865 -.0002160
T 2994 19 .1519035E+11   2300020E-01 -.1509E+02  .1062E+02   .9999999 -.0001736  .0002104
T 2995 19 .1518980E+11   2300001E-01 -.1158E+02  .4715E+01   .9999998 -.0005794  .0002219
T 2996 19 .1518886E+11   2300014E-01 -.1410E+02 -.1709E+02   .9999999 -.0001790 -.0001983
T 2997 19 .1518986E+11   2300014E-01 -.1949E+02  .2008E+02   .9999999 -.0002793  .0002712
T 2998 19 .1519080E+11   2300022E-01  .1221E+02 -.5151E+01   .9999999  .0001505 -.0002884
T 2999 19 .1518926E+11   2300015E-01 -.7274E+01 -.1394E+01   .9999999 -.0002292 -.0000589
T 3000 19 .1518943E+11   2300015E-01  .2930E+02 -.1434E+02   .9999999 -.0001567 -.0003503
T 3001 19 .1519001E+11   2300017E-01 -.1613E+02  .1257E+02   .9999999 -.0000454  .0001864
T 3002 19 .1518823E+11   2300012E-01 -.1177E+02 -.2123E+02   .9999999  .0001275 -.0001801
T 3003 19 .1519004E+11   2300009E-01  .5308E+01  .1113E+02   .9999999 -.0000777  .0001028
T 3004 19 .1519123E+11   2300003E-01  .5470E+01  .2209E+02   .9999999 -.0001440  .0002960
T 3005 19 .1518849E+11   2300017E-01  .5906E+01 -.1286E+02   .9999999  .0000914 -.0001551
T 3006 19 .1518899E+11   2300011E-01  .1891E+02 -.7060E+01   .9999999  .0001098  .0000183
T 3007 19 .1519172E+11   2300015E-01 -.1908E+02 -.8358E+01   .9999999 -.0002984  .0000371
T 3008 19 .1519036E+11   2300001E-01  .3832E+01  .4577E+01   .9999999  .0000935 -.0000342
T 3009 19 .1518974E+11   2300019E-01  .2838E+01  .8488E+01   .9999999 -.0000377  .0001802
T 3010 19 .1518980E+11   2300022E-01  .7853E+01 -.2428E+01   .9999999  .0001112  .0000154
T 3011 19 .1519021E+11   2300014E-01 -.1615E+01 -.2308E+02   .9999999 -.0000204 -.0002273
T 3012 19 .1519052E+11   2300005E-01 -.4932E+01  .4460E+01   .9999999 -.0000175  .0000318
T 3013 19 .1518886E+11   2300014E-01 -.6641E+01  .1169E+02   .9999999  .0001207  .0002138
T 3014 19 .1518945E+11   2300010E-01 -.1156E+02 -.1106E+02   .9999999 -.0001386  .0000313
T 3015 19 .1519026E+11   2300015E-01  .4120E+01 -.1149E+02   .9999999  .0002350 -.0004588
T 3016 19 .1519024E+11   2300018E-01  .3199E+02  .9410E+01   .9999999  .0004693  .0002763
T 3017 19 .1518934E+11   2300003E-01 -.6394E+00  .1187E+02   .9999999 -.0000637  .0001734
T 3018 19 .1518949E+11   2300018E-01  .5373E+01  .1472E+02   .9999999  .0001323  .0001539
T 3019 19 .1518996E+11   2300006E-01  .1005E+03 -.8488E+02   .9999990  .0010775 -.0009308
T 3020 19 .1519020E+11   2300020E-01  .9557E+01  .6565E+01   .9999999  .0000094 -.0000787
T 3021 19 .1519011E+11   2300018E-01  .3673E+01  .1776E+02   .9999999  .0001578  .0002839
T 3022 19 .1519109E+11   2300022E-01  .5960E+01 -.3227E+01   .9999999  .0000218 -.0000792
T 3023 19 .1519057E+11   2300019E-01 -.5480E+02 -.2979E+02   .9999996 -.0007730 -.0003744
T 3024 19 .1518962E+11   2300004E-01  .1543E+01  .3203E+02   .9999999 -.0000557  .0004142
T 3025 19 .1519058E+11   2300015E-01  .2097E+01  .5377E+01   .9999999 -.0000838  .0001132
T 3026 19 .1518897E+11   2300010E-01  .2390E+02  .1544E+02   .9999998  .0004411  .0003304
T 3027 19 .1519002E+11   2300015E-01 -.6250E+01 -.9275E+01   .9999999 -.0001662 -.0001198
T 3028 19 .1519062E+11   2300014E-01  .6132E+01 -.5732E+01   .9999999 -.0000125 -.0000525
T 3029 19 .1518949E+11   2300002E-01  .1122E+02  .2093E+02   .9999999  .0001204  .0001720
T 3030 19 .1519063E+11   2300015E-01 -.5636E+02 -.1743E+02   .9999994 -.0010787 -.0002873
T 3031 19 .1519047E+11   2300011E-01 -.7294E+01  .4961E+01   .9999999 -.0000498  .0000274
T 3032 19 .1519017E+11   2300022E-01  .3749E+01  .7642E+01   .9999999  .0000617  .0000855
T 3033 19 .1518941E+11   2300006E-01 -.1700E+02  .6149E+01   .9999999 -.0000348  .0001160
T 3034 19 .1518885E+11   2300013E-01  .7839E+00  .3417E+01   .9999999  .0000201  .0001215
T 3035 19 .1518983E+11   2300015E-01 -.3753E+01  .1326E+02   .9999999 -.0001671  .0001579
T 3036 19 .1518982E+11   2300014E-01  .5095E+01  .8116E+01   .9999999  .0000067 -.0000641
T 3037 19 .1518850E+11   2300016E-01 -.9026E+01 -.8365E+01   .9999999 -.0001059 -.0001977
T 3038 19 .1518951E+11   2300016E-01 -.2978E+01 -.8127E+01   .9999999 -.0001102 -.0001728
T 3039 19 .1518979E+11   2300001E-01  .4867E+01  .2156E+01   .9999999  .0000549 -.0000443
T 3040 19 .1518989E+11   2300014E-01  .1402E+02 -.7133E+01   .9999999  .0001619 -.0000734
T 3041 19 .1518950E+11   2300021E-01  .1473E+01  .6110E+01   .9999999  .0000201  .0002418
T 3042 19 .1518875E+11   2300012E-01 -.3400E+01 -.7305E+01   .9999999 -.0001413 -.0000660
T 3043 19 .1518976E+11   2300019E-01  .8690E+01  .1707E+02   .9999999  .0001213  .0001864
T 3044 19 .1518926E+11   2300001E-01  .6923E+01 -.4881E-01   .9999997  .0006695  .0003037
T 3045 19 .1519095E+11   2300023E-01 -.7077E+01  .2236E+01   .9999999  .0000223  .0000351
T 3046 19 .1519047E+11   2300014E-01 -.1057E+02 -.6947E+01   .9999999 -.0001076 -.0000528
T 3047 19 .1519093E+11   2300007E-01  .6540E+01  .5650E+01   .9999999  .0000678  .0000266
T 3048 19 .1519182E+11   2300018E-01 -.1368E+02  .2421E+02   .9999999 -.0000611  .0001995
T 3049 19 .1518796E+11   2300016E-01  .3056E+01  .1740E+02   .9999999  .0000269  .0001943
T 3050 19 .1518860E+11   2300018E-01  .6182E+00  .4442E+01   .9999999 -.0001036 -.0000191
T 3051 19 .1519055E+11   2300003E-01 -.7144E+01  .7502E+01   .9999999 -.0001009  .0001420
T 3052 19 .1518944E+11   2300018E-01  .9952E+01 -.3228E+01   .9999999  .0002851 -.0001018
T 3053 19 .1518940E+11   2300003E-01  .4100E+01 -.8544E+01   .9999999 -.0000303 -.0004721
T 3054 19 .1519033E+11   2300010E-01 -.5043E+01  .9459E+01   .9999999 -.0000381  .0002184
T 3055 19 .1519018E+11   2300021E-01 -.1935E+02 -.2153E+01   .9999999 -.0003137 -.0003802
T 3056 19 .1519002E+11   2300013E-01 -.2869E+02 -.8423E+00   .9999999 -.0003199 -.0000623
T 3057 19 .1519088E+11   2300005E-01  .1282E+02 -.1198E+02   .9999999  .0002832 -.0000330
T 3058 19 .1519103E+11   2300022E-01 -.3791E+01 -.1707E+02   .9999998  .0000795 -.0005496
T 3059 19 .1518920E+11   2300001E-01  .7646E+01 -.5382E+01   .9999999  .0001514 -.0000245
T 3060 19 .1518893E+11   2300020E-01 -.1528E+02  .1024E+02   .9999999 -.0001265  .0001070
T 3061 19 .1519083E+11   2300018E-01  .1039E+02 -.1672E+01   .9999999  .0000679  .0000581
T 3062 19 .1519026E+11   2300022E-01 -.1130E+02 -.1170E+02   .9999999 -.0001055 -.0001576
T 3063 19 .1518978E+11   2300001E-01  .2846E-01  .6084E+01   .9999999  .0000310  .0000544
T 3064 19 .1519040E+11   2300013E-01  .2757E+00  .3417E+01   .9999999 -.0000924  .0000056
T 3065 19 .1518996E+11   2300016E-01  .9277E+01 -.8648E+01   .9999999  .0001406 -.0000862
T 3066 19 .1519028E+11   2300019E-01  .2023E+02 -.7598E+01   .9999999  .0002256 -.0000409
T 3067 19 .1519006E+11   2300020E-01 -.8994E+00  .1051E+02   .9999999 -.0000807  .0002229
T 3068 19 .1519028E+11   2300002E-01 -.1178E+02  .1016E+02   .9999999 -.0001895  .0001639
T 3069 19 .1518971E+11   2300009E-01  .4464E+01  .5691E+00   .9999999 -.0000586  .0000410
T 3070 19 .1518909E+11   2300006E-01  .5476E+01  .4217E+01   .9999999  .0002689  .0000786
T 3071 19 .1519037E+11   2300006E-01  .4294E+01  .1782E+01   .9999999 -.0001989  .0000477
T 3072 19 .1519135E+11   2300004E-01 -.1787E+00 -.9262E+01   .9999999  .0001380 -.0002218
T 3073 19 .1519021E+11   2300020E-01 -.6424E+01 -.4916E+01   .9999999 -.0001335 -.0001062
T 3074 19 .1518962E+11   2300010E-01 -.1578E+02 -.1698E+02   .9999999 -.0000943 -.0001740
T 3075 19 .1519085E+11   2300002E-01  .7569E+01  .3900E+00   .9999999  .0002051  .0000145
T 3076 19 .1519011E+11   2300006E-01 -.1087E+01  .1095E+01   .9999999 -.0000150  .0000677
T 3077 19 .1519118E+11   2300004E-01  .1811E+02 -.3206E+01   .9999999  .0003795  .0000242
T 3078 19 .1519012E+11   2300003E-01 -.1697E+02  .2151E+02   .9999999 -.0002632  .0002532
T 3079 19 .1518967E+11   2300022E-01 -.3868E+01 -.6897E+01   .9999999 -.0000914 -.0000102
T 3080 19 .1519072E+11   2300018E-01 -.3303E+00 -.3141E+01   .9999999 -.0000322 -.0000367
T 3081 19 .1519051E+11   2300019E-01  .2340E+01 -.1993E+02   .9999999 -.0000871 -.0003802
T 3082 19 .1519095E+11   2300003E-01  .2018E+02 -.1334E+01   .9999997  .0005429  .0006020
T 3083 19 .1518985E+11   2300009E-01  .5905E+00  .4865E+01   .9999999 -.0000437  .0001957
T 3084 19 .1519122E+11   2300017E-01  .2591E+02 -.1305E+02   .9999999  .0003578 -.0003009
T 3085 19 .1518938E+11   2300001E-01  .2029E+01  .8866E+01   .9999999  .0000488  .0001580
T 3086 19 .1518913E+11   2300004E-01  .3521E+01 -.3539E+01   .9999999  .0001147 -.0001286
T 3087 19 .1518964E+11   2300016E-01  .1470E+02  .9151E+01   .9999999  .0000175  .0000587
T 3088 19 .1519053E+11   2300022E-01 -.1303E+02 -.3103E+01   .9999999 -.0001191  .0000160
T 3089 19 .1519070E+11   2300021E-01  .5247E+01 -.1684E+01   .9999999  .0000801 -.0000227
T 3090 19 .1518956E+11   2300019E-01  .4264E+01  .2894E+01   .9999999 -.0000569  .0001409
T 3091 19 .1518970E+11   2300006E-01  .1070E+02  .1574E+02   .9999999  .0002287  .0000840
T 3092 19 .1518988E+11   2300015E-01 -.7547E+01 -.2456E+02   .9999999 -.0000923 -.0003182
T 3093 19 .1518984E+11   2300005E-01 -.6634E-01  .2028E+02   .9999999  .0001239  .0002320
T 3094 19 .1518995E+11   2300004E-01  .2116E+02 -.1459E+02   .9999999  .0003597 -.0001721
T 3095 19 .1518948E+11   2300001E-01 -.2251E+00  .1246E+02   .9999999  .0000772  .0002842
T 3096 19 .1518924E+11   2300008E-01 -.9156E+00  .1053E+02   .9999999 -.0001320  .0001759
T 3097 19 .1519021E+11   2300012E-01  .1257E+02 -.9907E+01   .9999999  .0001324 -.0000998
T 3098 19 .1518851E+11   2300017E-01 -.3119E+01 -.4657E+01   .9999999 -.0001831 -.0000411
T 3099 19 .1518969E+11   2300010E-01  .5759E+01  .1117E+02   .9999999  .0000448  .0002227
T 3100 19 .1519031E+11   2300010E-01 -.1397E+02  .3619E+01   .9999999 -.0000991  .0000617
T 3101 19 .1518850E+11   2300019E-01 -.4633E+00 -.1720E+02   .9999999  .0000096 -.0001780
T 3102 19 .1518996E+11   2300000E-01 -.7247E+01  .1010E+02   .9999999  .0000149  .0002001
T 3103 19 .1519087E+11   2300022E-01 -.3606E+02  .8956E+01   .9999999 -.0002887  .0000821
T 3104 19 .1519143E+11   2300001E-01  .1482E+02  .1108E+02   .9999999  .0000543 -.0001191
T 3105 19 .1519083E+11   2300015E-01  .1419E+02 -.8891E+01   .9999999  .0001341 -.0000702
T 3106 19 .1518998E+11   2300022E-01 -.1719E+01  .8482E+01   .9999999 -.0001112  .0001029
T 3107 19 .1518984E+11   2300005E-01  .4318E+01  .6489E+01   .9999999  .0002542  .0000000
T 3108 19 .1519252E+11   2300013E-01  .4060E+01  .2447E+02   .9999999  .0000460  .0002301
T 3109 19 .1519275E+11   2300018E-01  .3228E+01 -.5723E+01   .9999999  .0000173 -.0001801
T 3110 19 .1519007E+11   2300021E-01  .6278E+02  .5400E+02   .9999998  .0005590  .0004281
T 3111 19 .1518992E+11   2300000E-01  .3346E+01  .2828E+01   .9999999  .0000487  .0000046
T 3112 19 .1519002E+11   2300019E-01 -.6377E+01 -.3210E+01   .9999999 -.0000242 -.0000487
T 3113 19 .1519007E+11   2300003E-01 -.1713E+01 -.4198E+01   .9999999 -.0001501  .0000209
T 3114 19 .1518986E+11   2300018E-01  .1560E+02 -.4865E+01   .9999999  .0002785  .0001024
T 3115 19 .1518998E+11   2300022E-01 -.1225E+02 -.1103E+02   .9999999 -.0002316 -.0000041
T 3116 19 .1518935E+11   2300003E-01  .1079E+02  .1571E+02   .9999999  .0000890  .0003494
T 3117 19 .1518989E+11   2300000E-01  .7790E+00  .1007E+02   .9999999  .0000228  .0002726
T 3118 19 .1518922E+11   2300011E-01 -.7008E+01 -.3236E+01   .9999999  .0000536  .0000815
T 3119 19 .1519022E+11   2300005E-01  .3904E+01  .1797E+01   .9999999 -.0000439 -.0000148
T 3120 19 .1519036E+11   2300022E-01  .1420E+02 -.1481E+01   .9999999  .0002784 -.0000821
T 3121 19 .1519104E+11   2300019E-01 -.9461E+01  .4506E+01   .9999999 -.0001704  .0001673
T 3122 19 .1518920E+11   2300016E-01  .8100E+01  .2274E+02   .9999998  .0004430  .0003454
T 3123 19 .1519055E+11   2300014E-01  .6373E+01 -.7208E+00   .9999999  .0000845 -.0001350
T 3124 19 .1519040E+11   2300022E-01  .1828E+02  .2225E+01   .9999999  .0003588  .0000951
T 3125 19 .1519042E+11   2300012E-01  .2229E+02 -.2432E+02   .9999999  .0003426 -.0002675
T 3126 19 .1518976E+11   2300004E-01  .1394E+02 -.7767E+01   .9999999  .0001497  .0000709
T 3127 19 .1519067E+11   2300011E-01 -.7402E+01  .5982E+01   .9999999 -.0000092  .0000714
T 3128 19 .1519057E+11   2300006E-01 -.1145E+02 -.6658E+01   .9999999 -.0003186 -.0003251
T 3129 19 .1518934E+11   2300003E-01  .4604E+01 -.1010E+02   .9999999 -.0000499 -.0000357
T 3130 19 .1519006E+11   2300007E-01 -.6196E+01 -.2099E+02   .9999999 -.0000151 -.0002485
T 3131 19 .1518933E+11   2300001E-01  .2289E+01  .1109E+02   .9999999 -.0000366  .0001518
T 3132 19 .1519016E+11   2300010E-01  .7631E+01  .4593E+01   .9999999  .0000251  .0001321
T 3133 19 .1519123E+11   2300006E-01  .9655E+01  .3340E+01   .9999999  .0001329  .0000402
T 3134 19 .1519066E+11   2300019E-01  .1411E+02  .9208E+00   .9999999  .0001877 -.0000864
T 3135 19 .1519119E+11   2300020E-01 -.1165E+02  .1554E+02   .9999999 -.0000612  .0002757
T 3136 19 .1519034E+11   2300017E-01 -.1439E+01 -.1353E+02   .9999999  .0000943 -.0001458
T 3137 19 .1518998E+11   2300019E-01  .1398E+02  .9590E+01   .9999999 -.0000222  .0002496
T 3138 19 .1519047E+11   2300006E-01  .7437E+01 -.2068E+02   .9999999  .0001010 -.0003034
T 3139 19 .1519020E+11   2300012E-01 -.8016E+01  .2723E+01   .9999999 -.0001112  .0001133
T 3140 19 .1519087E+11   2300014E-01  .3789E+01  .1498E+01   .9999999 -.0000310  .0001239
T 3141 19 .1519035E+11   2300002E-01 -.5868E+01 -.3379E+01   .9999999 -.0001466 -.0000897
T 3142 19 .1518914E+11   2300019E-01 -.1218E+02 -.1356E+01   .9999999 -.0002264 -.0000700
T 3143 19 .1518906E+11   2300023E-01  .6553E+01 -.8947E+01   .9999999 -.0000493 -.0001156
T 3144 19 .1519023E+11   2300004E-01  .1311E+01  .3236E+01   .9999999 -.0002518 -.0001257
T 3145 19 .1518871E+11   2300007E-01 -.5241E+01 -.1000E+02   .9999999 -.0000635  .0000321
T 3146 19 .1518942E+11   2300012E-01 -.9404E+01  .5404E+01   .9999999  .0000688  .0000530
T 3147 19 .1519061E+11   2300001E-01 -.1965E+01  .1433E+01   .9999999 -.0000911 -.0001157
T 3148 19 .1518892E+11   2300016E-01 -.6431E+01 -.1476E+01   .9999999 -.0002788 -.0000044
T 3149 19 .1519075E+11   2300022E-01  .7282E+01  .1968E+02   .9999999  .0000256  .0000485
T 3150 19 .1519119E+11   2300017E-01  .5121E+01 -.7085E+01   .9999999  .0001164 -.0000064
T 3151 19 .1518888E+11   2300016E-01  .1031E+02  .4511E+01   .9999999  .0001394  .0001303
T 3152 19 .1519019E+11   2300015E-01 -.2161E+00 -.4102E+01   .9999999 -.0000923  .0000721
T 3153 19 .1519160E+11   2300012E-01 -.1681E+02 -.4099E+01   .9999999 -.0002507 -.0000839
T 3154 19 .1518886E+11   2300023E-01  .6361E+01 -.1359E+01   .9999999  .0001841 -.0001297
T 3155 19 .1519020E+11   2300000E-01  .6118E+01 -.1022E+02   .9999999  .0001795 -.0001705
T 3156 19 .1519016E+11   2300018E-01 -.2022E+02 -.1511E+03   .9999998 -.0001254 -.0006528
T 3157 19 .1519127E+11   2300019E-01 -.4593E+01 -.4186E+01   .9999999 -.0000409 -.0000563
T 3158 19 .1518991E+11   2300019E-01 -.1949E+02  .1616E+02   .9999999 -.0002078  .0000874
T 3159 19 .1519038E+11   2300000E-01 -.2938E+00 -.3030E+00   .9999999  .0000101 -.0000514
T 3160 19 .1519015E+11   2300011E-01  .1241E+02 -.5043E+01   .9999999  .0000503 -.0000699
T 3161 19 .1518995E+11   2300008E-01 -.1593E+00  .8097E+01   .9999999 -.0000013  .0000277
T 3162 19 .1519032E+11   2300018E-01 -.2539E+01  .6297E+01   .9999999  .0000743  .0001572
T 3163 19 .1518931E+11   2300001E-01 -.5333E+01 -.8842E+01   .9999999 -.0000667 -.0000616
T 3164 19 .1518985E+11   2300021E-01 -.1249E+02  .2708E+02   .9999999 -.0001554  .0004045
T 3165 19 .1518809E+11   2300012E-01  .4870E+01  .4607E+01   .9999999  .0002072  .0000805
T 3166 19 .1518867E+11   2300017E-01 -.5981E+01  .2013E+02   .9999999  .0002296 -.0000852
T 3167 19 .1519029E+11   2300000E-01 -.1675E+01  .1140E+01   .9999999  .0000261 -.0000194
T 3168 19 .1518967E+11   2300016E-01 -.2239E+02  .2538E+02   .9999999 -.0001709  .0001674
T 3169 19 .1518964E+11   2300000E-01 -.1107E+02 -.2201E+02   .9999999 -.0001136 -.0002414
T 3170 19 .1518864E+11   2300011E-01  .1982E+02  .3142E+01   .9999999  .0000480  .0001803
T 3171 19 .1518965E+11   2300012E-01 -.7587E+01  .3809E+01   .9999999 -.0000239 -.0000227
T 3172 19 .1518799E+11   2300020E-01 -.1502E+02  .9258E+00   .9999999 -.0001561 -.0000249
T 3173 19 .1518986E+11   2300013E-01 -.1169E+02  .3571E+01   .9999999 -.0001577  .0000651
T 3174 19 .1519077E+11   2300000E-01 -.1477E+02 -.1465E+02   .9999999 -.0002727 -.0002660
T 3175 19 .1518859E+11   2300022E-01  .9974E+00 -.1905E+02   .9999999  .0001072 -.0002508
T 3176 19 .1518920E+11   2300022E-01 -.1787E+02  .9572E+01   .9999999 -.0001876  .0000800
T 3177 19 .1518981E+11   2300018E-01  .2773E+02 -.3088E+02   .9999998  .0002181 -.0005056
T 3178 19 .1518876E+11   2300010E-01  .4444E+02 -.7580E+01   .9999999  .0004299 -.0002500
T 3179 19 .1519009E+11   2300017E-01 -.8966E+01  .1099E+02   .9999999 -.0001270  .0001600
T 3180 19 .1519084E+11   2300003E-01 -.2451E+01 -.5376E+01   .9999999 -.0000425 -.0000295
T 3181 19 .1518988E+11   2300009E-01 -.9208E+01 -.9970E+01   .9999999 -.0000637 -.0001076
T 3182 19 .1519034E+11   2300014E-01  .2693E+01 -.3525E+01   .9999999 -.0000436 -.0000879
T 3183 19 .1519100E+11   2300010E-01  .3251E+00 -.1241E+01   .9999999  .0000574 -.0000886
T 3184 19 .1519165E+11   2300008E-01 -.6027E+01 -.1294E+02   .9999999 -.0000339 -.0001025
T 3185 19 .1519023E+11   2300011E-01 -.3010E+02  .2701E+01   .9999999 -.0003758  .0000242
T 3186 19 .1518964E+11   2300012E-01 -.6532E+01  .4675E+02   .9999998 -.0001506  .0005317
T 3187 19 .1519001E+11   2300020E-01  .5307E+02  .3104E+02   .9999999  .0003396 -.0001012
T 3188 19 .1519111E+11   2300011E-01 -.2304E+02  .2312E+01   .9999999 -.0000841 -.0001739
T 3189 19 .1519159E+11   2300008E-01 -.1071E+02  .5609E+01   .9999999 -.0000503 -.0000293
T 3190 19 .1519006E+11   2300008E-01  .1320E+02  .4519E+01   .9999999  .0001435  .0000254
T 3191 19 .1518876E+11   2300018E-01 -.1117E+02 -.1215E+01   .9999999 -.0001106  .0000813
T 3192 19 .1519053E+11   2300001E-01 -.1161E+02 -.1715E+02   .9999999 -.0000260 -.0001058
T 3193 19 .1518997E+11   2300009E-01 -.1369E+02 -.8269E+01   .9999999 -.0001434 -.0000469
T 3194 19 .1519147E+11   2300015E-01 -.8755E+01  .6146E+01   .9999999  .0000458  .0002456
T 3195 19 .1518915E+11   2300001E-01 -.6082E+01  .4128E+01   .9999999  .0000156  .0000923
T 3196 19 .1518952E+11   2300006E-01 -.6601E+00  .1109E+01   .9999999  .0000585 -.0000677
T 3197 19 .1519025E+11   2300019E-01 -.7477E+01  .2404E+02   .9999999 -.0000131  .0003410
T 3198 19 .1519074E+11   2300019E-01  .5577E+01  .1560E+01   .9999999  .0000810 -.0000166
T 3199 19 .1518921E+11   2300022E-01 -.1440E+02 -.1366E+01   .9999999 -.0001813  .0001241
T 3200 19 .1518973E+11   2300013E-01  .1453E+02  .6838E+01   .9999999  .0001070  .0001134
T 3201 19 .1519047E+11   2300002E-01  .1807E+02  .9314E+01   .9999999  .0002266  .0001175
T 3202 19 .1519072E+11   2300004E-01  .2328E+01 -.1077E+02   .9999999  .0000862  .0000516
T 3203 19 .1519038E+11   2300011E-01 -.3853E+01  .4382E+01   .9999999 -.0000477  .0000947
T 3204 19 .1518994E+11   2300020E-01  .7918E+01  .1305E+02   .9999999  .0001594  .0004613
T 3205 19 .1518912E+11   2300002E-01 -.2792E+01  .1479E+02   .9999999 -.0000281  .0001596
T 3206 19 .1519028E+11   2300003E-01  .1221E+02 -.1175E+02   .9999999  .0001558 -.0001444
T 3207 19 .1519112E+11   2300010E-01  .4670E+01  .5031E+01   .9999999 -.0000017  .0000410
T 3208 19 .1518931E+11   2300015E-01  .2955E+01  .9324E+01   .9999999 -.0002324  .0003924
T 3209 19 .1519013E+11   2300002E-01  .7939E+01  .1271E+02   .9999999  .0001838  .0001382
T 3210 19 .1519040E+11   2300010E-01 -.8083E+00  .8665E+01   .9999999 -.0000217  .0002024
T 3211 19 .1519008E+11   2300008E-01  .5328E+01 -.1545E+01   .9999999  .0003559 -.0000224
T 3212 19 .1519087E+11   2300014E-01  .5732E+01 -.7111E+01   .9999999  .0001906 -.0000411
T 3213 19 .1518927E+11   2300021E-01 -.1451E+01  .9732E+00   .9999999 -.0001845  .0001143
T 3214 19 .1518994E+11   2300013E-01 -.2202E+01  .1115E+01   .9999999  .0001541  .0001657
T 3215 19 .1518966E+11   2300020E-01 -.9225E+01  .2524E+02   .9999999 -.0000261  .0001643
T 3216 19 .1519001E+11   2300013E-01 -.4764E+01  .1636E+01   .9999999 -.0000194  .0000270
T 3217 19 .1518912E+11   2300009E-01  .3589E+00  .2015E+02   .9999999  .0000598  .0003938
T 3218 19 .1518948E+11   2300008E-01  .1394E+02 -.4870E+01   .9999999  .0000257 -.0002222
T 3219 19 .1519029E+11   2300009E-01 -.5749E+01 -.2829E+01   .9999999 -.0000915  .0000851
T 3220 19 .1519018E+11   2300009E-01  .1735E+02 -.9905E+01   .9999999  .0001126 -.0000320
T 3221 19 .1519025E+11   2300022E-01  .4269E+01 -.1309E+02   .9999999  .0001396 -.0003564
T 3222 19 .1518986E+11   2300009E-01 -.2766E+01 -.1944E+02   .9999999  .0000532 -.0002673
T 3223 19 .1518921E+11   2300013E-01 -.3824E+01  .1172E+02   .9999999 -.0000719  .0002482
T 3224 19 .1519080E+11   2300018E-01 -.1310E+02  .1011E+01   .9999999 -.0001402 -.0000040
T 3225 19 .1518936E+11   2300019E-01 -.9595E+01  .1109E+02   .9999999 -.0001438  .0001543
T 3226 19 .1519050E+11   2300000E-01  .7714E+01 -.1101E+01   .9999999  .0000147 -.0000310
T 3227 19 .1518963E+11   2300001E-01  .7262E+00 -.8097E+01   .9999999 -.0003386 -.0000477
T 3228 19 .1519008E+11   2300003E-01 -.1306E+02 -.1188E+00   .9999999 -.0001034 -.0001671
T 3229 19 .1518983E+11   2300020E-01  .8377E+01 -.7842E+01   .9999999  .0001042 -.0001057
T 3230 19 .1518968E+11   2300008E-01  .1090E+02 -.1156E+02   .9999999  .0000908 -.0001809
T 3231 19 .1519103E+11   2300011E-01 -.1241E+02  .7031E+01   .9999999 -.0002119  .0002033
T 3232 19 .1518987E+11   2300022E-01  .4340E+01 -.5809E+01   .9999999  .0000373 -.0001112
T 3233 19 .1519073E+11   2300001E-01 -.7366E+01  .8276E+01   .9999999 -.0000994  .0001043
T 3234 19 .1518845E+11   2300009E-01  .3334E+00 -.4217E+00   .9999999 -.0000288 -.0000919
T 3235 19 .1518914E+11   2300012E-01  .2975E+01 -.1729E+02   .9999999  .0000907 -.0003419
T 3236 19 .1519060E+11   2300010E-01 -.3128E+01 -.1091E+02   .9999999 -.0000646 -.0000909
T 3237 19 .1518993E+11   2300003E-01  .3131E+01 -.2857E+01   .9999999  .0000913  .0000288
T 3238 19 .1518990E+11   2300012E-01  .8383E+01  .1669E+02   .9999999 -.0000302  .0001012
T 3239 19 .1519013E+11   2300013E-01 -.1538E+02 -.1426E+02   .9999999 -.0001302 -.0001578
T 3240 19 .1519101E+11   2300007E-01 -.9627E+01 -.8728E+01   .9999999 -.0000085 -.0000397
T 3241 19 .1518967E+11   2300006E-01  .2563E+01  .1161E+02   .9999999  .0000795  .0001614
T 3242 19 .1518969E+11   2300017E-01  .1908E+02 -.2749E+02   .9999999  .0003175 -.0003503
T 3243 19 .1518951E+11   2300020E-01  .3460E+01 -.3093E+01   .9999999  .0000251 -.0000467
T 3244 19 .1519044E+11   2300014E-01 -.1708E+02  .9996E+01   .9999999 -.0001531  .0001182
T 3245 19 .1519099E+11   2300002E-01 -.8432E+01  .2373E+01   .9999999 -.0001181  .0000098
T 3246 19 .1519005E+11   2300015E-01 -.1009E+02  .2475E+01   .9999999 -.0000968  .0000773
T 3247 19 .1518934E+11   2300013E-01 -.3611E+01 -.6368E+01   .9999999 -.0000748  .0001159
T 3248 19 .1518952E+11   2300016E-01  .4341E+02  .1432E+01   .9999998  .0006751 -.0000550
T 3249 19 .1519144E+11   2300004E-01  .2787E+02 -.6877E+01   .9999998  .0005932 -.0001511
T 3250 19 .1519036E+11   2300002E-01 -.9534E+01 -.5999E+01   .9999999 -.0000082 -.0000415
T 3251 19 .1518953E+11   2300017E-01  .1186E+02 -.5105E+01   .9999999  .0000937  .0000163
T 3252 19 .1518855E+11   2300010E-01  .5145E+01  .3779E+02   .9999998 -.0000607  .0006136
T 3253 19 .1518943E+11   2300018E-01  .2618E+02 -.1393E+02   .9999999  .0003145 -.0003400
T 3254 19 .1519049E+11   2300021E-01  .1746E+02 -.1098E+02   .9999999  .0002856  .0000052
T 3255 19 .1518999E+11   2300021E-01 -.8558E+01  .2757E+01   .9999999 -.0001723  .0000393
T 3256 19 .1519053E+11   2300020E-01 -.1649E+02  .1419E+01   .9999999 -.0002627 -.0000203
T 3257 19 .1518992E+11   2300021E-01  .3876E+01 -.5376E+01   .9999999  .0000354 -.0001668
T 3258 19 .1518857E+11   2300017E-01  .1049E+01 -.8038E+01   .9999999  .0000504 -.0000810
T 3259 19 .1519064E+11   2300018E-01  .1022E+02 -.1044E+02   .9999999  .0002064  .0001376
T 3260 19 .1518990E+11   2300003E-01  .6654E+01  .1200E+02   .9999999  .0000441  .0000891
T 3261 19 .1519004E+11   2300022E-01  .6369E+01 -.1358E+02   .9999999  .0001205 -.0001853
T 3262 19 .1518898E+11   2300004E-01  .1094E+02 -.7370E+00   .9999999  .0002088  .0000032
T 3263 19 .1519024E+11   2300023E-01 -.1093E+01 -.8265E+01   .9999999  .0000013 -.0001391
T 3264 19 .1518952E+11   2300012E-01  .8795E+01 -.7363E+01   .9999999 -.0000585 -.0002271
T 3265 19 .1518861E+11   2300000E-01  .1241E+02  .5629E+01   .9999999  .0002165  .0000772
T 3266 19 .1519060E+11   2300006E-01 -.4923E+01 -.6442E+01   .9999999 -.0001830 -.0001858
T 3267 19 .1518984E+11   2300006E-01 -.8871E+01  .3223E+01   .9999999 -.0000561  .0000100
T 3268 19 .1519105E+11   2300019E-01 -.2251E+02  .2837E+02   .9999999 -.0002721  .0002786
T 3269 19 .1519021E+11   2300018E-01 -.6416E+01  .1096E+02   .9999999 -.0001203  .0000299
T 3270 19 .1518922E+11   2300014E-01 -.3345E+01 -.5780E+00   .9999999  .0000622 -.0000855
T 3271 19 .1519061E+11   2300013E-01  .1199E+02  .6981E+01   .9999999  .0001017 -.0001099
T 3272 19 .1519081E+11   2300009E-01 -.1780E+01 -.6736E+01   .9999999 -.0000924  .0000436
T 3273 19 .1519031E+11   2300003E-01 -.9225E+00 -.1549E+02   .9999999 -.0001173 -.0001893
T 3274 19 .1519113E+11   2300016E-01 -.4559E+02  .7472E+01   .9999998 -.0005522  .0001011
T 3275 19 .1519058E+11   2300017E-01 -.2925E+00 -.5437E+01   .9999999  .0000447 -.0001114
T 3276 19 .1519074E+11   2300017E-01  .3071E+01 -.2133E+02   .9999999  .0000141 -.0003361
T 3277 19 .1519040E+11   2300009E-01  .6558E+00 -.1780E+00   .9999999 -.0000110 -.0000094
T 3278 19 .1519062E+11   2300011E-01 -.1797E+02 -.1094E+02   .9999999 -.0001974  .0000103
T 3279 19 .1518930E+11   2300010E-01 -.1419E+02 -.5938E+01   .9999999  .0000356 -.0001333
T 3280 19 .1518861E+11   2300019E-01  .1286E+02  .7312E+00   .9999999  .0001187 -.0000293
T 3281 19 .1518980E+11   2300015E-01 -.2149E+02 -.7509E+00   .9999999 -.0002259 -.0000106
T 3282 19 .1518933E+11   2300020E-01 -.6555E+01 -.1864E+02   .9999999 -.0002029 -.0003135
T 3283 19 .1519013E+11   2300006E-01  .1352E+02 -.1178E+02   .9999999  .0000047 -.0002458
T 3284 19 .1519190E+11   2300017E-01 -.1283E+02 -.3047E+01   .9999999 -.0001601  .0000011
T 3285 19 .1518923E+11   2300015E-01 -.5244E+01 -.1099E+02   .9999999 -.0000268 -.0002595
T 3286 19 .1518994E+11   2300021E-01  .3480E+01  .8091E+01   .9999999 -.0002671 -.0002533
T 3287 19 .1519041E+11   2300000E-01  .2860E-02 -.5804E+01   .9999999  .0000127  .0000133
T 3288 19 .1518922E+11   2300020E-01 -.5428E+01  .8374E+01   .9999999 -.0001218  .0002171
T 3289 19 .1518984E+11   2300017E-01  .4840E+01  .9792E+01   .9999999  .0000989  .0000395
T 3290 19 .1518960E+11   2300002E-01  .3313E+01  .4507E+01   .9999999  .0000925  .0000754
T 3291 19 .1518942E+11   2300008E-01  .4545E+01  .4821E+01   .9999999  .0000342  .0000725
T 3292 19 .1518987E+11   2300013E-01 -.4964E+01 -.3510E+01   .9999999  .0001295 -.0001098
T 3293 19 .1518879E+11   2300003E-01 -.1691E+02 -.2078E+01   .9999999 -.0001733 -.0000109
T 3294 19 .1519004E+11   2300000E-01  .8125E+01 -.5517E+01   .9999999  .0000898 -.0000361
T 3295 19 .1518973E+11   2300016E-01  .3066E+02  .1670E+02   .9999999  .0004447  .0002280
T 3296 19 .1519041E+11   2300022E-01 -.4113E+01  .6195E+01   .9999999  .0000765  .0001742
T 3297 19 .1519054E+11   2300007E-01 -.4684E+01  .5772E+01   .9999999  .0000072  .0000298
T 3298 19 .1519060E+11   2300018E-01  .4155E+01  .1158E+01   .9999999  .0001346  .0001572
T 3299 19 .1519138E+11   2300005E-01  .3588E+01 -.3863E+01   .9999999  .0000543  .0000402
T 3300 19 .1518976E+11   2300010E-01  .1443E+00  .1196E+02   .9999999  .0000522  .0002398
T 3301 19 .1519177E+11   2300009E-01  .3551E+01 -.1699E+02   .9999999 -.0000715 -.0001214
T 3302 19 .1519027E+11   2300023E-01 -.2277E+02  .3075E+01   .9999999 -.0002220  .0000463
T 3303 19 .1518886E+11   2300010E-01 -.1369E+01 -.5908E+01   .9999999  .0000986 -.0002301
T 3304 19 .1519100E+11   2300021E-01  .1165E+02 -.1040E+02   .9999999  .0001748  .0001884
T 3305 19 .1518954E+11   2300004E-01  .3796E+01  .1224E+02   .9999999 -.0000844  .0000736
T 3306 19 .1518995E+11   2300010E-01  .1464E+02  .1622E+01   .9999999  .0001423 -.0000096
T 3307 19 .1519073E+11   2300009E-01  .9191E+01 -.1809E+01   .9999999  .0000907 -.0000241
T 3308 19 .1518901E+11   2300016E-01 -.3362E+00 -.6645E+01   .9999999 -.0000411 -.0001694
T 3309 19 .1519023E+11   2300017E-01  .9912E+00  .4267E+01   .9999999 -.0000106  .0000193
T 3310 19 .1518984E+11   2300020E-01  .2014E+02  .6561E+01   .9999999  .0004814  .0000994
T 3311 19 .1519029E+11   2300016E-01  .1145E+02 -.9732E+01   .9999999  .0001701  .0000396
T 3312 19 .1518874E+11   2300000E-01 -.1561E+02 -.1127E+02   .9999999 -.0003188 -.0001217
T 3313 19 .1519064E+11   2300010E-01  .2146E+02 -.2631E+02   .9999999  .0005402 -.0000879
T 3314 19 .1519025E+11   2300021E-01 -.4117E+01  .2038E+02   .9999999  .0000065  .0002724
T 3315 19 .1518922E+11   2300002E-01  .6460E+01 -.2894E+02   .9999999  .0001807 -.0003223
T 3316 19 .1518974E+11   2300007E-01  .1460E+02  .7223E+01   .9999999  .0001947  .0000910
T 3317 19 .1518894E+11   2300009E-01  .4500E+00 -.9946E+01   .9999999 -.0000540 -.0000682
T 3318 19 .1518886E+11   2300000E-01 -.2093E+02  .7051E+00   .9999999 -.0002367  .0000095
T 3319 19 .1519065E+11   2300017E-01 -.1184E+02 -.6719E+01   .9999999 -.0000115 -.0000549
T 3320 19 .1518884E+11   2300008E-01 -.4592E+01 -.1847E+01   .9999999  .0000619  .0002055
T 3321 19 .1518912E+11   2300022E-01  .3419E+01 -.1059E+02   .9999999 -.0000717 -.0001236
T 3322 19 .1519053E+11   2300015E-01 -.2291E+02  .4693E+01   .9999999 -.0002331  .0001264
T 3323 19 .1518931E+11   2300014E-01 -.1460E+02  .9258E+01   .9999999 -.0001559  .0001445
T 3324 19 .1519016E+11   2300022E-01  .2167E+02 -.4773E+01   .9999999  .0002729 -.0001150
T 3325 19 .1518994E+11   2300005E-01 -.1683E+02  .6756E+00   .9999999 -.0002460 -.0000964
T 3326 19 .1519010E+11   2300023E-01 -.5623E+01  .5249E+01   .9999999 -.0001014  .0001692
T 3327 19 .1518906E+11   2300012E-01 -.2889E+01 -.3109E+01   .9999999 -.0000799  .0000005
T 3328 19 .1519058E+11   2300022E-01  .1949E+02  .9018E+01   .9999999  .0001568  .0001167
T 3329 19 .1519005E+11   2300020E-01 -.7548E+01  .9266E+01   .9999999 -.0000933  .0000471
T 3330 19 .1518818E+11   2300009E-01 -.4435E+01  .1093E+02   .9999999  .0000795 -.0000600
T 3331 19 .1518954E+11   2300022E-01  .9620E+01  .6370E+01   .9999999  .0000264  .0001399
T 3332 19 .1518892E+11   2300017E-01  .5759E-01  .1165E+01   .9999999 -.0000646  .0000689
T 3333 19 .1518924E+11   2300007E-01 -.2920E+01 -.6422E+02   .9999998 -.0001190 -.0006702
T 3334 19 .1518948E+11   2300020E-01  .5078E+01 -.2116E+02   .9999999  .0000096 -.0001601
T 3335 19 .1519174E+11   2300020E-01  .8820E+01 -.9391E+01   .9999999  .0000492 -.0001440
T 3336 19 .1519116E+11   2300005E-01  .3324E+01 -.7014E+00   .9999999  .0000660  .0000692
T 3337 19 .1519034E+11   2300015E-01 -.1680E+01  .7739E+01   .9999999 -.0000503  .0001390
T 3338 19 .1518871E+11   2300016E-01  .2524E+02  .3882E+02   .9999999  .0001782  .0004350
T 3339 19 .1518865E+11   2300018E-01 -.3692E+01 -.6053E+01   .9999999 -.0000800 -.0002671
T 3340 19 .1519077E+11   2300017E-01  .1006E+02 -.6763E+01   .9999999  .0001656 -.0002314
T 3341 19 .1519000E+11   2300022E-01 -.6970E+01 -.1792E+01   .9999999 -.0002364  .0001887
T 3342 19 .1519079E+11   2300015E-01  .3594E+01  .3538E+02   .9999999  .0001333  .0003933
T 3343 19 .1519059E+11   2300002E-01  .3431E-01 -.2562E+00   .9999999  .0000524 -.0000954
T 3344 19 .1518955E+11   2300003E-01  .1107E+02  .1549E+02   .9999999  .0001541  .0002732
T 3345 19 .1519011E+11   2300019E-01 -.1509E+02  .1608E+02   .9999999 -.0002405  .0001899
T 3346 19 .1518904E+11   2300022E-01  .8870E+01 -.4851E+01   .9999999  .0001086 -.0000707
T 3347 19 .1518834E+11   2300013E-01 -.1273E+01 -.6530E+01   .9999999  .0001017 -.0000923
T 3348 19 .1518947E+11   2300019E-01  .4973E+01 -.3722E+01   .9999999  .0000276 -.0000148
T 3349 19 .1518981E+11   2300019E-01  .1201E+02  .1860E+02   .9999999 -.0000010  .0000571
T 3350 19 .1518934E+11   2300020E-01 -.1032E+02 -.3823E+01   .9999999 -.0000508 -.0000380
T 3351 19 .1518979E+11   2300019E-01 -.3580E+01  .4482E+01   .9999999 -.0001696  .0002179
T 3352 19 .1518890E+11   2300023E-01  .4433E+02  .2607E+02   .9999999  .0003011  .0001042
T 3353 19 .1519038E+11   2300007E-01 -.6838E+01  .8898E+01   .9999999 -.0000441  .0000085
T 3354 19 .1519082E+11   2300019E-01 -.7801E-01  .1582E+02   .9999999  .0000734  .0001447
T 3355 19 .1518976E+11   2300020E-01  .3630E+01  .2251E+00   .9999999  .0001258 -.0000458
T 3356 19 .1519029E+11   2300009E-01 -.9198E+01 -.8781E+01   .9999999 -.0001257 -.0000325
T 3357 19 .1519001E+11   2300001E-01  .1844E+02  .9121E+01   .9999999  .0002488  .0001662
T 3358 19 .1519055E+11   2300019E-01  .3530E+01  .1128E+02   .9999999  .0002544  .0002387
T 3359 19 .1519077E+11   2300018E-01 -.4286E+02  .8781E+02   .9999960 -.0012786  .0025424
T 3360 19 .1519096E+11   2300018E-01 -.2121E+02  .6675E+01   .9999998 -.0006382  .0001980
T 3361 19 .1519012E+11   2300004E-01  .1982E+02 -.1101E+02   .9999999  .0001924 -.0002244
T 3362 19 .1519161E+11   2300004E-01  .7054E+01 -.5439E+01   .9999999  .0000595 -.0002023
T 3363 19 .1519285E+11   2300013E-01  .2900E+00 -.4848E+01   .9999999  .0000780 -.0001691
T 3364 19 .1519064E+11   2300006E-01  .1280E+02  .3732E+01   .9999999  .0001848  .0000741
T 3365 19 .1518994E+11   2300007E-01 -.1220E+02 -.1437E+01   .9999999 -.0002014  .0000685
T 3366 19 .1519029E+11   2300020E-01  .2674E+01 -.1044E+02   .9999999  .0000807 -.0001318
T 3367 19 .1518830E+11   2300022E-01 -.8361E+01  .2698E+02   .9999999 -.0000613  .0002544
T 3368 19 .1519045E+11   2300013E-01 -.1261E+02  .1229E+02   .9999999  .0000199  .0002810
T 3369 19 .1518999E+11   2300022E-01  .1374E+02  .1089E+02   .9999999  .0002372  .0000639
T 3370 19 .1519077E+11   2300012E-01 -.8290E+01 -.8104E+01   .9999999 -.0000714 -.0000708
T 3371 19 .1519130E+11   2300010E-01 -.1325E+03  .8948E+01   .9999987 -.0015939  .0001801
T 3372 19 .1518858E+11   2300008E-01  .3158E+02 -.1405E+02   .9999998  .0006875 -.0001340
T 3373 19 .1518875E+11   2300020E-01 -.9369E+01  .3168E+01   .9999999 -.0001995 -.0001153
T 3374 19 .1518967E+11   2300022E-01  .1754E+02  .8265E+01   .9999999  .0002883  .0000993
T 3375 19 .1518979E+11   2300010E-01 -.4758E+00  .8931E+00   .9999999 -.0000282  .0000235
T 3376 19 .1519100E+11   2300007E-01 -.7670E+01  .1822E+02   .9999999 -.0000663  .0001688
T 3377 19 .1518894E+11   2300019E-01 -.5931E+00 -.8601E+00   .9999999  .0000814  .0000190
T 3378 19 .1519066E+11   2300005E-01  .7405E+00  .3451E+01   .9999999 -.0000844 -.0001353
T 3379 19 .1519000E+11   2300010E-01 -.2782E+01  .7724E+01   .9999999  .0000500  .0001156
T 3380 19 .1519096E+11   2300011E-01 -.2433E+01  .1538E+02   .9999999  .0000148  .0001526
T 3381 19 .1519023E+11   2300013E-01  .8097E+01  .1796E+02   .9999999  .0001889  .0000513
T 3382 19 .1519008E+11   2300016E-01  .5964E+02  .3088E+02   .9999999  .0004073  .0002461
T 3383 19 .1518998E+11   2300019E-01  .2212E+02 -.2196E+02   .9999999  .0000555 -.0001572
T 3384 19 .1518910E+11   2300001E-01  .1641E+02 -.1303E+01   .9999999  .0001595 -.0000458
T 3385 19 .1519028E+11   2300003E-01  .1318E+01 -.7148E+01   .9999999 -.0000198 -.0001102
T 3386 19 .1518997E+11   2300003E-01 -.1101E+02  .1626E+02   .9999999 -.0001298  .0002609
T 3387 19 .1518903E+11   2300002E-01  .9277E+01  .1893E+02   .9999999  .0001341  .0002523
T 3388 19 .1519173E+11   2300015E-01  .8878E+01  .1900E+02   .9999999  .0000807  .0003611
T 3389 19 .1518907E+11   2300005E-01 -.4881E+01  .2581E+01   .9999999 -.0001906  .0000091
T 3390 19 .1519068E+11   2300021E-01 -.1899E+02 -.9759E+00   .9999999 -.0002622  .0000848
T 3391 19 .1518949E+11   2300019E-01 -.7182E+01  .7607E+01   .9999999 -.0001568  .0001079
T 3392 19 .1518953E+11   2300006E-01 -.1658E+02 -.6314E+01   .9999999 -.0001617 -.0000481
T 3393 19 .1518959E+11   2300021E-01 -.1000E+02  .3832E+01   .9999999 -.0000677  .0001737
T 3394 19 .1519053E+11   2300011E-01 -.1098E+01 -.4887E+01   .9999999 -.0000372 -.0000014
T 3395 19 .1518996E+11   2300002E-01  .1057E-01  .3065E+01   .9999999 -.0000582  .0001221
T 3396 19 .1519048E+11   2300007E-01 -.2441E+01  .2562E+02   .9999999  .0000227  .0001942
T 3397 19 .1519106E+11   2300007E-01  .2706E+02 -.1358E+02   .9999999  .0003459 -.0000448
T 3398 19 .1518873E+11   2300017E-01  .2155E+01 -.1173E+02   .9999999  .0000249  .0000053
T 3399 19 .1518991E+11   2300000E-01  .2269E+02 -.8193E+01   .9999999  .0003759 -.0001368
T 3400 19 .1519085E+11   2300000E-01 -.1852E+01 -.2292E+01   .9999999 -.0000921  .0000599
T 3401 19 .1518863E+11   2300019E-01  .5421E+01 -.2841E+01   .9999999  .0000467 -.0000289
T 3402 19 .1519033E+11   2300018E-01 -.5536E+01  .9196E+01   .9999999 -.0000303 -.0000056
T 3403 19 .1518949E+11   2300006E-01 -.4748E+01 -.8334E+01   .9999999 -.0000097  .0000131
T 3404 19 .1519033E+11   2300008E-01 -.2091E+01  .3089E+01   .9999999 -.0000445  .0000261
T 3405 19 .1518919E+11   2300008E-01  .1008E+02  .2022E+02   .9999999 -.0000224  .0001275
T 3406 19 .1518943E+11   2300004E-01 -.1536E+02 -.5456E-01   .9999999 -.0001385 -.0000185
T 3407 19 .1518918E+11   2300013E-01  .2389E+02 -.3179E-01   .9999999  .0002168 -.0000243
T 3408 19 .1519155E+11   2300011E-01 -.1327E+02  .8454E+01   .9999999 -.0003512 -.0001189
T 3409 19 .1519025E+11   2300006E-01 -.8956E+01  .1864E+02   .9999999 -.0000813  .0003548
T 3410 19 .1519014E+11   2300000E-01 -.4113E+01  .1953E+02   .9999999 -.0001098  .0002516
T 3411 19 .1519054E+11   2300022E-01 -.2591E+02 -.1540E+02   .9999999 -.0002927 -.0003437
T 3412 19 .1518951E+11   2300018E-01 -.5396E+01 -.3305E+00   .9999999  .0001314  .0000807
T 3413 19 .1518973E+11   2300002E-01 -.1342E+02  .1328E+02   .9999999 -.0000151  .0001915
T 3414 19 .1519009E+11   2300022E-01  .3105E+01 -.7639E+01   .9999999 -.0000048 -.0000065
T 3415 19 .1519014E+11   2300005E-01 -.2139E+02  .1431E+02   .9999999 -.0001280  .0002099
T 3416 19 .1519056E+11   2300011E-01 -.9542E+01  .2695E+01   .9999999 -.0000759  .0000980
T 3417 19 .1518831E+11   2300000E-01  .1005E+02 -.1401E+02   .9999999  .0001422 -.0000868
T 3418 19 .1518974E+11   2300016E-01 -.7828E+01 -.1780E+02   .9999999 -.0001796 -.0001669
T 3419 19 .1519093E+11   2300006E-01  .6506E+00 -.1221E+02   .9999999  .0000984 -.0002858
T 3420 19 .1519088E+11   2300023E-01 -.3154E+01  .5086E+01   .9999999  .0001633  .0000771
T 3421 19 .1518909E+11   2300023E-01 -.1114E+02 -.1336E+02   .9999999 -.0001406 -.0001197
T 3422 19 .1519144E+11   2300015E-01 -.1980E+01 -.8089E+00   .9999999  .0001627  .0000446
T 3423 19 .1518949E+11   2300011E-01  .2120E+01  .5539E+01   .9999999  .0000407  .0000059
T 3424 19 .1519102E+11   2300006E-01  .6432E+01  .3667E+00   .9999999  .0000324 -.0000184
T 3425 19 .1518931E+11   2300020E-01 -.2333E+02  .2309E+01   .9999999 -.0001421 -.0000423
T 3426 19 .1518988E+11   2300010E-01  .5649E+01 -.2855E+00   .9999999  .0000837 -.0000846
T 3427 19 .1518881E+11   2300008E-01 -.7402E+01  .3730E+01   .9999999 -.0001524  .0001441
T 3428 19 .1518954E+11   2300019E-01  .1385E+02  .1282E+02   .9999999  .0000341  .0001416
T 3429 19 .1518944E+11   2300000E-01 -.2861E+02  .1317E+02   .9999999 -.0003615 -.0000134
T 3430 19 .1518938E+11   2300022E-01 -.7820E+01 -.2089E+02   .9999999 -.0001313 -.0002155
T 3431 19 .1519074E+11   2300023E-01  .1422E+02  .2522E+02   .9999999  .0001868  .0002724
T 3432 19 .1518946E+11   2300008E-01 -.4659E+01 -.1737E+02   .9999999 -.0000259 -.0001835
T 3433 19 .1519012E+11   2300002E-01  .2042E+02  .1982E+02   .9999999  .0003036  .0002618
T 3434 19 .1519023E+11   2300010E-01  .7081E+01  .2577E+01   .9999999  .0000371 -.0001132
T 3435 19 .1518880E+11   2300016E-01  .5033E+01  .3253E+01   .9999999 -.0000494 -.0000259
T 3436 19 .1518915E+11   2300020E-01 -.6355E+00  .2576E+01   .9999999  .0000567 -.0000340
T 3437 19 .1519184E+11   2300000E-01  .1450E+01  .1586E+02   .9999999  .0000134  .0001301
T 3438 19 .1518924E+11   2300017E-01  .6455E-01 -.4319E+01   .9999999  .0000695 -.0001965
T 3439 19 .1519013E+11   2300001E-01  .3155E+02  .8145E+01   .9999999  .0002481  .0000449
T 3440 19 .1518992E+11   2300021E-01 -.7600E+01  .1121E+02   .9999999 -.0000110  .0000902
T 3441 19 .1519032E+11   2300012E-01 -.1535E+02  .1574E+02   .9999999 -.0001686  .0003066
T 3442 19 .1518938E+11   2300014E-01 -.7579E+01  .3677E+01   .9999999 -.0001045 -.0000277
T 3443 19 .1519060E+11   2300013E-01  .4022E+02 -.4833E+01   .9999999  .0004229 -.0001338
T 3444 19 .1519048E+11   2300008E-01 -.6479E+01 -.3204E+01   .9999999  .0000392 -.0001143
T 3445 19 .1518928E+11   2300018E-01  .1065E+02  .9486E+01   .9999999 -.0000236 -.0000244
T 3446 19 .1519148E+11   2300018E-01  .5179E+01  .1524E+02   .9999999  .0002141  .0002653
T 3447 19 .1518970E+11   2300021E-01  .9850E+00  .1166E+02   .9999999 -.0001053  .0001902
T 3448 19 .1519000E+11   2300020E-01 -.1060E+02  .4343E+00   .9999999 -.0001033 -.0000740
T 3449 19 .1519004E+11   2300021E-01  .1367E+01 -.5529E+01   .9999999 -.0000041 -.0001959
T 3450 19 .1518886E+11   2300022E-01  .1076E+02 -.2014E+02   .9999999  .0001370 -.0003314
T 3451 19 .1519116E+11   2300022E-01  .2372E+01  .6491E+01   .9999999 -.0000281  .0000759
T 3452 19 .1518927E+11   2300009E-01  .7303E+01  .7709E+01   .9999999  .0000290  .0001226
T 3453 19 .1519013E+11   2300014E-01 -.7984E+01 -.1590E+02   .9999999 -.0001959 -.0002294
T 3454 19 .1519024E+11   2300018E-01 -.4173E+00 -.1212E+02   .9999999  .0000391 -.0000859
T 3455 19 .1519044E+11   2300017E-01  .1420E+02 -.1294E+02   .9999999  .0000920 -.0001441
T 3456 19 .1519021E+11   2300023E-01 -.1299E+02 -.8657E+01   .9999999 -.0001968 -.0001508
T 3457 19 .1518958E+11   2300007E-01 -.5182E+01  .2821E+02   .9999999 -.0000939  .0003227
T 3458 19 .1518971E+11   2300018E-01 -.7310E+01 -.3603E+01   .9999999 -.0000525 -.0001116
T 3459 19 .1518869E+11   2300019E-01  .8235E+01 -.2737E+01   .9999999  .0001684  .0000325
T 3460 19 .1518919E+11   2300008E-01 -.9689E+01 -.1573E+02   .9999999 -.0001484 -.0001379
T 3461 19 .1518920E+11   2300010E-01  .9989E+01 -.1981E+02   .9999999  .0001308 -.0000381
T 3462 19 .1518921E+11   2300019E-01  .1430E+01 -.1228E+02   .9999999  .0000338 -.0001100
T 3463 19 .1518942E+11   2300008E-01 -.6039E+02 -.1083E+02   .9999997 -.0007829 -.0001175
T 3464 19 .1518996E+11   2300018E-01  .2251E+02  .1654E+02   .9999999  .0001825  .0000461
T 3465 19 .1519040E+11   2300019E-01  .3389E+01 -.6944E+01   .9999999  .0003002 -.0002685
T 3466 19 .1518995E+11   2300010E-01  .3721E+01  .1972E+02   .9999999  .0000062  .0002403
T 3467 19 .1518991E+11   2300017E-01  .2528E+01 -.6943E+01   .9999999  .0000412  .0000177
T 3468 19 .1518990E+11   2300012E-01  .6787E+01  .3081E+01   .9999999  .0000816  .0001687
T 3469 19 .1518952E+11   2300011E-01  .9191E+01 -.2232E+01   .9999999  .0001050  .0000162
T 3470 19 .1518850E+11   2300004E-01  .5130E+00 -.1036E+01   .9999999  .0000091  .0000956
T 3471 19 .1519056E+11   2300014E-01 -.1167E+02 -.6072E+01   .9999999 -.0001155 -.0001704
T 3472 19 .1518933E+11   2300013E-01 -.1975E+02  .1246E+01   .9999999 -.0002522  .0001156
T 3473 19 .1518954E+11   2300019E-01 -.1159E+01 -.3715E+00   .9999999  .0000904 -.0000229
T 3474 19 .1518853E+11   2300001E-01  .6907E+01  .3454E+01   .9999999  .0000840  .0000043
T 3475 19 .1518971E+11   2300022E-01 -.1494E+02 -.1620E+02   .9999999 -.0000976 -.0000644
T 3476 19 .1518974E+11   2300021E-01  .6842E+01  .6538E+00   .9999999  .0001546  .0001100
T 3477 19 .1518858E+11   2300015E-01 -.8746E+01  .9804E+01   .9999999 -.0002357  .0000766
T 3478 19 .1519019E+11   2300022E-01  .2198E+02 -.3798E+01   .9999999  .0004059 -.0000750
T 3479 19 .1519076E+11   2300020E-01  .1182E+02  .6439E+01   .9999999 -.0000593 -.0002280
T 3480 19 .1519047E+11   2300000E-01 -.1933E+02  .2755E+02   .9999999 -.0002368  .0003412
T 3481 19 .1519027E+11   2300020E-01  .6630E+01 -.2239E+02   .9999999  .0000685 -.0003319
T 3482 19 .1518895E+11   2300022E-01  .2785E+01  .1206E+02   .9999999 -.0002907  .0004230
T 3483 19 .1519147E+11   2300013E-01 -.3097E+01  .5114E+01   .9999999 -.0002141 -.0001303
T 3484 19 .1518994E+11   2300016E-01  .1132E+02  .1360E+02   .9999999  .0001256  .0002234
T 3485 19 .1518917E+11   2300014E-01 -.9506E+01 -.3658E+01   .9999999 -.0000626  .0000069
T 3486 19 .1518965E+11   2300021E-01 -.2485E+02  .1366E+01   .9999999 -.0003797 -.0000206
T 3487 19 .1519121E+11   2300002E-01 -.1479E+02 -.1496E+02   .9999999 -.0000418 -.0002109
T 3488 19 .1518955E+11   2300017E-01 -.7860E+01 -.6140E+01   .9999999 -.0001332 -.0001040
T 3489 19 .1518909E+11   2300019E-01 -.1646E+02  .3642E+01   .9999999 -.0000709  .0001067
T 3490 19 .1518984E+11   2300009E-01  .2315E+02  .5525E+01   .9999999  .0003273  .0001108
T 3491 19 .1519038E+11   2300008E-01  .2578E+02 -.1743E+02   .9999999  .0003236 -.0002047
T 3492 19 .1518998E+11   2300020E-01 -.7412E+01  .8886E+01   .9999999  .0000761  .0001880
T 3493 19 .1518944E+11   2300008E-01 -.2961E+02  .1610E+01   .9999999 -.0001895 -.0000537
T 3494 19 .1518912E+11   2300022E-01 -.2467E+01 -.1573E+02   .9999999 -.0000290 -.0002679
T 3495 19 .1519017E+11   2300017E-01 -.1682E+00 -.4208E+01   .9999999  .0001422 -.0000338
T 3496 19 .1518902E+11   2300020E-01 -.4163E+01 -.4017E+01   .9999999  .0000098 -.0000056
T 3497 19 .1519014E+11   2300008E-01 -.5917E+00 -.2013E+01   .9999999 -.0000946  .0000252
T 3498 19 .1518969E+11   2300005E-01 -.1958E+02  .2572E+02   .9999999 -.0000454  .0001775
T 3499 19 .1519007E+11   2300010E-01  .1182E+02 -.1002E+02   .9999999  .0001960 -.0002467
T 3500 19 .1519029E+11   2300014E-01  .1076E+02  .7652E+01   .9999999  .0001710  .0002934
T 3501 19 .1519023E+11   2300002E-01 -.4409E+00 -.1521E+02   .9999999  .0000078 -.0002036
T 3502 19 .1519027E+11   2300018E-01 -.1341E+02  .1224E+02   .9999999 -.0000926  .0001404
T 3503 19 .1518952E+11   2300019E-01  .3341E+01  .2830E+01   .9999999 -.0000933 -.0000794
T 3504 19 .1518899E+11   2300014E-01  .7299E+01 -.1873E+01   .9999999 -.0001071  .0000585
T 3505 19 .1518987E+11   2300006E-01  .8549E+01 -.3835E+01   .9999999  .0000854  .0000617
T 3506 19 .1519156E+11   2300007E-01  .9232E+01  .1252E+02   .9999999 -.0000990  .0001483
T 3507 19 .1519019E+11   2300013E-01  .2491E+01 -.4614E+01   .9999999 -.0000028 -.0000645
T 3508 19 .1519015E+11   2300015E-01 -.6530E+01  .5158E+00   .9999999 -.0000063 -.0000359
T 3509 19 .1519031E+11   2300022E-01  .1390E+02 -.2277E+01   .9999999  .0002171 -.0000803
T 3510 19 .1518996E+11   2300018E-01 -.1990E+01  .1146E+01   .9999999 -.0000004 -.0000362
T 3511 19 .1519016E+11   2300007E-01 -.1343E+02  .5401E+01   .9999999 -.0001528  .0000647
T 3512 19 .1518965E+11   2300004E-01  .5998E+01 -.7246E+01   .9999998  .0000986 -.0006042
T 3513 19 .1519004E+11   2300013E-01  .4193E+02  .2036E+02   .9999998  .0005610  .0004078
T 3514 19 .1518881E+11   2300004E-01  .1967E+01  .1868E+02   .9999999  .0000629  .0003087
T 3515 19 .1518862E+11   2300004E-01  .1154E+02 -.1490E+02   .9999999  .0000326 -.0001035
T 3516 19 .1518991E+11   2300010E-01  .1936E+01  .1730E+02   .9999999  .0000628  .0002672
T 3517 19 .1519002E+11   2300009E-01  .7751E+01 -.7976E+01   .9999999  .0001227 -.0001089
T 3518 19 .1518865E+11   2300001E-01  .5445E+01  .1221E+02   .9999999 -.0000733  .0001534
T 3519 19 .1518970E+11   2300003E-01  .7423E+00  .7414E+01   .9999999  .0000147  .0001177
T 3520 19 .1519090E+11   2300020E-01  .1342E+02  .6851E+01   .9999999  .0002194  .0001759
T 3521 19 .1519014E+11   2300023E-01  .5876E+01  .1499E+01   .9999999  .0000431  .0000106
T 3522 19 .1518981E+11   2300023E-01 -.1508E+01 -.7265E+01   .9999999 -.0000905 -.0000947
T 3523 19 .1518977E+11   2300014E-01 -.8868E+01 -.8806E+01   .9999999 -.0001950 -.0000514
T 3524 19 .1519010E+11   2300008E-01 -.1463E+02  .9676E+01   .9999999 -.0002050  .0000342
T 3525 19 .1519051E+11   2300012E-01 -.3892E+01 -.1571E+02   .9999999 -.0001889 -.0001085
T 3526 19 .1519015E+11   2300019E-01  .1086E+02  .2236E+01   .9999999  .0000898  .0000424
T 3527 19 .1518937E+11   2300006E-01 -.3525E+01  .5573E+01   .9999999 -.0000116 -.0000508
T 3528 19 .1518842E+11   2300004E-01 -.4113E+01 -.1712E+02   .9999999 -.0000485 -.0001804
T 3529 19 .1518909E+11   2300005E-01  .3256E+01  .9896E+01   .9999999  .0000788  .0001943
T 3530 19 .1518864E+11   2300010E-01  .7956E+01 -.7331E+01   .9999999  .0001266 -.0001341
T 3531 19 .1518985E+11   2300021E-01  .1157E+01  .2330E+02   .9999999  .0000398  .0001489
T 3532 19 .1518822E+11   2300010E-01 -.4469E+01  .1345E+02   .9999999 -.0001564  .0001878
T 3533 19 .1518950E+11   2300019E-01 -.5734E+01  .2307E+01   .9999999 -.0000158 -.0000667
T 3534 19 .1519016E+11   2300011E-01 -.5998E+01  .4221E+01   .9999999  .0000343 -.0001552
T 3535 19 .1519080E+11   2300019E-01 -.1331E+02 -.7297E+01   .9999999 -.0001474 -.0001860
T 3536 19 .1518951E+11   2300005E-01  .6076E+02  .1895E+02   .9999998  .0006177  .0001196
T 3537 19 .1519096E+11   2300007E-01  .4529E+01 -.6392E+01   .9999999  .0000775 -.0000701
T 3538 19 .1519101E+11   2300003E-01  .9505E+01  .1794E+02   .9999999  .0000675  .0001977
T 3539 19 .1519074E+11   2300003E-01 -.9293E+01 -.1835E+01   .9999999  .0000104 -.0001159
T 3540 19 .1519058E+11   2300012E-01 -.9044E+01 -.1267E+02   .9999999 -.0002237 -.0001660
T 3541 19 .1518931E+11   2300017E-01 -.2016E+02  .4966E+01   .9999999 -.0002215 -.0000483
T 3542 19 .1518927E+11   2300012E-01 -.2885E+02  .1088E+00   .9999999 -.0004182 -.0000482
T 3543 19 .1519161E+11   2300017E-01  .1738E+02  .1016E+01   .9999999  .0001025  .0000593
T 3544 19 .1518930E+11   2300002E-01 -.2675E+01 -.1605E+00   .9999999  .0001188 -.0001327
T 3545 19 .1518990E+11   2300015E-01 -.2335E+02  .1858E+02   .9999999 -.0002438  .0000634
T 3546 19 .1518924E+11   2300010E-01 -.3493E+01  .9136E+01   .9999999  .0000423  .0002944
T 3547 19 .1519013E+11   2300013E-01 -.2017E+02  .4679E+01   .9999999 -.0003112  .0000254
T 3548 19 .1518849E+11   2300000E-01 -.7320E+01  .9942E+01   .9999999  .0000188  .0001687
T 3549 19 .1518951E+11   2300006E-01  .3307E+00 -.1146E+01   .9999999  .0000208  .0000460
T 3550 19 .1519271E+11   2300017E-01  .1134E+02  .6366E+01   .9999999  .0003455  .0001329
T 3551 19 .1518783E+11   2300018E-01 -.1110E+02 -.1599E+02   .9999999 -.0001133 -.0002530
T 3552 19 .1518899E+11   2300017E-01 -.4306E+00 -.5648E+01   .9999999  .0000165 -.0000092
T 3553 19 .1519012E+11   2300021E-01 -.3328E+01  .1308E+02   .9999998  .0003940  .0003860
T 3554 19 .1519060E+11   2300010E-01 -.1549E+02 -.3867E+01   .9999999 -.0002816  .0001086
T 3555 19 .1519021E+11   2300006E-01 -.3265E+02  .9780E+02   .9999996 -.0002834  .0008450
T 3556 19 .1518903E+11   2300001E-01  .9819E+01 -.3017E+01   .9999999  .0000293 -.0000705
T 3557 19 .1518929E+11   2300017E-01 -.5285E+01 -.2887E+01   .9999999 -.0000234  .0000438
T 3558 19 .1518971E+11   2300019E-01  .7309E+01  .3487E+01   .9999999  .0001311  .0000238
T 3559 19 .1518915E+11   2300004E-01 -.2773E+01  .1788E+01   .9999999 -.0001161  .0001425
T 3560 19 .1518916E+11   2300017E-01 -.2495E+01  .9474E+00   .9999999  .0000179  .0001393
T 3561 19 .1518813E+11   2300013E-01 -.2532E+02  .8326E+01   .9999999 -.0002785  .0002907
T 3562 19 .1519049E+11   2300016E-01 -.9425E+01 -.1136E+02   .9999999 -.0000197 -.0001434
T 3563 19 .1518895E+11   2300004E-01  .1279E+02 -.8755E+01   .9999999  .0003150 -.0000735
T 3564 19 .1519030E+11   2300003E-01 -.1320E+02  .2976E+02   .9999996  .0006203 -.0006980
T 3565 19 .1518914E+11   2300009E-01  .1602E+01 -.5637E+01   .9999999 -.0000019 -.0001561
T 3566 19 .1519019E+11   2300003E-01 -.2598E+02  .1388E+02   .9999999 -.0001753  .0001268
T 3567 19 .1518927E+11   2300020E-01 -.9682E+01  .4024E+01   .9999999 -.0002245  .0000155
T 3568 19 .1519069E+11   2300016E-01 -.1751E+02  .1011E+02   .9999999 -.0002190  .0000781
T 3569 19 .1519051E+11   2300018E-01  .2395E+01  .8193E+01   .9999999 -.0002032 -.0001727
T 3570 19 .1519005E+11   2300012E-01 -.1657E+02  .4524E+01   .9999999 -.0002043  .0001161
T 3571 19 .1519123E+11   2300005E-01  .2327E+02 -.1741E+02   .9999999  .0003167 -.0000582
T 3572 19 .1519023E+11   2300014E-01  .8505E+01 -.5453E+01   .9999999  .0000657 -.0000094
T 3573 19 .1519021E+11   2300018E-01  .1207E+01 -.4765E+01   .9999999  .0000950 -.0000248
T 3574 19 .1519039E+11   2300020E-01  .1656E+02 -.9242E+01   .9999999  .0002642  .0000621
T 3575 19 .1519092E+11   2300002E-01 -.1576E+02  .7759E+01   .9999999 -.0001518  .0000867
T 3576 19 .1519013E+11   2300017E-01 -.9146E+01  .2312E+01   .9999999 -.0000139  .0000800
T 3577 19 .1519045E+11   2300009E-01 -.2452E+01  .1485E+02   .9999999 -.0000866  .0001656
T 3578 19 .1518920E+11   2300017E-01  .4698E+02 -.3749E+01   .9999999  .0004630 -.0001541
T 3579 19 .1518982E+11   2300011E-01 -.3782E+00 -.8157E+01   .9999999 -.0000266 -.0000862
T 3580 19 .1519048E+11   2300016E-01  .1407E+02 -.6354E+01   .9999999  .0002843 -.0000967
T 3581 19 .1519017E+11   2300019E-01  .6037E+01 -.1022E+02   .9999999  .0000436 -.0001580
T 3582 19 .1519007E+11   2300021E-01  .9836E+00  .4600E+01   .9999999 -.0000789 -.0000621
T 3583 19 .1519020E+11   2300002E-01 -.4772E+01 -.1202E+02   .9999999 -.0000673 -.0001801
T 3584 19 .1518849E+11   2300017E-01 -.9505E+01 -.1400E+02   .9999999 -.0000736 -.0003046
T 3585 19 .1518950E+11   2300018E-01  .6408E+01  .1435E+02   .9999999  .0002124  .0001709
T 3586 19 .1518970E+11   2300012E-01 -.6526E+01 -.1356E+02   .9999999 -.0000846  .0000948
T 3587 19 .1518990E+11   2300021E-01 -.2162E+01  .4602E+01   .9999999 -.0001038 -.0001202
T 3588 19 .1518997E+11   2300013E-01  .7120E+01 -.3121E+01   .9999999  .0000699 -.0000098
T 3589 19 .1518997E+11   2300005E-01 -.3658E+01  .1806E+01   .9999999 -.0000105 -.0000419
T 3590 19 .1519075E+11   2300020E-01 -.6825E+01 -.3711E+01   .9999999 -.0001087 -.0000892
T 3591 19 .1519031E+11   2300017E-01 -.4641E+01  .3712E+02   .9999999 -.0001286  .0004162
T 3592 19 .1519132E+11   2300004E-01 -.8609E+01  .5991E+00   .9999999 -.0001275 -.0001216
T 3593 19 .1519146E+11   2300001E-01  .1699E+02 -.6393E+01   .9999999  .0002228  .0000170
T 3594 19 .1518927E+11   2300012E-01 -.3419E+01 -.1357E+02   .9999999  .0001200 -.0000795
T 3595 19 .1518860E+11   2300011E-01 -.1135E+02 -.2168E+02   .9999999 -.0001687 -.0001829
T 3596 19 .1519129E+11   2300012E-01  .2085E+02  .3682E+01   .9999999  .0000202  .0002441
T 3597 19 .1518996E+11   2300011E-01  .3114E+01 -.1376E+01   .9999999  .0001266  .0000553
T 3598 19 .1519092E+11   2300022E-01  .2617E+02 -.1137E+02   .9999999  .0002362 -.0001494
T 3599 19 .1518808E+11   2300020E-01  .7415E+01 -.1864E+01   .9999999  .0000812 -.0000465
T 3600 19 .1519072E+11   2300015E-01 -.1387E+02 -.1557E+02   .9999999 -.0001089 -.0001720
T 3601 19 .1518960E+11   2300012E-01 -.3283E+01  .1193E+01   .9999999 -.0000870 -.0000343
T 3602 19 .1519004E+11   2300013E-01  .6006E+01 -.7470E+01   .9999999  .0002349 -.0000321
T 3603 19 .1518898E+11   2300021E-01  .1060E+02  .2642E+02   .9999999  .0001081  .0002594
T 3604 19 .1518884E+11   2300018E-01 -.3381E+02  .3996E+02   .9999999 -.0002937  .0004023
T 3605 19 .1518976E+11   2300015E-01  .4119E+01 -.6489E+01   .9999999  .0000553 -.0000879
T 3606 19 .1518939E+11   2300020E-01 -.4317E+01  .1472E+02   .9999999 -.0003866 -.0001192
T 3607 19 .1519054E+11   2300021E-01  .1434E+02 -.1542E+02   .9999999  .0003096 -.0001572
T 3608 19 .1519034E+11   2300001E-01  .4603E+01 -.1460E+01   .9999999  .0000669  .0000674
T 3609 19 .1518929E+11   2300017E-01  .1902E+02 -.2342E+02   .9999999  .0001932 -.0002163
T 3610 19 .1518948E+11   2300002E-01 -.2360E+01 -.3477E+02   .9999999 -.0000093 -.0002092
T 3611 19 .1518975E+11   2300020E-01 -.1977E+02  .1047E+02   .9999999 -.0002625  .0001804
T 3612 19 .1519056E+11   2300016E-01 -.4208E+01  .5140E+01   .9999999 -.0000819 -.0000333
T 3613 19 .1519022E+11   2300022E-01  .1293E+02  .3844E+02   .9999999  .0001023  .0004658
T 3614 19 .1518988E+11   2300021E-01  .1022E+02 -.6137E+00   .9999999  .0000736  .0000176
T 3615 19 .1518951E+11   2300018E-01  .2680E+01  .2809E+01   .9999999  .0000923  .0000011
T 3616 19 .1519160E+11   2300012E-01  .2687E+00 -.7914E+01   .9999999  .0000879 -.0001691
T 3617 19 .1518844E+11   2300003E-01 -.1489E+02 -.1689E+02   .9999999 -.0002092  .0000129
T 3618 19 .1519041E+11   2300011E-01 -.2220E+01 -.2422E+02   .9999999  .0004624 -.0002047
T 3619 19 .1519011E+11   2300007E-01 -.2366E+01 -.2732E+01   .9999999 -.0001212 -.0000032
T 3620 19 .1518942E+11   2300011E-01  .1365E+02 -.3630E+00   .9999999  .0001082 -.0001308
T 3621 19 .1519039E+11   2300019E-01 -.5544E+01 -.1094E+02   .9999999  .0000249 -.0003581
T 3622 19 .1518955E+11   2300018E-01  .9724E+00 -.6721E+01   .9999999 -.0000300 -.0000441
T 3623 19 .1518932E+11   2300008E-01 -.4519E+01  .8528E-01   .9999999  .0000820 -.0000028
T 3624 19 .1519152E+11   2300021E-01 -.2507E+02 -.2313E+02   .9999999  .0000167 -.0000177
T 3625 19 .1519128E+11   2300022E-01 -.1075E+02 -.1313E+02   .9999999 -.0001154 -.0001214
T 3626 19 .1519102E+11   2300014E-01  .5887E-01 -.1798E+01   .9999999  .0000921  .0004845
T 3627 19 .1519160E+11   2300013E-01  .5092E+01  .8785E+01   .9999999 -.0000480 -.0000604
T 3628 19 .1519027E+11   2300016E-01  .6550E+01  .1141E+02   .9999999  .0000851  .0001696
T 3629 19 .1519065E+11   2300018E-01 -.1127E+02 -.4354E+01   .9999999 -.0000874 -.0000003
T 3630 19 .1519019E+11   2300000E-01 -.7542E+01  .3329E+01   .9999999 -.0002924  .0001462
T 3631 19 .1519198E+11   2300013E-01 -.1507E+01 -.8243E+01   .9999999  .0001598 -.0001286
T 3632 19 .1519046E+11   2300004E-01 -.8370E+01  .1924E+02   .9999999 -.0001429  .0002475
T 3633 19 .1519143E+11   2300019E-01 -.1172E+02  .9074E+01   .9999999 -.0000838  .0000770
T 3634 19 .1518959E+11   2300016E-01  .5532E+01 -.1269E+02   .9999999  .0000265 -.0001327
T 3635 19 .1518876E+11   2300014E-01  .1138E+02  .3003E+01   .9999999  .0001296  .0000632
T 3636 19 .1518919E+11   2300012E-01 -.1288E+02 -.3484E+01   .9999999 -.0000430  .0000071
T 3637 19 .1519151E+11   2300022E-01  .2917E+01  .4574E+01   .9999999  .0001431 -.0000723
T 3638 19 .1519096E+11   2300022E-01 -.1247E+02  .3401E+01   .9999999 -.0002001  .0000813
T 3639 19 .1519100E+11   2300006E-01  .1123E+02  .1504E+01   .9999999  .0002506 -.0001060
T 3640 19 .1518975E+11   2300021E-01 -.2495E+01 -.4995E+01   .9999999  .0000587 -.0001362
T 3641 19 .1519078E+11   2300017E-01 -.8021E+01 -.6924E+01   .9999999 -.0000253 -.0002184
T 3642 19 .1518867E+11   2300022E-01 -.1538E+02 -.9926E+01   .9999999 -.0001831 -.0001847
T 3643 19 .1518824E+11   2300014E-01  .1575E+02 -.7562E+00   .9999999  .0002242  .0001274
T 3644 19 .1518943E+11   2300021E-01  .8398E+01  .9166E+01   .9999999  .0000196  .0000566
T 3645 19 .1518999E+11   2300003E-01 -.3272E+01 -.9800E+01   .9999999 -.0000844 -.0001412
T 3646 19 .1519254E+11   2300006E-01 -.2265E+01  .4740E+00   .9999999  .0000055  .0000331
T 3647 19 .1518993E+11   2300007E-01  .2981E+02 -.1212E+01   .9999999  .0004664  .0000616
T 3648 19 .1519003E+11   2300007E-01  .4544E+01 -.4261E+01   .9999999 -.0000581 -.0000259
T 3649 19 .1519102E+11   2300017E-01  .3918E+01  .5003E+01   .9999999  .0000081  .0000363
T 3650 19 .1519056E+11   2300011E-01  .1532E+02  .5603E+01   .9999999  .0002090 -.0000195
T 3651 19 .1519059E+11   2300022E-01 -.1732E+02 -.1412E+02   .9999999 -.0002276 -.0001127
T 3652 19 .1519009E+11   2300000E-01  .2106E+01 -.1419E+02   .9999999 -.0000327 -.0001849
T 3653 19 .1519034E+11   2300020E-01  .3691E+02 -.1137E+03   .9999997  .0002025 -.0007731
T 3654 19 .1519092E+11   2300018E-01  .2764E+02 -.1538E+02   .9999999  .0003283  .0000123
T 3655 19 .1518952E+11   2300012E-01  .1515E+01 -.3422E+00   .9999999  .0000958 -.0000049
T 3656 19 .1519120E+11   2300003E-01  .9209E+01  .1408E+02   .9999999  .0000370 -.0000773
T 3657 19 .1519011E+11   2300016E-01  .8572E+01 -.2291E+01   .9999999  .0000345  .0002055
T 3658 19 .1518845E+11   2300003E-01  .1689E+02 -.1052E+02   .9999999  .0002795 -.0000561
T 3659 19 .1519005E+11   2300013E-01 -.2193E+02 -.1067E+02   .9999999 -.0002111 -.0001772
T 3660 19 .1518967E+11   2300010E-01  .2334E+01 -.2151E+01   .9999999  .0001270 -.0001008
T 3661 19 .1519087E+11   2300000E-01 -.1361E+02 -.1328E+02   .9999999 -.0001894 -.0000823
T 3662 19 .1519014E+11   2300021E-01 -.2185E+02  .4685E+01   .9999999 -.0001969  .0000694
T 3663 19 .1519003E+11   2300008E-01 -.4538E+01 -.1032E+02   .9999999 -.0001419 -.0003489
T 3664 19 .1518917E+11   2300020E-01  .1664E+02 -.5275E+01   .9999999  .0000435  .0000172
T 3665 19 .1518975E+11   2300001E-01 -.8953E+01  .9725E+01   .9999999  .0000832  .0001186
T 3666 19 .1519010E+11   2300012E-01 -.3601E+02 -.6146E+01   .9999999 -.0002601 -.0001189
T 3667 19 .1518945E+11   2300013E-01 -.2365E+01  .2722E+01   .9999999 -.0000409 -.0000736
T 3668 19 .1519119E+11   2300003E-01  .1569E+02 -.9929E+00   .9999999  .0002680 -.0001300
T 3669 19 .1518997E+11   2300015E-01 -.4120E+01 -.2474E+01   .9999999 -.0000568 -.0002358
T 3670 19 .1519024E+11   2300021E-01 -.9042E+00 -.4966E+01   .9999999  .0000127 -.0000321
T 3671 19 .1519020E+11   2300002E-01  .7599E+00  .6018E+00   .9999999  .0000587 -.0000484
T 3672 19 .1518893E+11   2300008E-01 -.6716E+01  .7634E+01   .9999999 -.0000734  .0001069
T 3673 19 .1518968E+11   2300003E-01 -.3204E+01  .1884E+01   .9999999 -.0002659  .0002098
T 3674 19 .1518850E+11   2300010E-01  .7617E+01  .1780E+02   .9999999  .0001173  .0001816
T 3675 19 .1519062E+11   2300002E-01  .1030E+01  .1160E+02   .9999999 -.0001772  .0000834
T 3676 19 .1519072E+11   2300014E-01  .2769E+00  .3498E+01   .9999999  .0000022  .0001125
T 3677 19 .1519138E+11   2300011E-01 -.1484E+02  .2149E+02   .9999999 -.0000815  .0001261
T 3678 19 .1518808E+11   2300023E-01 -.6381E+00  .6970E+01   .9999999  .0000638  .0000801
T 3679 19 .1518989E+11   2300019E-01 -.8733E+01 -.2089E+01   .9999999 -.0001944 -.0001572
T 3680 19 .1519014E+11   2300020E-01  .2607E+01 -.1544E+00   .9999999  .0000964  .0000366
T 3681 19 .1519125E+11   2300011E-01 -.1084E+02  .8588E+01   .9999999 -.0000919  .0001104
T 3682 19 .1518978E+11   2300013E-01 -.1747E+02  .1715E+02   .9999999 -.0002200  .0002924
T 3683 19 .1519091E+11   2300007E-01 -.9903E+01 -.2339E+02   .9999999 -.0001258 -.0003106
T 3684 19 .1519021E+11   2300000E-01  .1420E+02  .2419E+02   .9999999  .0004081  .0002511
T 3685 19 .1519083E+11   2300000E-01 -.7777E+01  .2749E+01   .9999999 -.0001104  .0000399
T 3686 19 .1518913E+11   2300014E-01 -.4134E+02 -.8112E+01   .9999999 -.0003164 -.0001655
T 3687 19 .1518948E+11   2300011E-01  .8894E+01 -.1932E+02   .9999999  .0000479 -.0001766
T 3688 19 .1518973E+11   2300010E-01 -.1505E+01  .9887E+01   .9999999 -.0001073  .0002211
T 3689 19 .1518999E+11   2300000E-01 -.2134E+02 -.4826E+01   .9999999 -.0003344  .0000087
T 3690 19 .1519093E+11   2300014E-01 -.1368E+02 -.2284E+02   .9999999 -.0001874 -.0002586
T 3691 19 .1518853E+11   2300008E-01  .4573E-01 -.4266E+01   .9999999 -.0000608 -.0000809
T 3692 19 .1518932E+11   2300004E-01  .7942E+01 -.5100E+01   .9999999  .0001030 -.0001006
T 3693 19 .1518954E+11   2300010E-01  .4489E+00 -.4419E+01   .9999999 -.0000253 -.0001832
T 3694 19 .1519008E+11   2300016E-01  .1884E+02 -.1779E+01   .9999999  .0003245 -.0000860
T 3695 19 .1518994E+11   2300008E-01  .9419E+01 -.1486E+02   .9999999  .0001048 -.0002694
T 3696 19 .1518873E+11   2300016E-01 -.1124E+02 -.1063E+02   .9999999 -.0002453 -.0001637
T 3697 19 .1519150E+11   2300022E-01  .7059E+01  .4806E+01   .9999999  .0001552 -.0000008
T 3698 19 .1519005E+11   2300007E-01 -.2006E+01  .3949E+01   .9999999  .0000362  .0000882
T 3699 19 .1519021E+11   2300022E-01 -.1310E+02 -.1312E+02   .9999999 -.0002833 -.0001179
T 3700 19 .1519082E+11   2300016E-01  .9053E+01 -.5478E+01   .9999999  .0001054 -.0000269
T 3701 19 .1518857E+11   2300016E-01 -.3234E+01 -.2007E+01   .9999999 -.0000111 -.0000662
T 3702 19 .1518931E+11   2300007E-01 -.3819E+02  .2659E+02   .9999999 -.0001600  .0002702
T 3703 19 .1519036E+11   2300011E-01 -.1245E+02 -.6768E+01   .9999999 -.0000736 -.0000910
T 3704 19 .1518888E+11   2300021E-01 -.5857E+01  .5696E+01   .9999999 -.0000595  .0000173
T 3705 19 .1519035E+11   2300017E-01 -.7335E+00 -.7580E+01   .9999999 -.0000910 -.0000262
T 3706 19 .1519012E+11   2300019E-01 -.1718E+02 -.1636E+02   .9999999 -.0003685 -.0003461
T 3707 19 .1519098E+11   2300004E-01 -.2355E+01 -.1087E+02   .9999999  .0001981  .0000358
T 3708 19 .1519133E+11   2300007E-01 -.1826E+02 -.1873E+01   .9999999 -.0001824 -.0000003
T 3709 19 .1519096E+11   2300010E-01  .2741E+02 -.9209E+01   .9999999  .0002863 -.0000247
T 3710 19 .1519033E+11   2300018E-01 -.2067E+03 -.7223E+02   .9999975 -.0021389 -.0007162
T 3711 19 .1519029E+11   2300016E-01 -.1827E+02 -.1282E+02   .9999999  .0001230 -.0000195
T 3712 19 .1518929E+11   2300004E-01  .7052E+01 -.5831E+01   .9999999  .0000421 -.0000119
T 3713 19 .1519024E+11   2300009E-01 -.1011E+02 -.1269E+02   .9999999 -.0000715 -.0000600
T 3714 19 .1519112E+11   2300014E-01 -.3409E+01  .1041E+01   .9999999 -.0000727  .0000042
T 3715 19 .1519064E+11   2300009E-01  .3401E+00  .1321E+02   .9999999 -.0001507  .0001764
T 3716 19 .1518785E+11   2300019E-01 -.2070E+01  .1311E+02   .9999999 -.0000375  .0003455
T 3717 19 .1518921E+11   2300007E-01 -.8996E+01 -.5714E+01   .9999999 -.0001995 -.0000955
T 3718 19 .1519094E+11   2300006E-01  .4809E+01 -.9478E+01   .9999999  .0000697 -.0001452
T 3719 19 .1519016E+11   2300005E-01  .5962E+00 -.5947E+01   .9999999 -.0000780 -.0000598
T 3720 19 .1518956E+11   2300006E-01  .1248E+02  .7286E+01   .9999999  .0000918  .0000100
T 3721 19 .1518942E+11   2300002E-01  .4352E+01  .1286E+02   .9999999  .0000140  .0000987
T 3722 19 .1518936E+11   2300002E-01  .2041E+02 -.2550E+01   .9999999  .0002200 -.0000950
T 3723 19 .1519192E+11   2300006E-01 -.1378E+02 -.1003E+02   .9999999 -.0002316 -.0000736
T 3724 19 .1519123E+11   2300007E-01 -.1404E+01  .5745E+01   .9999999 -.0001064  .0000483
T 3725 19 .1519055E+11   2300021E-01  .1538E+02  .3532E+01   .9999999  .0003542  .0002114
T 3726 19 .1519037E+11   2300021E-01  .3212E+01  .3103E+01   .9999999 -.0000143  .0000179
T 3727 19 .1518993E+11   2300015E-01  .1875E+02  .7982E+00   .9999999 -.0000016 -.0001510
T 3728 19 .1518990E+11   2300004E-01  .1453E+02  .3481E+01   .9999999  .0002569  .0001484
T 3729 19 .1519007E+11   2300013E-01 -.3248E+01  .4552E+01   .9999999 -.0000126 -.0000110
T 3730 19 .1518938E+11   2300022E-01 -.4319E+02  .1608E+02   .9999998 -.0005607  .0002488
T 3731 19 .1518904E+11   2300019E-01 -.8258E+01  .3740E+01   .9999999 -.0000396  .0000347
T 3732 19 .1518944E+11   2300017E-01 -.3586E+01  .1186E+02   .9999999 -.0000060  .0001853
T 3733 19 .1518989E+11   2300007E-01 -.8843E+01 -.9972E+01   .9999999  .0001222 -.0001491
T 3734 19 .1518923E+11   2300013E-01 -.1358E+02 -.6082E+01   .9999999 -.0000865  .0000922
T 3735 19 .1519007E+11   2300005E-01 -.8409E+00 -.1717E+02   .9999999 -.0000132 -.0000933
T 3736 19 .1519058E+11   2300016E-01 -.9250E+01 -.3619E+01   .9999999 -.0000969 -.0001484
T 3737 19 .1518947E+11   2300009E-01 -.7545E+01  .7315E+01   .9999999 -.0001095 -.0000033
T 3738 19 .1518914E+11   2300011E-01  .7798E+01  .3196E+01   .9999999  .0001361 -.0000267
T 3739 19 .1518916E+11   2300010E-01 -.8380E+02 -.1743E+02   .9999997 -.0007899 -.0002223
T 3740 19 .1518934E+11   2300022E-01  .1837E+02  .2467E+01   .9999999  .0003138  .0001073
T 3741 19 .1519029E+11   2300023E-01  .2477E+01  .4817E+01   .9999999 -.0000228  .0002379
T 3742 19 .1519093E+11   2300012E-01 -.1735E+02  .9046E+00   .9999999 -.0000967 -.0000036
T 3743 19 .1518986E+11   2300010E-01  .2705E+02  .1196E+02   .9999999  .0000971  .0004102
T 3744 19 .1519070E+11   2300022E-01 -.1048E+01 -.2119E+00   .9999999  .0001197  .0000135
T 3745 19 .1519123E+11   2300010E-01  .1032E+02 -.7066E+01   .9999999  .0001071 -.0000246
T 3746 19 .1519059E+11   2300007E-01  .1712E+02 -.1011E+02   .9999999  .0002624 -.0000900
T 3747 19 .1518943E+11   2300002E-01  .6668E+01  .2847E+01   .9999999  .0000989 -.0000087
T 3748 19 .1518916E+11   2300022E-01 -.4702E+00  .1239E+02   .9999999  .0000032  .0000940
T 3749 19 .1518923E+11   2300023E-01  .3628E+01 -.6644E+01   .9999999  .0000275 -.0001232
T 3750 19 .1519003E+11   2300000E-01  .1480E+02 -.1587E+01   .9999999  .0000534  .0000822
T 3751 19 .1518893E+11   2300016E-01 -.4926E+01 -.1222E+02   .9999999 -.0000011 -.0001662
T 3752 19 .1519261E+11   2300007E-01  .7562E+01  .4066E+01   .9999999 -.0000109  .0000097
T 3753 19 .1519136E+11   2300020E-01 -.3673E+01  .1709E+02   .9999999 -.0000578  .0002266
T 3754 19 .1518983E+11   2300017E-01 -.1009E+02 -.1034E+02   .9999999 -.0000021  .0000106
T 3755 19 .1519042E+11   2300005E-01 -.2541E+01 -.3822E+01   .9999999  .0000685  .0000395
T 3756 19 .1518972E+11   2300019E-01  .2890E+02 -.1703E+02   .9999999  .0002924 -.0003138
T 3757 19 .1519053E+11   2300023E-01 -.9391E+00  .2039E+02   .9999999  .0000168  .0002536
T 3758 19 .1519033E+11   2300004E-01 -.3219E+01 -.9537E+01   .9999999  .0000232 -.0001298
T 3759 19 .1518971E+11   2300011E-01  .6922E+01 -.2569E-01   .9999999  .0000776  .0001313
T 3760 19 .1519024E+11   2300002E-01 -.1145E+01  .1888E+02   .9999999 -.0000349  .0004518
T 3761 19 .1519111E+11   2300018E-01 -.2262E+01  .3078E+01   .9999999 -.0000605  .0000671
T 3762 19 .1519057E+11   2300022E-01 -.6492E+01  .7109E-01   .9999999 -.0000062  .0001061
T 3763 19 .1518837E+11   2300014E-01  .1789E+02 -.7765E+01   .9999999  .0002326 -.0000294
T 3764 19 .1518994E+11   2300006E-01 -.2416E+02 -.5131E+01   .9999999 -.0002607  .0000803
T 3765 19 .1519031E+11   2300021E-01  .6229E+01 -.4196E+01   .9999999  .0000469 -.0000397
T 3766 19 .1518979E+11   2300019E-01 -.4165E+01  .2821E+01   .9999999  .0000671  .0001790
T 3767 19 .1518999E+11   2300011E-01 -.1845E+01 -.1223E+02   .9999999  .0000041 -.0000808
T 3768 19 .1519084E+11   2300012E-01  .1102E+02  .3475E+01   .9999999  .0001383 -.0000190
T 3769 19 .1518957E+11   2300006E-01  .9614E+01  .2793E+01   .9999999  .0001885  .0000082
T 3770 19 .1518942E+11   2300016E-01 -.2011E+01 -.5488E+01   .9999999  .0000374 -.0000133
T 3771 19 .1518998E+11   2300002E-01 -.2973E+00  .1721E+02   .9999999  .0001569  .0001833
T 3772 19 .1518979E+11   2300021E-01 -.3281E+01 -.3078E+01   .9999999 -.0000047 -.0001501
T 3773 19 .1519166E+11   2300006E-01  .1647E+02  .2177E+02   .9999999  .0002400  .0002549
T 3774 19 .1518954E+11   2300013E-01  .4588E+01 -.1054E+02   .9999999  .0000912 -.0002562
T 3775 19 .1518856E+11   2300000E-01 -.3234E+01  .5515E+01   .9999999  .0001542  .0002678
T 3776 19 .1519245E+11   2300011E-01 -.3120E+02  .4010E+01   .9999999 -.0004086  .0000042
T 3777 19 .1519056E+11   2300022E-01  .2043E-01  .4541E+01   .9999999 -.0000856  .0000747
T 3778 19 .1519140E+11   2300005E-01 -.1783E+01 -.1666E+02   .9999999  .0000814 -.0002347
T 3779 19 .1519051E+11   2300019E-01 -.1550E+02 -.1483E+02   .9999999 -.0001432 -.0000357
T 3780 19 .1519108E+11   2300022E-01 -.4513E+02 -.8684E+01   .9999999 -.0003235 -.0000722
T 3781 19 .1519005E+11   2300017E-01  .5950E+01 -.3522E+01   .9999999  .0000525 -.0001377
T 3782 19 .1518929E+11   2300007E-01  .7046E+01 -.1991E+02   .9999999  .0001330 -.0001600
T 3783 19 .1518831E+11   2300006E-01  .7514E+01 -.6325E+01   .9999999  .0000709 -.0000588
T 3784 19 .1519001E+11   2300021E-01 -.7895E+01 -.3097E+01   .9999999 -.0001231 -.0000671
T 3785 19 .1519047E+11   2300020E-01  .8416E+01  .1256E+02   .9999999  .0000996  .0002265
T 3786 19 .1518828E+11   2300015E-01  .2307E+02 -.4714E+01   .9999999  .0001253 -.0000462
T 3787 19 .1519055E+11   2300002E-01 -.2415E+02 -.3272E+02   .9999997 -.0006787 -.0003714
T 3788 19 .1518933E+11   2300015E-01  .1914E+02 -.2852E+02   .9999999  .0002337 -.0002407
T 3789 19 .1518902E+11   2300018E-01 -.1636E+02 -.2724E+02   .9999999 -.0000867 -.0000998
T 3790 19 .1518786E+11   2300005E-01  .2410E+01 -.7202E+01   .9999999  .0001285  .0000051
T 3791 19 .1519063E+11   2300005E-01  .4219E+01  .2637E+00   .9999999  .0002264 -.0000569
T 3792 19 .1519046E+11   2300020E-01 -.9366E+01 -.1195E+02   .9999999 -.0002304 -.0001353
T 3793 19 .1518902E+11   2300004E-01 -.2986E+03 -.2081E+03   .9999907 -.0035946 -.0024010
T 3794 19 .1519011E+11   2300015E-01  .1979E+02  .4504E+01   .9999999  .0001867  .0000366
T 3795 19 .1519040E+11   2300023E-01  .2312E+02 -.4514E+01   .9999999  .0003605  .0000741
T 3796 19 .1519205E+11   2300019E-01  .1379E+02 -.1009E+02   .9999999  .0001485 -.0000918
T 3797 19 .1518888E+11   2300008E-01 -.3583E+01 -.7971E+00   .9999999 -.0000453 -.0001121
T 3798 19 .1518981E+11   2300021E-01 -.1120E+01  .1010E+02   .9999999  .0000060  .0001946
T 3799 19 .1518858E+11   2300003E-01  .2009E+02  .1844E+02   .9999999  .0001814  .0002299
T 3800 19 .1518892E+11   2300020E-01  .1746E+02  .7113E+01   .9999999  .0001918  .0000784
T 3801 19 .1518927E+11   2300018E-01  .1099E+01  .2211E+01   .9999999  .0000238  .0000085
T 3802 19 .1518907E+11   2300001E-01  .3664E+01 -.4256E+01   .9999999 -.0000592 -.0000569
T 3803 19 .1518920E+11   2300017E-01  .7110E+01 -.7050E+01   .9999999  .0002705 -.0000572
T 3804 19 .1519140E+11   2300003E-01 -.1295E+02  .8530E+00   .9999999 -.0001892  .0001662
T 3805 19 .1518853E+11   2300017E-01  .4834E+01 -.7384E+01   .9999999  .0001283 -.0000573
T 3806 19 .1519034E+11   2300005E-01 -.1188E+02 -.1003E+02   .9999999 -.0001880 -.0001138
T 3807 19 .1519012E+11   2300022E-01 -.1286E+02 -.1019E+02   .9999999 -.0001040 -.0000381
T 3808 19 .1518926E+11   2300019E-01  .9213E+01  .2886E+01   .9999999  .0000252  .0000900
T 3809 19 .1519022E+11   2300012E-01  .7554E+01  .9435E+01   .9999999  .0001662  .0000928
T 3810 19 .1518881E+11   2300021E-01 -.1728E+02 -.8819E+01   .9999999 -.0001527 -.0000254
T 3811 19 .1519095E+11   2300014E-01 -.1099E+01 -.2861E+01   .9999999  .0001019 -.0000105
T 3812 19 .1518974E+11   2300013E-01  .5661E+01 -.2711E+02   .9999999  .0000588 -.0003051
T 3813 19 .1518960E+11   2300000E-01  .2279E+01 -.8876E+01   .9999999 -.0000024 -.0001133
T 3814 19 .1519111E+11   2300015E-01  .6984E+01 -.8806E+01   .9999999  .0000112  .0000961
T 3815 19 .1519029E+11   2300010E-01  .8015E+01 -.8013E-01   .9999999  .0001645 -.0001025
T 3816 19 .1519017E+11   2300019E-01  .5797E+01  .7653E+01   .9999999  .0001403 -.0000676
T 3817 19 .1519009E+11   2300004E-01 -.2026E+01  .2136E+01   .9999999 -.0000605  .0000624
T 3818 19 .1519016E+11   2300005E-01  .1730E+01 -.3762E+01   .9999999 -.0002422 -.0002219
T 3819 19 .1518991E+11   2300005E-01  .8989E+01 -.9088E+01   .9999999 -.0000025 -.0001145
T 3820 19 .1519010E+11   2300012E-01  .1072E+01  .2002E+02   .9999999 -.0000771  .0002323
T 3821 19 .1518944E+11   2300013E-01  .8990E+01 -.6604E+01   .9999999  .0001102 -.0000769
T 3822 19 .1519090E+11   2300017E-01 -.1022E+02 -.8417E+01   .9999999 -.0000164 -.0000567
T 3823 19 .1519020E+11   2300021E-01  .1082E+02  .4052E+01   .9999999  .0001189  .0000300
T 3824 19 .1519144E+11   2300020E-01  .6524E+01 -.7591E+01   .9999999  .0001531 -.0001630
T 3825 19 .1519057E+11   2300013E-01 -.1023E+01 -.1516E+02   .9999999  .0000656 -.0003866
T 3826 19 .1519051E+11   2300012E-01  .7680E+01  .1752E+02   .9999999  .0000857  .0001299
T 3827 19 .1518912E+11   2300013E-01 -.1537E+01 -.7584E+01   .9999999  .0000155 -.0001067
T 3828 19 .1518997E+11   2300002E-01  .1180E+02  .1081E+02   .9999999  .0001067  .0001755
T 3829 19 .1519028E+11   2300010E-01 -.6457E+01 -.8288E+01   .9999999 -.0001458 -.0001542
T 3830 19 .1518903E+11   2300018E-01  .6319E+01  .5076E+01   .9999999 -.0002019 -.0000513
T 3831 19 .1519066E+11   2300016E-01 -.6388E+00 -.3026E+01   .9999999 -.0000972 -.0000417
T 3832 19 .1519130E+11   2300020E-01 -.1089E+02 -.1170E+02   .9999999 -.0001593 -.0001187
T 3833 19 .1518953E+11   2300015E-01  .4614E+01  .1667E+02   .9999999 -.0001295  .0004395
T 3834 19 .1519170E+11   2300004E-01  .1877E+02 -.5343E+01   .9999999  .0001476 -.0000602
T 3835 19 .1519028E+11   2300022E-01 -.3548E+01  .9484E+01   .9999999 -.0000368  .0000237
T 3836 19 .1518824E+11   2300014E-01 -.5152E+01 -.3344E+01   .9999999 -.0000812 -.0000767
T 3837 19 .1518989E+11   2300020E-01  .1315E+02  .2958E+01   .9999999  .0001607 -.0000271
T 3838 19 .1518974E+11   2300014E-01 -.7872E+01  .4378E+01   .9999999 -.0001211 -.0000810
T 3839 19 .1519133E+11   2300003E-01 -.8314E+01  .1591E+01   .9999999 -.0002198  .0001215
T 3840 19 .1519053E+11   2300006E-01  .2237E+01 -.7395E+01   .9999999  .0000201 -.0000024
T 3841 19 .1518877E+11   2300020E-01 -.9199E+00  .2066E+01   .9999999  .0000815  .0001353
T 3842 19 .1519187E+11   2300021E-01 -.2235E+01  .6206E+01   .9999999 -.0000091  .0001236
T 3843 19 .1518855E+11   2300001E-01  .5869E+01 -.2099E+00   .9999999 -.0000123 -.0000597
T 3844 19 .1519091E+11   2300017E-01  .1061E+02  .1126E+02   .9999999  .0000789  .0001375
T 3845 19 .1519070E+11   2300007E-01  .6010E+01 -.1283E+02   .9999999  .0000311 -.0001302
T 3846 19 .1518933E+11   2300006E-01 -.1355E+02 -.2295E+02   .9999999 -.0000994 -.0002604
T 3847 19 .1519081E+11   2300015E-01 -.3665E+01 -.3078E+01   .9999999  .0004381  .0001809
T 3848 19 .1518956E+11   2300014E-01 -.4533E+01  .3099E+02   .9999999  .0000793  .0004289
T 3849 19 .1519169E+11   2300021E-01  .1647E+02  .1903E+01   .9999999  .0001680  .0000337
T 3850 19 .1519014E+11   2300021E-01 -.6305E+00 -.5847E+01   .9999999  .0000365 -.0001078
T 3851 19 .1519077E+11   2300004E-01  .2212E+02  .6628E+01   .9999999  .0000038 -.0001424
T 3852 19 .1519076E+11   2300021E-01  .3496E+01  .1593E+01   .9999999  .0000304 -.0000105
T 3853 19 .1519041E+11   2300017E-01 -.1387E+02  .1755E+02   .9999999 -.0000652  .0003881
T 3854 19 .1518902E+11   2300017E-01 -.8524E+01  .1006E+02   .9999999 -.0000113  .0001929
T 3855 19 .1519095E+11   2300005E-01 -.7330E+01  .5896E+01   .9999999 -.0002220  .0000197
T 3856 19 .1519022E+11   2300016E-01  .1230E+02 -.1300E+02   .9999999  .0001163 -.0002400
T 3857 19 .1519055E+11   2300022E-01 -.1400E+02  .1046E+02   .9999999 -.0000737  .0001248
T 3858 19 .1519135E+11   2300022E-01  .6344E+01  .1010E+01   .9999999  .0001768  .0000728
T 3859 19 .1518849E+11   2300017E-01  .1972E+01 -.1812E+02   .9999999  .0001421 -.0002425
T 3860 19 .1518965E+11   2300001E-01  .2091E+01  .1325E+01   .9999999 -.0000081  .0001563
T 3861 19 .1519187E+11   2300014E-01  .1173E+02  .1753E+01   .9999999  .0002428  .0001275
T 3862 19 .1518968E+11   2300006E-01 -.1616E+02  .1593E+02   .9999999 -.0002474  .0003069
T 3863 19 .1518978E+11   2300015E-01 -.1485E+01  .6314E+01   .9999999 -.0000249 -.0000115
T 3864 19 .1519135E+11   2300016E-01  .6893E+01  .6917E+01   .9999999  .0001068  .0001781
T 3865 19 .1519124E+11   2300012E-01 -.2797E+02 -.1147E+02   .9999999 -.0003713 -.0000083
T 3866 19 .1518977E+11   2300016E-01  .9492E+01  .5648E+01   .9999999  .0001393  .0001936
T 3867 19 .1518943E+11   2300005E-01  .9880E+01 -.3116E+01   .9999999  .0000689 -.0000092
T 3868 19 .1519035E+11   2300004E-01 -.5744E+01 -.2042E+02   .9999999 -.0000509 -.0003270
T 3869 19 .1519074E+11   2300009E-01 -.3880E+01  .3174E+02   .9999999  .0000461  .0003805
T 3870 19 .1518994E+11   2300017E-01 -.1642E+01 -.3670E+01   .9999999 -.0000732  .0001067
T 3871 19 .1518963E+11   2300002E-01 -.1605E+01 -.6902E+01   .9999999 -.0000960 -.0002453
T 3872 19 .1518970E+11   2300007E-01  .1122E+02  .6520E+01   .9999999  .0001154  .0000611
T 3873 19 .1518924E+11   2300022E-01 -.1072E+02  .4119E+01   .9999999 -.0003222 -.0001889
T 3874 19 .1518927E+11   2300007E-01  .1340E+02 -.7107E+01   .9999999  .0002836 -.0000962
T 3875 19 .1518863E+11   2300001E-01 -.1377E+02 -.9302E+00   .9999999 -.0000118 -.0000809
T 3876 19 .1518995E+11   2300016E-01  .1045E+02  .1428E+01   .9999999  .0000292  .0001460
T 3877 19 .1518792E+11   2300001E-01  .4547E+01 -.9967E+00   .9999999  .0000788 -.0000961
T 3878 19 .1519000E+11   2300019E-01 -.3735E+01  .3731E+01   .9999999 -.0001058 -.0000848
T 3879 19 .1519124E+11   2300015E-01  .2913E+02 -.8944E+01   .9999992  .0009840 -.0007652
T 3880 19 .1519029E+11   2300002E-01 -.1164E+02  .2684E+02   .9999999 -.0001227  .0002628
T 3881 19 .1519111E+11   2300016E-01 -.7648E+01 -.1085E+01   .9999999 -.0001433 -.0000551
T 3882 19 .1519108E+11   2300018E-01  .1538E+02  .1426E+02   .9999999 -.0000224  .0002585
T 3883 19 .1519023E+11   2300002E-01  .1194E+01 -.8429E+01   .9999999  .0000096 -.0001206
T 3884 19 .1519033E+11   2300022E-01 -.1337E+02 -.9545E+01   .9999999 -.0001233 -.0001549
T 3885 19 .1519056E+11   2300006E-01 -.5982E+01 -.6378E+01   .9999999 -.0000665 -.0000002
T 3886 19 .1518997E+11   2300020E-01  .5178E+01  .1732E+01   .9999999  .0000366 -.0000017
T 3887 19 .1519061E+11   2300016E-01 -.5229E+01 -.1501E+02   .9999999 -.0001406 -.0002752
T 3888 19 .1518940E+11   2300000E-01  .8558E+01  .1427E+00   .9999999  .0001147  .0003983
T 3889 19 .1519083E+11   2300018E-01  .1283E+02 -.3123E+01   .9999999  .0002661 -.0001670
T 3890 19 .1519027E+11   2300009E-01  .3667E+01 -.5488E+01   .9999999  .0000924 -.0000240
T 3891 19 .1518958E+11   2300013E-01 -.4549E+01 -.1355E+02   .9999999 -.0000144 -.0001562
T 3892 19 .1519110E+11   2300000E-01  .7254E+01  .2585E+01   .9999999  .0002657 -.0003703
T 3893 19 .1518985E+11   2300009E-01 -.3751E+00 -.1733E+01   .9999999  .0000175 -.0000338
T 3894 19 .1519102E+11   2300019E-01 -.6859E+00 -.3755E+01   .9999999  .0000137 -.0000575
T 3895 19 .1519033E+11   2300006E-01 -.2819E+02 -.9887E+00   .9999999 -.0003074 -.0002596
T 3896 19 .1519018E+11   2300000E-01 -.1299E+02 -.1213E+02   .9999999 -.0000787 -.0002258
T 3897 19 .1519015E+11   2300019E-01 -.4731E+01 -.2029E+02   .9999999  .0000313 -.0002801
T 3898 19 .1519006E+11   2300019E-01 -.1818E+02  .5836E+02   .9999999 -.0000856  .0003947
T 3899 19 .1518967E+11   2300020E-01 -.1203E+00 -.8500E+00   .9999999  .0000506 -.0000901
T 3900 19 .1518970E+11   2300005E-01 -.6005E+01 -.8891E+01   .9999999 -.0000238  .0000747
T 3901 19 .1518979E+11   2300021E-01 -.1917E+02 -.4741E+01   .9999999 -.0003398 -.0000774
T 3902 19 .1518923E+11   2300019E-01  .2820E+02 -.4170E+01   .9999999  .0002660 -.0000318
T 3903 19 .1519049E+11   2300004E-01  .1357E+02 -.6726E+01   .9999999  .0001229 -.0000963
T 3904 19 .1519014E+11   2300010E-01  .1409E+02 -.1125E+02   .9999999  .0001587 -.0000494
T 3905 19 .1518878E+11   2300005E-01 -.8263E+01 -.7912E+01   .9999999 -.0000924 -.0000307
T 3906 19 .1519086E+11   2300019E-01  .1552E+01 -.2693E+01   .9999999  .0001335  .0001218
T 3907 19 .1518970E+11   2300006E-01  .5963E+01  .8737E+01   .9999999 -.0000302  .0002680
T 3908 19 .1518903E+11   2300001E-01  .6766E+01  .4675E+01   .9999999  .0000339  .0000667
T 3909 19 .1519033E+11   2300016E-01  .3540E+01  .2355E+02   .9999999  .0000565  .0002931
T 3910 19 .1519144E+11   2300000E-01  .6011E-01  .1232E+02   .9999999  .0001037  .0000744
T 3911 19 .1519087E+11   2300021E-01  .7379E+01  .1400E+02   .9999997  .0006628  .0002701
T 3912 19 .1519034E+11   2300007E-01 -.6254E+01 -.1523E+02   .9999999 -.0000926 -.0001376
T 3913 19 .1519028E+11   2300022E-01  .7836E+01 -.1077E+02   .9999999  .0002039 -.0000931
T 3914 19 .1519017E+11   2300007E-01  .1984E+02 -.6144E+00   .9999999  .0002092 -.0000922
T 3915 19 .1518958E+11   2300001E-01  .6092E+01 -.1994E+01   .9999999  .0000483  .0000602
T 3916 19 .1519024E+11   2300011E-01 -.8374E+01  .1069E+00   .9999999 -.0002251  .0000553
T 3917 19 .1518994E+11   2300005E-01  .1465E+02  .3015E+01   .9999999  .0004029  .0000631
T 3918 19 .1518979E+11   2300022E-01  .7490E+01 -.9569E+01   .9999999 -.0002451 -.0003413
T 3919 19 .1518956E+11   2300003E-01  .9606E+01 -.2503E+00   .9999999  .0001162 -.0000732
T 3920 19 .1518996E+11   2300015E-01 -.5237E+00  .8445E+01   .9999999  .0000298  .0000441
T 3921 19 .1518960E+11   2300008E-01 -.2814E+01 -.1257E+01   .9999999 -.0000495  .0000590
T 3922 19 .1518915E+11   2300020E-01  .1577E+01  .1334E+01   .9999999 -.0000460  .0000308
T 3923 19 .1519132E+11   2300004E-01  .5881E+01 -.2390E+01   .9999999  .0000433  .0001409
T 3924 19 .1519098E+11   2300007E-01 -.1203E+02  .7649E+01   .9999999 -.0001491  .0000845
T 3925 19 .1519000E+11   2300013E-01 -.3412E+01  .7289E+01   .9999999  .0000140  .0000595
T 3926 19 .1518977E+11   2300016E-01  .1681E+02 -.1017E+00   .9999999  .0001966  .0000547
T 3927 19 .1519031E+11   2300022E-01  .1049E+02  .2401E+01   .9999999  .0002175  .0000431
T 3928 19 .1518973E+11   2300021E-01 -.1787E+02 -.2212E+01   .9999999 -.0003647  .0000590
T 3929 19 .1518992E+11   2300011E-01  .1533E+02  .2305E+01   .9999999  .0000351 -.0000063
T 3930 19 .1519066E+11   2300000E-01 -.5936E+01  .2367E+01   .9999999 -.0000198  .0000096
T 3931 19 .1518807E+11   2300004E-01  .6607E+01  .1830E+02   .9999999  .0000989  .0000803
T 3932 19 .1518996E+11   2300016E-01  .2394E+01  .1888E+02   .9999999  .0000402  .0001996
T 3933 19 .1518946E+11   2300011E-01  .1512E+02  .2676E+02   .9999999  .0000628  .0004035
T 3934 19 .1518987E+11   2300021E-01 -.8016E+01 -.2937E+02   .9999999 -.0000083 -.0003910
T 3935 19 .1519061E+11   2300001E-01  .1023E+02 -.2216E+02   .9999999  .0001634 -.0002509
T 3936 19 .1518980E+11   2300020E-01 -.3060E+02  .1945E+02   .9999999 -.0001269  .0000877
T 3937 19 .1518934E+11   2300021E-01  .8024E+01  .7766E+01   .9999999 -.0000705  .0003026
T 3938 19 .1518821E+11   2300007E-01 -.1113E+02  .1720E+02   .9999999 -.0002265  .0002273
T 3939 19 .1519001E+11   2300018E-01 -.1628E+02  .2832E+01   .9999999 -.0003550 -.0000169
T 3940 19 .1519074E+11   2300015E-01  .2771E+02 -.4700E+01   .9999999  .0003901 -.0000190
T 3941 19 .1519004E+11   2300008E-01  .1241E+01  .6408E+01   .9999999  .0001438  .0001222
T 3942 19 .1518864E+11   2300014E-01 -.4916E+01  .9038E+01   .9999999 -.0002495  .0001569
T 3943 19 .1519116E+11   2300001E-01  .5947E+01  .5368E+01   .9999999  .0002282  .0001914
T 3944 19 .1519036E+11   2300009E-01  .1487E+02  .1181E+02   .9999999  .0001087  .0000755
T 3945 19 .1518976E+11   2300010E-01  .1173E+02 -.2475E+01   .9999999  .0002341 -.0001986
T 3946 19 .1519059E+11   2300021E-01 -.1287E+02  .7809E+01   .9999999 -.0001557  .0000356
T 3947 19 .1518916E+11   2300001E-01  .7560E+01  .1789E+01   .9999999  .0001307  .0000264
T 3948 19 .1519044E+11   2300014E-01 -.1527E+02  .9304E+01   .9999999 -.0001993  .0000808
T 3949 19 .1518984E+11   2300018E-01 -.2197E+02  .3241E+01   .9999999 -.0002305  .0001186
T 3950 19 .1518875E+11   2300009E-01 -.9017E+01  .5843E+01   .9999999 -.0001218 -.0000143
T 3951 19 .1519010E+11   2300015E-01  .5152E+00 -.1761E+02   .9999999  .0000701 -.0003095
T 3952 19 .1519108E+11   2300019E-01 -.8846E+01  .1387E+02   .9999999 -.0002137  .0001878
T 3953 19 .1518916E+11   2300019E-01  .1554E+01 -.4790E+01   .9999999  .0001194 -.0001862
T 3954 19 .1518956E+11   2300009E-01 -.9662E+01 -.4606E+01   .9999999 -.0002010 -.0000470
T 3955 19 .1518996E+11   2300009E-01 -.3574E+02  .3992E+01   .9999999 -.0002927 -.0001198
T 3956 19 .1518826E+11   2300015E-01  .2371E+01 -.7927E+01   .9999999 -.0000089 -.0000435
T 3957 19 .1518895E+11   2300001E-01  .2236E+02  .3480E+02   .9999999 -.0000427  .0002012
T 3958 19 .1519116E+11   2300005E-01  .2194E+01 -.4597E+01   .9999999 -.0000395 -.0000842
T 3959 19 .1518952E+11   2300002E-01  .8568E+01  .1326E+02   .9999999  .0001612  .0001845
T 3960 19 .1519207E+11   2300010E-01 -.1006E+02  .1597E+02   .9999999 -.0004409 -.0002813
T 3961 19 .1518964E+11   2300005E-01 -.2498E+02 -.5548E+01   .9999999 -.0003184 -.0000896
T 3962 19 .1519040E+11   2300001E-01  .1748E+02  .2118E+02   .9999999  .0000319  .0003686
T 3963 19 .1519122E+11   2300005E-01  .8927E+01  .8921E+01   .9999999  .0001447  .0001512
T 3964 19 .1518915E+11   2300009E-01 -.1523E+02 -.3452E+01   .9999999 -.0002775 -.0000657
T 3965 19 .1519147E+11   2300016E-01  .2602E+02  .1805E+02   .9999999  .0002144  .0002192
T 3966 19 .1519136E+11   2300013E-01  .1121E+02 -.9924E+00   .9999999 -.0000184 -.0000500
T 3967 19 .1519031E+11   2300019E-01  .2695E+01 -.1096E+02   .9999999  .0002293  .0001254
T 3968 19 .1518901E+11   2300001E-01 -.1825E+02 -.1580E+02   .9999999 -.0002708 -.0001129
T 3969 19 .1519101E+11   2300011E-01  .1718E+02 -.3501E+01   .9999999  .0001481 -.0000863
T 3970 19 .1518989E+11   2300021E-01 -.2147E+01  .9974E+01   .9999999  .0002458  .0002329
T 3971 19 .1519102E+11   2300020E-01  .1632E+01  .8254E+01   .9999999 -.0000668  .0002309
T 3972 19 .1519196E+11   2300011E-01  .1738E+02  .1554E+02   .9999999  .0004374  .0001364
T 3973 19 .1518991E+11   2300013E-01 -.6616E+01  .6835E+01   .9999999 -.0000905  .0001378
T 3974 19 .1518961E+11   2300011E-01  .1832E+01  .1026E+02   .9999999  .0000236  .0001087
T 3975 19 .1518974E+11   2300002E-01  .5373E+01 -.3605E+00   .9999999  .0001292 -.0001148
T 3976 19 .1519085E+11   2300021E-01  .1301E+02 -.9439E+01   .9999999  .0000574 -.0002282
T 3977 19 .1519008E+11   2300009E-01 -.1091E+02 -.4549E+01   .9999999 -.0000699 -.0000727
T 3978 19 .1518785E+11   2300014E-01  .3150E+01  .2083E+01   .9999999  .0000407  .0001151
T 3979 19 .1519042E+11   2300002E-01  .4446E+01  .1979E+02   .9999999  .0000398  .0001075
T 3980 19 .1519104E+11   2300005E-01  .7748E+01 -.1712E+02   .9999999 -.0000963 -.0002340
T 3981 19 .1519088E+11   2300016E-01  .1948E+02  .9286E+01   .9999999  .0002697  .0000331
T 3982 19 .1518971E+11   2300019E-01  .1077E+02 -.1201E+02   .9999999  .0000770 -.0001864
T 3983 19 .1519027E+11   2300019E-01 -.9615E+01  .3038E+01   .9999999 -.0000937  .0000264
T 3984 19 .1519002E+11   2300003E-01 -.3463E+02  .1085E+02   .9999996 -.0008389  .0001175
T 3985 19 .1519034E+11   2300021E-01 -.4521E+01 -.7809E+01   .9999999 -.0001012  .0000043
T 3986 19 .1518909E+11   2300016E-01  .7482E+01 -.1263E+01   .9999999  .0001245  .0000335
T 3987 19 .1519153E+11   2300023E-01 -.1057E+02 -.1961E+02   .9999999 -.0000912 -.0001640
T 3988 19 .1519077E+11   2300022E-01 -.2337E+00  .1229E+02   .9999999  .0000137  .0000851
T 3989 19 .1518893E+11   2300020E-01 -.1290E+02  .4396E+02   .9999987 -.0003159  .0015688
T 3990 19 .1518945E+11   2300013E-01  .7879E+01 -.1971E+02   .9999999  .0001470 -.0002462
T 3991 19 .1519017E+11   2300016E-01 -.8112E-01 -.2669E+02   .9999999 -.0001126 -.0002943
T 3992 19 .1519091E+11   2300016E-01  .5875E+01  .3208E+02   .9999999  .0000290  .0001221
T 3993 19 .1519197E+11   2300002E-01  .6177E+01 -.1556E+02   .9999999  .0000112 -.0003649
T 3994 19 .1519030E+11   2300015E-01 -.3146E-01 -.1938E+02   .9999999 -.0000327 -.0000863
T 3995 19 .1518909E+11   2300013E-01  .4401E+02  .3761E+02   .9999994  .0006736  .0008508
T 3996 19 .1519049E+11   2300000E-01  .1084E+02 -.1412E+02   .9999999  .0000097 -.0001112
T 3997 19 .1518989E+11   2300022E-01  .5523E+01 -.3278E+02   .9999999  .0000638 -.0002299
T 3998 19 .1518942E+11   2300019E-01 -.5005E+01 -.3062E+01   .9999999 -.0000473 -.0001103
T 3999 19 .1519067E+11   2300022E-01 -.6306E+01 -.4678E+01   .9999999 -.0000590 -.0000528
T 4000 19 .1518968E+11   2300004E-01  .3074E+01  .1272E+02   .9999999  .0000302  .0001791
T 4001 19 .1519010E+11   2300021E-01 -.4069E+01  .3801E+01   .9999999 -.0001552  .0002038
T 4002 19 .1519069E+11   2300001E-01 -.2224E+02 -.1073E+01   .9999999 -.0002887 -.0000055
T 4003 19 .1518979E+11   2300021E-01  .2797E+01 -.1582E+02   .9999999 -.0000347 -.0002264
T 4004 19 .1518919E+11   2300002E-01 -.6439E+01  .1079E+02   .9999999  .0000454  .0002388
T 4005 19 .1519032E+11   2300010E-01  .3234E+01  .1586E+02   .9999999 -.0000559  .0001617
T 4006 19 .1519055E+11   2300012E-01 -.4588E+01 -.8530E+01   .9999999 -.0002558 -.0000828
T 4007 19 .1519035E+11   2300007E-01 -.1030E+02 -.9106E+01   .9999999 -.0000991  .0000004
T 4008 19 .1518987E+11   2300018E-01 -.1257E+01  .1747E+02   .9999999 -.0001353  .0001202
T 4009 19 .1518860E+11   2300011E-01 -.4032E+02 -.1645E+02   .9999999 -.0003461 -.0001307
T 4010 19 .1518960E+11   2300021E-01 -.3190E+01  .7641E+00   .9999999 -.0000285 -.0000217
T 4011 19 .1518949E+11   2300012E-01 -.9922E+01 -.9724E+00   .9999999 -.0001238  .0000662
T 4012 19 .1519027E+11   2300011E-01  .1100E+01 -.7431E+01   .9999999  .0000786 -.0002475
T 4013 19 .1518964E+11   2300013E-01  .1965E+02  .6353E+01   .9999999  .0004457  .0000764
T 4014 19 .1518827E+11   2300001E-01 -.3552E+01  .1700E+02   .9999999 -.0000172  .0000760
T 4015 19 .1518951E+11   2300002E-01  .9591E+01 -.5436E+01   .9999999  .0001016 -.0000540
T 4016 19 .1518981E+11   2300017E-01 -.1277E+02 -.1481E+02   .9999999 -.0002694 -.0002992
T 4017 19 .1519056E+11   2300020E-01 -.1330E+02  .8352E+01   .9999999 -.0001868  .0000397
T 4018 19 .1518991E+11   2300018E-01 -.1229E+01  .4698E+01   .9999999 -.0000628  .0000183
T 4019 19 .1518800E+11   2300018E-01 -.3429E+01 -.7211E+01   .9999999  .0000517 -.0001768
T 4020 19 .1519005E+11   2300008E-01  .1143E+02  .1364E+02   .9999999  .0000607  .0001029
T 4021 19 .1518924E+11   2300005E-01 -.1445E+02 -.2019E+01   .9999999 -.0002017  .0000613
T 4022 19 .1518925E+11   2300022E-01  .1581E+02  .1336E+01   .9999999  .0000320  .0000131
T 4023 19 .1518902E+11   2300006E-01  .1458E+02  .3583E+01   .9999999  .0001458  .0000306
T 4024 19 .1519047E+11   2300022E-01 -.1578E+02  .5406E+00   .9999999 -.0003830 -.0000604
T 4025 19 .1519120E+11   2300015E-01 -.8608E+01  .3489E+01   .9999999 -.0000967  .0000561
T 4026 19 .1519197E+11   2300019E-01 -.1980E+01  .8378E+00   .9999999 -.0001612  .0000680
T 4027 19 .1519148E+11   2300022E-01 -.1175E+02  .1650E+02   .9999999 -.0001035  .0002269
T 4028 19 .1519081E+11   2300000E-01  .1315E+01  .7508E+01   .9999999 -.0000610  .0000867
T 4029 19 .1518995E+11   2300003E-01  .2324E+01 -.5689E+01   .9999999  .0000471  .0000738
T 4030 19 .1518974E+11   2300001E-01 -.1552E+02  .1451E+02   .9999999 -.0003320  .0002494
T 4031 19 .1518933E+11   2300006E-01  .7071E+01  .1443E+01   .9999999  .0000635 -.0000214
T 4032 19 .1518999E+11   2300012E-01 -.1863E+02  .1616E+02   .9999999 -.0001483  .0001311
T 4033 19 .1519092E+11   2300020E-01  .4057E+01 -.5738E+01   .9999999 -.0000775 -.0000045
T 4034 19 .1518956E+11   2300017E-01 -.6486E+01  .1114E+02   .9999999  .0000323  .0001725
T 4035 19 .1519117E+11   2300005E-01 -.7591E+01 -.4238E+00   .9999999 -.0000929 -.0001144
T 4036 19 .1518947E+11   2300021E-01 -.9248E+01 -.4963E+01   .9999999 -.0000668 -.0000713
T 4037 19 .1519001E+11   2300001E-01  .2648E+01  .4978E+01   .9999999  .0000658  .0002007
T 4038 19 .1519132E+11   2300009E-01  .1128E+01 -.6077E+00   .9999999 -.0000447 -.0001373
T 4039 19 .1519109E+11   2300014E-01 -.1460E+02 -.8763E+00   .9999999 -.0002405  .0001412
T 4040 19 .1519180E+11   2300020E-01  .5832E+01  .6692E+01   .9999999 -.0000230  .0000546
T 4041 19 .1518961E+11   2300010E-01  .2648E+02 -.2616E+01   .9999999  .0000893  .0000123
T 4042 19 .1518946E+11   2300009E-01 -.5097E+01 -.1266E+01   .9999999  .0000624 -.0001108
T 4043 19 .1519110E+11   2300006E-01  .5511E+02 -.1512E+01   .9999974  .0022504 -.0003615
T 4044 19 .1518993E+11   2300019E-01  .1030E+02  .4933E+01   .9999999  .0000547 -.0000374
T 4045 19 .1518889E+11   2300005E-01  .7992E+01 -.3043E+01   .9999999 -.0000120 -.0000479
T 4046 19 .1518814E+11   2300021E-01 -.1509E+01 -.7964E+01   .9999999  .0001467 -.0001453
T 4047 19 .1519022E+11   2300010E-01  .9631E+00  .7788E+00   .9999999  .0004403 -.0002286
T 4048 19 .1518976E+11   2300014E-01 -.4112E+01  .7137E+01   .9999999 -.0001738  .0000487
T 4049 19 .1519018E+11   2300008E-01  .8314E-01  .1007E+02   .9999999 -.0000945  .0001009
T 4050 19 .1519010E+11   2300005E-01  .1169E+02  .3543E+02   .9999999 -.0000183  .0004084
T 4051 19 .1519018E+11   2300007E-01  .1942E+02 -.1319E+02   .9999999  .0002865 -.0000711
T 4052 19 .1519128E+11   2300020E-01  .8450E+01 -.2433E+01   .9999999  .0000726 -.0000014
T 4053 19 .1519130E+11   2300016E-01  .4377E+01  .1435E+02   .9999999  .0000267  .0001733
T 4054 19 .1519008E+11   2300015E-01 -.1218E+02  .4514E+00   .9999999 -.0000467 -.0000001
T 4055 19 .1519000E+11   2300022E-01 -.1706E+01  .9961E+01   .9999999  .0000047  .0001199
T 4056 19 .1519140E+11   2300009E-01  .1953E+02 -.1684E+01   .9999999  .0000950 -.0000469
T 4057 19 .1518888E+11   2300016E-01  .2901E+02  .7569E+01   .9999999  .0002594  .0001241
T 4058 19 .1519168E+11   2300017E-01 -.1195E-01  .1918E+01   .9999999  .0000213  .0000571
T 4059 19 .1518994E+11   2300015E-01  .2127E+01  .2858E+01   .9999999  .0000703 -.0000813
T 4060 19 .1518905E+11   2300000E-01  .1687E+02 -.1143E+02   .9999999  .0002445 -.0002056
T 4061 19 .1519077E+11   2300001E-01  .1103E+02  .7457E+00   .9999999  .0001394 -.0001756
T 4062 19 .1519007E+11   2300018E-01 -.2450E+01 -.1650E+02   .9999999 -.0001532 -.0003159
T 4063 19 .1519080E+11   2300013E-01  .9819E+01 -.8817E+01   .9999999  .0000304 -.0000668
T 4064 19 .1518951E+11   2300015E-01 -.1404E+02 -.1503E+02   .9999999 -.0002382 -.0002719
T 4065 19 .1518862E+11   2300005E-01 -.9299E+01 -.4122E+01   .9999999 -.0001587 -.0000878
T 4066 19 .1519056E+11   2300022E-01 -.8314E+00 -.1468E+02   .9999999 -.0000484 -.0003785
T 4067 19 .1519127E+11   2300019E-01 -.6259E+01  .8757E+01   .9999999 -.0000708  .0000868
T 4068 19 .1519031E+11   2300013E-01 -.1693E+02  .9841E+01   .9999999 -.0002396  .0001375
T 4069 19 .1519083E+11   2300022E-01 -.8181E+00  .2304E+01   .9999999 -.0001511  .0000684
T 4070 19 .1519094E+11   2300018E-01  .3144E+01  .5401E+01   .9999999  .0000562  .0000315
T 4071 19 .1518985E+11   2300019E-01 -.3392E+01 -.3286E+01   .9999999 -.0000136 -.0000019
T 4072 19 .1518984E+11   2300012E-01 -.3945E+00  .1274E+02   .9999999 -.0003573  .0003297
T 4073 19 .1519088E+11   2300007E-01  .4036E+01  .4386E+00   .9999999  .0000448  .0001218
T 4074 19 .1519045E+11   2300016E-01 -.8392E+01  .7418E+00   .9999999 -.0000574 -.0000284
T 4075 19 .1518951E+11   2300016E-01  .8069E+01 -.1060E+02   .9999999  .0000218 -.0003448
T 4076 19 .1518945E+11   2300007E-01  .1107E+02 -.7287E+01   .9999999  .0001419 -.0001150
T 4077 19 .1519050E+11   2300007E-01  .2277E+02 -.5548E+01   .9999999  .0002137 -.0000567
T 4078 19 .1518878E+11   2300005E-01 -.1132E+02 -.6859E+01   .9999999 -.0002252 -.0000568
T 4079 19 .1518926E+11   2300008E-01  .1637E+02  .1581E+01   .9999999  .0002096 -.0000674
T 4080 19 .1519044E+11   2300002E-01  .5080E+01  .2904E+02   .9999999  .0002462  .0002883
T 4081 19 .1518999E+11   2300014E-01 -.6969E+00  .1012E+02   .9999999 -.0001528  .0000931
T 4082 19 .1518881E+11   2300021E-01  .1119E+02  .5375E+01   .9999999  .0001095 -.0000276
T 4083 19 .1518824E+11   2300007E-01 -.1090E+02  .4824E+01   .9999999 -.0002870  .0000234
T 4084 19 .1519102E+11   2300006E-01  .4161E+01  .8036E+01   .9999999 -.0000213  .0001999
T 4085 19 .1518985E+11   2300010E-01  .1424E+02 -.5673E+01   .9999999  .0000334  .0000269
T 4086 19 .1518979E+11   2300002E-01  .4595E+02 -.4096E+01   .9999993  .0011716 -.0001536
T 4087 19 .1519032E+11   2300007E-01 -.5963E+01  .1452E+01   .9999999 -.0000755  .0001175
T 4088 19 .1518992E+11   2300008E-01 -.3761E+01 -.4447E+01   .9999999  .0000969  .0001221
T 4089 19 .1518941E+11   2300009E-01 -.1551E+02 -.6269E+01   .9999999 -.0001507 -.0000240
T 4090 19 .1519134E+11   2300013E-01 -.2981E+02  .2348E+01   .9999999 -.0002922  .0001439
T 4091 19 .1519019E+11   2300009E-01 -.2626E+01 -.2856E+01   .9999999 -.0000095  .0001453
T 4092 19 .1518908E+11   2300011E-01  .1888E+02  .3360E+00   .9999999  .0000719  .0000112
T 4093 19 .1518993E+11   2300016E-01  .5441E+01  .6129E+01   .9999999  .0000902  .0000517
T 4094 19 .1518897E+11   2300019E-01 -.7020E+01  .6257E+01   .9999999 -.0000305  .0001593
T 4095 19 .1518858E+11   2300019E-01 -.6752E+02 -.4246E+00   .9999999 -.0004227  .0002079
T 4096 19 .1519077E+11   2300005E-01  .1530E+02  .2246E+02   .9999999  .0002059  .0000863
T 4097 19 .1519121E+11   2300003E-01 -.3046E+01 -.2606E+01   .9999999  .0000733 -.0000605
T 4098 19 .1519153E+11   2300005E-01  .9931E+01 -.1525E+01   .9999999  .0000024 -.0000120
T 4099 19 .1518956E+11   2300015E-01  .1577E+02 -.7667E+01   .9999999  .0002751 -.0000328
T 4100 19 .1518958E+11   2300003E-01  .2964E+00  .2057E+02   .9999999  .0000166  .0000968
T 4101 19 .1519163E+11   2300019E-01  .2103E+02  .1571E+02   .9999999  .0002684 -.0001124
T 4102 19 .1518934E+11   2300017E-01 -.3304E+02 -.7445E+01   .9999999 -.0001430 -.0002526
T 4103 19 .1518937E+11   2300018E-01 -.1994E+02 -.1263E+02   .9999999 -.0000656  .0000621
T 4104 19 .1518985E+11   2300009E-01 -.6446E+01 -.1213E+02   .9999999 -.0000956 -.0002752
T 4105 19 .1519025E+11   2300019E-01 -.2732E+01 -.8881E+01   .9999999 -.0001686 -.0002280
T 4106 19 .1518966E+11   2300017E-01  .7042E+01  .5519E+01   .9999999 -.0000416 -.0000462
T 4107 19 .1518965E+11   2300011E-01 -.1326E+02  .4551E+02   .9999999 -.0001957  .0004559
T 4108 19 .1519010E+11   2300012E-01 -.7039E+01 -.3774E+01   .9999999 -.0000846  .0000220
T 4109 19 .1519068E+11   2300014E-01 -.5248E+01  .1109E+02   .9999999  .0000769  .0001505
T 4110 19 .1518969E+11   2300001E-01  .8098E+00  .7372E+01   .9999999 -.0000299  .0001166
T 4111 19 .1518968E+11   2300005E-01 -.2570E+01 -.1033E+01   .9999999 -.0000611  .0000351
T 4112 19 .1518762E+11   2300002E-01 -.5743E+01  .8099E+01   .9999999 -.0001649  .0001374
T 4113 19 .1518823E+11   2300006E-01  .2242E+02 -.2680E+02   .9999999  .0004459 -.0002592
T 4114 19 .1518993E+11   2300023E-01  .8559E+00  .3796E+01   .9999999  .0000399  .0000847
T 4115 19 .1518950E+11   2300001E-01  .1468E+02  .8166E+01   .9999999  .0002371  .0001494
T 4116 19 .1518956E+11   2300008E-01  .2825E+00  .1195E+01   .9999999 -.0000818  .0000348
T 4117 19 .1518908E+11   2300013E-01  .4879E+01 -.6028E+01   .9999999  .0001290  .0000064
T 4118 19 .1519010E+11   2300010E-01  .2799E+01  .6194E+01   .9999999  .0002369  .0004735
T 4119 19 .1518922E+11   2300017E-01 -.3661E+01  .6116E+01   .9999999 -.0000376  .0001055
T 4120 19 .1518990E+11   2300019E-01  .1262E+02  .2044E+02   .9999999  .0001162  .0002174
T 4121 19 .1518985E+11   2300017E-01 -.2267E+00 -.9693E+01   .9999999  .0000192 -.0000769
T 4122 19 .1519141E+11   2300010E-01  .4758E+01 -.1063E+02   .9999999  .0002048 -.0000396
T 4123 19 .1519137E+11   2300017E-01 -.2903E+02 -.7604E+01   .9999999 -.0002938 -.0000502
T 4124 19 .1519080E+11   2300023E-01 -.2537E+01 -.1591E+01   .9999999 -.0001905 -.0001489
T 4125 19 .1518988E+11   2300002E-01 -.9438E+01  .5747E+00   .9999999 -.0001905  .0000902
T 4126 19 .1518970E+11   2300018E-01  .6065E+01 -.1364E+02   .9999999  .0001246 -.0001414
T 4127 19 .1519084E+11   2300021E-01  .2257E+02 -.1282E+02   .9999999  .0002497 -.0001313
T 4128 19 .1518944E+11   2300011E-01  .1725E+01  .2100E+01   .9999999  .0000429  .0000680
T 4129 19 .1518957E+11   2300017E-01 -.8513E+00 -.8831E+01   .9999999  .0000249 -.0001238
T 4130 19 .1518869E+11   2300010E-01  .5785E+01 -.5880E+01   .9999999  .0000515 -.0000372
T 4131 19 .1518971E+11   2300017E-01 -.1793E+02 -.5963E+01   .9999999 -.0001465 -.0000647
T 4132 19 .1518945E+11   2300007E-01  .4584E+01 -.8112E+01   .9999999  .0001438 -.0001839
T 4133 19 .1518832E+11   2300016E-01 -.1337E+02  .6084E+01   .9999999 -.0001017  .0000828
T 4134 19 .1519035E+11   2300007E-01  .1054E+03 -.3092E+02   .9999995  .0009697 -.0002682
T 4135 19 .1519170E+11   2300020E-01  .3985E+01  .1540E+02   .9999999  .0000585  .0001981
T 4136 19 .1518868E+11   2300013E-01  .8032E+01  .4337E+01   .9999999  .0002154 -.0000208
T 4137 19 .1519001E+11   2300021E-01  .1041E+02  .1692E+02   .9999999  .0000546  .0000971
T 4138 19 .1519126E+11   2300022E-01 -.2726E+02  .2318E+02   .9999999 -.0003940  .0002735
T 4139 19 .1518957E+11   2300008E-01 -.2060E+02  .1315E+02   .9999999 -.0001820  .0001661
T 4140 19 .1518908E+11   2300002E-01 -.4558E+01  .7961E+01   .9999999  .0000778  .0001565
T 4141 19 .1519044E+11   2300022E-01  .8206E+01  .5973E+00   .9999999  .0001309  .0000111
T 4142 19 .1518910E+11   2300001E-01 -.1152E+02  .5050E+01   .9999999 -.0001175  .0000119
T 4143 19 .1518954E+11   2300017E-01 -.1294E+01  .1448E+02   .9999999 -.0001329  .0002634
T 4144 19 .1519054E+11   2300004E-01  .5121E+00 -.1175E+02   .9999999  .0000988 -.0001782
T 4145 19 .1519006E+11   2300021E-01  .5458E+01  .1483E+02   .9999999  .0000412  .0001597
T 4146 19 .1518957E+11   2300022E-01 -.5264E+01 -.1662E+02   .9999999  .0000127 -.0001249
T 4147 19 .1518810E+11   2300006E-01  .1314E+02  .6916E+01   .9999999  .0000722  .0001244
T 4148 19 .1519148E+11   2300023E-01 -.4906E+01  .4832E+01   .9999999 -.0000938 -.0000133
T 4149 19 .1519151E+11   2300002E-01 -.4813E-02  .8600E+01   .9999999  .0000654 -.0001673
T 4150 19 .1519046E+11   2300015E-01 -.7574E+00 -.2682E+02   .9999999 -.0001480 -.0004056
T 4151 19 .1519047E+11   2300019E-01 -.7610E+01  .1883E+01   .9999999 -.0001740 -.0000616
T 4152 19 .1519144E+11   2300008E-01  .4582E+01  .3068E+01   .9999999  .0001267 -.0000124
T 4153 19 .1519035E+11   2300014E-01  .9193E+01 -.2063E+01   .9999999  .0001463 -.0001201
T 4154 19 .1518987E+11   2300015E-01  .1466E+01  .1024E+01   .9999999 -.0002318 -.0000230
T 4155 19 .1518912E+11   2300012E-01  .2684E+01  .1063E+02   .9999999  .0001281  .0000465
T 4156 19 .1519008E+11   2300018E-01  .3324E+01  .1150E+02   .9999999  .0000474  .0000859
T 4157 19 .1519024E+11   2300019E-01  .3264E+02  .1251E+02   .9999999  .0004141  .0002176
T 4158 19 .1519178E+11   2300021E-01  .2279E+02 -.2209E+01   .9999999  .0003035  .0000831
T 4159 19 .1518889E+11   2300018E-01  .7620E+01 -.7395E+01   .9999999  .0000776 -.0000246
T 4160 19 .1518989E+11   2300005E-01 -.1019E+02 -.8405E+01   .9999999 -.0001466  .0000290
T 4161 19 .1519024E+11   2300014E-01 -.6648E+01  .9372E+01   .9999999 -.0000657  .0000759
T 4162 19 .1519149E+11   2300001E-01  .3366E+01 -.4124E+01   .9999999  .0000909 -.0000336
T 4163 19 .1519063E+11   2300007E-01  .2271E+02  .3166E+01   .9999999  .0001244  .0000888
T 4164 19 .1518946E+11   2300012E-01 -.9708E+01  .1249E+01   .9999999 -.0000510 -.0001299
T 4165 19 .1519077E+11   2300003E-01 -.7170E+00 -.2040E+02   .9999999 -.0000129 -.0002289
T 4166 19 .1518997E+11   2300022E-01  .9246E+01  .1504E+01   .9999999  .0001282 -.0000282
T 4167 19 .1519083E+11   2300014E-01  .5443E+01  .7806E+01   .9999999  .0000449  .0000543
T 4168 19 .1519028E+11   2300012E-01 -.2622E+01 -.2279E+02   .9999999 -.0000347 -.0001800
T 4169 19 .1519086E+11   2300018E-01 -.5069E+01  .1209E+02   .9999999 -.0001288  .0001273
T 4170 19 .1519034E+11   2300021E-01 -.4395E+01 -.4325E+01   .9999999  .0000304 -.0001103
T 4171 19 .1518973E+11   2300021E-01 -.1750E+02  .9114E+00   .9999999 -.0001006  .0000042
T 4172 19 .1518917E+11   2300022E-01  .8242E+00 -.3508E+01   .9999999 -.0000259  .0000535
T 4173 19 .1518970E+11   2300017E-01  .5099E+00  .4245E+01   .9999999 -.0001462  .0002658
T 4174 19 .1518951E+11   2300006E-01 -.2425E+02  .8084E+01   .9999999 -.0004076  .0000418
T 4175 19 .1518953E+11   2300004E-01  .1186E+02  .6963E+01   .9999999  .0000627  .0000755
T 4176 19 .1518770E+11   2300018E-01 -.1556E+02  .1185E+02   .9999999 -.0001948  .0000889
T 4177 19 .1519099E+11   2300010E-01 -.1871E+02 -.4809E+01   .9999999 -.0001749  .0000087
T 4178 19 .1519043E+11   2300017E-01  .2068E+02  .5687E+01   .9999999  .0001201  .0000628
T 4179 19 .1518943E+11   2300013E-01 -.3812E+01 -.2467E+02   .9999999 -.0000789 -.0003385
T 4180 19 .1519118E+11   2300016E-01 -.4263E+02  .6056E+01   .9999999 -.0002506  .0000571
T 4181 19 .1519073E+11   2300016E-01  .1431E+01 -.7036E+00   .9999999  .0000877  .0001407
T 4182 19 .1518859E+11   2300014E-01  .9104E+01 -.1092E+02   .9999999  .0000816 -.0000549
T 4183 19 .1518952E+11   2300011E-01 -.1055E+02  .8687E+01   .9999999 -.0001170  .0000437
T 4184 19 .1519092E+11   2300022E-01 -.5348E+02 -.8313E+01   .9999998 -.0005938  .0000549
T 4185 19 .1519039E+11   2300006E-01 -.1909E+02  .1305E+02   .9999999 -.0001546  .0000979
T 4186 19 .1518922E+11   2300021E-01 -.6110E+01 -.3316E+01   .9999999 -.0001586  .0000865
T 4187 19 .1518948E+11   2300016E-01 -.2815E+02  .2208E+01   .9999999 -.0000950  .0000492
T 4188 19 .1518919E+11   2300015E-01 -.3434E+01 -.2090E+02   .9999999 -.0001291 -.0003883
T 4189 19 .1519061E+11   2300015E-01  .2016E+01 -.4365E+01   .9999999 -.0000509 -.0000631
T 4190 19 .1518903E+11   2300012E-01 -.9369E+01 -.1795E+02   .9999999 -.0001553 -.0002234
T 4191 19 .1519059E+11   2300001E-01 -.4627E+01  .1931E+01   .9999999 -.0000606  .0001170
T 4192 19 .1518998E+11   2300019E-01 -.7385E+01 -.2534E+02   .9999999 -.0000905 -.0001650
T 4193 19 .1519083E+11   2300017E-01 -.3001E+02  .1548E+02   .9999998 -.0006144  .0001314
T 4194 19 .1519066E+11   2300013E-01  .1164E+01  .1801E+02   .9999999 -.0000469  .0002176
T 4195 19 .1519073E+11   2300021E-01 -.9932E+01  .4605E+01   .9999999 -.0000486 -.0000349
T 4196 19 .1518955E+11   2300008E-01  .1714E+02  .7653E+01   .9999999  .0002093  .0001525
T 4197 19 .1518924E+11   2300015E-01  .6971E+01  .3018E+00   .9999999  .0000992 -.0000055
T 4198 19 .1518831E+11   2300022E-01 -.1052E+02  .2543E+01   .9999999 -.0000850  .0000973
T 4199 19 .1518901E+11   2300013E-01 -.1127E+02 -.3320E+01   .9999999 -.0001565 -.0001014
T 4200 19 .1519134E+11   2300017E-01  .1271E+02  .7263E+01   .9999999  .0000424 -.0000120
T 4201 19 .1519100E+11   2300012E-01 -.8468E+01 -.2931E+01   .9999999 -.0001406 -.0000593
T 4202 19 .1518992E+11   2300000E-01  .5357E+01 -.8486E+01   .9999999  .0000266 -.0000792
T 4203 19 .1518958E+11   2300017E-01 -.2564E+01 -.1562E+02   .9999999  .0000432 -.0002007
T 4204 19 .1519039E+11   2300022E-01  .2916E+01 -.6416E+00   .9999999  .0001507  .0000433
T 4205 19 .1519085E+11   2300008E-01 -.1053E+02 -.2272E+00   .9999999 -.0001524  .0000735
T 4206 19 .1519093E+11   2300007E-01 -.1188E+02 -.3162E+01   .9999999 -.0000778  .0000187
T 4207 19 .1518987E+11   2300012E-01 -.7508E+01  .8342E+01   .9999999  .0000046  .0002194
T 4208 19 .1518880E+11   2300011E-01 -.9010E+01  .1592E+02   .9999999 -.0001591  .0003509
T 4209 19 .1518998E+11   2300023E-01 -.2858E+02 -.2582E+01   .9999999 -.0000767  .0001600
T 4210 19 .1518889E+11   2300006E-01  .5347E+01 -.1338E+02   .9999999  .0001159 -.0001248
T 4211 19 .1518868E+11   2300022E-01 -.5412E+01 -.6271E+01   .9999999 -.0001982 -.0000525
T 4212 19 .1518949E+11   2300014E-01 -.2345E-01  .9205E+01   .9999999 -.0000656  .0001202
T 4213 19 .1519022E+11   2300020E-01  .9194E+01 -.6195E+01   .9999999  .0000452 -.0000623
T 4214 19 .1518913E+11   2300001E-01 -.2987E+01 -.1671E+01   .9999999 -.0000207  .0001904
T 4215 19 .1519120E+11   2300007E-01 -.2239E+01 -.1851E+01   .9999999 -.0000014 -.0000577
T 4216 19 .1518956E+11   2300009E-01  .5345E+01 -.1873E+01   .9999999 -.0000779 -.0000119
T 4217 19 .1518975E+11   2300017E-01  .8982E+01 -.1986E+01   .9999999  .0000786  .0000066
T 4218 19 .1518992E+11   2300016E-01  .3262E+02  .2072E+02   .9999998  .0003904  .0003875
T 4219 19 .1518972E+11   2300002E-01  .1636E+02 -.7853E+01   .9999999  .0002141 -.0001885
T 4220 19 .1518967E+11   2300000E-01  .4872E+01 -.1405E+02   .9999999  .0001481 -.0001127
T 4221 19 .1518896E+11   2300012E-01  .3706E+01 -.2355E+02   .9999999  .0000553 -.0002329
T 4222 19 .1519024E+11   2300015E-01 -.2162E+00 -.1694E+02   .9999999  .0000719 -.0003034
T 4223 19 .1518985E+11   2300012E-01 -.6518E+01 -.8945E+00   .9999999  .0000327 -.0000179
T 4224 19 .1519078E+11   2300014E-01  .1019E+02  .1463E+01   .9999999  .0000632  .0000133
T 4225 19 .1519121E+11   2300005E-01  .6053E+01 -.2039E+01   .9999999  .0000263 -.0001427
T 4226 19 .1519038E+11   2300015E-01 -.1718E+02 -.1087E+02   .9999999 -.0002252 -.0002362
T 4227 19 .1519090E+11   2300023E-01 -.2809E+01 -.5134E+01   .9999999 -.0001439  .0002302
T 4228 19 .1518962E+11   2300015E-01 -.7080E+01 -.4454E+01   .9999999 -.0000872 -.0000965
T 4229 19 .1518936E+11   2300001E-01  .1854E+02  .1054E+02   .9999998  .0004147  .0005201
T 4230 19 .1518982E+11   2300020E-01 -.5208E+01  .2967E+00   .9999999  .0000174  .0000261
T 4231 19 .1518921E+11   2300021E-01 -.1199E+02  .1283E+02   .9999999 -.0000175  .0001496
T 4232 19 .1518927E+11   2300020E-01 -.2332E+01 -.1858E+02   .9999999 -.0000756 -.0001325
T 4233 19 .1519069E+11   2300021E-01  .3351E+01  .7853E+01   .9999999  .0000077  .0001033
T 4234 19 .1518972E+11   2300007E-01  .1197E+02  .1737E+01   .9999999  .0001106 -.0000027
T 4235 19 .1519153E+11   2300020E-01 -.1105E+02 -.7932E+00   .9999999  .0000610 -.0000657
T 4236 19 .1519007E+11   2300021E-01  .3716E+01  .2174E+01   .9999999 -.0001131 -.0000651
T 4237 19 .1518957E+11   2300005E-01 -.2022E+01 -.4649E+01   .9999999 -.0001461 -.0000436
T 4238 19 .1519092E+11   2300020E-01  .2571E+01 -.1431E+02   .9999999 -.0000033 -.0001400
T 4239 19 .1519091E+11   2300022E-01 -.1411E+02 -.3371E+01   .9999999 -.0001396 -.0000807
T 4240 19 .1519060E+11   2300005E-01  .1225E+02  .1118E+02   .9999999 -.0000213 -.0000094
T 4241 19 .1518968E+11   2300017E-01 -.4338E+01  .5291E+01   .9999999 -.0001116  .0000960
T 4242 19 .1519017E+11   2300018E-01 -.2650E+00  .1231E+01   .9999999 -.0000603  .0000528
T 4243 19 .1519061E+11   2300015E-01 -.3408E+01  .1295E+02   .9999999 -.0000768  .0001252
T 4244 19 .1519097E+11   2300013E-01  .6889E+01 -.3708E+01   .9999999  .0001628 -.0000984
T 4245 19 .1519095E+11   2300003E-01 -.3686E+00 -.3550E+01   .9999999  .0000415  .0000256
T 4246 19 .1518915E+11   2300003E-01  .2221E+02  .1299E+02   .9999999  .0000717  .0001798
T 4247 19 .1518972E+11   2300005E-01  .2026E+01 -.2533E+01   .9999999 -.0001563  .0001444
T 4248 19 .1518993E+11   2300012E-01  .1042E+02 -.8124E+01   .9999999  .0000445 -.0000392
T 4249 19 .1519164E+11   2300000E-01 -.1225E+01  .9822E+01   .9999999  .0000373  .0001271
T 4250 19 .1519089E+11   2300021E-01 -.4721E+01  .2313E+02   .9999999 -.0001739  .0003540
T 4251 19 .1518988E+11   2300008E-01 -.6785E+00 -.4912E+01   .9999999 -.0000007  .0000701
T 4252 19 .1518981E+11   2300018E-01  .1860E+02  .8398E+01   .9999999  .0003108  .0002059
T 4253 19 .1518928E+11   2300016E-01 -.8554E+01  .4895E+01   .9999999 -.0000884 -.0000437
T 4254 19 .1519024E+11   2300019E-01 -.1061E+02  .1331E+01   .9999999 -.0001956  .0000686
T 4255 19 .1519028E+11   2300018E-01 -.7659E+01  .6252E+00   .9999999  .0001140  .0000565
T 4256 19 .1518957E+11   2300004E-01 -.1418E+01  .2866E+01   .9999999  .0000092  .0000746
T 4257 19 .1519002E+11   2300006E-01 -.1213E+01 -.1296E+02   .9999999  .0000848 -.0001919
T 4258 19 .1519076E+11   2300002E-01 -.1617E+02  .1971E+02   .9999999 -.0000744  .0000973
T 4259 19 .1519072E+11   2300020E-01 -.2650E+01  .1780E+02   .9999999 -.0000940  .0001588
T 4260 19 .1518970E+11   2300014E-01 -.2340E+02  .1869E+02   .9999999 -.0002135  .0002385
T 4261 19 .1519005E+11   2300009E-01 -.7696E+01  .3780E+01   .9999999 -.0000363  .0000021
T 4262 19 .1518992E+11   2300019E-01  .1125E+02 -.1955E+01   .9999999  .0001595  .0000975
T 4263 19 .1519035E+11   2300001E-01  .6230E+01  .6519E+01   .9999999  .0001401  .0000346
T 4264 19 .1518892E+11   2300022E-01 -.3307E+01  .3403E+01   .9999999 -.0000134  .0000639
T 4265 19 .1519019E+11   2300001E-01 -.1235E+02 -.1749E+02   .9999999 -.0000388 -.0002400
T 4266 19 .1519039E+11   2300003E-01 -.1592E+01  .3727E+01   .9999999 -.0000037 -.0000390
T 4267 19 .1518955E+11   2300016E-01 -.8068E+01  .1529E+02   .9999999 -.0001126  .0001337
T 4268 19 .1519048E+11   2300007E-01  .1139E+01 -.3431E+01   .9999999  .0000211  .0000284
T 4269 19 .1518906E+11   2300014E-01 -.2800E+01 -.3352E+00   .9999999 -.0000996  .0000443
T 4270 19 .1519133E+11   2300020E-01  .5646E+01 -.4482E+01   .9999999  .0000951 -.0001895
T 4271 19 .1518850E+11   2300017E-01 -.6773E+01 -.4943E+01   .9999999 -.0001816 -.0000605
T 4272 19 .1519179E+11   2300013E-01  .4273E+01  .8055E+01   .9999999 -.0000369  .0000495
T 4273 19 .1519014E+11   2300003E-01  .1773E+02  .1567E+00   .9999999  .0003307 -.0000099
T 4274 19 .1518939E+11   2300022E-01 -.2041E+01 -.9720E+01   .9999999 -.0000251  .0000122
T 4275 19 .1519122E+11   2300004E-01  .1257E+02 -.2478E+02   .9999999 -.0000010  .0000203
T 4276 19 .1518947E+11   2300006E-01  .1226E+02  .1201E+02   .9999999  .0000810  .0002053
T 4277 19 .1518937E+11   2300022E-01  .6807E+01 -.3799E+01   .9999999 -.0000772 -.0001867
T 4278 19 .1519026E+11   2300004E-01  .6259E+01  .1895E+02   .9999999  .0001715  .0002896
T 4279 19 .1518910E+11   2300018E-01  .3506E+01 -.1023E+02   .9999999  .0002426 -.0003048
T 4280 19 .1518856E+11   2300000E-01 -.5083E+02  .4856E+02   .9999999 -.0003159  .0003876
T 4281 19 .1519078E+11   2300003E-01  .4944E+01  .1062E+02   .9999999  .0000966  .0001505
T 4282 19 .1518869E+11   2300013E-01  .2981E+01 -.5188E+01   .9999999 -.0000187 -.0000901
T 4283 19 .1519030E+11   2300012E-01 -.1218E+02  .1115E+02   .9999999 -.0001352  .0001810
T 4284 19 .1518979E+11   2300020E-01  .6210E+01 -.2988E+02   .9999999  .0001153 -.0001781
T 4285 19 .1519183E+11   2300022E-01 -.1217E+01 -.1094E+00   .9999999 -.0000958 -.0000021
T 4286 19 .1519022E+11   2300022E-01  .7244E+02  .6680E+02   .9999939  .0025336  .0023926
T 4287 19 .1518937E+11   2300002E-01  .6228E+01 -.2471E+02   .9999999 -.0001735 -.0000865
T 4288 19 .1519000E+11   2300018E-01  .4470E+01  .2146E+01   .9999999  .0000263 -.0000280
T 4289 19 .1519031E+11   2300015E-01  .1104E+01  .6323E+01   .9999999  .0000472  .0000846
T 4290 19 .1518943E+11   2300017E-01 -.6163E+00  .1043E+02   .9999999 -.0000893  .0001466
T 4291 19 .1518952E+11   2300018E-01  .1253E+02  .5543E+01   .9999999  .0000953  .0000810
T 4292 19 .1518966E+11   2300017E-01  .1453E+02  .1158E+02   .9999999  .0000303  .0002371
T 4293 19 .1519049E+11   2300008E-01  .3838E+01  .1360E+02   .9999999  .0000197  .0000905
T 4294 19 .1519097E+11   2300018E-01 -.8224E+01  .1528E+02   .9999999 -.0000107  .0000591
T 4295 19 .1518974E+11   2300010E-01  .9504E+01  .1185E+02   .9999999  .0002297  .0003919
T 4296 19 .1519005E+11   2300009E-01 -.5112E+01  .5681E+01   .9999999 -.0000549  .0001072
T 4297 19 .1519014E+11   2300010E-01 -.4731E+01 -.1464E+02   .9999999 -.0000050 -.0000764
T 4298 19 .1519127E+11   2300013E-01 -.1785E+02 -.1621E+02   .9999999 -.0002488 -.0003913
T 4299 19 .1518959E+11   2300016E-01  .1802E+02 -.1192E+01   .9999999  .0002565 -.0000889
T 4300 19 .1519171E+11   2300021E-01  .7928E+01  .5998E-01   .9999999 -.0000140 -.0000615
T 4301 19 .1519039E+11   2300014E-01 -.5419E+01  .1133E+02   .9999999 -.0000134  .0001747
T 4302 19 .1518836E+11   2300000E-01 -.4427E+01 -.4478E+01   .9999999 -.0000331  .0001066
T 4303 19 .1518984E+11   2300022E-01 -.1505E+02 -.7038E+01   .9999999 -.0002330 -.0002681
T 4304 19 .1518998E+11   2300015E-01 -.9903E-01 -.1332E+01   .9999999 -.0001065 -.0001767
T 4305 19 .1519082E+11   2300010E-01  .1360E+01 -.1283E+02   .9999999  .0000517 -.0001381
T 4306 19 .1519046E+11   2300010E-01  .1115E+02 -.1524E+02   .9999999  .0001715 -.0001833
T 4307 19 .1518950E+11   2300017E-01  .1153E+01 -.3971E+01   .9999999  .0001279 -.0000466
T 4308 19 .1518995E+11   2300015E-01 -.1454E+01  .2509E+01   .9999999  .0000936  .0000732
T 4309 19 .1519111E+11   2300005E-01 -.2595E+01  .1776E+02   .9999999  .0000142  .0000076
T 4310 19 .1519033E+11   2300004E-01 -.2188E+02  .8187E+01   .9999999 -.0003007  .0000179
T 4311 19 .1519013E+11   2300022E-01  .1494E+02  .8875E+01   .9999999  .0000537  .0000546
T 4312 19 .1518994E+11   2300017E-01 -.9163E+01 -.9711E+01   .9999999 -.0001208 -.0001784
T 4313 19 .1519056E+11   2300009E-01 -.4299E+01 -.6278E+00   .9999999  .0000382  .0000194
T 4314 19 .1518967E+11   2300002E-01 -.3300E+01 -.1172E+02   .9999999 -.0000809 -.0000334
T 4315 19 .1518975E+11   2300009E-01 -.7560E+00  .1723E+02   .9999999 -.0001431  .0002451
T 4316 19 .1519116E+11   2300019E-01 -.7058E+01 -.4109E+01   .9999999 -.0000995 -.0000074
T 4317 19 .1518921E+11   2300021E-01  .1721E+00 -.7933E+01   .9999999 -.0000060  .0000077
T 4318 19 .1518972E+11   2300004E-01  .8376E-01  .7066E+01   .9999999  .0000948  .0000152
T 4319 19 .1518962E+11   2300002E-01 -.3881E+01 -.1340E+01   .9999999 -.0000531  .0000485
T 4320 19 .1518982E+11   2300003E-01 -.8875E+01 -.1888E+01   .9999999 -.0003116 -.0000378
T 4321 19 .1519156E+11   2300022E-01  .1320E+02 -.2131E+02   .9999999  .0001622 -.0002883
T 4322 19 .1519008E+11   2300019E-01 -.7827E+01  .2843E+01   .9999999  .0000415  .0000398
T 4323 19 .1518993E+11   2300014E-01  .2750E+02  .3594E+01   .9999999  .0002595  .0000053
T 4324 19 .1518934E+11   2300008E-01 -.2009E+02  .6100E+01   .9999999 -.0000933  .0001872
T 4325 19 .1519017E+11   2300007E-01  .1497E+01 -.7968E+01   .9999999 -.0000295 -.0000459
T 4326 19 .1518924E+11   2300020E-01  .1491E+02  .7499E+01   .9999999  .0002440  .0001887
T 4327 19 .1518932E+11   2300008E-01  .4644E+01  .1318E+01   .9999999  .0000608 -.0000242
T 4328 19 .1518808E+11   2300010E-01 -.2161E+02 -.3863E+01   .9999999 -.0001972 -.0001313
T 4329 19 .1518976E+11   2300013E-01  .1739E+01 -.1333E+01   .9999999  .0000348 -.0000092
T 4330 19 .1518877E+11   2300009E-01 -.2383E+01  .3144E+02   .9999997  .0000947  .0007734
T 4331 19 .1519058E+11   2300004E-01  .3104E+02 -.2248E+02   .9999999  .0000508 -.0002945
T 4332 19 .1518990E+11   2300003E-01  .1114E+02 -.4493E+01   .9999999  .0001741 -.0001852
T 4333 19 .1519049E+11   2300022E-01  .2136E+02  .4840E+01   .9999999  .0001921  .0000059
T 4334 19 .1519139E+11   2300007E-01 -.9985E+01 -.2351E+01   .9999999 -.0000766 -.0002079
T 4335 19 .1518987E+11   2300000E-01  .3594E-02 -.8795E+01   .9999999  .0000014 -.0000966
T 4336 19 .1519083E+11   2300008E-01  .1464E+01  .6736E+01   .9999999  .0000665  .0001631
T 4337 19 .1518742E+11   2300003E-01 -.1203E+02  .4665E+01   .9999999 -.0001159  .0001535
T 4338 19 .1518936E+11   2300022E-01  .2668E+02 -.1840E+02   .9999999  .0001351 -.0001443
T 4339 19 .1518977E+11   2300019E-01 -.1395E+01  .3525E+01   .9999999  .0000494 -.0000148
T 4340 19 .1519010E+11   2300018E-01 -.1127E+02 -.2233E+02   .9999999 -.0002155 -.0001037
T 4341 19 .1519000E+11   2300015E-01 -.7749E+01  .5917E+01   .9999999 -.0000701  .0001891
T 4342 19 .1519008E+11   2300012E-01 -.6116E+01  .2812E+02   .9999999 -.0000785  .0004177
T 4343 19 .1518908E+11   2300007E-01  .2101E+02 -.2760E+02   .9999999  .0003208 -.0003726
T 4344 19 .1519165E+11   2300015E-01 -.6070E+01 -.4822E+01   .9999999 -.0000026  .0000005
T 4345 19 .1518874E+11   2300007E-01 -.4337E+01 -.3298E+02   .9999999  .0000654 -.0001636
T 4346 19 .1518910E+11   2300003E-01 -.2395E+01 -.7325E+01   .9999999 -.0000451  .0000481
T 4347 19 .1519160E+11   2300019E-01 -.7485E+01 -.1118E+02   .9999999 -.0001587 -.0002612
T 4348 19 .1519064E+11   2300001E-01  .1462E+02 -.7492E+01   .9999999  .0004186 -.0002045
T 4349 19 .1518896E+11   2300006E-01  .3595E+02 -.6650E+01   .9999999  .0002657 -.0000712
T 4350 19 .1519075E+11   2300014E-01  .4180E+00 -.2298E+01   .9999999 -.0000287 -.0000407
T 4351 19 .1518953E+11   2300004E-01 -.5757E+01  .1219E+02   .9999999 -.0001358  .0000395
T 4352 19 .1519126E+11   2300010E-01  .9718E+01  .6196E+01   .9999999  .0000738 -.0000058
T 4353 19 .1518988E+11   2300018E-01 -.1169E+02 -.1260E+01   .9999999 -.0001263 -.0000528
T 4354 19 .1519165E+11   2300010E-01 -.5647E+01 -.9086E+01   .9999999  .0000252 -.0001794
T 4355 19 .1518994E+11   2300018E-01 -.2693E+02  .8490E+01   .9999999 -.0002784 -.0000645
T 4356 19 .1518928E+11   2300020E-01 -.1866E+02 -.2076E+02   .9999999 -.0001831 -.0002815
T 4357 19 .1518993E+11   2300022E-01  .1197E+02 -.2135E+02   .9999999  .0001066 -.0002846
T 4358 19 .1518992E+11   2300020E-01 -.3755E+01  .6942E+01   .9999999  .0000010  .0000018
T 4359 19 .1518918E+11   2300005E-01 -.3566E+01 -.1070E+02   .9999999 -.0000678 -.0000352
T 4360 19 .1518997E+11   2300010E-01 -.8931E+00  .1177E+01   .9999999 -.0001182  .0001906
T 4361 19 .1518878E+11   2300015E-01 -.4635E+01 -.9372E+01   .9999999 -.0001449 -.0000829
T 4362 19 .1519000E+11   2300022E-01 -.2383E+01 -.5132E+01   .9999999 -.0000206 -.0000242
T 4363 19 .1518922E+11   2300007E-01 -.9593E+01 -.3733E+01   .9999999 -.0000452 -.0000674
T 4364 19 .1519057E+11   2300010E-01 -.1471E+02  .2998E+02   .9999999 -.0001743  .0004013
T 4365 19 .1519063E+11   2300013E-01  .9166E+01 -.9486E+01   .9999999  .0000103 -.0000540
T 4366 19 .1518836E+11   2300000E-01 -.1316E+02  .7682E+01   .9999999 -.0001351  .0000548
T 4367 19 .1519027E+11   2300006E-01  .1369E+01 -.1415E+02   .9999999  .0001544 -.0001375
T 4368 19 .1518972E+11   2300020E-01 -.1108E+01  .1472E+01   .9999999 -.0000306 -.0000049
T 4369 19 .1519019E+11   2300019E-01 -.1241E+01  .2954E+01   .9999999 -.0000614  .0000046
T 4370 19 .1519031E+11   2300020E-01  .8682E+01  .1328E+02   .9999999  .0000015  .0003022
T 4371 19 .1519061E+11   2300021E-01  .1268E+02 -.2747E+02   .9999996  .0004774 -.0007174
T 4372 19 .1519007E+11   2300021E-01  .2333E+00  .5619E+00   .9999999  .0000828 -.0000173
T 4373 19 .1519159E+11   2300011E-01 -.1596E+02 -.2344E+01   .9999999 -.0002839 -.0000589
T 4374 19 .1519076E+11   2300011E-01  .1187E+01  .1949E+01   .9999999 -.0000289  .0000040
T 4375 19 .1518991E+11   2300006E-01  .9717E+01  .1504E+02   .9999999  .0001631  .0001621
T 4376 19 .1518884E+11   2300006E-01 -.2094E+02  .9536E+01   .9999999 -.0003652 -.0000050
T 4377 19 .1519141E+11   2300021E-01 -.1647E+02  .7564E+01   .9999999 -.0002390  .0001432
T 4378 19 .1518963E+11   2300020E-01 -.1289E+02  .4583E+01   .9999999 -.0002326  .0000234
T 4379 19 .1519085E+11   2300018E-01 -.1507E+01  .9113E+01   .9999999  .0000807  .0000186
T 4380 19 .1518932E+11   2300002E-01 -.4196E+01 -.7772E+01   .9999999  .0000291 -.0001930
T 4381 19 .1518944E+11   2300003E-01 -.8266E+00  .1297E+02   .9999999  .0000364  .0001875
T 4382 19 .1519036E+11   2300014E-01  .9283E+01  .1773E+01   .9999999  .0000883 -.0000298
T 4383 19 .1519001E+11   2300020E-01  .8872E+01  .3409E+01   .9999999  .0001388  .0000347
T 4384 19 .1518951E+11   2300023E-01  .2052E+01  .1715E+02   .9999999 -.0000574  .0001185
T 4385 19 .1519011E+11   2300004E-01  .1858E+02  .2479E+01   .9999999  .0003233  .0000449
T 4386 19 .1519054E+11   2300012E-01  .1598E+01 -.1445E+02   .9999999  .0001091 -.0000940
T 4387 19 .1519204E+11   2300002E-01  .9912E+01  .1887E+02   .9999999  .0001652  .0002491
T 4388 19 .1518972E+11   2300011E-01 -.5843E+01 -.2826E+01   .9999999 -.0000797 -.0001165
T 4389 19 .1519142E+11   2300010E-01 -.2016E+01 -.7461E+01   .9999999  .0000079 -.0001021
T 4390 19 .1518898E+11   2300012E-01  .2990E+01 -.7508E+01   .9999999  .0000392 -.0001870
T 4391 19 .1519128E+11   2300001E-01  .1150E+01 -.5439E+00   .9999999 -.0000422 -.0000722
T 4392 19 .1519181E+11   2300016E-01 -.8739E+01  .7042E+01   .9999999 -.0000792  .0000351
T 4393 19 .1518938E+11   2300006E-01  .1469E+01 -.4697E+01   .9999999 -.0000211 -.0002274
T 4394 19 .1518959E+11   2300001E-01 -.3480E+01 -.5180E+01   .9999999 -.0000683 -.0000233
T 4395 19 .1518971E+11   2300020E-01  .6077E+01  .1929E+02   .9999999  .0001102 -.0000095
T 4396 19 .1518794E+11   2300015E-01  .1344E+02  .3543E+01   .9999999  .0001368  .0000438
T 4397 19 .1518986E+11   2300019E-01 -.7313E+01  .7735E+01   .9999999 -.0001956  .0000965
T 4398 19 .1518782E+11   2300021E-01 -.7151E+01 -.8977E+01   .9999999 -.0002854 -.0001554
T 4399 19 .1519043E+11   2300016E-01 -.5133E+01 -.2714E+00   .9999999  .0000135  .0000673
T 4400 19 .1518967E+11   2300012E-01 -.5471E+01 -.2633E+01   .9999999  .0000339  .0000556
T 4401 19 .1519156E+11   2300016E-01 -.1665E+02 -.9371E+01   .9999999 -.0002112 -.0000082
T 4402 19 .1518989E+11   2300017E-01 -.1313E+02 -.1517E+02   .9999999  .0000112 -.0003987
T 4403 19 .1519044E+11   2300001E-01  .1048E+02  .2609E+01   .9999999  .0000926  .0000559
T 4404 19 .1518999E+11   2300012E-01 -.8263E+01 -.2728E-01   .9999999 -.0000565 -.0001272
T 4405 19 .1518848E+11   2300003E-01  .1521E+02 -.9763E+01   .9999999  .0001456 -.0000710
T 4406 19 .1519083E+11   2300012E-01  .8128E+01 -.1092E+02   .9999999  .0001381 -.0001634
T 4407 19 .1518995E+11   2300014E-01  .1247E+02 -.3174E+01   .9999999  .0002335 -.0002073
T 4408 19 .1518961E+11   2300019E-01 -.2691E+02 -.8603E+01   .9999999 -.0002235 -.0000834
T 4409 19 .1518862E+11   2300016E-01  .1558E+02 -.2792E+02   .9999999  .0001386 -.0002478
T 4410 19 .1518941E+11   2300011E-01 -.1614E+02 -.1338E+02   .9999999 -.0002358 -.0001491
T 4411 19 .1518923E+11   2300001E-01 -.4046E+00 -.5927E+01   .9999999  .0000786 -.0000454
T 4412 19 .1518907E+11   2300016E-01  .2940E+01 -.1067E+02   .9999999  .0002154 -.0003245
T 4413 19 .1519037E+11   2300020E-01  .6737E+00 -.4849E+01   .9999999 -.0000475 -.0000518
T 4414 19 .1519022E+11   2300015E-01 -.1950E+02 -.1525E+02   .9999999 -.0002080 -.0001809
T 4415 19 .1519060E+11   2300002E-01 -.7308E+01 -.1605E+01   .9999999 -.0000924 -.0000607
T 4416 19 .1519112E+11   2300013E-01  .8868E+01 -.9680E+01   .9999999  .0000828 -.0002071
T 4417 19 .1518985E+11   2300005E-01  .1168E+01 -.2373E+01   .9999999 -.0000349  .0000608
T 4418 19 .1518964E+11   2300000E-01  .1057E+02  .1186E+02   .9999999  .0001128 -.0000352
T 4419 19 .1518834E+11   2300000E-01  .5694E+01 -.1582E+02   .9999999  .0001197 -.0002045
T 4420 19 .1518951E+11   2300015E-01  .7221E+01  .1073E+01   .9999999  .0000090 -.0000076
T 4421 19 .1518889E+11   2300017E-01 -.1783E+01 -.3208E+01   .9999999  .0000183  .0001057
T 4422 19 .1519004E+11   2300018E-01  .1409E+02 -.1491E+02   .9999999  .0002462 -.0003272
T 4423 19 .1518964E+11   2300013E-01  .1848E+01 -.4991E+00   .9999999  .0000694 -.0000413
T 4424 19 .1518856E+11   2300018E-01 -.8605E+01  .1291E+02   .9999999 -.0001614  .0001480
T 4425 19 .1518930E+11   2300000E-01  .1565E+02  .1098E+02   .9999999  .0001956  .0001170
T 4426 19 .1518955E+11   2300019E-01  .2325E+01  .1506E+02   .9999999 -.0000020  .0001283
T 4427 19 .1518974E+11   2300010E-01  .4110E+01 -.5123E+01   .9999999  .0000524 -.0000570
T 4428 19 .1519075E+11   2300009E-01 -.1168E+02  .1448E+02   .9999999 -.0002711  .0000841
T 4429 19 .1518957E+11   2300011E-01 -.1906E+02  .1046E+02   .9999999 -.0002547  .0000724
T 4430 19 .1519061E+11   2300017E-01  .6335E+01  .6813E+01   .9999999  .0000412  .0001504
T 4431 19 .1518993E+11   2300012E-01 -.7776E+00 -.2139E+02   .9999999 -.0001266 -.0002984
T 4432 19 .1518907E+11   2300007E-01 -.1996E+02  .4731E+00   .9999999 -.0001575  .0000668
T 4433 19 .1519110E+11   2300022E-01 -.2189E+01 -.5471E+01   .9999999 -.0001049  .0001305
T 4434 19 .1519038E+11   2300013E-01 -.3561E+01 -.4292E+01   .9999999 -.0000172 -.0000149
T 4435 19 .1518984E+11   2300013E-01  .6939E+00 -.1183E+02   .9999999 -.0000371 -.0002717
T 4436 19 .1519090E+11   2300022E-01 -.1419E+02  .5168E+01   .9999999 -.0001753  .0000427
T 4437 19 .1519091E+11   2300021E-01  .9475E+01 -.4903E+01   .9999999  .0001352 -.0000740
T 4438 19 .1518975E+11   2300003E-01 -.2203E+01  .7145E+01   .9999999 -.0000050 -.0000422
T 4439 19 .1519103E+11   2300022E-01 -.1206E+01 -.1507E+02   .9999999  .0000931 -.0001883
T 4440 19 .1519130E+11   2300000E-01  .2461E+02 -.9249E+01   .9999999  .0004329 -.0000973
T 4441 19 .1518988E+11   2300003E-01 -.1211E+02 -.1561E+02   .9999999 -.0001317 -.0001233
T 4442 19 .1519003E+11   2300007E-01  .8174E+01 -.1615E+02   .9999999  .0001295 -.0001118
T 4443 19 .1519069E+11   2300011E-01  .1490E+01 -.2291E+02   .9999999  .0001463 -.0003009
T 4444 19 .1519101E+11   2300020E-01  .3847E+01 -.4951E+00   .9999999  .0000629  .0000997
T 4445 19 .1519019E+11   2300019E-01 -.1349E+02 -.1478E+02   .9999999 -.0000652 -.0002871
T 4446 19 .1519090E+11   2300004E-01  .8293E+01  .6442E+01   .9999999  .0000806  .0000551
T 4447 19 .1519036E+11   2300001E-01 -.6116E+01 -.4565E+01   .9999999 -.0000686  .0001746
T 4448 19 .1518963E+11   2300012E-01 -.5614E+01 -.2023E+02   .9999999 -.0001845 -.0002064
T 4449 19 .1518862E+11   2300004E-01  .4704E+01  .5737E+01   .9999999  .0000684  .0000727
T 4450 19 .1518913E+11   2300011E-01 -.9521E+01  .4221E+01   .9999999 -.0001637  .0002315
T 4451 19 .1518907E+11   2300014E-01  .1252E+02  .8262E+01   .9999999  .0000968  .0000274
T 4452 19 .1519148E+11   2300001E-01  .1182E+02  .7310E+01   .9999999  .0001183  .0001795
T 4453 19 .1519040E+11   2300008E-01  .2423E+01 -.9839E+01   .9999999  .0000002 -.0000920
T 4454 19 .1518983E+11   2300007E-01  .6791E+01  .7281E+01   .9999999  .0001786  .0001903
T 4455 19 .1518857E+11   2300021E-01 -.1499E+02 -.1090E+00   .9999999 -.0001492  .0000273
T 4456 19 .1518992E+11   2300001E-01  .3172E+02 -.5245E+01   .9999961  .0020207 -.0019234
T 4457 19 .1519024E+11   2300001E-01  .1114E+02  .1462E+02   .9999999  .0002220  .0001520
T 4458 19 .1519033E+11   2300015E-01 -.1306E+02  .1807E+02   .9999999 -.0001703  .0001432
T 4459 19 .1518810E+11   2300016E-01 -.8718E+01 -.9288E+01   .9999999 -.0002274 -.0001250
T 4460 19 .1518857E+11   2300002E-01 -.2212E+01 -.1849E+02   .9999999  .0000187 -.0001183
T 4461 19 .1518977E+11   2300011E-01 -.2026E+02 -.1005E+02   .9999999 -.0002549 -.0000689
T 4462 19 .1519004E+11   2300011E-01  .4450E+01  .1489E+02   .9999999  .0000072  .0001652
T 4463 19 .1519003E+11   2300008E-01 -.9516E+00 -.2978E+02   .9999999 -.0000056 -.0002119
T 4464 19 .1519056E+11   2300010E-01  .1130E+02 -.1442E+02   .9999999  .0000340 -.0002213
T 4465 19 .1519076E+11   2300020E-01  .3188E+02 -.1745E+02   .9999999  .0004710 -.0002087
T 4466 19 .1518867E+11   2300001E-01  .3287E+01 -.2186E+02   .9999999  .0001463 -.0002997
T 4467 19 .1519078E+11   2300012E-01  .5816E+01  .1067E+02   .9999999  .0000442  .0000858
T 4468 19 .1518952E+11   2300017E-01  .1469E+02 -.4491E+01   .9999999  .0001680 -.0001903
T 4469 19 .1519094E+11   2300023E-01 -.1339E+02 -.1593E+02   .9999999 -.0000598 -.0002083
T 4470 19 .1518933E+11   2300022E-01  .4545E+01 -.7135E+01   .9999999  .0001937 -.0000090
T 4471 19 .1518997E+11   2300004E-01  .3348E+01  .1048E+02   .9999999  .0000185  .0001170
T 4472 19 .1519014E+11   2300015E-01  .1024E+02  .7132E+01   .9999999  .0002583 -.0000533
T 4473 19 .1519055E+11   2300014E-01  .1065E+02  .6633E+00   .9999999  .0001569  .0000288
T 4474 19 .1518997E+11   2300021E-01  .1854E+02 -.2091E+02   .9999999  .0001537 -.0002936
T 4475 19 .1518893E+11   2300017E-01 -.5878E+01  .7534E+01   .9999999  .0001490  .0001259
T 4476 19 .1518909E+11   2300016E-01 -.1464E+02 -.2583E+02   .9999999 -.0001951 -.0002448
T 4477 19 .1519054E+11   2300019E-01 -.1037E+02 -.2133E+01   .9999999 -.0000714 -.0000828
T 4478 19 .1519015E+11   2300018E-01 -.4162E+02 -.2757E+02   .9999997 -.0006824 -.0003378
T 4479 19 .1518860E+11   2300017E-01  .1976E+02  .3483E+02   .9999998  .0002942  .0005733
T 4480 19 .1518908E+11   2300007E-01 -.1626E+02 -.4523E+01   .9999999 -.0000925  .0000791
T 4481 19 .1518884E+11   2300021E-01 -.9706E+01 -.1182E+02   .9999999 -.0001220 -.0001308
T 4482 19 .1519055E+11   2300008E-01 -.8940E+01  .2328E+01   .9999999 -.0000083  .0000615
T 4483 19 .1518923E+11   2300004E-01  .3790E+02  .1775E+02   .9999999  .0004233  .0001387
T 4484 19 .1519024E+11   2300022E-01  .1499E+01 -.1145E+02   .9999999 -.0001783 -.0000948
T 4485 19 .1518959E+11   2300013E-01 -.5751E+01  .1373E+02   .9999999 -.0001062  .0001513
T 4486 19 .1518924E+11   2300006E-01  .1331E+02  .4396E+01   .9999999  .0000247 -.0000347
T 4487 19 .1519077E+11   2300017E-01  .1889E+02  .4839E+00   .9999999  .0000805 -.0001646
T 4488 19 .1519101E+11   2300002E-01 -.1588E+02 -.9711E+01   .9999999 -.0001098  .0000036
T 4489 19 .1518977E+11   2300017E-01 -.3901E+02  .5244E+01   .9999999  .0000167 -.0001290
T 4490 19 .1519036E+11   2300017E-01  .9246E+01 -.1106E+02   .9999999  .0001631 -.0001166
T 4491 19 .1518992E+11   2300021E-01  .5612E+01  .9993E+01   .9999999  .0001534  .0000903
T 4492 19 .1519021E+11   2300010E-01  .1047E+02  .8532E+01   .9999999 -.0000668  .0001220
T 4493 19 .1519033E+11   2300012E-01  .1678E+02 -.2382E+01   .9999999  .0002450 -.0000597
T 4494 19 .1518836E+11   2300006E-01  .8894E+01  .2707E+02   .9999999  .0001784  .0003978
T 4495 19 .1518859E+11   2300014E-01 -.1770E+02  .1662E+02   .9999999 -.0002641  .0001978
T 4496 19 .1518938E+11   2300021E-01 -.7779E+01  .4498E+01   .9999999 -.0000930 -.0000769
T 4497 19 .1519169E+11   2300015E-01  .1620E+00 -.1247E+01   .9999999  .0000407  .0000089
T 4498 19 .1518929E+11   2300010E-01  .4129E+01  .3503E+01   .9999999  .0000883 -.0000352
T 4499 19 .1519127E+11   2300010E-01  .4962E+01 -.1089E+02   .9999999 -.0002447 -.0001866
T 4500 19 .1519025E+11   2300007E-01 -.1479E+02  .9263E+01   .9999999 -.0002483  .0000972
T 4501 19 .1518975E+11   2300021E-01 -.1205E+02  .1781E+02   .9999999 -.0000010  .0003826
T 4502 19 .1518930E+11   2300001E-01 -.1674E+01  .7920E+01   .9999999 -.0000783 -.0001513
T 4503 19 .1519056E+11   2300009E-01  .9288E+01 -.2697E+01   .9999999  .0000924 -.0000836
T 4504 19 .1519086E+11   2300000E-01  .1324E+02  .1012E+01   .9999999  .0001431 -.0001189
T 4505 19 .1518881E+11   2300023E-01  .3820E+02 -.6685E+01   .9999998  .0006315 -.0000945
T 4506 19 .1518918E+11   2300008E-01 -.2370E+01  .1460E+02   .9999999 -.0000942  .0002675
T 4507 19 .1518831E+11   2300006E-01  .8475E+00  .2660E+01   .9999999  .0000308 -.0000487
T 4508 19 .1518931E+11   2300015E-01 -.1224E+02 -.1540E+02   .9999999 -.0001176 -.0002100
T 4509 19 .1518912E+11   2300013E-01  .9260E+01 -.2190E+01   .9999999  .0000446 -.0000350
T 4510 19 .1518885E+11   2300020E-01 -.1235E+02  .1204E+01   .9999999 -.0001549  .0001437
T 4511 19 .1518898E+11   2300004E-01 -.1005E+02  .1847E+01   .9999999 -.0000141  .0000893
T 4512 19 .1518889E+11   2300017E-01  .1993E+02 -.6386E+01   .9999999  .0002703 -.0000348
T 4513 19 .1519033E+11   2300020E-01  .4398E+01 -.1677E+02   .9999999  .0000377 -.0002169
T 4514 19 .1518963E+11   2300017E-01 -.1998E+01 -.5675E+01   .9999999 -.0000641 -.0000502
T 4515 19 .1519018E+11   2300009E-01  .3693E+01 -.7024E+01   .9999999  .0000377 -.0000441
T 4516 19 .1519010E+11   2300017E-01  .1268E+00  .2404E+02   .9999999 -.0000647  .0003273
T 4517 19 .1518828E+11   2300015E-01  .1321E+02  .4026E+01   .9999999  .0001722  .0001140
T 4518 19 .1519066E+11   2300019E-01 -.1679E+01 -.9193E+00   .9999999 -.0000318  .0000334
T 4519 19 .1519040E+11   2300002E-01  .1372E+02 -.9192E+00   .9999999  .0000309  .0001252
T 4520 19 .1519019E+11   2300017E-01  .1113E+02  .2450E+02   .9999999  .0001930  .0002552
T 4521 19 .1519006E+11   2300009E-01  .1711E+01 -.1035E+02   .9999999  .0002908 -.0001226
T 4522 19 .1519022E+11   2300022E-01  .1713E+02  .3549E+01   .9999999  .0001777  .0001275
T 4523 19 .1518912E+11   2300011E-01 -.1274E+02 -.4740E+01   .9999999 -.0002301  .0000923
T 4524 19 .1518936E+11   2300015E-01 -.2398E+01  .1938E+02   .9999999 -.0000904  .0000606
T 4525 19 .1518964E+11   2300022E-01  .1353E+02 -.9144E+01   .9999999  .0001926 -.0000639
T 4526 19 .1518893E+11   2300002E-01 -.9644E+01  .9348E+01   .9999999 -.0001215  .0001158
T 4527 19 .1519077E+11   2300012E-01  .1989E+03 -.1077E+03   .9999992  .0011412 -.0005537
T 4528 19 .1518957E+11   2300014E-01 -.2185E+01 -.2336E+02   .9999999  .0000939 -.0002421
T 4529 19 .1519057E+11   2300017E-01 -.1196E-01  .2084E+01   .9999999 -.0000030 -.0000041
T 4530 19 .1518901E+11   2300001E-01  .2737E+02 -.1717E+02   .9999999  .0002764 -.0001240
T 4531 19 .1519053E+11   2300013E-01 -.1089E+02  .2413E+01   .9999999 -.0001194  .0000438
T 4532 19 .1519082E+11   2300008E-01 -.1041E+02 -.8014E+01   .9999999 -.0000532 -.0001012
T 4533 19 .1519122E+11   2300018E-01  .2093E+02 -.8538E+01   .9999999  .0003595  .0000922
T 4534 19 .1518881E+11   2300004E-01  .2761E+01 -.2824E+01   .9999999 -.0000199 -.0000699
T 4535 19 .1519099E+11   2300008E-01  .2377E+01 -.4355E+01   .9999999  .0000297 -.0000009
T 4536 19 .1519065E+11   2300008E-01  .3391E+01  .5662E+01   .9999999 -.0000495  .0001247
T 4537 19 .1518960E+11   2300008E-01 -.1001E+02 -.1352E+01   .9999999 -.0000435 -.0000556
T 4538 19 .1519112E+11   2300007E-01  .4623E+02  .6298E+01   .9999998  .0006197  .0000543
T 4539 19 .1519018E+11   2300001E-01 -.1919E+01  .5574E+01   .9999999  .0000507  .0001113
T 4540 19 .1519019E+11   2300023E-01 -.1345E+02 -.1240E+02   .9999999 -.0002152 -.0001181
T 4541 19 .1518891E+11   2300011E-01 -.1284E+02 -.1188E+02   .9999999 -.0000809 -.0001347
T 4542 19 .1519097E+11   2300014E-01  .2019E+02 -.9559E+01   .9999999  .0002018 -.0001058
T 4543 19 .1519134E+11   2300010E-01 -.4393E+01  .5188E+01   .9999999  .0000961  .0001074
T 4544 19 .1519083E+11   2300001E-01  .2145E+02  .1375E+02   .9999999  .0002887  .0001141
T 4545 19 .1518946E+11   2300018E-01  .4413E+01  .4278E+01   .9999999  .0000104  .0000878
T 4546 19 .1519096E+11   2300021E-01  .9025E+01  .8104E+01   .9999999  .0001020  .0002111
T 4547 19 .1519034E+11   2300009E-01 -.3522E+01  .8901E+01   .9999999 -.0000057  .0001561
T 4548 19 .1519049E+11   2300015E-01  .9889E+01 -.2303E+02   .9999999 -.0000080 -.0003234
T 4549 19 .1519038E+11   2300020E-01 -.3925E+01 -.1728E+02   .9999999  .0000665 -.0001842
T 4550 19 .1518983E+11   2300000E-01  .5568E+01 -.2252E+01   .9999999 -.0001294 -.0001960
T 4551 19 .1519101E+11   2300006E-01 -.1043E+01 -.1284E+02   .9999999  .0001053 -.0001846
T 4552 19 .1518993E+11   2300007E-01 -.1112E+02 -.1963E+02   .9999999 -.0000672 -.0001921
T 4553 19 .1518827E+11   2300010E-01  .1147E+02  .2998E+01   .9999999  .0001398  .0000523
T 4554 19 .1518963E+11   2300011E-01 -.1117E+02  .7120E+01   .9999999 -.0000702  .0001676
T 4555 19 .1519057E+11   2300003E-01 -.3363E+01 -.6777E+01   .9999999 -.0000379 -.0001626
T 4556 19 .1519031E+11   2300017E-01 -.1255E+01  .7283E+01   .9999999 -.0000867  .0000333
T 4557 19 .1518890E+11   2300019E-01 -.1117E+01  .8139E+01   .9999999  .0000904  .0000173
T 4558 19 .1519012E+11   2300001E-01  .6399E+00 -.5832E+01   .9999999 -.0002061 -.0001909
T 4559 19 .1519025E+11   2300013E-01  .2211E+02 -.2369E+02   .9999999  .0001431 -.0002074
T 4560 19 .1519058E+11   2300006E-01  .1546E+02  .1879E+02   .9999999  .0002175  .0001930
T 4561 19 .1518965E+11   2300013E-01 -.4038E+01 -.1259E+02   .9999999 -.0000826 -.0001752
T 4562 19 .1518907E+11   2300002E-01 -.5113E+01  .1815E+01   .9999999 -.0000452 -.0000383
T 4563 19 .1518988E+11   2300011E-01 -.8405E+01 -.7409E+01   .9999999  .0000090 -.0002188
T 4564 19 .1519141E+11   2300009E-01  .1563E+02  .1588E+02   .9999999  .0002773  .0001891
T 4565 19 .1519049E+11   2300022E-01 -.1041E+02  .8455E+01   .9999999 -.0002769 -.0000760
T 4566 19 .1518937E+11   2300021E-01 -.3325E+02 -.1500E+02   .9999999 -.0004019 -.0001238
T 4567 19 .1518919E+11   2300006E-01  .8734E+00 -.2352E+02   .9999999  .0000709 -.0001637
T 4568 19 .1518980E+11   2300017E-01 -.2603E+02  .6495E+01   .9999999 -.0004502  .0001832
T 4569 19 .1519008E+11   2300006E-01 -.8638E+01 -.5471E+01   .9999999 -.0000619  .0000631
T 4570 19 .1519020E+11   2300002E-01 -.4197E+01  .2785E+00   .9999999 -.0001852 -.0000083
T 4571 19 .1519037E+11   2300019E-01 -.2116E+02 -.4050E+01   .9999999 -.0001198 -.0001536
T 4572 19 .1519179E+11   2300017E-01 -.2841E+01  .1353E+01   .9999999 -.0000250  .0000393
T 4573 19 .1518939E+11   2300020E-01  .4969E+02  .1411E+02   .9999999  .0005123  .0001473
T 4574 19 .1519037E+11   2300017E-01 -.2418E+02 -.9073E+01   .9999999 -.0002064 -.0001568
T 4575 19 .1519070E+11   2300019E-01  .1093E+02 -.2538E+01   .9999999  .0001268 -.0000077
T 4576 19 .1518973E+11   2300000E-01 -.4833E+00 -.1043E+02   .9999999  .0000055 -.0001550
T 4577 19 .1518885E+11   2300010E-01 -.2384E+02  .2197E+01   .9999999 -.0001081  .0000585
T 4578 19 .1518955E+11   2300010E-01  .9733E+01 -.1040E+02   .9999999  .0001277 -.0001511
T 4579 19 .1519091E+11   2300015E-01  .1007E+02  .2533E+01   .9999999  .0002106  .0000057
T 4580 19 .1518976E+11   2300009E-01 -.1136E+01  .1885E+02   .9999999  .0000065  .0002250
T 4581 19 .1519051E+11   2300018E-01 -.1727E+02  .4289E+01   .9999999 -.0002750 -.0000804
T 4582 19 .1519162E+11   2300013E-01 -.6382E+01 -.3829E+01   .9999999 -.0001385 -.0000894
T 4583 19 .1518985E+11   2300022E-01 -.5774E+01 -.1061E+02   .9999999 -.0000271 -.0001079
T 4584 19 .1518935E+11   2300016E-01 -.1596E+02 -.5567E+01   .9999999 -.0001006 -.0003286
T 4585 19 .1519047E+11   2300011E-01  .2007E+02 -.3748E+02   .9999999  .0001946 -.0005082
T 4586 19 .1519120E+11   2300021E-01  .3119E+01  .1680E+02   .9999999 -.0000518  .0001396
T 4587 19 .1519045E+11   2300021E-01  .1382E+02  .7271E+01   .9999999  .0001360  .0002094
T 4588 19 .1519032E+11   2300001E-01  .2872E+01 -.6225E+01   .9999999 -.0000079 -.0000351
T 4589 19 .1519039E+11   2300001E-01 -.7004E+01  .3962E+01   .9999999 -.0000033  .0000730
T 4590 19 .1518935E+11   2300000E-01  .9083E+00  .1083E+02   .9999999 -.0000426 -.0000012
T 4591 19 .1518773E+11   2300006E-01 -.1218E+01  .2059E+02   .9999999 -.0000761  .0002735
T 4592 19 .1518889E+11   2300007E-01  .4250E+01 -.1824E+02   .9999999 -.0000479 -.0003506
T 4593 19 .1519024E+11   2300014E-01 -.1112E+02 -.1506E+01   .9999999 -.0000790  .0000780
T 4594 19 .1519021E+11   2300003E-01 -.1872E+02 -.9723E+00   .9999999 -.0003623 -.0000138
T 4595 19 .1518924E+11   2300007E-01  .3304E+01 -.1291E+02   .9999999  .0001379 -.0002735
T 4596 19 .1519054E+11   2300005E-01 -.4737E+01  .2579E+02   .9999999 -.0000558  .0003346
T 4597 19 .1519083E+11   2300008E-01 -.2751E+00 -.1930E+01   .9999999 -.0000621  .0000390
T 4598 19 .1518951E+11   2300008E-01 -.8233E+01 -.1650E+02   .9999999  .0001003 -.0002661
T 4599 19 .1518908E+11   2300019E-01  .1460E+02 -.9206E+01   .9999999  .0001411 -.0000805
T 4600 19 .1519017E+11   2300023E-01 -.1018E+02  .8464E+00   .9999999 -.0001046 -.0000722
T 4601 19 .1518923E+11   2300010E-01 -.9560E+01 -.3400E+02   .9999999 -.0001094 -.0003211
T 4602 19 .1519120E+11   2300019E-01  .8919E+00 -.7934E+01   .9999999 -.0000818 -.0000804
T 4603 19 .1519057E+11   2300017E-01 -.6986E+01  .1504E+02   .9999999 -.0001118  .0002209
T 4604 19 .1518929E+11   2300013E-01 -.6448E+01  .6087E+01   .9999999 -.0000438 -.0000220
T 4605 19 .1518992E+11   2300018E-01  .5493E+01 -.1749E+01   .9999999  .0001289 -.0000226
T 4606 19 .1519113E+11   2300023E-01 -.2909E+02 -.2351E+02   .9999999 -.0002118 -.0002182
T 4607 19 .1519015E+11   2300013E-01 -.2159E+01  .4411E+01   .9999999 -.0001148  .0001706
T 4608 19 .1518868E+11   2300007E-01  .3373E+01  .2520E+01   .9999999 -.0002146  .0000248
T 4609 19 .1519074E+11   2300016E-01 -.6123E+01  .5316E+01   .9999999  .0000740  .0001582
T 4610 19 .1519064E+11   2300001E-01  .1158E+02  .3221E+01   .9999999  .0000898  .0000621
T 4611 19 .1519012E+11   2300004E-01 -.1005E+02 -.8052E+01   .9999999 -.0000447 -.0001559
T 4612 19 .1518903E+11   2300012E-01  .1198E+01  .1210E+02   .9999999  .0001032  .0001778
T 4613 19 .1518939E+11   2300002E-01 -.1482E+02 -.5940E+01   .9999999 -.0001213  .0000601
T 4614 19 .1519171E+11   2300019E-01  .1194E+02  .4568E+01   .9999999  .0001714 -.0000700
T 4615 19 .1519026E+11   2300013E-01  .1048E+02  .1243E+02   .9999998  .0001485  .0006385
T 4616 19 .1519100E+11   2300005E-01 -.4093E+02  .7761E+02   .9999999 -.0000093  .0002752
T 4617 19 .1518852E+11   2300005E-01  .1231E+02  .1356E+01   .9999999  .0001321  .0001254
T 4618 19 .1518916E+11   2300018E-01 -.1161E+02  .4355E+01   .9999999 -.0001114  .0000337
T 4619 19 .1519100E+11   2300010E-01  .4439E+01  .1044E+02   .9999999 -.0001206  .0001378
T 4620 19 .1519048E+11   2300019E-01  .1376E+02  .4536E+01   .9999999  .0001516  .0000520
T 4621 19 .1519045E+11   2300009E-01  .7367E+00 -.2633E+02   .9999999  .0000200 -.0003589
T 4622 19 .1518954E+11   2300016E-01  .2239E+02  .2373E+02   .9999999  .0002789  .0002619
T 4623 19 .1518991E+11   2300006E-01 -.5567E+01 -.8427E+00   .9999999 -.0000860 -.0000933
T 4624 19 .1519060E+11   2300012E-01  .2128E+02  .1671E+01   .9999999  .0003696  .0000212
T 4625 19 .1519110E+11   2300001E-01 -.9596E-01  .5885E+01   .9999999 -.0000229  .0001041
T 4626 19 .1518952E+11   2300016E-01 -.1522E+02  .2304E+00   .9999999 -.0002541  .0000152
T 4627 19 .1519029E+11   2300011E-01  .7010E+01  .1266E+02   .9999999  .0000353  .0001711
T 4628 19 .1518985E+11   2300007E-01  .3911E+02 -.8181E-01   .9999999  .0003926  .0000233
T 4629 19 .1519031E+11   2300013E-01 -.2156E+01  .1090E+02   .9999999 -.0000463  .0002238
T 4630 19 .1519040E+11   2300009E-01 -.1108E+01  .6060E+00   .9999999 -.0000018  .0000199
T 4631 19 .1518988E+11   2300004E-01 -.1926E+02  .5086E+00   .9999999 -.0003065 -.0000311
T 4632 19 .1518933E+11   2300002E-01  .5835E+01  .2903E+01   .9999999 -.0000079  .0001077
T 4633 19 .1518984E+11   2300019E-01 -.1544E+01  .7621E-01   .9999999 -.0000137  .0000470
T 4634 19 .1518890E+11   2300015E-01 -.1305E+02  .6918E+00   .9999999 -.0000634  .0000633
T 4635 19 .1519107E+11   2300021E-01 -.3777E+01  .1079E+02   .9999999 -.0001007  .0000710
T 4636 19 .1518916E+11   2300008E-01  .1828E+00 -.6147E+01   .9999999 -.0000335 -.0001176
T 4637 19 .1519030E+11   2300015E-01 -.5399E+01  .1112E+02   .9999999 -.0000424  .0001232
T 4638 19 .1519128E+11   2300005E-01  .3659E+01 -.6070E+01   .9999999 -.0000406 -.0001100
T 4639 19 .1518985E+11   2300003E-01 -.2292E+01 -.5470E+01   .9999999 -.0000532  .0000229
T 4640 19 .1518945E+11   2300011E-01 -.3940E+01  .1488E+02   .9999999 -.0000925  .0001527
T 4641 19 .1518896E+11   2300014E-01  .5237E+01 -.3694E+01   .9999999 -.0000569 -.0000122
T 4642 19 .1518849E+11   2300001E-01 -.8185E+01  .3810E-01   .9999999 -.0000640  .0000577
T 4643 19 .1518913E+11   2300010E-01 -.4534E+00 -.7356E+01   .9999999  .0000280 -.0000944
T 4644 19 .1518873E+11   2300007E-01  .4930E+01 -.5297E+00   .9999999  .0000811  .0000867
T 4645 19 .1519071E+11   2300015E-01  .1015E+01 -.7322E+00   .9999999 -.0000118 -.0000673
T 4646 19 .1518939E+11   2300004E-01  .6709E+01 -.4961E+01   .9999999 -.0000077  .0000461
T 4647 19 .1519037E+11   2300020E-01 -.1390E+01 -.8881E+01   .9999999 -.0000156  .0001006
T 4648 19 .1519058E+11   2300007E-01 -.1256E+02 -.1349E+02   .9999999  .0000448 -.0000385
T 4649 19 .1518924E+11   2300004E-01 -.5107E+02  .9200E+01   .9999999 -.0005096  .0000879
T 4650 19 .1519057E+11   2300020E-01  .8409E+01 -.1349E+01   .9999999  .0001008  .0000090
T 4651 19 .1518998E+11   2300021E-01  .4324E+01 -.1804E+02   .9999999  .0001157 -.0001575
T 4652 19 .1519134E+11   2300015E-01  .1299E+02 -.1126E+02   .9999999  .0002411 -.0000703
T 4653 19 .1518937E+11   2300022E-01 -.8639E+01 -.6777E+01   .9999999 -.0002902 -.0000862
T 4654 19 .1518876E+11   2300012E-01 -.1372E+02 -.1111E-01   .9999999 -.0001978  .0000301
T 4655 19 .1518953E+11   2300005E-01 -.1494E+02  .2186E+02   .9999999 -.0001284  .0001503
T 4656 19 .1518948E+11   2300008E-01  .4066E+02  .4567E+01   .9999998  .0006745  .0000124
T 4657 19 .1519116E+11   2300011E-01  .8046E+01 -.4742E+01   .9999999  .0002385  .0000131
T 4658 19 .1519037E+11   2300011E-01 -.8131E+00 -.1500E+02   .9999999 -.0001547 -.0000812
T 4659 19 .1518977E+11   2300000E-01  .7614E+01 -.3943E+01   .9999999  .0001423  .0000103
T 4660 19 .1518938E+11   2300016E-01  .1544E+01  .1155E+02   .9999999  .0000556  .0000949
T 4661 19 .1518897E+11   2300002E-01  .7697E+01  .6739E+01   .9999999 -.0000174  .0001725
T 4662 19 .1519106E+11   2300013E-01 -.5415E+01 -.1712E+02   .9999999  .0001324 -.0000311
T 4663 19 .1519057E+11   2300005E-01  .2723E+02 -.7843E+01   .9999999  .0003100 -.0001614
T 4664 19 .1519038E+11   2300022E-01 -.1093E+02  .4532E+01   .9999999 -.0002263  .0000480
T 4665 19 .1518975E+11   2300014E-01  .4179E+02 -.2449E+01   .9999999  .0002561 -.0002100
T 4666 19 .1518914E+11   2300016E-01  .9552E+01 -.8127E+01   .9999999  .0001421 -.0000768
T 4667 19 .1518820E+11   2300021E-01 -.9897E+01 -.6517E+01   .9999999 -.0000751 -.0001782
T 4668 19 .1518983E+11   2300017E-01 -.1495E+02  .1547E+02   .9999999 -.0001433  .0001177
T 4669 19 .1518898E+11   2300013E-01 -.9641E+01 -.4971E+01   .9999999 -.0000716 -.0000257
T 4670 19 .1518982E+11   2300002E-01  .6561E+01 -.1253E+02   .9999999  .0001122 -.0002059
T 4671 19 .1518967E+11   2300020E-01  .1145E+01 -.9264E+01   .9999999 -.0001309  .0000889
T 4672 19 .1518910E+11   2300022E-01  .2722E+02  .1467E+02   .9999999  .0003100  .0001815
T 4673 19 .1518873E+11   2300013E-01  .5265E+01 -.6586E+00   .9999999  .0000934  .0000015
T 4674 19 .1518847E+11   2300017E-01 -.1780E+02  .2141E+02   .9999999 -.0002472  .0003972
T 4675 19 .1518957E+11   2300001E-01  .1081E+02 -.9606E+01   .9999999  .0000620 -.0002853
T 4676 19 .1519054E+11   2300022E-01  .1724E+02  .7336E+01   .9999999  .0002008  .0001007
T 4677 19 .1519134E+11   2300018E-01  .1779E+02 -.1488E+02   .9999999  .0000960 -.0001924
T 4678 19 .1518881E+11   2300000E-01 -.1032E+02  .3924E+01   .9999999 -.0000722  .0001191
T 4679 19 .1519066E+11   2300017E-01 -.3890E+01 -.1553E+02   .9999999  .0000328 -.0003528
T 4680 19 .1518872E+11   2300018E-01  .6987E+01  .1637E+02   .9999999  .0000734  .0001500
T 4681 19 .1519005E+11   2300017E-01 -.1256E+02  .1654E+02   .9999999 -.0001419  .0003127
T 4682 19 .1518998E+11   2300014E-01  .1892E+01 -.6925E+01   .9999999  .0001983 -.0001839
T 4683 19 .1518992E+11   2300021E-01  .9441E+01 -.2550E+01   .9999999  .0001481 -.0001980
T 4684 19 .1518894E+11   2300017E-01  .1001E+02 -.4912E+01   .9999999  .0001052 -.0001218
T 4685 19 .1519055E+11   2300020E-01  .1298E+02 -.1060E+02   .9999999  .0001252 -.0001106
T 4686 19 .1518968E+11   2300013E-01 -.1338E+02 -.1093E+02   .9999999 -.0001599 -.0000453
T 4687 19 .1519154E+11   2300007E-01  .1385E+01 -.1404E+01   .9999999  .0001091 -.0000282
T 4688 19 .1518943E+11   2300001E-01  .8656E+01 -.5005E+01   .9999999  .0000124 -.0001532
T 4689 19 .1519048E+11   2300014E-01 -.6737E+01  .3940E+01   .9999999 -.0000457  .0000868
T 4690 19 .1518888E+11   2300020E-01  .2751E+01 -.3831E+01   .9999999 -.0000722 -.0001543
T 4691 19 .1518988E+11   2300000E-01  .3756E+01 -.9071E+01   .9999999  .0000279 -.0001437
T 4692 19 .1518917E+11   2300016E-01  .1004E+02  .4022E+01   .9999999 -.0000783  .0000521
T 4693 19 .1518899E+11   2300014E-01 -.3233E+01  .1015E+01   .9999999 -.0001431 -.0001534
T 4694 19 .1519080E+11   2300015E-01  .9418E+00 -.6695E+01   .9999999  .0000980 -.0000793
T 4695 19 .1518989E+11   2300018E-01 -.1717E+02  .4464E+01   .9999999 -.0002659  .0000364
T 4696 19 .1519030E+11   2300019E-01 -.6269E+01 -.2136E+01   .9999999  .0000259 -.0001375
T 4697 19 .1518970E+11   2300013E-01  .8186E+01  .1102E+02   .9999999  .0000895  .0002493
T 4698 19 .1518912E+11   2300017E-01  .8996E+01 -.7019E+01   .9999999  .0001501 -.0001319
T 4699 19 .1519065E+11   2300015E-01 -.1599E+01 -.5525E+01   .9999999 -.0001002 -.0001457
T 4700 19 .1518916E+11   2300019E-01 -.5053E+01 -.1618E+02   .9999999 -.0001774 -.0002114
T 4701 19 .1519066E+11   2300005E-01 -.3645E+02 -.1686E+02   .9999999 -.0004843 -.0002326
T 4702 19 .1518976E+11   2300010E-01 -.1250E+02 -.8617E+01   .9999999 -.0000598 -.0000496
T 4703 19 .1519098E+11   2300000E-01 -.6618E+01 -.1803E+02   .9999999 -.0001034 -.0000817
T 4704 19 .1519176E+11   2300010E-01  .9618E+01  .2144E+02   .9999999 -.0000360  .0003585
T 4705 19 .1519102E+11   2300016E-01 -.3251E+02 -.2439E+02   .9999999 -.0000306 -.0003576
T 4706 19 .1518956E+11   2300016E-01 -.1211E+02 -.3160E+01   .9999999 -.0001448 -.0000692
T 4707 19 .1518991E+11   2300012E-01  .4511E+02  .1386E+02   .9999999  .0003870  .0002228
T 4708 19 .1519016E+11   2300005E-01 -.5884E+01  .1146E+02   .9999999 -.0002762  .0000357
T 4709 19 .1519080E+11   2300005E-01 -.2543E+01 -.5665E+01   .9999999 -.0000282 -.0001594
T 4710 19 .1518884E+11   2300020E-01  .1106E+01  .1318E+02   .9999999 -.0000334  .0002222
T 4711 19 .1518916E+11   2300017E-01 -.1733E+02 -.2644E+02   .9999999 -.0002922 -.0001968
T 4712 19 .1518889E+11   2300017E-01  .9342E+01  .1399E+02   .9999999  .0002646  .0001710
T 4713 19 .1518922E+11   2300001E-01  .8972E-01 -.4681E+01   .9999999  .0000242 -.0000514
T 4714 19 .1518971E+11   2300001E-01 -.8487E+01 -.1070E+02   .9999999  .0000489 -.0000982
T 4715 19 .1519009E+11   2300008E-01 -.7193E+01  .5280E+01   .9999999 -.0001370  .0000891
T 4716 19 .1518952E+11   2300006E-01  .1238E+02  .5093E+01   .9999999  .0001507  .0000038
T 4717 19 .1518896E+11   2300021E-01 -.1337E+02 -.5771E+01   .9999999 -.0001594  .0000365
T 4718 19 .1519124E+11   2300004E-01  .5486E+01 -.3709E+01   .9999999  .0000229 -.0000472
T 4719 19 .1518919E+11   2300012E-01  .4930E+01  .2004E+01   .9999999  .0000343 -.0000265
T 4720 19 .1518944E+11   2300019E-01  .9055E+01  .4355E+01   .9999999  .0001493 -.0001223
T 4721 19 .1518985E+11   2300016E-01 -.1249E+01  .1341E+02   .9999999  .0000733  .0002137
T 4722 19 .1518984E+11   2300019E-01  .6634E+01  .2021E+01   .9999999  .0002057  .0000873
T 4723 19 .1519031E+11   2300007E-01 -.1171E+02 -.1577E+01   .9999999 -.0001441 -.0000402
T 4724 19 .1519091E+11   2300015E-01  .3953E+02 -.1292E+02   .9999998  .0005701 -.0001889
T 4725 19 .1519000E+11   2300001E-01 -.5340E+01 -.8229E+01   .9999999 -.0000574 -.0001025
T 4726 19 .1519094E+11   2300015E-01  .4974E+01  .8693E+01   .9999999  .0000910  .0000495
T 4727 19 .1518995E+11   2300019E-01 -.4634E+01  .2925E+01   .9999999  .0000267 -.0000384
T 4728 19 .1518973E+11   2300013E-01  .3049E+01 -.1466E+02   .9999999 -.0001962 -.0003198
T 4729 19 .1519022E+11   2300021E-01 -.1350E+02  .2111E+02   .9999999 -.0001234  .0004024
T 4730 19 .1518897E+11   2300001E-01  .1246E+02 -.3805E+01   .9999999  .0002753 -.0000456
T 4731 19 .1518901E+11   2300000E-01 -.1062E+02 -.9850E+01   .9999999 -.0000466 -.0001286
T 4732 19 .1518885E+11   2300011E-01 -.6159E+00  .8095E+01   .9999999 -.0000475  .0000981
T 4733 19 .1518960E+11   2300000E-01 -.3067E+02 -.1614E+02   .9999999 -.0002205 -.0002390
T 4734 19 .1518906E+11   2300011E-01 -.8438E+01 -.2257E+01   .9999999  .0000541 -.0001759
T 4735 19 .1518995E+11   2300021E-01 -.9175E+01  .9444E+01   .9999999 -.0000368  .0001872
T 4736 19 .1519042E+11   2300015E-01 -.3690E+01  .2853E+01   .9999999 -.0000880  .0000113
T 4737 19 .1519025E+11   2300016E-01  .4026E+01 -.3914E+01   .9999999 -.0000391 -.0000467
T 4738 19 .1518960E+11   2300020E-01  .3753E+01  .8736E+01   .9999999  .0000489  .0001112
T 4739 19 .1518961E+11   2300018E-01 -.8491E+01 -.1444E+00   .9999999 -.0000624 -.0000415
T 4740 19 .1518930E+11   2300000E-01  .1323E+02  .4585E+01   .9999999  .0001625  .0000796
T 4741 19 .1519048E+11   2300003E-01 -.1018E+02 -.4396E+01   .9999999 -.0001216 -.0000914
T 4742 19 .1518936E+11   2300007E-01 -.8357E+01  .8585E+01   .9999999  .0000464  .0000950
T 4743 19 .1518979E+11   2300012E-01  .1063E+02 -.1390E+02   .9999999  .0001463 -.0002441
T 4744 19 .1518889E+11   2300005E-01  .8339E+01  .3870E+01   .9999998  .0003705  .0005988
T 4745 19 .1518977E+11   2300003E-01  .1739E+01 -.1636E+01   .9999999 -.0000632 -.0000328
T 4746 19 .1518961E+11   2300005E-01 -.1694E+02  .7179E+00   .9999999 -.0001824  .0000008
T 4747 19 .1519002E+11   2300019E-01 -.2622E+01  .7406E+01   .9999999 -.0000460  .0001671
T 4748 19 .1518860E+11   2300017E-01  .1458E+02  .5619E+01   .9999999  .0002069  .0000907
T 4749 19 .1518883E+11   2300008E-01 -.4442E+00  .1465E+02   .9999999  .0001758  .0002004
T 4750 19 .1518929E+11   2300019E-01 -.1161E+02 -.3798E+01   .9999999 -.0001044 -.0001994
T 4751 19 .1518938E+11   2300010E-01 -.7737E+01  .5973E+01   .9999999  .0000248  .0001060
T 4752 19 .1519148E+11   2300003E-01  .8089E+01 -.4167E+01   .9999999  .0001971 -.0000402
T 4753 19 .1518922E+11   2300008E-01 -.9291E+00 -.1245E+02   .9999999  .0001390 -.0003086
T 4754 19 .1519016E+11   2300021E-01  .8938E+01 -.1652E+02   .9999999  .0000166 -.0000879
T 4755 19 .1518940E+11   2300014E-01  .4688E+01 -.2471E+01   .9999999  .0000693 -.0001902
T 4756 19 .1519057E+11   2300001E-01 -.3313E+01  .1180E+02   .9999999  .0000353  .0001915
T 4757 19 .1519077E+11   2300016E-01  .2480E+02  .1018E+02   .9999999  .0002318  .0001265
T 4758 19 .1519249E+11   2300022E-01 -.1077E+02 -.1639E+02   .9999999 -.0001361 -.0001414
T 4759 19 .1519094E+11   2300016E-01  .2824E+02 -.1152E+02   .9999999  .0001830 -.0001115
T 4760 19 .1519083E+11   2300010E-01  .1071E+02 -.4866E+01   .9999999 -.0000969 -.0000300
T 4761 19 .1518961E+11   2300020E-01  .1332E+02  .2922E+02   .9999999  .0001637  .0004126
T 4762 19 .1518934E+11   2300010E-01  .6979E+01  .2066E+00   .9999999  .0001567  .0000007
T 4763 19 .1519073E+11   2300000E-01  .3939E+01 -.5939E+01   .9999999 -.0000167 -.0002060
T 4764 19 .1519018E+11   2300007E-01 -.1297E+02  .1779E+02   .9999999 -.0002533  .0001337
T 4765 19 .1518916E+11   2300002E-01 -.1826E+01 -.5627E+00   .9999999 -.0001019  .0000557
T 4766 19 .1518983E+11   2300009E-01  .7863E+01 -.5490E+01   .9999999  .0000530 -.0001783
T 4767 19 .1518942E+11   2300017E-01  .1515E+02  .2539E+01   .9999999  .0002842  .0000205
T 4768 19 .1518955E+11   2300018E-01 -.3985E+01  .2603E+01   .9999999 -.0001168  .0000960
T 4769 19 .1518957E+11   2300018E-01  .1756E+02  .2620E+02   .9999999  .0001602  .0003394
T 4770 19 .1519037E+11   2300003E-01  .3774E+01 -.4260E+01   .9999999  .0001050 -.0001418
T 4771 19 .1518908E+11   2300020E-01 -.1086E+01 -.9755E+01   .9999999  .0000007 -.0002463
T 4772 19 .1518722E+11   2300022E-01 -.1294E+02 -.1102E+02   .9999999 -.0002165 -.0000800
T 4773 19 .1519043E+11   2300016E-01  .1349E+02 -.5088E+01   .9999999  .0000889  .0000491
T 4774 19 .1518973E+11   2300020E-01 -.2154E+00 -.8739E+01   .9999999 -.0001280 -.0000366
T 4775 19 .1518896E+11   2300022E-01 -.2709E+01 -.2164E+02   .9999999 -.0000655 -.0002873
T 4776 19 .1518998E+11   2300016E-01 -.2003E+02  .1140E+02   .9999999 -.0003962  .0001079
T 4777 19 .1518922E+11   2300023E-01 -.3117E+00 -.4634E+01   .9999999 -.0000466 -.0000680
T 4778 19 .1518865E+11   2300019E-01 -.2642E+01 -.1778E+02   .9999999 -.0000553 -.0002185
T 4779 19 .1519152E+11   2300019E-01  .3790E+00  .6166E+01   .9999999 -.0000921  .0000461
T 4780 19 .1518997E+11   2300018E-01  .3877E+00  .3218E+01   .9999999  .0000133 -.0000376
T 4781 19 .1519111E+11   2300002E-01  .1233E+01  .6613E+01   .9999999  .0002249  .0004756
T 4782 19 .1518980E+11   2300018E-01  .1869E+01  .8226E+00   .9999991 -.0004374 -.0012951
T 4783 19 .1518933E+11   2300005E-01 -.6675E+01 -.1102E+02   .9999999 -.0003031 -.0000280
T 4784 19 .1519181E+11   2300011E-01 -.1460E-01  .2334E+02   .9999999  .0000524  .0003473
T 4785 19 .1518970E+11   2300000E-01  .3224E+01  .3593E+01   .9999999  .0001532 -.0000658
T 4786 19 .1519004E+11   2300020E-01  .2655E+01  .6295E+01   .9999999  .0001479  .0000803
T 4787 19 .1519048E+11   2300013E-01  .6339E+01 -.4524E+01   .9999999 -.0000683 -.0003454
T 4788 19 .1519158E+11   2300022E-01 -.1010E+02  .1223E+02   .9999999 -.0001136  .0001320
T 4789 19 .1519001E+11   2300020E-01  .7874E+01 -.6881E+01   .9999999 -.0000600 -.0001809
T 4790 19 .1518752E+11   2300015E-01 -.1938E+01 -.4989E+01   .9999999  .0001086  .0001070
T 4791 19 .1518990E+11   2300018E-01 -.3423E+01 -.2228E+01   .9999999 -.0000792 -.0000535
T 4792 19 .1518990E+11   2300021E-01 -.1035E+02  .1504E+02   .9999999 -.0001885  .0002346
T 4793 19 .1518964E+11   2300003E-01  .6114E+01 -.1643E+02   .9999999  .0001766  .0003200
T 4794 19 .1519022E+11   2300004E-01  .1005E+02  .1702E+01   .9999999  .0001177  .0000084
T 4795 19 .1518971E+11   2300015E-01 -.6449E+01  .1731E+02   .9999999 -.0000376  .0001419
T 4796 19 .1519000E+11   2300016E-01  .4491E+01 -.1551E+02   .9999999  .0001346 -.0001022
T 4797 19 .1518932E+11   2300016E-01 -.9442E+01  .2497E+01   .9999999 -.0001613 -.0001373
T 4798 19 .1518920E+11   2300017E-01 -.2093E+02 -.2045E+02   .9999999 -.0003654 -.0002508
T 4799 19 .1518929E+11   2300005E-01  .7388E+01  .1533E+02   .9999999  .0001963  .0000943
T 4800 19 .1518829E+11   2300014E-01 -.2506E+01  .1206E+02   .9999999 -.0000142  .0001797
T 4801 19 .1518915E+11   2300021E-01  .1085E-01 -.2312E+02   .9999999 -.0001022 -.0002221
T 4802 19 .1518917E+11   2300007E-01 -.2395E+02 -.5909E+00   .9999999 -.0001576 -.0001162
T 4803 19 .1519063E+11   2300020E-01  .6919E+01  .2302E+02   .9999999 -.0000578  .0001762
T 4804 19 .1518886E+11   2300003E-01  .6668E+01  .4372E+01   .9999999  .0001093  .0000634
T 4805 19 .1518817E+11   2300003E-01  .5725E+01  .1196E+02   .9999999  .0000218  .0000183
T 4806 19 .1519138E+11   2300008E-01  .3123E+01  .4990E+01   .9999999 -.0000450  .0000304
T 4807 19 .1518903E+11   2300020E-01 -.9435E+01  .2162E+02   .9999999 -.0000458  .0001758
T 4808 19 .1518994E+11   2300016E-01 -.1218E+02  .8736E+01   .9999999 -.0001843  .0000547
T 4809 19 .1518951E+11   2300017E-01  .8652E+01  .1644E+02   .9999999  .0001617  .0000675
T 4810 19 .1518929E+11   2300023E-01  .4963E+01 -.3608E+01   .9999999 -.0000384 -.0000823
T 4811 19 .1519027E+11   2300015E-01 -.1231E+02 -.1405E+01   .9999999 -.0001843  .0000471
T 4812 19 .1519077E+11   2300018E-01  .2914E+02 -.9467E+01   .9999999  .0004010 -.0001192
T 4813 19 .1518968E+11   2300019E-01  .3255E+01  .9990E+01   .9999999  .0001739  .0001227
T 4814 19 .1519210E+11   2300016E-01 -.4228E+01 -.2880E+02   .9999999 -.0001057 -.0003555
T 4815 19 .1518984E+11   2300020E-01  .2164E+01  .8246E+00   .9999999 -.0001170  .0000288
T 4816 19 .1518868E+11   2300015E-01 -.1841E+02  .5799E+01   .9999999 -.0002095 -.0000562
T 4817 19 .1519099E+11   2300022E-01  .3582E+02 -.2845E+02   .9999997  .0006391 -.0004706
T 4818 19 .1518891E+11   2300012E-01 -.1792E+02 -.5647E+01   .9999999 -.0003356  .0000560
T 4819 19 .1518938E+11   2300008E-01  .5744E+01  .1774E+02   .9999999  .0000605  .0001030
T 4820 19 .1518976E+11   2300022E-01 -.4106E+02  .6817E+01   .9999999 -.0004983  .0000671
T 4821 19 .1519091E+11   2300021E-01  .1806E+01 -.7542E+00   .9999999  .0000338 -.0001155
T 4822 19 .1518987E+11   2300016E-01  .1146E+02  .2897E+02   .9999998 -.0000675  .0006011
T 4823 19 .1519143E+11   2300012E-01 -.1076E+02 -.8303E+01   .9999999 -.0002054 -.0000513
T 4824 19 .1518970E+11   2300022E-01  .2129E+02 -.8559E+01   .9999999  .0003824 -.0001000
T 4825 19 .1518898E+11   2300018E-01  .5825E+01  .8895E+01   .9999999  .0000800  .0001906
T 4826 19 .1519097E+11   2300021E-01  .6666E+00 -.5314E+01   .9999999 -.0000225 -.0001769
T 4827 19 .1518935E+11   2300008E-01 -.6994E+01  .1329E+01   .9999999 -.0000485  .0001260
T 4828 19 .1518913E+11   2300017E-01  .2552E+01  .2521E+02   .9999999  .0001229  .0003593
T 4829 19 .1519049E+11   2300000E-01  .5159E+01 -.2299E+01   .9999999  .0002152  .0000235
T 4830 19 .1518854E+11   2300004E-01  .1919E+02  .1720E+01   .9999999  .0001941  .0001091
T 4831 19 .1518950E+11   2300020E-01  .1052E+02  .5488E+01   .9999999  .0003379  .0001396
T 4832 19 .1519008E+11   2300011E-01 -.5664E+01  .1484E+02   .9999999 -.0001026  .0001832
T 4833 19 .1519052E+11   2300014E-01 -.1269E+00 -.3461E+01   .9999999 -.0000472  .0000744
T 4834 19 .1518987E+11   2300004E-01 -.3924E+01  .1190E+02   .9999999 -.0002411  .0001097
T 4835 19 .1518810E+11   2300020E-01  .5533E+01 -.8068E+00   .9999999  .0000192 -.0000285
T 4836 19 .1518902E+11   2300001E-01 -.1483E+02 -.5940E+01   .9999999 -.0000745 -.0000385
T 4837 19 .1518897E+11   2300011E-01  .2286E+02  .9584E+01   .9999999  .0000543  .0000602
T 4838 19 .1519188E+11   2300019E-01  .1466E+02  .9448E+01   .9999999  .0002178  .0000803
T 4839 19 .1519141E+11   2300014E-01 -.1512E+02 -.5005E+01   .9999999 -.0002541  .0000279
T 4840 19 .1518920E+11   2300013E-01 -.4936E+01  .9395E+01   .9999999 -.0001353  .0000813
T 4841 19 .1518974E+11   2300007E-01 -.5016E+01 -.7690E+01   .9999999 -.0001149 -.0002851
T 4842 19 .1518981E+11   2300015E-01 -.7932E+01 -.1046E+02   .9999999  .0000500 -.0001445
T 4843 19 .1519020E+11   2300006E-01 -.9702E+01 -.1752E+02   .9999999 -.0000219 -.0002076
T 4844 19 .1518853E+11   2300001E-01  .3163E+02  .1368E+02   .9999999  .0002208  .0001765
T 4845 19 .1518967E+11   2300020E-01 -.5670E+01 -.1114E+02   .9999999 -.0000101 -.0002165
T 4846 19 .1518922E+11   2300016E-01 -.1123E+02 -.3028E+01   .9999999 -.0003432 -.0000118
T 4847 19 .1518986E+11   2300003E-01  .1336E+02 -.2664E+01   .9999999  .0001953 -.0001500
T 4848 19 .1518996E+11   2300011E-01 -.4387E+01 -.6522E+00   .9999999 -.0001561  .0000605
T 4849 19 .1518973E+11   2300007E-01 -.5122E+02  .4493E+02   .9999999 -.0004090  .0002558
T 4850 19 .1518876E+11   2300005E-01  .1511E+02 -.2425E+01   .9999999  .0002442  .0000340
T 4851 19 .1518831E+11   2300011E-01 -.1310E+02 -.1225E+01   .9999999 -.0001295  .0000713
T 4852 19 .1518871E+11   2300022E-01  .4595E+01  .1031E+02   .9999999  .0000774  .0002150
T 4853 19 .1518900E+11   2300015E-01 -.9222E+01  .4564E+01   .9999999 -.0001985  .0000786
T 4854 19 .1519050E+11   2300013E-01 -.1163E+02 -.9335E+00   .9999999 -.0000057  .0000172
T 4855 19 .1519018E+11   2300004E-01 -.2540E+02 -.5547E+01   .9999999 -.0002184 -.0000334
T 4856 19 .1519022E+11   2300021E-01 -.9385E+01 -.1098E+01   .9999999 -.0000698 -.0000069
T 4857 19 .1518962E+11   2300008E-01 -.5568E+01 -.1704E+02   .9999999 -.0001312  .0000018
T 4858 19 .1519050E+11   2300016E-01  .2325E+01  .4532E+00   .9999999 -.0000736  .0001247
T 4859 19 .1518952E+11   2300019E-01  .8907E+01 -.8732E+01   .9999999  .0001245 -.0000053
T 4860 19 .1519066E+11   2300003E-01 -.3847E+01  .5833E+01   .9999999 -.0000442  .0000926
T 4861 19 .1519098E+11   2300016E-01  .1342E+02  .9632E+01   .9999999  .0000470  .0001646
T 4862 19 .1518970E+11   2300018E-01 -.7032E+02 -.2828E+02   .9999998 -.0005860 -.0002232
T 4863 19 .1518990E+11   2300012E-01 -.1319E+01  .6174E+01   .9999999  .0000185  .0000852
T 4864 19 .1519015E+11   2300000E-01 -.1225E+02 -.4115E+01   .9999999 -.0001269 -.0001100
T 4865 19 .1518973E+11   2300018E-01  .1197E+02 -.3441E+01   .9999999  .0001157 -.0000748
T 4866 19 .1518964E+11   2300021E-01  .2030E+02 -.6303E+02   .9999999  .0001553 -.0004688
T 4867 19 .1518993E+11   2300014E-01 -.1697E+01  .1849E+02   .9999999 -.0000327  .0001891
T 4868 19 .1519031E+11   2300023E-01 -.1764E+02 -.9843E+01   .9999999 -.0001062  .0001419
T 4869 19 .1518983E+11   2300009E-01 -.2505E+01  .6590E+01   .9999999 -.0000323 -.0000340
T 4870 19 .1519031E+11   2300021E-01  .1217E+02 -.2804E+02   .9999999  .0000988 -.0004809
T 4871 19 .1518878E+11   2300010E-01  .3146E+01  .6094E+01   .9999999  .0000269  .0001300
T 4872 19 .1519035E+11   2300022E-01 -.8664E+01 -.1870E+02   .9999999 -.0000772 -.0001417
T 4873 19 .1518952E+11   2300005E-01 -.3279E+01  .9955E+01   .9999999  .0000051  .0001191
T 4874 19 .1518936E+11   2300017E-01  .4159E+01  .2370E+01   .9999999  .0000757 -.0000112
T 4875 19 .1518974E+11   2300005E-01 -.1681E+02 -.4178E+01   .9999999 -.0002320 -.0000103
T 4876 19 .1519014E+11   2300008E-01 -.2892E+02  .1264E+03   .9999993 -.0001787  .0012027
T 4877 19 .1519029E+11   2300022E-01  .2591E+00  .2968E+01   .9999999 -.0000497  .0000778
T 4878 19 .1518958E+11   2300020E-01 -.1318E+02 -.8805E+01   .9999999 -.0001732 -.0001770
T 4879 19 .1518985E+11   2300023E-01  .9285E+01  .9052E+01   .9999999  .0000353  .0001197
T 4880 19 .1519075E+11   2300015E-01  .7129E+01  .1929E+01   .9999999 -.0000725  .0000604
T 4881 19 .1519055E+11   2300009E-01  .1248E+02 -.2281E+02   .9999999  .0000780 -.0002934
T 4882 19 .1518894E+11   2300018E-01  .1546E+02 -.2755E+02   .9999998  .0002215 -.0005638
T 4883 19 .1518991E+11   2300005E-01 -.2121E+01 -.3277E+01   .9999999 -.0000786 -.0002446
T 4884 19 .1519006E+11   2300017E-01  .1914E+02 -.1001E+01   .9999999 -.0000350 -.0000099
T 4885 19 .1518931E+11   2300013E-01 -.6571E+01 -.2464E+01   .9999999 -.0000084  .0000346
T 4886 19 .1518894E+11   2300009E-01  .7171E+02  .6827E+01   .9999996  .0008405  .0001016
T 4887 19 .1518900E+11   2300010E-01  .1004E+02  .6926E+01   .9999999  .0001773  .0000334
T 4888 19 .1518789E+11   2300016E-01 -.1620E+02  .7864E+01   .9999999 -.0001242  .0001120
T 4889 19 .1519051E+11   2300020E-01  .7968E+01  .6406E+01   .9999999 -.0000177 -.0000347
T 4890 19 .1519014E+11   2300017E-01 -.8446E+01  .1760E+02   .9999999 -.0000659  .0002482
T 4891 19 .1518966E+11   2300004E-01 -.4065E+01  .1047E+02   .9999999 -.0001281  .0003018
T 4892 19 .1518960E+11   2300019E-01  .1278E+00  .1903E+01   .9999999  .0000642  .0000948
T 4893 19 .1519063E+11   2300009E-01  .1168E+02  .1315E+02   .9999999  .0001583  .0001430
T 4894 19 .1519109E+11   2300017E-01 -.1660E+01 -.1022E+02   .9999999  .0001449 -.0001133
T 4895 19 .1519129E+11   2300021E-01  .3970E+01  .3119E+01   .9999999  .0000192  .0000578
T 4896 19 .1519098E+11   2300000E-01 -.1237E+02  .1334E+02   .9999999 -.0001229  .0001058
T 4897 19 .1518968E+11   2300014E-01  .3569E+01 -.1897E+02   .9999999  .0000668 -.0000869
T 4898 19 .1518912E+11   2300009E-01  .5649E+01  .3769E+02   .9999999  .0000416  .0001502
T 4899 19 .1519082E+11   2300013E-01 -.1037E+01 -.7047E+01   .9999999 -.0000667 -.0001145
T 4900 19 .1519040E+11   2300007E-01 -.5211E+01  .1185E+02   .9999999  .0005239  .0001224
T 4901 19 .1518930E+11   2300012E-01  .1843E+02 -.7168E+01   .9999999  .0001692 -.0000964
T 4902 19 .1518910E+11   2300012E-01 -.6155E+01  .1289E+02   .9999999 -.0001171  .0001625
T 4903 19 .1519109E+11   2300016E-01  .1974E+01 -.4525E+01   .9999999  .0000736 -.0001402
T 4904 19 .1519178E+11   2300002E-01 -.8527E+00  .5482E+01   .9999999  .0000415  .0000877
T 4905 19 .1518862E+11   2300002E-01 -.9298E+01  .1268E+02   .9999999 -.0002080  .0001155
T 4906 19 .1519057E+11   2300021E-01  .1535E+02  .4711E+01   .9999999  .0000936  .0000820
T 4907 19 .1518983E+11   2300005E-01 -.1241E+02 -.1581E+02   .9999999 -.0001368  .0000652
T 4908 19 .1518986E+11   2300023E-01  .6563E+01 -.8891E+01   .9999999  .0000622 -.0001172
T 4909 19 .1518832E+11   2300021E-01 -.2131E+01 -.3343E+01   .9999999 -.0000525 -.0000913
T 4910 19 .1519081E+11   2300017E-01 -.1023E+02  .3433E+02   .9999999 -.0001577  .0004960
T 4911 19 .1518984E+11   2300010E-01 -.9306E+01  .2360E+02   .9999999 -.0001574  .0004035
T 4912 19 .1519029E+11   2300001E-01 -.1383E+02 -.2124E+02   .9999999 -.0000958 -.0003177
T 4913 19 .1518970E+11   2300018E-01  .9143E+01  .2142E+01   .9999999  .0002010 -.0000523
T 4914 19 .1518955E+11   2300003E-01 -.1939E+02  .1156E+02   .9999999 -.0003119  .0001182
T 4915 19 .1519167E+11   2300007E-01 -.5816E+01  .6683E+01   .9999999 -.0000473  .0001515
T 4916 19 .1518969E+11   2300001E-01  .1327E+02 -.3682E+01   .9999999  .0001852  .0000543
T 4917 19 .1518904E+11   2300019E-01 -.1353E+02  .1787E+02   .9999999 -.0001287  .0002080
T 4918 19 .1518899E+11   2300020E-01 -.1112E+02 -.1557E+02   .9999999 -.0001680 -.0001467
T 4919 19 .1518898E+11   2300013E-01 -.1002E+02  .1083E+02   .9999999 -.0002035  .0001094
T 4920 19 .1519154E+11   2300013E-01  .4814E+01  .3304E+01   .9999999  .0000299 -.0000145
T 4921 19 .1519007E+11   2300013E-01 -.1198E+02 -.1121E+02   .9999999 -.0001193 -.0002380
T 4922 19 .1519024E+11   2300010E-01  .7293E+01  .2562E+02   .9999999  .0001420  .0002559
T 4923 19 .1519015E+11   2300005E-01 -.2113E+01 -.4003E+00   .9999999 -.0000542 -.0001303
T 4924 19 .1518996E+11   2300012E-01  .7354E+01  .8820E+01   .9999999  .0000327  .0001421
T 4925 19 .1519002E+11   2300000E-01 -.1678E+02 -.1359E+02   .9999999 -.0004852 -.0001812
T 4926 19 .1519000E+11   2300001E-01 -.1838E+01  .1399E+02   .9999999 -.0000384  .0002703
T 4927 19 .1518882E+11   2300002E-01  .1732E+02 -.2800E+02   .9999999  .0002542 -.0004007
T 4928 19 .1518900E+11   2300015E-01  .7662E+01  .5351E+00   .9999999  .0001708 -.0000426
T 4929 19 .1518931E+11   2300015E-01 -.1150E+02  .1662E+02   .9999999 -.0001080  .0001650
T 4930 19 .1519009E+11   2300001E-01 -.4008E+01 -.3230E+01   .9999999  .0000225  .0000211
T 4931 19 .1518950E+11   2300011E-01  .2221E+01 -.6519E+01   .9999999  .0000098 -.0000649
T 4932 19 .1518931E+11   2300009E-01  .1466E+01 -.7136E+01   .9999999  .0000155 -.0000894
T 4933 19 .1519026E+11   2300005E-01 -.1978E+00 -.7816E+01   .9999999  .0000075 -.0000965
T 4934 19 .1519020E+11   2300004E-01 -.1534E+02  .1236E+01   .9999999 -.0001895 -.0000284
T 4935 19 .1519036E+11   2300020E-01 -.6302E+01  .9714E+01   .9999999  .0001052 -.0000258
T 4936 19 .1519051E+11   2300016E-01  .6029E+00 -.2458E+00   .9999999  .0000558 -.0001042
T 4937 19 .1519042E+11   2300002E-01  .8203E+01  .2013E+01   .9999999  .0002129  .0001511
T 4938 19 .1518977E+11   2300016E-01  .1193E+02  .1382E+02   .9999999  .0001891  .0001012
T 4939 19 .1519077E+11   2300000E-01 -.3144E+02 -.1779E+02   .9999999 -.0002075 -.0000575
T 4940 19 .1518932E+11   2300020E-01  .7902E+01  .7182E+01   .9999999  .0000433  .0000405
T 4941 19 .1518965E+11   2300022E-01  .1023E+01  .5285E+01   .9999999 -.0001294  .0002135
T 4942 19 .1518953E+11   2300012E-01  .4234E+01  .1429E+02   .9999999 -.0000265  .0001631
T 4943 19 .1519102E+11   2300018E-01  .5108E+01 -.2149E+02   .9999999  .0001167 -.0002136
T 4944 19 .1519123E+11   2300002E-01  .2882E+02 -.1069E+02   .9999999  .0003627 -.0001119
T 4945 19 .1518947E+11   2300020E-01  .1529E+01  .2786E+01   .9999999  .0000553  .0001117
T 4946 19 .1519003E+11   2300021E-01  .6343E+02  .2704E+02   .9999994  .0010113  .0004337
T 4947 19 .1518944E+11   2300015E-01 -.2771E+01  .2980E+01   .9999999 -.0001246  .0000420
T 4948 19 .1518946E+11   2300004E-01  .1196E+02  .1331E+02   .9999998  .0003144  .0005715
T 4949 19 .1518966E+11   2300016E-01  .1407E+02  .3398E+01   .9999999  .0001453  .0000300
T 4950 19 .1519092E+11   2300022E-01 -.1250E+02  .8906E+01   .9999999 -.0003586  .0002377
T 4951 19 .1518815E+11   2300013E-01  .5582E+01 -.1730E+02   .9999999  .0001003 -.0001324
T 4952 19 .1518870E+11   2300005E-01  .1811E+01  .8515E+01   .9999999  .0000238 -.0000058
T 4953 19 .1518865E+11   2300010E-01 -.1579E+02  .8624E+01   .9999999 -.0001453  .0001257
T 4954 19 .1518909E+11   2300008E-01  .2471E+02 -.1383E+02   .9999999  .0003996 -.0003221
T 4955 19 .1518939E+11   2300010E-01 -.1024E+02  .1193E+02   .9999999 -.0002454  .0002793
T 4956 19 .1519129E+11   2300000E-01 -.1405E+02  .2946E+00   .9999999 -.0001373 -.0000593
T 4957 19 .1518844E+11   2300016E-01 -.5676E+00  .2033E+01   .9999999  .0000927  .0000331
T 4958 19 .1519108E+11   2300022E-01 -.4366E+01 -.3008E+02   .9999999 -.0000185 -.0002424
T 4959 19 .1519004E+11   2300012E-01  .1033E+02  .1771E+02   .9999999 -.0003550  .0003686
T 4960 19 .1518959E+11   2300016E-01  .4936E+01  .2961E+02   .9999999  .0002040  .0004001
T 4961 19 .1518957E+11   2300021E-01 -.7505E+01 -.2148E+02   .9999999 -.0001551 -.0003478
T 4962 19 .1519022E+11   2300015E-01  .2839E+01  .1002E+02   .9999999  .0001478  .0001047
T 4963 19 .1518851E+11   2300020E-01  .7841E+01 -.1210E+02   .9999999  .0002250 -.0001670
T 4964 19 .1519031E+11   2300004E-01  .8302E+01 -.2709E+02   .9999999  .0000183 -.0001185
T 4965 19 .1519020E+11   2300023E-01  .8350E+00 -.9289E+01   .9999999  .0000676 -.0001284
T 4966 19 .1519101E+11   2300012E-01  .2236E+02  .1608E+02   .9999999  .0004016  .0001607
T 4967 19 .1519124E+11   2300013E-01 -.8761E+01  .1027E+02   .9999999 -.0000081  .0001178
T 4968 19 .1518887E+11   2300020E-01 -.1339E+02 -.1087E+02   .9999999 -.0000160 -.0001997
T 4969 19 .1519004E+11   2300020E-01 -.1854E+02 -.1060E+01   .9999999 -.0001645 -.0000070
T 4970 19 .1518963E+11   2300021E-01  .3919E+01 -.1069E+02   .9999999 -.0000239 -.0001039
T 4971 19 .1519113E+11   2300019E-01 -.1451E+02  .2173E+02   .9999999 -.0002615  .0000808
T 4972 19 .1518909E+11   2300006E-01 -.3947E+01 -.4205E+02   .9999999 -.0000454 -.0004538
T 4973 19 .1519004E+11   2300019E-01  .6298E+01 -.6408E+01   .9999999 -.0000702 -.0000274
T 4974 19 .1519045E+11   2300020E-01  .4261E+01 -.8997E+01   .9999999  .0000779 -.0000753
T 4975 19 .1519106E+11   2300014E-01  .2948E+02  .3505E+02   .9999999  .0002313  .0001504
T 4976 19 .1519014E+11   2300006E-01 -.8058E+00 -.1207E+02   .9999999  .0000355 -.0001474
T 4977 19 .1518961E+11   2300011E-01 -.6448E+01  .6918E+01   .9999999 -.0001683  .0000222
T 4978 19 .1519119E+11   2300018E-01  .1029E+02  .9267E+01   .9999999  .0002381  .0001453
T 4979 19 .1519005E+11   2300002E-01  .8923E+01 -.4478E+01   .9999999  .0000632 -.0000556
T 4980 19 .1519069E+11   2300017E-01  .4218E+01 -.1437E-01   .9999999  .0001793 -.0001122
T 4981 19 .1518835E+11   2300023E-01 -.1442E+02 -.7063E+01   .9999999 -.0000769 -.0000349
T 4982 19 .1518998E+11   2300002E-01 -.7791E+01 -.8328E+01   .9999999 -.0001262 -.0000249
T 4983 19 .1518876E+11   2300016E-01  .1850E+02 -.3630E+01   .9999999  .0000718 -.0000279
T 4984 19 .1519029E+11   2300015E-01  .5867E+00  .2456E+02   .9999999 -.0000494  .0003625
T 4985 19 .1518965E+11   2300014E-01  .1163E+02 -.1753E+01   .9999999 -.0000603 -.0000512
T 4986 19 .1519051E+11   2300002E-01  .1567E+02  .2247E+02   .9999948  .0023247  .0022415
T 4987 19 .1519101E+11   2300010E-01 -.6485E+01  .1162E+02   .9999999 -.0001068  .0001709
T 4988 19 .1519027E+11   2300009E-01 -.1541E+02  .2353E+01   .9999999 -.0002125 -.0000202
T 4989 19 .1518939E+11   2300012E-01 -.1467E+02 -.8951E+01   .9999999 -.0004140 -.0000401
T 4990 19 .1519047E+11   2300019E-01 -.4375E+01 -.2161E+02   .9999999  .0000737 -.0000547
T 4991 19 .1518928E+11   2300012E-01 -.1122E+01  .4214E+01   .9999999 -.0001336  .0001409
T 4992 19 .1518961E+11   2300002E-01  .7068E+00 -.1009E+02   .9999999 -.0000357  .0000087
T 4993 19 .1519012E+11   2300006E-01  .4589E-01 -.1234E+02   .9999999 -.0001154 -.0002313
T 4994 19 .1518838E+11   2300023E-01  .1397E+02 -.1561E+02   .9999999  .0001710 -.0001795
T 4995 19 .1519060E+11   2300007E-01  .4221E+01 -.1685E+01   .9999999  .0000455 -.0001019
T 4996 19 .1519135E+11   2300014E-01 -.2434E+02 -.8178E+01   .9999998 -.0005764 -.0000329
T 4997 19 .1518970E+11   2300021E-01 -.6468E+01  .1205E+02   .9999999 -.0001513  .0003012
T 4998 19 .1519131E+11   2300011E-01  .1144E+02 -.6719E+01   .9999999  .0000580 -.0000382
T 4999 19 .1518861E+11   2300015E-01 -.2552E+02 -.1024E+01   .9999999 -.0001428 -.0001296
T 5000 19 .1519022E+11   2300002E-01  .1846E+02 -.2370E+02   .9999999  .0003034 -.0003350
T 5001 19 .1518848E+11   2300013E-01 -.7546E+01 -.2732E+01   .9999999 -.0001849 -.0000703
T 5002 19 .1519075E+11   2300013E-01 -.2343E+01 -.2528E+01   .9999999  .0001657 -.0000966
T 5003 19 .1518868E+11   2300003E-01  .1556E+01  .6977E+00   .9999999 -.0000607  .0001582
T 5004 19 .1519031E+11   2300009E-01  .4329E+01 -.4331E+01   .9999999  .0002217 -.0000431
T 5005 19 .1518966E+11   2300019E-01 -.1716E+01  .1008E+02   .9999999 -.0000834  .0000987
T 5006 19 .1518994E+11   2300021E-01  .2934E+02 -.1164E+02   .9999999  .0003813 -.0001904
T 5007 19 .1519102E+11   2300012E-01 -.8555E+01 -.7228E+01   .9999999 -.0000404 -.0004573
T 5008 19 .1519094E+11   2300009E-01  .1146E+02  .2056E+02   .9999999  .0000457  .0001667
T 5009 19 .1518777E+11   2300008E-01  .1793E+02  .6784E+00   .9999999  .0001490 -.0000119
T 5010 19 .1519119E+11   2300006E-01  .1514E+02  .1023E+02   .9999999 -.0000809  .0002138
T 5011 19 .1518959E+11   2300013E-01 -.4058E+01  .2847E+01   .9999999 -.0000381 -.0000409
T 5012 19 .1519052E+11   2300006E-01 -.5415E+01 -.3033E+00   .9999999 -.0000131 -.0000557
T 5013 19 .1519019E+11   2300003E-01 -.2134E+01 -.5148E+01   .9999999  .0000197 -.0001018
T 5014 19 .1518996E+11   2300022E-01 -.5924E+01 -.1313E+02   .9999999 -.0000180 -.0002592
T 5015 19 .1519065E+11   2300003E-01 -.5010E+00  .8042E+01   .9999999 -.0000081  .0000299
T 5016 19 .1518894E+11   2300001E-01 -.2685E+01 -.6556E+01   .9999999 -.0000462 -.0000728
T 5017 19 .1518921E+11   2300009E-01 -.1935E+00  .1278E+02   .9999999  .0000382  .0001184
T 5018 19 .1519042E+11   2300000E-01  .2156E+01  .1105E+01   .9999999  .0001386  .0000181
T 5019 19 .1519137E+11   2300006E-01  .6340E+01  .7566E+01   .9999999  .0000205  .0002612
T 5020 19 .1518917E+11   2300002E-01 -.7644E+01  .1606E+02   .9999999 -.0000914  .0001358
T 5021 19 .1518915E+11   2300011E-01 -.2354E+02 -.9974E+01   .9999999 -.0001381 -.0000245
T 5022 19 .1519117E+11   2300010E-01 -.1931E+02  .1251E+02   .9999999 -.0001697  .0000798
T 5023 19 .1518989E+11   2300011E-01 -.7468E+01  .2317E+02   .9999999 -.0000313  .0003125
T 5024 19 .1519031E+11   2300000E-01  .8101E+01 -.2168E+02   .9999999  .0001477 -.0003437
T 5025 19 .1519058E+11   2300009E-01 -.1214E+02  .2332E+02   .9999999 -.0002220  .0002384
T 5026 19 .1519003E+11   2300002E-01 -.4942E+01 -.1003E+02   .9999999 -.0000476 -.0000983
T 5027 19 .1519032E+11   2300019E-01  .4239E+01  .3474E+00   .9999999  .0001226 -.0000092
T 5028 19 .1518993E+11   2300010E-01 -.3863E+02 -.4556E+02   .9999999 -.0003332 -.0002933
T 5029 19 .1519002E+11   2300011E-01  .1101E+02  .6852E+01   .9999999  .0001966  .0002050
T 5030 19 .1519140E+11   2300013E-01 -.4189E+01  .2401E+01   .9999999 -.0000696  .0000606
T 5031 19 .1519048E+11   2300013E-01  .8284E+01  .9634E+00   .9999999  .0000558  .0000445
T 5032 19 .1518892E+11   2300021E-01  .1725E+02  .3263E+01   .9999999  .0001393 -.0000124
T 5033 19 .1519016E+11   2300007E-01 -.1514E+01 -.1020E+01   .9999999 -.0002126 -.0001096
T 5034 19 .1518914E+11   2300016E-01  .2558E+01  .6247E+01   .9999999 -.0000066  .0001710
T 5035 19 .1519073E+11   2300013E-01  .7182E+01 -.1087E+02   .9999999  .0000788 -.0001391
T 5036 19 .1518985E+11   2300020E-01 -.6184E+01  .1566E+01   .9999999  .0000124  .0000863
T 5037 19 .1518859E+11   2300003E-01 -.1009E+02  .3879E+01   .9999999 -.0000664  .0001426
T 5038 19 .1518967E+11   2300011E-01  .3504E+01  .4540E+01   .9999999 -.0000176  .0002826
T 5039 19 .1519020E+11   2300013E-01 -.1020E+02  .4912E+01   .9999999 -.0002239 -.0000303
T 5040 19 .1519105E+11   2300005E-01  .5422E+01  .5476E+00   .9999999 -.0000875  .0001088
T 5041 19 .1518924E+11   2300016E-01  .5590E+01 -.1261E+01   .9999999  .0000702 -.0000211
T 5042 19 .1518927E+11   2300019E-01  .7421E+01  .1024E+02   .9999999  .0000659  .0000947
T 5043 19 .1518915E+11   2300000E-01  .1605E+02  .1112E+02   .9999999  .0002627  .0001178
T 5044 19 .1519170E+11   2300007E-01  .1584E+02 -.1102E+02   .9999999  .0002971 -.0002071
T 5045 19 .1519048E+11   2300021E-01 -.5244E+01 -.2033E+02   .9999999 -.0000383 -.0003558
T 5046 19 .1518971E+11   2300020E-01  .1356E+02 -.3609E+01   .9999999  .0000957 -.0000760
T 5047 19 .1519035E+11   2300014E-01  .1866E+02 -.7355E+01   .9999999  .0001159  .0000505
T 5048 19 .1519104E+11   2300022E-01  .1459E+01  .1074E+02   .9999999  .0000553  .0001069
T 5049 19 .1518916E+11   2300014E-01  .4860E+01  .7560E+01   .9999999  .0000479  .0000819
T 5050 19 .1519056E+11   2300011E-01  .2166E+01  .7742E+01   .9999999  .0001143  .0000902
T 5051 19 .1519196E+11   2300015E-01  .5764E+01 -.1009E+02   .9999999  .0000095 -.0000953
T 5052 19 .1518945E+11   2300017E-01  .7334E+01  .2517E+02   .9999999  .0001243  .0004076
T 5053 19 .1519057E+11   2300006E-01 -.1556E+02 -.6718E+01   .9999999 -.0001634 -.0001592
T 5054 19 .1519043E+11   2300015E-01 -.4117E+01 -.4483E+00   .9999999  .0000208 -.0000466
T 5055 19 .1518996E+11   2300019E-01 -.7681E+02 -.1870E+01   .9999996 -.0009083 -.0000764
T 5056 19 .1518859E+11   2300000E-01 -.8258E+01  .3818E+01   .9999999  .0000565  .0000334
T 5057 19 .1519013E+11   2300013E-01  .6565E+01 -.3253E+01   .9999999  .0000399  .0000008
T 5058 19 .1518999E+11   2300018E-01 -.6298E+00 -.1456E+00   .9999999  .0000191  .0000443
T 5059 19 .1518960E+11   2300016E-01 -.1302E+02 -.5220E+01   .9999998 -.0005598 -.0001234
T 5060 19 .1518966E+11   2300012E-01 -.1569E+02  .2624E+02   .9999999 -.0001138  .0003094
T 5061 19 .1518927E+11   2300013E-01 -.1256E+01  .5584E+01   .9999999 -.0000553  .0000363
T 5062 19 .1519024E+11   2300015E-01  .4773E+00  .3755E+01   .9999999 -.0000705  .0000731
T 5063 19 .1519125E+11   2300014E-01  .1587E+02  .2468E+02   .9999999  .0000757  .0002884
T 5064 19 .1518882E+11   2300018E-01 -.1018E+02 -.1346E+02   .9999999 -.0001012 -.0004117
T 5065 19 .1518856E+11   2300017E-01  .1296E+01 -.1832E+01   .9999999  .0000233  .0000816
T 5066 19 .1518875E+11   2300022E-01  .4017E+01 -.2128E+01   .9999999 -.0000872  .0001801
T 5067 19 .1519021E+11   2300005E-01 -.5190E+01  .7476E+01   .9999999 -.0000435  .0002125
T 5068 19 .1519139E+11   2300003E-01  .1670E+01 -.9258E+01   .9999999 -.0000922 -.0001449
T 5069 19 .1519045E+11   2300022E-01  .1463E+01  .5449E+01   .9999999 -.0001135 -.0000511
T 5070 19 .1518887E+11   2300014E-01  .1100E+02  .8251E+01   .9999999  .0002677 -.0000889
T 5071 19 .1518955E+11   2300010E-01  .1539E+02 -.7727E+01   .9999999  .0001484 -.0000935
T 5072 19 .1518916E+11   2300022E-01 -.7365E+01 -.3265E+01   .9999999 -.0000219 -.0000675
T 5073 19 .1518978E+11   2300019E-01 -.2157E+02 -.1439E+02   .9999999 -.0003101 -.0000363
T 5074 19 .1518920E+11   2300008E-01 -.3785E+01  .4231E+01   .9999999 -.0000111  .0000855
T 5075 19 .1519076E+11   2300000E-01  .8675E+01  .1403E+02   .9999999  .0000458  .0001484
T 5076 19 .1519024E+11   2300013E-01 -.7654E+01  .1949E+01   .9999999 -.0000968  .0002126
T 5077 19 .1519103E+11   2300022E-01  .3645E+01  .1821E+02   .9999999  .0000267  .0002838
T 5078 19 .1518974E+11   2300017E-01  .1160E+02  .2572E+01   .9999999 -.0001002  .0001798
T 5079 19 .1519118E+11   2300012E-01 -.4787E+00  .1677E+02   .9999999 -.0000650  .0000255
T 5080 19 .1519065E+11   2300015E-01  .9176E+01 -.2589E+01   .9999999  .0000874  .0000492
T 5081 19 .1518862E+11   2300010E-01  .1524E+01  .4953E+00   .9999999  .0000831  .0000973
T 5082 19 .1518957E+11   2300015E-01  .5056E+01  .1607E+00   .9999999 -.0001328 -.0000296
T 5083 19 .1519042E+11   2300016E-01  .2917E+01 -.1008E+02   .9999999  .0001259 -.0000427
T 5084 19 .1519037E+11   2300016E-01  .3308E+01 -.2233E+01   .9999999  .0000386  .0000114
T 5085 19 .1519183E+11   2300008E-01 -.1533E+00 -.9073E+01   .9999999 -.0000934 -.0002130
T 5086 19 .1519099E+11   2300011E-01 -.1253E+02  .1314E+02   .9999999 -.0002507  .0000412
T 5087 19 .1518977E+11   2300014E-01 -.5570E+01  .1092E+02   .9999999 -.0000068  .0002699
T 5088 19 .1519126E+11   2300013E-01  .9344E+01  .8695E+01   .9999999  .0000190  .0000616
T 5089 19 .1518912E+11   2300005E-01 -.1995E+01  .3128E+01   .9999999  .0000407 -.0000840
T 5090 19 .1519106E+11   2300001E-01 -.4545E+01  .1616E+01   .9999999 -.0000714 -.0001129
T 5091 19 .1518906E+11   2300006E-01 -.2387E+02  .5862E+01   .9999999 -.0002900  .0000741
T 5092 19 .1519154E+11   2300006E-01 -.6406E+00  .2312E+01   .9999999  .0000431 -.0001492
T 5093 19 .1519083E+11   2300002E-01  .4603E+01  .9457E+01   .9999999  .0001227  .0001856
T 5094 19 .1518898E+11   2300014E-01 -.1107E+01 -.1492E+01   .9999999  .0000033 -.0000103
T 5095 19 .1519023E+11   2300011E-01  .9902E+01 -.4034E+00   .9999999  .0000861 -.0000800
T 5096 19 .1518884E+11   2300013E-01 -.4024E+02  .2172E+02   .9999999 -.0004087  .0002775
T 5097 19 .1518895E+11   2300017E-01  .9370E+01  .4182E+01   .9999999  .0001494  .0000007
T 5098 19 .1518995E+11   2300014E-01 -.3660E+01  .1022E+02   .9999999 -.0000276  .0000775
T 5099 19 .1519091E+11   2300016E-01  .7690E+01  .2123E+02   .9999999  .0002335  .0004181
T 5100 19 .1518925E+11   2300000E-01  .5709E+01  .1795E+01   .9999999  .0000115 -.0000752
T 5101 19 .1518838E+11   2300020E-01 -.3766E+01 -.2845E+01   .9999999 -.0000981 -.0000474
T 5102 19 .1518980E+11   2300000E-01 -.1233E+02  .7340E+01   .9999998 -.0000466  .0006888
T 5103 19 .1518923E+11   2300000E-01  .2381E+02  .4375E+01   .9999999  .0003749  .0000219
T 5104 19 .1519019E+11   2300005E-01  .1452E+02  .4178E+01   .9999999  .0002365  .0000222
T 5105 19 .1518905E+11   2300011E-01  .1320E+02 -.3787E+01   .9999999  .0001622  .0000968
T 5106 19 .1519114E+11   2300004E-01  .6219E+01 -.1558E+02   .9999999  .0001372 -.0002832
T 5107 19 .1519103E+11   2300017E-01  .8180E+00 -.1285E+02   .9999999 -.0001018 -.0003015
T 5108 19 .1518955E+11   2300022E-01  .1935E+02 -.1474E+01   .9999999  .0002717  .0000443
T 5109 19 .1518971E+11   2300015E-01  .5335E+01 -.6039E+01   .9999999 -.0000393  .0000374
T 5110 19 .1519109E+11   2300021E-01 -.8656E+01 -.1412E+02   .9999999  .0000089 -.0001165
T 5111 19 .1518760E+11   2300006E-01  .9011E+01  .4534E+01   .9999999  .0000482 -.0000697
T 5112 19 .1518920E+11   2300006E-01 -.4681E+01 -.4187E+00   .9999999 -.0000161  .0000064
T 5113 19 .1518915E+11   2300003E-01 -.1636E+01  .1516E+02   .9999999 -.0001104  .0002271
T 5114 19 .1518966E+11   2300015E-01  .5709E+01  .1834E+02   .9999999  .0000656  .0002182
T 5115 19 .1519073E+11   2300004E-01  .6399E+01 -.1185E+02   .9999999  .0000384 -.0000515
T 5116 19 .1518977E+11   2300013E-01 -.1009E+02  .1331E+02   .9999999 -.0001850  .0000386
T 5117 19 .1518848E+11   2300022E-01 -.7397E+01  .6448E+01   .9999999 -.0000566  .0001051
T 5118 19 .1518946E+11   2300018E-01 -.2348E+02 -.2086E+01   .9999999 -.0002541  .0001068
T 5119 19 .1519055E+11   2300022E-01 -.1619E+02  .2298E+02   .9999999 -.0002737  .0002399
T 5120 19 .1519003E+11   2300013E-01 -.2889E+01  .1077E+02   .9999999 -.0000114  .0001905
T 5121 19 .1519009E+11   2300013E-01  .5622E+00 -.1875E+02   .9999999  .0000494 -.0001579
T 5122 19 .1519042E+11   2300021E-01 -.1025E+02  .1127E+01   .9999999 -.0000961  .0000496
T 5123 19 .1519062E+11   2300007E-01  .3311E+01  .1596E+02   .9999999  .0000906  .0001164
T 5124 19 .1519098E+11   2300016E-01 -.8459E+01 -.2333E+02   .9999999  .0000457 -.0003483
T 5125 19 .1518884E+11   2300015E-01 -.9768E+01 -.1644E+01   .9999999 -.0001714  .0000859
T 5126 19 .1519104E+11   2300009E-01  .1288E+01  .9970E+01   .9999999  .0000159  .0000646
T 5127 19 .1518997E+11   2300008E-01  .4014E+01 -.9337E+01   .9999999 -.0000154 -.0001410
T 5128 19 .1518856E+11   2300020E-01 -.3136E+01 -.2041E+00   .9999999 -.0000297  .0001302
T 5129 19 .1518865E+11   2300019E-01  .6987E+01  .3817E+01   .9999999  .0001192 -.0001592
T 5130 19 .1519038E+11   2300020E-01 -.9834E+01 -.8404E+00   .9999999  .0002124 -.0002148
T 5131 19 .1519031E+11   2300014E-01  .7607E+01 -.1842E+00   .9999999  .0000785  .0001069
T 5132 19 .1518917E+11   2300016E-01  .1326E+01 -.3074E+01   .9999999  .0000940 -.0001253
T 5133 19 .1519094E+11   2300011E-01 -.8345E+01  .5217E+01   .9999999  .0000269  .0000443
T 5134 19 .1519055E+11   2300009E-01  .4691E+01  .1375E+02   .9999999 -.0000134  .0001298
T 5135 19 .1518931E+11   2300004E-01 -.8860E+01 -.3188E+00   .9999999 -.0001223 -.0000475
T 5136 19 .1519010E+11   2300005E-01  .3264E+01 -.2363E+01   .9999999 -.0000245  .0000369
T 5137 19 .1518922E+11   2300019E-01  .1771E+02 -.6673E+01   .9999999  .0002463 -.0001118
T 5138 19 .1519021E+11   2300011E-01 -.3944E+02  .7252E+01   .9999999 -.0002808  .0000886
T 5139 19 .1518909E+11   2300021E-01  .4307E+01 -.1028E+02   .9999999  .0001161 -.0002029
T 5140 19 .1519065E+11   2300000E-01  .2809E+01  .4289E+01   .9999999  .0000447  .0001660
T 5141 19 .1519009E+11   2300002E-01  .3959E+01 -.8724E+01   .9999999  .0000128  .0000988
T 5142 19 .1519011E+11   2300020E-01 -.1673E+02  .7567E+01   .9999999 -.0002837  .0002050
T 5143 19 .1519042E+11   2300012E-01  .3044E+02 -.1525E+02   .9999999  .0003825 -.0003126
T 5144 19 .1518925E+11   2300018E-01  .9818E+01  .1596E+02   .9999999  .0000368  .0000155
T 5145 19 .1518964E+11   2300006E-01 -.5687E+01  .6926E+01   .9999999 -.0000284  .0000117
T 5146 19 .1519025E+11   2300017E-01 -.7956E+01 -.6250E+01   .9999999  .0000257  .0000956
T 5147 19 .1519049E+11   2300012E-01  .1990E+02 -.3013E+01   .9999999  .0001944 -.0001016
T 5148 19 .1518975E+11   2300017E-01  .6138E+00  .7737E+01   .9999999  .0001137  .0001076
T 5149 19 .1518954E+11   2300002E-01  .1877E+01  .9758E+00   .9999999  .0000947  .0000478
T 5150 19 .1518898E+11   2300017E-01 -.7899E+01 -.5737E+01   .9999999 -.0003543 -.0001344
T 5151 19 .1519092E+11   2300022E-01 -.7307E+01 -.5715E+01   .9999999 -.0001040 -.0001514
T 5152 19 .1519028E+11   2300018E-01  .4860E+01 -.1671E+02   .9999999  .0000094 -.0001105
T 5153 19 .1519002E+11   2300004E-01  .1127E+02  .5146E+01   .9999999  .0001922  .0000614
T 5154 19 .1519111E+11   2300023E-01 -.3151E+01  .8421E+01   .9999999 -.0001035  .0001431
T 5155 19 .1518768E+11   2300014E-01  .1262E+01 -.9007E+00   .9999999  .0001002 -.0000320
T 5156 19 .1518955E+11   2300007E-01 -.1183E+02  .1285E+02   .9999999 -.0004136  .0001819
T 5157 19 .1518943E+11   2300020E-01 -.2745E+01  .9732E+01   .9999999  .0000085  .0001532
T 5158 19 .1519008E+11   2300014E-01 -.3647E+01 -.1670E+02   .9999999 -.0000416 -.0002948
T 5159 19 .1518979E+11   2300012E-01  .1312E+02  .4263E+01   .9999999  .0001811  .0001095
T 5160 19 .1518993E+11   2300001E-01 -.5199E+01  .6399E+01   .9999999 -.0000936 -.0000014
T 5161 19 .1518953E+11   2300000E-01  .8693E+01  .9681E+01   .9999999  .0000381  .0001586
T 5162 19 .1519072E+11   2300021E-01  .6940E+01 -.1849E+01   .9999999  .0001790 -.0000130
T 5163 19 .1518893E+11   2300020E-01  .1520E+02  .1293E+02   .9999999  .0004095  .0001675
T 5164 19 .1518902E+11   2300004E-01 -.1583E+02  .1852E+02   .9999999 -.0001269  .0002118
T 5165 19 .1518887E+11   2300018E-01 -.1697E+02  .1822E+01   .9999999 -.0001773  .0000998
T 5166 19 .1518965E+11   2300004E-01 -.8699E+01  .8012E+01   .9999999 -.0000928  .0000154
T 5167 19 .1519021E+11   2300006E-01  .3036E+01  .6937E+01   .9999999 -.0001221  .0000390
T 5168 19 .1518907E+11   2300019E-01 -.1432E+01 -.1281E+01   .9999999 -.0000937  .0000850
T 5169 19 .1519048E+11   2300007E-01  .9176E+01 -.1572E+01   .9999999  .0000292  .0000093
T 5170 19 .1518995E+11   2300021E-01  .1234E+02  .1354E+01   .9999999  .0003470 -.0001413
T 5171 19 .1518974E+11   2300005E-01  .6691E+01 -.3638E+01   .9999999  .0000641 -.0000079
T 5172 19 .1518962E+11   2300022E-01  .1258E+02 -.6849E+00   .9999999  .0000659  .0001035
T 5173 19 .1518863E+11   2300019E-01  .1245E+02  .2962E+00   .9999999  .0001205  .0002195
T 5174 19 .1518972E+11   2300001E-01 -.2481E+02  .1918E+01   .9999999 -.0003386  .0000099
T 5175 19 .1519144E+11   2300005E-01  .7983E+01 -.2029E+02   .9999999 -.0000972 -.0001219
T 5176 19 .1518932E+11   2300018E-01  .1573E+02 -.2308E+02   .9999999  .0000333 -.0005364
T 5177 19 .1519006E+11   2300015E-01 -.1322E+02 -.1759E+01   .9999999 -.0003251 -.0000431
T 5178 19 .1518963E+11   2300023E-01  .9552E+00  .6583E+01   .9999999 -.0001194  .0000270
T 5179 19 .1518965E+11   2300002E-01 -.1360E+01  .1544E+02   .9999999 -.0001043  .0002215
T 5180 19 .1518993E+11   2300015E-01 -.1562E+02 -.3558E+01   .9999999 -.0001561 -.0003152
T 5181 19 .1519039E+11   2300021E-01  .2135E+02  .3976E+00   .9999999  .0001429  .0000267
T 5182 19 .1518983E+11   2300009E-01  .2023E+01 -.1261E+02   .9999999  .0001250 -.0000587
T 5183 19 .1518965E+11   2300012E-01 -.1979E+01  .3162E+01   .9999999  .0001096 -.0000066
T 5184 19 .1519088E+11   2300013E-01  .2673E+02  .1040E+02   .9999999  .0003150 -.0000418
T 5185 19 .1519004E+11   2300017E-01 -.1154E+01 -.2978E+02   .9999999 -.0000044 -.0002903
T 5186 19 .1518981E+11   2300007E-01  .1873E+01 -.2166E+01   .9999999 -.0000259  .0000005
T 5187 19 .1518960E+11   2300014E-01  .1542E+02 -.8402E+01   .9999999  .0001475 -.0001809
T 5188 19 .1518831E+11   2300005E-01 -.1354E+02  .4517E+01   .9999999 -.0001752 -.0001063
T 5189 19 .1519032E+11   2300012E-01 -.2405E+01 -.1466E+02   .9999999  .0000021 -.0000328
T 5190 19 .1519042E+11   2300021E-01  .1167E+02 -.1272E+02   .9999999  .0000421 -.0001899
T 5191 19 .1518933E+11   2300018E-01  .1856E+02 -.4893E+01   .9999999  .0002437 -.0001943
T 5192 19 .1519091E+11   2300018E-01 -.4021E+01  .2352E+02   .9999999 -.0000959  .0000784
T 5193 19 .1519129E+11   2300022E-01 -.8676E+01 -.2697E+02   .9999999 -.0001873 -.0003869
T 5194 19 .1519064E+11   2300010E-01  .2284E+02  .2450E+02   .9999999  .0002405  .0002107
T 5195 19 .1518949E+11   2300021E-01  .2341E+01  .6173E+01   .9999999 -.0000766  .0000399
T 5196 19 .1519004E+11   2300021E-01 -.3310E+02 -.1045E+01   .9999999 -.0002912  .0000680
T 5197 19 .1518847E+11   2300011E-01  .9994E+01 -.6311E+01   .9999999  .0001337 -.0000974
T 5198 19 .1519052E+11   2300004E-01  .6476E+01 -.5869E+00   .9999999  .0000936  .0000835
T 5199 19 .1518997E+11   2300021E-01 -.3584E+01  .5854E+01   .9999999 -.0001193  .0001423
T 5200 19 .1518916E+11   2300003E-01  .1384E+02  .1119E+02   .9999999  .0002206  .0001431
T 5201 19 .1519020E+11   2300009E-01 -.5152E+01  .9509E+01   .9999999 -.0001004  .0000897
T 5202 19 .1519023E+11   2300013E-01 -.1814E+01  .2093E+02   .9999999 -.0000572  .0000158
T 5203 19 .1518995E+11   2300015E-01  .7814E+01 -.6892E+01   .9999999 -.0000169 -.0001348
T 5204 19 .1519026E+11   2300015E-01  .1078E+02 -.7755E+01   .9999999  .0001130  .0000346
T 5205 19 .1519006E+11   2300009E-01 -.2826E+01  .1861E+02   .9999999 -.0003623  .0001737
T 5206 19 .1518994E+11   2300014E-01 -.5111E+02  .3788E+02   .9999997 -.0005793  .0004236
T 5207 19 .1518962E+11   2300001E-01  .1782E+02  .1713E+02   .9999999  .0001849  .0002318
T 5208 19 .1519060E+11   2300015E-01 -.6488E+01 -.7817E+01   .9999999 -.0001232 -.0001259
T 5209 19 .1518906E+11   2300020E-01  .1173E+02  .1894E+01   .9999999  .0001392  .0000393
T 5210 19 .1518918E+11   2300016E-01  .5856E+01 -.7500E+01   .9999999 -.0000235 -.0000037
T 5211 19 .1519018E+11   2300008E-01  .7209E+01 -.6677E+01   .9999999  .0001356  .0000581
T 5212 19 .1518891E+11   2300009E-01 -.2159E+02 -.1276E+02   .9999999 -.0001585 -.0000816
T 5213 19 .1519034E+11   2300021E-01 -.4283E+01  .8863E+01   .9999999 -.0001981 -.0000151
T 5214 19 .1519019E+11   2300020E-01  .1139E+01  .9514E+01   .9999999  .0000275  .0000919
T 5215 19 .1518935E+11   2300009E-01 -.7404E+01  .2910E+01   .9999999 -.0002088  .0001670
T 5216 19 .1519066E+11   2300015E-01 -.1733E+02  .1190E+02   .9999999 -.0001847  .0001724
T 5217 19 .1519034E+11   2300016E-01 -.5769E+01 -.1407E+02   .9999999 -.0000540 -.0000147
T 5218 19 .1519087E+11   2300019E-01  .9014E+01  .3845E+00   .9999999 -.0001725 -.0000472
T 5219 19 .1518927E+11   2300020E-01 -.1086E+02 -.1368E+01   .9999999 -.0000022 -.0000598
T 5220 19 .1519108E+11   2300012E-01 -.1045E+02  .1159E+01   .9999999 -.0000558 -.0000275
T 5221 19 .1519331E+11   2300015E-01  .2717E+02  .8637E+01   .9999999  .0003939  .0000805
T 5222 19 .1518978E+11   2300000E-01  .3440E+01 -.8463E+01   .9999999 -.0000680 -.0001262
T 5223 19 .1519108E+11   2300018E-01  .8254E+01 -.1895E+01   .9999999  .0000921 -.0000130
T 5224 19 .1518978E+11   2300020E-01 -.7848E+01 -.3158E+02   .9999999 -.0000851 -.0004099
T 5225 19 .1519025E+11   2300019E-01 -.4937E+01 -.1431E+02   .9999999  .0000453 -.0002445
T 5226 19 .1519081E+11   2300019E-01  .1185E+02 -.2725E+02   .9999999  .0001559 -.0003128
T 5227 19 .1518910E+11   2300012E-01 -.1185E+02  .4924E+01   .9999999 -.0001744 -.0000436
T 5228 19 .1518899E+11   2300019E-01 -.2240E+01 -.1634E+02   .9999999 -.0000864 -.0001885
T 5229 19 .1518928E+11   2300008E-01  .4816E+01  .3960E+01   .9999999  .0000697  .0000548
T 5230 19 .1518850E+11   2300002E-01 -.5956E+02 -.1709E+02   .9999993 -.0011574 -.0003508
T 5231 19 .1519006E+11   2300018E-01  .9168E+01 -.7358E+01   .9999999  .0001223 -.0001243
T 5232 19 .1518975E+11   2300020E-01 -.2417E+02 -.8307E+00   .9999999 -.0001057 -.0000335
T 5233 19 .1519113E+11   2300005E-01  .1541E+01  .1211E+02   .9999999  .0001779  .0002144
T 5234 19 .1519147E+11   2300017E-01  .1177E+02 -.2137E+02   .9999999  .0001712 -.0003419
T 5235 19 .1518995E+11   2300010E-01  .8767E+01  .2707E+01   .9999999  .0000158  .0000652
T 5236 19 .1518928E+11   2300014E-01 -.5169E+01 -.5741E+01   .9999999  .0001309  .0001599
T 5237 19 .1519169E+11   2300008E-01 -.1072E+02 -.2998E+01   .9999999 -.0001719 -.0000426
T 5238 19 .1518920E+11   2300018E-01  .3221E+02  .3813E+01   .9999999  .0001981  .0000076
T 5239 19 .1519036E+11   2300006E-01  .1448E+02  .9982E+01   .9999999  .0002119  .0002072
T 5240 19 .1518946E+11   2300020E-01 -.2043E+02  .4047E+02   .9999998 -.0001506  .0005967
T 5241 19 .1519034E+11   2300023E-01  .4707E+00  .6588E+01   .9999999 -.0000018  .0000765
T 5242 19 .1518871E+11   2300019E-01  .6694E+01 -.6272E+01   .9999999  .0001060 -.0001533
T 5243 19 .1519026E+11   2300008E-01  .3324E+01  .6458E+01   .9999999  .0000680  .0001093
T 5244 19 .1519064E+11   2300015E-01 -.4735E+01 -.3393E+01   .9999999  .0000075 -.0000444
T 5245 19 .1518933E+11   2300018E-01 -.3152E+02 -.2554E+02   .9999999 -.0002288 -.0003007
T 5246 19 .1519131E+11   2300020E-01 -.9654E+01 -.4748E+01   .9999999 -.0001169  .0000560
T 5247 19 .1519103E+11   2300022E-01 -.6503E+01  .2107E+02   .9999999 -.0001574  .0002143
T 5248 19 .1519070E+11   2300015E-01 -.4797E-01  .2568E+01   .9999999  .0000452 -.0000588
T 5249 19 .1519023E+11   2300013E-01  .1138E+02  .3521E+01   .9999999  .0001260  .0001687
T 5250 19 .1518997E+11   2300016E-01 -.5376E+01  .1568E+02   .9999999  .0000444  .0000119
T 5251 19 .1518961E+11   2300011E-01 -.1287E+00  .2577E+01   .9999999  .0000064  .0000089
T 5252 19 .1518909E+11   2300019E-01 -.7492E+01 -.1936E+02   .9999999 -.0000698 -.0000976
T 5253 19 .1519059E+11   2300013E-01 -.1949E+01 -.5212E+00   .9999999 -.0000188  .0000158
T 5254 19 .1519112E+11   2300017E-01  .7818E+02 -.5417E+02   .9999994  .0009120 -.0006591
T 5255 19 .1518972E+11   2300019E-01 -.1291E+02 -.3206E+01   .9999999  .0000456 -.0001911
T 5256 19 .1519072E+11   2300020E-01 -.1005E+02  .9743E+01   .9999999 -.0001174  .0000898
T 5257 19 .1519004E+11   2300017E-01 -.1039E+02  .7396E+00   .9999999 -.0001200 -.0000510
T 5258 19 .1518944E+11   2300016E-01 -.3615E+01  .2716E+01   .9999999 -.0001179 -.0000852
T 5259 19 .1518998E+11   2300013E-01 -.9653E+00 -.2209E+01   .9999999 -.0000877  .0000595
T 5260 19 .1518898E+11   2300010E-01  .1476E+02 -.8003E+01   .9999999  .0001218 -.0000245
T 5261 19 .1518841E+11   2300021E-01 -.2072E+02 -.9074E+01   .9999999 -.0002486 -.0001262
T 5262 19 .1519101E+11   2300022E-01 -.2342E+02  .1547E+02   .9999999 -.0001505  .0004502
T 5263 19 .1518967E+11   2300007E-01  .2346E+02 -.2431E+02   .9999999  .0001841 -.0000909
T 5264 19 .1519005E+11   2300009E-01 -.1178E+02  .1407E+02   .9999999  .0001474  .0000985
T 5265 19 .1519024E+11   2300017E-01 -.1288E+01  .2894E+01   .9999999  .0000516  .0001452
T 5266 19 .1518846E+11   2300021E-01  .2466E+02 -.3279E+02   .9999999  .0002538 -.0003643
T 5267 19 .1518985E+11   2300002E-01 -.3584E+02 -.4691E+02   .9999998 -.0004709 -.0004767
T 5268 19 .1519096E+11   2300009E-01 -.6205E+01 -.9046E+01   .9999999 -.0000421 -.0001249
T 5269 19 .1519071E+11   2300014E-01  .2393E+01 -.1723E+01   .9999999  .0000588 -.0001197
T 5270 19 .1518958E+11   2300021E-01  .6789E+01 -.2246E+01   .9999999  .0000360 -.0000814
T 5271 19 .1519187E+11   2300013E-01  .6629E+01 -.5478E+01   .9999999 -.0001703 -.0000382
T 5272 19 .1519092E+11   2300016E-01 -.8400E+00  .4509E+01   .9999999  .0000977  .0001111
T 5273 19 .1519114E+11   2300015E-01 -.1537E+01  .1378E+01   .9999999 -.0001726  .0000614
T 5274 19 .1518928E+11   2300013E-01  .5074E+01  .1428E+01   .9999999  .0001038  .0000049
T 5275 19 .1518957E+11   2300019E-01  .7156E+01 -.9361E+01   .9999999 -.0000027 -.0001322
T 5276 19 .1518996E+11   2300012E-01  .2549E+02  .2991E+01   .9999999  .0003384 -.0000496
T 5277 19 .1518949E+11   2300019E-01  .7312E+01 -.3135E+01   .9999999  .0001681 -.0000756
T 5278 19 .1518989E+11   2300007E-01 -.2641E+02 -.4458E+02   .9999998 -.0002374 -.0006375
T 5279 19 .1519115E+11   2300004E-01  .2360E+02  .1152E+02   .9999999  .0001811  .0000919
T 5280 19 .1519033E+11   2300008E-01  .9471E+00 -.1142E+02   .9999999 -.0001235 -.0001941
T 5281 19 .1519045E+11   2300010E-01  .3302E+01 -.9404E+00   .9999999  .0000390 -.0000325
T 5282 19 .1519084E+11   2300019E-01  .1903E+01  .7730E+01   .9999998 -.0003654  .0004552
T 5283 19 .1519035E+11   2300009E-01 -.5212E+01  .5729E+01   .9999999 -.0002028 -.0000224
T 5284 19 .1519116E+11   2300009E-01 -.1508E+02 -.1895E+01   .9999999 -.0002087  .0000226
T 5285 19 .1519124E+11   2300021E-01  .1117E+02  .1623E+02   .9999999  .0000570  .0001498
T 5286 19 .1519087E+11   2300011E-01 -.6498E+02 -.3004E+02   .9999997 -.0007965  .0001778
T 5287 19 .1519050E+11   2300015E-01  .1491E+01 -.1598E+02   .9999999  .0000555 -.0000877
T 5288 19 .1518824E+11   2300008E-01  .8371E+01 -.2429E+00   .9999999  .0001732 -.0000202
T 5289 19 .1518989E+11   2300020E-01  .9196E+01  .5050E+00   .9999999  .0001313 -.0001079
T 5290 19 .1518986E+11   2300009E-01  .5444E+01 -.3893E+01   .9999999  .0000754  .0000447
T 5291 19 .1518971E+11   2300007E-01  .1833E+02 -.6270E+01   .9999999 -.0000206 -.0002261
T 5292 19 .1518997E+11   2300019E-01  .3647E+01  .7235E+01   .9999999  .0000939  .0003024
T 5293 19 .1519081E+11   2300019E-01 -.1196E+02 -.1681E+02   .9999999 -.0000506 -.0001499
T 5294 19 .1519022E+11   2300014E-01  .7336E+01 -.7276E+01   .9999999 -.0000148 -.0002308
T 5295 19 .1518938E+11   2300009E-01  .1205E+02  .3757E+01   .9999999  .0000203  .0001124
T 5296 19 .1518924E+11   2300021E-01 -.1609E+02 -.2980E+01   .9999999 -.0001345 -.0000214
T 5297 19 .1518975E+11   2300006E-01  .1187E+02  .6304E+00   .9999999  .0001167 -.0000292
T 5298 19 .1519003E+11   2300021E-01 -.1360E+01 -.1022E+02   .9999999  .0000264 -.0000597
T 5299 19 .1518997E+11   2300018E-01 -.1135E+02 -.2266E+02   .9999999 -.0002011 -.0000436
T 5300 19 .1518871E+11   2300021E-01  .9316E+01  .7810E+01   .9999999  .0003852 -.0000463
T 5301 19 .1518915E+11   2300022E-01 -.3315E+01 -.1212E+02   .9999999 -.0000003 -.0000636
T 5302 19 .1519048E+11   2300022E-01  .5406E+01 -.7828E+01   .9999999  .0000213 -.0001434
T 5303 19 .1518906E+11   2300018E-01  .7488E+01  .7886E+00   .9999999  .0001261 -.0000217
T 5304 19 .1518996E+11   2300006E-01  .9081E+01  .5211E+02   .9999999  .0000993  .0003978
T 5305 19 .1519098E+11   2300015E-01 -.2015E+02  .3349E+01   .9999999  .0000026 -.0000608
T 5306 19 .1518983E+11   2300017E-01  .3084E+01 -.2517E+01   .9999999  .0000199 -.0000593
T 5307 19 .1519089E+11   2300008E-01 -.4317E+01 -.1094E+02   .9999999 -.0000887 -.0001038
T 5308 19 .1518993E+11   2300014E-01 -.5462E+00  .6263E+01   .9999999  .0000331 -.0000211
T 5309 19 .1519148E+11   2300005E-01 -.2539E+02  .3056E+02   .9999999 -.0002832  .0002864
T 5310 19 .1518921E+11   2300005E-01  .2576E+01 -.1126E+02   .9999999 -.0000676 -.0001266
T 5311 19 .1519036E+11   2300021E-01  .3750E+01 -.1562E+02   .9999999 -.0000988 -.0002693
T 5312 19 .1518920E+11   2300010E-01 -.8788E+01 -.1237E+00   .9999999 -.0000652 -.0000109
T 5313 19 .1519033E+11   2300008E-01 -.7481E+01 -.2130E+01   .9999999 -.0002423 -.0000729
T 5314 19 .1518953E+11   2300005E-01 -.5197E+02  .2377E+02   .9999998 -.0005020  .0004093
T 5315 19 .1518961E+11   2300018E-01 -.1413E+02  .2092E+02   .9999993 -.0009247  .0007496
T 5316 19 .1519036E+11   2300019E-01  .1531E+01  .4133E+01   .9999999 -.0000867 -.0002515
T 5317 19 .1519066E+11   2300003E-01 -.1529E+01 -.1494E+02   .9999999 -.0000185 -.0002781
T 5318 19 .1518888E+11   2300000E-01 -.3346E+02  .2063E+02   .9999999 -.0001265  .0001883
T 5319 19 .1518995E+11   2300007E-01  .3889E+01  .1540E+02   .9999999  .0000849  .0003009
T 5320 19 .1518985E+11   2300001E-01  .4984E+01 -.6475E+01   .9999999  .0003286 -.0001305
T 5321 19 .1519151E+11   2300012E-01  .1010E+02  .3657E+01   .9999999  .0000408  .0000766
T 5322 19 .1518920E+11   2300022E-01  .1174E+02  .1707E+02   .9999999  .0002535  .0001922
T 5323 19 .1519177E+11   2300004E-01  .9963E+01  .1945E+01   .9999999  .0000653 -.0000327
T 5324 19 .1519061E+11   2300021E-01 -.6598E+01 -.2046E+02   .9999999 -.0000822 -.0001089
T 5325 19 .1518785E+11   2300003E-01 -.3727E+02  .3133E+02   .9999999 -.0001765  .0004334
T 5326 19 .1518991E+11   2300015E-01  .3403E+01  .3056E+01   .9999999 -.0000229  .0001904
T 5327 19 .1518974E+11   2300003E-01  .7142E+01 -.1382E+01   .9999999  .0000800 -.0000187
T 5328 19 .1519092E+11   2300015E-01  .3878E+01 -.3754E+01   .9999999 -.0000798 -.0001910
T 5329 19 .1519094E+11   2300006E-01 -.1065E+02 -.9290E+01   .9999999 -.0001379 -.0000994
T 5330 19 .1519010E+11   2300007E-01 -.7248E+01  .1100E+02   .9999999 -.0000791  .0001973
T 5331 19 .1518939E+11   2300022E-01  .7248E+01 -.1623E+01   .9999999  .0001436  .0000430
T 5332 19 .1519059E+11   2300000E-01  .1623E+02 -.1722E+02   .9999999  .0001564 -.0000721
T 5333 19 .1518962E+11   2300008E-01  .4078E+01 -.8924E+01   .9999999  .0001488 -.0001555
T 5334 19 .1518941E+11   2300010E-01  .3617E+02  .7475E+01   .9999999  .0004250  .0000576
T 5335 19 .1518892E+11   2300022E-01 -.9166E+01 -.1151E+02   .9999999 -.0000193 -.0000712
T 5336 19 .1519086E+11   2300013E-01  .2916E+01  .7711E-01   .9999999  .0000922  .0000010
T 5337 19 .1518999E+11   2300022E-01  .1225E+02  .1817E+02   .9999999  .0000963 -.0000257
T 5338 19 .1519060E+11   2300000E-01  .2724E+01 -.2876E+02   .9999999  .0001038 -.0004277
T 5339 19 .1519057E+11   2300007E-01  .1152E+02 -.4819E+02   .9999999  .0001476 -.0004362
T 5340 19 .1519205E+11   2300018E-01  .1079E+02 -.1260E+02   .9999999  .0000761 -.0001813
T 5341 19 .1518908E+11   2300009E-01 -.3868E+00  .5702E+00   .9999999 -.0000304 -.0000571
T 5342 19 .1519115E+11   2300017E-01 -.7381E+01  .1179E+02   .9999999 -.0001639  .0001461
T 5343 19 .1519046E+11   2300022E-01  .1343E+02 -.9424E+01   .9999999  .0001773 -.0000305
T 5344 19 .1519042E+11   2300021E-01  .2502E+02 -.1013E+02   .9999999  .0002475 -.0002797
T 5345 19 .1519004E+11   2300021E-01  .1216E+02 -.6313E+01   .9999999  .0001322 -.0000670
T 5346 19 .1518949E+11   2300015E-01  .4046E+01  .9255E+01   .9999999  .0001515  .0000484
T 5347 19 .1518912E+11   2300019E-01  .2233E+02  .9705E+01   .9999999  .0001780  .0000883
T 5348 19 .1518902E+11   2300010E-01 -.8586E+01 -.4380E+01   .9999999 -.0000794 -.0000821
T 5349 19 .1518818E+11   2300021E-01 -.4043E+01  .7552E+01   .9999999 -.0000541  .0001148
T 5350 19 .1519000E+11   2300015E-01  .9961E+01 -.5621E+01   .9999999  .0000664  .0001552
T 5351 19 .1519108E+11   2300018E-01  .2706E+01 -.2455E-01   .9999999  .0000512  .0000882
T 5352 19 .1518959E+11   2300021E-01 -.1031E+01  .3160E+01   .9999999 -.0000033 -.0000064
T 5353 19 .1519122E+11   2300017E-01  .1277E+02  .8576E+00   .9999999  .0001929 -.0000789
T 5354 19 .1518928E+11   2300021E-01 -.5534E+00 -.7155E+01   .9999999 -.0000782 -.0000369
T 5355 19 .1519109E+11   2300021E-01 -.2231E+02 -.6791E+01   .9999999 -.0002351  .0000042
T 5356 19 .1519048E+11   2300016E-01  .6823E+00 -.1005E+02   .9999999 -.0000400 -.0002336
T 5357 19 .1518936E+11   2300008E-01 -.2835E+01  .1644E+00   .9999999 -.0001748  .0001055
T 5358 19 .1518988E+11   2300018E-01 -.1705E+01 -.1033E+02   .9999999 -.0000012 -.0002389
T 5359 19 .1518993E+11   2300016E-01 -.7046E+01  .4811E+01   .9999999  .0000039 -.0000987
T 5360 19 .1518993E+11   2300003E-01  .1588E+02 -.5158E+01   .9999999  .0002124  .0000042
T 5361 19 .1519002E+11   2300014E-01 -.2416E+02  .1057E+02   .9999999 -.0000993  .0002667
T 5362 19 .1519139E+11   2300010E-01  .9720E+01 -.7790E+01   .9999999 -.0000046 -.0001202
T 5363 19 .1519099E+11   2300020E-01  .1632E+02  .1992E+02   .9999999  .0002370  .0004919
T 5364 19 .1518917E+11   2300011E-01  .1423E+02  .3366E+02   .9999999  .0002733  .0002095
T 5365 19 .1518969E+11   2300018E-01 -.1237E+02 -.2735E+01   .9999999 -.0001128  .0000475
T 5366 19 .1518942E+11   2300001E-01  .1177E+02 -.2431E+02   .9999999 -.0000132 -.0004038
T 5367 19 .1518997E+11   2300021E-01 -.5648E+01 -.1166E+02   .9999999  .0000142 -.0001980
T 5368 19 .1519050E+11   2300020E-01  .6862E+01  .2208E+01   .9999999  .0001989 -.0000871
T 5369 19 .1519029E+11   2300012E-01 -.1285E+02 -.3872E+01   .9999999 -.0000938 -.0000646
T 5370 19 .1518928E+11   2300022E-01  .1305E+02  .1054E+02   .9999999  .0000608  .0002618
T 5371 19 .1518935E+11   2300010E-01  .6286E+01 -.8839E+01   .9999999 -.0002433 -.0001464
T 5372 19 .1519019E+11   2300000E-01 -.2678E+02  .6702E+01   .9999999 -.0003894  .0001011
T 5373 19 .1519052E+11   2300007E-01  .1726E+02 -.7189E+01   .9999999  .0002156 -.0000372
T 5374 19 .1519073E+11   2300011E-01  .1047E+01  .1724E+02   .9999999 -.0001561  .0002980
T 5375 19 .1518920E+11   2300019E-01  .1742E+02 -.1706E+02   .9999999  .0002116 -.0001626
T 5376 19 .1518971E+11   2300021E-01 -.8610E+01 -.8213E+01   .9999999 -.0000699 -.0001411
T 5377 19 .1518916E+11   2300006E-01 -.8769E+00  .7154E+01   .9999999 -.0000936  .0000649
T 5378 19 .1518905E+11   2300019E-01  .1386E+02 -.1753E+02   .9999999  .0002828 -.0001575
T 5379 19 .1518826E+11   2300012E-01  .1586E+02 -.1825E+02   .9999999  .0002604 -.0002420
T 5380 19 .1519194E+11   2300020E-01  .1298E+02 -.5209E+01   .9999999  .0001815 -.0000792
T 5381 19 .1518950E+11   2300009E-01 -.3457E+01  .5956E+01   .9999999 -.0001268  .0000528
T 5382 19 .1519036E+11   2300013E-01 -.2571E+01 -.1015E+00   .9999999 -.0000812  .0000060
T 5383 19 .1519210E+11   2300004E-01 -.3507E+01  .3299E+02   .9999999 -.0001261  .0003519
T 5384 19 .1518968E+11   2300015E-01  .2743E+02  .1769E+02   .9999999  .0001859  .0002371
T 5385 19 .1519096E+11   2300002E-01  .1964E+02 -.2160E+02   .9999999  .0003179 -.0001161
T 5386 19 .1518940E+11   2300019E-01  .6763E+00  .1096E+02   .9999999 -.0001551  .0001713
T 5387 19 .1518998E+11   2300008E-01  .5400E+01 -.7330E+01   .9999999  .0000381  .0000419
T 5388 19 .1518966E+11   2300012E-01 -.4711E+01 -.6155E+01   .9999999 -.0000636 -.0000099
T 5389 19 .1518943E+11   2300021E-01 -.8334E+01 -.3854E+01   .9999999 -.0000330 -.0001492
T 5390 19 .1519051E+11   2300019E-01 -.5208E+01  .8802E+01   .9999999 -.0001369  .0001871
T 5391 19 .1518897E+11   2300018E-01 -.1230E+02 -.1640E+01   .9999999 -.0002616 -.0001152
T 5392 19 .1518853E+11   2300020E-01  .7140E+01 -.1276E+02   .9999999  .0000839 -.0001836
T 5393 19 .1519024E+11   2300000E-01 -.1054E+02 -.7023E+01   .9999999 -.0001474 -.0000901
T 5394 19 .1518941E+11   2300020E-01  .3902E+01 -.7636E+01   .9999999  .0000471 -.0000559
T 5395 19 .1519090E+11   2300008E-01  .4581E+01  .8414E+01   .9999999  .0000845  .0001070
T 5396 19 .1518969E+11   2300021E-01  .5631E+01  .1991E+01   .9999999  .0000863  .0000239
T 5397 19 .1518947E+11   2300021E-01 -.3047E+01 -.1152E+01   .9999999 -.0000239 -.0000577
T 5398 19 .1518907E+11   2300020E-01 -.4722E+01  .1321E+02   .9999999 -.0002561  .0003127
T 5399 19 .1519041E+11   2300001E-01  .5036E+01 -.6982E+01   .9999999 -.0000235  .0000022
T 5400 19 .1519037E+11   2300020E-01 -.4916E+02  .2441E+02   .9999999 -.0003628  .0002646
T 5401 19 .1518968E+11   2300004E-01  .1104E+02  .2186E+02   .9999999  .0001191  .0003527
T 5402 19 .1519019E+11   2300001E-01  .2616E+00  .5086E+01   .9999999 -.0000168 -.0000219
T 5403 19 .1519096E+11   2300010E-01 -.2708E+01  .4958E+01   .9999999 -.0000453  .0001317
T 5404 19 .1518850E+11   2300021E-01  .5417E+01  .1587E+02   .9999999 -.0000219  .0001014
T 5405 19 .1519058E+11   2300011E-01  .1770E+02  .1833E+01   .9999999  .0003598  .0000541
T 5406 19 .1519152E+11   2300012E-01 -.1846E+02  .6342E+01   .9999999 -.0001410  .0000304
T 5407 19 .1519137E+11   2300006E-01 -.2245E+02  .2419E+01   .9999999 -.0002545  .0000972
T 5408 19 .1518959E+11   2300006E-01  .1655E+02  .1183E+02   .9999999  .0001728  .0000651
T 5409 19 .1519009E+11   2300008E-01 -.3459E+01 -.1933E+02   .9999999 -.0000640 -.0001408
T 5410 19 .1518962E+11   2300001E-01  .4805E+01 -.4637E+01   .9999999  .0000933 -.0000490
T 5411 19 .1519062E+11   2300014E-01 -.8671E+01 -.7616E+01   .9999999 -.0000378  .0000493
T 5412 19 .1518959E+11   2300001E-01 -.5289E+01 -.2256E+01   .9999999  .0000074  .0001037
T 5413 19 .1518910E+11   2300015E-01  .4787E+01  .4541E+01   .9999999  .0000466  .0001355
T 5414 19 .1518900E+11   2300022E-01  .6111E+01  .1845E+02   .9999999  .0000896  .0001113
T 5415 19 .1518995E+11   2300019E-01  .3983E+02 -.4480E+00   .9999999  .0004099  .0000031
T 5416 19 .1519051E+11   2300010E-01 -.2665E+01 -.6177E+01   .9999999  .0001834 -.0001084
T 5417 19 .1519159E+11   2300001E-01  .6365E+00  .1116E+01   .9999999  .0001013  .0000101
T 5418 19 .1518979E+11   2300011E-01 -.5517E+01 -.5058E+01   .9999997  .0006084 -.0004653
T 5419 19 .1519035E+11   2300007E-01 -.1588E+01 -.7106E+00   .9999999 -.0000685  .0000924
T 5420 19 .1518924E+11   2300019E-01 -.9722E+01  .1379E+02   .9999999 -.0003430  .0003417
T 5421 19 .1519006E+11   2300009E-01 -.6942E+01  .1798E+02   .9999999 -.0000071  .0001295
T 5422 19 .1519015E+11   2300015E-01 -.4422E+01 -.1496E+02   .9999999 -.0000618 -.0003310
T 5423 19 .1518923E+11   2300022E-01 -.8235E+01 -.4665E+01   .9999999 -.0001623 -.0002349
T 5424 19 .1518999E+11   2300012E-01  .1426E+02  .1670E+02   .9999999  .0000348  .0004279
T 5425 19 .1518966E+11   2300005E-01 -.5003E+01  .1001E+01   .9999999 -.0000454  .0001700
T 5426 19 .1518993E+11   2300022E-01  .1048E+02  .7739E+01   .9999999  .0001125 -.0000883
T 5427 19 .1519031E+11   2300007E-01  .1026E+02 -.1980E+02   .9999999  .0002143 -.0002165
T 5428 19 .1518946E+11   2300006E-01  .4976E+01  .1144E+02   .9999999 -.0000799  .0001319
T 5429 19 .1519068E+11   2300020E-01  .2877E+01  .2739E+01   .9999999 -.0001057 -.0000668
T 5430 19 .1519055E+11   2300008E-01  .9131E+01  .6672E+01   .9999999  .0000392  .0001538
T 5431 19 .1518940E+11   2300018E-01 -.3328E+01 -.8959E+01   .9999999  .0000964 -.0002519
T 5432 19 .1518875E+11   2300016E-01 -.4490E+01  .6991E+01   .9999999 -.0000731  .0002235
T 5433 19 .1518959E+11   2300019E-01 -.1387E+01 -.6650E+01   .9999999 -.0000515  .0002045
T 5434 19 .1518907E+11   2300020E-01  .9877E+01  .1393E+02   .9999999  .0001192  .0000094
T 5435 19 .1519061E+11   2300011E-01 -.3982E+00  .1828E+02   .9999999 -.0000431  .0001793
T 5436 19 .1519037E+11   2300014E-01  .2863E+02 -.2611E+02   .9999999  .0004393 -.0002841
T 5437 19 .1519087E+11   2300002E-01  .2874E+01  .5802E+01   .9999999  .0000103  .0000287
T 5438 19 .1518852E+11   2300010E-01  .2992E+01  .4356E+01   .9999999  .0000270  .0000923
T 5439 19 .1519105E+11   2300013E-01  .5348E+02 -.3692E+01   .9999998  .0006090  .0000875
T 5440 19 .1518903E+11   2300022E-01  .2248E+01  .1829E+02   .9999999  .0000035  .0003175
T 5441 19 .1518982E+11   2300008E-01 -.4408E+00  .5294E+00   .9999999 -.0001007 -.0001701
T 5442 19 .1518961E+11   2300008E-01  .2149E+01  .8614E+01   .9999999  .0000077  .0002208
T 5443 19 .1518930E+11   2300004E-01  .6819E+01 -.9302E-01   .9999999 -.0000319 -.0001006
T 5444 19 .1519024E+11   2300016E-01  .9212E+01 -.1802E+00   .9999999  .0002789  .0000072
T 5445 19 .1519085E+11   2300007E-01 -.6873E+01 -.2633E+01   .9999999 -.0000980  .0002348
T 5446 19 .1519200E+11   2300017E-01 -.1325E+02 -.3733E+02   .9999997 -.0002409 -.0007575
T 5447 19 .1518981E+11   2300010E-01 -.1038E+02 -.3975E+01   .9999998 -.0005853 -.0001176
T 5448 19 .1519150E+11   2300003E-01 -.2134E+01  .3184E+01   .9999999 -.0001342 -.0000478
T 5449 19 .1519042E+11   2300017E-01 -.9329E+00  .2273E+00   .9999999  .0000126  .0000584
T 5450 19 .1519101E+11   2300011E-01 -.3259E+01 -.1206E+02   .9999999  .0000153 -.0000878
T 5451 19 .1519119E+11   2300001E-01  .1645E+02 -.1248E+01   .9999999  .0001545  .0000653
T 5452 19 .1518940E+11   2300000E-01 -.1296E+02  .1148E+02   .9999999 -.0000530 -.0000143
T 5453 19 .1519057E+11   2300009E-01 -.7128E+01 -.1815E+02   .9999999 -.0001010 -.0002242
T 5454 19 .1519200E+11   2300015E-01  .9727E+01  .2728E+01   .9999999  .0001672 -.0000184
T 5455 19 .1518923E+11   2300017E-01  .9235E+00 -.9618E+01   .9999999  .0000003 -.0001609
T 5456 19 .1518943E+11   2300020E-01  .1173E+02  .7410E+01   .9999999  .0000289  .0000101
T 5457 19 .1519048E+11   2300013E-01 -.1789E+02  .5118E+01   .9999999 -.0001420  .0000897
T 5458 19 .1518913E+11   2300001E-01 -.1759E+02 -.6660E+01   .9999999 -.0001895 -.0001834
T 5459 19 .1519112E+11   2300000E-01 -.1386E+02 -.7387E+01   .9999999 -.0001062 -.0001194
T 5460 19 .1518983E+11   2300020E-01  .8759E+01 -.2068E+02   .9999999  .0002273 -.0003421
T 5461 19 .1519114E+11   2300014E-01 -.1141E+02  .2032E+01   .9999999 -.0001016  .0000031
T 5462 19 .1519112E+11   2300017E-01 -.1418E+02 -.3765E+01   .9999999 -.0000874  .0000411
T 5463 19 .1519123E+11   2300018E-01 -.6820E+01 -.3569E+01   .9999999 -.0001584 -.0000075
T 5464 19 .1518900E+11   2300009E-01  .4428E+01 -.5340E+01   .9999999  .0000734 -.0000538
T 5465 19 .1518840E+11   2300005E-01 -.1548E+02  .5150E+01   .9999999 -.0000136 -.0000414
T 5466 19 .1519061E+11   2300013E-01 -.2438E+02  .6227E+01   .9999999 -.0002142 -.0000373
T 5467 19 .1518992E+11   2300005E-01  .2119E+02 -.5271E+01   .9999999  .0001830 -.0001419
T 5468 19 .1519002E+11   2300001E-01  .1990E+02  .1087E+02   .9999999  .0002168  .0000850
T 5469 19 .1519019E+11   2300016E-01  .1456E+02  .3121E+01   .9999999  .0002250 -.0002352
T 5470 19 .1518909E+11   2300017E-01  .8864E+01  .2815E+01   .9999999  .0001356  .0000495
T 5471 19 .1518957E+11   2300006E-01 -.4005E+01  .7082E+01   .9999999 -.0000149  .0001435
T 5472 19 .1519190E+11   2300014E-01  .4637E+00  .3114E+01   .9999999 -.0000900 -.0000252
T 5473 19 .1519041E+11   2300015E-01 -.9614E+00  .1058E+02   .9999999 -.0000788  .0001012
T 5474 19 .1518826E+11   2300015E-01  .1140E+02  .6172E+01   .9999999  .0000568  .0000480
T 5475 19 .1518899E+11   2300022E-01 -.5546E+01  .6102E+00   .9999999  .0001387  .0000789
T 5476 19 .1519066E+11   2300016E-01 -.5722E+01  .8947E+01   .9999999 -.0000428  .0001105
T 5477 19 .1518967E+11   2300009E-01  .1427E+02  .4135E+01   .9999999  .0002017  .0001500
T 5478 19 .1519020E+11   2300003E-01 -.3974E+01  .1534E+02   .9999999  .0000487  .0002208
T 5479 19 .1518850E+11   2300009E-01  .8111E+01 -.6384E+01   .9999999  .0000322 -.0002684
T 5480 19 .1518928E+11   2300017E-01 -.2590E+00  .1323E+02   .9999999  .0000736  .0001611
T 5481 19 .1519119E+11   2300004E-01 -.1352E+01 -.6578E+01   .9999999  .0001139 -.0002225
T 5482 19 .1519100E+11   2300011E-01  .1402E+02  .1015E+01   .9999999  .0003172  .0001493
T 5483 19 .1519047E+11   2300004E-01 -.1509E+02  .2288E+01   .9999999 -.0000862 -.0000260
T 5484 19 .1518949E+11   2300013E-01  .1492E+02  .3950E+01   .9999999  .0000899  .0001837
T 5485 19 .1519078E+11   2300011E-01  .1146E+02  .1877E+02   .9999999  .0000293  .0001209
T 5486 19 .1518957E+11   2300013E-01 -.1250E+02 -.6902E+01   .9999999 -.0001605 -.0000947
T 5487 19 .1518925E+11   2300022E-01 -.2893E+02  .1214E+01   .9999999 -.0000242 -.0000395
T 5488 19 .1518985E+11   2300018E-01 -.7158E+01 -.1623E+02   .9999999 -.0002566  .0000710
T 5489 19 .1519005E+11   2300018E-01 -.6447E+01  .2142E+02   .9999999 -.0000139  .0001766
T 5490 19 .1519082E+11   2300019E-01 -.3158E+01  .1976E+02   .9999999 -.0002519 -.0003978
T 5491 19 .1518984E+11   2300000E-01  .3842E+02 -.3855E+00   .9999999  .0001966 -.0000007
T 5492 19 .1519132E+11   2300016E-01  .6870E+01  .8310E+01   .9999999 -.0001443 -.0000227
T 5493 19 .1518899E+11   2300021E-01 -.1058E+02  .1269E+02   .9999999 -.0001201  .0001817
T 5494 19 .1518951E+11   2300007E-01 -.1767E+01 -.1812E+02   .9999999 -.0000674 -.0002590
T 5495 19 .1518908E+11   2300014E-01  .1893E+02  .3125E+02   .9999999  .0000162  .0002748
T 5496 19 .1519134E+11   2300016E-01  .6069E+01 -.4723E+01   .9999999  .0001101  .0000130
T 5497 19 .1519083E+11   2300000E-01 -.8417E+01 -.7381E+01   .9999999 -.0000959 -.0000490
T 5498 19 .1519033E+11   2300011E-01  .8815E+01 -.8502E+01   .9999999  .0000820 -.0001200
T 5499 19 .1518951E+11   2300020E-01 -.2112E+01  .5943E+01   .9999999 -.0000369 -.0000608
T 5500 19 .1519032E+11   2300016E-01  .6253E+01  .7050E+01   .9999999 -.0000617  .0001166
T 5501 19 .1518881E+11   2300004E-01 -.8934E+01  .5775E+01   .9999999 -.0000063 -.0000067
T 5502 19 .1518962E+11   2300006E-01  .8919E+01 -.1460E+02   .9999999  .0000257 -.0001643
T 5503 19 .1518995E+11   2300009E-01  .7269E+01  .1292E+02   .9999999  .0000891  .0001535
T 5504 19 .1518887E+11   2300022E-01 -.1553E+02  .3531E+01   .9999999 -.0003054  .0000714
T 5505 19 .1518903E+11   2300002E-01  .8711E+01 -.1338E+02   .9999999  .0000911 -.0001458
T 5506 19 .1518784E+11   2300006E-01 -.4561E+02 -.1963E+02   .9999999 -.0002990 -.0001496
T 5507 19 .1519007E+11   2300004E-01 -.1259E+02  .3075E+01   .9999999 -.0000154 -.0000669
T 5508 19 .1518976E+11   2300016E-01  .1293E+01 -.1115E+00   .9999999  .0000036 -.0000684
T 5509 19 .1519011E+11   2300018E-01  .1036E+02  .3268E+01   .9999999  .0002059 -.0000166
T 5510 19 .1519161E+11   2300016E-01  .1471E+02  .4786E+01   .9999999  .0000642  .0000749
T 5511 19 .1518941E+11   2300007E-01 -.3110E+02 -.1370E+02   .9999999 -.0004538 -.0000090
T 5512 19 .1519109E+11   2300012E-01  .1306E+01 -.1011E+02   .9999999 -.0000286 -.0000570
T 5513 19 .1519014E+11   2300010E-01 -.2089E+02  .4109E+01   .9999999 -.0004147  .0000567
T 5514 19 .1519042E+11   2300003E-01  .9358E+01 -.8081E+01   .9999999  .0000759 -.0002336
T 5515 19 .1519008E+11   2300014E-01  .2106E+01  .1582E+01   .9999999 -.0000058  .0000241
T 5516 19 .1519097E+11   2300009E-01  .7733E+01 -.6327E+01   .9999999  .0000924 -.0000623
T 5517 19 .1518925E+11   2300009E-01 -.3079E+01 -.2351E+02   .9999999 -.0000894 -.0001779
T 5518 19 .1518844E+11   2300015E-01 -.5721E+01 -.1799E+02   .9999999 -.0000792 -.0002731
T 5519 19 .1519022E+11   2300015E-01  .1652E+01  .1245E+01   .9999999 -.0000728  .0000148
T 5520 19 .1518935E+11   2300020E-01 -.1737E+01 -.5820E+01   .9999999 -.0001391 -.0000047
T 5521 19 .1519044E+11   2300014E-01 -.1461E+01 -.1622E+01   .9999999 -.0001628  .0000018
T 5522 19 .1519009E+11   2300011E-01 -.1182E+02 -.2032E+01   .9999999 -.0001859  .0000851
T 5523 19 .1518884E+11   2300005E-01 -.1754E+02 -.1893E+02   .9999999 -.0001916 -.0001054
T 5524 19 .1518891E+11   2300019E-01  .2596E+01  .5400E+00   .9999999 -.0000028  .0000101
T 5525 19 .1519083E+11   2300016E-01  .2275E+01  .8184E+01   .9999999  .0000585  .0000913
T 5526 19 .1519043E+11   2300014E-01  .2161E+01  .3548E+01   .9999999  .0000116  .0000444
T 5527 19 .1518944E+11   2300012E-01 -.2810E+01  .6976E+01   .9999999  .0000768  .0001468
T 5528 19 .1519059E+11   2300015E-01 -.1101E+02 -.4250E+01   .9999999 -.0003779 -.0002616
T 5529 19 .1518950E+11   2300016E-01 -.2062E+01 -.4740E+00   .9999999 -.0001217  .0001172
T 5530 19 .1519084E+11   2300008E-01 -.4580E+01  .1290E+02   .9999999 -.0000878  .0001359
T 5531 19 .1519067E+11   2300002E-01 -.4617E+01  .6279E+00   .9999999 -.0000892 -.0000313
T 5532 19 .1518989E+11   2300010E-01  .1163E+02  .9124E+01   .9999999  .0000907  .0000615
T 5533 19 .1519025E+11   2300016E-01 -.4180E+01 -.1343E+01   .9999999 -.0000935 -.0000101
T 5534 19 .1518976E+11   2300009E-01  .2143E+01  .3598E+01   .9999999  .0000203  .0001738
T 5535 19 .1518836E+11   2300004E-01  .7455E+00  .1596E+02   .9999999 -.0000203  .0000871
T 5536 19 .1518988E+11   2300021E-01 -.2393E+02 -.3080E+02   .9999999 -.0003924 -.0003766
T 5537 19 .1518989E+11   2300004E-01 -.2228E+02 -.3740E+01   .9999999 -.0001448  .0001823
T 5538 19 .1518872E+11   2300012E-01 -.8763E+01  .2484E+01   .9999999 -.0002186 -.0000530
T 5539 19 .1518953E+11   2300019E-01  .8143E+01 -.1698E+02   .9999999  .0000830 -.0001565
T 5540 19 .1519033E+11   2300021E-01 -.4010E+00 -.9727E+01   .9999999  .0000204 -.0001211
T 5541 19 .1519034E+11   2300003E-01 -.4952E+01 -.1985E+02   .9999999 -.0001259 -.0002233
T 5542 19 .1519020E+11   2300010E-01 -.2721E+01  .4221E+01   .9999999  .0000614  .0000703
T 5543 19 .1519036E+11   2300002E-01 -.2976E+00  .4119E+01   .9999999 -.0002077 -.0000802
T 5544 19 .1518966E+11   2300008E-01 -.1842E+01 -.1061E+02   .9999999  .0000286 -.0001682
T 5545 19 .1518921E+11   2300017E-01  .1792E+02 -.1647E+00   .9999999  .0000656 -.0000640
T 5546 19 .1518970E+11   2300001E-01  .3512E+01 -.1321E+01   .9999999 -.0000305 -.0001471
T 5547 19 .1518972E+11   2300010E-01  .4057E+01 -.7888E+01   .9999999  .0000469 -.0000416
T 5548 19 .1519024E+11   2300010E-01 -.4323E+01 -.1148E+02   .9999999 -.0000609 -.0001722
T 5549 19 .1519017E+11   2300017E-01 -.2667E+02 -.6204E+01   .9999999 -.0003148 -.0000558
T 5550 19 .1518967E+11   2300013E-01  .5468E+01 -.7440E+01   .9999999  .0000188 -.0001216
T 5551 19 .1519028E+11   2300021E-01  .1986E+00  .3251E+02   .9999999  .0000624  .0004688
T 5552 19 .1519015E+11   2300007E-01 -.1214E+02 -.3264E+01   .9999999 -.0001178  .0000967
T 5553 19 .1519015E+11   2300012E-01  .6240E+01  .7758E+01   .9999999  .0001609  .0000315
T 5554 19 .1519097E+11   2300007E-01 -.1180E+02  .9167E+01   .9999999 -.0001242  .0000433
T 5555 19 .1519014E+11   2300007E-01 -.5184E+01  .9337E+01   .9999999 -.0000009  .0000813
T 5556 19 .1518956E+11   2300009E-01  .1567E+01 -.2898E+01   .9999999 -.0002860  .0000115
T 5557 19 .1519093E+11   2300017E-01  .2390E+01  .1049E+01   .9999999  .0000161 -.0000359
T 5558 19 .1519097E+11   2300010E-01 -.1250E+02 -.3080E+01   .9999999 -.0000423  .0000007
T 5559 19 .1518982E+11   2300010E-01 -.1805E+02  .2239E+02   .9999999 -.0000404  .0002479
T 5560 19 .1518930E+11   2300013E-01  .1228E+01 -.8357E+01   .9999999  .0000124 -.0000420
T 5561 19 .1518959E+11   2300019E-01 -.2678E+02 -.1184E+02   .9999999 -.0002262 -.0001444
T 5562 19 .1519013E+11   2300011E-01 -.1609E+02 -.4468E+01   .9999999 -.0001471  .0000006
T 5563 19 .1519111E+11   2300012E-01  .1208E+02 -.1871E+01   .9999999  .0002919 -.0003022
T 5564 19 .1518946E+11   2300012E-01  .9013E+01  .1058E+02   .9999999 -.0000927  .0001441
T 5565 19 .1519161E+11   2300022E-01 -.6317E+01 -.9806E+01   .9999999  .0001338 -.0003535
T 5566 19 .1518894E+11   2300020E-01 -.7423E+01 -.9442E+01   .9999999 -.0001647 -.0001939
T 5567 19 .1519022E+11   2300011E-01 -.3629E+01 -.4000E+01   .9999999 -.0000956 -.0001119
T 5568 19 .1518932E+11   2300013E-01 -.6666E+01  .3028E+02   .9999999  .0000100  .0003113
T 5569 19 .1519071E+11   2300014E-01 -.4210E+00 -.2906E+01   .9999999  .0000049  .0000562
T 5570 19 .1518922E+11   2300001E-01  .5269E+01 -.2694E+01   .9999999  .0000210  .0000197
T 5571 19 .1518960E+11   2300003E-01  .1335E+02  .1223E+01   .9999999  .0002241 -.0000532
T 5572 19 .1519001E+11   2300021E-01  .1796E+02 -.1451E+02   .9999999  .0001232 -.0002215
T 5573 19 .1519166E+11   2300003E-01  .4617E+01  .7009E+01   .9999999  .0000859 -.0000187
T 5574 19 .1519065E+11   2300000E-01  .4835E+00  .7348E+01   .9999999  .0000171  .0001591
T 5575 19 .1519058E+11   2300011E-01  .1019E+02  .4767E+01   .9999999  .0002060  .0001195
T 5576 19 .1518985E+11   2300017E-01  .2650E+00 -.1595E+00   .9999999  .0000078 -.0001139
T 5577 19 .1518949E+11   2300005E-01  .3121E+01  .4344E+01   .9999999  .0000161 -.0000712
T 5578 19 .1519032E+11   2300023E-01  .1801E+01  .7393E+02   .9999999 -.0000513  .0004368
T 5579 19 .1518950E+11   2300015E-01  .1290E+02 -.1746E+02   .9999999  .0000836 -.0002511
T 5580 19 .1519126E+11   2300018E-01 -.8279E+01  .1297E+02   .9999999 -.0001230  .0001137
T 5581 19 .1519005E+11   2300010E-01 -.6552E+01 -.1180E+02   .9999999  .0000682 -.0000854
T 5582 19 .1518988E+11   2300002E-01 -.5001E+01  .4259E+00   .9999999 -.0000845 -.0000055
T 5583 19 .1519019E+11   2300012E-01  .3231E+02  .1404E+02   .9999999  .0004476  .0001168
T 5584 19 .1518957E+11   2300016E-01 -.9980E+01 -.4003E+01   .9999999  .0000087 -.0002262
T 5585 19 .1518954E+11   2300005E-01  .2176E+02  .7312E+00   .9999999  .0003440 -.0000857
T 5586 19 .1519113E+11   2300011E-01  .1157E+01  .1089E+02   .9999999 -.0000288  .0000702
T 5587 19 .1519148E+11   2300001E-01  .1274E+02  .1444E+02   .9999999  .0000578  .0002130
T 5588 19 .1519151E+11   2300011E-01 -.8224E+01 -.2012E+01   .9999999 -.0002317  .0000210
T 5589 19 .1519085E+11   2300009E-01  .1577E+02 -.6663E+01   .9999999  .0000620 -.0000513
T 5590 19 .1519008E+11   2300001E-01 -.4337E+01  .9943E+01   .9999999 -.0000912  .0000917
T 5591 19 .1519068E+11   2300015E-01 -.9058E+01 -.8779E+01   .9999999  .0000895 -.0001779
T 5592 19 .1519005E+11   2300021E-01 -.2558E+02 -.7920E+01   .9999999 -.0004149  .0000039
T 5593 19 .1519060E+11   2300013E-01 -.1380E+01  .1355E+02   .9999999 -.0001588  .0000835
T 5594 19 .1518812E+11   2300020E-01 -.4717E+01 -.2188E+01   .9999999 -.0000307 -.0001119
T 5595 19 .1519055E+11   2300019E-01  .1250E+02  .4803E+01   .9999999  .0003312  .0000459
T 5596 19 .1518959E+11   2300015E-01 -.5673E+01  .1029E+02   .9999999 -.0000508  .0001141
T 5597 19 .1518871E+11   2300010E-01 -.6673E+01 -.2375E+02   .9999999 -.0000316 -.0001705
T 5598 19 .1519016E+11   2300015E-01 -.2627E+02  .4313E+02   .9999999 -.0003831  .0003056
T 5599 19 .1519107E+11   2300008E-01 -.1515E+02  .1027E+02   .9999999 -.0001903  .0000764
T 5600 19 .1518940E+11   2300020E-01 -.2540E+01 -.1092E+02   .9999999 -.0000813 -.0001217
T 5601 19 .1519036E+11   2300006E-01 -.1457E+02 -.8973E+01   .9999999 -.0003221 -.0000819
T 5602 19 .1519010E+11   2300001E-01 -.1911E+02 -.1880E+02   .9999999 -.0002219 -.0002124
T 5603 19 .1519101E+11   2300012E-01 -.1596E+01  .1304E+02   .9999999  .0000393  .0002881
T 5604 19 .1519064E+11   2300000E-01 -.1898E+02 -.1655E+02   .9999999 -.0002484 -.0001999
T 5605 19 .1519142E+11   2300000E-01  .2090E+02 -.1069E+02   .9999999  .0003099 -.0001035
T 5606 19 .1519091E+11   2300019E-01  .3640E+00 -.5989E+01   .9999999 -.0000776 -.0000647
T 5607 19 .1519103E+11   2300019E-01  .4970E+02 -.1215E+02   .9999998  .0006019 -.0001736
T 5608 19 .1519016E+11   2300012E-01  .6852E+01 -.9382E+01   .9999999  .0000271 -.0000696
T 5609 19 .1518881E+11   2300018E-01 -.1337E+02  .2965E+02   .9999998 -.0002877  .0005087
T 5610 19 .1518958E+11   2300011E-01  .1640E+02 -.1796E+01   .9999999  .0002139 -.0000309
T 5611 19 .1519031E+11   2300010E-01  .2225E+01  .6219E+01   .9999999  .0000822  .0000194
T 5612 19 .1518924E+11   2300012E-01 -.2045E+02 -.3547E+01   .9999999 -.0000938 -.0000013
T 5613 19 .1518970E+11   2300014E-01 -.1195E+02  .1464E+02   .9999999 -.0001381  .0002038
T 5614 19 .1518809E+11   2300021E-01 -.4973E+01  .5302E+01   .9999999  .0001585  .0000732
T 5615 19 .1519046E+11   2300013E-01  .7114E+01 -.1869E+00   .9999999  .0000464  .0001009
T 5616 19 .1518981E+11   2300014E-01 -.3629E+02 -.4145E+02   .9999997 -.0002921 -.0006523
T 5617 19 .1519070E+11   2300010E-01  .1012E+02  .3012E+01   .9999999  .0001528 -.0000820
T 5618 19 .1518969E+11   2300006E-01  .1790E+02 -.1108E+02   .9999999  .0003288 -.0000026
T 5619 19 .1518875E+11   2300016E-01  .4980E+01  .4929E+01   .9999993  .0008701  .0007456
T 5620 19 .1519045E+11   2300004E-01  .7392E+01 -.7869E+01   .9999999  .0001023 -.0001083
T 5621 19 .1518977E+11   2300001E-01  .1260E+02  .2693E+01   .9999999  .0001964  .0001038
T 5622 19 .1519073E+11   2300013E-01 -.2260E+02  .3154E+02   .9999998 -.0004010  .0004564
T 5623 19 .1518980E+11   2300016E-01 -.1098E+02 -.1840E+01   .9999999 -.0001452  .0000816
T 5624 19 .1519089E+11   2300016E-01 -.1593E+02 -.1623E+01   .9999999 -.0002380  .0000018
T 5625 19 .1519050E+11   2300023E-01 -.3739E+01  .5174E+01   .9999999 -.0000805  .0001128
T 5626 19 .1518942E+11   2300016E-01  .2205E+02  .1231E+02   .9999999  .0002153  .0002183
T 5627 19 .1519133E+11   2300020E-01 -.2660E+02  .9055E+01   .9999999 -.0002472  .0000969
T 5628 19 .1518914E+11   2300009E-01  .9972E+01 -.4667E+01   .9999999  .0001330  .0000529
T 5629 19 .1518963E+11   2300020E-01  .4342E+01 -.4097E+02   .9999999  .0000101 -.0002326
T 5630 19 .1518925E+11   2300014E-01  .3158E+01  .8329E+01   .9999999 -.0000418  .0000540
T 5631 19 .1519070E+11   2300013E-01 -.1199E+01  .9521E+00   .9999999  .0000125  .0002325
T 5632 19 .1518939E+11   2300002E-01  .6450E+01  .2575E+02   .9999999  .0000643  .0003136
T 5633 19 .1519057E+11   2300016E-01 -.1102E+02 -.1220E+02   .9999999 -.0000325 -.0001660
T 5634 19 .1519009E+11   2300020E-01 -.7757E+01 -.7732E+01   .9999999 -.0000451 -.0000766
T 5635 19 .1519095E+11   2300003E-01  .9472E+01  .3492E+01   .9999999  .0000330  .0000081
T 5636 19 .1518973E+11   2300019E-01 -.1129E+02  .1946E+02   .9999999 -.0001296  .0001953
T 5637 19 .1519016E+11   2300020E-01  .6705E+01  .2957E+01   .9999999  .0000088  .0000774
T 5638 19 .1518991E+11   2300018E-01  .3368E+02  .6312E+01   .9999997  .0007358  .0002651
T 5639 19 .1519003E+11   2300008E-01 -.2143E+02  .5688E+01   .9999999 -.0003511  .0001801
T 5640 19 .1519094E+11   2300020E-01 -.3280E+01  .1899E+02   .9999999 -.0000010  .0000833
T 5641 19 .1519030E+11   2300023E-01  .6012E+01  .4000E+01   .9999999 -.0000187  .0000688
T 5642 19 .1519028E+11   2300016E-01  .5434E+01  .4901E+01   .9999999  .0000907  .0000251
T 5643 19 .1518996E+11   2300008E-01 -.9583E+02  .4230E+02   .9999995 -.0009246  .0003353
T 5644 19 .1518961E+11   2300016E-01  .1285E+02  .1565E+02   .9999999  .0001967  .0001767
T 5645 19 .1518930E+11   2300008E-01  .8697E+01 -.1751E+00   .9999999  .0001053 -.0000674
T 5646 19 .1519061E+11   2300019E-01  .2312E+02 -.6554E+01   .9999999  .0002863 -.0000270
T 5647 19 .1519083E+11   2300000E-01 -.8586E+01 -.4113E+01   .9999999 -.0002318  .0000514
T 5648 19 .1519234E+11   2300023E-01 -.2441E+01 -.1107E+02   .9999999 -.0001406 -.0001864
T 5649 19 .1519194E+11   2300001E-01 -.6349E+01  .1986E+02   .9999999 -.0001587  .0003396
T 5650 19 .1519024E+11   2300019E-01  .1405E+02 -.2952E+01   .9999999  .0000147 -.0000169
T 5651 19 .1519114E+11   2300022E-01 -.1315E+01  .1070E+02   .9999999 -.0000892  .0001125
T 5652 19 .1518982E+11   2300012E-01  .6576E+01 -.4977E+01   .9999999  .0000699 -.0000421
T 5653 19 .1519060E+11   2300002E-01  .1088E+02  .9816E+01   .9999999  .0002075 -.0000100
T 5654 19 .1518933E+11   2300014E-01 -.2024E+02  .3842E+01   .9999998 -.0006214 -.0000509
T 5655 19 .1518981E+11   2300014E-01 -.6756E+01 -.5297E+01   .9999999  .0000389 -.0001718
T 5656 19 .1519028E+11   2300007E-01 -.1390E+02 -.7510E+01   .9999999 -.0002537 -.0000803
T 5657 19 .1518987E+11   2300017E-01 -.6232E+01 -.2512E+02   .9999999 -.0001873 -.0002506
T 5658 19 .1518970E+11   2300008E-01  .9686E+01 -.1690E+02   .9999999  .0001800 -.0001320
T 5659 19 .1519009E+11   2300016E-01 -.3509E+01  .4231E+01   .9999999 -.0000397  .0001245
T 5660 19 .1519021E+11   2300022E-01 -.4168E+02 -.9302E+01   .9999999 -.0003910 -.0002017
T 5661 19 .1518989E+11   2300003E-01  .5933E+01 -.4246E+01   .9999999  .0001417 -.0000711
T 5662 19 .1518884E+11   2300008E-01 -.2697E+01  .1026E+02   .9999999  .0000181  .0002361
T 5663 19 .1519070E+11   2300009E-01 -.4789E+00 -.7142E+01   .9999999  .0001698 -.0001303
T 5664 19 .1518913E+11   2300018E-01  .1292E+02  .1093E+01   .9999999  .0001872  .0000468
T 5665 19 .1519074E+11   2300022E-01 -.1576E+02  .2210E+02   .9999999  .0000082  .0004666
T 5666 19 .1518921E+11   2300003E-01 -.1063E+01  .5651E+01   .9999999 -.0000813  .0000773
T 5667 19 .1518971E+11   2300010E-01 -.5316E+01 -.7831E+01   .9999999 -.0000044 -.0000408
T 5668 19 .1518918E+11   2300018E-01 -.1150E+02  .2798E+01   .9999999 -.0000255  .0001938
T 5669 19 .1519115E+11   2300013E-01 -.1168E+02 -.8592E+01   .9999999 -.0000680 -.0001351
T 5670 19 .1518984E+11   2300014E-01  .1892E+02 -.1539E+02   .9999999  .0001987 -.0002314
T 5671 19 .1518725E+11   2300007E-01  .3106E+01  .7316E+01   .9999999  .0000847  .0001806
T 5672 19 .1518957E+11   2300019E-01  .5762E+01 -.7871E+01   .9999999  .0000097 -.0001879
T 5673 19 .1519058E+11   2300001E-01 -.1828E+02 -.8146E+00   .9999998 -.0006659  .0002176
T 5674 19 .1519000E+11   2300011E-01  .5435E+01 -.7528E+00   .9999999  .0000568  .0000802
T 5675 19 .1519061E+11   2300001E-01 -.7007E+00 -.1089E+02   .9999999 -.0001176 -.0000824
T 5676 19 .1519130E+11   2300013E-01 -.1647E+02  .3796E+01   .9999999 -.0001816  .0001339
T 5677 19 .1518946E+11   2300021E-01 -.1589E+01  .3490E+01   .9999999  .0000333  .0000024
T 5678 19 .1519056E+11   2300006E-01  .3888E+01 -.1851E+02   .9999999 -.0000155 -.0002853
T 5679 19 .1519033E+11   2300006E-01  .9194E+01 -.5464E+00   .9999999  .0001469  .0000923
T 5680 19 .1519081E+11   2300016E-01  .1297E+02  .1496E+02   .9999999 -.0001502  .0001960
T 5681 19 .1518970E+11   2300009E-01  .2358E+01  .2311E+01   .9999999  .0000727  .0000847
T 5682 19 .1518958E+11   2300019E-01 -.1201E+02  .1033E+02   .9999999 -.0000924  .0000862
T 5683 19 .1518899E+11   2300011E-01 -.3158E+01 -.1031E+02   .9999999  .0000057 -.0003681
T 5684 19 .1519086E+11   2300008E-01  .1069E+02  .1171E+01   .9999999  .0001067 -.0000264
T 5685 19 .1519053E+11   2300001E-01  .4801E+01 -.1066E+02   .9999999  .0001147 -.0001894
T 5686 19 .1518915E+11   2300020E-01  .1507E+02 -.2607E+01   .9999999  .0001292 -.0000883
T 5687 19 .1518986E+11   2300005E-01  .6915E+00 -.9312E+01   .9999999  .0000928 -.0001134
T 5688 19 .1518792E+11   2300011E-01 -.1851E+02 -.1228E+02   .9999999 -.0000971 -.0000523
T 5689 19 .1519164E+11   2300010E-01 -.8209E+01 -.9122E+00   .9999999 -.0001618  .0000079
T 5690 19 .1518850E+11   2300012E-01 -.1345E+02  .8507E+00   .9999999 -.0001619 -.0001119
T 5691 19 .1519023E+11   2300015E-01 -.1165E+02 -.1717E+01   .9999999 -.0001841 -.0000199
T 5692 19 .1518868E+11   2300018E-01  .1392E+02 -.1220E+02   .9999999  .0001911 -.0001307
T 5693 19 .1519057E+11   2300016E-01 -.1034E+02  .9601E+01   .9999999 -.0001609  .0001775
T 5694 19 .1519087E+11   2300010E-01  .4894E+01 -.1069E+02   .9999999 -.0000625 -.0000509
T 5695 19 .1519012E+11   2300010E-01 -.2138E+01  .7240E+00   .9999999 -.0001010  .0000290
T 5696 19 .1518871E+11   2300009E-01  .8667E+01  .1453E+02   .9999999  .0000168  .0001451
T 5697 19 .1518908E+11   2300013E-01  .3411E+01  .4991E+01   .9999999  .0001006  .0000591
T 5698 19 .1519088E+11   2300010E-01 -.7800E+01  .1317E+02   .9999999 -.0001116  .0001462
T 5699 19 .1519027E+11   2300017E-01 -.1614E+02 -.7717E+01   .9999999 -.0003030 -.0001375
T 5700 19 .1518973E+11   2300020E-01 -.3238E+00 -.7065E+01   .9999999 -.0000744 -.0000744
T 5701 19 .1519008E+11   2300008E-01 -.5708E+01  .8260E+01   .9999999 -.0001327  .0000393
T 5702 19 .1519030E+11   2300015E-01  .1168E+02  .5160E+01   .9999999  .0001492  .0000670
T 5703 19 .1518898E+11   2300016E-01  .1205E+02 -.4930E+01   .9999999  .0001277  .0000184
T 5704 19 .1519128E+11   2300011E-01  .8794E+01  .1730E+02   .9999999  .0000267  .0000744
T 5705 19 .1519030E+11   2300016E-01 -.4030E+01 -.1466E+02   .9999999 -.0000272 -.0002662
T 5706 19 .1519151E+11   2300016E-01  .4795E+01 -.3413E+01   .9999999  .0000584  .0000666
T 5707 19 .1519035E+11   2300010E-01  .2265E+02  .2916E+01   .9999999  .0002455  .0000976
T 5708 19 .1519009E+11   2300019E-01  .3467E+02  .2375E+02   .9999998  .0002635  .0005358
T 5709 19 .1518902E+11   2300017E-01  .4406E+01 -.8271E+01   .9999999  .0000754 -.0000811
T 5710 19 .1519222E+11   2300001E-01  .3312E+00  .3610E+01   .9999999  .0000731  .0000243
T 5711 19 .1519118E+11   2300016E-01 -.1995E+02  .2188E+02   .9999999 -.0002643  .0002507
T 5712 19 .1519029E+11   2300007E-01  .1699E+02 -.2231E+02   .9999999  .0000530 -.0002950
T 5713 19 .1518855E+11   2300004E-01 -.5593E+01 -.4147E+01   .9999999 -.0002177 -.0000397
T 5714 19 .1518959E+11   2300011E-01  .1197E+02 -.6584E+01   .9999999  .0001924 -.0000018
T 5715 19 .1519093E+11   2300001E-01 -.2436E+01  .6391E+01   .9999999 -.0000402  .0000593
T 5716 19 .1519104E+11   2300007E-01 -.7029E+01 -.1803E+02   .9999999 -.0001252 -.0002287
T 5717 19 .1518935E+11   2300020E-01 -.3234E+02 -.4713E+01   .9999999 -.0003149  .0000362
T 5718 19 .1518869E+11   2300016E-01  .3988E+01 -.5887E+01   .9999999  .0000262 -.0001386
T 5719 19 .1518974E+11   2300007E-01  .5087E+01 -.2092E+01   .9999999  .0000239  .0000190
T 5720 19 .1518902E+11   2300010E-01 -.1763E-01 -.2454E+01   .9999999  .0000409  .0000271
T 5721 19 .1518976E+11   2300013E-01  .4714E+01 -.5332E+01   .9999999  .0001265  .0000375
T 5722 19 .1519077E+11   2300009E-01  .8605E+01 -.8189E+01   .9999999  .0000495 -.0000555
T 5723 19 .1519012E+11   2300017E-01  .2094E+02 -.3383E+02   .9999999  .0001914 -.0003821
T 5724 19 .1518935E+11   2300020E-01 -.3154E+02  .2817E+01   .9999999 -.0002168 -.0000098
T 5725 19 .1518900E+11   2300019E-01  .2769E+01  .3413E+01   .9999999  .0000135  .0000192
T 5726 19 .1518986E+11   2300015E-01  .1159E+02  .6560E+01   .9999999  .0001952  .0001177
T 5727 19 .1518947E+11   2300019E-01 -.1617E+01 -.6449E+01   .9999999 -.0000727 -.0000295
T 5728 19 .1519043E+11   2300004E-01 -.3310E+01 -.3115E+01   .9999999  .0000614 -.0000107
T 5729 19 .1518957E+11   2300014E-01  .1480E+02  .5523E+01   .9999999  .0003300 -.0000469
T 5730 19 .1518969E+11   2300017E-01 -.7189E+01 -.1945E+01   .9999999 -.0000067 -.0001654
T 5731 19 .1518961E+11   2300007E-01  .2098E+02 -.8569E+02   .9999996  .0005663 -.0006483
T 5732 19 .1519092E+11   2300019E-01  .1056E+02 -.1446E+02   .9999999  .0000262 -.0000854
T 5733 19 .1519013E+11   2300015E-01  .7064E+01  .6978E+01   .9999999  .0000183  .0000170
T 5734 19 .1518861E+11   2300003E-01 -.1118E+02 -.5297E+01   .9999999 -.0001897 -.0000561
T 5735 19 .1519021E+11   2300008E-01  .4101E+01  .1087E+02   .9999999  .0000496  .0000480
T 5736 19 .1518848E+11   2300002E-01 -.1860E+02  .1218E+01   .9999999 -.0001567  .0001201
T 5737 19 .1518991E+11   2300020E-01 -.8234E+01 -.2856E+02   .9999999 -.0000880 -.0002688
T 5738 19 .1518944E+11   2300019E-01  .2177E+02 -.3372E+01   .9999999  .0001972 -.0001657
T 5739 19 .1518891E+11   2300011E-01  .1030E+01  .6257E+01   .9999999 -.0000650  .0000721
T 5740 19 .1519099E+11   2300003E-01  .2299E+00  .3589E+02   .9999999 -.0000269  .0003196
T 5741 19 .1519073E+11   2300020E-01  .3400E+02 -.8196E+01   .9999999  .0004636  .0000225
T 5742 19 .1519130E+11   2300012E-01  .7816E+01  .1457E+02   .9999999  .0000891  .0001263
T 5743 19 .1518859E+11   2300018E-01  .3778E+01 -.1821E+01   .9999999 -.0000385 -.0000063
T 5744 19 .1518936E+11   2300007E-01 -.9238E+01 -.6785E+01   .9999999 -.0001583 -.0000957
T 5745 19 .1518815E+11   2300022E-01 -.1085E+02  .8383E+01   .9999999  .0000194  .0001527
T 5746 19 .1519116E+11   2300001E-01  .3012E+01  .2204E+02   .9999999  .0001287  .0000836
T 5747 19 .1519023E+11   2300007E-01 -.1521E+02 -.5985E+01   .9999999 -.0002358  .0000543
T 5748 19 .1519054E+11   2300011E-01  .7146E+01  .1134E+02   .9999999  .0000582  .0003149
T 5749 19 .1518946E+11   2300008E-01  .3418E+01 -.2071E+02   .9999999 -.0000451 -.0001673
T 5750 19 .1518987E+11   2300002E-01  .7399E+01 -.1217E+01   .9999999  .0001166 -.0000111
T 5751 19 .1519044E+11   2300013E-01 -.6526E+01 -.4803E+01   .9999999 -.0000836 -.0000227
T 5752 19 .1519165E+11   2300008E-01  .1334E+02  .1910E+02   .9999999  .0001534  .0002045
T 5753 19 .1519115E+11   2300013E-01  .2836E+01 -.1937E+01   .9999999 -.0001130 -.0001604
T 5754 19 .1519060E+11   2300007E-01 -.1430E+02  .5923E+01   .9999999 -.0000901  .0001656
T 5755 19 .1519226E+11   2300015E-01 -.3775E+00 -.7165E+01   .9999999  .0000501  .0000579
T 5756 19 .1518932E+11   2300008E-01  .3412E+01  .1752E+02   .9999999  .0002115  .0002801
T 5757 19 .1519017E+11   2300018E-01 -.7106E+01  .9967E+01   .9999999 -.0000962  .0000389
T 5758 19 .1518937E+11   2300021E-01 -.1861E+02 -.1026E+02   .9999999 -.0001551 -.0001417
T 5759 19 .1518966E+11   2300015E-01 -.4567E+01  .2523E+02   .9999999 -.0000773  .0002865
T 5760 19 .1519089E+11   2300008E-01 -.3576E+01 -.1235E+02   .9999999 -.0000877 -.0001840
T 5761 19 .1519002E+11   2300007E-01 -.4624E+01  .4084E+01   .9999999 -.0000854  .0001370
T 5762 19 .1518983E+11   2300001E-01 -.2278E+01 -.7782E+01   .9999999 -.0002071 -.0000966
T 5763 19 .1519147E+11   2300004E-01  .4235E+01  .1867E+02   .9999999 -.0000035  .0003725
T 5764 19 .1519013E+11   2300004E-01  .1156E+02  .5817E+01   .9999999 -.0000272  .0001148
T 5765 19 .1518997E+11   2300016E-01  .1054E+01  .1771E+01   .9999999  .0001742 -.0000034
T 5766 19 .1519009E+11   2300013E-01 -.3714E+01  .1025E+02   .9999999  .0002511  .0000826
T 5767 19 .1519062E+11   2300012E-01 -.4838E+01  .6704E+00   .9999999 -.0000871  .0000097
T 5768 19 .1518842E+11   2300005E-01  .6276E+01  .1263E+02   .9999999  .0001027  .0001246
T 5769 19 .1518918E+11   2300011E-01  .1232E+01 -.1423E+02   .9999999  .0000165 -.0002179
T 5770 19 .1519074E+11   2300017E-01 -.1904E+02 -.1789E+02   .9999999 -.0003154 -.0002564
T 5771 19 .1518951E+11   2300017E-01  .5154E+00 -.5848E+01   .9999999 -.0001364 -.0001108
T 5772 19 .1518909E+11   2300017E-01 -.1932E+01  .5900E+01   .9999999 -.0000349  .0000340
T 5773 19 .1519093E+11   2300019E-01  .9410E+01  .3796E+01   .9999999  .0001200  .0001429
T 5774 19 .1519040E+11   2300014E-01  .6119E+01  .4892E+01   .9999999 -.0000097  .0000808
T 5775 19 .1518833E+11   2300003E-01 -.6469E+01 -.7728E+00   .9999999 -.0000918  .0000200
T 5776 19 .1519128E+11   2300017E-01 -.2113E+02 -.1773E+02   .9999999 -.0003108 -.0003319
T 5777 19 .1518943E+11   2300011E-01  .1046E+02  .3519E+01   .9999999  .0002566  .0002841
T 5778 19 .1518937E+11   2300019E-01  .1116E+02  .1759E+01   .9999999  .0001193  .0000429
T 5779 19 .1518947E+11   2300004E-01  .2115E+02  .3964E+01   .9999999  .0004448  .0001544
T 5780 19 .1518964E+11   2300022E-01  .9974E+01 -.4252E+01   .9999999 -.0000218 -.0000312
T 5781 19 .1519016E+11   2300007E-01 -.3828E+01  .7976E+01   .9999999 -.0000821  .0001812
T 5782 19 .1519099E+11   2300011E-01  .1249E+02 -.5933E+01   .9999999  .0000629 -.0001857
T 5783 19 .1518908E+11   2300011E-01 -.1586E+02  .3908E+02   .9999998 -.0003603  .0005083
T 5784 19 .1519086E+11   2300001E-01 -.1104E+02 -.3317E+01   .9999999 -.0001337 -.0000082
T 5785 19 .1519086E+11   2300006E-01  .1076E+01 -.5582E+01   .9999999  .0001107 -.0001421
T 5786 19 .1519012E+11   2300020E-01  .1664E+01 -.4057E+01   .9999999  .0001548 -.0001767
T 5787 19 .1519120E+11   2300009E-01 -.8431E-01  .9750E+01   .9999999 -.0000532  .0001887
T 5788 19 .1519032E+11   2300004E-01  .2483E+01  .3293E+01   .9999999  .0000935 -.0000031
T 5789 19 .1519006E+11   2300020E-01  .1871E+02  .1291E+02   .9999999  .0002169  .0000381
T 5790 19 .1518977E+11   2300010E-01 -.9167E+01 -.1028E+02   .9999999 -.0000359 -.0001315
T 5791 19 .1519102E+11   2300015E-01  .1420E+02 -.1213E+02   .9999999  .0001294 -.0003030
T 5792 19 .1518949E+11   2300020E-01  .2533E+01  .1403E+01   .9999999 -.0000415  .0000706
T 5793 19 .1518957E+11   2300019E-01 -.9264E+01 -.2114E+02   .9999999 -.0000607 -.0001678
T 5794 19 .1519096E+11   2300021E-01 -.1491E+02 -.3917E+01   .9999999 -.0000025  .0000053
T 5795 19 .1519097E+11   2300016E-01 -.1716E+00  .2090E+01   .9999999 -.0000856  .0001044
T 5796 19 .1518948E+11   2300018E-01  .1203E+02  .2201E+01   .9999999  .0001199 -.0000276
T 5797 19 .1518942E+11   2300020E-01  .1722E+02  .1409E+02   .9999999  .0002868  .0002869
T 5798 19 .1518923E+11   2300006E-01 -.1699E+02 -.6386E+01   .9999999 -.0002292 -.0001186
T 5799 19 .1518987E+11   2300007E-01 -.1916E+02 -.2260E+02   .9999999 -.0000888 -.0000496
T 5800 19 .1518938E+11   2300007E-01 -.6433E+01 -.1664E+02   .9999999  .0000379 -.0001193
T 5801 19 .1518950E+11   2300011E-01 -.2111E+01  .1047E+01   .9999999 -.0000348 -.0000616
T 5802 19 .1518946E+11   2300018E-01 -.1309E+02 -.1754E+02   .9999999 -.0001913 -.0002452
T 5803 19 .1518850E+11   2300001E-01 -.4655E+01  .1091E+02   .9999999 -.0000465  .0000858
T 5804 19 .1519144E+11   2300020E-01 -.1025E+02  .3448E+02   .9999999 -.0001724  .0005044
T 5805 19 .1519020E+11   2300012E-01  .2293E+01  .1403E+02   .9999999 -.0000180  .0002083
T 5806 19 .1518986E+11   2300011E-01 -.4240E+01 -.9805E+01   .9999999  .0000469 -.0000738
T 5807 19 .1518953E+11   2300000E-01 -.7948E+01 -.1552E+02   .9999999 -.0000594 -.0000872
T 5808 19 .1519044E+11   2300002E-01  .1808E+02 -.1396E+02   .9999999  .0001865 -.0001026
T 5809 19 .1519012E+11   2300002E-01  .1119E+02 -.8274E+01   .9999999  .0001954 -.0001778
T 5810 19 .1519094E+11   2300020E-01  .4609E+01  .1226E+02   .9999999  .0000342  .0002776
T 5811 19 .1519060E+11   2300008E-01 -.9700E+01  .8173E+01   .9999999 -.0001316 -.0000548
T 5812 19 .1519028E+11   2300010E-01  .2635E+02 -.9641E+01   .9999999  .0002065 -.0000065
T 5813 19 .1519069E+11   2300022E-01 -.3034E+01  .9509E+01   .9999999 -.0000023  .0001092
T 5814 19 .1518925E+11   2300011E-01  .1844E+02 -.3763E+01   .9999999  .0001999  .0000020
T 5815 19 .1518883E+11   2300017E-01  .2737E+01 -.6681E+01   .9999999 -.0000157 -.0000312
T 5816 19 .1518930E+11   2300012E-01 -.3498E+00  .8090E+01   .9999999  .0000698 -.0000439
T 5817 19 .1518979E+11   2300021E-01  .6432E+01  .6984E+00   .9999999  .0000180  .0002839
T 5818 19 .1518986E+11   2300022E-01  .1139E+02  .1813E+01   .9999999  .0003367  .0000173
T 5819 19 .1518948E+11   2300005E-01  .8551E+01 -.1140E+01   .9999999  .0001031 -.0001782
T 5820 19 .1519055E+11   2300020E-01 -.1341E+02  .2630E+02   .9999999 -.0001245  .0004264
T 5821 19 .1519041E+11   2300000E-01  .1195E+01  .1213E+02   .9999999 -.0000316  .0000632
T 5822 19 .1519083E+11   2300012E-01 -.1385E+02  .4890E+01   .9999999 -.0000871  .0000241
T 5823 19 .1519117E+11   2300021E-01 -.1540E+02 -.6375E+01   .9999999 -.0000969 -.0001275
T 5824 19 .1518967E+11   2300022E-01  .2624E+02 -.3444E+00   .9999999  .0002306  .0000334
T 5825 19 .1519061E+11   2300018E-01 -.2944E+01  .8785E+01   .9999999 -.0000061  .0001748
T 5826 19 .1519092E+11   2300022E-01 -.1255E+02  .3108E+01   .9999999 -.0001662 -.0000133
T 5827 19 .1519055E+11   2300019E-01 -.3969E+01  .1795E+02   .9999999 -.0000066  .0002195
T 5828 19 .1519077E+11   2300014E-01 -.1020E+02 -.1317E+02   .9999999 -.0001292 -.0002140
T 5829 19 .1518991E+11   2300015E-01  .1153E+02  .3674E+01   .9999999  .0001557  .0000044
T 5830 19 .1518959E+11   2300003E-01  .9113E+01  .1062E+02   .9999999  .0002660  .0001357
T 5831 19 .1518984E+11   2300023E-01  .5280E+01  .2377E+01   .9999999  .0001486  .0000633
T 5832 19 .1518941E+11   2300022E-01  .7954E+00 -.2237E+00   .9999999  .0000055 -.0000012
T 5833 19 .1518953E+11   2300014E-01  .1849E+01  .3286E+01   .9999999  .0000395  .0000325
T 5834 19 .1519183E+11   2300022E-01 -.7550E+01 -.8127E+01   .9999999 -.0001281  .0000718
T 5835 19 .1519101E+11   2300019E-01  .7055E+01  .1884E+02   .9999999  .0001003  .0000826
T 5836 19 .1518830E+11   2300001E-01  .1813E+02 -.1817E+02   .9999999  .0002530 -.0001681
T 5837 19 .1519021E+11   2300015E-01 -.8216E+01 -.1404E+02   .9999999 -.0000824 -.0001795
T 5838 19 .1518895E+11   2300013E-01  .1313E+02 -.3410E+01   .9999999  .0003072  .0000533
T 5839 19 .1518979E+11   2300004E-01 -.7411E+01  .1314E+02   .9999999 -.0000279  .0000904
T 5840 19 .1518938E+11   2300019E-01 -.1012E+02 -.4731E+02   .9999997 -.0002950 -.0006834
T 5841 19 .1519119E+11   2300002E-01  .5632E+01  .3473E+01   .9999999  .0000144  .0000851
T 5842 19 .1519040E+11   2300021E-01  .3610E+02  .4408E+02   .9999995  .0008309  .0005257
T 5843 19 .1518859E+11   2300019E-01  .1880E+02  .6449E+01   .9999999  .0002156  .0000893
T 5844 19 .1519106E+11   2300022E-01 -.1189E+02 -.1315E+01   .9999999 -.0001543 -.0000146
T 5845 19 .1518972E+11   2300015E-01  .4102E+01  .1320E+01   .9999999  .0001563  .0000649
T 5846 19 .1518833E+11   2300021E-01 -.1369E+00 -.3821E+01   .9999999 -.0001258  .0000275
T 5847 19 .1518980E+11   2300013E-01  .4098E+02 -.8390E+01   .9999999  .0005134 -.0000918
T 5848 19 .1518911E+11   2300012E-01  .5408E+01 -.2685E+01   .9999999  .0001114  .0000362
T 5849 19 .1518890E+11   2300007E-01  .3398E+02  .2375E+02   .9999999  .0003985  .0002833
T 5850 19 .1518922E+11   2300012E-01  .6380E+00 -.9296E+00   .9999999 -.0000726 -.0000719
T 5851 19 .1518926E+11   2300021E-01 -.2657E+01  .2472E+02   .9999999 -.0000214  .0003139
T 5852 19 .1519026E+11   2300014E-01 -.1105E+02  .2263E+01   .9999999 -.0000087  .0000905
T 5853 19 .1519050E+11   2300015E-01  .1763E+01  .6259E+01   .9999999  .0000356  .0001091
T 5854 19 .1519147E+11   2300022E-01  .3223E+02  .1077E+03   .9999998  .0001635  .0005669
T 5855 19 .1518953E+11   2300021E-01 -.1684E+01  .1088E+02   .9999999 -.0000584  .0002485
T 5856 19 .1519041E+11   2300011E-01 -.1114E+02 -.1155E+02   .9999999 -.0001101 -.0001450
T 5857 19 .1518854E+11   2300022E-01 -.9510E+01 -.5700E+01   .9999999 -.0000828 -.0001720
T 5858 19 .1519052E+11   2300014E-01  .3138E+01  .1008E+02   .9999999 -.0000375  .0002786
T 5859 19 .1518977E+11   2300017E-01  .2152E+00 -.8318E+01   .9999999  .0001590 -.0000641
T 5860 19 .1518984E+11   2300019E-01  .2968E+01 -.5454E+01   .9999999  .0000841  .0001004
T 5861 19 .1519018E+11   2300010E-01  .7133E+01 -.8703E+01   .9999999 -.0000092 -.0002804
T 5862 19 .1519102E+11   2300021E-01  .1427E+02  .6023E+01   .9999998  .0005996 -.0000614
T 5863 19 .1519040E+11   2300022E-01  .1775E+00 -.4718E+02   .9999999 -.0000354 -.0004975
T 5864 19 .1519059E+11   2300006E-01 -.2703E+01  .1214E+02   .9999999 -.0000474  .0002069
T 5865 19 .1518928E+11   2300011E-01 -.8581E+01 -.3024E+01   .9999999 -.0001259 -.0001409
T 5866 19 .1519059E+11   2300018E-01 -.6628E+01  .2180E+02   .9999999 -.0000215  .0004067
T 5867 19 .1519036E+11   2300002E-01  .3342E+01  .4891E+01   .9999999  .0000070  .0001211
T 5868 19 .1519098E+11   2300016E-01  .4891E+01  .8040E+00   .9999999  .0000284 -.0000824
T 5869 19 .1519011E+11   2300020E-01 -.1167E+02 -.1438E+02   .9999999 -.0002470 -.0002208
T 5870 19 .1519090E+11   2300011E-01 -.8272E+01  .1625E+01   .9999999 -.0001760  .0001432
T 5871 19 .1518937E+11   2300022E-01 -.1399E+02  .1824E+02   .9999999 -.0002665  .0003489
T 5872 19 .1519074E+11   2300007E-01 -.1322E+02  .1472E+01   .9999999 -.0000185  .0000945
T 5873 19 .1519036E+11   2300023E-01 -.8939E+00  .6246E+00   .9999999 -.0000837 -.0000703
T 5874 19 .1518807E+11   2300001E-01 -.1586E+01  .4759E+01   .9999999  .0000155  .0001604
T 5875 19 .1519052E+11   2300015E-01 -.3910E+01 -.1290E+02   .9999999  .0001108 -.0000757
T 5876 19 .1518990E+11   2300020E-01 -.1008E+02  .5986E+01   .9999999  .0000544  .0000420
T 5877 19 .1519110E+11   2300013E-01 -.2472E+02  .7826E+01   .9999999 -.0002459 -.0000176
T 5878 19 .1519043E+11   2300004E-01 -.2588E+02 -.1420E+02   .9999999 -.0002792 -.0000812
T 5879 19 .1519165E+11   2300021E-01 -.1103E+02  .1004E+02   .9999999 -.0000970  .0001437
T 5880 19 .1519125E+11   2300003E-01 -.4087E+02 -.6582E+02   .9999999 -.0002415 -.0002847
T 5881 19 .1519072E+11   2300017E-01 -.2339E+02  .1493E+01   .9999999 -.0003249  .0000805
T 5882 19 .1518994E+11   2300012E-01  .1717E+01  .2220E+01   .9999999 -.0002418 -.0001708
T 5883 19 .1518949E+11   2300013E-01 -.7159E+01 -.1276E+01   .9999999 -.0000125 -.0000570
T 5884 19 .1519046E+11   2300004E-01 -.9565E+01 -.7783E+01   .9999999  .0000892 -.0000835
T 5885 19 .1519029E+11   2300019E-01  .4460E+01 -.1174E+02   .9999999  .0000885 -.0000536
T 5886 19 .1519045E+11   2300005E-01 -.2346E+01 -.1392E+02   .9999999 -.0000374 -.0002560
T 5887 19 .1519147E+11   2300016E-01  .1179E+02 -.7422E+01   .9999999  .0001271  .0000442
T 5888 19 .1519058E+11   2300003E-01 -.7076E+01  .4170E+01   .9999999 -.0001280  .0000907
T 5889 19 .1519142E+11   2300013E-01 -.4148E+01 -.2617E+01   .9999999 -.0001776  .0001063
T 5890 19 .1518899E+11   2300003E-01 -.5292E+01  .3391E+01   .9999999 -.0001169 -.0000523
T 5891 19 .1518884E+11   2300011E-01 -.3931E+01 -.6742E+01   .9999999  .0000326 -.0002414
T 5892 19 .1519127E+11   2300002E-01  .7498E+01  .1215E+02   .9999999 -.0001356  .0001675
T 5893 19 .1519114E+11   2300006E-01  .1293E+02 -.9777E+01   .9999999  .0001968 -.0000222
T 5894 19 .1518952E+11   2300021E-01  .1095E+02  .5142E+01   .9999999  .0002534  .0002072
T 5895 19 .1518890E+11   2300013E-01  .5987E+00  .6593E+01   .9999999  .0000498  .0000887
T 5896 19 .1518921E+11   2300021E-01 -.1033E+01 -.6608E+01   .9999999  .0000613 -.0000202
T 5897 19 .1518894E+11   2300022E-01  .3793E+01 -.5604E+00   .9999999  .0000581 -.0001019
T 5898 19 .1519008E+11   2300015E-01 -.3012E+02 -.1519E+02   .9999999 -.0003026 -.0003336
T 5899 19 .1519090E+11   2300012E-01 -.9920E+01 -.4466E+00   .9999999 -.0001931  .0000075
T 5900 19 .1519048E+11   2300012E-01  .7279E+01 -.9940E+01   .9999999  .0000156  .0000430
T 5901 19 .1519175E+11   2300018E-01  .4384E+01 -.1326E+02   .9999999  .0001486 -.0000676
T 5902 19 .1518867E+11   2300019E-01 -.8007E+01  .4547E+01   .9999999 -.0001150  .0000288
T 5903 19 .1519072E+11   2300001E-01 -.1124E+02 -.3219E+01   .9999999 -.0001693 -.0000661
T 5904 19 .1518970E+11   2300004E-01 -.6965E+01  .9880E+01   .9999999 -.0001512  .0000302
T 5905 19 .1518922E+11   2300020E-01  .3171E+01  .9185E+01   .9999999  .0001097  .0001327
T 5906 19 .1519021E+11   2300004E-01 -.1730E+02  .9771E+01   .9999999 -.0001116  .0001104
T 5907 19 .1519202E+11   2300008E-01  .7007E+01  .1713E+02   .9999998 -.0002283  .0006144
T 5908 19 .1519039E+11   2300001E-01  .1012E+02  .8727E+01   .9999999  .0000158  .0000807
T 5909 19 .1518955E+11   2300004E-01 -.6069E+01 -.6048E+01   .9999999  .0000132 -.0000384
T 5910 19 .1518856E+11   2300018E-01  .9782E+01  .9463E+01   .9999999  .0000876  .0002092
T 5911 19 .1518972E+11   2300004E-01  .7238E+01 -.5602E+01   .9999999  .0001353 -.0002255
T 5912 19 .1519028E+11   2300008E-01  .7159E+01  .2292E+00   .9999999  .0000439  .0000894
T 5913 19 .1518930E+11   2300010E-01  .1246E+02  .4102E+00   .9999999  .0001891 -.0000103
T 5914 19 .1518921E+11   2300021E-01  .1959E+01  .1697E+02   .9999999 -.0000043  .0002691
T 5915 19 .1518838E+11   2300002E-01 -.8047E+01  .3676E+01   .9999999 -.0001485  .0001062
T 5916 19 .1519118E+11   2300003E-01  .7135E+00  .1582E+02   .9999999 -.0000233  .0002530
T 5917 19 .1519049E+11   2300010E-01  .8531E+01 -.5894E+01   .9999999  .0001446 -.0000845
T 5918 19 .1518957E+11   2300020E-01  .2538E+02 -.7660E+01   .9999999  .0003353 -.0000661
T 5919 19 .1518868E+11   2300013E-01 -.4461E+01 -.1341E+02   .9999999 -.0000295 -.0001798
T 5920 19 .1519029E+11   2300005E-01 -.4615E+01  .9055E+01   .9999999 -.0000949  .0000873
T 5921 19 .1518813E+11   2300019E-01 -.2051E+02 -.1614E+02   .9999999 -.0005349 -.0000601
T 5922 19 .1519115E+11   2300022E-01 -.3498E+01 -.1037E+02   .9999999 -.0000475 -.0000874
T 5923 19 .1518976E+11   2300019E-01  .1984E+01 -.3151E+01   .9999999 -.0000253 -.0001759
T 5924 19 .1519167E+11   2300011E-01  .6798E+01  .1448E+02   .9999999  .0002670  .0003012
T 5925 19 .1518826E+11   2300005E-01 -.3587E+00  .1068E+02   .9999999  .0000004  .0000414
T 5926 19 .1519015E+11   2300004E-01 -.9508E+01 -.8263E+01   .9999999 -.0000210 -.0000870
T 5927 19 .1519095E+11   2300020E-01 -.2315E+02  .1400E+02   .9999991 -.0010661  .0008542
T 5928 19 .1519073E+11   2300021E-01  .2042E+02  .3238E+01   .9999999  .0002018  .0002058
T 5929 19 .1519027E+11   2300017E-01  .1312E+02 -.6321E+01   .9999999  .0001769 -.0000189
T 5930 19 .1519111E+11   2300016E-01 -.9711E+01 -.2785E+02   .9999998 -.0001858 -.0005167
T 5931 19 .1518911E+11   2300009E-01  .1191E+02  .1749E+02   .9999999  .0000205  .0000712
T 5932 19 .1519060E+11   2300022E-01 -.1591E+02  .1652E+02   .9999999 -.0004035  .0003153
T 5933 19 .1518935E+11   2300017E-01 -.4087E+01  .5114E+01   .9999999  .0000786  .0000925
T 5934 19 .1519070E+11   2300008E-01  .2353E+02  .7732E+01   .9999999  .0003563  .0001781
T 5935 19 .1518908E+11   2300014E-01 -.4236E+01 -.3003E+01   .9999999 -.0002009  .0000338
T 5936 19 .1518993E+11   2300002E-01  .2935E+02 -.7040E+01   .9999999  .0004727 -.0000642
T 5937 19 .1518990E+11   2300001E-01 -.3746E+01  .1324E+02   .9999999 -.0000145  .0001355
T 5938 19 .1518985E+11   2300013E-01 -.1491E+01  .1524E+02   .9999999  .0000852  .0002370
T 5939 19 .1518894E+11   2300001E-01 -.1200E+02  .2048E+02   .9999999 -.0003299  .0002226
T 5940 19 .1518970E+11   2300001E-01 -.4273E+00 -.1957E+02   .9999999 -.0000404 -.0002486
T 5941 19 .1518885E+11   2300022E-01  .7207E+01  .1000E+01   .9999999  .0000031  .0001250
T 5942 19 .1519013E+11   2300013E-01 -.1670E+02  .5301E+01   .9999999  .0000686  .0003937
T 5943 19 .1518903E+11   2300000E-01  .1734E+02  .3397E+02   .9999999  .0001446  .0004362
T 5944 19 .1518889E+11   2300003E-01  .2653E+02 -.7406E+00   .9999999  .0002669 -.0000427
T 5945 19 .1519062E+11   2300011E-01 -.1313E+02 -.9671E+01   .9999999 -.0003015 -.0003378
T 5946 19 .1518894E+11   2300009E-01 -.1304E+02 -.2036E+01   .9999999 -.0002947  .0000121
T 5947 19 .1518878E+11   2300021E-01  .5560E+01  .6117E+01   .9999999  .0000426  .0000325
T 5948 19 .1519067E+11   2300004E-01 -.1339E+02 -.2141E+00   .9999999 -.0000366 -.0001055
T 5949 19 .1519008E+11   2300018E-01 -.8981E+01  .3271E+02   .9999999  .0000334  .0003625
T 5950 19 .1519061E+11   2300019E-01 -.3576E+01  .2600E+02   .9999999  .0000215  .0001874
T 5951 19 .1519039E+11   2300005E-01 -.1367E+02  .1534E+02   .9999999 -.0001713  .0001253
T 5952 19 .1519144E+11   2300004E-01  .9802E+00  .1106E+02   .9999999  .0000706  .0001064
T 5953 19 .1519017E+11   2300013E-01 -.3933E+01 -.6986E+01   .9999999 -.0000070 -.0000779
T 5954 19 .1518983E+11   2300011E-01 -.1009E+02 -.1913E+02   .9999999 -.0000517 -.0000903
T 5955 19 .1519102E+11   2300016E-01 -.5121E+01  .1510E+02   .9999999 -.0000352  .0001768
T 5956 19 .1518801E+11   2300021E-01  .1883E+02  .7699E+01   .9999999  .0001667  .0002414
T 5957 19 .1519119E+11   2300019E-01  .1744E+02  .3988E+01   .9999999  .0001771  .0000159
T 5958 19 .1519003E+11   2300017E-01 -.2232E+02 -.1366E+02   .9999999 -.0002108 -.0002737
T 5959 19 .1519155E+11   2300014E-01  .7633E+01 -.1298E+02   .9999999  .0001203 -.0000658
T 5960 19 .1519058E+11   2300018E-01 -.1404E+02  .3593E+02   .9999999 -.0000690  .0001644
T 5961 19 .1518916E+11   2300007E-01 -.1676E+02  .5445E+01   .9999999 -.0002600 -.0000173
T 5962 19 .1519090E+11   2300015E-01 -.1970E+02 -.8549E+01   .9999999 -.0001748 -.0000211
T 5963 19 .1518858E+11   2300011E-01 -.4275E+01  .8552E+01   .9999999 -.0000346  .0001114
T 5964 19 .1519090E+11   2300016E-01  .4560E+01 -.1405E+02   .9999999  .0000355 -.0001674
T 5965 19 .1518986E+11   2300000E-01 -.1458E+02 -.1440E+02   .9999999 -.0000864 -.0002161
T 5966 19 .1518936E+11   2300010E-01 -.2040E+02  .2915E+01   .9999999 -.0000789  .0000247
T 5967 19 .1518756E+11   2300021E-01 -.7299E+01 -.4038E+01   .9999999 -.0000895 -.0002296
T 5968 19 .1518920E+11   2300005E-01  .2775E+03  .7962E+02   .9999958  .0027557  .0009018
T 5969 19 .1518888E+11   2300020E-01 -.1533E+02  .4714E+01   .9999999 -.0002011  .0001631
T 5970 19 .1519054E+11   2300015E-01 -.2749E+01 -.1303E+01   .9999999  .0000062  .0000638
T 5971 19 .1518907E+11   2300019E-01  .9643E+01 -.5016E+01   .9999999  .0001732 -.0000455
T 5972 19 .1519070E+11   2300009E-01  .1541E+02  .3082E+01   .9999999  .0000912  .0000040
T 5973 19 .1519001E+11   2300016E-01  .9728E+01  .2872E+02   .9999999  .0001695  .0003414
T 5974 19 .1518995E+11   2300000E-01  .1094E+01  .3135E+02   .9999999  .0000204  .0002134
T 5975 19 .1519059E+11   2300019E-01 -.1036E+02  .1601E+02   .9999999 -.0000321  .0002194
T 5976 19 .1518947E+11   2300012E-01  .2466E+02 -.2731E+01   .9999999  .0001116 -.0000620
T 5977 19 .1519322E+11   2300023E-01  .1028E+02 -.1839E+01   .9999999  .0000190 -.0002074
T 5978 19 .1518959E+11   2300011E-01 -.5382E+01 -.6252E+01   .9999999  .0000691  .0000871
T 5979 19 .1519100E+11   2300007E-01 -.1644E+02  .3075E+01   .9999999 -.0002309  .0000982
T 5980 19 .1519096E+11   2300009E-01 -.2105E+01  .1563E+02   .9999999  .0000151  .0001582
T 5981 19 .1519034E+11   2300011E-01  .3953E+01  .1350E+02   .9999999 -.0000290  .0000276
T 5982 19 .1518889E+11   2300020E-01 -.5101E+01  .8902E+01   .9999999 -.0000794  .0001135
T 5983 19 .1519026E+11   2300007E-01  .8344E+01  .3926E+02   .9999997  .0001980  .0007398
T 5984 19 .1518960E+11   2300007E-01  .4947E+01 -.1219E+02   .9999999  .0001003 -.0000272
T 5985 19 .1518946E+11   2300006E-01  .2241E+02  .2562E+00   .9999999  .0002160  .0000612
T 5986 19 .1518955E+11   2300010E-01 -.9119E+01 -.1746E+02   .9999999 -.0000064 -.0001940
T 5987 19 .1519175E+11   2300000E-01 -.2560E+01 -.2079E+02   .9999999 -.0000252 -.0001753
T 5988 19 .1519118E+11   2300016E-01  .1112E+02 -.6165E+01   .9999999  .0001381 -.0001237
T 5989 19 .1519057E+11   2300023E-01  .4342E+01 -.4017E+00   .9999999  .0000583  .0000354
T 5990 19 .1518986E+11   2300018E-01  .1244E+01 -.2893E+02   .9999999  .0000541 -.0002670
T 5991 19 .1518845E+11   2300010E-01  .9174E+01  .8911E+01   .9999999  .0001828 -.0000532
T 5992 19 .1518979E+11   2300011E-01  .3657E+01 -.7546E+01   .9999999  .0001134 -.0000718
T 5993 19 .1519050E+11   2300000E-01 -.1342E+01 -.5661E+01   .9999999 -.0000598 -.0001782
T 5994 19 .1518928E+11   2300017E-01  .2873E+00 -.2321E+01   .9999999  .0000300  .0000212
T 5995 19 .1518904E+11   2300004E-01 -.6358E+01 -.3217E+01   .9999999  .0000336 -.0001853
T 5996 19 .1518907E+11   2300013E-01 -.1336E+02  .9207E+00   .9999999 -.0001904 -.0000453
T 5997 19 .1518808E+11   2300015E-01 -.5596E+00  .4183E+02   .9999999 -.0000893  .0003752
T 5998 19 .1519083E+11   2300021E-01  .6776E+01 -.2653E+01   .9999999  .0000589 -.0000194
T 5999 19 .1519010E+11   2300004E-01 -.1506E+02 -.1164E+02   .9999999 -.0001159 -.0001999
T 6000 19 .1519037E+11   2300001E-01  .1009E+02  .8552E+01   .9999999  .0001931  .0001518
T 6001 19 .1519032E+11   2300004E-01  .3346E+01  .4570E+01   .9999999  .0000594  .0000791
T 6002 19 .1518912E+11   2300010E-01  .6710E+00 -.3310E+01   .9999999  .0000042  .0000407
T 6003 19 .1518956E+11   2300001E-01  .2408E+01  .1955E+02   .9999999 -.0001094  .0001648
T 6004 19 .1518822E+11   2300010E-01  .5178E+01  .1260E+02   .9999917  .0031843 -.0025465
T 6005 19 .1519027E+11   2300005E-01  .4674E+01 -.1289E+02   .9999999  .0000647 -.0001554
T 6006 19 .1519014E+11   2300021E-01  .1660E+01 -.1610E+01   .9999999  .0000167 -.0000066
T 6007 19 .1518997E+11   2300020E-01  .1011E+02  .6797E+01   .9999999  .0000005 -.0000095
T 6008 19 .1519156E+11   2300023E-01 -.1219E+00  .7915E+00   .9999999  .0001942 -.0000325
T 6009 19 .1518965E+11   2300023E-01 -.8225E+01  .6668E+01   .9999999 -.0001977  .0000152
T 6010 19 .1518957E+11   2300021E-01  .1474E+01 -.3955E+01   .9999999  .0000020 -.0000162
T 6011 19 .1519039E+11   2300005E-01  .6282E+01  .6982E+01   .9999999  .0001179  .0000811
T 6012 19 .1519109E+11   2300009E-01 -.9817E+01  .9814E+01   .9999999 -.0002421  .0002757
T 6013 19 .1519079E+11   2300021E-01  .1859E+02 -.3149E+01   .9999999  .0002771 -.0000184
T 6014 19 .1519048E+11   2300004E-01  .1476E+02 -.6123E+01   .9999999  .0001082 -.0000254
T 6015 19 .1518893E+11   2300004E-01 -.1775E+02 -.5588E+01   .9999999 -.0003502 -.0001099
T 6016 19 .1519011E+11   2300000E-01 -.1041E+02 -.5003E+01   .9999999 -.0001711 -.0000126
T 6017 19 .1519029E+11   2300018E-01  .2409E+01  .2185E+02   .9999999  .0000053  .0002687
T 6018 19 .1518986E+11   2300021E-01 -.3445E+01  .9017E+01   .9999999 -.0000700  .0002740
T 6019 19 .1519102E+11   2300019E-01 -.1039E+02  .2266E+01   .9999999 -.0000374 -.0000810
T 6020 19 .1519058E+11   2300011E-01  .1465E+02  .4432E+01   .9999999  .0002205  .0000320
T 6021 19 .1518831E+11   2300017E-01 -.2894E+01 -.7883E+00   .9999999  .0000763 -.0000247
T 6022 19 .1519052E+11   2300020E-01  .1251E+02  .3517E+01   .9999999 -.0000448 -.0001266
T 6023 19 .1518997E+11   2300023E-01  .9218E+00  .1459E+02   .9999999  .0000245  .0002292
T 6024 19 .1519129E+11   2300008E-01  .2378E+00 -.4614E-01   .9999999  .0000280 -.0000408
T 6025 19 .1518897E+11   2300013E-01 -.8858E+01  .3426E+01   .9999999 -.0002020  .0001140
T 6026 19 .1519154E+11   2300015E-01 -.1882E+01 -.2393E+01   .9999999 -.0000507  .0000057
T 6027 19 .1518960E+11   2300012E-01  .8252E+01  .1766E+02   .9999999  .0000754  .0000824
T 6028 19 .1519125E+11   2300007E-01 -.1353E+02 -.1180E+02   .9999999 -.0002300 -.0000410
T 6029 19 .1519058E+11   2300009E-01  .1750E+02 -.2925E+01   .9999999  .0001409  .0000043
T 6030 19 .1518993E+11   2300013E-01 -.3396E+01  .1256E+02   .9999999 -.0001092  .0001102
T 6031 19 .1518860E+11   2300020E-01 -.1971E+01  .1204E+01   .9999998 -.0003777  .0005096
T 6032 19 .1519084E+11   2300003E-01 -.6466E+01 -.4452E+01   .9999999 -.0001948 -.0001934
T 6033 19 .1518864E+11   2300004E-01  .1690E+01 -.1080E+02   .9999999  .0001025 -.0002794
T 6034 19 .1518984E+11   2300018E-01  .7577E+01 -.5410E+01   .9999999  .0000116 -.0000001
T 6035 19 .1519023E+11   2300010E-01 -.1657E+02  .4557E+01   .9999999 -.0000498  .0001343
T 6036 19 .1518923E+11   2300013E-01 -.4582E+01  .7406E+01   .9999999 -.0000904 -.0000397
T 6037 19 .1518987E+11   2300006E-01 -.1372E+02  .3697E+02   .9999999 -.0000663  .0004636
T 6038 19 .1518973E+11   2300020E-01  .8061E+01  .2576E+00   .9999999  .0001036  .0000592
T 6039 19 .1518969E+11   2300007E-01 -.3544E+02 -.2185E+02   .9999999 -.0004458 -.0001683
T 6040 19 .1519053E+11   2300013E-01  .4702E+01 -.1715E+02   .9999999  .0001471 -.0000920
T 6041 19 .1518985E+11   2300002E-01  .1849E+01  .1454E+02   .9999999 -.0000022  .0000874
T 6042 19 .1518964E+11   2300021E-01  .3652E+01  .1820E+01   .9999999  .0000558  .0001360
T 6043 19 .1519023E+11   2300010E-01 -.1446E+02 -.1314E+02   .9999999 -.0001474 -.0001567
T 6044 19 .1518875E+11   2300022E-01 -.2280E+01 -.3410E+01   .9999999  .0000131 -.0001032
T 6045 19 .1519046E+11   2300020E-01 -.5666E+01 -.2236E+02   .9999999 -.0000735 -.0002420
T 6046 19 .1519042E+11   2300009E-01 -.2505E+01 -.1522E+02   .9999999  .0000094 -.0001199
T 6047 19 .1518840E+11   2300007E-01 -.7652E+01 -.3946E+01   .9999999 -.0001095  .0000079
T 6048 19 .1519057E+11   2300019E-01  .1085E+03  .1569E+03   .9999950  .0018636  .0025473
T 6049 19 .1519113E+11   2300008E-01  .6030E+01  .2759E+01   .9999999 -.0000689  .0000935
T 6050 19 .1519043E+11   2300012E-01  .1064E+01 -.1383E+02   .9999999 -.0000278 -.0001926
T 6051 19 .1519071E+11   2300007E-01  .3561E+02 -.3537E+01   .9999999  .0004948  .0000442
T 6052 19 .1519096E+11   2300022E-01  .2534E+02 -.2612E+02   .9999999  .0003801 -.0000567
T 6053 19 .1518868E+11   2300021E-01  .5226E+01  .1497E+02   .9999999  .0000295  .0001511
T 6054 19 .1519078E+11   2300001E-01  .1877E+02 -.2387E+00   .9999999  .0002021  .0000640
T 6055 19 .1518949E+11   2300016E-01  .6289E+01 -.1122E+02   .9999999 -.0001277 -.0000710
T 6056 19 .1518972E+11   2300009E-01  .1903E+01  .2117E+01   .9999999 -.0000698  .0001255
T 6057 19 .1518936E+11   2300002E-01 -.4279E+01 -.3808E+01   .9999999 -.0000358  .0000049
T 6058 19 .1518891E+11   2300008E-01 -.5954E+01 -.1080E+02   .9999999 -.0000413 -.0001635
T 6059 19 .1519047E+11   2300021E-01 -.2863E+01 -.7699E+01   .9999999 -.0001457 -.0004225
T 6060 19 .1518839E+11   2300005E-01 -.7529E+01  .4113E+01   .9999999 -.0001019 -.0000818
T 6061 19 .1519108E+11   2300021E-01  .7082E+01 -.5451E+00   .9999999 -.0000365 -.0001147
T 6062 19 .1518943E+11   2300009E-01 -.8649E+01 -.7295E-01   .9999999 -.0002293 -.0000099
T 6063 19 .1519013E+11   2300017E-01 -.1957E+02  .2184E+02   .9999999 -.0003314  .0002059
T 6064 19 .1518911E+11   2300000E-01  .1976E+01  .1037E+02   .9999999  .0000043  .0001332
T 6065 19 .1518944E+11   2300019E-01 -.5354E+01  .4386E+02   .9999997 -.0000837  .0007317
T 6066 19 .1518952E+11   2300013E-01  .2757E+01 -.1779E+02   .9999999  .0000488 -.0002214
T 6067 19 .1519031E+11   2300012E-01 -.3623E+01  .1314E+02   .9999999 -.0000834  .0001978
T 6068 19 .1519044E+11   2300009E-01  .7867E+01  .1870E+02   .9999999  .0002005  .0000979
T 6069 19 .1518906E+11   2300022E-01 -.1201E+02 -.2637E+02   .9999999 -.0002290 -.0003053
T 6070 19 .1518939E+11   2300019E-01 -.2060E+01  .2091E+01   .9999999  .0000839 -.0000336
T 6071 19 .1519073E+11   2300020E-01 -.5056E+01  .4874E+01   .9999999  .0001525  .0000500
T 6072 19 .1518975E+11   2300022E-01 -.1544E+01 -.6415E+00   .9999999 -.0000278 -.0000968
T 6073 19 .1519041E+11   2300020E-01 -.7280E+01  .2836E+01   .9999999 -.0001896  .0001110
T 6074 19 .1518940E+11   2300019E-01  .1342E+02  .5208E+01   .9999999  .0000649  .0000531
T 6075 19 .1519036E+11   2300023E-01  .9801E+01 -.3587E+01   .9999999  .0000671 -.0000605
T 6076 19 .1519003E+11   2300007E-01 -.2396E+02 -.3008E+02   .9999999 -.0002687 -.0003257
T 6077 19 .1518888E+11   2300021E-01  .4812E+01  .3779E+01   .9999999  .0000899 -.0000624
T 6078 19 .1519047E+11   2300008E-01 -.1104E+02  .1959E+02   .9999999  .0000512  .0002283
T 6079 19 .1518992E+11   2300015E-01  .1963E+02  .9889E+01   .9999988  .0014557  .0004798
T 6080 19 .1519079E+11   2300023E-01 -.1025E+02  .9155E+00   .9999999 -.0001071 -.0000110
T 6081 19 .1518935E+11   2300001E-01  .8214E-02  .2774E+00   .9999999 -.0000477  .0000844
T 6082 19 .1519101E+11   2300016E-01  .1547E+01  .1279E+02   .9999999 -.0000360  .0001961
T 6083 19 .1519131E+11   2300017E-01 -.5216E+01 -.3556E+01   .9999999  .0000562 -.0000164
T 6084 19 .1518899E+11   2300000E-01 -.3990E+00  .1999E+01   .9999999  .0004073 -.0001511
T 6085 19 .1518996E+11   2300010E-01  .1040E+02  .4319E+01   .9999999  .0001194  .0000116
T 6086 19 .1519143E+11   2300021E-01  .8776E+01 -.1533E+01   .9999999  .0001236 -.0002346
T 6087 19 .1518911E+11   2300019E-01  .2050E+02  .1738E+02   .9999998  .0004747  .0004578
T 6088 19 .1519010E+11   2300012E-01  .1606E+02  .5403E+00   .9999999  .0000937  .0000418
T 6089 19 .1518929E+11   2300017E-01  .1508E+02  .5192E+01   .9999999  .0001982  .0000600
T 6090 19 .1518978E+11   2300006E-01  .4815E+01  .3496E+02   .9999998  .0001279  .0005715
T 6091 19 .1518976E+11   2300020E-01  .2974E+01  .3454E+01   .9999999  .0000726 -.0000431
T 6092 19 .1519138E+11   2300017E-01 -.1043E+02  .3361E+01   .9999999 -.0000602  .0001490
T 6093 19 .1518928E+11   2300020E-01  .2521E+02 -.4002E+01   .9999999  .0004272  .0000033
T 6094 19 .1519008E+11   2300004E-01  .9818E+01 -.2005E+02   .9999999  .0000682 -.0001336
T 6095 19 .1518923E+11   2300022E-01 -.2146E+02  .5540E+02   .9999999 -.0001485  .0004539
T 6096 19 .1519115E+11   2300014E-01 -.4795E+01  .1355E+02   .9999999 -.0000925  .0000203
T 6097 19 .1518956E+11   2300001E-01 -.2712E+02  .7154E+01   .9999999 -.0003340  .0000272
T 6098 19 .1519066E+11   2300001E-01  .4212E+01 -.1458E+02   .9999999  .0000190 -.0000388
T 6099 19 .1519001E+11   2300015E-01 -.2094E+02  .1420E+02   .9999999 -.0003830  .0000834
T 6100 19 .1518884E+11   2300019E-01 -.8255E+01  .3466E+01   .9999999 -.0001312  .0001504
T 6101 19 .1519054E+11   2300014E-01  .4755E+01 -.1193E+02   .9999999 -.0000845 -.0001193
T 6102 19 .1519161E+11   2300017E-01  .4340E+01 -.1662E+01   .9999999  .0000666  .0001528
T 6103 19 .1519058E+11   2300019E-01 -.4622E+00  .7875E+01   .9999999  .0001969  .0000971
T 6104 19 .1518969E+11   2300023E-01  .8270E+01  .3310E+01   .9999999  .0000915  .0000493
T 6105 19 .1519007E+11   2300004E-01 -.1981E+02  .4482E+01   .9999999 -.0000817  .0001632
T 6106 19 .1519062E+11   2300022E-01 -.3485E+01  .4798E+01   .9999999 -.0000093 -.0000921
T 6107 19 .1519091E+11   2300019E-01 -.6280E+01 -.8350E+01   .9999999 -.0001062 -.0000900
T 6108 19 .1519056E+11   2300021E-01  .2274E+02 -.3420E+02   .9999999  .0001208 -.0004027
T 6109 19 .1518971E+11   2300023E-01  .1134E+02 -.1343E+02   .9999999  .0003588 -.0001587
T 6110 19 .1519017E+11   2300018E-01  .9980E+01 -.3628E+00   .9999999  .0001140  .0001351
T 6111 19 .1519162E+11   2300020E-01  .1437E+02  .1016E+02   .9999999  .0001382  .0000641
T 6112 19 .1519088E+11   2300001E-01  .3517E+01  .2109E+02   .9999999 -.0000431  .0004801
T 6113 19 .1518954E+11   2300009E-01 -.1373E+02 -.6976E+01   .9999999 -.0001711 -.0000847
T 6114 19 .1518940E+11   2300021E-01  .1887E+01 -.8931E+01   .9999999 -.0000244 -.0001565
T 6115 19 .1519070E+11   2300007E-01 -.1215E+02 -.7551E+01   .9999999  .0000292 -.0000510
T 6116 19 .1518935E+11   2300015E-01 -.5089E+01  .1184E+02   .9999999  .0001510  .0002246
T 6117 19 .1518969E+11   2300015E-01  .1263E+02  .1481E+02   .9999999  .0000834  .0003130
T 6118 19 .1519064E+11   2300020E-01  .7962E+01 -.1356E+02   .9999999  .0000142 -.0001129
T 6119 19 .1518959E+11   2300000E-01 -.1149E+02  .5831E+01   .9999999 -.0001229  .0000715
T 6120 19 .1518972E+11   2300004E-01  .1111E+02 -.9328E+01   .9999999  .0001658 -.0001329
T 6121 19 .1519075E+11   2300001E-01 -.2370E+01 -.8425E+00   .9999999 -.0000495 -.0000007
T 6122 19 .1518771E+11   2300008E-01 -.7017E+01  .1519E+01   .9999999 -.0000900 -.0001373
T 6123 19 .1518883E+11   2300007E-01  .8396E+01 -.1990E+01   .9999999  .0000167  .0000345
T 6124 19 .1518991E+11   2300019E-01  .1527E+02 -.2251E+02   .9999999  .0000821 -.0002360
T 6125 19 .1518960E+11   2300010E-01  .1585E+01  .3176E+01   .9999999 -.0000505 -.0000808
T 6126 19 .1519100E+11   2300012E-01  .1255E+02  .2108E+02   .9999999  .0001506  .0003751
T 6127 19 .1519094E+11   2300015E-01 -.1723E+02  .1006E+02   .9999999 -.0002128  .0001380
T 6128 19 .1519060E+11   2300016E-01 -.1108E+02  .7403E+00   .9999999 -.0000554 -.0000938
T 6129 19 .1519116E+11   2300002E-01  .8805E+00 -.1209E+02   .9999999 -.0000975 -.0000363
T 6130 19 .1518790E+11   2300017E-01 -.3164E+02  .5189E+02   .9999999 -.0001430  .0005102
T 6131 19 .1518978E+11   2300000E-01  .2975E+01  .8273E+01   .9999999 -.0001777 -.0000699
T 6132 19 .1518942E+11   2300023E-01  .7955E+01 -.1669E+02   .9999999  .0000210 -.0002022
T 6133 19 .1518983E+11   2300014E-01  .6004E+01 -.1215E+02   .9999999 -.0000522 -.0001486
T 6134 19 .1518949E+11   2300006E-01  .2193E+02 -.9902E+01   .9999999  .0001901 -.0000627
T 6135 19 .1518972E+11   2300009E-01  .9958E+01 -.1029E+02   .9999999  .0001371 -.0001610
T 6136 19 .1519028E+11   2300017E-01 -.6672E-01  .9008E+01   .9999999 -.0001419  .0000636
T 6137 19 .1518946E+11   2300004E-01 -.1652E+02 -.3601E+00   .9999999 -.0001916  .0003086
T 6138 19 .1518968E+11   2300013E-01  .9218E+01 -.7648E+01   .9999999  .0000959 -.0000628
T 6139 19 .1519008E+11   2300020E-01 -.1474E+01  .2012E+02   .9999999 -.0000175  .0002167
T 6140 19 .1519006E+11   2300012E-01 -.4136E+01 -.2731E+01   .9999999 -.0000251  .0000626
T 6141 19 .1518863E+11   2300015E-01  .2033E+01 -.1543E+00   .9999999  .0001598  .0001198
T 6142 19 .1519023E+11   2300014E-01 -.9956E+00  .2639E+01   .9999999 -.0000845  .0001898
T 6143 19 .1519127E+11   2300011E-01  .3880E+01  .4699E+01   .9999999  .0000913  .0001519
T 6144 19 .1519033E+11   2300008E-01 -.4934E+01 -.2831E+01   .9999999  .0000350 -.0000429
T 6145 19 .1519151E+11   2300010E-01 -.1234E+02  .7928E+01   .9999999 -.0000844  .0001659
T 6146 19 .1518905E+11   2300007E-01 -.7187E+02 -.4231E+01   .9999999 -.0002716 -.0000997
T 6147 19 .1518945E+11   2300016E-01  .2595E+02 -.1696E+02   .9999999  .0001268 -.0001868
T 6148 19 .1518888E+11   2300007E-01  .9820E+01 -.4221E+01   .9999999  .0002054 -.0001517
T 6149 19 .1518857E+11   2300009E-01  .2669E+02  .4676E+02   .9999999  .0002939  .0002654
T 6150 19 .1518952E+11   2300022E-01  .3631E+01 -.2259E+01   .9999999 -.0001049 -.0002111
T 6151 19 .1519010E+11   2300004E-01  .1424E+02  .7944E+01   .9999999  .0001542  .0000385
T 6152 19 .1518887E+11   2300004E-01 -.9824E+01  .1416E+01   .9999999 -.0001021  .0000636
T 6153 19 .1518827E+11   2300015E-01  .9222E+01 -.2012E+02   .9999999  .0000871 -.0001885
T 6154 19 .1518998E+11   2300013E-01  .5696E+01  .4393E+01   .9999999  .0000801  .0000203
T 6155 19 .1518962E+11   2300021E-01 -.1288E+02  .1510E+02   .9999999 -.0002006  .0002267
T 6156 19 .1518853E+11   2300000E-01  .3553E+01  .8146E+01   .9999999  .0001817  .0001133
T 6157 19 .1519045E+11   2300018E-01 -.1520E+02  .1406E+02   .9999999 -.0003109  .0002580
T 6158 19 .1518916E+11   2300001E-01  .1004E+01 -.1615E+02   .9999999  .0001011 -.0000393
T 6159 19 .1518974E+11   2300018E-01 -.8453E+01  .7027E+01   .9999999 -.0000297  .0000614
T 6160 19 .1518924E+11   2300012E-01 -.7350E+01  .3625E+01   .9999999 -.0000625  .0000385
T 6161 19 .1518951E+11   2300013E-01  .4937E+01  .3110E+01   .9999999  .0003127  .0001557
T 6162 19 .1519102E+11   2300009E-01  .1359E+02 -.6690E+01   .9999999  .0000978 -.0000819
T 6163 19 .1519086E+11   2300001E-01  .3919E+01 -.1541E+02   .9999999 -.0000403 -.0003154
T 6164 19 .1519016E+11   2300006E-01  .2166E+01  .4745E+01   .9999999  .0000142  .0000793
T 6165 19 .1518968E+11   2300021E-01 -.1878E+02  .2183E+02   .9999999 -.0000639  .0000931
T 6166 19 .1518940E+11   2300020E-01 -.2347E+02  .7571E+01   .9999999 -.0001663  .0001106
T 6167 19 .1519035E+11   2300023E-01 -.1919E+02 -.1286E+02   .9999999 -.0001349 -.0002074
T 6168 19 .1518876E+11   2300008E-01 -.1396E-02  .1127E+02   .9999999  .0001476  .0001672
T 6169 19 .1518964E+11   2300014E-01  .8570E+02  .3209E+02   .9999995  .0008818  .0003814
T 6170 19 .1518959E+11   2300017E-01 -.1357E+02 -.2055E+02   .9999999 -.0000622 -.0001465
T 6171 19 .1519020E+11   2300001E-01 -.9849E+00 -.1575E+02   .9999999 -.0001042 -.0001492
T 6172 19 .1519021E+11   2300020E-01  .1680E+02  .3577E+02   .9999999  .0003066  .0003631
T 6173 19 .1518921E+11   2300022E-01  .9678E+01  .1695E+01   .9999999  .0000311  .0002219
T 6174 19 .1518981E+11   2300005E-01 -.2556E+02 -.1630E+02   .9999999 -.0005263 -.0001164
T 6175 19 .1519022E+11   2300010E-01  .1339E+01  .4505E+02   .9999999 -.0001507  .0003781
T 6176 19 .1518958E+11   2300004E-01 -.3766E+01  .3145E+01   .9999999  .0000381 -.0000241
T 6177 19 .1518919E+11   2300001E-01 -.1107E+02  .5616E+01   .9999999 -.0002077  .0001517
T 6178 19 .1519104E+11   2300018E-01  .7356E+01 -.3192E+01   .9999999 -.0000400 -.0000585
T 6179 19 .1518868E+11   2300017E-01  .8351E+00 -.1318E+02   .9999999 -.0001197 -.0000861
T 6180 19 .1519057E+11   2300000E-01 -.4428E+01  .1668E+02   .9999999  .0000246  .0001878
T 6181 19 .1518936E+11   2300022E-01 -.1425E+02 -.1052E+02   .9999999 -.0001358 -.0000648
T 6182 19 .1518987E+11   2300022E-01 -.8661E+01 -.3306E+01   .9999999 -.0001571  .0000458
T 6183 19 .1519017E+11   2300015E-01  .1881E+02  .2035E+02   .9999999  .0001750  .0003630
T 6184 19 .1519027E+11   2300022E-01 -.1252E+01 -.6648E+01   .9999999  .0000244 -.0000538
T 6185 19 .1518933E+11   2300014E-01 -.3289E+02 -.1267E+02   .9999999 -.0002894 -.0001262
T 6186 19 .1518962E+11   2300000E-01  .1909E+02  .9937E+01   .9999999  .0002654  .0001597
T 6187 19 .1518915E+11   2300014E-01  .2332E+02  .1817E+01   .9999999  .0003186  .0000132
T 6188 19 .1519067E+11   2300010E-01 -.8242E+01  .8454E+00   .9999999 -.0000514 -.0000522
T 6189 19 .1519010E+11   2300014E-01 -.3622E+01  .3025E+01   .9999999 -.0000278  .0000027
T 6190 19 .1518942E+11   2300019E-01  .3209E+01  .1008E+02   .9999999 -.0000107  .0001724
T 6191 19 .1518967E+11   2300009E-01 -.8142E+01 -.3096E+02   .9999998 -.0003435 -.0004387
T 6192 19 .1519053E+11   2300017E-01 -.4949E+01 -.5767E+01   .9999999 -.0001187 -.0001178
T 6193 19 .1519111E+11   2300012E-01  .2015E+02  .5225E+01   .9999999  .0002199  .0000950
T 6194 19 .1518989E+11   2300011E-01 -.1058E+02  .2123E+02   .9999999 -.0000850  .0001482
T 6195 19 .1519023E+11   2300018E-01  .9394E+01 -.4439E+01   .9999999  .0000194 -.0000633
T 6196 19 .1518921E+11   2300019E-01  .2232E+02  .7892E+01   .9999999  .0001681  .0000966
T 6197 19 .1518958E+11   2300003E-01  .9786E+01  .6502E+01   .9999999  .0001953 -.0000609
T 6198 19 .1519169E+11   2300020E-01 -.3740E+01 -.7009E+01   .9999999  .0000344 -.0000111
T 6199 19 .1519044E+11   2300013E-01 -.4377E+00  .9276E+00   .9999998  .0006540 -.0001414
T 6200 19 .1518949E+11   2300017E-01  .2457E+01 -.3154E+01   .9999999 -.0000783 -.0001791
T 6201 19 .1518985E+11   2300003E-01  .1097E+02 -.7796E+01   .9999999  .0001414 -.0001344
T 6202 19 .1519114E+11   2300018E-01  .5834E+01 -.8466E+01   .9999999  .0001183 -.0000579
T 6203 19 .1519027E+11   2300018E-01  .1178E+02 -.4475E+01   .9999999  .0001424 -.0001088
T 6204 19 .1519069E+11   2300021E-01 -.4617E-01 -.1740E+02   .9999999 -.0000752 -.0002298
T 6205 19 .1518858E+11   2300009E-01 -.4643E+01 -.7315E+01   .9999999 -.0000661 -.0001249
T 6206 19 .1518976E+11   2300016E-01  .6619E+01  .2863E+02   .9999999  .0000799  .0003841
T 6207 19 .1518929E+11   2300018E-01 -.5550E+00 -.3243E+01   .9999999  .0000798 -.0000287
T 6208 19 .1518909E+11   2300005E-01  .4557E+00  .5360E+01   .9999999  .0000522  .0001190
T 6209 19 .1519035E+11   2300018E-01 -.1797E+01 -.9964E+01   .9999999  .0000648 -.0001541
T 6210 19 .1519046E+11   2300013E-01  .7473E+01 -.1398E+01   .9999999  .0001823  .0000247
T 6211 19 .1518874E+11   2300021E-01  .7310E+01 -.5463E+01   .9999999  .0001280 -.0000346
T 6212 19 .1519027E+11   2300006E-01  .3894E+01  .1053E+02   .9999999 -.0000392  .0001267
T 6213 19 .1519072E+11   2300007E-01  .2983E+02 -.2482E+02   .9999999  .0001849 -.0002284
T 6214 19 .1519012E+11   2300016E-01  .2181E+01 -.5030E+01   .9999999 -.0000926 -.0000870
T 6215 19 .1519087E+11   2300014E-01 -.5893E+01  .1667E+02   .9999999 -.0001646  .0002342
T 6216 19 .1519028E+11   2300021E-01 -.2524E+02 -.8095E+01   .9999999 -.0004731 -.0000962
T 6217 19 .1518967E+11   2300020E-01 -.9710E+01 -.1755E+02   .9999999 -.0000267 -.0001630
T 6218 19 .1519006E+11   2300021E-01  .3017E+02  .1507E+02   .9999999  .0002795  .0001249
T 6219 19 .1518977E+11   2300012E-01  .2776E+02  .2705E+02   .9999998  .0005427  .0004437
T 6220 19 .1519062E+11   2300022E-01 -.6499E+01  .1226E+02   .9999999  .0000322  .0000674
T 6221 19 .1518959E+11   2300017E-01 -.3803E+01  .5875E+00   .9999999  .0000609 -.0001002
T 6222 19 .1519045E+11   2300020E-01 -.1148E+02 -.1151E+02   .9999999 -.0000928 -.0000857
T 6223 19 .1519031E+11   2300005E-01 -.7519E+01 -.7643E+01   .9999999 -.0001885 -.0000968
T 6224 19 .1518875E+11   2300000E-01  .7639E+01  .3921E+01   .9999999  .0000939  .0000469
T 6225 19 .1519037E+11   2300001E-01 -.4452E+01  .2165E+02   .9999999 -.0000303  .0003180
T 6226 19 .1519061E+11   2300020E-01 -.1298E+02  .8009E+01   .9999999 -.0001862  .0000919
T 6227 19 .1519002E+11   2300001E-01  .7020E+01  .1593E+02   .9999999  .0000289  .0002422
T 6228 19 .1518882E+11   2300009E-01 -.3443E+02 -.1007E+02   .9999999 -.0003834 -.0000504
T 6229 19 .1518926E+11   2300023E-01  .1023E+02  .8720E+01   .9999999  .0003455  .0002225
T 6230 19 .1519069E+11   2300004E-01 -.2081E+01  .4660E+01   .9999999  .0000112  .0001152
T 6231 19 .1518953E+11   2300022E-01 -.8396E+01 -.1219E+02   .9999999 -.0001442 -.0002965
T 6232 19 .1518952E+11   2300010E-01 -.6317E+01  .4105E+01   .9999999 -.0000761  .0000882
T 6233 19 .1519082E+11   2300022E-01  .3820E+00 -.1490E+02   .9999999 -.0000643 -.0002884
T 6234 19 .1519008E+11   2300013E-01  .8174E+01  .9661E+00   .9999999  .0001616  .0000197
T 6235 19 .1518991E+11   2300009E-01  .8147E+01 -.1210E+01   .9999999 -.0000289  .0000652
T 6236 19 .1518928E+11   2300007E-01 -.4637E+01  .4873E+01   .9999999 -.0001637  .0000614
T 6237 19 .1518932E+11   2300002E-01 -.3317E+02 -.5225E+02   .9999999 -.0003135 -.0004319
T 6238 19 .1519099E+11   2300014E-01  .9621E+01  .1886E+01   .9999999  .0001690  .0000047
T 6239 19 .1519143E+11   2300002E-01  .2254E+02 -.1142E+02   .9999999  .0003193 -.0000454
T 6240 19 .1518941E+11   2300004E-01 -.1349E+02  .1471E+02   .9999999 -.0001696 -.0000028
T 6241 19 .1518868E+11   2300018E-01 -.1897E+02  .2170E+02   .9999999 -.0003175  .0002710
T 6242 19 .1519040E+11   2300022E-01 -.1499E+02  .1013E+01   .9999999 -.0002905 -.0000780
T 6243 19 .1519041E+11   2300021E-01 -.2318E+02 -.1043E+02   .9999999 -.0001356 -.0001040
T 6244 19 .1518963E+11   2300015E-01  .1175E+02  .1037E+02   .9999999  .0001203  .0001212
T 6245 19 .1518997E+11   2300018E-01  .1851E+01 -.1134E+02   .9999999  .0000317 -.0001199
T 6246 19 .1519014E+11   2300011E-01  .3532E+01 -.7781E+01   .9999999 -.0000197 -.0001315
T 6247 19 .1519136E+11   2300009E-01 -.2292E+01  .1554E+02   .9999999 -.0000079  .0001265
T 6248 19 .1518940E+11   2300014E-01 -.6433E+01  .3799E+01   .9999999 -.0000887  .0000173
T 6249 19 .1519073E+11   2300016E-01  .4855E+01  .1134E+02   .9999999 -.0000038  .0000431
T 6250 19 .1518946E+11   2300016E-01  .4947E+01  .7014E+00   .9999999  .0000421  .0000186
T 6251 19 .1518895E+11   2300023E-01 -.3841E+02 -.2710E+02   .9999997 -.0007266 -.0004059
T 6252 19 .1519097E+11   2300017E-01  .1706E+02  .5265E+00   .9999999  .0002989 -.0000462
T 6253 19 .1519035E+11   2300012E-01  .6481E+01 -.1906E+01   .9999999  .0000563 -.0000127
T 6254 19 .1519138E+11   2300015E-01  .1084E+02 -.1481E+02   .9999999  .0001700 -.0001276
T 6255 19 .1519196E+11   2300000E-01 -.9189E+01  .1806E+02   .9999999 -.0003031  .0001738
T 6256 19 .1518996E+11   2300020E-01 -.6751E+00 -.2205E+00   .9999999 -.0000224 -.0000700
T 6257 19 .1519011E+11   2300004E-01 -.1863E+02 -.5421E+01   .9999999 -.0002763  .0000670
T 6258 19 .1518980E+11   2300020E-01  .2752E+02  .1733E+01   .9999999  .0003687  .0000294
T 6259 19 .1518971E+11   2300005E-01 -.1335E+02 -.1098E+02   .9999999 -.0003206 -.0001076
T 6260 19 .1519085E+11   2300018E-01  .8399E+01 -.1532E+02   .9999999  .0002005 -.0001145
T 6261 19 .1518990E+11   2300015E-01 -.2958E+02  .1988E+02   .9999999 -.0002840  .0002553
T 6262 19 .1519035E+11   2300022E-01  .2229E+01 -.9625E+01   .9999999  .0000190 -.0000649
T 6263 19 .1519096E+11   2300007E-01  .1812E+01  .5060E+01   .9999999 -.0000024  .0001300
T 6264 19 .1518980E+11   2300015E-01 -.2227E+01 -.1671E+02   .9999999  .0001357 -.0000185
T 6265 19 .1519001E+11   2300001E-01 -.1528E+02  .4473E+01   .9999999 -.0000560 -.0000162
T 6266 19 .1518920E+11   2300021E-01 -.6296E+01  .1835E+02   .9999999 -.0001398  .0002133
T 6267 19 .1519073E+11   2300020E-01 -.7448E+01 -.1635E+02   .9999999 -.0002995 -.0002073
T 6268 19 .1519067E+11   2300005E-01 -.1223E+02 -.3025E+02   .9999999 -.0001367 -.0003715
T 6269 19 .1519110E+11   2300009E-01 -.4303E+01 -.4658E+01   .9999999 -.0000746 -.0000988
T 6270 19 .1519012E+11   2300002E-01 -.1202E+02 -.1841E+01   .9999999 -.0002125 -.0000155
T 6271 19 .1518931E+11   2300012E-01 -.3653E+02  .1965E+02   .9999999 -.0004419  .0001966
T 6272 19 .1519028E+11   2300020E-01 -.1177E+02  .2427E+02   .9999999 -.0000252  .0002045
T 6273 19 .1519135E+11   2300008E-01 -.1398E+01 -.3288E+01   .9999999 -.0001463 -.0001836
T 6274 19 .1519040E+11   2300006E-01 -.1609E+02 -.2104E+02   .9999999 -.0000863 -.0002601
T 6275 19 .1518954E+11   2300023E-01 -.6437E+01 -.7921E+01   .9999999 -.0004975 -.0001828
T 6276 19 .1519068E+11   2300001E-01  .7143E+01 -.2458E+01   .9999999 -.0000273  .0000129
T 6277 19 .1518967E+11   2300002E-01  .6510E+01  .2702E+01   .9999999  .0002217  .0000064
T 6278 19 .1519094E+11   2300011E-01 -.5535E+01 -.2273E+01   .9999999 -.0001203  .0001231
T 6279 19 .1518971E+11   2300019E-01  .3291E+02 -.5042E+02   .9999998  .0004375 -.0003737
T 6280 19 .1519136E+11   2300009E-01  .6399E+01  .4822E+01   .9999999  .0000646  .0000446
T 6281 19 .1519102E+11   2300018E-01 -.1730E+02 -.1108E+02   .9999999 -.0002669 -.0002568
T 6282 19 .1519067E+11   2300000E-01  .6628E+01  .5376E+01   .9999999  .0001791 -.0000073
T 6283 19 .1519062E+11   2300021E-01 -.5446E+01  .5015E-01   .9999999 -.0000950 -.0000009
T 6284 19 .1518901E+11   2300018E-01 -.7988E+01  .3129E+02   .9999999 -.0001019  .0004787
T 6285 19 .1518994E+11   2300001E-01  .1182E+02 -.1756E+02   .9999999  .0002177 -.0003667
T 6286 19 .1519012E+11   2300014E-01 -.6485E-01  .4519E+01   .9999999 -.0000538 -.0001148
T 6287 19 .1519128E+11   2300011E-01 -.3914E+02  .2325E+02   .9999999 -.0003057  .0001316
T 6288 19 .1518900E+11   2300021E-01 -.7078E+00 -.5873E+00   .9999999 -.0000234 -.0001072
T 6289 19 .1518945E+11   2300012E-01  .2913E+01 -.5299E+01   .9999999  .0000294 -.0000458
T 6290 19 .1519071E+11   2300004E-01 -.8990E+00 -.1526E+02   .9999999 -.0000201 -.0001566
T 6291 19 .1519005E+11   2300013E-01  .3820E+01 -.1016E+02   .9999999 -.0000697 -.0001530
T 6292 19 .1519129E+11   2300018E-01 -.4443E+01 -.2516E+01   .9999999 -.0000399 -.0000999
T 6293 19 .1518966E+11   2300008E-01  .2512E+01  .1138E+02   .9999999 -.0000765  .0001033
T 6294 19 .1518919E+11   2300003E-01 -.4274E+01  .1658E+02   .9999999  .0000451  .0001160
T 6295 19 .1519035E+11   2300002E-01 -.6777E+01 -.1022E+02   .9999999 -.0000978 -.0001684
T 6296 19 .1519149E+11   2300012E-01 -.1317E+02 -.5621E+01   .9999999 -.0003488 -.0000776
T 6297 19 .1519047E+11   2300021E-01  .9758E+01 -.3197E+01   .9999999  .0001535 -.0000813
T 6298 19 .1519118E+11   2300006E-01 -.5131E+01 -.1668E+02   .9999999 -.0001160 -.0000852
T 6299 19 .1519242E+11   2300018E-01  .1660E+01  .2336E+02   .9999999  .0000750  .0002798
T 6300 19 .1518922E+11   2300023E-01 -.1749E+01  .1009E+02   .9999999 -.0001846  .0002086
T 6301 19 .1518958E+11   2300002E-01  .1489E+01  .2103E+02   .9999999 -.0000396  .0002292
T 6302 19 .1519038E+11   2300010E-01 -.1602E+02  .5109E+01   .9999999 -.0001059 -.0000008
T 6303 19 .1518939E+11   2300003E-01 -.4994E+01  .1157E+02   .9999999 -.0002188  .0001573
T 6304 19 .1519084E+11   2300020E-01  .7745E+01  .5050E+01   .9999999  .0000331  .0000215
T 6305 19 .1519010E+11   2300019E-01 -.9672E+00 -.4574E+01   .9999999  .0000571 -.0000121
T 6306 19 .1519069E+11   2300004E-01  .1857E+01  .5806E+01   .9999999  .0000053  .0000555
T 6307 19 .1518903E+11   2300001E-01 -.6882E+01 -.6441E+01   .9999999 -.0001283 -.0000650
T 6308 19 .1519083E+11   2300021E-01 -.7827E+01 -.3376E+02   .9999999 -.0000577 -.0003962
T 6309 19 .1519006E+11   2300019E-01  .1492E+02 -.3947E+01   .9999999  .0001664 -.0000644
T 6310 19 .1518810E+11   2300011E-01  .1395E+01 -.3514E+00   .9999999 -.0000165 -.0000304
T 6311 19 .1518939E+11   2300003E-01 -.5814E+01  .1201E+01   .9999999 -.0000656 -.0000387
T 6312 19 .1519028E+11   2300007E-01 -.1003E+02 -.9082E+01   .9999999 -.0000959 -.0000856
T 6313 19 .1519069E+11   2300017E-01 -.1148E+01  .1336E+02   .9999999  .0000046  .0001457
T 6314 19 .1518871E+11   2300017E-01 -.4767E+01  .1749E+02   .9999999 -.0002103  .0004478
T 6315 19 .1518794E+11   2300001E-01  .3869E+01 -.8578E+01   .9999999  .0000376 -.0000327
T 6316 19 .1518978E+11   2300022E-01  .1525E+02  .2743E+01   .9999999  .0001993  .0001818
T 6317 19 .1519089E+11   2300021E-01  .5481E+01 -.2121E+01   .9999999  .0001073  .0000143
T 6318 19 .1519034E+11   2300006E-01  .1738E+01 -.3938E+00   .9999999  .0000082  .0000957
T 6319 19 .1519066E+11   2300020E-01  .5893E+01  .9153E-01   .9999999  .0000625  .0000308
T 6320 19 .1519105E+11   2300006E-01 -.1198E+02 -.3416E+01   .9999999 -.0003030 -.0000835
T 6321 19 .1519017E+11   2300010E-01  .4594E+01  .1317E+02   .9999999  .0000260  .0001488
T 6322 19 .1519005E+11   2300009E-01 -.5583E+01 -.5938E+00   .9999999 -.0001847  .0000537
T 6323 19 .1519046E+11   2300002E-01 -.1938E+01 -.8407E+01   .9999999  .0000482 -.0000495
T 6324 19 .1519024E+11   2300005E-01 -.2967E+02 -.2656E+02   .9999999 -.0003513 -.0002941
T 6325 19 .1519048E+11   2300011E-01  .3115E+01 -.5497E+01   .9999999  .0000616 -.0000269
T 6326 19 .1519082E+11   2300009E-01  .4354E+01  .1976E+02   .9999999 -.0000896  .0003239
T 6327 19 .1518991E+11   2300019E-01  .4175E+02 -.7368E+01   .9999997  .0007535 -.0002567
T 6328 19 .1519051E+11   2300007E-01  .2316E+01  .1682E+01   .9999999 -.0000178  .0000571
T 6329 19 .1519010E+11   2300011E-01  .5884E+02 -.4133E+02   .9999994  .0008595 -.0006906
T 6330 19 .1519032E+11   2300016E-01 -.8427E+01 -.1162E+02   .9999999 -.0000497 -.0001906
T 6331 19 .1518962E+11   2300001E-01 -.9786E+00 -.8725E+01   .9999999 -.0000113  .0000264
T 6332 19 .1519048E+11   2300004E-01  .1068E+02  .1425E+02   .9999999  .0002549  .0002409
T 6333 19 .1518999E+11   2300017E-01  .9976E+01  .6157E+01   .9999999  .0002051  .0000651
T 6334 19 .1519090E+11   2300018E-01 -.1567E+02  .5917E+01   .9999999 -.0000507  .0001763
T 6335 19 .1519073E+11   2300017E-01 -.2104E+00  .4841E+01   .9999999  .0000096  .0000293
T 6336 19 .1519011E+11   2300019E-01  .1502E+02  .5847E+01   .9999999  .0001579 -.0000153
T 6337 19 .1519111E+11   2300018E-01 -.2493E+01 -.3357E+01   .9999999  .0000036  .0000197
T 6338 19 .1519270E+11   2300006E-01  .1034E+02 -.6173E+01   .9999999  .0000282 -.0000036
T 6339 19 .1519039E+11   2300004E-01 -.9921E+01  .7707E+01   .9999999 -.0001364  .0000235
T 6340 19 .1519069E+11   2300012E-01 -.2043E+01 -.1046E+00   .9999999 -.0000397 -.0000616
T 6341 19 .1519061E+11   2300014E-01 -.3429E+01 -.5134E-01   .9999999  .0000598 -.0001186
T 6342 19 .1519198E+11   2300009E-01 -.2980E+01  .5945E+00   .9999999  .0000697  .0000270
T 6343 19 .1518920E+11   2300014E-01  .1214E+02 -.2630E+02   .9999999  .0001219 -.0003119
T 6344 19 .1519061E+11   2300006E-01 -.2023E+02  .4660E+01   .9999999  .0000140  .0000039
T 6345 19 .1518947E+11   2300017E-01  .7358E+01  .1956E+02   .9999999  .0002655  .0002770
T 6346 19 .1519070E+11   2300022E-01  .9433E+01  .1128E+02   .9999999  .0002390  .0000840
T 6347 19 .1519048E+11   2300001E-01  .1332E+02 -.1326E+02   .9999999  .0002625 -.0001763
T 6348 19 .1518918E+11   2300011E-01  .1250E+02  .1409E+02   .9999999 -.0000210  .0000013
T 6349 19 .1518990E+11   2300017E-01  .9832E+01  .6656E+01   .9999999  .0002345 -.0000996
T 6350 19 .1519003E+11   2300008E-01  .5918E+01  .1072E+02   .9999999  .0001351  .0001103
T 6351 19 .1519033E+11   2300022E-01  .7901E+01 -.1669E+02   .9999999  .0001235 -.0004008
T 6352 19 .1518948E+11   2300023E-01  .2371E+02  .1281E+02   .9999999  .0002029  .0001462
T 6353 19 .1519037E+11   2300018E-01 -.4151E+01 -.2980E+01   .9999999 -.0000202 -.0000424
T 6354 19 .1518986E+11   2300021E-01  .4749E+02 -.3614E+02   .9999993  .0010543 -.0006089
T 6355 19 .1519064E+11   2300003E-01 -.7328E+01 -.1200E+02   .9999999 -.0001125 -.0002398
T 6356 19 .1519078E+11   2300021E-01  .1768E+01  .2503E+01   .9999999 -.0000771  .0000184
T 6357 19 .1518831E+11   2300017E-01 -.3701E+01 -.3596E+01   .9999999  .0000797  .0000506
T 6358 19 .1518982E+11   2300021E-01 -.2539E+01 -.9665E+01   .9999999 -.0000168 -.0001550
T 6359 19 .1519062E+11   2300002E-01 -.5576E+01 -.1522E+01   .9999999  .0000150 -.0000453
T 6360 19 .1518872E+11   2300001E-01 -.1174E+02  .1002E+02   .9999999 -.0001941  .0000760
T 6361 19 .1518938E+11   2300002E-01  .6299E+01 -.8032E+01   .9999999 -.0000134 -.0000504
T 6362 19 .1519010E+11   2300022E-01 -.5212E+01 -.5628E+01   .9999999 -.0001300 -.0000470
T 6363 19 .1518999E+11   2300011E-01 -.6020E+01 -.3036E+01   .9999999 -.0003093  .0000326
T 6364 19 .1519097E+11   2300022E-01  .2172E+01  .2128E+02   .9999999 -.0000499  .0003103
T 6365 19 .1518858E+11   2300018E-01 -.1613E+02  .2691E+02   .9999999 -.0001855  .0004276
T 6366 19 .1519025E+11   2300021E-01  .1538E+01 -.3771E+01   .9999999  .0000294 -.0001322
T 6367 19 .1519086E+11   2300016E-01  .3347E+01 -.8734E+01   .9999999 -.0000592 -.0002071
T 6368 19 .1518982E+11   2300021E-01  .1025E+02  .3386E+01   .9999999  .0001420  .0000824
T 6369 19 .1518938E+11   2300017E-01 -.9837E+01 -.4099E+00   .9999999 -.0000099  .0000397
T 6370 19 .1518896E+11   2300009E-01 -.1270E+02 -.2293E+02   .9999999 -.0002941 -.0003330
T 6371 19 .1519061E+11   2300021E-01  .1315E+02  .6800E+02   .9999998  .0001642  .0006042
T 6372 19 .1518915E+11   2300003E-01 -.9653E+01  .7474E+00   .9999999 -.0002057  .0000148
T 6373 19 .1519024E+11   2300021E-01 -.2867E+02 -.2342E+02   .9999999 -.0003901 -.0003227
T 6374 19 .1518971E+11   2300011E-01  .1305E+02  .2925E+01   .9999999  .0000498 -.0000366
T 6375 19 .1518923E+11   2300014E-01  .1522E+02  .1833E+02   .9999999  .0002421  .0003356
T 6376 19 .1519027E+11   2300000E-01 -.2066E+02 -.2742E+00   .9999999 -.0002030  .0002059
T 6377 19 .1519058E+11   2300004E-01  .6589E+01 -.1717E+02   .9999999  .0000806 -.0001860
T 6378 19 .1519040E+11   2300020E-01  .8947E+01  .2084E+01   .9999999 -.0000077  .0000854
T 6379 19 .1519014E+11   2300019E-01 -.4591E+01 -.2736E+01   .9999999  .0001370  .0000477
T 6380 19 .1518965E+11   2300018E-01  .2959E+00 -.2692E+01   .9999999  .0000158  .0000225
T 6381 19 .1518956E+11   2300017E-01  .1206E+02 -.4168E+01   .9999999  .0000822 -.0000542
T 6382 19 .1519003E+11   2300014E-01 -.1416E+02  .5961E-01   .9999999 -.0003260 -.0000579
T 6383 19 .1518878E+11   2300008E-01 -.6129E+00  .1973E+02   .9999999 -.0001384  .0000370
T 6384 19 .1519058E+11   2300019E-01  .1156E+01 -.2580E+01   .9999999  .0000715  .0000256
T 6385 19 .1518973E+11   2300001E-01  .3842E+01 -.1754E+02   .9999999 -.0000559 -.0003168
T 6386 19 .1518884E+11   2300016E-01  .1626E+02  .1513E+02   .9999999  .0002164  .0001840
T 6387 19 .1518898E+11   2300016E-01 -.5298E+01 -.3023E+01   .9999999  .0000493 -.0001065
T 6388 19 .1519037E+11   2300013E-01  .3511E+01  .1804E+02   .9999999  .0000397  .0001794
T 6389 19 .1518964E+11   2300022E-01 -.1206E+01 -.1841E+01   .9999999 -.0000066 -.0000346
T 6390 19 .1518942E+11   2300012E-01  .2063E+02 -.5688E+02   .9999997  .0003243 -.0007689
T 6391 19 .1519072E+11   2300015E-01 -.5620E+01  .5105E+01   .9999999 -.0001148  .0000255
T 6392 19 .1519050E+11   2300011E-01  .1783E+01 -.1783E+02   .9999999 -.0000855  .0000526
T 6393 19 .1519037E+11   2300019E-01  .5166E+00  .3061E+01   .9999999 -.0001532  .0000287
T 6394 19 .1518987E+11   2300022E-01  .1831E+02 -.6692E+01   .9999999  .0002203 -.0000598
T 6395 19 .1519031E+11   2300011E-01  .7250E+01  .1536E+01   .9999999  .0000810  .0000268
T 6396 19 .1519084E+11   2300019E-01 -.1294E+02  .1352E+02   .9999999 -.0002355  .0002421
T 6397 19 .1518956E+11   2300006E-01  .1775E+01 -.9929E+01   .9999999  .0000851 -.0003445
T 6398 19 .1518996E+11   2300020E-01  .8512E+00 -.1450E+02   .9999999  .0000343 -.0001885
T 6399 19 .1519125E+11   2300019E-01  .1378E+02  .7121E+01   .9999999  .0002619  .0000813
T 6400 19 .1519076E+11   2300020E-01 -.1955E+01 -.1158E+01   .9999999  .0001655 -.0000284
T 6401 19 .1518995E+11   2300018E-01 -.6274E+01  .7192E+01   .9999999 -.0000670  .0001356
T 6402 19 .1518992E+11   2300012E-01  .6409E+01  .4425E+01   .9999999  .0000551  .0001671
T 6403 19 .1519165E+11   2300012E-01  .4600E+01 -.7791E+00   .9999999  .0000349 -.0001669
T 6404 19 .1519095E+11   2300015E-01  .2080E+01 -.2246E+01   .9999999  .0000722 -.0001083
T 6405 19 .1519027E+11   2300008E-01  .8011E+01 -.3941E+01   .9999999  .0001416 -.0000340
T 6406 19 .1518928E+11   2300011E-01  .8901E+01 -.1415E+02   .9999999  .0000600 -.0002378
T 6407 19 .1519011E+11   2300012E-01  .1526E+01 -.1056E+02   .9999999 -.0000446 -.0001132
T 6408 19 .1519092E+11   2300015E-01  .8462E+01 -.7324E+01   .9999999  .0001598 -.0000854
T 6409 19 .1519098E+11   2300020E-01  .3650E+02 -.7254E+01   .9999999  .0004483  .0000113
T 6410 19 .1518889E+11   2300003E-01 -.6651E+01  .3262E+01   .9999999 -.0000731  .0000902
T 6411 19 .1519041E+11   2300020E-01  .4592E+01 -.3610E+02   .9999999  .0000582 -.0003642
T 6412 19 .1519022E+11   2300014E-01  .9479E+01 -.1275E+01   .9999999  .0001042 -.0000228
T 6413 19 .1519058E+11   2300016E-01 -.5725E+01  .1188E+02   .9999999 -.0000560  .0002124
T 6414 19 .1518871E+11   2300022E-01  .5702E+01  .5258E+01   .9999999  .0003198  .0000979
T 6415 19 .1518941E+11   2300005E-01  .1151E+02 -.4646E+01   .9999999  .0000237  .0000647
T 6416 19 .1519104E+11   2300000E-01  .2890E+01  .9921E+01   .9999999  .0000270  .0000749
T 6417 19 .1518942E+11   2300004E-01 -.2393E+01 -.2345E+01   .9999999 -.0000931  .0000175
T 6418 19 .1518974E+11   2300019E-01 -.2446E+02  .1658E+02   .9999999 -.0003160  .0002202
T 6419 19 .1519039E+11   2300017E-01 -.1359E+02  .1055E+01   .9999999 -.0003638 -.0000575
T 6420 19 .1519016E+11   2300001E-01  .3791E+01 -.2022E+01   .9999999  .0002570 -.0000089
T 6421 19 .1518997E+11   2300022E-01 -.3089E+01 -.2063E+02   .9999999 -.0001918 -.0003477
T 6422 19 .1518938E+11   2300012E-01 -.3849E+01  .3203E+01   .9999999 -.0000857  .0000652
T 6423 19 .1519069E+11   2300023E-01  .2088E+01 -.6656E+01   .9999999 -.0000137 -.0001272
T 6424 19 .1519055E+11   2300002E-01  .4867E+01 -.6714E+00   .9999999 -.0000673 -.0000153
T 6425 19 .1519033E+11   2300016E-01  .1334E+02 -.3546E+01   .9999999  .0002984 -.0001109
T 6426 19 .1519140E+11   2300022E-01 -.9793E+01 -.1448E+02   .9999999 -.0001441 -.0000323
T 6427 19 .1518996E+11   2300004E-01  .1000E+02 -.1748E+02   .9999999 -.0000633 -.0002644
T 6428 19 .1519047E+11   2300018E-01  .1218E+02  .9963E+01   .9999999  .0002698 -.0000619
T 6429 19 .1518945E+11   2300022E-01  .1973E+02 -.1636E+02   .9999999  .0002458 -.0000856
T 6430 19 .1518898E+11   2300010E-01  .3018E+01 -.1433E+01   .9999999 -.0001383 -.0002243
T 6431 19 .1519020E+11   2300015E-01 -.2715E+02 -.8986E+00   .9999999 -.0002709 -.0003042
T 6432 19 .1518943E+11   2300022E-01 -.4741E+01 -.7603E+01   .9999999 -.0002136  .0000683
T 6433 19 .1518960E+11   2300018E-01  .1069E+02 -.2964E+01   .9999999  .0000759 -.0000462
T 6434 19 .1519081E+11   2300022E-01 -.2045E+02 -.1837E+02   .9999999 -.0002621 -.0001441
T 6435 19 .1519014E+11   2300020E-01 -.9132E+01 -.6300E+01   .9999999 -.0001578 -.0002984
T 6436 19 .1518937E+11   2300001E-01  .6033E+01 -.2797E+01   .9999999  .0000541 -.0001589
T 6437 19 .1519091E+11   2300016E-01  .1489E+01  .2440E-01   .9999999 -.0001052  .0000285
T 6438 19 .1518921E+11   2300013E-01 -.6224E+00  .1866E+01   .9999999  .0001058 -.0000032
T 6439 19 .1518961E+11   2300012E-01  .2852E+01 -.3278E+01   .9999999  .0000768 -.0000093
T 6440 19 .1518962E+11   2300015E-01 -.4617E+01 -.4003E+01   .9999999  .0002555 -.0000251
T 6441 19 .1518971E+11   2300001E-01 -.2964E+00 -.1079E+02   .9999999  .0000619 -.0001043
T 6442 19 .1518895E+11   2300015E-01 -.1099E+02 -.4877E+01   .9999999 -.0000993 -.0000674
T 6443 19 .1519083E+11   2300015E-01  .2590E+01 -.3287E+01   .9999999  .0000245 -.0000131
T 6444 19 .1518974E+11   2300010E-01  .6880E+01  .2006E+01   .9999999  .0002223  .0002044
T 6445 19 .1519037E+11   2300009E-01  .2570E+02 -.2433E+02   .9999999  .0002658 -.0002583
T 6446 19 .1519081E+11   2300022E-01  .2874E+01 -.2071E+02   .9999999  .0001327 -.0002685
T 6447 19 .1519027E+11   2300018E-01  .2008E+02 -.5275E+01   .9999999  .0000839 -.0000178
T 6448 19 .1518888E+11   2300020E-01  .1395E+00 -.3581E+01   .9999999  .0000818  .0000288
T 6449 19 .1518973E+11   2300000E-01  .1244E+02 -.7811E+01   .9999999  .0002677 -.0002150
T 6450 19 .1518870E+11   2300005E-01  .3350E+02 -.1258E+02   .9999999  .0005005 -.0000844
T 6451 19 .1519067E+11   2300003E-01  .1876E+02 -.2626E+02   .9999999  .0001185 -.0002241
T 6452 19 .1518920E+11   2300016E-01 -.4715E+01 -.8752E+01   .9999999  .0000073 -.0001920
T 6453 19 .1518946E+11   2300011E-01  .4772E+02 -.1818E+02   .9999999  .0003219 -.0002526
T 6454 19 .1518867E+11   2300020E-01  .4062E+01  .4679E+01   .9999999  .0001330  .0000728
T 6455 19 .1518900E+11   2300016E-01 -.1387E+02  .2534E+01   .9999999 -.0001684  .0000221
T 6456 19 .1518978E+11   2300018E-01  .2349E+01  .5833E+01   .9999999  .0000006 -.0000121
T 6457 19 .1519133E+11   2300020E-01 -.1010E+02  .7879E+01   .9999999 -.0001564  .0000400
T 6458 19 .1518988E+11   2300022E-01 -.4798E+01 -.9059E+01   .9999999  .0000924  .0000338
T 6459 19 .1519027E+11   2300002E-01  .5827E+01 -.5273E+01   .9999999  .0001362 -.0000113
T 6460 19 .1518801E+11   2300017E-01  .2179E+02 -.5170E+01   .9999999  .0003198  .0000302
T 6461 19 .1518960E+11   2300019E-01  .2030E+00  .5076E+01   .9999999 -.0001866  .0000956
T 6462 19 .1519168E+11   2300016E-01 -.5395E+01  .3224E+01   .9999999 -.0000779  .0000302
T 6463 19 .1518897E+11   2300007E-01  .4450E+01  .4519E+01   .9999999  .0002021  .0000739
T 6464 19 .1518926E+11   2300008E-01  .6248E+01 -.4378E+01   .9999999  .0000443 -.0001042
T 6465 19 .1519116E+11   2300020E-01  .2736E+02  .6652E+01   .9999999  .0004230  .0002147
T 6466 19 .1519153E+11   2300021E-01  .1029E+02 -.1645E-01   .9999999  .0001845  .0000074
T 6467 19 .1519059E+11   2300011E-01  .4675E+01  .9697E+01   .9999999 -.0000173  .0000906
T 6468 19 .1518857E+11   2300020E-01  .1530E+01 -.1226E+02   .9999999  .0000023 -.0002690
T 6469 19 .1519066E+11   2300001E-01  .1372E+02  .1530E+02   .9999999  .0001225  .0000803
T 6470 19 .1518954E+11   2300011E-01  .1377E+01  .3648E+01   .9999999 -.0000397 -.0000594
T 6471 19 .1519054E+11   2300014E-01 -.1516E+02 -.1391E+01   .9999999 -.0002115 -.0000145
T 6472 19 .1519015E+11   2300019E-01  .3394E+01  .1081E+02   .9999999 -.0001241  .0001668
T 6473 19 .1518939E+11   2300007E-01 -.1128E+02  .5679E+01   .9999999 -.0000793  .0000134
T 6474 19 .1519087E+11   2300022E-01 -.5064E+01  .9691E+01   .9999999 -.0001046  .0001026
T 6475 19 .1518979E+11   2300007E-01 -.5098E+01  .9609E+00   .9999999 -.0000534 -.0000194
T 6476 19 .1519056E+11   2300007E-01 -.1143E+01 -.9243E+00   .9999999 -.0000634  .0000948
T 6477 19 .1518945E+11   2300013E-01  .5929E+01  .1028E+02   .9999999  .0000530  .0001731
T 6478 19 .1519034E+11   2300013E-01 -.3648E+01  .2530E+02   .9999999 -.0000059  .0004212
T 6479 19 .1518976E+11   2300006E-01  .1269E+02  .1641E+02   .9999999  .0001815  .0001824
T 6480 19 .1519075E+11   2300020E-01  .5577E+01  .1708E+01   .9999999  .0001687  .0000330
T 6481 19 .1518895E+11   2300022E-01  .1381E+02  .8711E+00   .9999999  .0002067 -.0001412
T 6482 19 .1519161E+11   2300008E-01 -.1622E+01 -.1844E+01   .9999999  .0000135 -.0001698
T 6483 19 .1518975E+11   2300019E-01  .1941E+02  .4440E+02   .9999999  .0001869  .0004175
T 6484 19 .1518952E+11   2300009E-01 -.9968E+01  .6168E+01   .9999999  .0000557  .0000740
T 6485 19 .1519035E+11   2300019E-01 -.7050E+01  .4846E+01   .9999999 -.0000157  .0002132
T 6486 19 .1519011E+11   2300018E-01 -.2973E+01  .7862E+01   .9999999  .0000136  .0000927
T 6487 19 .1518832E+11   2300009E-01 -.1824E+02  .6245E+01   .9999999 -.0002895 -.0000282
T 6488 19 .1518987E+11   2300011E-01 -.1233E+02  .1190E+02   .9999999 -.0001114  .0004068
T 6489 19 .1518883E+11   2300003E-01 -.6264E+01  .1881E+00   .9999999 -.0001592 -.0000494
T 6490 19 .1519057E+11   2300019E-01 -.7240E+01  .3830E+01   .9999999  .0000608  .0000371
T 6491 19 .1519090E+11   2300007E-01 -.6912E+01  .2496E+01   .9999999 -.0000747  .0000389
T 6492 19 .1518933E+11   2300002E-01  .3647E+02 -.1177E+01   .9999999  .0003103 -.0000899
T 6493 19 .1519042E+11   2300010E-01 -.7458E+01 -.2354E+02   .9999999 -.0001507 -.0005175
T 6494 19 .1519035E+11   2300020E-01 -.1421E+02 -.5990E+01   .9999999 -.0003998 -.0001735
T 6495 19 .1518984E+11   2300019E-01 -.1265E+02  .4300E+01   .9999999 -.0002456 -.0000616
T 6496 19 .1519006E+11   2300022E-01  .3178E+01  .1616E+02   .9999999  .0000442  .0001711
T 6497 19 .1518999E+11   2300002E-01  .4727E+01  .8238E+01   .9999999  .0000472  .0000823
T 6498 19 .1518944E+11   2300020E-01 -.7292E+01 -.5046E+01   .9999999 -.0000596 -.0001828
T 6499 19 .1518865E+11   2300013E-01 -.1513E+02 -.7727E+01   .9999999 -.0002122 -.0000689
T 6500 19 .1519078E+11   2300005E-01 -.3326E+01 -.4188E+01   .9999999 -.0000755 -.0001094
T 6501 19 .1519030E+11   2300022E-01  .3795E+01 -.1285E+02   .9999999  .0000577 -.0001738
T 6502 19 .1519108E+11   2300015E-01  .6054E+01  .2983E+01   .9999999  .0003258  .0001958
T 6503 19 .1519080E+11   2300005E-01 -.2780E+01 -.1438E+02   .9999999 -.0001161 -.0001046
T 6504 19 .1518993E+11   2300020E-01  .1749E+02 -.4417E+01   .9999999  .0003313  .0000503
T 6505 19 .1518958E+11   2300015E-01  .7229E+01  .1823E+02   .9999999  .0001359  .0001966
T 6506 19 .1518957E+11   2300001E-01  .4363E+01 -.7791E+01   .9999999  .0000654 -.0001316
T 6507 19 .1519006E+11   2300011E-01 -.2943E+02 -.1410E+02   .9999999 -.0002837 -.0001587
T 6508 19 .1519005E+11   2300018E-01  .4360E+01  .1181E+02   .9999999  .0000559  .0000384
T 6509 19 .1519002E+11   2300012E-01  .4552E+02  .3757E+02   .9999996  .0006692  .0005832
T 6510 19 .1519065E+11   2300003E-01 -.6588E+01  .1638E+02   .9999999  .0001139  .0001461
T 6511 19 .1518813E+11   2300005E-01 -.1735E+01 -.3493E+01   .9999999 -.0000319 -.0001164
T 6512 19 .1519079E+11   2300008E-01  .5597E+01 -.9771E+00   .9999999  .0000974 -.0000942
T 6513 19 .1518863E+11   2300022E-01  .5574E+01  .6802E+01   .9999999  .0000625 -.0000098
T 6514 19 .1518958E+11   2300022E-01 -.1514E+02 -.5023E+01   .9999999 -.0002128 -.0000465
T 6515 19 .1518964E+11   2300004E-01 -.9960E+01  .5595E+02   .9999998 -.0000920  .0006873
T 6516 19 .1518966E+11   2300021E-01 -.1283E+02  .1594E+02   .9999999 -.0001898  .0002341
T 6517 19 .1519022E+11   2300004E-01  .5668E+01 -.1240E+02   .9999999  .0001285 -.0002020
T 6518 19 .1518902E+11   2300009E-01 -.1344E+02 -.2525E+02   .9999999 -.0001431 -.0001866
T 6519 19 .1519025E+11   2300012E-01  .1174E+02 -.3153E+01   .9999999  .0002004 -.0001348
T 6520 19 .1519030E+11   2300007E-01 -.1701E+02 -.3249E+02   .9999999 -.0001650 -.0004606
T 6521 19 .1518927E+11   2300002E-01  .1073E+02  .8308E+01   .9999999  .0001924  .0001635
T 6522 19 .1518999E+11   2300015E-01 -.2507E+01 -.8223E+01   .9999999 -.0000380 -.0000808
T 6523 19 .1519120E+11   2300019E-01 -.1039E+02  .1472E+01   .9999999 -.0001916  .0000440
T 6524 19 .1519045E+11   2300011E-01  .1339E+02 -.1004E+01   .9999999  .0003046  .0001018
T 6525 19 .1518937E+11   2300000E-01 -.6316E+01  .2986E+01   .9999999 -.0000407  .0000613
T 6526 19 .1518937E+11   2300012E-01  .4316E+01  .9828E+00   .9999999  .0000893 -.0000293
T 6527 19 .1519042E+11   2300022E-01 -.4389E+01  .3548E+01   .9999999 -.0000116 -.0000119
T 6528 19 .1518863E+11   2300019E-01 -.1463E+02  .1095E+02   .9999999 -.0001921  .0002042
T 6529 19 .1518884E+11   2300008E-01 -.1066E+02 -.4704E+01   .9999999 -.0001877 -.0000933
T 6530 19 .1519007E+11   2300020E-01  .1920E+02  .1351E+02   .9999992  .0002695  .0012083
T 6531 19 .1518957E+11   2300019E-01  .7527E-01  .6878E+01   .9999999 -.0000306  .0001366
T 6532 19 .1519089E+11   2300021E-01 -.1578E+02  .3491E+01   .9999999 -.0001777  .0001434
T 6533 19 .1519027E+11   2300017E-01 -.1183E+02  .1770E+02   .9999999 -.0001225  .0001580
T 6534 19 .1518937E+11   2300015E-01  .2409E+01 -.2119E+01   .9999999 -.0000894 -.0001517
T 6535 19 .1519015E+11   2300023E-01 -.6473E+01 -.2837E+01   .9999999 -.0001147 -.0000355
T 6536 19 .1519004E+11   2300010E-01 -.5379E+01  .9833E+01   .9999999 -.0000503  .0001247
T 6537 19 .1518931E+11   2300014E-01 -.1171E+01  .7031E+01   .9999999 -.0000765  .0001406
T 6538 19 .1518915E+11   2300015E-01  .3710E+01 -.1906E+02   .9999999  .0001255 -.0002270
T 6539 19 .1519086E+11   2300016E-01 -.1484E+02 -.1375E+01   .9999999 -.0002286  .0000451
T 6540 19 .1519160E+11   2300008E-01 -.7112E+01  .3074E+01   .9999999 -.0000591 -.0000356
T 6541 19 .1519049E+11   2300003E-01  .6740E+01  .6215E+01   .9999999  .0001085 -.0000985
T 6542 19 .1519049E+11   2300008E-01  .2213E+02 -.1140E+02   .9999999  .0003488 -.0000818
T 6543 19 .1519023E+11   2300018E-01 -.4351E+01  .1397E+02   .9999999 -.0000073  .0000984
T 6544 19 .1519111E+11   2300022E-01 -.2041E+01 -.3214E+01   .9999999 -.0000907 -.0000675
T 6545 19 .1519030E+11   2300022E-01 -.8135E+01 -.3087E+01   .9999999 -.0000950 -.0000174
T 6546 19 .1518958E+11   2300013E-01  .1712E+02  .9576E+00   .9999999  .0002960  .0000383
T 6547 19 .1519006E+11   2300018E-01  .7378E+01  .1145E+02   .9999999  .0000934  .0002338
T 6548 19 .1519001E+11   2300022E-01  .9876E+01 -.4172E+01   .9999999  .0002970 -.0000893
T 6549 19 .1519036E+11   2300000E-01 -.3619E+01 -.1764E+01   .9999998 -.0005879 -.0002269
T 6550 19 .1518895E+11   2300023E-01 -.6957E+01 -.3480E+01   .9999999 -.0000306 -.0001466
T 6551 19 .1519009E+11   2300022E-01  .5974E+01 -.9046E+01   .9999999  .0000349 -.0001328
T 6552 19 .1519086E+11   2300010E-01 -.7045E+01 -.4707E+01   .9999999 -.0001812 -.0000813
T 6553 19 .1518863E+11   2300006E-01 -.6371E+00 -.1780E+02   .9999999  .0000384 -.0002341
T 6554 19 .1519067E+11   2300012E-01  .1776E+02  .7900E+01   .9999999  .0001962  .0001247
T 6555 19 .1519081E+11   2300020E-01  .3060E+02  .1690E+02   .9999997  .0006184  .0004369
T 6556 19 .1519042E+11   2300008E-01  .6274E+01  .1108E+02   .9999999  .0001626  .0000821
T 6557 19 .1518946E+11   2300011E-01 -.7046E+01 -.8200E+00   .9999999 -.0001403 -.0000227
T 6558 19 .1518984E+11   2300022E-01  .2024E+01 -.2054E+01   .9999999  .0000232 -.0000360
T 6559 19 .1519041E+11   2300012E-01  .1880E+02  .9907E+01   .9999999  .0001993  .0002344
T 6560 19 .1518891E+11   2300022E-01 -.3683E+01  .8620E+01   .9999999 -.0001432  .0000594
T 6561 19 .1518908E+11   2300000E-01 -.1583E+02  .2479E+01   .9999999 -.0001338  .0000266
T 6562 19 .1519067E+11   2300021E-01  .6835E+01 -.7375E+00   .9999999  .0000587  .0000007
T 6563 19 .1519133E+11   2300020E-01  .6048E+01  .2532E+02   .9999999  .0002933  .0001145
T 6564 19 .1519050E+11   2300015E-01 -.1068E+02 -.6306E+01   .9999999 -.0000623 -.0000381
T 6565 19 .1519089E+11   2300011E-01  .6952E+01 -.3736E+01   .9999999  .0000897 -.0000896
T 6566 19 .1519095E+11   2300001E-01 -.4636E+00 -.6399E+01   .9999999 -.0000603 -.0001171
T 6567 19 .1518994E+11   2300003E-01 -.1764E+02 -.1107E+02   .9999999 -.0002269 -.0002329
T 6568 19 .1518874E+11   2300003E-01 -.2104E+02  .6472E+01   .9999999 -.0000463  .0000502
T 6569 19 .1519034E+11   2300003E-01 -.2094E+02  .9456E+01   .9999999 -.0003237  .0001707
T 6570 19 .1519072E+11   2300018E-01 -.1220E+02  .1510E+02   .9999999 -.0001883  .0003454
T 6571 19 .1519004E+11   2300000E-01 -.6791E+01  .1349E+02   .9999999 -.0001058  .0000890
T 6572 19 .1518980E+11   2300004E-01 -.5169E+01  .2558E+02   .9999999 -.0000965  .0005055
T 6573 19 .1518991E+11   2300019E-01 -.5502E+00 -.1452E+02   .9999999 -.0000408 -.0000444
T 6574 19 .1519108E+11   2300017E-01  .1835E+01  .2458E+02   .9999999  .0000500  .0002387
T 6575 19 .1518911E+11   2300011E-01 -.2531E+01 -.1378E+02   .9999999 -.0000451 -.0000475
T 6576 19 .1518955E+11   2300009E-01 -.6812E+01  .9952E+01   .9999999 -.0001787  .0002137
T 6577 19 .1519096E+11   2300013E-01  .1638E+02  .6324E+00   .9999999  .0002019 -.0000983
T 6578 19 .1518985E+11   2300014E-01 -.2600E+02  .1952E+02   .9999999 -.0001591  .0001329
T 6579 19 .1519049E+11   2300002E-01  .7241E+01 -.2293E+02   .9999999  .0000766 -.0001506
T 6580 19 .1518836E+11   2300016E-01 -.1024E+02  .3522E+01   .9999999 -.0000972  .0000772
T 6581 19 .1518989E+11   2300012E-01 -.2737E+02  .1155E+02   .9999999 -.0001253  .0002179
T 6582 19 .1518884E+11   2300022E-01 -.3711E+01  .1309E+01   .9999999 -.0001047  .0000476
T 6583 19 .1519025E+11   2300021E-01 -.4357E+00 -.9388E+01   .9999999 -.0000299 -.0000299
T 6584 19 .1518994E+11   2300016E-01  .2177E+02 -.8948E+01   .9999999  .0001401 -.0002563
T 6585 19 .1519059E+11   2300023E-01 -.1832E+02  .1456E+02   .9999999 -.0000930  .0001711
T 6586 19 .1519062E+11   2300014E-01  .7980E+01  .5959E+01   .9999999  .0001072  .0000203
T 6587 19 .1518986E+11   2300001E-01  .7937E+00  .7342E+01   .9999999 -.0000572  .0000668
T 6588 19 .1518953E+11   2300006E-01  .1792E+02 -.8934E+01   .9999999  .0003480 -.0002227
T 6589 19 .1518973E+11   2300021E-01 -.4183E+01 -.1090E+02   .9999999 -.0000158 -.0002118
T 6590 19 .1519012E+11   2300020E-01 -.2954E+02  .9921E+00   .9999999 -.0002913  .0000267
T 6591 19 .1518999E+11   2300000E-01 -.7578E+00 -.4970E+01   .9999999  .0000370  .0000262
T 6592 19 .1518995E+11   2300002E-01  .1739E+02  .7870E+01   .9999999  .0000754  .0002005
T 6593 19 .1519002E+11   2300014E-01  .7490E+01 -.1653E+02   .9999999  .0002990 -.0001424
T 6594 19 .1518952E+11   2300005E-01 -.1193E+02  .4027E+01   .9999999 -.0001648 -.0000151
T 6595 19 .1518927E+11   2300020E-01 -.5498E+01 -.2854E+01   .9999999 -.0000710 -.0001227
T 6596 19 .1518911E+11   2300015E-01 -.2498E+02  .1679E+02   .9999999 -.0003058  .0000312
T 6597 19 .1518980E+11   2300009E-01  .1573E+02 -.1216E+02   .9999999  .0002520 -.0000486
T 6598 19 .1518905E+11   2300010E-01  .5356E+01  .1040E+02   .9999999  .0000733  .0001645
T 6599 19 .1518845E+11   2300010E-01 -.1808E+01 -.7949E+01   .9999999  .0000455  .0000311
T 6600 19 .1518949E+11   2300016E-01 -.1374E+01  .2670E+02   .9999998  .0000012  .0006396
T 6601 19 .1518979E+11   2300001E-01  .1709E+01  .2549E+02   .9999999 -.0000504  .0003857
T 6602 19 .1519108E+11   2300016E-01  .8522E+01  .1157E+02   .9999999  .0001533  .0001334
T 6603 19 .1518998E+11   2300022E-01  .5385E+02 -.5190E+01   .9999998  .0006001 -.0000081
T 6604 19 .1519180E+11   2300005E-01 -.1283E+02  .5699E+00   .9999999 -.0001164 -.0000161
T 6605 19 .1518903E+11   2300006E-01 -.9511E+01 -.2636E+01   .9999999 -.0001119 -.0000431
T 6606 19 .1518964E+11   2300023E-01  .5977E+01  .6404E+01   .9999999 -.0001216  .0000784
T 6607 19 .1518920E+11   2300020E-01 -.1093E+02  .1012E+02   .9999999 -.0000107  .0000501
T 6608 19 .1518957E+11   2300018E-01  .1610E+00 -.1392E+02   .9999999  .0000125 -.0002891
T 6609 19 .1519123E+11   2300009E-01 -.5519E+01 -.7234E+01   .9999999 -.0001704 -.0000466
T 6610 19 .1519002E+11   2300015E-01  .1767E+01  .8430E+01   .9999999  .0000295  .0000330
T 6611 19 .1519050E+11   2300015E-01  .1173E+02 -.9356E+01   .9999999 -.0000073 -.0001573
T 6612 19 .1519040E+11   2300005E-01  .6232E+01  .9277E+01   .9999999 -.0000481  .0001571
T 6613 19 .1518900E+11   2300001E-01 -.8136E+01  .1534E+02   .9999999 -.0000211  .0002562
T 6614 19 .1519016E+11   2300006E-01  .2146E+02 -.5345E+01   .9999999  .0003025 -.0001289
T 6615 19 .1519005E+11   2300018E-01  .9977E+01  .2083E+01   .9999999 -.0001896 -.0000428
T 6616 19 .1519139E+11   2300001E-01  .1888E+00  .7406E+01   .9999999  .0001170  .0001199
T 6617 19 .1519030E+11   2300015E-01 -.3408E+01 -.1094E+02   .9999999 -.0000554 -.0001894
T 6618 19 .1519071E+11   2300000E-01 -.2920E+01 -.4195E+02   .9999999 -.0001048 -.0003510
T 6619 19 .1519003E+11   2300010E-01 -.5039E+01 -.1172E+02   .9999999 -.0000812 -.0001098
T 6620 19 .1519020E+11   2300008E-01 -.9683E+01  .2766E+02   .9999999 -.0000564  .0002660
T 6621 19 .1518900E+11   2300012E-01  .1408E+01  .1390E+02   .9999999  .0000110  .0000984
T 6622 19 .1518991E+11   2300020E-01  .6560E+01 -.6391E+01   .9999999  .0000893 -.0000094
T 6623 19 .1518995E+11   2300022E-01  .1026E+02 -.8420E+01   .9999999  .0001166 -.0000184
T 6624 19 .1518938E+11   2300016E-01 -.2724E+02 -.1066E+02   .9999999 -.0001395 -.0000192
T 6625 19 .1518962E+11   2300017E-01 -.2131E+01  .2347E+02   .9999999 -.0000563  .0002252
T 6626 19 .1519012E+11   2300012E-01  .1595E+01  .7159E+01   .9999999 -.0001259  .0001715
T 6627 19 .1519046E+11   2300013E-01 -.2236E+02  .1637E+02   .9999999 -.0002609  .0001882
T 6628 19 .1519042E+11   2300019E-01 -.2528E+02 -.1058E+02   .9999999 -.0003058 -.0001195
T 6629 19 .1519005E+11   2300008E-01  .1256E+02 -.1118E+02   .9999999 -.0000442 -.0001475
T 6630 19 .1518905E+11   2300009E-01  .1371E+03  .4366E+02   .9999987  .0014590  .0007245
T 6631 19 .1519040E+11   2300004E-01  .9744E+01 -.5667E+00   .9999999  .0001595 -.0000722
T 6632 19 .1518870E+11   2300003E-01  .2966E+00 -.9389E+01   .9999999  .0000774 -.0000697
T 6633 19 .1518924E+11   2300005E-01  .1376E+02  .1449E+01   .9999999  .0000979  .0000173
T 6634 19 .1519000E+11   2300009E-01 -.5632E+01  .7107E+00   .9999999 -.0000693  .0000652
T 6635 19 .1519031E+11   2300014E-01  .1077E+02  .9950E+01   .9999999  .0000605  .0001094
T 6636 19 .1518953E+11   2300022E-01  .7914E+01  .7005E+01   .9999999 -.0000297  .0000939
T 6637 19 .1519099E+11   2300018E-01 -.2462E+01 -.1715E+02   .9999999  .0000896 -.0001116
T 6638 19 .1519104E+11   2300005E-01  .2094E+00  .2532E+00   .9999999 -.0000398  .0000315
T 6639 19 .1518971E+11   2300006E-01  .7866E+01 -.5312E+01   .9999999  .0000735 -.0000494
T 6640 19 .1518898E+11   2300011E-01  .1093E+02  .1433E+02   .9999999  .0001831  .0001968
T 6641 19 .1519011E+11   2300016E-01 -.8126E+01 -.1726E+02   .9999999 -.0000213 -.0002692
T 6642 19 .1519198E+11   2300009E-01  .2513E+02  .2319E+02   .9999999  .0002212  .0003375
T 6643 19 .1518869E+11   2300001E-01  .2629E+02 -.1372E+02   .9999999  .0003878 -.0002400
T 6644 19 .1518915E+11   2300007E-01 -.1583E+01 -.3772E+01   .9999999 -.0001572 -.0000513
T 6645 19 .1519031E+11   2300004E-01 -.4909E+01 -.6107E+00   .9999999 -.0000581  .0000240
T 6646 19 .1518927E+11   2300009E-01  .3182E+02  .8563E+00   .9999998  .0005707  .0001211
T 6647 19 .1518922E+11   2300020E-01  .5711E+00 -.5765E+01   .9999999 -.0001142 -.0001504
T 6648 19 .1519015E+11   2300020E-01  .4899E+01  .1895E+02   .9999999 -.0000119  .0001959
T 6649 19 .1518970E+11   2300003E-01  .4768E+01 -.9348E+01   .9999999  .0000920 -.0001051
T 6650 19 .1519049E+11   2300014E-01 -.3512E+00 -.6756E+01   .9999999  .0000956 -.0001621
T 6651 19 .1518863E+11   2300021E-01  .8219E+01  .4561E+00   .9999999  .0001420  .0001413
T 6652 19 .1518917E+11   2300010E-01 -.9769E+01  .2746E+02   .9999999 -.0002765  .0003673
T 6653 19 .1518991E+11   2300021E-01 -.3467E+01 -.8249E+00   .9999999 -.0000051 -.0001831
T 6654 19 .1518992E+11   2300010E-01 -.1075E+02 -.3525E+01   .9999999 -.0001737  .0000522
T 6655 19 .1519013E+11   2300020E-01 -.7795E+01  .8226E+01   .9999999  .0000145  .0002082
T 6656 19 .1519072E+11   2300002E-01 -.9976E+01 -.1949E+02   .9999999 -.0000480 -.0000864
T 6657 19 .1519022E+11   2300014E-01 -.3700E+01 -.1010E+02   .9999999 -.0000248 -.0000585
T 6658 19 .1519019E+11   2300018E-01  .1066E+02  .4271E+00   .9999999  .0001860 -.0000307
T 6659 19 .1518996E+11   2300013E-01 -.9266E+00  .1195E+02   .9999999  .0000894  .0001216
T 6660 19 .1519028E+11   2300021E-01 -.1288E+02 -.2646E+02   .9999999 -.0000742 -.0002623
T 6661 19 .1519057E+11   2300009E-01 -.1779E+01  .3921E+00   .9999999  .0001500  .0000379
T 6662 19 .1519121E+11   2300007E-01  .1334E+02  .1192E+02   .9999999  .0000991  .0001942
T 6663 19 .1519025E+11   2300022E-01 -.3478E+01  .6573E+01   .9999999  .0002008  .0001704
T 6664 19 .1519203E+11   2300000E-01 -.1141E+02  .2520E+01   .9999999 -.0002654 -.0002711
T 6665 19 .1518829E+11   2300018E-01 -.9309E+01 -.3786E+01   .9999999 -.0000248 -.0000507
T 6666 19 .1518806E+11   2300004E-01 -.7936E+02 -.2483E+02   .9999995 -.0009817 -.0002271
T 6667 19 .1518972E+11   2300005E-01 -.8685E+00 -.4322E+01   .9999999  .0000285 -.0000037
T 6668 19 .1519139E+11   2300023E-01  .1800E+01  .3700E+02   .9999993 -.0003739  .0011460
T 6669 19 .1518948E+11   2300006E-01 -.1742E+02  .3736E+02   .9999998 -.0001511  .0005800
T 6670 19 .1519142E+11   2300014E-01 -.2200E+02 -.2031E+01   .9999999 -.0003265  .0000115
T 6671 19 .1519039E+11   2300003E-01  .2359E+01 -.1653E+02   .9999999  .0000150  .0000215
T 6672 19 .1519006E+11   2300021E-01 -.4174E+01  .4518E+01   .9999999 -.0000770 -.0000658
T 6673 19 .1519057E+11   2300018E-01  .2671E+01  .8603E+01   .9999999  .0001243  .0000858
T 6674 19 .1518956E+11   2300012E-01 -.2539E+02 -.3679E+00   .9999999 -.0002705 -.0000210
T 6675 19 .1519004E+11   2300005E-01  .3208E+01 -.2269E+01   .9999999  .0002055 -.0000482
T 6676 19 .1518982E+11   2300013E-01 -.2514E+01 -.9078E+01   .9999999  .0000743 -.0000868
T 6677 19 .1518846E+11   2300009E-01  .1383E+02  .3909E+02   .9999999  .0000359  .0003374
T 6678 19 .1518876E+11   2300018E-01 -.3422E+01 -.6402E+01   .9999999  .0004601 -.0000759
T 6679 19 .1519097E+11   2300012E-01 -.2467E+01  .4146E+01   .9999999  .0000037  .0002041
T 6680 19 .1519045E+11   2300011E-01 -.1398E+02 -.5868E+01   .9999999 -.0000536  .0000815
T 6681 19 .1518978E+11   2300006E-01  .1065E+01  .5321E+01   .9999999  .0000894  .0000619
T 6682 19 .1518973E+11   2300003E-01 -.1440E+01  .6593E+01   .9999999 -.0000823  .0001587
T 6683 19 .1519056E+11   2300017E-01 -.7851E+01 -.2784E+01   .9999999 -.0001003 -.0000852
T 6684 19 .1519020E+11   2300020E-01  .5310E+01  .1635E+02   .9999999 -.0000597  .0004073
T 6685 19 .1518963E+11   2300023E-01 -.2883E+02 -.1768E+02   .9999999 -.0004151  .0000124
T 6686 19 .1519041E+11   2300017E-01 -.1296E+02 -.3900E+02   .9999999 -.0001790 -.0004219
T 6687 19 .1518981E+11   2300003E-01 -.4811E+01  .1687E+02   .9999999 -.0000512  .0000934
T 6688 19 .1519037E+11   2300021E-01 -.1814E+02 -.3199E+01   .9999999 -.0002626  .0000121
T 6689 19 .1518955E+11   2300020E-01 -.5889E+01 -.5953E+01   .9999999 -.0002028 -.0001637
T 6690 19 .1519081E+11   2300020E-01  .3429E+02 -.5655E+01   .9999999  .0003988 -.0000663
T 6691 19 .1518922E+11   2300017E-01  .1576E+02  .7754E+01   .9999999  .0001280  .0000536
T 6692 19 .1518945E+11   2300010E-01 -.2248E+01 -.5937E+01   .9999999 -.0000261 -.0002114
T 6693 19 .1519115E+11   2300017E-01 -.7291E+01  .5881E+01   .9999999 -.0000164  .0000751
T 6694 19 .1519061E+11   2300007E-01  .1901E+02 -.1259E-01   .9999999 -.0000018  .0000721
T 6695 19 .1518919E+11   2300010E-01  .3163E+02  .1560E+02   .9999999  .0002266  .0001917
T 6696 19 .1518977E+11   2300015E-01 -.1101E+02  .7787E+01   .9999999 -.0001898  .0000024
T 6697 19 .1518982E+11   2300004E-01  .1782E+02  .7701E+01   .9999999  .0002813  .0001673
T 6698 19 .1519132E+11   2300020E-01  .4841E+01  .1608E+01   .9999999 -.0000662 -.0001309
T 6699 19 .1519074E+11   2300021E-01 -.3621E+01 -.1860E+02   .9999999 -.0000253 -.0002128
T 6700 19 .1519209E+11   2300019E-01 -.1242E+02 -.9207E+01   .9999999  .0000346  .0001583
T 6701 19 .1518950E+11   2300014E-01 -.2507E+02  .1781E+01   .9999999 -.0004279  .0000409
T 6702 19 .1519125E+11   2300015E-01  .1623E+01 -.5753E+01   .9999999 -.0000339 -.0001093
T 6703 19 .1518968E+11   2300019E-01  .1532E+02 -.3828E+02   .9999999  .0002149 -.0003496
T 6704 19 .1518970E+11   2300023E-01 -.1026E+02  .1149E+02   .9999999 -.0002578  .0003398
T 6705 19 .1518950E+11   2300019E-01  .1793E+01  .7279E+01   .9999999  .0000978  .0001220
T 6706 19 .1518998E+11   2300001E-01  .1372E+02 -.7310E+01   .9999999  .0001938 -.0000720
T 6707 19 .1518890E+11   2300019E-01 -.1687E+02 -.1052E+02   .9999999 -.0002994 -.0000315
T 6708 19 .1519017E+11   2300007E-01  .1238E+02 -.3800E+02   .9999999  .0001537 -.0003197
T 6709 19 .1519047E+11   2300015E-01  .7357E+01 -.1054E+02   .9999999  .0000364 -.0002106
T 6710 19 .1519156E+11   2300012E-01 -.7056E+01  .1322E+02   .9999999 -.0001305  .0000756
T 6711 19 .1519005E+11   2300021E-01  .5318E+01 -.7805E+01   .9999999 -.0000110 -.0000115
T 6712 19 .1519029E+11   2300017E-01  .2228E+02 -.1690E+02   .9999999  .0002398 -.0001450
T 6713 19 .1519107E+11   2300014E-01  .2856E+01 -.3542E+01   .9999999 -.0000013 -.0001081
T 6714 19 .1519006E+11   2300014E-01 -.6812E+01  .5242E+01   .9999999 -.0000426 -.0000575
T 6715 19 .1518864E+11   2300021E-01  .4255E+01  .4505E+01   .9999999  .0000961  .0001159
T 6716 19 .1519064E+11   2300013E-01  .3032E+01  .5810E+01   .9999999  .0000530  .0002326
T 6717 19 .1518910E+11   2300016E-01  .1451E+02 -.9255E+01   .9999999  .0002331 -.0002053
T 6718 19 .1519028E+11   2300008E-01 -.1017E+01  .7977E+01   .9999999  .0001626  .0001930
T 6719 19 .1518827E+11   2300019E-01  .6386E+01  .6323E+01   .9999999  .0002344  .0000271
T 6720 19 .1518969E+11   2300020E-01  .3753E+00 -.2331E+01   .9999999 -.0000017  .0000068
T 6721 19 .1519016E+11   2300007E-01 -.2104E+02 -.1674E+02   .9999999 -.0001167 -.0002457
T 6722 19 .1518976E+11   2300006E-01  .1476E+02 -.4771E+01   .9999999  .0002408 -.0000697
T 6723 19 .1518971E+11   2300022E-01 -.5134E+02 -.2973E+02   .9999998 -.0004618 -.0003272
T 6724 19 .1519045E+11   2300010E-01  .6566E+01  .1313E+02   .9999999  .0000492  .0002271
T 6725 19 .1519068E+11   2300001E-01 -.1583E+02 -.7047E+01   .9999999 -.0003625 -.0002363
T 6726 19 .1519136E+11   2300012E-01  .8581E+00 -.1137E+02   .9999999 -.0000148  .0000016
T 6727 19 .1518988E+11   2300023E-01  .2002E+01  .1005E+02   .9999999  .0001249  .0000674
T 6728 19 .1519033E+11   2300021E-01 -.2397E+00  .2419E+01   .9999999  .0001478  .0000928
T 6729 19 .1519045E+11   2300001E-01  .1423E+01 -.5277E+00   .9999999  .0000896  .0001101
T 6730 19 .1518952E+11   2300007E-01 -.5870E+01 -.1728E+01   .9999999 -.0001434 -.0001029
T 6731 19 .1518866E+11   2300018E-01  .2721E+02  .7427E+02   .9999998  .0001969  .0006702
T 6732 19 .1518870E+11   2300005E-01  .1327E+02  .1384E+02   .9999999  .0001271  .0001844
T 6733 19 .1519071E+11   2300006E-01 -.4875E+01  .1371E+01   .9999999 -.0000399 -.0000566
T 6734 19 .1518973E+11   2300019E-01  .9943E+01 -.9915E+01   .9999999  .0000827 -.0001676
T 6735 19 .1519092E+11   2300011E-01  .1274E+02  .1349E+02   .9999999  .0001864  .0001196
T 6736 19 .1518965E+11   2300022E-01  .4199E+01 -.9268E+01   .9999999 -.0000338 -.0000684
T 6737 19 .1519001E+11   2300020E-01 -.4091E+01  .2956E+02   .9999999 -.0001177  .0002928
T 6738 19 .1519039E+11   2300017E-01  .5311E+01 -.2566E+01   .9999999  .0000742 -.0001045
T 6739 19 .1519021E+11   2300015E-01 -.1552E+02  .1065E+02   .9999999 -.0002381  .0004271
T 6740 19 .1519022E+11   2300015E-01  .5949E+01 -.5115E+01   .9999999  .0000823 -.0001554
T 6741 19 .1519000E+11   2300021E-01  .3801E+01  .1941E+01   .9999999 -.0000729 -.0000133
T 6742 19 .1518937E+11   2300017E-01  .4074E+01 -.3718E+01   .9999999  .0000946 -.0000076
T 6743 19 .1519041E+11   2300020E-01 -.7449E+01  .7694E-01   .9999999  .0000025  .0001419
T 6744 19 .1519033E+11   2300017E-01  .1761E+02  .2680E+02   .9999999  .0001937  .0003045
T 6745 19 .1518873E+11   2300010E-01  .1442E+02  .3113E+02   .9999999  .0000962  .0001777
T 6746 19 .1519080E+11   2300020E-01  .1317E+02 -.5275E+01   .9999999  .0002650 -.0000385
T 6747 19 .1519126E+11   2300011E-01 -.3624E+01 -.8007E+01   .9999999 -.0001882 -.0000280
T 6748 19 .1518919E+11   2300018E-01  .1521E+02  .1212E+02   .9999999  .0001923  .0001039
T 6749 19 .1518846E+11   2300005E-01  .1418E+02 -.9214E+01   .9999999  .0003275  .0000013
T 6750 19 .1519088E+11   2300018E-01  .2047E+02  .1378E+02   .9999999  .0001704  .0000617
T 6751 19 .1518991E+11   2300018E-01 -.1667E+02  .1306E+01   .9999999 -.0000742  .0000663
T 6752 19 .1518877E+11   2300016E-01 -.1324E+02 -.2223E+02   .9999999 -.0001992 -.0003875
T 6753 19 .1519066E+11   2300018E-01  .5314E+01  .9147E+01   .9999999  .0001183  .0001218
T 6754 19 .1519009E+11   2300022E-01 -.5983E+01  .1324E+02   .9999999 -.0001054  .0004127
T 6755 19 .1518969E+11   2300002E-01  .2092E+00 -.9284E+01   .9999999  .0000168 -.0000737
T 6756 19 .1519003E+11   2300021E-01 -.1003E+02  .1333E+02   .9999999 -.0001189  .0000913
T 6757 19 .1518989E+11   2300012E-01 -.3442E+02 -.1334E+02   .9999999 -.0005165 -.0000103
T 6758 19 .1519134E+11   2300020E-01 -.1367E+02 -.1128E+02   .9999999 -.0000877 -.0001827
T 6759 19 .1519105E+11   2300020E-01 -.1383E+02 -.1819E+02   .9999999 -.0002542 -.0001020
T 6760 19 .1518778E+11   2300018E-01  .1112E+02  .6078E+01   .9999999  .0001792 -.0000446
T 6761 19 .1518914E+11   2300014E-01 -.2802E+01 -.4787E+01   .9999999  .0000543 -.0001008
T 6762 19 .1518980E+11   2300014E-01 -.1592E+01 -.1167E+02   .9999999  .0000184 -.0001223
T 6763 19 .1519137E+11   2300016E-01  .4797E+01 -.7931E+01   .9999999  .0000053 -.0001245
T 6764 19 .1519025E+11   2300012E-01  .5431E+01  .1959E+02   .9999999 -.0000316  .0001450
T 6765 19 .1518997E+11   2300008E-01 -.8732E+01  .2994E+00   .9999999 -.0001348 -.0000727
T 6766 19 .1519124E+11   2300002E-01  .1350E+02 -.1093E+02   .9999999  .0001884 -.0002144
T 6767 19 .1519074E+11   2300011E-01 -.8321E+01  .2472E+01   .9999999 -.0000971  .0000678
T 6768 19 .1518991E+11   2300015E-01 -.3206E+01  .2150E+02   .9999999  .0000313  .0001741
T 6769 19 .1518998E+11   2300002E-01  .1362E+02 -.1647E+02   .9999999  .0001474 -.0001074
T 6770 19 .1519067E+11   2300015E-01 -.1585E+02  .1488E+02   .9999999 -.0002086  .0001407
T 6771 19 .1518928E+11   2300012E-01 -.4955E+02  .2070E+02   .9999999 -.0002099  .0001788
T 6772 19 .1518925E+11   2300006E-01 -.9444E+01 -.3503E+01   .9999999  .0000596 -.0001667
T 6773 19 .1519013E+11   2300001E-01  .4364E+02  .1437E+02   .9999999  .0003258  .0000571
T 6774 19 .1518951E+11   2300009E-01 -.4240E+01  .1214E+02   .9999999 -.0000629  .0001893
T 6775 19 .1518968E+11   2300018E-01  .3269E+01  .1049E+02   .9999999  .0001231 -.0000287
T 6776 19 .1519001E+11   2300009E-01 -.1110E+02  .1013E+02   .9999999 -.0001244  .0001907
T 6777 19 .1519017E+11   2300022E-01 -.2700E+02  .2345E+01   .9999999 -.0003432 -.0000138
T 6778 19 .1518906E+11   2300006E-01 -.3200E+01 -.1006E+02   .9999999  .0000225 -.0001490
T 6779 19 .1519066E+11   2300009E-01  .1313E+02  .8407E+01   .9999999  .0001798  .0000908
T 6780 19 .1518979E+11   2300017E-01  .1716E+02 -.1329E+02   .9999999  .0000663 -.0000579
T 6781 19 .1519143E+11   2300019E-01 -.1758E+01 -.1782E+02   .9999999  .0001341 -.0001115
T 6782 19 .1519078E+11   2300008E-01  .2114E+02  .1081E+02   .9999999 -.0000144  .0001942
T 6783 19 .1518833E+11   2300019E-01  .1023E+02 -.2125E+02   .9999999  .0000315 -.0002279
T 6784 19 .1519051E+11   2300018E-01  .2685E+00 -.1020E+02   .9999999 -.0000665 -.0002522
T 6785 19 .1519110E+11   2300016E-01 -.7914E+01 -.1605E+02   .9999999 -.0000316 -.0002810
T 6786 19 .1519074E+11   2300021E-01  .2457E+01 -.1061E+01   .9999999  .0000983  .0000437
T 6787 19 .1519004E+11   2300019E-01 -.1053E+02  .1360E+02   .9999999 -.0000298  .0001282
T 6788 19 .1519107E+11   2300004E-01 -.2304E+01  .1274E+02   .9999999 -.0000294  .0001784
T 6789 19 .1518941E+11   2300010E-01 -.2546E+01  .1860E+01   .9999999 -.0000523 -.0001109
T 6790 19 .1519045E+11   2300011E-01  .3203E+02 -.6698E+02   .9999991  .0008080 -.0010469
T 6791 19 .1518992E+11   2300014E-01 -.1041E+02  .2235E+01   .9999999 -.0001569 -.0000223
T 6792 19 .1519011E+11   2300022E-01 -.1095E+02  .6873E+01   .9999999 -.0000576  .0001683
T 6793 19 .1519023E+11   2300004E-01 -.1234E+02 -.1223E+02   .9999999 -.0000700 -.0000730
T 6794 19 .1519019E+11   2300011E-01  .3729E+01 -.4013E+01   .9999999  .0000417 -.0000983
T 6795 19 .1518837E+11   2300021E-01 -.7486E+01  .3345E+02   .9999998  .0001355  .0005623
T 6796 19 .1519165E+11   2300017E-01  .6855E+00 -.4023E+01   .9999999 -.0000948 -.0000760
T 6797 19 .1518912E+11   2300001E-01  .6097E+01  .6869E+01   .9999999  .0002086  .0000131
T 6798 19 .1519081E+11   2300019E-01  .1296E+01 -.1337E+01   .9999999  .0000788  .0000789
T 6799 19 .1518958E+11   2300019E-01  .9405E+01 -.6032E+01   .9999999 -.0000131  .0000630
T 6800 19 .1519034E+11   2300012E-01 -.4313E+01 -.8828E+01   .9999999  .0001316 -.0000565
T 6801 19 .1518964E+11   2300008E-01  .1086E+02 -.1545E+02   .9999999  .0000665 -.0001682
T 6802 19 .1519074E+11   2300022E-01  .4569E+01  .2529E+02   .9999999 -.0000738  .0002058
T 6803 19 .1518909E+11   2300019E-01  .8271E+02 -.4542E+02   .9999969  .0021609 -.0012096
T 6804 19 .1519041E+11   2300018E-01  .5944E+01  .1915E+02   .9999999  .0000501  .0001442
T 6805 19 .1518922E+11   2300002E-01 -.3577E+01 -.8664E+01   .9999999  .0000146 -.0001570
T 6806 19 .1519142E+11   2300014E-01 -.1683E+02 -.2279E+01   .9999999 -.0002617 -.0000273
T 6807 19 .1519160E+11   2300022E-01  .7089E+01  .1064E+02   .9999999  .0001459  .0000723
T 6808 19 .1518983E+11   2300021E-01 -.1573E+02 -.7602E+01   .9999999 -.0003005 -.0000188
T 6809 19 .1519032E+11   2300013E-01 -.3751E+02 -.5012E+02   .9999998 -.0003882 -.0004977
T 6810 19 .1519039E+11   2300023E-01  .6751E+01 -.3556E+01   .9999999  .0000800 -.0000574
T 6811 19 .1519045E+11   2300002E-01  .1730E+02  .5404E+01   .9999999  .0001779  .0002126
T 6812 19 .1519090E+11   2300017E-01 -.2286E+01  .1174E+02   .9999999 -.0000509  .0000423
T 6813 19 .1518942E+11   2300004E-01  .1225E+02  .3247E+01   .9999999  .0002891  .0001909
T 6814 19 .1518780E+11   2300001E-01  .1555E+02 -.3600E+01   .9999999  .0001819 -.0000847
T 6815 19 .1519104E+11   2300012E-01  .1209E+02  .3620E+01   .9999999  .0001004 -.0000868
T 6816 19 .1518876E+11   2300002E-01  .7359E+01  .3336E+02   .9999999  .0000662  .0004864
T 6817 19 .1518914E+11   2300005E-01 -.1044E+01 -.4067E+01   .9999999 -.0000176 -.0000651
T 6818 19 .1518996E+11   2300021E-01  .2065E+02  .9458E+01   .9999997  .0006288  .0003336
T 6819 19 .1518915E+11   2300022E-01  .1711E+02 -.1558E+02   .9999999  .0000647 -.0001487
T 6820 19 .1518991E+11   2300017E-01  .3865E+01  .2804E+02   .9999999 -.0000429  .0004945
T 6821 19 .1519104E+11   2300006E-01 -.7217E+01 -.1183E+02   .9999999 -.0000109 -.0001866
T 6822 19 .1519046E+11   2300021E-01  .3778E+01  .1102E+02   .9999999  .0000305  .0001626
T 6823 19 .1518946E+11   2300016E-01  .1147E+02  .2602E+01   .9999999  .0001626  .0000221
T 6824 19 .1518933E+11   2300017E-01 -.8906E+00 -.6577E+01   .9999999 -.0000604 -.0000669
T 6825 19 .1519033E+11   2300019E-01  .6269E+01  .9582E+01   .9999999  .0003700  .0000885
T 6826 19 .1518921E+11   2300019E-01 -.2015E+01 -.1496E+02   .9999999 -.0001074 -.0001422
T 6827 19 .1519055E+11   2300016E-01  .7279E+01  .6268E+01   .9999999 -.0000425 -.0000166
T 6828 19 .1519015E+11   2300022E-01 -.4116E+02  .3408E+02   .9999995 -.0008665  .0004794
T 6829 19 .1518947E+11   2300022E-01  .1749E+02  .2027E+00   .9999999  .0002240 -.0001007
T 6830 19 .1518777E+11   2300008E-01 -.8110E+01 -.1502E+02   .9999999 -.0000233 -.0004245
T 6831 19 .1519089E+11   2300000E-01  .4899E+01  .2837E+00   .9999999  .0001467 -.0000431
T 6832 19 .1518928E+11   2300005E-01 -.1909E+01 -.4463E+00   .9999999  .0000459 -.0000152
T 6833 19 .1519016E+11   2300020E-01 -.3227E+01 -.1898E+01   .9999999 -.0001114  .0001000
T 6834 19 .1518959E+11   2300000E-01  .5722E+01  .2416E+01   .9999999  .0001593 -.0000816
T 6835 19 .1518953E+11   2300012E-01  .1358E+02 -.3545E+01   .9999999  .0003682 -.0000511
T 6836 19 .1519005E+11   2300014E-01  .1773E+01 -.6136E+01   .9999999  .0000192 -.0000247
T 6837 19 .1519170E+11   2300011E-01 -.5264E+01 -.3924E+01   .9999999 -.0000131 -.0001388
T 6838 19 .1518836E+11   2300013E-01  .1410E+02 -.9494E+01   .9999999  .0000384 -.0000498
T 6839 19 .1518823E+11   2300005E-01  .5023E+01 -.1339E+02   .9999999  .0000557 -.0000412
T 6840 19 .1518862E+11   2300021E-01  .3678E+00  .1685E+02   .9999999 -.0000426  .0001437
T 6841 19 .1518938E+11   2300022E-01 -.3785E+00  .2292E+01   .9999999  .0000393 -.0000990
T 6842 19 .1519053E+11   2300008E-01 -.5632E+01  .6819E+01   .9999999 -.0001372  .0000386
T 6843 19 .1519108E+11   2300010E-01  .1156E+02  .2225E+02   .9999999  .0001403  .0002586
T 6844 19 .1518842E+11   2300020E-01 -.6591E+01 -.1884E+02   .9999999 -.0000567 -.0001815
T 6845 19 .1518982E+11   2300020E-01 -.4191E+01 -.1167E+02   .9999999  .0000719 -.0002054
T 6846 19 .1518987E+11   2300011E-01 -.2407E+01  .1052E+02   .9999999  .0001163  .0000638
T 6847 19 .1519085E+11   2300011E-01 -.5390E+01  .1950E+01   .9999999 -.0000498  .0000903
T 6848 19 .1519066E+11   2300002E-01 -.4663E+01 -.1142E+01   .9999999 -.0001540 -.0000804
T 6849 19 .1518977E+11   2300017E-01 -.2463E+01 -.1141E+02   .9999999 -.0000387 -.0000560
T 6850 19 .1518907E+11   2300006E-01 -.9329E+01 -.6328E+01   .9999999 -.0001291 -.0000285
T 6851 19 .1519100E+11   2300016E-01 -.3265E+01  .5631E+01   .9999999  .0000129  .0001345
T 6852 19 .1518926E+11   2300021E-01  .7402E+00 -.8250E+01   .9999999  .0000783 -.0001136
T 6853 19 .1519096E+11   2300001E-01 -.7762E+01 -.3567E+00   .9999999  .0000050 -.0000847
T 6854 19 .1518981E+11   2300013E-01 -.8686E+01 -.6209E+01   .9999999  .0000029 -.0000993
T 6855 19 .1518920E+11   2300022E-01 -.1129E+01 -.7178E+01   .9999999  .0000347 -.0002137
T 6856 19 .1518991E+11   2300012E-01  .3984E+01 -.1323E+02   .9999999  .0000873 -.0000102
T 6857 19 .1519015E+11   2300017E-01  .2190E+01  .1661E+02   .9999999  .0000968  .0001962
T 6858 19 .1519095E+11   2300009E-01  .3235E+01 -.2431E+01   .9999999  .0000269  .0000115
T 6859 19 .1518952E+11   2300001E-01 -.5334E+00 -.1755E+01   .9999999  .0000903 -.0001628
T 6860 19 .1518957E+11   2300012E-01  .6303E+01  .1241E+01   .9999999  .0001161  .0001092
T 6861 19 .1518790E+11   2300020E-01 -.5678E+01 -.1364E+01   .9999999 -.0000632 -.0001538
T 6862 19 .1518994E+11   2300003E-01  .2283E+01  .7412E+01   .9999999  .0001605  .0000195
T 6863 19 .1518921E+11   2300014E-01 -.5128E+01  .1174E+01   .9999999 -.0000292 -.0001352
T 6864 19 .1519079E+11   2300019E-01  .8447E+01  .1349E+02   .9999999  .0001673  .0000461
T 6865 19 .1518988E+11   2300007E-01 -.3471E+01  .5665E+00   .9999999  .0000528  .0000164
T 6866 19 .1518970E+11   2300007E-01  .7693E+01 -.3082E+01   .9999999  .0000592 -.0000541
T 6867 19 .1519040E+11   2300018E-01 -.1589E+02  .4245E+01   .9999999 -.0001765  .0001209
T 6868 19 .1518943E+11   2300011E-01 -.2911E+02  .1993E+02   .9999999 -.0003947  .0001991
T 6869 19 .1519046E+11   2300010E-01 -.3096E+01 -.7441E+01   .9999999 -.0001226 -.0000549
T 6870 19 .1519032E+11   2300009E-01 -.5591E+01 -.7828E+01   .9999999 -.0001286  .0000179
T 6871 19 .1518996E+11   2300005E-01 -.1416E+01 -.1327E+02   .9999999  .0000660 -.0001360
T 6872 19 .1518869E+11   2300020E-01  .4659E+01  .3260E+02   .9999999 -.0000322  .0003174
T 6873 19 .1518912E+11   2300018E-01 -.3441E+01 -.6469E+01   .9999999 -.0000106 -.0001041
T 6874 19 .1519006E+11   2300022E-01 -.9745E+01  .4583E+02   .9999987 -.0003314  .0015483
T 6875 19 .1518847E+11   2300007E-01  .1215E+02  .5219E+02   .9999995  .0004438  .0008624
T 6876 19 .1518919E+11   2300018E-01 -.1317E+01 -.5174E+01   .9999999  .0000287 -.0001104
T 6877 19 .1518922E+11   2300018E-01 -.2358E+02 -.1574E+01   .9999999 -.0002931 -.0001463
T 6878 19 .1519004E+11   2300017E-01  .2225E+02 -.1159E+02   .9999999  .0002253 -.0001527
T 6879 19 .1519050E+11   2300015E-01  .2652E+01  .1267E+02   .9999999  .0000770  .0000418
T 6880 19 .1518964E+11   2300004E-01  .9067E+00 -.3265E+01   .9999999 -.0000410 -.0000432
T 6881 19 .1518991E+11   2300023E-01 -.1915E+02  .6074E+01   .9999999 -.0001954  .0000102
T 6882 19 .1519004E+11   2300022E-01  .2301E+02 -.6722E+01   .9999999  .0002478 -.0001654
T 6883 19 .1518775E+11   2300021E-01 -.3074E+01 -.4657E+01   .9999999 -.0000324 -.0000823
T 6884 19 .1518982E+11   2300010E-01  .4254E+01  .8682E+01   .9999999  .0001096  .0001471
T 6885 19 .1519068E+11   2300012E-01 -.5605E+01 -.2032E+01   .9999999  .0002020 -.0001073
T 6886 19 .1518953E+11   2300016E-01  .2190E+00  .4793E+02   .9999999 -.0000671  .0002929
T 6887 19 .1518963E+11   2300000E-01  .1384E+02 -.1370E+02   .9999999  .0003609 -.0001289
T 6888 19 .1518853E+11   2300014E-01 -.2931E+01  .9647E+01   .9999999  .0000751  .0000959
T 6889 19 .1519089E+11   2300021E-01 -.8998E+01 -.8468E+01   .9999999 -.0000993 -.0001193
T 6890 19 .1518967E+11   2300001E-01 -.4828E+01  .1368E+01   .9999999  .0000958 -.0002306
T 6891 19 .1519188E+11   2300011E-01 -.1551E+02 -.2345E+02   .9999999 -.0003087 -.0003833
T 6892 19 .1519008E+11   2300012E-01  .6367E+01  .6421E+01   .9999999 -.0000558  .0000075
T 6893 19 .1519073E+11   2300002E-01  .6753E+01  .6073E+01   .9999999  .0001003  .0000483
T 6894 19 .1519113E+11   2300016E-01 -.2247E+01 -.1264E+01   .9999999 -.0000723 -.0000240
T 6895 19 .1518971E+11   2300018E-01  .3819E+01  .1343E+02   .9999999  .0000071  .0001357
T 6896 19 .1519028E+11   2300005E-01 -.1400E+02 -.1112E+02   .9999999 -.0002547 -.0001260
T 6897 19 .1519062E+11   2300008E-01 -.5525E+01 -.1415E+02   .9999999 -.0000553 -.0002414
T 6898 19 .1518984E+11   2300012E-01  .6775E+02  .2015E+02   .9999999  .0002970  .0001114
T 6899 19 .1519036E+11   2300011E-01 -.1001E+02 -.4813E+01   .9999999 -.0001476 -.0000216
T 6900 19 .1519004E+11   2300001E-01 -.8078E+01 -.1657E+02   .9999999 -.0000989 -.0003204
T 6901 19 .1519015E+11   2300012E-01 -.7789E-02  .7353E+01   .9999999  .0000367  .0000367
T 6902 19 .1518951E+11   2300022E-01 -.2504E+01  .1359E+02   .9999999  .0000382  .0002541
T 6903 19 .1518959E+11   2300022E-01 -.1157E+02  .4731E+01   .9999999 -.0001292  .0001119
T 6904 19 .1518847E+11   2300014E-01  .7300E+01  .1093E+00   .9999999  .0001608 -.0001402
T 6905 19 .1518940E+11   2300016E-01 -.6459E+01 -.8026E+01   .9999999 -.0000140 -.0001397
T 6906 19 .1518981E+11   2300015E-01 -.1003E+02 -.2273E+02   .9999999 -.0001448 -.0002668
T 6907 19 .1518994E+11   2300013E-01 -.4298E+01  .1143E+02   .9999999 -.0000473  .0002027
T 6908 19 .1518925E+11   2300002E-01 -.1957E+02  .3566E+02   .9999999 -.0003103  .0004273
T 6909 19 .1519036E+11   2300011E-01 -.3646E+01  .1546E+02   .9999999  .0000223  .0002531
T 6910 19 .1519027E+11   2300009E-01  .5758E+02 -.1079E+02   .9999999  .0004187 -.0001978
T 6911 19 .1519063E+11   2300012E-01  .1253E+03 -.2192E+03   .9999943  .0016614 -.0029306
T 6912 19 .1518963E+11   2300021E-01 -.1617E+02 -.5740E+01   .9999999 -.0002390 -.0000925
T 6913 19 .1518995E+11   2300009E-01 -.1349E+02  .1333E+01   .9999999 -.0001654  .0000851
T 6914 19 .1519035E+11   2300016E-01 -.7936E+00  .4746E+01   .9999999 -.0001763  .0002761
T 6915 19 .1518918E+11   2300005E-01 -.1182E+02 -.7054E+01   .9999999 -.0001632  .0000158
T 6916 19 .1518941E+11   2300020E-01 -.5187E+01  .3260E+01   .9999999  .0000110  .0001045
T 6917 19 .1518925E+11   2300020E-01  .8829E+01  .6463E+01   .9999999  .0000929  .0001572
T 6918 19 .1519079E+11   2300022E-01 -.1616E+02  .6833E+01   .9999999 -.0001509  .0000058
T 6919 19 .1518896E+11   2300022E-01  .4621E+01  .3559E+01   .9999999  .0001348  .0000700
T 6920 19 .1519087E+11   2300021E-01 -.9931E+01  .1106E+02   .9999999 -.0001674  .0002057
T 6921 19 .1518910E+11   2300019E-01  .1242E+02 -.1714E+02   .9999999  .0000136 -.0001657
T 6922 19 .1519040E+11   2300021E-01  .2050E+02  .1893E+02   .9999999  .0001710  .0002442
T 6923 19 .1518977E+11   2300017E-01  .1609E+02  .1195E+01   .9999999 -.0000665  .0000475
T 6924 19 .1519034E+11   2300002E-01 -.4360E+01 -.4398E+01   .9999999 -.0001574 -.0000881
T 6925 19 .1519044E+11   2300020E-01 -.2860E+00  .1865E+02   .9999999  .0000042  .0002358
T 6926 19 .1519111E+11   2300022E-01 -.2112E+01 -.1253E+02   .9999999 -.0000059 -.0000734
T 6927 19 .1518934E+11   2300015E-01 -.2819E+00 -.5197E+01   .9999999  .0000931 -.0000415
T 6928 19 .1519059E+11   2300019E-01  .1809E+02  .4351E+01   .9999999  .0001435 -.0000269
T 6929 19 .1518931E+11   2300021E-01  .3495E+01  .5495E+01   .9999999  .0000008  .0002205
T 6930 19 .1519118E+11   2300012E-01  .3429E+01  .2074E+00   .9999999 -.0000816  .0000340
T 6931 19 .1519068E+11   2300022E-01 -.1433E+02  .1847E+02   .9999999 -.0002071  .0001914
T 6932 19 .1518822E+11   2300008E-01 -.7779E+01 -.3670E+01   .9999999 -.0001361 -.0000763
T 6933 19 .1518874E+11   2300007E-01  .2244E+02 -.1133E+02   .9999999  .0002151 -.0000454
T 6934 19 .1518967E+11   2300021E-01 -.1074E+02 -.1055E+02   .9999999 -.0000155 -.0001891
T 6935 19 .1518998E+11   2300003E-01 -.4726E+01 -.1688E+00   .9999999  .0000649 -.0001216
T 6936 19 .1519031E+11   2300017E-01 -.8979E+01  .9279E+01   .9999999 -.0000261  .0000262
T 6937 19 .1518975E+11   2300021E-01 -.9354E+00  .3308E+02   .9999999  .0000649  .0002664
T 6938 19 .1518970E+11   2300003E-01  .2206E+01 -.1634E+02   .9999999  .0000878 -.0003022
T 6939 19 .1519014E+11   2300019E-01 -.2336E+01  .1137E+01   .9999999 -.0000236 -.0000195
T 6940 19 .1519042E+11   2300012E-01  .5320E+01  .6729E+01   .9999999  .0001222  .0000094
T 6941 19 .1519041E+11   2300013E-01  .1701E+02  .6393E+01   .9999999  .0000950  .0000089
T 6942 19 .1518892E+11   2300010E-01 -.2765E+01  .1271E+02   .9999999  .0000723  .0000509
T 6943 19 .1519066E+11   2300001E-01  .1517E+02  .1219E+01   .9999951 -.0026386  .0017122
T 6944 19 .1518896E+11   2300020E-01  .7418E+01  .1123E+02   .9999999  .0001362  .0002070
T 6945 19 .1518858E+11   2300005E-01  .1937E+02  .7768E+01   .9999999  .0001687  .0001189
T 6946 19 .1518930E+11   2300020E-01  .2283E+01  .1172E+02   .9999999 -.0000559  .0001510
T 6947 19 .1518957E+11   2300020E-01 -.7094E+01  .1287E+02   .9999999 -.0000782  .0002354
T 6948 19 .1518804E+11   2300021E-01  .5460E+01 -.1486E+01   .9999999  .0000764 -.0000058
T 6949 19 .1518917E+11   2300003E-01  .1109E+02 -.9114E+01   .9999999  .0000929 -.0000312
T 6950 19 .1519196E+11   2300013E-01 -.8072E+01  .1523E+02   .9999999 -.0001962  .0000828
T 6951 19 .1518936E+11   2300019E-01 -.1196E+02 -.1181E+02   .9999999 -.0000882 -.0001036
T 6952 19 .1519019E+11   2300008E-01 -.3865E+01 -.7013E+00   .9999999 -.0000280 -.0000795
T 6953 19 .1518932E+11   2300021E-01  .1150E+02  .2615E+01   .9999999  .0001621  .0000076
T 6954 19 .1519111E+11   2300013E-01 -.1537E+02 -.1348E+02   .9999999 -.0002506 -.0000493
T 6955 19 .1519096E+11   2300022E-01 -.9834E+01  .1498E+02   .9999999 -.0001152  .0001605
T 6956 19 .1518979E+11   2300018E-01 -.4048E+01 -.4026E+01   .9999999 -.0000378 -.0000569
T 6957 19 .1519163E+11   2300019E-01  .1775E+01 -.2549E+01   .9999999  .0000247 -.0000973
T 6958 19 .1519187E+11   2300005E-01 -.9593E+01 -.1609E+02   .9999999 -.0001629 -.0001261
T 6959 19 .1519082E+11   2300014E-01 -.1382E+02  .1493E+02   .9999999 -.0001098  .0000470
T 6960 19 .1519066E+11   2300016E-01  .8728E+01 -.6459E+01   .9999999  .0001101 -.0000780
T 6961 19 .1519011E+11   2300013E-01 -.6897E+01  .4836E+00   .9999999 -.0000320  .0000919
T 6962 19 .1519136E+11   2300005E-01 -.1039E+02 -.1358E+02   .9999999 -.0001469 -.0003030
T 6963 19 .1519008E+11   2300005E-01 -.4758E+01 -.1271E+02   .9999999  .0000723 -.0001194
T 6964 19 .1518989E+11   2300007E-01  .6051E+01 -.3515E+02   .9999998  .0000463 -.0005841
T 6965 19 .1518991E+11   2300020E-01  .2828E+02 -.1894E+02   .9999999  .0002044 -.0001820
T 6966 19 .1519049E+11   2300000E-01  .2294E+01  .1596E+01   .9999999 -.0000284  .0001224
T 6967 19 .1519054E+11   2300004E-01 -.8522E+01  .2457E+01   .9999999 -.0000568 -.0000074
T 6968 19 .1518990E+11   2300018E-01 -.2293E+02 -.1756E+02   .9999999 -.0002095 -.0001931
T 6969 19 .1518966E+11   2300006E-01  .4969E+01 -.3205E+01   .9999999  .0001928  .0000000
T 6970 19 .1518958E+11   2300014E-01 -.3867E+01 -.8810E+01   .9999999 -.0000484 -.0001053
T 6971 19 .1519016E+11   2300001E-01 -.1080E+02  .1071E+02   .9999999 -.0001698  .0002697
T 6972 19 .1518975E+11   2300007E-01 -.3829E+00 -.1147E+01   .9999999 -.0000827  .0000163
T 6973 19 .1519020E+11   2300015E-01  .2940E+02 -.8102E+02   .9999999  .0002904 -.0003251
T 6974 19 .1519190E+11   2300010E-01  .2850E+02  .2284E+02   .9999999  .0002416  .0002007
T 6975 19 .1519054E+11   2300016E-01 -.1526E+01 -.3476E+01   .9999999  .0000969  .0000653
T 6976 19 .1519020E+11   2300000E-01  .4060E+01 -.2800E+00   .9999999  .0001207 -.0000527
T 6977 19 .1518898E+11   2300004E-01 -.5672E+01  .1366E+02   .9999999 -.0001357  .0001296
T 6978 19 .1519108E+11   2300011E-01 -.2356E+02  .1283E+02   .9999999 -.0004039  .0003078
T 6979 19 .1518899E+11   2300021E-01 -.3787E+01  .7868E+01   .9999999 -.0001275  .0000736
T 6980 19 .1518968E+11   2300020E-01 -.1938E+02  .2364E+02   .9999999 -.0002867  .0001931
T 6981 19 .1519111E+11   2300009E-01 -.1410E+02  .4606E+01   .9999999 -.0000751  .0001128
T 6982 19 .1519022E+11   2300015E-01 -.1652E+02  .2562E+02   .9999999 -.0001614  .0003147
T 6983 19 .1519079E+11   2300014E-01  .8018E+01  .2523E+01   .9999999  .0000165  .0001195
T 6984 19 .1518893E+11   2300013E-01 -.3727E+01  .3869E+02   .9999998  .0000084  .0006309
T 6985 19 .1518986E+11   2300014E-01  .1196E+02 -.1928E-01   .9999999  .0000510  .0000840
T 6986 19 .1518980E+11   2300015E-01  .1383E+02 -.1297E+02   .9999999  .0000149  .0000526
T 6987 19 .1518992E+11   2300010E-01 -.2247E+02  .1904E+02   .9999999 -.0001199  .0002651
T 6988 19 .1518970E+11   2300015E-01  .1246E+02 -.1016E+02   .9999999  .0000829 -.0002198
T 6989 19 .1519143E+11   2300011E-01 -.6440E+01 -.1952E+01   .9999999 -.0000760 -.0000802
T 6990 19 .1519096E+11   2300018E-01  .2329E+02  .7382E+01   .9999999  .0003180 -.0000296
T 6991 19 .1519092E+11   2300008E-01 -.1441E+02  .2251E+02   .9999999 -.0003424  .0002367
T 6992 19 .1519017E+11   2300006E-01  .1114E+01 -.1510E+02   .9999999 -.0000395 -.0001380
T 6993 19 .1519104E+11   2300003E-01  .9600E+01 -.4396E+01   .9999999 -.0003712  .0000395
T 6994 19 .1518891E+11   2300015E-01  .2593E+01  .1362E+02   .9999999  .0002100  .0000787
T 6995 19 .1519002E+11   2300014E-01  .9883E-01  .1025E+02   .9999999  .0000296  .0003565
T 6996 19 .1519030E+11   2300001E-01  .4697E+01 -.1345E+02   .9999999 -.0000680 -.0001878
T 6997 19 .1518926E+11   2300020E-01 -.1207E+02 -.3746E+02   .9999999 -.0001665 -.0004079
T 6998 19 .1518861E+11   2300009E-01  .2175E+02  .8941E+01   .9999999  .0001922  .0000214
T 6999 19 .1519039E+11   2300021E-01 -.4940E+01  .6620E+01   .9999999 -.0001548  .0000000
T 7000 19 .1519034E+11   2300012E-01 -.6818E+01  .4322E+01   .9999999 -.0001814  .0000541
T 7001 19 .1518981E+11   2300011E-01 -.5145E+01  .1645E+01   .9999999 -.0002093  .0001857
T 7002 19 .1519023E+11   2300012E-01  .1235E+02 -.1149E+02   .9999999  .0001455 -.0001417
T 7003 19 .1518823E+11   2300017E-01 -.9939E+01 -.2517E+01   .9999999 -.0001509 -.0000859
T 7004 19 .1519044E+11   2300017E-01  .8569E+01  .1506E+02   .9999999  .0002671  .0000797
T 7005 19 .1519161E+11   2300019E-01  .6556E+01  .5802E+01   .9999999  .0000284  .0000434
T 7006 19 .1519073E+11   2300022E-01 -.2335E+02  .1890E+02   .9999999 -.0001298  .0001339
T 7007 19 .1519137E+11   2300008E-01 -.8579E+01 -.1005E+01   .9999999 -.0001260 -.0000820
T 7008 19 .1518879E+11   2300014E-01 -.6334E+01  .2307E+01   .9999999 -.0000911  .0001766
T 7009 19 .1519012E+11   2300022E-01  .2218E+02  .1727E+02   .9999998  .0004642  .0004492
T 7010 19 .1518925E+11   2300012E-01 -.1058E+02 -.2026E+02   .9999999 -.0000170 -.0003050
T 7011 19 .1518973E+11   2300013E-01  .5459E+01  .1474E+00   .9999999  .0000969 -.0000277
T 7012 19 .1519044E+11   2300020E-01  .7957E+01 -.7023E+01   .9999999  .0001189 -.0001538
T 7013 19 .1518898E+11   2300018E-01 -.6247E+01  .2988E+01   .9999999 -.0000488  .0000128
T 7014 19 .1518995E+11   2300021E-01 -.8296E+01 -.6779E+01   .9999999 -.0000742  .0000293
T 7015 19 .1518832E+11   2300020E-01  .6207E+00 -.4831E+01   .9999999  .0002478  .0000355
T 7016 19 .1519138E+11   2300018E-01 -.1178E+01 -.9349E+01   .9999999  .0000348 -.0001986
T 7017 19 .1518859E+11   2300021E-01 -.1286E+02  .1338E+02   .9999999 -.0000145  .0001807
T 7018 19 .1518848E+11   2300002E-01  .8369E+01  .1082E+02   .9999999  .0000321  .0001390
T 7019 19 .1518999E+11   2300020E-01 -.2116E+01 -.1067E+02   .9999999  .0000368 -.0002529
T 7020 19 .1518901E+11   2300020E-01 -.2045E+01  .9221E+01   .9999999 -.0000900 -.0000252
T 7021 19 .1518971E+11   2300017E-01 -.2128E+02  .8060E+01   .9999999 -.0002808  .0000778
T 7022 19 .1518967E+11   2300005E-01  .2658E+01 -.7026E+01   .9999999  .0001938  .0000352
T 7023 19 .1518957E+11   2300003E-01 -.1575E+02  .1468E+02   .9999999 -.0002103  .0000548
T 7024 19 .1518982E+11   2300022E-01 -.1211E+02  .2932E+02   .9999999 -.0001380  .0004387
T 7025 19 .1518885E+11   2300021E-01 -.9153E+01 -.3189E+02   .9999999 -.0001053 -.0003776
T 7026 19 .1519025E+11   2300020E-01 -.9212E+01 -.8901E+01   .9999999 -.0001271 -.0000092
T 7027 19 .1518904E+11   2300013E-01 -.3566E+01  .1824E+02   .9999999 -.0000157  .0002693
T 7028 19 .1519084E+11   2300022E-01 -.2460E+02  .4577E+01   .9999999 -.0003885  .0000609
T 7029 19 .1519082E+11   2300005E-01  .8549E+01  .3654E+01   .9999999  .0001402  .0001504
T 7030 19 .1519118E+11   2300013E-01 -.4681E+01 -.2128E+02   .9999999 -.0001316 -.0001175
T 7031 19 .1519093E+11   2300015E-01  .2652E+01 -.4089E+01   .9999999  .0000331 -.0000433
T 7032 19 .1518987E+11   2300008E-01  .6191E+01  .1101E+02   .9999999  .0001438  .0001364
T 7033 19 .1518886E+11   2300019E-01  .4500E-01  .2230E+02   .9999999  .0001788  .0002865
T 7034 19 .1518945E+11   2300022E-01  .4561E+01  .5892E+01   .9999999 -.0001801  .0001703
T 7035 19 .1518924E+11   2300002E-01  .1863E+02 -.4907E+00   .9999999  .0002256  .0000445
T 7036 19 .1519105E+11   2300022E-01 -.8275E+01  .2260E+00   .9999999  .0000085 -.0000413
T 7037 19 .1518974E+11   2300002E-01  .2034E+01  .3196E+01   .9999999  .0000354 -.0001525
T 7038 19 .1519055E+11   2300001E-01  .1256E+02 -.2727E+02   .9999999  .0001801 -.0003783
T 7039 19 .1519057E+11   2300023E-01 -.1898E+00 -.8513E+01   .9999999  .0000595 -.0001394
T 7040 19 .1519177E+11   2300010E-01  .3633E+01  .1613E+01   .9999999  .0000277 -.0000115
T 7041 19 .1519192E+11   2300009E-01  .2631E+02  .1506E+02   .9999999  .0002633  .0001626
T 7042 19 .1519036E+11   2300000E-01  .1338E+02  .1261E+01   .9999999 -.0000468  .0000700
T 7043 19 .1519092E+11   2300016E-01 -.2088E+02 -.5332E+01   .9999999 -.0001929 -.0001351
T 7044 19 .1519058E+11   2300004E-01  .1356E+02  .3352E+01   .9999999  .0003643  .0000596
T 7045 19 .1518912E+11   2300019E-01  .1667E+01  .2173E+01   .9999999 -.0000555  .0000750
T 7046 19 .1519141E+11   2300007E-01  .4753E+00 -.2671E+01   .9999999  .0000080  .0000397
T 7047 19 .1519019E+11   2300010E-01  .1194E+02  .1786E+01   .9999999  .0001111  .0000396
T 7048 19 .1518928E+11   2300020E-01 -.3674E+01 -.8344E+01   .9999999 -.0000965 -.0000596
T 7049 19 .1518992E+11   2300017E-01 -.1081E+02 -.1043E+01   .9999999 -.0002339 -.0000858
T 7050 19 .1519039E+11   2300021E-01  .8610E+01 -.1470E+02   .9999999 -.0000267 -.0001488
T 7051 19 .1518942E+11   2300013E-01  .5789E+01 -.7254E+00   .9999999  .0000560  .0000119
T 7052 19 .1518857E+11   2300013E-01 -.4630E+01 -.1176E+02   .9999999  .0000151 -.0000504
T 7053 19 .1519106E+11   2300004E-01  .4104E+02 -.5108E+01   .9999998  .0005420 -.0001050
T 7054 19 .1519031E+11   2300002E-01 -.1022E+02 -.2174E+02   .9999999 -.0002586 -.0004448
T 7055 19 .1519124E+11   2300021E-01  .8863E+00  .4879E+01   .9999999  .0000992 -.0000987
T 7056 19 .1518957E+11   2300008E-01  .4032E+01  .7247E+01   .9999999  .0000752  .0001046
T 7057 19 .1519012E+11   2300008E-01  .1556E+02 -.7377E+01   .9999999  .0001949 -.0000218
T 7058 19 .1519034E+11   2300018E-01 -.1284E+01  .1165E+02   .9999999 -.0000095  .0000917
T 7059 19 .1518882E+11   2300007E-01  .1118E+02  .1022E+02   .9999998 -.0000211  .0006004
T 7060 19 .1518881E+11   2300018E-01 -.1162E+02  .1680E-01   .9999999 -.0001566 -.0000112
T 7061 19 .1518817E+11   2300020E-01 -.1731E+02  .4267E+02   .9999998 -.0003111  .0006025
T 7062 19 .1518982E+11   2300008E-01  .5444E+01  .2740E+01   .9999999  .0000879 -.0000036
T 7063 19 .1518982E+11   2300009E-01  .1239E+02  .7508E+01   .9999999  .0001627  .0001126
T 7064 19 .1519068E+11   2300016E-01  .2243E+02 -.2074E+01   .9999999  .0003932 -.0000842
T 7065 19 .1519039E+11   2300018E-01  .1454E+01 -.1176E+01   .9999999 -.0002841 -.0001035
T 7066 19 .1518958E+11   2300020E-01 -.1126E+02 -.1676E+02   .9999999 -.0001264 -.0001803
T 7067 19 .1518962E+11   2300019E-01  .6016E+01  .9607E+01   .9999999 -.0000829  .0001252
T 7068 19 .1518882E+11   2300007E-01  .4606E+01  .3214E+01   .9999999  .0001698  .0000105
T 7069 19 .1519022E+11   2300018E-01 -.7048E+01 -.1340E+02   .9999999 -.0000365 -.0000173
T 7070 19 .1519091E+11   2300017E-01  .4370E+01  .1391E+02   .9999999  .0000795  .0001603
T 7071 19 .1519003E+11   2300016E-01 -.1502E+02  .2653E+02   .9999999 -.0001895  .0003612
T 7072 19 .1519064E+11   2300003E-01 -.2128E+03  .4683E+02   .9999994 -.0010382  .0002013
T 7073 19 .1518986E+11   2300012E-01 -.2643E+01  .1572E+01   .9999999 -.0001045  .0000531
T 7074 19 .1518966E+11   2300001E-01 -.6909E+01 -.4111E+01   .9999999 -.0000467 -.0000373
T 7075 19 .1518970E+11   2300002E-01  .5585E+01  .1094E+02   .9999999  .0000871  .0001905
T 7076 19 .1519048E+11   2300020E-01 -.1178E+02 -.9566E+01   .9999999 -.0001708 -.0002569
T 7077 19 .1518939E+11   2300022E-01 -.5751E+01  .3952E+01   .9999999 -.0001067 -.0000081
T 7078 19 .1519112E+11   2300018E-01  .1248E+02  .1967E+01   .9999999  .0000907 -.0000003
T 7079 19 .1519017E+11   2300018E-01  .2479E+01 -.5009E+01   .9999999 -.0000177 -.0001643
T 7080 19 .1518961E+11   2300005E-01  .6867E+01 -.3063E+01   .9999999  .0001665 -.0000148
T 7081 19 .1518937E+11   2300019E-01  .5414E+01 -.8260E+01   .9999999  .0000113 -.0000680
T 7082 19 .1518926E+11   2300005E-01 -.1376E+02 -.5173E+01   .9999999 -.0001571 -.0000585
T 7083 19 .1519094E+11   2300019E-01 -.3910E+01 -.3757E+01   .9999999 -.0000483 -.0001385
T 7084 19 .1518931E+11   2300001E-01 -.1323E+02  .1470E+02   .9999999 -.0001240  .0000248
T 7085 19 .1518922E+11   2300017E-01  .9608E+01  .3622E+01   .9999999  .0001539 -.0000847
T 7086 19 .1518949E+11   2300003E-01  .1537E+02  .1344E+02   .9999999  .0001468  .0002037
T 7087 19 .1518827E+11   2300001E-01 -.1454E+02 -.7035E+01   .9999999 -.0003048 -.0003091
T 7088 19 .1519148E+11   2300022E-01  .3097E+01 -.6587E+01   .9999999 -.0000760 -.0000983
T 7089 19 .1518928E+11   2300022E-01 -.2440E+02 -.7801E+01   .9999999 -.0000615 -.0000888
T 7090 19 .1519087E+11   2300017E-01 -.2579E+01 -.5680E+01   .9999999 -.0000547 -.0000206
T 7091 19 .1518940E+11   2300000E-01 -.1144E+02 -.2831E+01   .9999999 -.0002157  .0001200
T 7092 19 .1519026E+11   2300019E-01 -.1641E+02  .4069E+01   .9999999 -.0003373  .0002418
T 7093 19 .1518900E+11   2300020E-01 -.4581E+01  .2978E+01   .9999999 -.0001501  .0000072
T 7094 19 .1519017E+11   2300003E-01 -.4497E+01 -.1490E+01   .9999999  .0000261 -.0000018
T 7095 19 .1518905E+11   2300009E-01  .1116E+02  .1630E+02   .9999999  .0000313  .0002550
T 7096 19 .1519051E+11   2300016E-01 -.1125E+02  .4117E+01   .9999999 -.0000846  .0000274
T 7097 19 .1518975E+11   2300015E-01  .2627E+02  .1929E+02   .9999998  .0005274  .0003298
T 7098 19 .1519010E+11   2300014E-01 -.7110E+01  .3556E+01   .9999999 -.0001318  .0000921
T 7099 19 .1519006E+11   2300013E-01 -.5788E+01 -.1019E+02   .9999999 -.0000868 -.0000477
T 7100 19 .1518965E+11   2300020E-01 -.2681E+01  .8431E+01   .9999999 -.0000410  .0000893
T 7101 19 .1518928E+11   2300019E-01 -.5664E+01  .5177E+01   .9999999 -.0000458  .0000931
T 7102 19 .1519139E+11   2300006E-01  .5428E+01 -.1527E+00   .9999999 -.0000778 -.0000241
T 7103 19 .1519019E+11   2300017E-01 -.3036E+01  .1974E+02   .9999999 -.0001108  .0001853
T 7104 19 .1519088E+11   2300002E-01 -.2352E+02  .1723E+02   .9999999 -.0001860  .0002258
T 7105 19 .1518943E+11   2300010E-01 -.1283E+02  .4529E+01   .9999999 -.0000064 -.0000642
T 7106 19 .1519093E+11   2300020E-01  .2207E+02 -.8452E+01   .9999999  .0003602 -.0000006
T 7107 19 .1519013E+11   2300017E-01  .8072E+00  .3419E+01   .9999999 -.0002323 -.0000618
T 7108 19 .1518893E+11   2300016E-01 -.4736E+02 -.1506E+02   .9999998 -.0005345 -.0001672
T 7109 19 .1518998E+11   2300021E-01 -.7502E+01  .9025E+01   .9999999 -.0001222  .0001398
T 7110 19 .1519003E+11   2300007E-01 -.7603E+01 -.1660E+01   .9999999  .0001207  .0000178
T 7111 19 .1518972E+11   2300014E-01  .2443E+01  .1291E+02   .9999999 -.0000990  .0001108
T 7112 19 .1518931E+11   2300001E-01  .5764E+01  .7627E+00   .9999999 -.0000135 -.0000141
T 7113 19 .1519007E+11   2300022E-01 -.1166E+02 -.1500E+01   .9999999 -.0001781 -.0000714
T 7114 19 .1519025E+11   2300010E-01 -.3803E+01 -.2809E+01   .9999999 -.0000145 -.0000747
T 7115 19 .1518890E+11   2300012E-01  .5534E+02  .9269E+01   .9999999  .0005409  .0000533
T 7116 19 .1518954E+11   2300020E-01 -.2302E+01  .5472E+01   .9999999 -.0000520  .0001197
T 7117 19 .1519065E+11   2300002E-01  .1049E+02  .8093E+01   .9999999  .0000748  .0001496
T 7118 19 .1518979E+11   2300020E-01  .1302E+02  .7550E+01   .9999999  .0000943  .0002258
T 7119 19 .1519096E+11   2300012E-01 -.1323E+02 -.2101E+02   .9999999 -.0001228 -.0003000
T 7120 19 .1518984E+11   2300014E-01  .7880E+01 -.2357E+02   .9999999  .0001657 -.0001892
T 7121 19 .1518914E+11   2300009E-01  .1392E+02 -.1286E+02   .9999999  .0001306  .0000429
T 7122 19 .1518852E+11   2300015E-01  .5647E+01 -.5242E+01   .9999999  .0001535 -.0002511
T 7123 19 .1518871E+11   2300010E-01 -.2289E+02 -.7910E+01   .9999999 -.0002358  .0000064
T 7124 19 .1518908E+11   2300013E-01 -.8864E+01 -.8102E+00   .9999999 -.0000296 -.0000096
T 7125 19 .1519080E+11   2300016E-01 -.1638E+02 -.1228E+02   .9999999 -.0004011  .0001653
T 7126 19 .1518861E+11   2300022E-01 -.3062E+01  .2484E+00   .9999999 -.0000605  .0000660
T 7127 19 .1519092E+11   2300019E-01 -.1200E+02 -.8699E+01   .9999999 -.0001375 -.0000602
T 7128 19 .1518941E+11   2300003E-01 -.3508E+01 -.2716E+01   .9999999 -.0000405  .0000313
T 7129 19 .1518958E+11   2300006E-01 -.8955E+01 -.1660E+02   .9999999 -.0002363 -.0001883
T 7130 19 .1518935E+11   2300007E-01 -.1060E+01 -.1735E+01   .9999999  .0000795 -.0000481
T 7131 19 .1519071E+11   2300006E-01 -.1214E+02 -.1350E+02   .9999999 -.0000597 -.0001736
T 7132 19 .1519045E+11   2300021E-01  .1017E+02  .3462E+01   .9999999  .0001030 -.0000237
T 7133 19 .1518987E+11   2300022E-01  .2031E+01 -.9297E+01   .9999999 -.0002043 -.0001000
T 7134 19 .1519142E+11   2300011E-01 -.4581E+01 -.3530E+01   .9999999  .0000459 -.0000095
T 7135 19 .1518980E+11   2300023E-01 -.1106E+01  .5077E+01   .9999999 -.0000903  .0002079
T 7136 19 .1519110E+11   2300015E-01  .1451E+01 -.4825E+01   .9999999  .0000189 -.0001440
T 7137 19 .1518896E+11   2300018E-01  .1224E+02  .1769E+02   .9999999  .0000630  .0002457
T 7138 19 .1519021E+11   2300019E-01  .2142E+01  .3334E+00   .9999999  .0000220 -.0000114
T 7139 19 .1519080E+11   2300013E-01 -.9381E+01  .5126E+01   .9999999 -.0000788  .0000894
T 7140 19 .1518934E+11   2300018E-01  .7855E+00 -.1931E+01   .9999999  .0000169 -.0000094
T 7141 19 .1518984E+11   2300012E-01  .2260E+01  .1546E+01   .9999999  .0001015  .0000300
T 7142 19 .1518854E+11   2300002E-01  .8888E+01  .3981E+00   .9999999  .0001399  .0001436
T 7143 19 .1518989E+11   2300022E-01 -.1343E+02  .5472E+01   .9999999 -.0003624 -.0000984
T 7144 19 .1519042E+11   2300022E-01 -.2280E+02 -.5808E+02   .9999999 -.0001258 -.0005182
T 7145 19 .1518904E+11   2300017E-01 -.1788E+01 -.2200E+02   .9999999  .0000044 -.0002077
T 7146 19 .1519013E+11   2300014E-01  .4562E+01 -.2001E+01   .9999999 -.0000228 -.0001657
T 7147 19 .1518989E+11   2300023E-01  .5680E+01 -.1053E+02   .9999999  .0001074 -.0000294
T 7148 19 .1518999E+11   2300001E-01 -.9891E+01 -.1623E+02   .9999999 -.0001805 -.0003051
T 7149 19 .1519014E+11   2300019E-01 -.3445E+00 -.8226E+01   .9999999 -.0000112 -.0001350
T 7150 19 .1519133E+11   2300022E-01  .9540E+01 -.9157E+01   .9999999  .0001241 -.0000739
T 7151 19 .1518895E+11   2300008E-01  .2718E+02  .2874E+01   .9999999  .0003317  .0002380
T 7152 19 .1519053E+11   2300009E-01 -.1741E+02 -.8912E+01   .9999999 -.0001670 -.0001171
T 7153 19 .1518908E+11   2300020E-01 -.1365E+02  .2554E+01   .9999999 -.0000758  .0000856
T 7154 19 .1519134E+11   2300021E-01 -.2622E+02 -.9068E+01   .9999999 -.0001544  .0000164
T 7155 19 .1519081E+11   2300010E-01 -.6647E+01  .4319E+01   .9999999  .0000321  .0000952
T 7156 19 .1518910E+11   2300002E-01 -.1530E+02 -.1333E+02   .9999999 -.0003002 -.0001210
T 7157 19 .1518836E+11   2300016E-01 -.8675E+01  .5567E+00   .9999999 -.0000561 -.0001167
T 7158 19 .1518933E+11   2300020E-01  .1716E+02  .2883E+01   .9999999  .0001214  .0000851
T 7159 19 .1518932E+11   2300013E-01 -.1030E+02  .5562E+01   .9999999 -.0000996  .0000079
T 7160 19 .1518858E+11   2300021E-01 -.4169E+01 -.2786E+01   .9999999 -.0001261 -.0000865
T 7161 19 .1519019E+11   2300007E-01  .1466E+01  .3169E+01   .9999999  .0001422 -.0000629
T 7162 19 .1519096E+11   2300003E-01  .9264E+01 -.6171E+01   .9999999  .0000818 -.0000897
T 7163 19 .1519115E+11   2300002E-01  .1124E+02 -.2753E-01   .9999999  .0001119  .0000312
T 7164 19 .1518974E+11   2300012E-01 -.1006E+02 -.7303E+01   .9999999 -.0000443 -.0001270
T 7165 19 .1518943E+11   2300016E-01 -.5833E+01  .1433E+02   .9999999 -.0000252  .0002413
T 7166 19 .1519004E+11   2300017E-01  .1238E+02 -.1340E+02   .9999999  .0004943  .0001207
T 7167 19 .1518943E+11   2300014E-01 -.4474E+01  .4546E+01   .9999999  .0000333  .0000851
T 7168 19 .1518975E+11   2300023E-01  .1602E+02 -.4259E+01   .9999999  .0000766 -.0000738
T 7169 19 .1519115E+11   2300012E-01  .2077E+01 -.2704E+01   .9999999 -.0001119  .0000205
T 7170 19 .1519014E+11   2300013E-01  .5466E+01 -.5531E+01   .9999999  .0000977 -.0001069
T 7171 19 .1518999E+11   2300008E-01 -.4101E+01  .2545E+01   .9999964  .0009760 -.0024969
T 7172 19 .1518900E+11   2300004E-01  .3552E+01  .8171E+01   .9999999  .0000697  .0001410
T 7173 19 .1519127E+11   2300017E-01 -.4134E+02 -.8154E+01   .9999999 -.0004588 -.0000830
T 7174 19 .1518979E+11   2300004E-01  .3308E+01  .4554E+01   .9999999  .0000011 -.0004063
T 7175 19 .1519115E+11   2300002E-01 -.2409E+02  .1071E+02   .9999999 -.0002729 -.0000817
T 7176 19 .1519001E+11   2300010E-01  .1973E-01  .3900E+01   .9999999 -.0000244 -.0000149
T 7177 19 .1519054E+11   2300022E-01 -.9948E+01  .1087E+02   .9999999 -.0001743  .0000849
T 7178 19 .1519124E+11   2300021E-01 -.1112E+02 -.1787E+01   .9999999 -.0002163 -.0000659
T 7179 19 .1518865E+11   2300009E-01 -.1465E+02  .1024E+01   .9999999 -.0001253  .0000862
T 7180 19 .1518931E+11   2300007E-01  .2363E+02 -.1095E+02   .9999999  .0002489 -.0001452
T 7181 19 .1519049E+11   2300022E-01  .1938E+02 -.1648E+02   .9999999  .0002724 -.0002082
T 7182 19 .1518902E+11   2300011E-01 -.1435E+02  .9565E+01   .9999999 -.0002920  .0001191
T 7183 19 .1518955E+11   2300003E-01  .6506E+01  .5254E+01   .9999999 -.0001434  .0003127
T 7184 19 .1519221E+11   2300008E-01 -.5051E+01  .3390E+01   .9999999 -.0000736  .0000868
T 7185 19 .1518929E+11   2300002E-01  .5368E+01 -.1768E+02   .9999999 -.0001268 -.0002521
T 7186 19 .1519095E+11   2300013E-01  .4872E+01  .7425E+01   .9999999 -.0000536  .0000866
T 7187 19 .1519141E+11   2300020E-01 -.1939E+01  .3446E+01   .9999999 -.0000070 -.0001026
T 7188 19 .1518962E+11   2300019E-01  .2474E+00 -.8417E+00   .9999999  .0000233 -.0000147
T 7189 19 .1518945E+11   2300008E-01  .2468E+02 -.1142E+02   .9999999  .0002165 -.0002811
T 7190 19 .1519132E+11   2300005E-01 -.2806E+01  .2824E+01   .9999999  .0000183  .0001061
T 7191 19 .1518976E+11   2300006E-01  .6977E+01  .2471E+00   .9999999  .0001262  .0000461
T 7192 19 .1519038E+11   2300013E-01 -.9704E+01  .9873E+01   .9999999 -.0000872  .0000505
T 7193 19 .1518842E+11   2300014E-01  .1060E+02  .2549E+01   .9999999  .0000983 -.0000136
T 7194 19 .1518976E+11   2300013E-01  .9687E+00 -.1626E+01   .9999999  .0001657 -.0003768
T 7195 19 .1519110E+11   2300016E-01 -.6630E+01  .2042E+02   .9999999 -.0000350  .0002575
T 7196 19 .1519065E+11   2300002E-01  .1532E+02 -.2308E+02   .9999999  .0001692 -.0001789
T 7197 19 .1518980E+11   2300019E-01 -.2080E+02 -.4849E+01   .9999999 -.0001141 -.0001264
T 7198 19 .1519147E+11   2300011E-01  .1382E+02  .2340E+01   .9999999  .0000732 -.0000383
T 7199 19 .1519062E+11   2300022E-01 -.8067E+01 -.1612E+02   .9999999 -.0002183 -.0003728
T 7200 19 .1518872E+11   2300021E-01 -.2137E+02 -.2983E+01   .9999999 -.0002098  .0000654
T 7201 19 .1518850E+11   2300000E-01 -.1578E+02 -.3113E+01   .9999999 -.0002478 -.0001360
T 7202 19 .1518939E+11   2300012E-01  .1333E+02 -.1042E+02   .9999999  .0001408 -.0001166
T 7203 19 .1518981E+11   2300005E-01 -.9112E+01  .1940E+01   .9999999 -.0003074  .0000658
T 7204 19 .1518900E+11   2300022E-01  .2028E+02  .3031E+01   .9999999  .0002307  .0000317
T 7205 19 .1519156E+11   2300018E-01 -.1646E+01  .8621E+01   .9999999 -.0000842  .0000878
T 7206 19 .1518966E+11   2300008E-01 -.1584E+02  .8036E+01   .9999999 -.0002089 -.0000344
T 7207 19 .1518924E+11   2300015E-01 -.3474E+02  .1227E+02   .9999999 -.0004429 -.0000031
T 7208 19 .1518953E+11   2300022E-01 -.1307E+02  .9050E+01   .9999999 -.0001901  .0000936
T 7209 19 .1519011E+11   2300014E-01  .1503E+02 -.1560E+02   .9999999  .0000660 -.0001749
T 7210 19 .1519072E+11   2300020E-01  .7330E+01 -.2010E+02   .9999999  .0001126 -.0001144
T 7211 19 .1518864E+11   2300013E-01  .1429E+02  .6508E+01   .9999999  .0002826  .0000842
T 7212 19 .1519069E+11   2300014E-01  .1115E+02  .9937E+01   .9999999  .0001354  .0000875
T 7213 19 .1519030E+11   2300001E-01 -.6348E+01  .9821E+01   .9999999 -.0001990  .0001024
T 7214 19 .1519070E+11   2300015E-01 -.4498E+01 -.2380E+01   .9999999 -.0000593  .0000322
T 7215 19 .1518976E+11   2300000E-01  .3435E+01 -.5944E+01   .9999999  .0000679 -.0001639
T 7216 19 .1518991E+11   2300018E-01 -.1059E+02 -.4410E+01   .9999999 -.0000979 -.0000833
T 7217 19 .1519077E+11   2300010E-01  .6331E+01  .1134E+02   .9999999  .0002412  .0001019
T 7218 19 .1519058E+11   2300003E-01 -.6811E+01 -.5245E+01   .9999999 -.0000021 -.0001044
T 7219 19 .1518977E+11   2300009E-01  .2136E+00 -.3340E+01   .9999999 -.0001079 -.0000142
T 7220 19 .1519019E+11   2300021E-01 -.3802E+01 -.1096E+02   .9999999 -.0001340 -.0001437
T 7221 19 .1518924E+11   2300017E-01  .1023E+02  .4124E+01   .9999999  .0000242  .0000297
T 7222 19 .1518948E+11   2300002E-01 -.6271E+01  .1915E+02   .9999999 -.0000030  .0002460
T 7223 19 .1518967E+11   2300015E-01 -.2093E+02 -.3881E+01   .9999999 -.0002887 -.0000313
T 7224 19 .1519033E+11   2300009E-01 -.4823E+01 -.1393E+02   .9999999  .0000142 -.0002680
T 7225 19 .1518989E+11   2300009E-01 -.7039E+01  .9157E+01   .9999999  .0001145 -.0000016
T 7226 19 .1518933E+11   2300001E-01  .1785E+02 -.2182E+01   .9999999  .0001741 -.0000825
T 7227 19 .1518894E+11   2300009E-01 -.3838E+01 -.9818E+01   .9999999  .0000390 -.0001626
T 7228 19 .1518984E+11   2300012E-01  .1003E+02 -.5938E+01   .9999999  .0001475 -.0001938
T 7229 19 .1519166E+11   2300003E-01 -.5064E+02 -.4595E+02   .9999999 -.0001953 -.0002889
T 7230 19 .1518999E+11   2300001E-01 -.1406E+01 -.7736E+00   .9999999 -.0002128 -.0002413
T 7231 19 .1518809E+11   2300005E-01  .1710E+02 -.6038E+01   .9999999  .0001065 -.0001017
T 7232 19 .1518935E+11   2300014E-01  .1480E+01 -.1066E+02   .9999999  .0001531 -.0001143
T 7233 19 .1519003E+11   2300014E-01  .1277E+01 -.6569E+00   .9999999  .0000451 -.0000142
T 7234 19 .1519068E+11   2300018E-01 -.5595E+01 -.2352E+01   .9999999 -.0000909  .0000362
T 7235 19 .1518997E+11   2300013E-01 -.1063E+02 -.1272E+02   .9999999 -.0001300 -.0001226
T 7236 19 .1518947E+11   2300010E-01  .7797E+01  .3702E+01   .9999999  .0001253 -.0001219
T 7237 19 .1519034E+11   2300018E-01 -.3212E+01 -.5787E+01   .9999999  .0002225 -.0000169
T 7238 19 .1518935E+11   2300000E-01  .7493E+01  .2237E+02   .9999999  .0000339  .0001558
T 7239 19 .1519028E+11   2300021E-01  .5041E+01  .2210E+01   .9999999  .0000324 -.0000610
T 7240 19 .1518960E+11   2300016E-01 -.2215E+02 -.8713E+01   .9999999 -.0002440 -.0001756
T 7241 19 .1519159E+11   2300016E-01 -.1036E+02 -.5009E+01   .9999999 -.0002484 -.0000565
T 7242 19 .1519077E+11   2300004E-01  .1667E+02 -.1857E+00   .9999999  .0001860 -.0001078
T 7243 19 .1518888E+11   2300002E-01  .8261E+01  .2291E+01   .9999999  .0000975  .0000260
T 7244 19 .1518866E+11   2300018E-01 -.3077E+02 -.4164E+02   .9999999 -.0003061 -.0003795
T 7245 19 .1518830E+11   2300021E-01  .7800E+01  .4970E+01   .9999999  .0002000 -.0000580
T 7246 19 .1518941E+11   2300022E-01  .1394E+01 -.1722E+02   .9999999  .0002101 -.0003703
T 7247 19 .1518981E+11   2300002E-01 -.1380E+02  .4012E+01   .9999999  .0000289  .0001281
T 7248 19 .1518988E+11   2300020E-01  .8091E+01 -.6501E+01   .9999999  .0000750 -.0001041
T 7249 19 .1519182E+11   2300017E-01 -.2185E+00 -.9379E+01   .9999999  .0000968 -.0001403
T 7250 19 .1519158E+11   2300019E-01 -.9317E+01  .1087E+02   .9999999 -.0001345  .0001868
T 7251 19 .1519142E+11   2300010E-01 -.2378E+01 -.9938E+01   .9999999  .0000317 -.0000018
T 7252 19 .1519118E+11   2300021E-01  .7641E+01  .1659E+02   .9999999 -.0000328  .0001008
T 7253 19 .1518953E+11   2300006E-01 -.9524E+01 -.1489E+02   .9999999 -.0000275 -.0002655
T 7254 19 .1518884E+11   2300008E-01  .3995E+00  .6516E+01   .9999999 -.0000254  .0000907
T 7255 19 .1518997E+11   2300019E-01 -.6775E+01 -.2851E+02   .9999999 -.0001343 -.0002274
T 7256 19 .1518984E+11   2300023E-01  .2453E+02 -.3611E+01   .9999999  .0003045 -.0000264
T 7257 19 .1519125E+11   2300021E-01 -.1949E+01  .4167E+01   .9999999  .0001210  .0001220
T 7258 19 .1519033E+11   2300022E-01 -.1885E+02  .4314E+01   .9999999 -.0003333  .0000250
T 7259 19 .1519128E+11   2300000E-01 -.6558E+01  .3555E+02   .9999999 -.0001027  .0003530
T 7260 19 .1518966E+11   2300016E-01  .9795E+01  .8939E+01   .9999999  .0002196  .0000775
T 7261 19 .1518980E+11   2300014E-01  .9671E+01 -.1171E+02   .9999999  .0001368 -.0001180
T 7262 19 .1518963E+11   2300006E-01 -.1268E+02 -.1998E+02   .9999999 -.0001772 -.0003233
T 7263 19 .1519087E+11   2300017E-01  .1205E+01 -.3827E+01   .9999999  .0000412  .0001149
T 7264 19 .1519034E+11   2300016E-01 -.1105E+02  .1633E+02   .9999999 -.0002216  .0001916
T 7265 19 .1519079E+11   2300005E-01 -.2835E+01 -.1364E+02   .9999999 -.0000317 -.0001081
T 7266 19 .1518986E+11   2300020E-01 -.1788E+01 -.2466E+02   .9999999 -.0000184 -.0003193
T 7267 19 .1518970E+11   2300004E-01  .1125E+02  .2674E+02   .9999999  .0001018  .0003996
T 7268 19 .1519017E+11   2300017E-01 -.1375E+02  .1993E+01   .9999999 -.0002667 -.0001337
T 7269 19 .1519009E+11   2300006E-01 -.1004E+02  .5740E+01   .9999999 -.0001904  .0000881
T 7270 19 .1518967E+11   2300020E-01 -.2414E+01 -.2629E+01   .9999999 -.0000589 -.0000216
T 7271 19 .1519032E+11   2300018E-01  .3230E+01 -.7509E+01   .9999999  .0000111 -.0001231
T 7272 19 .1519082E+11   2300013E-01  .1034E+01  .3153E+01   .9999999  .0000054  .0001405
T 7273 19 .1518867E+11   2300008E-01 -.2199E+02  .5284E+01   .9999999 -.0003723  .0001226
T 7274 19 .1518976E+11   2300009E-01 -.5089E+01 -.1477E+02   .9999999 -.0000588 -.0001019
T 7275 19 .1519140E+11   2300012E-01  .3318E+02 -.4728E+01   .9999999  .0004536 -.0001911
T 7276 19 .1518914E+11   2300001E-01  .4379E+01  .1095E+02   .9999994  .0000754  .0010871
T 7277 19 .1518915E+11   2300001E-01  .3457E+01 -.1191E+01   .9999999  .0001334 -.0000330
T 7278 19 .1518985E+11   2300009E-01  .3396E+01 -.2997E+02   .9999999  .0000598 -.0003319
T 7279 19 .1518949E+11   2300021E-01  .8587E+01  .1855E+02   .9999999  .0001817  .0001866
T 7280 19 .1519289E+11   2300023E-01 -.2218E+01  .6244E+01   .9999999 -.0001027  .0000667
T 7281 19 .1518978E+11   2300022E-01  .1430E+02 -.1181E+02   .9999999  .0000669 -.0000648
T 7282 19 .1518956E+11   2300009E-01 -.7667E+02 -.4564E+02   .9999993 -.0009450 -.0006740
T 7283 19 .1518979E+11   2300018E-01 -.1878E+01  .1399E+01   .9999999  .0000842  .0000251
T 7284 19 .1519091E+11   2300014E-01  .2056E+02 -.2059E+02   .9999999  .0002326 -.0002868
T 7285 19 .1519099E+11   2300002E-01 -.5812E+02  .1701E+02   .9999998 -.0006592  .0001652
T 7286 19 .1519046E+11   2300015E-01  .2532E+01  .2651E+01   .9999999  .0000331  .0000510
T 7287 19 .1519063E+11   2300006E-01  .1911E+02  .4302E+02   .9999996  .0003301  .0008614
T 7288 19 .1519067E+11   2300011E-01 -.2505E+02  .4890E+00   .9999999 -.0003105  .0002481
T 7289 19 .1519131E+11   2300001E-01  .2956E+01 -.5596E+01   .9999999  .0001635  .0001318
T 7290 19 .1519049E+11   2300014E-01  .6538E+01  .1599E+02   .9999999  .0001621  .0002423
T 7291 19 .1519049E+11   2300016E-01  .5826E+01 -.8440E+01   .9999999 -.0000013 -.0001340
T 7292 19 .1519044E+11   2300018E-01 -.7883E+01  .3641E+00   .9999999 -.0001400  .0000988
T 7293 19 .1519148E+11   2300005E-01 -.1134E+00  .1347E+02   .9999999 -.0000427  .0002198
T 7294 19 .1519128E+11   2300016E-01  .6829E+01 -.3388E+01   .9999999  .0001332  .0000038
T 7295 19 .1519063E+11   2300006E-01  .8033E+01  .1532E+02   .9999999  .0000460  .0000611
T 7296 19 .1519066E+11   2300009E-01  .1723E+01  .1396E+02   .9999999  .0001387  .0001969
T 7297 19 .1519122E+11   2300014E-01  .9808E+00  .7444E+01   .9999999  .0000031  .0001346
T 7298 19 .1518946E+11   2300017E-01  .6478E+01  .1293E+02   .9999999 -.0001429  .0001087
T 7299 19 .1518881E+11   2300012E-01  .1026E+02 -.8053E+01   .9999999  .0000926 -.0002496
T 7300 19 .1519007E+11   2300021E-01  .2673E+02  .2862E+02   .9999999  .0002464  .0003074
T 7301 19 .1518955E+11   2300010E-01 -.3916E+01 -.1632E+02   .9999999 -.0000548 -.0000776
T 7302 19 .1519052E+11   2300018E-01  .4667E+01  .5931E+01   .9999999  .0001209  .0001656
T 7303 19 .1518998E+11   2300015E-01  .2614E+01  .5165E+01   .9999999  .0000515  .0000287
T 7304 19 .1518929E+11   2300017E-01  .2783E+02 -.2166E+01   .9999999  .0005077  .0001058
T 7305 19 .1518933E+11   2300021E-01 -.5166E+01 -.2991E+01   .9999999 -.0000817 -.0001260
T 7306 19 .1519213E+11   2300001E-01 -.2767E+00  .1151E+02   .9999999  .0000150  .0001847
T 7307 19 .1518871E+11   2300022E-01  .1752E+01 -.7925E+01   .9999999  .0000347 -.0001631
T 7308 19 .1519084E+11   2300009E-01  .9398E+01  .5067E+00   .9999999  .0001359 -.0000059
T 7309 19 .1518981E+11   2300000E-01 -.1181E+02  .2127E+02   .9999999 -.0001700  .0000743
T 7310 19 .1519014E+11   2300022E-01 -.1023E+02 -.1912E+01   .9999999 -.0000009 -.0000495
T 7311 19 .1518948E+11   2300019E-01  .3085E+01 -.7761E+01   .9999999  .0001921 -.0000526
T 7312 19 .1518889E+11   2300017E-01 -.3772E+01 -.2388E+01   .9999999 -.0000189 -.0000126
T 7313 19 .1518989E+11   2300001E-01  .7092E+01 -.1393E+02   .9999999  .0001120 -.0002099
T 7314 19 .1519088E+11   2300012E-01  .8109E+01  .1952E+02   .9999999  .0001419  .0003166
T 7315 19 .1519009E+11   2300017E-01 -.1833E+02  .2032E+02   .9999999 -.0003071  .0002883
T 7316 19 .1519002E+11   2300015E-01  .3069E+01  .1356E+02   .9999999  .0001270  .0001303
T 7317 19 .1518992E+11   2300015E-01 -.1603E+00 -.3249E+02   .9999997  .0000588 -.0008068
T 7318 19 .1518951E+11   2300014E-01  .8646E+01  .2279E+02   .9999999  .0000697  .0001099
T 7319 19 .1519008E+11   2300014E-01  .1053E+02  .3087E+02   .9999999 -.0000142  .0003033
T 7320 19 .1518946E+11   2300007E-01 -.1524E+02 -.2810E+02   .9999999 -.0002770 -.0002803
T 7321 19 .1518911E+11   2300018E-01  .2452E+02 -.1320E+02   .9999999  .0002536 -.0002285
T 7322 19 .1518976E+11   2300004E-01  .2248E+01 -.1937E+02   .9999999 -.0000635 -.0002318
T 7323 19 .1518879E+11   2300012E-01  .2587E+02 -.2557E+02   .9999999  .0003331 -.0002728
T 7324 19 .1519029E+11   2300002E-01 -.3314E+01  .1319E+01   .9999999  .0000005 -.0000291
T 7325 19 .1519022E+11   2300007E-01 -.5555E+02 -.2057E+02   .9999993 -.0011485 -.0004020
T 7326 19 .1518848E+11   2300004E-01  .4214E+01 -.1531E+02   .9999999  .0001225 -.0002359
T 7327 19 .1518921E+11   2300012E-01 -.7357E+01  .2558E+02   .9999999 -.0000899  .0001858
T 7328 19 .1518775E+11   2300021E-01  .5675E+01 -.2503E+01   .9999999  .0000742 -.0000146
T 7329 19 .1519068E+11   2300010E-01  .7026E+00  .6542E-01   .9999999 -.0000741  .0001254
T 7330 19 .1519096E+11   2300014E-01 -.1204E+02  .6495E+01   .9999999 -.0001070  .0000804
T 7331 19 .1518984E+11   2300010E-01  .6858E+01 -.7715E+01   .9999999  .0000519 -.0000258
T 7332 19 .1519104E+11   2300018E-01  .2283E+01  .3236E+01   .9999999  .0001540 -.0000579
T 7333 19 .1519124E+11   2300001E-01  .4016E+02  .2551E+02   .9999998  .0004702  .0002976
T 7334 19 .1518919E+11   2300020E-01 -.7814E+01  .5390E+00   .9999999 -.0002014 -.0000305
T 7335 19 .1518920E+11   2300015E-01  .1172E+01 -.5433E+01   .9999999 -.0000741 -.0001642
T 7336 19 .1518974E+11   2300014E-01  .7175E+01 -.3199E+01   .9999999  .0000402 -.0000290
T 7337 19 .1519039E+11   2300007E-01  .2034E+01  .9806E+01   .9999999 -.0000731  .0001456
T 7338 19 .1519031E+11   2300003E-01  .1767E+02  .1074E+02   .9999999  .0001973  .0000927
T 7339 19 .1519074E+11   2300014E-01 -.8446E+01  .3380E+01   .9999999 -.0000144 -.0000254
T 7340 19 .1519000E+11   2300002E-01 -.4574E+01 -.2434E+02   .9999999 -.0000445 -.0002794
T 7341 19 .1518930E+11   2300007E-01  .9628E+01 -.1274E+02   .9999999  .0001279 -.0001321
T 7342 19 .1518848E+11   2300013E-01  .6915E+01 -.3459E+01   .9999999  .0000397 -.0000607
T 7343 19 .1519079E+11   2300009E-01  .1334E+01 -.1103E+02   .9999999 -.0000760 -.0002941
T 7344 19 .1519033E+11   2300019E-01 -.2633E+02  .1924E+02   .9999999 -.0004392  .0001625
T 7345 19 .1518941E+11   2300012E-01  .8763E+01 -.1307E+02   .9999999  .0002853 -.0002015
T 7346 19 .1518783E+11   2300013E-01  .2679E+01 -.5712E+00   .9999999  .0000291  .0000444
T 7347 19 .1518969E+11   2300005E-01  .1050E+01  .3206E+02   .9999999  .0000275  .0004649
T 7348 19 .1519025E+11   2300009E-01 -.1413E+01 -.1305E+02   .9999999  .0000347 -.0001301
T 7349 19 .1518970E+11   2300023E-01 -.1076E+02  .4153E+01   .9999999 -.0001533  .0000001
T 7350 19 .1519048E+11   2300004E-01 -.1257E+02 -.2306E+02   .9999999 -.0001320 -.0003189
T 7351 19 .1519167E+11   2300006E-01 -.9678E+01  .1963E+02   .9999999 -.0000648  .0003195
T 7352 19 .1519033E+11   2300012E-01  .4469E+00  .1051E+02   .9999999  .0001160  .0000596
T 7353 19 .1519105E+11   2300007E-01 -.3743E+01 -.8627E+01   .9999999  .0000351 -.0001243
T 7354 19 .1519000E+11   2300020E-01 -.2052E+01 -.1576E+02   .9999999 -.0001705 -.0002319
T 7355 19 .1519062E+11   2300022E-01  .4777E+00 -.4682E+01   .9999999  .0001134  .0000048
T 7356 19 .1519007E+11   2300018E-01 -.5292E+01  .3096E+01   .9999999 -.0000406 -.0000305
T 7357 19 .1519052E+11   2300023E-01 -.1078E+02  .2249E+01   .9999999 -.0000599  .0000199
T 7358 19 .1518873E+11   2300008E-01  .1133E+01 -.2034E+02   .9999999 -.0001551 -.0003514
T 7359 19 .1519045E+11   2300011E-01 -.4717E+01 -.1972E+01   .9999999 -.0001325 -.0000727
T 7360 19 .1519111E+11   2300003E-01 -.2203E+02 -.1705E+02   .9999999 -.0002811 -.0001753
T 7361 19 .1518971E+11   2300010E-01  .2432E+01  .3037E+01   .9999999  .0000892 -.0000705
T 7362 19 .1519003E+11   2300010E-01  .1339E+01  .5047E+01   .9999999 -.0000184  .0001182
T 7363 19 .1519059E+11   2300010E-01 -.9800E+01  .1512E+01   .9999999 -.0001036 -.0000917
T 7364 19 .1518887E+11   2300002E-01  .6604E+01 -.9232E+01   .9999999 -.0000123 -.0001093
T 7365 19 .1519143E+11   2300016E-01  .9152E+01  .9472E+01   .9999999  .0002180  .0000657
T 7366 19 .1519084E+11   2300017E-01 -.8997E+01  .8354E+01   .9999999 -.0003166  .0001249
T 7367 19 .1519071E+11   2300020E-01 -.2928E+02 -.9585E+01   .9999999 -.0004031 -.0000921
T 7368 19 .1518856E+11   2300013E-01  .7182E+01 -.2236E+02   .9999999  .0000705 -.0005145
T 7369 19 .1519130E+11   2300016E-01  .9314E+01 -.4928E+01   .9999999  .0000210 -.0000837
T 7370 19 .1519057E+11   2300022E-01  .6545E+01 -.4637E+01   .9999999  .0000877 -.0001038
T 7371 19 .1519130E+11   2300018E-01  .6390E+01 -.2673E+01   .9999999  .0000524 -.0001835
T 7372 19 .1519021E+11   2300021E-01  .8287E+01  .2522E+01   .9999999  .0002200 -.0000705
T 7373 19 .1518985E+11   2300022E-01 -.7299E+01  .1060E+02   .9999999 -.0000973  .0000425
T 7374 19 .1518997E+11   2300019E-01 -.2603E+02 -.3346E+01   .9999998 -.0006997 -.0000025
T 7375 19 .1518914E+11   2300018E-01  .1026E+02 -.2758E+01   .9999999  .0001034  .0000948
T 7376 19 .1519034E+11   2300016E-01  .5554E+01  .1786E+02   .9999999  .0001101  .0001928
T 7377 19 .1518991E+11   2300018E-01 -.1161E+00  .4394E+01   .9999999  .0000061  .0000609
T 7378 19 .1519006E+11   2300008E-01  .1487E+01  .5516E+01   .9999999 -.0000162  .0001034
T 7379 19 .1519008E+11   2300000E-01  .1300E+02 -.7506E+01   .9999999  .0002184 -.0001269
T 7380 19 .1518889E+11   2300016E-01  .8579E+01 -.8008E+01   .9999999  .0001187 -.0000614
T 7381 19 .1519048E+11   2300022E-01  .3252E+01 -.1108E+02   .9999999  .0000800 -.0000615
T 7382 19 .1518970E+11   2300003E-01  .3228E+02  .1900E+02   .9999999  .0001877  .0002472
T 7383 19 .1519061E+11   2300020E-01  .8137E+01  .1145E+02   .9999999  .0001611  .0000845
T 7384 19 .1519073E+11   2300015E-01 -.1893E+01  .1668E+02   .9999999 -.0000129 -.0000823
T 7385 19 .1519195E+11   2300013E-01  .1273E+02 -.6057E+01   .9999999  .0001250 -.0002061
T 7386 19 .1518891E+11   2300005E-01 -.3054E+02  .2621E+01   .9999999 -.0003234 -.0000507
T 7387 19 .1519050E+11   2300018E-01  .9979E+01 -.3343E+01   .9999999  .0001507 -.0000838
T 7388 19 .1518863E+11   2300001E-01  .1041E+02  .3528E+01   .9999999  .0001805  .0000147
T 7389 19 .1518973E+11   2300005E-01 -.6461E+01  .1089E+02   .9999999 -.0000294  .0003189
T 7390 19 .1518907E+11   2300020E-01  .1001E+02  .2760E+01   .9999999  .0002732  .0000992
T 7391 19 .1518987E+11   2300021E-01  .1667E+02 -.1497E+02   .9999999  .0001722 -.0001879
T 7392 19 .1518970E+11   2300004E-01 -.8574E+02  .7252E+02   .9999994 -.0008319  .0006854
T 7393 19 .1518847E+11   2300018E-01 -.1018E+02 -.2137E+02   .9999999 -.0001030 -.0003117
T 7394 19 .1519003E+11   2300006E-01  .2187E+02 -.7984E+01   .9999999  .0000880 -.0000358
T 7395 19 .1518984E+11   2300021E-01  .1770E+01  .1246E+02   .9999999  .0001112 -.0000118
T 7396 19 .1519048E+11   2300019E-01  .4756E+01  .2365E+02   .9999999  .0000396  .0001955
T 7397 19 .1518987E+11   2300021E-01 -.1429E+02  .1168E+01   .9999999 -.0001876  .0000371
T 7398 19 .1519044E+11   2300019E-01  .1369E+02  .5622E+01   .9999999  .0003017  .0000721
T 7399 19 .1519042E+11   2300020E-01  .2000E+01  .1987E+01   .9999999  .0000024  .0000071
T 7400 19 .1519096E+11   2300022E-01 -.1344E+02  .4167E+01   .9999999 -.0001208  .0000848
T 7401 19 .1518958E+11   2300017E-01 -.5244E+01 -.2362E+00   .9999999  .0000449  .0000148
T 7402 19 .1519022E+11   2300020E-01  .1018E+02 -.3258E+00   .9999999 -.0000992 -.0000205
T 7403 19 .1518918E+11   2300010E-01 -.2291E+01 -.5109E+01   .9999999 -.0000369 -.0000435
T 7404 19 .1519080E+11   2300020E-01 -.7231E+00 -.6771E+01   .9999999  .0000640 -.0001263
T 7405 19 .1519100E+11   2300020E-01 -.2358E+01 -.6395E+01   .9999999  .0000382 -.0002576
T 7406 19 .1519005E+11   2300008E-01  .7232E+01 -.1229E+02   .9999999  .0000781  .0000041
T 7407 19 .1518809E+11   2300020E-01 -.9781E+01 -.6353E+01   .9999999 -.0001771 -.0001354
T 7408 19 .1519069E+11   2300017E-01 -.6380E+01  .1219E+00   .9999999 -.0000373  .0001409
T 7409 19 .1519081E+11   2300005E-01  .1535E+02 -.1979E+02   .9999999  .0001625 -.0001400
T 7410 19 .1519147E+11   2300010E-01 -.9308E+01  .1657E+02   .9999999 -.0001184  .0000720
T 7411 19 .1519011E+11   2300006E-01 -.6758E+01  .4167E+01   .9999999 -.0001541  .0001188
T 7412 19 .1518952E+11   2300010E-01 -.3047E+01  .1751E+02   .9999999 -.0001511  .0001105
T 7413 19 .1518952E+11   2300021E-01 -.1082E+02 -.6570E+01   .9999999 -.0001254 -.0000233
T 7414 19 .1518955E+11   2300017E-01  .7947E+00 -.1133E+02   .9999999  .0000155 -.0001278
T 7415 19 .1519110E+11   2300020E-01 -.7977E+01 -.6026E+01   .9999999 -.0002245 -.0001201
T 7416 19 .1519063E+11   2300020E-01  .1078E+02 -.1542E+01   .9999999  .0002070 -.0001090
T 7417 19 .1518863E+11   2300018E-01 -.2733E+01 -.1162E+02   .9999999  .0001446 -.0001215
T 7418 19 .1519041E+11   2300014E-01  .7590E+01  .1438E+02   .9999999  .0000440  .0000984
T 7419 19 .1518933E+11   2300017E-01 -.7313E+01  .1276E+02   .9999999  .0000557  .0001232
T 7420 19 .1519013E+11   2300004E-01 -.1575E+02  .8319E+01   .9999999 -.0001136  .0000778
T 7421 19 .1518826E+11   2300017E-01  .8934E-01  .4057E+01   .9999999 -.0000556 -.0000097
T 7422 19 .1519058E+11   2300013E-01  .4033E+01  .1792E+01   .9999999 -.0001606  .0000036
T 7423 19 .1518937E+11   2300011E-01 -.1237E+02 -.1009E+02   .9999999 -.0001414 -.0001303
T 7424 19 .1519135E+11   2300004E-01  .1258E+01 -.6663E+01   .9999999  .0000754 -.0001193
T 7425 19 .1519137E+11   2300021E-01  .9210E+01  .1064E+01   .9999999  .0001974 -.0000783
T 7426 19 .1518912E+11   2300004E-01  .2273E+02  .1943E+02   .9999999  .0003244  .0000198
T 7427 19 .1519000E+11   2300016E-01  .5904E+01 -.5687E+01   .9999999  .0000908 -.0001167
T 7428 19 .1518954E+11   2300007E-01 -.6681E+01 -.8351E+00   .9999999 -.0000916  .0000198
T 7429 19 .1518986E+11   2300016E-01  .9611E+01 -.1059E+02   .9999999  .0000644 -.0000636
T 7430 19 .1518933E+11   2300022E-01 -.8372E+01 -.1044E+02   .9999999 -.0000525 -.0001709
T 7431 19 .1518984E+11   2300023E-01  .4547E+01 -.7911E+01   .9999999  .0000225 -.0001582
T 7432 19 .1518982E+11   2300023E-01 -.1656E+02  .1519E+02   .9999999 -.0001308 -.0001914
T 7433 19 .1519070E+11   2300008E-01 -.2306E+02 -.1712E+02   .9999999 -.0002107 -.0001707
T 7434 19 .1519027E+11   2300004E-01 -.5260E+01  .1975E+01   .9999999  .0000528 -.0000255
T 7435 19 .1519019E+11   2300017E-01  .1755E+01 -.9044E+01   .9999999 -.0000593 -.0001076
T 7436 19 .1519024E+11   2300011E-01 -.2017E+02  .2213E+02   .9999999 -.0001355  .0002468
T 7437 19 .1518936E+11   2300015E-01  .9282E+01  .7356E+01   .9999999  .0001710 -.0000183
T 7438 19 .1519043E+11   2300020E-01 -.1628E+02  .1874E+02   .9999999 -.0001683  .0002627
T 7439 19 .1519088E+11   2300019E-01  .9752E+01 -.1252E+02   .9999999  .0001896 -.0001511
T 7440 19 .1519061E+11   2300021E-01 -.9385E+00 -.4932E+01   .9999999 -.0000518 -.0001281
T 7441 19 .1518982E+11   2300003E-01  .6508E+01 -.5949E+02   .9999990  .0001748 -.0013839
T 7442 19 .1519018E+11   2300016E-01  .8303E+01 -.4909E+01   .9999999  .0000393 -.0000770
T 7443 19 .1518880E+11   2300021E-01 -.1400E+01 -.1124E+02   .9999999 -.0001286 -.0000739
T 7444 19 .1519088E+11   2300020E-01  .1066E+02  .1699E+02   .9999999  .0001827  .0001871
T 7445 19 .1518886E+11   2300004E-01 -.2763E+01  .8533E+01   .9999999 -.0000645  .0001018
T 7446 19 .1518846E+11   2300014E-01  .1312E+01 -.1061E+02   .9999999  .0000609 -.0003159
T 7447 19 .1518990E+11   2300010E-01 -.3109E+01  .5285E+01   .9999999  .0000121  .0000865
T 7448 19 .1519109E+11   2300018E-01 -.3051E+01 -.1025E+02   .9999999 -.0001206 -.0001574
T 7449 19 .1518965E+11   2300009E-01  .2855E+00  .5373E+00   .9999999 -.0000030 -.0000158
T 7450 19 .1518888E+11   2300021E-01  .3957E+00 -.1978E+01   .9999999 -.0000246 -.0000541
T 7451 19 .1519076E+11   2300023E-01  .2561E+02 -.1295E+02   .9999998  .0005617 -.0003464
T 7452 19 .1519057E+11   2300020E-01  .6476E+01 -.9252E+00   .9999999  .0001062  .0000586
T 7453 19 .1518747E+11   2300019E-01  .5386E+03 -.2003E+03   .9999696  .0073212 -.0026798
T 7454 19 .1518973E+11   2300016E-01 -.7742E+01  .8547E+01   .9999999 -.0001080  .0001102
T 7455 19 .1518854E+11   2300007E-01 -.1741E+02  .3231E+00   .9999999 -.0003750  .0000418
T 7456 19 .1519024E+11   2300011E-01 -.9469E+01 -.1041E+02   .9999999 -.0003182 -.0002339
T 7457 19 .1518882E+11   2300014E-01  .6408E+00 -.6592E+01   .9999999 -.0000039 -.0001222
T 7458 19 .1518843E+11   2300009E-01  .5573E+01  .1051E+02   .9999999  .0002093  .0001127
T 7459 19 .1519004E+11   2300021E-01  .1096E+02  .4357E+01   .9999999  .0001765  .0000546
T 7460 19 .1519023E+11   2300005E-01 -.9480E+01 -.7285E+01   .9999999 -.0000741 -.0000730
T 7461 19 .1518922E+11   2300021E-01  .1211E+02  .4477E+01   .9999999  .0000486 -.0001361
T 7462 19 .1518804E+11   2300004E-01 -.1111E+02 -.1061E+02   .9999999 -.0001868 -.0001354
T 7463 19 .1518843E+11   2300020E-01  .1395E+02  .8812E+01   .9999999  .0002286  .0002013
T 7464 19 .1518990E+11   2300019E-01 -.5085E+01  .5007E+01   .9999999  .0000527  .0001526
T 7465 19 .1518900E+11   2300019E-01 -.4524E+01  .3110E+01   .9999999 -.0000091 -.0000047
T 7466 19 .1519165E+11   2300009E-01  .2025E+00  .6159E+01   .9999999 -.0000144  .0000394
T 7467 19 .1518962E+11   2300009E-01 -.2065E+02 -.1327E+02   .9999999 -.0002474 -.0002215
T 7468 19 .1519158E+11   2300019E-01  .1308E+02 -.6837E+01   .9999999  .0000299 -.0002002
T 7469 19 .1519004E+11   2300020E-01  .1145E+02 -.9702E+01   .9999999  .0001931 -.0001633
T 7470 19 .1519118E+11   2300016E-01 -.1684E+02  .7164E+01   .9999999 -.0003446  .0001057
T 7471 19 .1519061E+11   2300019E-01  .1394E+02  .1644E+02   .9999999  .0000728  .0000246
T 7472 19 .1518935E+11   2300022E-01  .7677E+00  .3095E+02   .9999999 -.0000520  .0002572
T 7473 19 .1518971E+11   2300023E-01 -.1011E+02  .2543E+02   .9999999 -.0002240  .0003364
T 7474 19 .1518917E+11   2300023E-01 -.1411E+02  .1057E+02   .9999999 -.0000233  .0001350
T 7475 19 .1518966E+11   2300022E-01 -.1341E+02  .3868E+01   .9999999 -.0001368  .0002249
T 7476 19 .1518957E+11   2300010E-01 -.6011E+01 -.5080E+01   .9999999  .0000469 -.0000853
T 7477 19 .1518997E+11   2300021E-01 -.1528E+01  .3283E+01   .9999999 -.0000138  .0000550
T 7478 19 .1519085E+11   2300001E-01 -.1139E+02  .1325E+02   .9999999 -.0003190  .0002259
T 7479 19 .1518899E+11   2300019E-01 -.9632E+01 -.1376E+01   .9999999 -.0001768 -.0000931
T 7480 19 .1519108E+11   2300003E-01 -.4322E+01  .5743E+01   .9999999 -.0001082 -.0001353
T 7481 19 .1518864E+11   2300001E-01  .1075E+02  .1742E+02   .9999999  .0000669  .0003409
T 7482 19 .1518954E+11   2300018E-01 -.5310E+01 -.5399E+01   .9999999 -.0000447 -.0000759
T 7483 19 .1519091E+11   2300022E-01  .2227E+02  .3141E+02   .9999999  .0002662  .0002115
T 7484 19 .1518934E+11   2300007E-01 -.7120E+01  .1498E+02   .9999999 -.0001911  .0004640
T 7485 19 .1519045E+11   2300021E-01  .2631E+01 -.1404E+02   .9999999  .0000478 -.0001332
T 7486 19 .1518963E+11   2300022E-01  .3367E+01  .1441E+02   .9999999  .0001478  .0001964
T 7487 19 .1519030E+11   2300005E-01 -.1461E+02 -.3838E+02   .9999999 -.0001975 -.0004890
T 7488 19 .1518930E+11   2300011E-01  .6532E+01 -.4201E+01   .9999999  .0000293 -.0000725
T 7489 19 .1518941E+11   2300017E-01  .1283E+02  .9695E+01   .9999999  .0002779  .0001559
T 7490 19 .1519046E+11   2300006E-01  .2428E+01  .7873E+01   .9999999  .0001406  .0000375
T 7491 19 .1518919E+11   2300001E-01 -.2716E+01 -.4120E+01   .9999999 -.0000763 -.0001538
T 7492 19 .1519086E+11   2300010E-01 -.1922E+02 -.8669E+01   .9999999 -.0001700 -.0000702
T 7493 19 .1519037E+11   2300004E-01 -.9396E+01  .1282E+01   .9999999 -.0000879 -.0002147
T 7494 19 .1518996E+11   2300020E-01  .9665E+01  .7862E+00   .9999999  .0001320 -.0000099
T 7495 19 .1519041E+11   2300021E-01  .4945E+01  .9187E+01   .9999999  .0002055  .0000746
T 7496 19 .1519060E+11   2300001E-01 -.3541E+01  .2916E+01   .9999999  .0000439  .0000357
T 7497 19 .1518971E+11   2300009E-01 -.7940E+01 -.1557E+02   .9999999 -.0001036 -.0002607
T 7498 19 .1518901E+11   2300023E-01  .3688E+01  .2378E+01   .9999999  .0001625 -.0000031
T 7499 19 .1518848E+11   2300002E-01  .6641E+01  .1783E+02   .9999999  .0001089  .0003432
T 7500 19 .1519059E+11   2300000E-01 -.1255E+01  .1745E+02   .9999999  .0000050  .0000194
T 7501 19 .1518916E+11   2300019E-01  .3482E+01  .2255E+02   .9999999  .0000306  .0001300
T 7502 19 .1518979E+11   2300002E-01 -.4618E+01 -.9348E+01   .9999999 -.0000796  .0000180
T 7503 19 .1518986E+11   2300019E-01 -.1837E+02  .3268E+01   .9999999 -.0001616  .0001975
T 7504 19 .1519013E+11   2300021E-01 -.3123E+01  .5776E+01   .9999999  .0000488  .0002539
T 7505 19 .1519031E+11   2300004E-01  .8316E+01 -.9369E+00   .9999999 -.0000164 -.0000633
T 7506 19 .1519182E+11   2300001E-01 -.5260E+02  .3015E+02   .9999999 -.0003460  .0002845
T 7507 19 .1518992E+11   2300020E-01 -.1396E+00  .5774E+01   .9999999  .0000605  .0000580
T 7508 19 .1518990E+11   2300004E-01  .5239E+01 -.2386E+01   .9999999  .0000203 -.0000724
T 7509 19 .1518988E+11   2300005E-01  .3095E+01 -.3481E+01   .9999999  .0000239  .0000282
T 7510 19 .1518947E+11   2300017E-01  .4897E+01 -.2430E+01   .9999999  .0000872  .0000388
T 7511 19 .1518920E+11   2300001E-01 -.4963E+01  .1185E+02   .9999999 -.0000744  .0000939
T 7512 19 .1519061E+11   2300009E-01  .8919E+00 -.3668E+01   .9999999  .0001124 -.0001087
T 7513 19 .1519041E+11   2300014E-01  .1593E+01  .2828E+01   .9999999 -.0000447  .0002957
T 7514 19 .1518914E+11   2300022E-01 -.1100E+02  .9669E+01   .9999999 -.0001114  .0002292
T 7515 19 .1519028E+11   2300021E-01 -.2261E+01  .7663E+01   .9999999 -.0000301  .0000873
T 7516 19 .1519024E+11   2300009E-01  .4299E+01  .5713E+01   .9999999  .0001030 -.0000477
T 7517 19 .1519080E+11   2300001E-01 -.1721E+01  .2128E+02   .9999999  .0002083  .0002132
T 7518 19 .1519189E+11   2300015E-01 -.2130E+01  .3023E+01   .9999999 -.0000458 -.0000175
T 7519 19 .1519028E+11   2300003E-01 -.1360E+02 -.1556E+02   .9999999 -.0002280 -.0001051
T 7520 19 .1518869E+11   2300020E-01 -.1296E+02 -.2630E+02   .9999999 -.0002211 -.0003697
T 7521 19 .1519058E+11   2300019E-01 -.1315E+02  .1125E+02   .9999999 -.0003202  .0001622
T 7522 19 .1519070E+11   2300018E-01 -.5564E+01  .2618E+01   .9999999 -.0000335  .0000333
T 7523 19 .1519133E+11   2300015E-01  .4815E+01  .1832E+02   .9999999  .0001917  .0002279
T 7524 19 .1518967E+11   2300002E-01 -.2159E+02 -.2998E+02   .9999999 -.0001442 -.0001959
T 7525 19 .1519147E+11   2300008E-01 -.1139E+02 -.6889E+01   .9999999 -.0000719 -.0001425
T 7526 19 .1519050E+11   2300003E-01  .2993E+00  .1653E+02   .9999999 -.0003099  .0001607
T 7527 19 .1519062E+11   2300012E-01  .2150E+02 -.3499E+01   .9999999  .0001833 -.0000386
T 7528 19 .1518837E+11   2300014E-01 -.8599E+01 -.4567E+01   .9999999 -.0000521 -.0001741
T 7529 19 .1519014E+11   2300015E-01  .1133E+02 -.4374E+01   .9999999  .0000634 -.0001170
T 7530 19 .1519139E+11   2300001E-01 -.9993E+01 -.3776E+01   .9999999 -.0003124 -.0000545
T 7531 19 .1519139E+11   2300009E-01 -.1486E+02 -.1297E+02   .9999999 -.0003181 -.0001548
T 7532 19 .1518757E+11   2300017E-01  .3410E+01 -.1512E+02   .9999999  .0001948 -.0001288
T 7533 19 .1518957E+11   2300006E-01 -.4488E+01  .1210E+02   .9999999 -.0001018  .0000781
T 7534 19 .1518890E+11   2300002E-01  .1515E+02  .5190E+01   .9999999  .0002375  .0002084
T 7535 19 .1518972E+11   2300012E-01  .2955E+01  .1657E+02   .9999999 -.0000471  .0001918
T 7536 19 .1519007E+11   2300000E-01 -.3087E+00  .5671E+01   .9999999  .0000121  .0000044
T 7537 19 .1519104E+11   2300000E-01 -.1165E+01  .1003E+02   .9999999 -.0000257  .0000101
T 7538 19 .1519062E+11   2300000E-01  .3589E+02  .2563E+02   .9999999  .0003582  .0002079
T 7539 19 .1519062E+11   2300010E-01 -.1112E+02 -.1136E+02   .9999999  .0000390 -.0001284
T 7540 19 .1518896E+11   2300005E-01 -.7637E+00  .1133E+02   .9999999  .0000247  .0000640
T 7541 19 .1519023E+11   2300001E-01 -.2458E+02 -.1262E+02   .9999999 -.0002567 -.0000781
T 7542 19 .1518909E+11   2300021E-01 -.7475E-01 -.2147E+01   .9999999 -.0000734  .0001008
T 7543 19 .1518960E+11   2300004E-01 -.3148E+01 -.1722E+02   .9999999  .0000670 -.0002233
T 7544 19 .1518976E+11   2300021E-01 -.1820E+01  .2107E+02   .9999999  .0000042  .0001948
T 7545 19 .1518873E+11   2300002E-01 -.1191E+01 -.6466E+01   .9999999  .0000746 -.0001236
T 7546 19 .1519213E+11   2300008E-01  .1663E+01 -.9676E+01   .9999999 -.0000214  .0001235
T 7547 19 .1518842E+11   2300018E-01  .1363E+01 -.2120E+02   .9999999  .0001748 -.0000341
T 7548 19 .1518952E+11   2300002E-01 -.8609E+01  .1127E+02   .9999999 -.0001025  .0001043
T 7549 19 .1518926E+11   2300000E-01  .2034E+02  .1289E+02   .9999999  .0002477  .0002084
T 7550 19 .1519033E+11   2300021E-01  .1495E+02 -.1170E+02   .9999999  .0001478  .0000513
T 7551 19 .1519048E+11   2300001E-01  .5095E+01 -.1280E+02   .9999999 -.0000813  .0000241
T 7552 19 .1519107E+11   2300013E-01  .6224E+02  .2139E+02   .9999997  .0007849  .0002678
T 7553 19 .1518860E+11   2300009E-01  .1988E+02  .1292E+02   .9999999  .0001821  .0001947
T 7554 19 .1519109E+11   2300018E-01 -.3755E+01  .2687E+02   .9999999  .0001087  .0003662
T 7555 19 .1518993E+11   2300014E-01 -.5052E+01  .7259E+01   .9999999 -.0001090  .0000385
T 7556 19 .1518903E+11   2300010E-01 -.1980E+02 -.2719E+02   .9999999 -.0000420 -.0001892
T 7557 19 .1519054E+11   2300013E-01  .9907E+00 -.9345E+01   .9999999 -.0000443 -.0000407
T 7558 19 .1518973E+11   2300013E-01  .1187E+02 -.4873E+01   .9999999  .0000719 -.0001030
T 7559 19 .1519038E+11   2300016E-01 -.6071E+01 -.1806E+02   .9999999 -.0000639 -.0001830
T 7560 19 .1518962E+11   2300014E-01  .9605E+01  .1023E+02   .9999999  .0001458  .0001575
T 7561 19 .1519074E+11   2300005E-01  .5452E+01 -.1508E+02   .9999999 -.0000837 -.0000982
T 7562 19 .1519112E+11   2300018E-01 -.7512E+01  .1382E+01   .9999999 -.0001069  .0000519
T 7563 19 .1519044E+11   2300012E-01 -.7522E+01 -.9484E+00   .9999999 -.0001171 -.0000817
T 7564 19 .1518945E+11   2300017E-01  .9393E+01 -.1944E+01   .9999999  .0001172 -.0000583
T 7565 19 .1518972E+11   2300001E-01 -.1149E+01  .2710E+00   .9999999 -.0000043 -.0000202
T 7566 19 .1519067E+11   2300022E-01 -.1666E+02  .1625E+02   .9999999 -.0002725  .0000608
T 7567 19 .1518926E+11   2300004E-01 -.4390E+01  .4506E+02   .9999999  .0001932  .0000949
T 7568 19 .1518976E+11   2300002E-01  .2196E+02 -.1836E+02   .9999999  .0001341 -.0004185
T 7569 19 .1519002E+11   2300006E-01  .4094E+01  .3611E+01   .9999999  .0000661  .0000033
T 7570 19 .1519165E+11   2300021E-01 -.1680E+02  .3015E+01   .9999999 -.0001882  .0000932
T 7571 19 .1519013E+11   2300013E-01  .3947E+01  .3647E+02   .9999999 -.0000213  .0003259
T 7572 19 .1519003E+11   2300022E-01 -.6232E+00  .1733E+02   .9999999 -.0000271  .0002250
T 7573 19 .1519140E+11   2300001E-01 -.9289E+01  .7244E+01   .9999999 -.0001600  .0001180
T 7574 19 .1519037E+11   2300015E-01 -.4758E+01 -.4518E+01   .9999999 -.0001467 -.0001967
T 7575 19 .1519067E+11   2300017E-01  .2592E+01  .1203E+01   .9999999  .0000850 -.0000008
T 7576 19 .1518883E+11   2300017E-01  .2202E+02  .8208E+01   .9999999  .0002051  .0001105
T 7577 19 .1519016E+11   2300020E-01  .1197E+03  .7989E+01   .9999992  .0012614  .0001026
T 7578 19 .1519056E+11   2300022E-01 -.3057E+00  .1800E+01   .9999999 -.0000548 -.0000071
T 7579 19 .1518951E+11   2300020E-01  .8931E+01  .7975E+00   .9999999  .0000604  .0000077
T 7580 19 .1519000E+11   2300001E-01 -.3189E+01  .1976E+02   .9999999 -.0000268  .0002560
T 7581 19 .1518938E+11   2300015E-01 -.5795E+01 -.1221E+02   .9999999 -.0000921 -.0002676
T 7582 19 .1518965E+11   2300022E-01 -.8833E+01  .9307E+01   .9999999 -.0000619  .0000173
T 7583 19 .1518865E+11   2300017E-01 -.2779E+01 -.9205E+00   .9999999 -.0001364 -.0000755
T 7584 19 .1519056E+11   2300012E-01  .2426E+02  .5258E+01   .9999999  .0002524 -.0000222
T 7585 19 .1519016E+11   2300007E-01  .4876E+01 -.1056E+02   .9999999 -.0000441 -.0000870
T 7586 19 .1519181E+11   2300013E-01 -.2673E+02 -.2420E+02   .9999999 -.0002422 -.0001246
T 7587 19 .1519161E+11   2300011E-01 -.6581E+01 -.1014E+01   .9999999 -.0000743 -.0000976
T 7588 19 .1518776E+11   2300008E-01  .2018E+01  .6518E+01   .9999999  .0000412  .0000166
T 7589 19 .1518986E+11   2300003E-01  .6585E+01 -.1965E+02   .9999999  .0001065 -.0000480
T 7590 19 .1518990E+11   2300011E-01  .1839E+01  .2329E+01   .9999999  .0001230  .0000194
T 7591 19 .1519071E+11   2300017E-01  .4378E+01  .6107E+01   .9999999  .0001222  .0000162
T 7592 19 .1519099E+11   2300000E-01  .1165E+02  .2453E+01   .9999999  .0001718  .0000984
T 7593 19 .1518965E+11   2300013E-01  .2914E+01  .1099E+02   .9999999 -.0000140  .0001462
T 7594 19 .1519003E+11   2300018E-01  .7421E+02 -.8095E+01   .9999997  .0007754 -.0000019
T 7595 19 .1518959E+11   2300005E-01 -.1147E+02  .5265E+01   .9999999 -.0001482  .0000443
T 7596 19 .1518980E+11   2300008E-01  .5434E+01 -.1692E+01   .9999999  .0000343  .0000082
T 7597 19 .1518798E+11   2300015E-01 -.1181E+02 -.2682E-01   .9999999 -.0002340  .0000786
T 7598 19 .1519120E+11   2300003E-01 -.1297E+02  .3000E+01   .9999999 -.0002092 -.0001073
T 7599 19 .1519136E+11   2300020E-01 -.5706E+01  .5340E+01   .9999999 -.0001531 -.0001625
T 7600 19 .1519077E+11   2300005E-01  .1496E+01  .7814E+01   .9999999 -.0000315  .0000416
T 7601 19 .1519031E+11   2300014E-01 -.1507E+02  .6111E+01   .9999999 -.0001509  .0000084
T 7602 19 .1518920E+11   2300010E-01  .6737E+01 -.4240E+01   .9999999 -.0000399  .0001080
T 7603 19 .1519034E+11   2300005E-01  .2169E+01  .1316E+01   .9999999  .0000250  .0000325
T 7604 19 .1519031E+11   2300022E-01 -.9023E+01 -.2678E+02   .9999999 -.0000285 -.0004214
T 7605 19 .1519211E+11   2300019E-01 -.6024E+01 -.1133E+02   .9999999 -.0001862 -.0003209
T 7606 19 .1518876E+11   2300016E-01 -.2803E+01  .1334E+02   .9999999 -.0001160  .0002164
T 7607 19 .1518976E+11   2300022E-01  .6454E+01 -.1141E+02   .9999999 -.0000166 -.0001032
T 7608 19 .1519047E+11   2300001E-01  .3147E+01 -.7274E+01   .9999999  .0000300 -.0000863
T 7609 19 .1519024E+11   2300017E-01  .1092E+02  .1284E+02   .9999999  .0000772  .0001579
T 7610 19 .1519004E+11   2300002E-01  .7881E+01  .2949E+02   .9999999  .0001118  .0002979
T 7611 19 .1519077E+11   2300013E-01 -.9436E+01 -.1274E+00   .9999999 -.0000754  .0000217
T 7612 19 .1518885E+11   2300007E-01 -.1649E+02  .3982E+01   .9999999 -.0000717 -.0000185
T 7613 19 .1519074E+11   2300007E-01 -.1192E+01  .6381E-01   .9999999 -.0000784 -.0000676
T 7614 19 .1518951E+11   2300012E-01 -.2590E+02 -.5812E+02   .9999991 -.0006538 -.0011904
T 7615 19 .1518919E+11   2300019E-01  .2886E+01 -.2129E+01   .9999999  .0001096 -.0000937
T 7616 19 .1518904E+11   2300009E-01  .9977E+01  .7857E+01   .9999999  .0002935  .0000644
T 7617 19 .1518895E+11   2300012E-01 -.8498E+01  .1330E+01   .9999999 -.0000066  .0000618
T 7618 19 .1518963E+11   2300006E-01 -.2654E+02  .1327E+02   .9999999 -.0003155  .0001538
T 7619 19 .1519046E+11   2300018E-01 -.3830E+02  .1059E+02   .9999999 -.0003714 -.0000158
T 7620 19 .1519093E+11   2300013E-01  .2248E+01  .2500E+01   .9999999 -.0000056 -.0000126
T 7621 19 .1518994E+11   2300010E-01 -.1120E+02 -.2598E+01   .9999999 -.0001077 -.0000971
T 7622 19 .1519004E+11   2300021E-01  .7136E+01  .6144E+01   .9999999  .0000743  .0000926
T 7623 19 .1519011E+11   2300009E-01 -.5455E+01  .8771E+01   .9999999  .0000105  .0001256
T 7624 19 .1518977E+11   2300021E-01  .1925E+02 -.4939E+01   .9999999  .0003872 -.0000325
T 7625 19 .1518877E+11   2300014E-01  .4649E+01 -.1246E+02   .9999999  .0000602 -.0000261
T 7626 19 .1518951E+11   2300016E-01  .1609E+02 -.6104E+00   .9999999  .0003155 -.0000080
T 7627 19 .1518897E+11   2300010E-01  .1719E+02 -.9883E+01   .9999999  .0002236 -.0000589
T 7628 19 .1519107E+11   2300005E-01  .2198E+02 -.2317E+02   .9999999  .0002974 -.0004066
T 7629 19 .1518926E+11   2300015E-01 -.3996E+01  .1836E+02   .9999999  .0000005  .0001411
T 7630 19 .1518876E+11   2300019E-01 -.3891E+01  .1020E+02   .9999999 -.0000482  .0001371
T 7631 19 .1518988E+11   2300009E-01  .1141E+01  .7846E+01   .9999999  .0000986  .0002343
T 7632 19 .1518891E+11   2300020E-01  .3009E+01  .1226E+01   .9999999 -.0000343  .0000826
T 7633 19 .1518983E+11   2300021E-01  .6621E+01  .1344E+02   .9999999  .0000989  .0001715
T 7634 19 .1518923E+11   2300006E-01 -.2154E+01  .1077E+02   .9999999 -.0001257 -.0000102
T 7635 19 .1519082E+11   2300017E-01  .1268E+02  .1604E+02   .9999999  .0001455  .0001443
T 7636 19 .1519157E+11   2300017E-01 -.1665E+02  .4297E+01   .9999999 -.0001330 -.0000706
T 7637 19 .1519133E+11   2300021E-01 -.2250E+01 -.1414E+01   .9999999 -.0000477  .0000108
T 7638 19 .1518967E+11   2300018E-01 -.1290E+02  .1489E+00   .9999999 -.0002571 -.0001066
T 7639 19 .1519026E+11   2300019E-01 -.8625E+01 -.5220E+01   .9999999 -.0002930 -.0002297
T 7640 19 .1518796E+11   2300018E-01  .8676E+01 -.2738E+02   .9999999  .0000741 -.0003063
T 7641 19 .1518866E+11   2300020E-01  .4451E+01 -.9952E+01   .9999999  .0001198 -.0000730
T 7642 19 .1519094E+11   2300012E-01  .5071E+01 -.2236E+01   .9999999  .0000668  .0000302
T 7643 19 .1519055E+11   2300005E-01  .1494E+02  .5437E+00   .9999999 -.0001326  .0000944
T 7644 19 .1518968E+11   2300015E-01 -.2879E+01  .3956E+00   .9999999  .0000043  .0000556
T 7645 19 .1518989E+11   2300023E-01  .1264E+02  .8111E+01   .9999999  .0001088  .0000220
T 7646 19 .1519152E+11   2300018E-01  .2012E+02 -.1351E+02   .9999999  .0001989 -.0000804
T 7647 19 .1518974E+11   2300010E-01  .7792E+01  .7222E+01   .9999999  .0000942  .0000275
T 7648 19 .1518967E+11   2300021E-01  .1118E+02 -.2190E+01   .9999999  .0000254 -.0000264
T 7649 19 .1519150E+11   2300016E-01 -.1453E+02  .5553E+01   .9999999 -.0001889  .0000536
T 7650 19 .1519013E+11   2300015E-01 -.7986E+00 -.6827E+01   .9999999  .0000669 -.0000104
T 7651 19 .1518838E+11   2300023E-01  .1043E+01  .1748E+01   .9999999  .0001002  .0000553
T 7652 19 .1519036E+11   2300000E-01 -.1285E+02  .1556E+02   .9999999 -.0001952  .0003270
T 7653 19 .1518998E+11   2300021E-01  .1304E+02 -.6223E+01   .9999999  .0002380 -.0000254
T 7654 19 .1519020E+11   2300017E-01  .4161E+01  .9746E+01   .9999999  .0000184  .0001898
T 7655 19 .1518998E+11   2300021E-01 -.1083E+02 -.7398E+01   .9999999 -.0003164 -.0002360
T 7656 19 .1518865E+11   2300008E-01  .4357E+01 -.1397E+01   .9999999  .0001641  .0000002
T 7657 19 .1518951E+11   2300014E-01  .2362E+02  .1987E+01   .9999999  .0004676  .0000178
T 7658 19 .1519238E+11   2300002E-01 -.2516E+02 -.3295E+02   .9999999 -.0002484 -.0002257
T 7659 19 .1519037E+11   2300019E-01  .1094E+02  .1164E+02   .9999999  .0003118  .0001927
T 7660 19 .1518989E+11   2300003E-01 -.2975E+02 -.3670E+02   .9999999 -.0001743 -.0000612
T 7661 19 .1518932E+11   2300021E-01  .1384E+02  .7464E+01   .9999999  .0002158  .0000927
T 7662 19 .1519124E+11   2300018E-01  .1103E+02 -.1011E+02   .9999999  .0000497 -.0000292
T 7663 19 .1518968E+11   2300006E-01  .2526E+02  .2423E+02   .9999999  .0003217  .0003533
T 7664 19 .1519019E+11   2300016E-01 -.1160E+02  .5931E+01   .9999999 -.0001017  .0002671
T 7665 19 .1519148E+11   2300022E-01  .1665E+02  .1245E+02   .9999999 -.0000316  .0001784
T 7666 19 .1519037E+11   2300017E-01 -.1371E+02 -.1085E+01   .9999999 -.0000906 -.0000292
T 7667 19 .1519054E+11   2300017E-01 -.7602E+01  .3336E+02   .9999998 -.0000386  .0005487
T 7668 19 .1519002E+11   2300022E-01  .9404E+01 -.1628E+02   .9999999  .0000422 -.0002535
T 7669 19 .1518929E+11   2300022E-01  .1231E+02 -.9831E-01   .9999999  .0001452 -.0000781
T 7670 19 .1518973E+11   2300009E-01 -.1015E+02 -.1649E+02   .9999999 -.0001231 -.0001716
T 7671 19 .1519115E+11   2300001E-01  .1427E+02 -.1393E+01   .9999999  .0001845  .0000320
T 7672 19 .1519068E+11   2300022E-01  .1565E+01  .3793E+01   .9999999 -.0000143  .0000207
T 7673 19 .1519121E+11   2300020E-01 -.1120E+02 -.1306E+02   .9999999 -.0000952 -.0001145
T 7674 19 .1518975E+11   2300015E-01 -.7887E+00  .6444E+01   .9999999  .0000436  .0000612
T 7675 19 .1518942E+11   2300018E-01  .8596E+01  .3335E+00   .9999999  .0001218  .0000260
T 7676 19 .1519061E+11   2300005E-01 -.5831E+02  .4029E+02   .9999998 -.0004491  .0003821
T 7677 19 .1519039E+11   2300022E-01 -.7439E+00  .2091E+01   .9999999  .0001225  .0000598
T 7678 19 .1519015E+11   2300022E-01 -.6563E+01 -.1306E+02   .9999999 -.0000343 -.0001421
T 7679 19 .1518983E+11   2300009E-01 -.8264E+01 -.6151E+01   .9999999 -.0001644 -.0001015
T 7680 19 .1518996E+11   2300015E-01  .1129E+02  .1893E+02   .9999999  .0002974  .0002800
T 7681 19 .1519060E+11   2300005E-01  .1227E+02 -.1834E+02   .9999999  .0000320 -.0003732
T 7682 19 .1519012E+11   2300019E-01  .1310E+02  .9343E-01   .9999999  .0001116  .0000452
T 7683 19 .1519055E+11   2300006E-01 -.2879E+01 -.5753E+01   .9999999  .0000515  .0000475
T 7684 19 .1518886E+11   2300021E-01  .3109E+02  .2481E+02   .9999999  .0001658  .0001113
T 7685 19 .1519007E+11   2300004E-01 -.9584E+01 -.4412E+02   .9999998  .0000118 -.0005667
T 7686 19 .1518954E+11   2300006E-01  .3190E+02  .4086E+01   .9999999  .0002806  .0000302
T 7687 19 .1519219E+11   2300004E-01  .2225E+01  .3105E+01   .9999999  .0001797 -.0000569
T 7688 19 .1518985E+11   2300021E-01 -.4240E+00  .1359E+02   .9999999  .0000534  .0001429
T 7689 19 .1519031E+11   2300010E-01 -.3734E+01  .1984E+02   .9999999 -.0000856  .0001867
T 7690 19 .1519031E+11   2300016E-01 -.1619E+02 -.9105E+01   .9999999 -.0002547 -.0000632
T 7691 19 .1518869E+11   2300009E-01 -.2603E+01 -.7406E+01   .9999999  .0000940 -.0000498
T 7692 19 .1519090E+11   2300022E-01 -.1205E+02  .1663E+02   .9999999  .0000989  .0003933
T 7693 19 .1518883E+11   2300016E-01  .3395E+01  .6206E+01   .9999999  .0001144 -.0000162
T 7694 19 .1519141E+11   2300002E-01  .6210E+01 -.2025E+02   .9999999 -.0000014 -.0001554
T 7695 19 .1518920E+11   2300022E-01 -.9036E+01  .1315E+02   .9999999 -.0001310  .0003785
T 7696 19 .1519114E+11   2300016E-01  .4973E+01 -.3437E+01   .9999999  .0000599 -.0000299
T 7697 19 .1519016E+11   2300018E-01 -.8852E+01 -.7315E+01   .9999999 -.0001530 -.0001234
T 7698 19 .1519055E+11   2300004E-01 -.8316E+01  .1603E+02   .9999999 -.0000983  .0001488
T 7699 19 .1519072E+11   2300003E-01 -.2207E+02  .1225E+02   .9999999 -.0001883  .0002573
T 7700 19 .1519114E+11   2300011E-01  .6372E+01 -.4468E+00   .9999999  .0001163 -.0000411
T 7701 19 .1518953E+11   2300021E-01  .3486E+01 -.9106E+00   .9999999 -.0000161  .0000084
T 7702 19 .1518919E+11   2300000E-01 -.4987E+01  .1527E+02   .9999999  .0000515  .0002555
T 7703 19 .1518853E+11   2300019E-01 -.6325E+01  .8504E+01   .9999999 -.0001346 -.0000609
T 7704 19 .1518911E+11   2300023E-01  .2240E+02 -.1962E+02   .9999999  .0002239 -.0002132
T 7705 19 .1519117E+11   2300011E-01  .2236E+01  .2858E+02   .9999999 -.0000089  .0002463
T 7706 19 .1518936E+11   2300000E-01  .2587E+01  .5079E+02   .9999993  .0000479  .0012202
T 7707 19 .1518913E+11   2300023E-01 -.7213E+01  .5668E+01   .9999999 -.0001463 -.0000295
T 7708 19 .1519214E+11   2300021E-01 -.1260E+01  .1837E+02   .9999999 -.0000167  .0001338
T 7709 19 .1519062E+11   2300023E-01  .2453E+02 -.9787E+00   .9999999  .0004313 -.0001047
T 7710 19 .1518894E+11   2300012E-01  .5709E+01 -.6403E+01   .9999999  .0000441 -.0000079
T 7711 19 .1518966E+11   2300022E-01  .4002E+01  .1211E+01   .9999999  .0001096  .0000067
T 7712 19 .1519111E+11   2300001E-01 -.1263E+02  .5702E+01   .9999999 -.0001332  .0000876
T 7713 19 .1519061E+11   2300022E-01 -.5671E-01 -.3836E+01   .9999999 -.0001807 -.0001030
T 7714 19 .1519038E+11   2300023E-01  .1197E+01  .1244E+02   .9999999  .0000640  .0001600
T 7715 19 .1518883E+11   2300003E-01  .3581E+02 -.2505E+01   .9999998  .0005782  .0000302
T 7716 19 .1519018E+11   2300005E-01 -.1615E+02 -.1948E+02   .9999999 -.0001438 -.0002910
T 7717 19 .1519067E+11   2300010E-01 -.1785E+01 -.1060E+02   .9999998 -.0005717 -.0003096
T 7718 19 .1519066E+11   2300005E-01  .2739E+01 -.7156E+01   .9999999 -.0000369 -.0001053
T 7719 19 .1519161E+11   2300010E-01 -.6790E+01 -.2150E+02   .9999999 -.0002447 -.0002776
T 7720 19 .1518867E+11   2300020E-01  .3526E+01 -.1369E+02   .9999999 -.0000431 -.0001655
T 7721 19 .1518976E+11   2300022E-01  .1485E+02 -.1396E+01   .9999999  .0001842 -.0000688
T 7722 19 .1519104E+11   2300017E-01 -.6108E+01 -.1075E+02   .9999999 -.0000744  .0000616
T 7723 19 .1519044E+11   2300020E-01  .4881E+01  .9272E+01   .9999999  .0000940  .0001353
T 7724 19 .1518923E+11   2300008E-01  .1232E+02 -.2281E+02   .9999999  .0001197 -.0003051
T 7725 19 .1518787E+11   2300011E-01  .9282E+01 -.2135E+02   .9999999  .0002957 -.0003708
T 7726 19 .1519045E+11   2300000E-01 -.1283E+01 -.4206E+00   .9999999  .0000993 -.0000567
T 7727 19 .1519111E+11   2300003E-01  .8490E+01  .2367E+02   .9999999  .0000280  .0001580
T 7728 19 .1518946E+11   2300018E-01  .5468E+01  .7654E+01   .9999999 -.0000075  .0002058
T 7729 19 .1519086E+11   2300008E-01 -.4995E+01  .1774E+02   .9999999 -.0001036  .0001973
T 7730 19 .1518874E+11   2300019E-01  .1741E+02  .7078E+01   .9999999  .0002922  .0001139
T 7731 19 .1518825E+11   2300001E-01 -.8306E+01 -.1230E+01   .9999999 -.0002440 -.0001367
T 7732 19 .1518951E+11   2300016E-01 -.3415E+01  .1032E+02   .9999999 -.0000800  .0000367
T 7733 19 .1518916E+11   2300007E-01  .1053E+02 -.8937E+02   .9999987  .0000602 -.0016166
T 7734 19 .1519018E+11   2300019E-01 -.1872E+01  .1930E+01   .9999999  .0000386  .0000659
T 7735 19 .1518977E+11   2300020E-01 -.2377E+02  .2848E+01   .9999999 -.0002907  .0000161
T 7736 19 .1519063E+11   2300022E-01  .4202E+02  .9010E+01   .9999998  .0005890 -.0000874
T 7737 19 .1518891E+11   2300017E-01  .9908E+01 -.4076E+01   .9999999  .0000599 -.0000788
T 7738 19 .1519027E+11   2300001E-01 -.6860E+01  .2831E+01   .9999999 -.0000742  .0000735
T 7739 19 .1519135E+11   2300000E-01 -.3326E+01  .1410E+02   .9999999 -.0000680  .0001130
T 7740 19 .1518910E+11   2300002E-01  .2617E+00  .6067E-01   .9999999  .0000337 -.0000760
T 7741 19 .1519009E+11   2300014E-01  .2315E+02 -.7048E+01   .9999999  .0002242 -.0001542
T 7742 19 .1519008E+11   2300014E-01  .2967E+02  .4852E+00   .9999999  .0004434  .0000485
T 7743 19 .1519064E+11   2300004E-01 -.1399E+02 -.4977E+01   .9999999 -.0000811 -.0000855
T 7744 19 .1518948E+11   2300009E-01 -.2075E+02  .1740E+01   .9999999 -.0002259 -.0000885
T 7745 19 .1518968E+11   2300003E-01  .3599E+02  .6009E+01   .9999999  .0004336  .0001089
T 7746 19 .1519022E+11   2300019E-01 -.7486E+01 -.7161E+01   .9999999 -.0001708 -.0001524
T 7747 19 .1519092E+11   2300002E-01  .2892E+00  .3210E+01   .9999999 -.0000689  .0000475
T 7748 19 .1518849E+11   2300010E-01 -.2851E+01  .1995E+02   .9999999  .0000308  .0002724
T 7749 19 .1519128E+11   2300016E-01 -.9310E+01  .1005E+02   .9999999 -.0001807 -.0000481
T 7750 19 .1518893E+11   2300019E-01  .5345E+01  .4356E+01   .9999999  .0001381  .0000646
T 7751 19 .1519146E+11   2300022E-01 -.9230E+01  .3100E+01   .9999999  .0000807 -.0000373
T 7752 19 .1519021E+11   2300022E-01 -.5174E+01 -.1523E+02   .9999999 -.0001325 -.0002422
T 7753 19 .1519098E+11   2300004E-01  .7429E+01  .1699E+02   .9999999 -.0000165  .0001647
T 7754 19 .1518914E+11   2300021E-01  .5820E+01 -.5041E+01   .9999999  .0001333 -.0000543
T 7755 19 .1518963E+11   2300020E-01  .9692E+01  .9944E+01   .9999999  .0001757  .0001592
T 7756 19 .1519156E+11   2300016E-01 -.2163E+02 -.3975E+01   .9999999 -.0002102 -.0000975
T 7757 19 .1519025E+11   2300014E-01  .2687E+01  .7551E+01   .9999999  .0000603 -.0000077
T 7758 19 .1519031E+11   2300011E-01 -.2137E+00  .7838E+01   .9999999  .0000348 -.0000130
T 7759 19 .1519101E+11   2300000E-01  .7543E+01 -.4572E+01   .9999999 -.0000246  .0000158
T 7760 19 .1519040E+11   2300013E-01  .8353E+01  .9593E+01   .9999999 -.0000120  .0000746
T 7761 19 .1518988E+11   2300020E-01 -.4265E+01  .1360E+02   .9999999 -.0000996  .0000553
T 7762 19 .1518966E+11   2300014E-01  .9743E+01  .1328E+02   .9999999  .0001804  .0001688
T 7763 19 .1519065E+11   2300011E-01  .5839E+01  .1913E+01   .9999999  .0001238 -.0000046
T 7764 19 .1519183E+11   2300013E-01  .3275E+02 -.2306E+02   .9999998  .0006011 -.0003062
T 7765 19 .1518873E+11   2300016E-01 -.2376E+01  .2732E+01   .9999999 -.0001097  .0001528
T 7766 19 .1519020E+11   2300012E-01 -.1019E+02  .3927E+01   .9999999 -.0000996  .0000657
T 7767 19 .1519019E+11   2300013E-01 -.6617E+00  .4762E+01   .9999999 -.0003223 -.0000010
T 7768 19 .1518948E+11   2300010E-01 -.1609E+02 -.2779E+02   .9999999 -.0002185 -.0002626
T 7769 19 .1519085E+11   2300018E-01 -.1235E+02  .3313E+01   .9999999 -.0004056  .0001235
T 7770 19 .1518976E+11   2300000E-01  .1913E+02 -.2406E+02   .9999999  .0002883 -.0002692
T 7771 19 .1518905E+11   2300019E-01  .4054E+01  .2133E+01   .9999999  .0000184  .0001051
T 7772 19 .1519112E+11   2300012E-01  .2428E+02 -.1315E+02   .9999999  .0001931 -.0000516
T 7773 19 .1519088E+11   2300007E-01 -.1178E+01 -.1805E+02   .9999999 -.0000120 -.0002022
T 7774 19 .1518944E+11   2300020E-01  .4288E+02  .2274E+02   .9999994  .0009596  .0005782
T 7775 19 .1519002E+11   2300002E-01 -.1932E+02  .2723E+01   .9999999 -.0001720  .0000330
T 7776 19 .1519019E+11   2300020E-01 -.1114E+02 -.4683E+01   .9999999 -.0002248  .0000095
T 7777 19 .1518963E+11   2300022E-01  .4194E+01  .1669E+02   .9999999 -.0000865  .0002219
T 7778 19 .1518908E+11   2300000E-01 -.1936E+02  .2196E+02   .9999999 -.0001740  .0002681
T 7779 19 .1518930E+11   2300018E-01 -.1299E+02  .5008E+01   .9999999 -.0001173  .0000575
T 7780 19 .1519018E+11   2300013E-01  .3703E+02 -.9967E+01   .9999999  .0002467 -.0000428
T 7781 19 .1518884E+11   2300008E-01 -.1247E+01 -.1802E+01   .9999999  .0000637 -.0000426
T 7782 19 .1518917E+11   2300002E-01 -.1317E+02  .1180E+01   .9999999 -.0000546 -.0000544
T 7783 19 .1518995E+11   2300012E-01  .1997E+01 -.7902E+01   .9999999  .0000770 -.0000360
T 7784 19 .1519081E+11   2300005E-01 -.1658E+01 -.4246E+01   .9999999  .0001461  .0000851
T 7785 19 .1519022E+11   2300018E-01  .1902E+02  .2097E+02   .9999999  .0002895  .0003220
T 7786 19 .1518989E+11   2300017E-01 -.1438E+02  .4879E+01   .9999999 -.0002344  .0000580
T 7787 19 .1519041E+11   2300022E-01 -.1371E+02  .4082E+02   .9999998 -.0002322  .0005547
T 7788 19 .1518903E+11   2300006E-01 -.1015E+02  .4451E+01   .9999999 -.0001122 -.0000556
T 7789 19 .1519071E+11   2300011E-01  .1218E+02  .7043E+01   .9999999  .0001773 -.0000511
T 7790 19 .1519073E+11   2300014E-01 -.4271E+01  .1052E+02   .9999999 -.0001148  .0001128
T 7791 19 .1518878E+11   2300017E-01  .1257E+01 -.6556E+01   .9999999  .0001281 -.0000007
T 7792 19 .1519042E+11   2300011E-01  .8934E+01  .6349E+01   .9999999  .0002371  .0000263
T 7793 19 .1519160E+11   2300001E-01 -.1204E+02 -.1125E+02   .9999999 -.0000168 -.0000655
T 7794 19 .1519023E+11   2300005E-01  .2093E+02  .9140E+01   .9999999  .0002532  .0000541
T 7795 19 .1519040E+11   2300011E-01  .5476E+01  .3402E+00   .9999999  .0001110  .0000525
T 7796 19 .1518789E+11   2300011E-01 -.1217E+02  .3448E+01   .9999999 -.0000986  .0001910
T 7797 19 .1519051E+11   2300006E-01 -.3197E+01  .1452E+02   .9999999 -.0000770  .0000449
T 7798 19 .1519038E+11   2300007E-01  .9680E+01  .8471E+01   .9999999  .0001019  .0001050
T 7799 19 .1519026E+11   2300019E-01 -.2156E+01 -.3666E+01   .9999999  .0002660  .0001655
T 7800 19 .1519077E+11   2300022E-01 -.2342E+01 -.8838E+01   .9999999 -.0000288  .0000417
T 7801 19 .1519025E+11   2300021E-01 -.1601E+02  .1010E+02   .9999999 -.0002328  .0000453
T 7802 19 .1518915E+11   2300007E-01  .2787E+01  .2695E+02   .9999999 -.0000673  .0003846
T 7803 19 .1519041E+11   2300016E-01 -.2264E+01 -.8095E+01   .9999999 -.0000134 -.0001233
T 7804 19 .1518944E+11   2300013E-01  .8761E+01 -.3728E+01   .9999999  .0001054  .0000258
T 7805 19 .1518876E+11   2300022E-01 -.2148E+01  .8080E+01   .9999999  .0000262  .0001456
T 7806 19 .1518976E+11   2300020E-01 -.1271E+02 -.1289E+02   .9999999 -.0001438 -.0002170
T 7807 19 .1519044E+11   2300005E-01  .3343E+00  .2065E+01   .9999999  .0000762  .0001522
T 7808 19 .1519271E+11   2300021E-01 -.1036E+02  .1916E+01   .9999999 -.0000746  .0001272
T 7809 19 .1519045E+11   2300002E-01 -.4570E+01 -.8120E+01   .9999999  .0000082 -.0000522
T 7810 19 .1518931E+11   2300010E-01  .2244E+01 -.3954E+01   .9999999  .0000350  .0000179
T 7811 19 .1518996E+11   2300004E-01 -.5702E+01  .4086E+01   .9999999 -.0001802  .0000504
T 7812 19 .1519092E+11   2300012E-01  .7935E+01 -.1588E+02   .9999999  .0001180 -.0001857
T 7813 19 .1519077E+11   2300015E-01  .6533E+00 -.3394E+01   .9999999  .0000402  .0000222
T 7814 19 .1518957E+11   2300003E-01 -.6311E+01 -.6809E+01   .9999999 -.0000002 -.0000809
T 7815 19 .1519026E+11   2300000E-01  .1034E+02  .2092E+01   .9999999  .0002082  .0000638
T 7816 19 .1518817E+11   2300003E-01  .1814E+02  .9903E+00   .9999999  .0003879 -.0000590
T 7817 19 .1518995E+11   2300007E-01 -.3066E+01 -.2351E+02   .9999999  .0001798 -.0000975
T 7818 19 .1518815E+11   2300022E-01  .1444E+02 -.8592E+01   .9999999  .0001276 -.0001070
T 7819 19 .1518906E+11   2300014E-01 -.1845E+02  .2822E+01   .9999999 -.0003177 -.0003184
T 7820 19 .1519075E+11   2300018E-01  .4558E+00 -.2755E+01   .9999999  .0000674 -.0002096
T 7821 19 .1518912E+11   2300010E-01  .1257E+02  .2501E+02   .9999999  .0001242  .0002386
T 7822 19 .1518930E+11   2300022E-01  .8192E+01  .2976E+01   .9999999  .0000704  .0000454
T 7823 19 .1519007E+11   2300011E-01  .6750E+01  .4211E+01   .9999999 -.0000282  .0000503
T 7824 19 .1519054E+11   2300018E-01  .1999E+02  .9466E+01   .9999999  .0002292  .0001307
T 7825 19 .1519094E+11   2300021E-01  .2763E+01  .4754E+01   .9999999  .0001411  .0001165
T 7826 19 .1519090E+11   2300015E-01  .7869E+01 -.4132E+01   .9999999  .0000571 -.0000469
T 7827 19 .1518958E+11   2300016E-01  .1019E+02 -.9873E+00   .9999999  .0001105 -.0000920
T 7828 19 .1519160E+11   2300014E-01  .3967E+01  .6049E+01   .9999999  .0000457  .0000585
T 7829 19 .1518877E+11   2300021E-01 -.1828E+02  .7371E+01   .9999999 -.0002036  .0000239
T 7830 19 .1518975E+11   2300022E-01 -.1260E+02  .1206E+02   .9999999 -.0001209  .0001629
T 7831 19 .1518979E+11   2300014E-01  .5885E+01  .1148E+02   .9999999  .0001855  .0002877
T 7832 19 .1518941E+11   2300010E-01 -.4818E+01  .3539E+01   .9999999 -.0002008 -.0000180
T 7833 19 .1518946E+11   2300007E-01  .1836E+01  .2912E+01   .9999999  .0000895  .0000140
T 7834 19 .1519060E+11   2300005E-01 -.6693E+01 -.6923E+01   .9999999 -.0000285 -.0000574
T 7835 19 .1518978E+11   2300009E-01 -.6668E+01  .1335E+02   .9999999 -.0001736  .0002397
T 7836 19 .1518925E+11   2300019E-01  .7965E+00 -.1807E+02   .9999999  .0000092 -.0001075
T 7837 19 .1519097E+11   2300018E-01  .2047E+02  .9323E+01   .9999999  .0000788 -.0000294
T 7838 19 .1518879E+11   2300022E-01 -.1083E+02 -.2050E+01   .9999999 -.0001782  .0000229
T 7839 19 .1518980E+11   2300009E-01 -.5454E+01  .5219E+01   .9999999 -.0000932  .0000046
T 7840 19 .1519118E+11   2300017E-01  .2848E+02 -.1280E+01   .9999999  .0002342  .0000760
T 7841 19 .1519033E+11   2300021E-01 -.6268E+02  .7725E+02   .9999995 -.0005713  .0008332
T 7842 19 .1519041E+11   2300022E-01  .2351E+01 -.1391E+02   .9999999 -.0000736 -.0002730
T 7843 19 .1518835E+11   2300017E-01 -.1756E+02 -.1526E+01   .9999999 -.0002314 -.0000089
T 7844 19 .1518875E+11   2300000E-01 -.7285E+01  .1955E+01   .9999999  .0000108  .0000205
T 7845 19 .1518907E+11   2300017E-01 -.2358E+01  .1580E+02   .9999999 -.0001957  .0003916
T 7846 19 .1518995E+11   2300022E-01  .4935E+01  .1561E+02   .9999999  .0000910  .0000973
T 7847 19 .1518921E+11   2300016E-01  .2154E+02 -.7960E+01   .9999999  .0004406 -.0001684
T 7848 19 .1519055E+11   2300001E-01  .1159E+02  .9548E+01   .9999999  .0001393  .0003840
T 7849 19 .1518875E+11   2300020E-01 -.1285E+02  .1406E+00   .9999999 -.0001808 -.0002047
T 7850 19 .1519065E+11   2300018E-01 -.3023E+01  .6039E+01   .9999999  .0001017  .0001857
T 7851 19 .1518809E+11   2300014E-01  .1688E+02 -.5137E+01   .9999999  .0000777 -.0001045
T 7852 19 .1518845E+11   2300021E-01 -.1031E+02  .6039E+01   .9999999 -.0000801  .0001375
T 7853 19 .1518977E+11   2300022E-01 -.1663E+02 -.1147E+01   .9999999 -.0000415 -.0000715
T 7854 19 .1518968E+11   2300003E-01 -.6153E+01 -.6688E+01   .9999999 -.0000584  .0000182
T 7855 19 .1518972E+11   2300007E-01 -.6893E+01  .3977E+01   .9999999  .0000332  .0000441
T 7856 19 .1518999E+11   2300010E-01  .1217E+02 -.1530E+02   .9999999  .0000820 -.0002098
T 7857 19 .1518987E+11   2300011E-01  .1920E+02  .9112E+01   .9999999  .0001337  .0000654
T 7858 19 .1519043E+11   2300005E-01  .7473E+01  .4565E+00   .9999999  .0001025  .0000855
T 7859 19 .1519066E+11   2300006E-01 -.4379E+01 -.6473E+01   .9999999 -.0001529 -.0001086
T 7860 19 .1519104E+11   2300020E-01  .6921E+01  .7926E+01   .9999999 -.0000073  .0000275
T 7861 19 .1519082E+11   2300021E-01 -.1818E+02  .4764E+01   .9999997 -.0007449 -.0003294
T 7862 19 .1518836E+11   2300013E-01 -.7418E+01 -.1541E+02   .9999998 -.0003756 -.0005026
T 7863 19 .1518939E+11   2300010E-01 -.8265E+01 -.1551E+02   .9999999 -.0000259 -.0001280
T 7864 19 .1519066E+11   2300018E-01 -.1766E+02 -.1135E+01   .9999999 -.0002942 -.0000101
T 7865 19 .1518952E+11   2300019E-01 -.2910E+02  .1866E+02   .9999999 -.0004129  .0001457
T 7866 19 .1518886E+11   2300020E-01  .1009E+02  .2153E+01   .9999999  .0001023  .0000587
T 7867 19 .1519126E+11   2300019E-01 -.1530E+02  .1054E+02   .9999999 -.0001274  .0000618
T 7868 19 .1519026E+11   2300017E-01  .7538E+01 -.1398E+01   .9999999  .0000535 -.0000349
T 7869 19 .1518921E+11   2300012E-01  .7460E+01  .1013E+02   .9999999 -.0000168  .0000346
T 7870 19 .1519157E+11   2300005E-01  .6211E+01 -.1404E+02   .9999999  .0001487 -.0002549
T 7871 19 .1519140E+11   2300017E-01  .3656E+01  .3258E+02   .9999999  .0001340  .0001025
T 7872 19 .1518936E+11   2300015E-01 -.8480E+01  .5647E+01   .9999999 -.0000778  .0001581
T 7873 19 .1518950E+11   2300004E-01  .2957E+02  .2987E+01   .9999999  .0004089  .0000689
T 7874 19 .1518994E+11   2300016E-01  .3940E+01  .1418E+02   .9999999  .0000193  .0001955
T 7875 19 .1518990E+11   2300003E-01  .2386E+02  .1678E+00   .9999999  .0002665 -.0000234
T 7876 19 .1519056E+11   2300022E-01 -.1145E+02 -.3567E+01   .9999999 -.0001211  .0000491
T 7877 19 .1518904E+11   2300001E-01 -.1085E+02  .5056E+01   .9999997 -.0003731 -.0006260
T 7878 19 .1518903E+11   2300021E-01 -.8385E+01  .7701E+01   .9999999 -.0000782  .0001790
T 7879 19 .1519001E+11   2300014E-01 -.4371E+01 -.1424E+02   .9999999 -.0000293 -.0001831
T 7880 19 .1518979E+11   2300006E-01 -.1068E+01  .4239E+02   .9999998 -.0000519  .0005488
T 7881 19 .1518919E+11   2300009E-01  .1228E+02  .5062E+01   .9999999  .0000688 -.0000438
T 7882 19 .1519168E+11   2300013E-01  .1649E+02  .4353E+00   .9999999  .0001777  .0000110
T 7883 19 .1518988E+11   2300004E-01  .1374E+01 -.3558E+01   .9999999 -.0000321  .0000218
T 7884 19 .1519005E+11   2300009E-01  .2824E+01  .9592E+01   .9999999  .0000411  .0002194
T 7885 19 .1518978E+11   2300013E-01 -.4282E+01  .1782E+01   .9999999  .0000950  .0000026
T 7886 19 .1519026E+11   2300013E-01  .8317E+01 -.4108E+01   .9999999  .0002264 -.0001449
T 7887 19 .1519133E+11   2300007E-01 -.1634E+01 -.2278E+02   .9999999 -.0000778 -.0003554
T 7888 19 .1518838E+11   2300003E-01  .8271E+01 -.1298E-01   .9999999  .0001033 -.0000521
T 7889 19 .1518849E+11   2300021E-01 -.7706E+00  .8857E+01   .9999999 -.0000422  .0003423
T 7890 19 .1518940E+11   2300013E-01 -.2668E+01 -.8792E+01   .9999999 -.0000188 -.0001428
T 7891 19 .1518924E+11   2300014E-01  .2453E+02  .3902E+01   .9999999  .0002732 -.0000194
T 7892 19 .1519136E+11   2300003E-01 -.2274E+02 -.1250E+02   .9999999 -.0001503 -.0001540
T 7893 19 .1519198E+11   2300017E-01  .1377E+02  .3710E+01   .9999999  .0001251  .0001351
T 7894 19 .1519085E+11   2300018E-01 -.9044E+01  .2147E+02   .9999999 -.0002511  .0003854
T 7895 19 .1519168E+11   2300001E-01  .1864E+02  .3592E+01   .9999999  .0001537  .0000401
T 7896 19 .1518944E+11   2300002E-01 -.4399E+01  .1126E+01   .9999999  .0000983 -.0000228
T 7897 19 .1519070E+11   2300003E-01  .6089E+00 -.1584E+01   .9999999 -.0000174 -.0001551
T 7898 19 .1518960E+11   2300012E-01  .2398E+02  .1913E+02   .9999999  .0001922  .0002427
T 7899 19 .1518888E+11   2300013E-01  .1283E+01 -.4190E+00   .9999999 -.0000370 -.0000274
T 7900 19 .1518928E+11   2300023E-01 -.6810E+01  .1233E+01   .9999999  .0000133  .0000264
T 7901 19 .1518891E+11   2300015E-01 -.4227E+01  .2277E+01   .9999999 -.0001134 -.0000434
T 7902 19 .1519078E+11   2300001E-01  .1107E+01  .6382E+01   .9999999  .0000101  .0000822
T 7903 19 .1518953E+11   2300005E-01  .2702E+01 -.1232E+02   .9999999  .0001027 -.0001895
T 7904 19 .1519114E+11   2300008E-01 -.1846E+02 -.4582E+01   .9999999 -.0001051 -.0001400
T 7905 19 .1519109E+11   2300009E-01 -.7981E+01 -.5505E+01   .9999999 -.0002341 -.0002049
T 7906 19 .1519067E+11   2300006E-01 -.8263E+01  .2339E+01   .9999999 -.0001563  .0001097
T 7907 19 .1518806E+11   2300019E-01 -.1397E+02  .6154E+01   .9999999 -.0001568  .0000632
T 7908 19 .1519080E+11   2300013E-01  .1194E+02  .2441E+01   .9999999  .0000268  .0000981
T 7909 19 .1518914E+11   2300010E-01 -.1009E+02  .1329E+01   .9999999 -.0002828 -.0000497
T 7910 19 .1519031E+11   2300022E-01 -.1171E+01  .3848E+01   .9999999 -.0000891  .0000914
T 7911 19 .1519028E+11   2300016E-01  .3971E+02 -.7241E+02   .9999995  .0005256 -.0007922
T 7912 19 .1519035E+11   2300022E-01  .1751E+01 -.6416E+00   .9999999 -.0000009 -.0000094
T 7913 19 .1518962E+11   2300017E-01  .1398E+02 -.1159E+02   .9999999  .0001855 -.0002118
T 7914 19 .1518915E+11   2300018E-01 -.9691E+01 -.1593E+02   .9999999 -.0000394 -.0002422
T 7915 19 .1518875E+11   2300022E-01  .9949E+01  .1755E+01   .9999999  .0001125  .0000881
T 7916 19 .1519034E+11   2300017E-01 -.6514E+01  .2708E+01   .9999999 -.0000854  .0000803
T 7917 19 .1519094E+11   2300007E-01  .1641E+02  .2521E+00   .9999999  .0002923  .0000873
T 7918 19 .1518932E+11   2300007E-01  .5358E+00 -.6884E+01   .9999999  .0000626  .0000229
T 7919 19 .1518944E+11   2300022E-01 -.6330E+01  .9609E+01   .9999999 -.0001596  .0003235
T 7920 19 .1518955E+11   2300014E-01 -.2924E+01 -.5023E+01   .9999999 -.0001740 -.0002294
T 7921 19 .1519117E+11   2300016E-01 -.2105E+01 -.1608E+02   .9999999  .0002254 -.0002293
T 7922 19 .1519086E+11   2300006E-01 -.5492E+01  .2091E+01   .9999999  .0000191  .0001263
T 7923 19 .1518898E+11   2300006E-01 -.1968E+02 -.3884E+02   .9999999 -.0001463 -.0004343
T 7924 19 .1518917E+11   2300012E-01 -.1517E+02 -.2859E+02   .9999998 -.0004136 -.0004093
T 7925 19 .1519072E+11   2300007E-01 -.2330E+02 -.1085E+02   .9999999 -.0002960 -.0002105
T 7926 19 .1519054E+11   2300011E-01  .4882E+01  .2895E+01   .9999999  .0002009  .0000421
T 7927 19 .1519081E+11   2300015E-01  .3951E+01 -.6936E+01   .9999999  .0000569 -.0001591
T 7928 19 .1519169E+11   2300017E-01  .1512E+02  .1218E+02   .9999999  .0001333  .0000635
T 7929 19 .1519086E+11   2300015E-01 -.2697E+02 -.9536E+01   .9999999 -.0002424 -.0001598
T 7930 19 .1519029E+11   2300011E-01 -.1783E+02 -.1420E+02   .9999999 -.0002665 -.0001222
T 7931 19 .1519075E+11   2300021E-01  .6747E+01  .1242E+02   .9999999  .0000923  .0001073
T 7932 19 .1519034E+11   2300013E-01 -.3154E+02  .1110E+01   .9999999 -.0004391 -.0000059
T 7933 19 .1519066E+11   2300007E-01 -.1842E+02  .1696E+02   .9999997 -.0008265  .0000717
T 7934 19 .1518972E+11   2300000E-01  .2729E+00  .2474E+02   .9999999 -.0000668  .0001930
T 7935 19 .1518923E+11   2300014E-01  .7029E+01  .1693E+02   .9999999  .0003868  .0003740
T 7936 19 .1518989E+11   2300017E-01 -.1784E+02  .8906E+01   .9999999 -.0002217  .0000946
T 7937 19 .1518949E+11   2300018E-01  .7574E+00 -.1451E+02   .9999999 -.0000021 -.0001793
T 7938 19 .1519012E+11   2300009E-01  .2723E+01  .2763E+02   .9999999 -.0000085  .0003653
T 7939 19 .1518907E+11   2300000E-01  .8333E+01 -.3615E+01   .9999999  .0000856 -.0000532
T 7940 19 .1519105E+11   2300017E-01  .5342E+01 -.1696E+02   .9999999  .0001374 -.0001886
T 7941 19 .1518959E+11   2300002E-01  .1291E+02  .1399E+02   .9999999  .0000971  .0001316
T 7942 19 .1518977E+11   2300018E-01 -.9885E+01 -.3704E+01   .9999999 -.0000398 -.0000809
T 7943 19 .1518761E+11   2300015E-01 -.1556E+01 -.4517E+01   .9999999 -.0003234 -.0000632
T 7944 19 .1519101E+11   2300021E-01 -.6427E+01 -.8345E+01   .9999999 -.0000779 -.0000803
T 7945 19 .1519052E+11   2300011E-01  .5475E+01 -.9808E+01   .9999999  .0001888 -.0001615
T 7946 19 .1518993E+11   2300008E-01  .8101E+01  .3151E+01   .9999999  .0000198  .0000752
T 7947 19 .1518922E+11   2300003E-01  .1104E+01  .2725E+02   .9999999  .0000637  .0001659
T 7948 19 .1519018E+11   2300013E-01 -.6497E+01 -.3388E+01   .9999999  .0001719 -.0002021
T 7949 19 .1518909E+11   2300021E-01 -.8410E+01 -.1690E+02   .9999999 -.0002467 -.0001365
T 7950 19 .1519098E+11   2300007E-01 -.2048E+01 -.1507E+02   .9999999  .0000226 -.0002284
T 7951 19 .1519128E+11   2300011E-01 -.1098E+02 -.3431E+01   .9999999 -.0000656  .0000135
T 7952 19 .1519032E+11   2300013E-01 -.1266E+02  .7528E+01   .9999999 -.0001048  .0000658
T 7953 19 .1519070E+11   2300015E-01 -.4193E+01  .2011E+00   .9999999 -.0000780  .0000037
T 7954 19 .1518909E+11   2300017E-01  .1035E+02 -.7049E+00   .9999999  .0000315  .0001614
T 7955 19 .1518872E+11   2300020E-01  .2875E+01  .1326E+02   .9999999  .0001074  .0002786
T 7956 19 .1518887E+11   2300020E-01 -.4723E+01  .3807E+01   .9999999 -.0000954  .0000487
T 7957 19 .1519065E+11   2300003E-01 -.9563E+01 -.1503E+01   .9999999 -.0000128  .0000442
T 7958 19 .1519072E+11   2300001E-01  .9321E+01 -.1954E+02   .9999999  .0000786 -.0001811
T 7959 19 .1519157E+11   2300013E-01  .1868E+02 -.2065E+02   .9999998  .0004588 -.0004761
T 7960 19 .1519100E+11   2300018E-01 -.2965E+02  .4652E+02   .9999996 -.0004871  .0007622
T 7961 19 .1518926E+11   2300010E-01 -.4288E+02 -.1980E+02   .9999998 -.0006095 -.0002969
T 7962 19 .1518985E+11   2300013E-01  .1433E+02 -.7628E+01   .9999999  .0003116  .0000461
T 7963 19 .1519021E+11   2300016E-01  .1140E+02  .4940E+01   .9999999  .0000363  .0000528
T 7964 19 .1518883E+11   2300011E-01  .2718E+01 -.2078E+02   .9999999  .0000936 -.0005240
T 7965 19 .1519193E+11   2300001E-01  .9517E+00  .7429E+01   .9999999 -.0001784 -.0000024
T 7966 19 .1518852E+11   2300021E-01  .4086E+01  .1776E+02   .9999999  .0001628  .0001991
T 7967 19 .1519018E+11   2300013E-01  .3327E+01 -.1103E+02   .9999999  .0000057 -.0001051
T 7968 19 .1518951E+11   2300018E-01 -.4044E+02 -.8183E+00   .9999999 -.0002218 -.0000981
T 7969 19 .1519073E+11   2300010E-01 -.5834E+00  .2711E+00   .9999999 -.0000157  .0000762
T 7970 19 .1519183E+11   2300012E-01 -.5442E+01  .1649E+02   .9999999 -.0000126  .0002186
T 7971 19 .1519055E+11   2300012E-01  .3979E+01  .8809E+01   .9999999  .0001023  .0001483
T 7972 19 .1519029E+11   2300009E-01  .3020E+01  .2143E+01   .9999999 -.0001178  .0001306
T 7973 19 .1519073E+11   2300008E-01  .3900E+01  .1141E+02   .9999999  .0000933  .0001595
T 7974 19 .1519027E+11   2300008E-01  .1576E+02 -.2440E+02   .9999999  .0001501 -.0001560
T 7975 19 .1519002E+11   2300022E-01  .7404E+01  .1831E+02   .9999999  .0000054  .0001441
T 7976 19 .1518955E+11   2300020E-01 -.1573E+02  .2029E+01   .9999999 -.0003213  .0001095
T 7977 19 .1518938E+11   2300014E-01  .4139E+01 -.4499E+01   .9999999  .0001445 -.0001395
T 7978 19 .1518929E+11   2300014E-01  .2201E+02  .4661E+01   .9999999  .0002351  .0000137
T 7979 19 .1519108E+11   2300002E-01  .2426E+01  .5972E+00   .9999999  .0000267 -.0001521
T 7980 19 .1519082E+11   2300006E-01  .3166E+01  .3796E+01   .9999999  .0000618  .0002180
T 7981 19 .1518960E+11   2300008E-01  .1126E+02 -.1748E+02   .9999999  .0001208 -.0002933
T 7982 19 .1518943E+11   2300011E-01  .3229E+02 -.8958E+01   .9999999  .0001379 -.0002076
T 7983 19 .1518953E+11   2300005E-01 -.1266E+02  .8203E+01   .9999999 -.0001568  .0001149
T 7984 19 .1518883E+11   2300006E-01  .3873E+01  .8335E+01   .9999999  .0000553  .0000967
T 7985 19 .1519017E+11   2300000E-01 -.1018E+02 -.1986E+02   .9999999  .0000219 -.0002732
T 7986 19 .1518983E+11   2300015E-01 -.9142E+01 -.4222E+01   .9999999 -.0000390 -.0001585
T 7987 19 .1519076E+11   2300020E-01 -.1460E+02  .5389E+01   .9999999 -.0002128  .0001003
T 7988 19 .1518964E+11   2300010E-01 -.3077E+01  .7745E+01   .9999999 -.0000319  .0000022
T 7989 19 .1518979E+11   2300006E-01  .4786E+00  .7601E+01   .9999999 -.0001124  .0000782
T 7990 19 .1518921E+11   2300020E-01  .3091E+01  .8822E+01   .9999999  .0002969  .0001326
T 7991 19 .1519016E+11   2300010E-01  .9355E+01 -.1195E+02   .9999999  .0001374 -.0002140
T 7992 19 .1519036E+11   2300016E-01  .1302E+02 -.2857E+01   .9999999  .0002089  .0000932
T 7993 19 .1518844E+11   2300001E-01  .1471E+02 -.1360E+02   .9999999  .0001858 -.0000979
T 7994 19 .1519003E+11   2300012E-01 -.2065E+02  .4563E+01   .9999999 -.0003361  .0000526
T 7995 19 .1519105E+11   2300010E-01 -.2113E+01 -.6500E+01   .9999999 -.0000638 -.0001172
T 7996 19 .1518836E+11   2300001E-01  .2060E+00 -.1848E+02   .9999999  .0001282 -.0002359
T 7997 19 .1518910E+11   2300010E-01 -.9301E+00 -.1139E+02   .9999999  .0000250 -.0003445
T 7998 19 .1519138E+11   2300006E-01  .6421E+01 -.3158E+01   .9999999  .0001150 -.0000580
T 7999 19 .1518955E+11   2300017E-01  .1157E+02 -.6422E+01   .9999999  .0001761 -.0002948
T 8000 19 .1518945E+11   2300015E-01 -.2499E+02  .1139E+02   .9999999 -.0001514  .0000773
T 8001 19 .1519035E+11   2300018E-01 -.4789E+00 -.8518E+01   .9999999 -.0000595 -.0000461
T 8002 19 .1519193E+11   2300016E-01 -.6332E+01 -.1621E+01   .9999999 -.0001667  .0000092
T 8003 19 .1519013E+11   2300019E-01  .2465E+02 -.1894E+01   .9999999  .0001689  .0000482
T 8004 19 .1518857E+11   2300011E-01 -.2235E+01  .2658E+01   .9999999 -.0000681 -.0000271
T 8005 19 .1519023E+11   2300013E-01 -.4754E+01  .2862E+01   .9999999 -.0001291  .0000634
T 8006 19 .1519032E+11   2300013E-01  .6828E+01  .5048E+01   .9999999 -.0000006  .0001493
T 8007 19 .1518908E+11   2300003E-01 -.3914E+01 -.1093E+02   .9999999 -.0000365 -.0002675
T 8008 19 .1519029E+11   2300019E-01 -.2619E+01 -.1861E+01   .9999999  .0000436 -.0000169
T 8009 19 .1519046E+11   2300019E-01  .3123E+01  .7634E+01   .9999999  .0000776  .0000284
T 8010 19 .1518904E+11   2300014E-01 -.1007E+02 -.3766E+01   .9999999 -.0001703 -.0000414
T 8011 19 .1518996E+11   2300023E-01  .1365E+02 -.1152E+02   .9999999  .0001714 -.0000595
T 8012 19 .1519054E+11   2300010E-01 -.3060E+00  .1323E+02   .9999999 -.0000790  .0001279
T 8013 19 .1518907E+11   2300007E-01 -.7611E+01  .2411E+01   .9999999 -.0000105 -.0000112
T 8014 19 .1518925E+11   2300022E-01  .1037E+02  .4252E+01   .9999999  .0001044 -.0000248
T 8015 19 .1518946E+11   2300020E-01  .1084E+02  .7157E+01   .9999999  .0002009 -.0000176
T 8016 19 .1518984E+11   2300019E-01 -.6502E+01  .1385E+01   .9999999 -.0000715 -.0000768
T 8017 19 .1519111E+11   2300022E-01  .1199E+01 -.9709E+01   .9999999  .0000521 -.0001567
T 8018 19 .1518870E+11   2300007E-01 -.6765E+01 -.3219E+02   .9999999 -.0001491 -.0004833
T 8019 19 .1518997E+11   2300016E-01 -.7608E+01 -.6118E+01   .9999999 -.0001302 -.0000632
T 8020 19 .1519115E+11   2300018E-01 -.1529E+00  .2984E+01   .9999999 -.0000110 -.0000483
T 8021 19 .1518923E+11   2300017E-01  .7507E+01 -.2461E+02   .9999999 -.0000060 -.0002866
T 8022 19 .1519185E+11   2300022E-01  .1603E+02 -.2142E+02   .9999999  .0001440 -.0000818
T 8023 19 .1518967E+11   2300022E-01 -.1051E+02  .2055E+02   .9999999  .0000004  .0001964
T 8024 19 .1518990E+11   2300011E-01 -.1463E+02  .3377E+02   .9999999 -.0002706  .0003751
T 8025 19 .1519046E+11   2300019E-01  .8268E+00  .2673E+01   .9999999  .0000968  .0001285
T 8026 19 .1518934E+11   2300013E-01  .2281E+02 -.5180E+01   .9999999  .0003402 -.0001394
T 8027 19 .1518946E+11   2300004E-01 -.5609E+01  .1493E+01   .9999999 -.0001151 -.0000675
T 8028 19 .1518824E+11   2300020E-01 -.3045E+01 -.4595E+01   .9999999 -.0000773 -.0000412
T 8029 19 .1519075E+11   2300020E-01  .3224E+01 -.1313E+02   .9999999  .0001238 -.0000516
T 8030 19 .1518986E+11   2300022E-01  .7438E+01 -.8556E+01   .9999999  .0000403  .0000227
T 8031 19 .1519028E+11   2300021E-01  .8846E+01 -.7551E+01   .9999999  .0001841  .0000277
T 8032 19 .1518923E+11   2300015E-01  .2098E+01  .5520E+01   .9999999  .0000745 -.0000406
T 8033 19 .1518890E+11   2300016E-01 -.7077E+01 -.1965E+02   .9999999 -.0001542 -.0001521
T 8034 19 .1518995E+11   2300023E-01  .3002E+01 -.1526E+02   .9999999  .0001699 -.0000953
T 8035 19 .1518988E+11   2300015E-01 -.9867E+01 -.6958E+01   .9999999 -.0000805 -.0001871
T 8036 19 .1519052E+11   2300022E-01 -.3310E+01  .6304E+01   .9999999 -.0001150  .0002043
T 8037 19 .1518984E+11   2300009E-01 -.3774E+02 -.5892E+01   .9999999 -.0003139 -.0002214
T 8038 19 .1519084E+11   2300021E-01 -.2238E+01 -.1301E+02   .9999999 -.0000941 -.0000447
T 8039 19 .1518962E+11   2300007E-01 -.1952E+02 -.1842E+02   .9999999 -.0002732 -.0002431
T 8040 19 .1518880E+11   2300008E-01 -.1387E+02 -.3908E+02   .9999999 -.0000853 -.0003140
T 8041 19 .1518999E+11   2300005E-01  .2099E+02  .1554E+01   .9999999  .0002141  .0001262
T 8042 19 .1518872E+11   2300021E-01 -.1948E+00  .2920E+01   .9999999  .0000099 -.0002168
T 8043 19 .1518944E+11   2300014E-01 -.2266E+02  .7834E+01   .9999999 -.0002131  .0000155
T 8044 19 .1519088E+11   2300004E-01  .1138E+01  .5961E+01   .9999999 -.0000432  .0000724
T 8045 19 .1518884E+11   2300019E-01 -.3014E+01 -.1297E+01   .9999999 -.0000969  .0000121
T 8046 19 .1519059E+11   2300021E-01 -.3224E+01  .1282E+02   .9999999  .0000466  .0001788
T 8047 19 .1518963E+11   2300005E-01  .1860E+01  .8396E+01   .9999999  .0000844  .0002024
T 8048 19 .1518988E+11   2300021E-01  .3716E+01 -.1066E+01   .9999999  .0001372 -.0000020
T 8049 19 .1518846E+11   2300004E-01  .2565E+02  .4795E+02   .9999999  .0001885  .0001880
T 8050 19 .1519035E+11   2300013E-01  .8871E+01 -.1371E+01   .9999999  .0000197 -.0000696
T 8051 19 .1518980E+11   2300020E-01  .3386E+02 -.1273E+02   .9999999  .0004858 -.0000274
T 8052 19 .1519105E+11   2300020E-01  .1225E+02 -.8652E+01   .9999999  .0002356 -.0000789
T 8053 19 .1519004E+11   2300018E-01 -.8745E+00 -.7522E+01   .9999999 -.0000107 -.0000289
T 8054 19 .1519129E+11   2300008E-01 -.5744E+00  .3856E+00   .9999999  .0003314  .0000549
T 8055 19 .1519039E+11   2300019E-01  .1913E+02 -.3687E+02   .9999999  .0002194 -.0002567
T 8056 19 .1519029E+11   2300019E-01 -.1213E+02  .9156E+01   .9999999 -.0001888  .0000324
T 8057 19 .1519066E+11   2300015E-01  .5908E+01  .4207E+01   .9999999 -.0000706  .0001216
T 8058 19 .1518872E+11   2300013E-01  .9343E+01  .2872E+01   .9999999  .0000997  .0000295
T 8059 19 .1518999E+11   2300014E-01 -.6963E+01 -.2036E+02   .9999999 -.0001257 -.0004192
T 8060 19 .1519147E+11   2300018E-01 -.1703E+02 -.5148E+00   .9999999 -.0000120 -.0000302
T 8061 19 .1518987E+11   2300017E-01 -.2269E+01 -.7100E+01   .9999999 -.0000533  .0000326
T 8062 19 .1519111E+11   2300022E-01 -.9936E+01  .1123E+00   .9999999 -.0001508  .0000988
T 8063 19 .1519069E+11   2300007E-01 -.1583E+02  .1773E+01   .9999999 -.0001816  .0000487
T 8064 19 .1518896E+11   2300016E-01 -.1830E+02  .4311E+02   .9999999 -.0002218  .0002712
T 8065 19 .1519039E+11   2300000E-01 -.1283E+01  .1252E+02   .9999999  .0000151  .0001290
T 8066 19 .1518931E+11   2300000E-01  .1425E+01  .1301E+02   .9999999 -.0000338  .0001431
T 8067 19 .1519035E+11   2300022E-01  .1179E+01  .2089E+01   .9999999 -.0000371  .0000473
T 8068 19 .1519190E+11   2300010E-01 -.8432E+01 -.2503E+02   .9999999 -.0002307 -.0001678
T 8069 19 .1518932E+11   2300012E-01  .3566E+01 -.5198E+01   .9999999  .0001610 -.0000369
T 8070 19 .1518966E+11   2300019E-01 -.1641E+01 -.5271E+01   .9999999 -.0002066  .0000017
T 8071 19 .1519029E+11   2300015E-01  .1322E+02 -.1589E+02   .9999999  .0000317 -.0001292
T 8072 19 .1519004E+11   2300015E-01  .1568E+02  .1163E+02   .9999999  .0002184  .0000975
T 8073 19 .1519025E+11   2300007E-01  .1455E+02 -.3760E+01   .9999997  .0007874 -.0000355
T 8074 19 .1519006E+11   2300000E-01  .4849E+01 -.1505E+02   .9999999  .0001324 -.0001830
T 8075 19 .1519019E+11   2300005E-01 -.1296E+02 -.8796E+01   .9999999 -.0002202 -.0000951
T 8076 19 .1518953E+11   2300002E-01  .2767E+02 -.1617E+02   .9999999  .0002239  .0000369
T 8077 19 .1519021E+11   2300015E-01  .1608E+02 -.2043E+02   .9999999  .0001085 -.0002548
T 8078 19 .1519014E+11   2300008E-01 -.1017E+01 -.9854E+01   .9999999 -.0000575 -.0000517
T 8079 19 .1518848E+11   2300019E-01  .2127E+01  .3479E+00   .9999999 -.0000190 -.0000443
T 8080 19 .1519039E+11   2300022E-01  .6154E+01  .1414E+02   .9999999  .0000489  .0001208
T 8081 19 .1519173E+11   2300021E-01  .4596E+01  .1113E+02   .9999999 -.0000885  .0002417
T 8082 19 .1518961E+11   2300006E-01  .1184E+02 -.2495E+02   .9999999  .0001427 -.0000564
T 8083 19 .1518957E+11   2300016E-01 -.1047E+01 -.1772E+02   .9999999 -.0000658 -.0001478
T 8084 19 .1518899E+11   2300018E-01  .4471E+01 -.1866E+01   .9999999  .0000921 -.0000063
T 8085 19 .1519120E+11   2300017E-01  .1286E+01  .1035E+02   .9999999  .0000087  .0001310
T 8086 19 .1519023E+11   2300012E-01 -.1895E+01  .4783E+01   .9999999 -.0000021  .0000730
T 8087 19 .1519220E+11   2300011E-01  .2385E+02  .4145E+01   .9999999  .0003147  .0000181
T 8088 19 .1518906E+11   2300004E-01 -.1297E+02 -.5950E+00   .9999999 -.0000623 -.0000975
T 8089 19 .1518912E+11   2300009E-01  .1593E+02  .1490E+02   .9999999  .0001837  .0001277
T 8090 19 .1518843E+11   2300012E-01  .7380E+01 -.1715E+01   .9999999  .0001932 -.0000570
T 8091 19 .1518903E+11   2300017E-01  .3744E+01  .3071E+01   .9999999 -.0000910  .0002201
T 8092 19 .1518956E+11   2300005E-01  .2085E+02  .5466E+01   .9999999  .0000695  .0002218
T 8093 19 .1519029E+11   2300016E-01  .3089E+01 -.2959E+01   .9999999  .0001079 -.0000614
T 8094 19 .1519075E+11   2300011E-01  .5619E+01 -.1467E+01   .9999999  .0000766  .0000168
T 8095 19 .1518969E+11   2300003E-01  .1734E+02 -.4531E+01   .9999999  .0003151 -.0000554
T 8096 19 .1519112E+11   2300022E-01 -.4652E+01 -.1833E+00   .9999999 -.0001253 -.0000243
T 8097 19 .1518751E+11   2300012E-01  .8912E+01 -.6712E+01   .9999999  .0000675  .0000315
T 8098 19 .1518784E+11   2300007E-01 -.7453E+01 -.9901E+01   .9999999 -.0001551 -.0003852
T 8099 19 .1519020E+11   2300010E-01  .2618E+02 -.2311E+01   .9999999  .0001359  .0000189
T 8100 19 .1519082E+11   2300009E-01 -.1020E+02 -.3594E+00   .9999999 -.0001854 -.0000030
T 8101 19 .1519206E+11   2300006E-01  .1053E+02  .7364E+00   .9999999  .0000806 -.0000530
T 8102 19 .1519157E+11   2300002E-01  .1882E+01  .8069E+01   .9999999  .0000092  .0000166
T 8103 19 .1518983E+11   2300023E-01  .1861E+02  .1701E+02   .9999999  .0000990  .0000453
T 8104 19 .1518888E+11   2300022E-01 -.2752E+02  .1666E+02   .9999999 -.0002369  .0003574
T 8105 19 .1518996E+11   2300018E-01  .4254E+01 -.1207E+01   .9999999 -.0000079  .0000502
T 8106 19 .1518904E+11   2300003E-01 -.7304E+01  .6568E+01   .9999999 -.0000675  .0001224
T 8107 19 .1518955E+11   2300008E-01  .2847E+01 -.2218E+02   .9999999  .0000071 -.0003534
T 8108 19 .1518966E+11   2300021E-01  .6030E+00 -.9609E+01   .9999999  .0000968  .0000085
T 8109 19 .1518932E+11   2300005E-01  .8819E+01 -.2297E+01   .9999999  .0001962  .0000209
T 8110 19 .1518899E+11   2300022E-01  .5791E+00 -.3037E+01   .9999999 -.0000269 -.0000189
T 8111 19 .1518919E+11   2300012E-01 -.7441E+01  .8392E+01   .9999999  .0000750  .0000366
T 8112 19 .1518968E+11   2300010E-01  .1287E+01 -.5601E+01   .9999999 -.0001665 -.0003769
T 8113 19 .1518965E+11   2300010E-01  .1927E+01  .1697E+02   .9999999  .0001257  .0002785
T 8114 19 .1518937E+11   2300003E-01  .4753E+01 -.3972E+01   .9999999  .0000153 -.0001081
T 8115 19 .1519076E+11   2300010E-01  .3585E+01  .1127E+02   .9999999  .0000460  .0001571
T 8116 19 .1518899E+11   2300010E-01 -.1766E+01 -.1640E+01   .9999999 -.0000729  .0000328
T 8117 19 .1518792E+11   2300008E-01 -.8285E+01  .1882E+01   .9999999 -.0001669  .0000707
T 8118 19 .1519081E+11   2300022E-01  .6075E+01  .6529E+01   .9999999 -.0000086  .0000756
T 8119 19 .1519039E+11   2300010E-01  .1013E+02  .8894E+01   .9999999  .0000822  .0001020
T 8120 19 .1519038E+11   2300001E-01 -.1864E+01  .1488E+02   .9999999 -.0000209  .0002147
T 8121 19 .1518931E+11   2300009E-01 -.1702E+01 -.1647E+01   .9999999 -.0000457  .0000233
T 8122 19 .1519150E+11   2300016E-01 -.4922E+00  .3467E+01   .9999999 -.0001189  .0001013
T 8123 19 .1519045E+11   2300005E-01  .6203E+01  .1107E+02   .9999999  .0000491  .0001093
T 8124 19 .1518886E+11   2300001E-01  .2250E+01 -.6733E+00   .9999999 -.0001162 -.0001361
T 8125 19 .1518964E+11   2300019E-01 -.1147E+01 -.5242E+01   .9999999  .0001573 -.0001797
T 8126 19 .1519026E+11   2300014E-01 -.2621E+02  .3076E+00   .9999999 -.0002437  .0000235
T 8127 19 .1519079E+11   2300019E-01  .8017E+01 -.1136E+02   .9999999  .0001661 -.0001349
T 8128 19 .1518896E+11   2300007E-01  .5731E+01  .4566E+01   .9999999 -.0000055 -.0000634
T 8129 19 .1518842E+11   2300005E-01  .1360E+02  .9723E+01   .9999998  .0003052  .0004573
T 8130 19 .1519037E+11   2300006E-01 -.1580E+02 -.1583E+01   .9999999 -.0000948  .0000118
T 8131 19 .1518962E+11   2300007E-01  .6946E+01  .8036E+01   .9999999  .0000919  .0000691
T 8132 19 .1518996E+11   2300014E-01  .2180E+02  .1193E+01   .9999999  .0003243 -.0000945
T 8133 19 .1519013E+11   2300014E-01  .1592E+01 -.6204E+01   .9999999  .0000072 -.0002330
T 8134 19 .1518900E+11   2300006E-01 -.1066E+01  .7587E+01   .9999999  .0000609  .0000646
T 8135 19 .1518975E+11   2300015E-01  .2007E+02  .3588E+01   .9999999  .0001302  .0001043
T 8136 19 .1518869E+11   2300005E-01 -.1380E+01  .5148E+01   .9999999 -.0001108 -.0000529
T 8137 19 .1518937E+11   2300019E-01 -.7643E+01 -.5227E+01   .9999999 -.0001271 -.0001174
T 8138 19 .1518983E+11   2300021E-01 -.7007E+00  .1026E+02   .9999999 -.0001128  .0001751
T 8139 19 .1518891E+11   2300020E-01  .2398E+01  .9074E+01   .9999999  .0000081  .0001083
T 8140 19 .1518986E+11   2300017E-01 -.2329E+01  .2880E+01   .9999999 -.0000527  .0001389
T 8141 19 .1519000E+11   2300012E-01  .4775E+01  .1170E+02   .9999999  .0000192  .0000496
T 8142 19 .1519140E+11   2300000E-01  .9339E+01  .6487E+01   .9999999  .0002484  .0000523
T 8143 19 .1519049E+11   2300019E-01 -.1942E+02  .4561E+01   .9999999 -.0002554  .0000391
T 8144 19 .1519193E+11   2300012E-01 -.1637E+02  .1433E+02   .9999999 -.0002389  .0002146
T 8145 19 .1518994E+11   2300013E-01 -.8136E+01  .1876E+01   .9999999 -.0000715  .0000246
T 8146 19 .1519050E+11   2300017E-01  .1781E+02  .1532E+02   .9999999  .0003383  .0003130
T 8147 19 .1519141E+11   2300003E-01 -.7463E+01  .1776E+01   .9999999  .0001102 -.0002016
T 8148 19 .1518961E+11   2300013E-01 -.3644E+02  .2856E-01   .9999999 -.0004034  .0000784
T 8149 19 .1519033E+11   2300015E-01  .1786E+02 -.4737E+01   .9999999 -.0000379 -.0002492
T 8150 19 .1518914E+11   2300018E-01  .8483E+01 -.7436E+01   .9999999  .0000743 -.0000984
T 8151 19 .1518999E+11   2300016E-01 -.2712E+01 -.1233E+02   .9999999 -.0000248 -.0001452
T 8152 19 .1518958E+11   2300008E-01 -.5015E+01 -.1112E+02   .9999999 -.0000274 -.0001001
T 8153 19 .1519033E+11   2300006E-01 -.2478E+01  .1318E+02   .9999999 -.0000949  .0001539
T 8154 19 .1518970E+11   2300008E-01 -.3092E+02 -.1432E+02   .9999998 -.0004480 -.0003475
T 8155 19 .1518981E+11   2300008E-01  .1866E+02  .6861E+01   .9999999  .0002176  .0000377
T 8156 19 .1519042E+11   2300017E-01 -.1188E+01  .6716E+01   .9999999  .0000067  .0000267
T 8157 19 .1519138E+11   2300021E-01  .4868E+01 -.2190E+01   .9999999  .0000654  .0001167
T 8158 19 .1519102E+11   2300001E-01  .5607E+02 -.1802E+01   .9999999  .0003714 -.0000783
T 8159 19 .1519052E+11   2300019E-01 -.2820E+01  .4229E+01   .9999999  .0000388  .0001447
T 8160 19 .1519157E+11   2300004E-01  .4009E+01  .5822E+01   .9999999 -.0000642  .0000209
T 8161 19 .1519211E+11   2300018E-01  .8478E+01 -.1481E+02   .9999999  .0000414 -.0001652
T 8162 19 .1518987E+11   2300021E-01  .2676E+00  .2123E+02   .9999999 -.0000530  .0003826
T 8163 19 .1518902E+11   2300011E-01 -.6628E+00  .2895E+01   .9999999  .0000102  .0001284
T 8164 19 .1518918E+11   2300000E-01 -.8377E+01 -.1346E+02   .9999999  .0000269 -.0002141
T 8165 19 .1518964E+11   2300004E-01 -.1675E+01  .4775E+01   .9999999 -.0000888  .0001376
T 8166 19 .1519058E+11   2300017E-01  .7893E+00 -.1376E+02   .9999999 -.0000719  .0000698
T 8167 19 .1518944E+11   2300002E-01  .2865E+01 -.9223E+01   .9999999  .0001737 -.0002008
T 8168 19 .1518956E+11   2300020E-01  .2661E+02  .1829E+02   .9999999  .0002530  .0002103
T 8169 19 .1519045E+11   2300001E-01 -.1949E+02  .2113E+02   .9999999 -.0003484  .0002870
T 8170 19 .1519091E+11   2300015E-01  .1464E+02  .2075E+01   .9999999  .0002077 -.0000154
T 8171 19 .1518969E+11   2300010E-01 -.9306E+01 -.4718E+01   .9999999 -.0002102 -.0000281
T 8172 19 .1519039E+11   2300023E-01 -.2653E+02  .2348E+02   .9999999 -.0001846  .0001584
T 8173 19 .1519034E+11   2300021E-01 -.3736E+01 -.5054E+01   .9999999  .0000103 -.0001894
T 8174 19 .1519082E+11   2300006E-01 -.5068E+01  .5612E+01   .9999999 -.0001840 -.0000063
T 8175 19 .1518777E+11   2300017E-01 -.6936E+01  .1021E+02   .9999999 -.0001087  .0001008
T 8176 19 .1519119E+11   2300021E-01 -.1073E+02 -.1148E+02   .9999999 -.0001210 -.0002993
T 8177 19 .1519087E+11   2300018E-01  .2973E+01  .1199E+01   .9999999 -.0000799 -.0001062
T 8178 19 .1519220E+11   2300003E-01  .2346E+01 -.7947E+01   .9999999  .0001287 -.0001355
T 8179 19 .1518919E+11   2300010E-01  .7475E+01  .5280E+01   .9999999  .0001313  .0001033
T 8180 19 .1519084E+11   2300001E-01  .2446E+01 -.2144E+02   .9999999  .0000428 -.0004220
T 8181 19 .1519015E+11   2300017E-01 -.9719E+01  .1083E+02   .9999999 -.0001981  .0002683
T 8182 19 .1519114E+11   2300018E-01 -.9087E+01  .2265E+02   .9999999 -.0001483  .0002196
T 8183 19 .1519077E+11   2300005E-01  .3131E+02  .1600E+01   .9999999  .0001708 -.0001671
T 8184 19 .1519031E+11   2300003E-01  .9283E+01  .5904E+01   .9999999 -.0000051  .0001323
T 8185 19 .1518983E+11   2300019E-01  .5499E+01  .2042E+02   .9999999  .0000909  .0002601
T 8186 19 .1518890E+11   2300022E-01 -.8493E+01  .1467E+01   .9999999 -.0001334  .0000920
T 8187 19 .1518924E+11   2300001E-01 -.4023E+01 -.3630E+01   .9999999  .0000038  .0001245
T 8188 19 .1519127E+11   2300005E-01 -.9362E+01  .1207E+02   .9999999 -.0002461  .0001563
T 8189 19 .1518912E+11   2300017E-01  .1514E+02 -.3553E+01   .9999999  .0001950 -.0000180
T 8190 19 .1518911E+11   2300001E-01 -.2404E+02 -.1475E+02   .9999999 -.0003260 -.0002021
T 8191 19 .1518928E+11   2300009E-01  .6555E+02  .9710E+01   .9999999  .0004365 -.0000082
T 8192 19 .1519022E+11   2300002E-01 -.1099E+02  .5981E-01   .9999999 -.0000174 -.0000066
T 8193 19 .1519159E+11   2300023E-01  .1241E+01  .1784E+01   .9999999  .0000189  .0000581
T 8194 19 .1519075E+11   2300018E-01 -.7312E+01 -.8565E+01   .9999999 -.0001178  .0000023
T 8195 19 .1519221E+11   2300009E-01  .9968E+01 -.5861E+01   .9999999  .0000863 -.0001391
T 8196 19 .1518817E+11   2300020E-01 -.7241E+01  .7143E+01   .9999999 -.0000945  .0001309
T 8197 19 .1518854E+11   2300004E-01  .1864E+01  .3141E+01   .9999999  .0001644 -.0000461
T 8198 19 .1518784E+11   2300016E-01  .8818E+01 -.9954E+00   .9999999  .0001565 -.0000502
T 8199 19 .1519000E+11   2300014E-01 -.1837E+02  .7686E+01   .9999999 -.0000769  .0001800
T 8200 19 .1518930E+11   2300021E-01  .4615E+01  .1990E+02   .9999999  .0000715  .0003808
T 8201 19 .1518986E+11   2300001E-01 -.3082E+01  .9652E+00   .9999999  .0000754  .0000167
T 8202 19 .1519134E+11   2300020E-01 -.4358E+01 -.8664E+01   .9999999 -.0000571 -.0000830
T 8203 19 .1519052E+11   2300004E-01  .1058E+02 -.1241E+02   .9999999  .0001186 -.0000543
T 8204 19 .1519148E+11   2300006E-01  .5538E+01  .3885E+02   .9999998  .0000133  .0005634
T 8205 19 .1519052E+11   2300022E-01  .2625E+01 -.6840E+01   .9999999  .0000105 -.0000799
T 8206 19 .1519027E+11   2300013E-01 -.4896E+01 -.1569E+02   .9999999 -.0002216 -.0001386
T 8207 19 .1519069E+11   2300012E-01  .1442E+00 -.9073E+01   .9999999 -.0000191 -.0001008
T 8208 19 .1518992E+11   2300016E-01  .6421E+01 -.7160E+01   .9999999 -.0000602  .0000191
T 8209 19 .1519162E+11   2300021E-01  .3312E+01  .1205E+02   .9999999  .0000468  .0002258
T 8210 19 .1518841E+11   2300001E-01  .1717E+01  .1683E+02   .9999999  .0000886  .0000604
T 8211 19 .1519031E+11   2300019E-01 -.4861E+01  .8876E+01   .9999999  .0000561  .0001422
T 8212 19 .1518996E+11   2300021E-01  .1005E+01  .6701E+01   .9999999  .0000677  .0001007
T 8213 19 .1518989E+11   2300003E-01  .8416E+01 -.2215E+01   .9999999 -.0000224  .0000106
T 8214 19 .1519076E+11   2300014E-01 -.1621E+01 -.4487E+01   .9999999 -.0001049  .0000530
T 8215 19 .1519122E+11   2300020E-01 -.1815E+01 -.1109E+02   .9999999 -.0000290 -.0000550
T 8216 19 .1519123E+11   2300008E-01 -.5933E+01  .3352E+01   .9999999 -.0001032 -.0000105
T 8217 19 .1518956E+11   2300007E-01 -.2029E+02  .7690E+01   .9999999 -.0000114  .0000532
T 8218 19 .1519062E+11   2300017E-01  .5652E+01  .6938E+00   .9999999  .0000830  .0000313
T 8219 19 .1518999E+11   2300019E-01 -.2944E+02 -.7366E+01   .9999999 -.0001133 -.0000212
T 8220 19 .1519059E+11   2300013E-01  .6274E+01  .2007E+02   .9999999  .0001125  .0000901
T 8221 19 .1519021E+11   2300013E-01  .2234E+02 -.1955E+02   .9999999  .0001391 -.0002699
T 8222 19 .1518884E+11   2300014E-01  .1712E+01  .1465E+02   .9999999  .0000175  .0001716
T 8223 19 .1519032E+11   2300013E-01  .1797E+02  .2445E+01   .9999999  .0003304  .0000630
T 8224 19 .1519019E+11   2300002E-01  .8341E+01 -.1824E+02   .9999999  .0000047 -.0002250
T 8225 19 .1518978E+11   2300022E-01  .2270E+01 -.2077E+02   .9999999 -.0000569 -.0001650
T 8226 19 .1519155E+11   2300002E-01  .1247E+02  .2208E+01   .9999999  .0001860  .0001447
T 8227 19 .1519008E+11   2300015E-01 -.7219E+01 -.1477E+02   .9999999 -.0000082 -.0000520
T 8228 19 .1519113E+11   2300017E-01  .3989E+01  .1566E+01   .9999999 -.0000321 -.0000549
T 8229 19 .1519038E+11   2300003E-01  .6870E+01 -.5684E+02   .9999998  .0000684 -.0005923
T 8230 19 .1519030E+11   2300017E-01  .5610E+00 -.4848E+01   .9999999 -.0000953 -.0001457
T 8231 19 .1519063E+11   2300015E-01  .3334E+01  .1642E+02   .9999999 -.0000494  .0001122
T 8232 19 .1519042E+11   2300020E-01 -.2198E+02 -.2478E+01   .9999999 -.0002680 -.0000140
T 8233 19 .1518971E+11   2300008E-01  .5207E+01 -.3389E+01   .9999999 -.0000428  .0000453
T 8234 19 .1519058E+11   2300016E-01  .3530E+01 -.1424E+02   .9999999  .0000045 -.0001520
T 8235 19 .1518946E+11   2300013E-01 -.1562E+01  .1323E+00   .9999999 -.0001662 -.0000084
T 8236 19 .1519064E+11   2300004E-01  .5193E+01  .5280E+01   .9999999 -.0000304  .0001586
T 8237 19 .1518953E+11   2300003E-01  .1603E+01 -.2261E+02   .9999999  .0000831 -.0001813
T 8238 19 .1518835E+11   2300006E-01  .3501E+02 -.2303E+02   .9999999  .0004205 -.0002888
T 8239 19 .1519017E+11   2300005E-01  .4001E+01  .2527E+02   .9999999  .0000400  .0002322
T 8240 19 .1518967E+11   2300013E-01 -.1594E+02  .2073E-02   .9999999 -.0000974  .0000233
T 8241 19 .1519041E+11   2300009E-01  .1733E+02  .2419E+01   .9999999  .0001143 -.0000382
T 8242 19 .1518880E+11   2300001E-01 -.1194E+02  .1270E+01   .9999999 -.0002228 -.0001737
T 8243 19 .1518973E+11   2300009E-01 -.3788E+01 -.3047E+01   .9999999 -.0001159 -.0001672
T 8244 19 .1518866E+11   2300022E-01 -.2633E+02  .7169E+01   .9999999 -.0001270  .0000096
T 8245 19 .1518966E+11   2300015E-01 -.8931E+01  .2505E+02   .9999999 -.0001447  .0003012
T 8246 19 .1519149E+11   2300013E-01 -.4159E+02 -.3243E+02   .9999998 -.0004972 -.0003232
T 8247 19 .1519072E+11   2300014E-01  .5489E+01 -.7398E+01   .9999999  .0001551 -.0001110
T 8248 19 .1518993E+11   2300009E-01  .5413E+01 -.3671E+01   .9999999  .0001400 -.0000801
T 8249 19 .1519106E+11   2300011E-01 -.3924E+02  .1144E+03   .9999992 -.0004063  .0012130
T 8250 19 .1519055E+11   2300010E-01  .4293E+00  .3708E+01   .9999999 -.0000253  .0000132
T 8251 19 .1518995E+11   2300021E-01 -.1831E+02  .1321E+01   .9999999 -.0002661  .0002082
T 8252 19 .1518852E+11   2300022E-01  .3254E+01  .7428E+01   .9999999  .0000039 -.0000385
T 8253 19 .1519141E+11   2300021E-01 -.1414E+01  .5774E+01   .9999999 -.0001289  .0000073
T 8254 19 .1519021E+11   2300008E-01 -.5683E+01  .7508E+00   .9999999 -.0002477 -.0000923
T 8255 19 .1518843E+11   2300003E-01  .8465E+01 -.1972E+02   .9999999  .0000524 -.0002211
T 8256 19 .1518919E+11   2300022E-01 -.9552E+01  .9963E+01   .9999999 -.0002211 -.0000812
T 8257 19 .1519225E+11   2300020E-01  .9558E+01  .1320E+02   .9999999  .0001634  .0001996
T 8258 19 .1519027E+11   2300016E-01 -.1939E+02  .1627E+02   .9999999 -.0002143  .0003042
T 8259 19 .1519006E+11   2300005E-01 -.1111E+01  .8592E+00   .9999999  .0000564 -.0000468
T 8260 19 .1519003E+11   2300006E-01  .1574E+01 -.2860E+01   .9999999 -.0000663 -.0000128
T 8261 19 .1518926E+11   2300021E-01 -.5791E+01 -.9846E+01   .9999999 -.0000349 -.0002222
T 8262 19 .1519004E+11   2300011E-01 -.6186E+01 -.5564E+01   .9999999 -.0001934 -.0000977
T 8263 19 .1518943E+11   2300020E-01  .1133E+02 -.1689E+02   .9999999 -.0000022 -.0002905
T 8264 19 .1518962E+11   2300018E-01 -.1680E+02 -.6981E+01   .9999999 -.0000813  .0000208
T 8265 19 .1519011E+11   2300010E-01 -.9049E+01  .9177E+01   .9999999 -.0001158 -.0000129
T 8266 19 .1519040E+11   2300022E-01  .1614E+01  .1783E+01   .9999999 -.0000682  .0000640
T 8267 19 .1518992E+11   2300002E-01  .1561E+02 -.1573E+02   .9999999  .0000880 -.0000558
T 8268 19 .1518965E+11   2300019E-01 -.4956E+01 -.9538E+01   .9999999  .0000698 -.0001968
T 8269 19 .1519039E+11   2300015E-01 -.8927E+01 -.3801E+01   .9999999 -.0000774  .0000379
T 8270 19 .1519090E+11   2300015E-01 -.9319E+01 -.4190E+01   .9999999 -.0000557 -.0001716
T 8271 19 .1518999E+11   2300010E-01  .3802E+02  .2619E+01   .9999999  .0004264 -.0003190
T 8272 19 .1519018E+11   2300009E-01  .2327E+01 -.3966E+01   .9999999 -.0000816 -.0000168
T 8273 19 .1518837E+11   2300011E-01  .1094E+02 -.9477E+01   .9999999  .0000669 -.0000853
T 8274 19 .1519028E+11   2300022E-01  .1080E+02 -.7845E+01   .9999999 -.0000577 -.0000864
T 8275 19 .1519138E+11   2300013E-01 -.3369E+02  .2314E+02   .9999999 -.0003751  .0003910
T 8276 19 .1519028E+11   2300013E-01 -.1005E+02 -.5086E+01   .9999999 -.0000370  .0000006
T 8277 19 .1518774E+11   2300000E-01 -.4074E+01  .3130E+01   .9999999 -.0000589  .0000925
T 8278 19 .1519022E+11   2300006E-01 -.1442E+02 -.1723E+02   .9999999 -.0001124 -.0001967
T 8279 19 .1519068E+11   2300013E-01 -.1152E+02 -.1392E+02   .9999999 -.0003477 -.0001778
T 8280 19 .1519014E+11   2300006E-01 -.9975E+01  .1421E+02   .9999999 -.0000185  .0001754
T 8281 19 .1518969E+11   2300005E-01  .4033E+01 -.1796E+01   .9999999 -.0000889 -.0000022
T 8282 19 .1518972E+11   2300004E-01  .1368E+02  .1357E+02   .9999999 -.0000280  .0002082
T 8283 19 .1519009E+11   2300005E-01 -.6321E+01 -.8671E+01   .9999999 -.0002073 -.0001384
T 8284 19 .1518989E+11   2300022E-01 -.8670E+01 -.1792E+02   .9999999 -.0000571 -.0002383
T 8285 19 .1518884E+11   2300001E-01 -.3522E+01 -.5713E+01   .9999999  .0000324  .0000255
T 8286 19 .1519056E+11   2300011E-01 -.1921E+02 -.1295E+02   .9999999 -.0001976 -.0002213
T 8287 19 .1518946E+11   2300005E-01 -.3679E+01  .7824E+01   .9999999 -.0000870  .0001579
T 8288 19 .1519053E+11   2300012E-01  .4210E+01  .6570E+01   .9999999  .0000251  .0000663
T 8289 19 .1519023E+11   2300021E-01  .3221E+01  .9538E+00   .9999999  .0001639  .0000917
T 8290 19 .1519163E+11   2300017E-01  .6513E+01 -.1783E+02   .9999999  .0000958 -.0003530
T 8291 19 .1518868E+11   2300019E-01 -.1949E+01 -.4195E+01   .9999999  .0000757 -.0000670
T 8292 19 .1518941E+11   2300010E-01  .8791E+01 -.2705E+01   .9999999 -.0000076 -.0000084
T 8293 19 .1519038E+11   2300012E-01 -.5908E+01 -.9774E+01   .9999999 -.0000993 -.0001929
T 8294 19 .1518817E+11   2300012E-01 -.1119E+01 -.6026E+01   .9999999 -.0000494 -.0001289
T 8295 19 .1519105E+11   2300012E-01  .6521E+01  .1354E+02   .9999999  .0000617  .0001287
T 8296 19 .1518984E+11   2300016E-01  .9987E+01  .2987E+01   .9999999  .0001360  .0000500
T 8297 19 .1518900E+11   2300001E-01  .3402E+01 -.4210E+01   .9999999  .0000991 -.0000222
T 8298 19 .1519085E+11   2300001E-01 -.7020E+01  .1610E+02   .9999999  .0000768  .0000885
T 8299 19 .1518867E+11   2300019E-01  .2057E+01  .6545E+01   .9999999  .0001095  .0000999
T 8300 19 .1519061E+11   2300004E-01 -.1155E+02  .1122E+03   .9999994 -.0002021  .0010902
T 8301 19 .1519052E+11   2300019E-01 -.1731E+02  .3200E+01   .9999999 -.0001721 -.0001342
T 8302 19 .1519010E+11   2300020E-01  .1339E+02  .4960E+01   .9999999  .0000768  .0000168
T 8303 19 .1518920E+11   2300004E-01 -.5391E+01  .9409E+01   .9999999 -.0000900  .0000899
T 8304 19 .1518984E+11   2300018E-01 -.3409E+01 -.2300E+02   .9999999 -.0001531 -.0000692
T 8305 19 .1518893E+11   2300002E-01 -.1773E+02  .5460E+01   .9999999 -.0000776  .0000244
T 8306 19 .1518984E+11   2300004E-01 -.9221E+01 -.1048E+02   .9999999 -.0002011 -.0001806
T 8307 19 .1519052E+11   2300022E-01  .1909E+02  .1462E+02   .9999999  .0001037  .0001838
T 8308 19 .1518959E+11   2300019E-01  .1277E+02  .1308E+02   .9999999  .0001538  .0002135
T 8309 19 .1519012E+11   2300016E-01  .1245E+02 -.1812E+02   .9999999  .0001969 -.0001512
T 8310 19 .1519065E+11   2300014E-01  .1066E+02 -.1709E+02   .9999999  .0001192 -.0001921
T 8311 19 .1518966E+11   2300016E-01  .2113E+02  .1245E+02   .9999999  .0001795  .0001804
T 8312 19 .1518991E+11   2300009E-01 -.4265E+01  .1614E+02   .9999999 -.0000015  .0001131
T 8313 19 .1518982E+11   2300021E-01 -.3530E+01  .4029E+01   .9999999 -.0000647  .0000735
T 8314 19 .1519099E+11   2300003E-01  .1633E+01  .7051E+01   .9999999 -.0000765  .0000245
T 8315 19 .1519146E+11   2300019E-01 -.3322E+01 -.7630E+01   .9999999 -.0001251 -.0001103
T 8316 19 .1518978E+11   2300018E-01  .4818E+01 -.3661E+01   .9999999  .0001827 -.0001267
T 8317 19 .1518930E+11   2300008E-01 -.2005E+02 -.3085E+01   .9999999 -.0001826 -.0001940
T 8318 19 .1519103E+11   2300009E-01 -.1364E+02 -.1601E+02   .9999999 -.0001139 -.0002011
T 8319 19 .1518948E+11   2300019E-01  .9379E+01  .1303E+02   .9999999  .0001139  .0002508
T 8320 19 .1518995E+11   2300020E-01 -.8890E+01  .5116E+02   .9999996 -.0000496  .0008973
T 8321 19 .1518947E+11   2300009E-01 -.6029E+01 -.9245E+00   .9999999 -.0000361 -.0000087
T 8322 19 .1518987E+11   2300017E-01 -.5237E+01 -.5228E+01   .9999999  .0000049 -.0000829
T 8323 19 .1518974E+11   2300018E-01  .2993E+02  .8820E+01   .9999999  .0002394  .0000754
T 8324 19 .1519161E+11   2300008E-01 -.2894E+01  .5299E+01   .9999999 -.0000088  .0000269
T 8325 19 .1518806E+11   2300022E-01 -.3952E+01 -.1338E+02   .9999999  .0000714 -.0002450
T 8326 19 .1518844E+11   2300016E-01  .2884E+01 -.3644E+01   .9999999  .0001720  .0001026
T 8327 19 .1519129E+11   2300014E-01  .1406E+02 -.4823E+01   .9999999  .0000784 -.0000166
T 8328 19 .1519111E+11   2300020E-01 -.2255E+01 -.1454E+02   .9999999 -.0000262 -.0001820
T 8329 19 .1519040E+11   2300000E-01  .4136E+01 -.8372E+01   .9999999  .0000315 -.0000171
T 8330 19 .1518903E+11   2300022E-01  .1755E+02 -.2770E+02   .9999997  .0002579 -.0006895
T 8331 19 .1519090E+11   2300014E-01 -.2201E+01  .9827E+01   .9999999 -.0000163  .0001214
T 8332 19 .1519101E+11   2300016E-01  .4513E+01 -.2259E+01   .9999999 -.0000162  .0000751
T 8333 19 .1519041E+11   2300002E-01 -.4530E+01  .5949E+01   .9999999 -.0000462  .0001576
T 8334 19 .1519056E+11   2300004E-01  .7264E+01  .8784E+01   .9999999  .0001647  .0003793
T 8335 19 .1519032E+11   2300020E-01  .4196E+01  .1020E+02   .9999998  .0004064  .0004849
T 8336 19 .1518996E+11   2300016E-01 -.1341E+02  .2045E+01   .9999999 -.0001532  .0000534
T 8337 19 .1519034E+11   2300013E-01  .6233E+01 -.1055E+02   .9999999  .0000131 -.0002709
T 8338 19 .1518875E+11   2300011E-01  .9305E+01  .6161E+01   .9999999  .0000708 -.0000860
T 8339 19 .1518937E+11   2300009E-01 -.3893E+00  .9401E+01   .9999999  .0000710  .0001770
T 8340 19 .1519082E+11   2300013E-01  .6171E+01  .1205E+02   .9999999 -.0000298  .0000349
T 8341 19 .1519052E+11   2300005E-01  .1165E+02  .8637E+01   .9999999  .0001110  .0001861
T 8342 19 .1519101E+11   2300007E-01  .1675E+02  .2677E+01   .9999999  .0002617  .0000487
T 8343 19 .1519086E+11   2300023E-01 -.1663E+02 -.1939E+02   .9999999 -.0001752 -.0001332
T 8344 19 .1518812E+11   2300017E-01  .2728E+01  .5489E+01   .9999999  .0000216  .0001680
T 8345 19 .1518872E+11   2300011E-01  .2139E+01 -.1108E+02   .9999999  .0000139 -.0001861
T 8346 19 .1518961E+11   2300020E-01  .7200E+01  .1176E+02   .9999999 -.0000681 -.0000543
T 8347 19 .1518955E+11   2300014E-01 -.2876E+02  .5066E+01   .9999999 -.0002782  .0003149
T 8348 19 .1518953E+11   2300011E-01 -.7254E+01 -.1214E+02   .9999999 -.0000552 -.0003966
T 8349 19 .1519091E+11   2300011E-01  .2753E+02 -.2041E+02   .9999999  .0003498 -.0002061
T 8350 19 .1519119E+11   2300016E-01  .4487E+01 -.1341E+02   .9999999 -.0001394 -.0002584
T 8351 19 .1518929E+11   2300001E-01 -.2773E+02  .7678E+01   .9999999 -.0002175  .0000716
T 8352 19 .1519159E+11   2300021E-01  .4774E+00  .5011E+01   .9999999 -.0000861  .0001400
T 8353 19 .1519160E+11   2300023E-01 -.3341E+00 -.5487E+01   .9999999 -.0000875  .0001634
T 8354 19 .1518937E+11   2300012E-01 -.2411E+01 -.2106E+01   .9999999 -.0000015 -.0000350
T 8355 19 .1518962E+11   2300017E-01 -.5113E+01  .7350E+02   .9999997 -.0001469  .0007147
T 8356 19 .1519166E+11   2300008E-01  .1118E+02  .5118E+01   .9999999  .0001197  .0001886
T 8357 19 .1519041E+11   2300015E-01 -.6627E+01 -.8586E+01   .9999999  .0000011 -.0002281
T 8358 19 .1519089E+11   2300017E-01 -.1184E+02  .1245E+02   .9999999 -.0001037  .0000486
T 8359 19 .1519022E+11   2300009E-01 -.9461E+01  .7437E+01   .9999999 -.0000149  .0000056
T 8360 19 .1518938E+11   2300007E-01  .1007E+02 -.1024E+02   .9999999  .0000311 -.0000791
T 8361 19 .1519018E+11   2300010E-01 -.4904E+01  .1518E+02   .9999999 -.0002382  .0001347
T 8362 19 .1518935E+11   2300005E-01 -.5992E+00  .8407E+01   .9999999 -.0000375  .0000619
T 8363 19 .1518909E+11   2300011E-01 -.1283E+02 -.2256E+01   .9999999  .0000271 -.0000402
T 8364 19 .1518988E+11   2300002E-01 -.7544E+00 -.1700E+02   .9999999  .0000921 -.0000745
T 8365 19 .1519046E+11   2300002E-01 -.5205E+01 -.8285E+01   .9999999 -.0000953 -.0000307
T 8366 19 .1518944E+11   2300014E-01 -.5734E+01 -.1658E+02   .9999999 -.0001972 -.0000874
T 8367 19 .1519047E+11   2300013E-01  .6620E+01  .8399E+01   .9999999  .0000674  .0002260
T 8368 19 .1518972E+11   2300004E-01  .2894E+01 -.1017E+02   .9999999 -.0000931 -.0000757
T 8369 19 .1519096E+11   2300013E-01  .6775E+02 -.1212E+01   .9999998  .0006952  .0001154
T 8370 19 .1519132E+11   2300006E-01  .2643E+01 -.3799E+01   .9999999  .0000448 -.0000399
T 8371 19 .1519173E+11   2300020E-01 -.1086E+02  .5304E+01   .9999999 -.0000874 -.0000365
T 8372 19 .1518906E+11   2300001E-01 -.1100E+02 -.5252E+01   .9999999 -.0000711 -.0000751
T 8373 19 .1519076E+11   2300006E-01 -.1771E+02 -.1728E+02   .9999999 -.0002223 -.0002433
T 8374 19 .1518978E+11   2300010E-01  .1123E+02  .1750E+02   .9999999  .0000748  .0002167
T 8375 19 .1519004E+11   2300004E-01  .3357E+01  .8195E+01   .9999999 -.0000127  .0001219
T 8376 19 .1518931E+11   2300003E-01 -.2701E+02  .1528E+02   .9999999 -.0003249  .0003176
T 8377 19 .1519161E+11   2300022E-01 -.7822E+01 -.4185E+01   .9999999 -.0000040  .0000097
T 8378 19 .1518975E+11   2300022E-01 -.9558E+00  .1657E+02   .9999999  .0000089  .0000367
T 8379 19 .1519038E+11   2300020E-01 -.9335E+00 -.4095E+01   .9999999  .0000762 -.0000056
T 8380 19 .1518960E+11   2300017E-01  .2620E+02  .1108E+02   .9999999  .0000785  .0000943
T 8381 19 .1518954E+11   2300006E-01 -.1206E+02 -.3456E+01   .9999999 -.0001388 -.0001156
T 8382 19 .1518977E+11   2300012E-01  .1227E+02 -.1092E+02   .9999999  .0003101 -.0000459
T 8383 19 .1519039E+11   2300005E-01  .4684E+01 -.4949E+01   .9999999  .0000721 -.0000623
T 8384 19 .1518969E+11   2300001E-01  .1168E+02  .5500E+01   .9999999  .0001919  .0000528
T 8385 19 .1518852E+11   2300017E-01 -.2147E+01 -.3689E+01   .9999999  .0001737 -.0000619
T 8386 19 .1518930E+11   2300018E-01  .2240E+02 -.8342E+01   .9999999  .0002267 -.0001908
T 8387 19 .1518934E+11   2300014E-01 -.2007E+02  .8876E+01   .9999999 -.0001367  .0000815
T 8388 19 .1518986E+11   2300004E-01  .1261E+01  .2500E+01   .9999999  .0000069  .0000397
T 8389 19 .1519060E+11   2300002E-01 -.1076E+02  .2760E+02   .9999999 -.0001093  .0002816
T 8390 19 .1519114E+11   2300014E-01  .2905E+02  .5737E+01   .9999999  .0001666  .0001175
T 8391 19 .1518975E+11   2300016E-01  .3657E+01  .3503E+00   .9999999  .0000994 -.0000799
T 8392 19 .1519086E+11   2300003E-01 -.7197E+01  .2028E+01   .9999999 -.0000537 -.0000187
T 8393 19 .1519038E+11   2300020E-01 -.1620E+02  .3576E+01   .9999999 -.0000608  .0000950
T 8394 19 .1518890E+11   2300015E-01 -.2852E+01  .6778E+02   .9999999  .0001376  .0005254
T 8395 19 .1518890E+11   2300022E-01 -.5612E+01 -.4939E+00   .9999999 -.0001112 -.0000374
T 8396 19 .1519019E+11   2300002E-01 -.5739E+01  .3660E+00   .9999999 -.0000425  .0000174
T 8397 19 .1519023E+11   2300008E-01  .6563E+01  .1358E+02   .9999999  .0000194  .0001730
T 8398 19 .1519130E+11   2300022E-01 -.1417E+02  .1774E+02   .9999999 -.0001706  .0002160
T 8399 19 .1518929E+11   2300021E-01  .1113E+02  .2075E+02   .9999999  .0000977  .0002825
T 8400 19 .1519015E+11   2300001E-01 -.8617E+01 -.6857E+01   .9999999 -.0000628  .0000193
T 8401 19 .1519032E+11   2300019E-01  .1358E+01  .6984E+01   .9999999  .0000979  .0001285
T 8402 19 .1519125E+11   2300008E-01 -.1023E+02 -.4411E+01   .9999999  .0000295 -.0001058
T 8403 19 .1518980E+11   2300007E-01 -.6436E+01  .2551E+01   .9999999 -.0000394  .0000017
T 8404 19 .1518942E+11   2300016E-01  .1421E+02 -.7277E+01   .9999999 -.0000049 -.0000215
T 8405 19 .1518912E+11   2300014E-01 -.1741E+02 -.6388E+01   .9999999 -.0002236 -.0000732
T 8406 19 .1518927E+11   2300011E-01 -.2692E+01 -.2778E+01   .9999999  .0000048  .0000727
T 8407 19 .1519008E+11   2300016E-01 -.1338E+02  .1015E+01   .9999999 -.0001231 -.0000009
T 8408 19 .1519079E+11   2300019E-01 -.2759E+01  .3064E+02   .9999999 -.0000413  .0003263
T 8409 19 .1519026E+11   2300011E-01  .3511E+01  .2498E+01   .9999999  .0000357  .0000300
T 8410 19 .1518874E+11   2300004E-01 -.2131E+01  .6509E+01   .9999999 -.0001197  .0000777
T 8411 19 .1519107E+11   2300014E-01  .1384E+02  .5788E+01   .9999999  .0003429 -.0001445
T 8412 19 .1518863E+11   2300004E-01 -.4158E+01  .8053E+00   .9999999 -.0000926 -.0000405
T 8413 19 .1518887E+11   2300014E-01 -.8216E+01 -.1785E+02   .9999999 -.0002139 -.0002133
T 8414 19 .1518900E+11   2300009E-01 -.1068E+02 -.6317E+01   .9999999 -.0001037 -.0000716
T 8415 19 .1518966E+11   2300016E-01  .2219E+02 -.1619E+02   .9999999  .0003345 -.0001180
T 8416 19 .1518903E+11   2300016E-01 -.1403E+02  .1690E+02   .9999999 -.0001041  .0001547
T 8417 19 .1518977E+11   2300018E-01  .5551E+01  .1204E+02   .9999999  .0000839  .0000565
T 8418 19 .1518955E+11   2300001E-01 -.1772E+02 -.3221E+01   .9999999 -.0001138 -.0000552
T 8419 19 .1519012E+11   2300000E-01 -.5396E+01 -.1373E+02   .9999999 -.0002179 -.0001689
T 8420 19 .1519011E+11   2300004E-01  .6711E+01  .2566E+01   .9999999  .0002294  .0002039
T 8421 19 .1519042E+11   2300019E-01 -.2845E+01  .6102E+01   .9999999  .0000049  .0000550
T 8422 19 .1519153E+11   2300018E-01 -.1279E+02  .3202E+00   .9999999 -.0001539  .0002244
T 8423 19 .1518841E+11   2300003E-01  .1028E+01  .1666E+02   .9999999 -.0000653  .0001271
T 8424 19 .1519115E+11   2300019E-01 -.5010E+01  .2720E+01   .9999999 -.0001327  .0000530
T 8425 19 .1518905E+11   2300018E-01 -.1358E+02  .7121E+01   .9999999 -.0001308  .0001407
T 8426 19 .1519169E+11   2300017E-01  .1101E+02 -.1167E+02   .9999999  .0001651 -.0000168
T 8427 19 .1518987E+11   2300006E-01  .6004E+01  .4206E+02   .9999999  .0001006  .0003787
T 8428 19 .1519006E+11   2300013E-01  .3904E+01 -.1030E+02   .9999999  .0002180 -.0002532
T 8429 19 .1518946E+11   2300010E-01 -.7338E+01  .7094E+01   .9999999  .0000190 -.0000245
T 8430 19 .1518852E+11   2300015E-01  .1109E+02  .1218E+02   .9999999  .0004180  .0001209
T 8431 19 .1519023E+11   2300005E-01  .1905E+01  .9364E+01   .9999999 -.0000475  .0004891
T 8432 19 .1518868E+11   2300007E-01  .4476E+01 -.2057E+01   .9999999  .0001005 -.0000633
T 8433 19 .1518992E+11   2300019E-01  .1426E+02 -.8790E+01   .9999999  .0002994 -.0000751
T 8434 19 .1518949E+11   2300011E-01 -.1483E+02 -.5536E+01   .9999999 -.0002483  .0000771
T 8435 19 .1518792E+11   2300012E-01  .6745E+01 -.2030E+01   .9999999  .0001560 -.0000695
T 8436 19 .1519012E+11   2300003E-01  .7105E+01 -.7048E+01   .9999999 -.0001611 -.0000963
T 8437 19 .1518907E+11   2300022E-01 -.8983E+01  .9052E+01   .9999999  .0000616  .0002418
T 8438 19 .1519101E+11   2300005E-01  .6789E+01 -.1125E+02   .9999999  .0000696 -.0000338
T 8439 19 .1518973E+11   2300015E-01 -.1148E+02 -.1510E+02   .9999999 -.0000468 -.0000893
T 8440 19 .1519180E+11   2300000E-01 -.4276E+01  .8162E+00   .9999999 -.0000808  .0000044
T 8441 19 .1519071E+11   2300011E-01  .5676E+01 -.5610E+01   .9999999  .0000822  .0000328
T 8442 19 .1518975E+11   2300002E-01  .9206E+01 -.1210E+02   .9999999  .0002311 -.0001199
T 8443 19 .1519113E+11   2300019E-01 -.7413E+01  .4266E+01   .9999999 -.0001174  .0002044
T 8444 19 .1519013E+11   2300001E-01  .4882E+00  .3960E+01   .9999999  .0000010 -.0000670
T 8445 19 .1519010E+11   2300020E-01 -.1206E+02  .4122E+00   .9999999 -.0001803 -.0000643
T 8446 19 .1518888E+11   2300004E-01  .7459E+01  .1130E+02   .9999999  .0001148 -.0000500
T 8447 19 .1519013E+11   2300007E-01 -.2532E+02 -.3479E+01   .9999999 -.0002976 -.0000560
T 8448 19 .1518944E+11   2300005E-01  .3823E+01  .6487E+01   .9999999  .0000353  .0000398
T 8449 19 .1518988E+11   2300022E-01  .1063E+02 -.1854E+01   .9999999  .0001486  .0000449
T 8450 19 .1518983E+11   2300017E-01  .9745E+01 -.7341E+01   .9999999  .0002586 -.0001480
T 8451 19 .1518958E+11   2300015E-01  .3846E+02 -.9555E+01   .9999999  .0004321 -.0001050
T 8452 19 .1518961E+11   2300020E-01 -.5394E+01  .1396E+01   .9999999  .0000166 -.0000700
T 8453 19 .1518971E+11   2300015E-01  .2617E+02  .2043E+01   .9999999  .0004252  .0001477
T 8454 19 .1519012E+11   2300005E-01  .1782E+01  .2454E+01   .9999999 -.0000149  .0001514
T 8455 19 .1519002E+11   2300011E-01  .4632E+01  .1989E+02   .9999999 -.0000214  .0002242
T 8456 19 .1519002E+11   2300008E-01 -.6016E+01  .1937E+01   .9999999 -.0001037  .0000590
T 8457 19 .1519002E+11   2300004E-01 -.3151E+01 -.1513E+02   .9999999 -.0000678 -.0002750
T 8458 19 .1519014E+11   2300009E-01 -.1220E+02  .1045E+02   .9999999 -.0001177  .0000549
T 8459 19 .1518992E+11   2300002E-01 -.6704E+01 -.3533E+02   .9999999  .0000206 -.0003813
T 8460 19 .1519020E+11   2300019E-01  .2546E+01 -.5551E+01   .9999999 -.0000648  .0000295
T 8461 19 .1519017E+11   2300004E-01 -.1565E+02 -.1669E+02   .9999999  .0001025 -.0003770
T 8462 19 .1519046E+11   2300012E-01  .5574E+01  .1659E+02   .9999999  .0001217  .0003140
T 8463 19 .1518978E+11   2300015E-01  .8943E+01 -.4726E-01   .9999999  .0000105 -.0000027
T 8464 19 .1518977E+11   2300019E-01 -.6124E+01  .8928E+01   .9999999 -.0000950  .0000066
T 8465 19 .1519073E+11   2300018E-01 -.6199E+01  .7382E+01   .9999999 -.0001401  .0001048
T 8466 19 .1518987E+11   2300022E-01 -.3418E+00  .1701E+01   .9999999  .0000077 -.0000027
T 8467 19 .1519013E+11   2300004E-01  .3786E+01 -.5164E+01   .9999999  .0002160 -.0001392
T 8468 19 .1518806E+11   2300011E-01  .7811E+01  .4915E+01   .9999999 -.0000645  .0000603
T 8469 19 .1519103E+11   2300019E-01  .4038E+01 -.1096E+02   .9999999  .0000587 -.0001738
T 8470 19 .1518856E+11   2300012E-01 -.9425E+01 -.7100E+01   .9999999 -.0001790 -.0000861
T 8471 19 .1519003E+11   2300014E-01 -.2877E+02 -.1688E+02   .9999999 -.0003133  .0000350
T 8472 19 .1519121E+11   2300003E-01  .8831E+01 -.2354E+02   .9999999  .0000667 -.0004874
T 8473 19 .1518941E+11   2300008E-01  .7382E+00 -.6759E+01   .9999999 -.0002766 -.0002560
T 8474 19 .1519036E+11   2300015E-01 -.2227E+01 -.1631E+02   .9999999 -.0000788 -.0002788
T 8475 19 .1518896E+11   2300014E-01 -.3966E+01 -.3173E+01   .9999999 -.0000485  .0001077
T 8476 19 .1519065E+11   2300021E-01 -.1086E+01  .1180E+02   .9999999 -.0000697  .0000613
T 8477 19 .1518874E+11   2300021E-01 -.5478E+01 -.1214E+02   .9999999 -.0000726 -.0001003
T 8478 19 .1519007E+11   2300001E-01 -.3086E+01  .5400E+01   .9999999  .0000769  .0000201
T 8479 19 .1519117E+11   2300019E-01 -.4372E+01 -.2509E+02   .9999999  .0000267 -.0001831
T 8480 19 .1518858E+11   2300010E-01  .3830E+01 -.7999E+01   .9999999 -.0000121 -.0000296
T 8481 19 .1519031E+11   2300012E-01 -.1346E+02  .1824E+02   .9999999 -.0001389  .0001633
T 8482 19 .1518943E+11   2300022E-01 -.1213E+02 -.1869E+01   .9999999 -.0001330 -.0000144
T 8483 19 .1519055E+11   2300007E-01  .1046E+01  .1377E+02   .9999999  .0000058  .0001111
T 8484 19 .1518970E+11   2300016E-01 -.4541E+01  .1617E+02   .9999999 -.0001747  .0000857
T 8485 19 .1518967E+11   2300003E-01  .1786E+02  .1013E+02   .9999999  .0001892  .0000834
T 8486 19 .1519077E+11   2300001E-01  .2059E+02  .1246E+02   .9999999  .0003128  .0000739
T 8487 19 .1519167E+11   2300007E-01  .2772E+02 -.2400E+02   .9999999  .0003381 -.0002423
T 8488 19 .1518945E+11   2300013E-01 -.7499E+01  .1407E+02   .9999999 -.0000462  .0002006
T 8489 19 .1519068E+11   2300022E-01  .2368E+01  .1199E+02   .9999999  .0001295  .0000748
T 8490 19 .1518934E+11   2300002E-01 -.1764E+02 -.1206E+02   .9999999 -.0001551 -.0002714
T 8491 19 .1519080E+11   2300011E-01 -.1390E+02 -.1091E+02   .9999999 -.0000794 -.0001020
T 8492 19 .1519006E+11   2300017E-01  .4100E+01 -.1344E+02   .9999999  .0000373 -.0001704
T 8493 19 .1518987E+11   2300016E-01  .2363E+02 -.3022E+02   .9999999  .0001760 -.0003916
T 8494 19 .1519010E+11   2300013E-01  .1472E+01 -.9186E+01   .9999999 -.0000020 -.0003326
T 8495 19 .1518967E+11   2300019E-01  .1483E+02 -.1980E+01   .9999999  .0002056 -.0000471
T 8496 19 .1518874E+11   2300011E-01 -.3190E+02  .6773E+01   .9999999 -.0002400 -.0001178
T 8497 19 .1519028E+11   2300015E-01  .1281E+02  .1978E+01   .9999999  .0000309 -.0000899
T 8498 19 .1518985E+11   2300000E-01  .1008E+02  .1909E+02   .9999999  .0000494  .0001493
T 8499 19 .1519146E+11   2300010E-01 -.1967E+01 -.7935E+01   .9999999  .0001302  .0000213
T 8500 19 .1519032E+11   2300005E-01  .3139E+01  .8609E+01   .9999999 -.0000147 -.0000426
T 8501 19 .1518974E+11   2300023E-01  .2704E+02  .6354E+01   .9999999  .0001852  .0001144
T 8502 19 .1518946E+11   2300012E-01 -.1408E+02 -.1544E+01   .9999999 -.0001311  .0000156
T 8503 19 .1518943E+11   2300019E-01 -.5119E+01  .8632E+01   .9999999  .0001013  .0000542
T 8504 19 .1519063E+11   2300021E-01  .3226E+01  .8003E+00   .9999999  .0000436 -.0001228
T 8505 19 .1519119E+11   2300009E-01  .4122E+01 -.1139E+02   .9999999  .0000942 -.0001650
T 8506 19 .1519098E+11   2300003E-01  .8415E+01  .1572E+01   .9999999 -.0000423 -.0001446
T 8507 19 .1519048E+11   2300011E-01 -.2898E+00 -.1393E+02   .9999999  .0000377 -.0000651
T 8508 19 .1519011E+11   2300014E-01 -.1442E+01 -.1410E+02   .9999999  .0000353 -.0002611
T 8509 19 .1519084E+11   2300016E-01  .3027E+02  .3362E+01   .9999999  .0003996  .0000537
T 8510 19 .1518993E+11   2300003E-01 -.9846E+00 -.1319E+02   .9999999  .0000803 -.0000324
T 8511 19 .1518991E+11   2300009E-01  .2823E+02  .1969E+02   .9999999  .0002996 -.0000351
T 8512 19 .1518932E+11   2300022E-01  .1222E+02  .1217E+01   .9999999  .0000803  .0001280
T 8513 19 .1519007E+11   2300009E-01 -.5697E+00 -.3833E+01   .9999999  .0000500 -.0001312
T 8514 19 .1519049E+11   2300000E-01 -.2748E+02 -.5503E+01   .9999999 -.0004214 -.0002507
T 8515 19 .1519209E+11   2300008E-01 -.1433E+02  .5854E+01   .9999999 -.0001388 -.0001286
T 8516 19 .1519016E+11   2300020E-01  .1286E+02 -.6770E+01   .9999999  .0002205 -.0001536
T 8517 19 .1519059E+11   2300016E-01 -.7601E+01  .7408E+01   .9999999 -.0002299 -.0000321
T 8518 19 .1519087E+11   2300008E-01 -.2176E+01  .8355E+01   .9999999 -.0000610  .0000946
T 8519 19 .1519104E+11   2300001E-01 -.8633E+01 -.5476E+01   .9999999  .0000493 -.0001695
T 8520 19 .1518843E+11   2300019E-01  .9825E+02 -.6959E+01   .9999995  .0009715 -.0000968
T 8521 19 .1518799E+11   2300009E-01  .2582E+00  .1118E+02   .9999999 -.0001485  .0000798
T 8522 19 .1519001E+11   2300022E-01  .6145E+01  .7980E+00   .9999999  .0000900  .0001241
T 8523 19 .1518988E+11   2300011E-01  .1824E+02  .7087E+00   .9999999  .0001879  .0000724
T 8524 19 .1518961E+11   2300013E-01  .1297E+02 -.3260E+00   .9999999  .0000968  .0000276
T 8525 19 .1518988E+11   2300022E-01  .1413E+02 -.9172E+01   .9999999  .0002379 -.0000372
T 8526 19 .1518962E+11   2300001E-01  .1213E+02  .2955E+00   .9999999  .0002057 -.0000684
T 8527 19 .1518947E+11   2300021E-01  .1463E+02  .2446E+00   .9999999  .0002109  .0001151
T 8528 19 .1519088E+11   2300020E-01 -.4285E+01  .1593E+02   .9999999  .0000200  .0001004
T 8529 19 .1519008E+11   2300013E-01  .1546E+02 -.1696E+02   .9999999  .0001964 -.0002228
T 8530 19 .1518930E+11   2300020E-01 -.5937E+01 -.3547E+01   .9999999  .0000001 -.0000333
T 8531 19 .1519048E+11   2300015E-01  .1463E+02  .1440E+02   .9999999  .0001504  .0001144
T 8532 19 .1518981E+11   2300005E-01  .1478E+02 -.6979E+01   .9999999  .0002174 -.0000943
T 8533 19 .1519029E+11   2300020E-01 -.4123E+01 -.2379E+02   .9999999  .0000160 -.0003078
T 8534 19 .1519015E+11   2300016E-01 -.5282E+01  .9440E+01   .9999999 -.0000767  .0001232
T 8535 19 .1519025E+11   2300022E-01 -.4095E+01  .1165E+02   .9999999 -.0000737  .0002139
T 8536 19 .1519027E+11   2300005E-01  .2925E+03  .3889E+02   .9999782  .0065432  .0008506
T 8537 19 .1518943E+11   2300022E-01  .6176E+01 -.9627E+01   .9999999  .0001189 -.0001910
T 8538 19 .1519003E+11   2300017E-01  .2628E+02 -.4274E+01   .9999999  .0002601 -.0002589
T 8539 19 .1519003E+11   2300003E-01  .2404E+01  .1258E+02   .9999999 -.0000599  .0002339
T 8540 19 .1519026E+11   2300019E-01 -.1203E+02 -.8266E+01   .9999999 -.0000615 -.0000456
T 8541 19 .1519025E+11   2300006E-01 -.5818E+01 -.1474E+02   .9999999 -.0000877 -.0002049
T 8542 19 .1518923E+11   2300014E-01 -.3491E+01 -.2562E+01   .9999999  .0001918  .0000868
T 8543 19 .1518978E+11   2300015E-01  .1646E+01  .7895E+01   .9999999 -.0001149  .0001292
T 8544 19 .1519003E+11   2300002E-01 -.1397E+02  .1374E+02   .9999999 -.0001875  .0001545
T 8545 19 .1518938E+11   2300013E-01  .3437E+00 -.1733E+01   .9999999 -.0000105 -.0000703
T 8546 19 .1519100E+11   2300003E-01 -.1538E+01  .1834E+02   .9999999 -.0002767  .0003291
T 8547 19 .1518892E+11   2300017E-01 -.7106E+01  .9140E+01   .9999999 -.0000293  .0000949
T 8548 19 .1519036E+11   2300014E-01 -.3515E+01 -.2051E+02   .9999998 -.0001706 -.0006448
T 8549 19 .1518958E+11   2300021E-01  .2283E+01  .3116E+01   .9999999  .0000101  .0001205
T 8550 19 .1518987E+11   2300013E-01  .5331E+01 -.1836E+02   .9999999  .0000035 -.0004005
T 8551 19 .1518972E+11   2300020E-01  .4972E+01 -.7433E+01   .9999999  .0000967 -.0000605
T 8552 19 .1518934E+11   2300006E-01 -.7073E-01 -.4827E+02   .9999999  .0000714 -.0002606
T 8553 19 .1518907E+11   2300021E-01 -.8375E+01 -.1413E+02   .9999999 -.0000876 -.0002942
T 8554 19 .1519084E+11   2300005E-01  .4198E+01 -.9819E+01   .9999999  .0001645 -.0001139
T 8555 19 .1519029E+11   2300018E-01  .1411E+02 -.1313E+01   .9999999  .0002322  .0000559
T 8556 19 .1518953E+11   2300018E-01 -.9484E+01 -.8394E+01   .9999999 -.0000928 -.0001222
T 8557 19 .1519035E+11   2300007E-01  .4417E+00  .5034E+01   .9999999  .0000653 -.0000536
T 8558 19 .1519031E+11   2300021E-01 -.1303E+02  .3303E+02   .9999999 -.0001922  .0003723
T 8559 19 .1518897E+11   2300021E-01  .1741E+02  .2103E+01   .9999999  .0001643 -.0001047
T 8560 19 .1519006E+11   2300012E-01 -.2990E+02  .8190E+01   .9999999 -.0004202  .0000503
T 8561 19 .1518998E+11   2300008E-01  .1013E+01  .8341E+01   .9999999 -.0000452  .0000479
T 8562 19 .1519059E+11   2300007E-01 -.2667E+01 -.8962E+01   .9999999 -.0002881  .0000001
T 8563 19 .1518858E+11   2300019E-01 -.7764E+01 -.1976E+02   .9999999 -.0000261 -.0002732
T 8564 19 .1519021E+11   2300000E-01 -.1257E+00  .4013E+02   .9999999 -.0000824  .0004734
T 8565 19 .1518979E+11   2300004E-01  .1473E+02 -.4612E+00   .9999999  .0001478 -.0000233
T 8566 19 .1518995E+11   2300006E-01 -.1256E+02  .1000E+02   .9999999 -.0001340  .0001291
T 8567 19 .1518924E+11   2300018E-01  .1483E+02  .3786E+01   .9999999  .0001555 -.0001095
T 8568 19 .1519079E+11   2300018E-01 -.9158E+00  .7305E+01   .9999999 -.0001122  .0001029
T 8569 19 .1518989E+11   2300002E-01 -.1162E+02 -.1039E+02   .9999999 -.0002025 -.0001493
T 8570 19 .1519037E+11   2300019E-01 -.6973E+01  .1656E+02   .9999999 -.0001879  .0001834
T 8571 19 .1519010E+11   2300020E-01  .1603E+02 -.8719E+01   .9999999  .0002497 -.0000837
T 8572 19 .1518859E+11   2300014E-01 -.3687E+01  .9548E+01   .9999999 -.0001667  .0001874
T 8573 19 .1519097E+11   2300015E-01 -.9382E+01  .3062E+01   .9999999 -.0002014  .0000247
T 8574 19 .1519076E+11   2300018E-01  .5865E+01  .1506E+02   .9999999 -.0001655  .0004824
T 8575 19 .1518998E+11   2300009E-01  .1200E+02  .2109E+02   .9999999  .0000530  .0002054
T 8576 19 .1518935E+11   2300019E-01  .4116E+00 -.1612E+02   .9999999  .0000369 -.0001639
T 8577 19 .1519024E+11   2300009E-01 -.1569E+02  .1013E+02   .9999999 -.0001686  .0002520
T 8578 19 .1519085E+11   2300017E-01  .4599E+01 -.2643E+01   .9999999 -.0000410  .0000050
T 8579 19 .1519024E+11   2300019E-01 -.3457E+00 -.4975E+01   .9999999  .0003156  .0002719
T 8580 19 .1518854E+11   2300013E-01 -.2032E+01  .3092E+02   .9999999 -.0000276  .0003143
T 8581 19 .1518889E+11   2300009E-01 -.7763E+01  .9072E+01   .9999999 -.0001765  .0001512
T 8582 19 .1519126E+11   2300017E-01  .1873E+02 -.2702E+01   .9999999  .0002641 -.0000286
T 8583 19 .1519163E+11   2300015E-01 -.4707E+01  .2386E+01   .9999999  .0000547  .0000238
T 8584 19 .1519101E+11   2300014E-01 -.7991E+01  .1416E+02   .9999999 -.0000530  .0001324
T 8585 19 .1518863E+11   2300018E-01 -.8229E+01 -.8928E+01   .9999999 -.0001187 -.0000659
T 8586 19 .1518905E+11   2300010E-01 -.1818E+01  .1453E+02   .9999999 -.0000088  .0002953
T 8587 19 .1519092E+11   2300009E-01  .6307E+01  .3059E+01   .9999999  .0002629  .0000372
T 8588 19 .1518953E+11   2300000E-01  .2668E+01  .8447E+01   .9999999  .0001584 -.0001332
T 8589 19 .1519044E+11   2300000E-01 -.5113E+02 -.7381E+01   .9999996 -.0008889 -.0001552
T 8590 19 .1518933E+11   2300016E-01  .2300E+01  .4983E+01   .9999999  .0000599  .0000990
T 8591 19 .1519087E+11   2300020E-01  .5235E+01  .2147E+01   .9999999  .0000374 -.0000455
T 8592 19 .1519073E+11   2300020E-01  .1941E+01  .6555E+00   .9999999  .0001296 -.0000783
T 8593 19 .1519059E+11   2300018E-01 -.8905E+01  .1086E+02   .9999999 -.0000667  .0001881
T 8594 19 .1518957E+11   2300000E-01 -.5458E+01 -.1839E+02   .9999999 -.0000135 -.0002326
T 8595 19 .1518932E+11   2300022E-01 -.1263E+02  .1276E+02   .9999999 -.0001355  .0002280
T 8596 19 .1519055E+11   2300022E-01  .2197E+02  .2194E+01   .9999999  .0001644  .0003295
T 8597 19 .1519024E+11   2300021E-01  .7528E+01 -.1215E+02   .9999999  .0000234 -.0000869
T 8598 19 .1519100E+11   2300009E-01  .1572E+02 -.4401E+01   .9999999  .0002021 -.0000661
T 8599 19 .1519138E+11   2300017E-01  .1139E+02 -.1449E+02   .9999999  .0001555 -.0002618
T 8600 19 .1518974E+11   2300006E-01 -.1123E+02  .1041E+02   .9999999 -.0002051  .0001372
T 8601 19 .1519097E+11   2300006E-01 -.1073E+02  .8160E+01   .9999999 -.0001814  .0000803
T 8602 19 .1519075E+11   2300017E-01  .8594E+00 -.4778E+01   .9999999  .0000479 -.0000019
T 8603 19 .1518970E+11   2300012E-01  .7913E+01  .2111E+01   .9999999  .0002546 -.0000677
T 8604 19 .1519042E+11   2300001E-01 -.5046E+01 -.1762E+02   .9999999 -.0000452 -.0002879
T 8605 19 .1518931E+11   2300004E-01  .3823E+01 -.2025E+02   .9999999  .0001347 -.0002007
T 8606 19 .1518885E+11   2300013E-01 -.2644E+02 -.2721E+02   .9999999 -.0002261 -.0002691
T 8607 19 .1519071E+11   2300021E-01 -.9516E+01  .7409E+01   .9999999 -.0002669  .0000654
T 8608 19 .1518918E+11   2300001E-01 -.1562E+02  .9895E+01   .9999999 -.0001657 -.0000132
T 8609 19 .1519118E+11   2300007E-01  .1057E+02  .7333E+00   .9999999  .0002422 -.0000954
T 8610 19 .1519079E+11   2300009E-01 -.2543E+02  .1876E+01   .9999999 -.0001792  .0000482
T 8611 19 .1519075E+11   2300011E-01 -.2931E+02  .8009E+02   .9999997 -.0002371  .0007328
T 8612 19 .1519125E+11   2300016E-01 -.1075E+02 -.3186E+01   .9999999 -.0000939 -.0000532
T 8613 19 .1519008E+11   2300008E-01  .1727E+01 -.3723E+01   .9999999 -.0000111 -.0001207
T 8614 19 .1519084E+11   2300003E-01  .2995E+01  .2239E+02   .9999999 -.0000634  .0001829
T 8615 19 .1518981E+11   2300003E-01  .2442E+02  .5134E+01   .9999999  .0002817  .0000541
T 8616 19 .1519003E+11   2300006E-01 -.2391E+02  .1082E+02   .9999999 -.0003902  .0002259
T 8617 19 .1519120E+11   2300010E-01 -.2096E+01  .4856E+01   .9999999  .0000104  .0001286
T 8618 19 .1519024E+11   2300018E-01  .3795E+01  .8443E+00   .9999999 -.0000430  .0000812
T 8619 19 .1519002E+11   2300001E-01  .2094E+02 -.2001E+02   .9999999  .0001662 -.0000555
T 8620 19 .1519045E+11   2300009E-01 -.1000E+02  .7315E+01   .9999999 -.0001077  .0000685
T 8621 19 .1519106E+11   2300020E-01 -.5669E+01  .1110E+02   .9999999 -.0000202  .0001749
T 8622 19 .1518959E+11   2300012E-01 -.2051E+02 -.5265E+01   .9999999 -.0003043  .0000536
T 8623 19 .1518997E+11   2300019E-01  .1502E+02  .7280E+01   .9999999  .0002075  .0000827
T 8624 19 .1519018E+11   2300016E-01 -.1355E+02  .9739E+01   .9999999 -.0001182  .0001973
T 8625 19 .1519100E+11   2300019E-01 -.6363E+01 -.5630E+01   .9999999 -.0001990  .0000393
T 8626 19 .1518907E+11   2300001E-01  .6524E+01  .7814E+01   .9999999  .0000990 -.0000366
T 8627 19 .1519068E+11   2300020E-01  .2070E+02 -.2210E+02   .9999999  .0001060 -.0002061
T 8628 19 .1518934E+11   2300019E-01 -.5952E+01 -.1435E+01   .9999999  .0000697 -.0000121
T 8629 19 .1519039E+11   2300022E-01 -.7792E+01  .1372E+02   .9999999 -.0000362  .0001094
T 8630 19 .1518951E+11   2300002E-01 -.4803E+01 -.3814E+01   .9999999 -.0001308  .0000260
T 8631 19 .1518916E+11   2300021E-01 -.6621E+01 -.4598E+01   .9999999 -.0001215 -.0000670
T 8632 19 .1518980E+11   2300012E-01 -.2877E+01 -.9356E+01   .9999999 -.0000631 -.0002551
T 8633 19 .1518978E+11   2300016E-01 -.3787E+01  .5335E+01   .9999999 -.0001017  .0001621
T 8634 19 .1519063E+11   2300004E-01  .3242E+00 -.4856E+01   .9999999 -.0000200 -.0001373
T 8635 19 .1518862E+11   2300009E-01 -.1792E+01 -.1080E+01   .9999999 -.0000176 -.0000303
T 8636 19 .1518818E+11   2300020E-01  .4866E+01  .7917E+01   .9999999  .0000864  .0001343
T 8637 19 .1519087E+11   2300012E-01 -.7475E+01 -.4505E+01   .9999999 -.0001765 -.0001006
T 8638 19 .1519083E+11   2300011E-01  .1154E+02  .1096E+02   .9999999  .0002137  .0000960
T 8639 19 .1518783E+11   2300007E-01  .3523E+01  .1202E+02   .9999999 -.0000769  .0000641
T 8640 19 .1518865E+11   2300003E-01 -.3828E+01 -.3874E+01   .9999999  .0000758  .0000454
T 8641 19 .1518900E+11   2300017E-01  .2343E+02 -.1355E+02   .9999999  .0002657 -.0002403
T 8642 19 .1519062E+11   2300021E-01  .6775E+01  .8570E+01   .9999999  .0001242  .0001659
T 8643 19 .1519132E+11   2300020E-01 -.1599E+02  .6420E+00   .9999999  .0000849 -.0000229
T 8644 19 .1518942E+11   2300006E-01  .2223E+01 -.4576E+01   .9999999 -.0000170 -.0000547
T 8645 19 .1518988E+11   2300012E-01 -.5710E+01  .1132E+01   .9999999 -.0000677  .0003587
T 8646 19 .1518877E+11   2300019E-01 -.1359E+01  .7118E+00   .9999999  .0000908 -.0000102
T 8647 19 .1519030E+11   2300019E-01  .1410E+02 -.1014E+02   .9999999  .0001620 -.0000077
T 8648 19 .1519017E+11   2300018E-01 -.4728E+01 -.7368E+01   .9999999  .0000165 -.0001386
T 8649 19 .1518998E+11   2300016E-01  .1376E+01  .8085E+01   .9999999  .0001208  .0001543
T 8650 19 .1518971E+11   2300016E-01 -.2303E+01 -.2533E+01   .9999999 -.0002516  .0000657
T 8651 19 .1519056E+11   2300011E-01  .1756E+01 -.2601E+02   .9999999  .0000918 -.0003457
T 8652 19 .1519096E+11   2300021E-01  .5843E+01 -.6330E+01   .9999999  .0000555 -.0000823
T 8653 19 .1518911E+11   2300011E-01  .1565E+01  .9303E+01   .9999999  .0000898  .0000274
T 8654 19 .1518994E+11   2300006E-01 -.5806E+01  .8327E+01   .9999999 -.0000067  .0001378
T 8655 19 .1519042E+11   2300005E-01 -.1394E+01 -.1140E+02   .9999999  .0000087 -.0002791
T 8656 19 .1518980E+11   2300021E-01  .7852E+01  .5910E+01   .9999999  .0002380 -.0000724
T 8657 19 .1518978E+11   2300019E-01  .8038E+01  .1166E+02   .9999999  .0000696  .0000649
T 8658 19 .1519089E+11   2300021E-01 -.2132E+02  .1423E+02   .9999999 -.0002841  .0001305
T 8659 19 .1518953E+11   2300016E-01 -.5312E+02  .5905E+02   .9999996 -.0005070  .0007217
T 8660 19 .1518911E+11   2300020E-01  .1537E+02  .1473E+02   .9999999  .0002234  .0001886
T 8661 19 .1518969E+11   2300013E-01  .8195E+01  .4823E+01   .9999999  .0002146  .0001527
T 8662 19 .1519056E+11   2300019E-01 -.2183E+01  .9023E+01   .9999999 -.0000081  .0001878
T 8663 19 .1518928E+11   2300016E-01  .5063E+02 -.2550E+01   .9999999  .0003648  .0000137
T 8664 19 .1518993E+11   2300009E-01  .6228E+01  .7360E+01   .9999999 -.0000536  .0001248
T 8665 19 .1518901E+11   2300007E-01 -.8037E+01 -.7597E+00   .9999999 -.0001943 -.0000340
T 8666 19 .1518953E+11   2300009E-01  .2984E+02  .2204E+02   .9999998  .0004660  .0004088
T 8667 19 .1519033E+11   2300014E-01  .2958E+01  .5797E+01   .9999999  .0001443 -.0000144
T 8668 19 .1518966E+11   2300001E-01  .2412E+02  .1637E+02   .9999999  .0000035  .0005127
T 8669 19 .1518962E+11   2300003E-01  .1517E+02  .1174E+02   .9999999  .0001142  .0002314
T 8670 19 .1519019E+11   2300009E-01 -.1846E+02  .1906E+02   .9999999 -.0002197  .0000468
T 8671 19 .1519018E+11   2300007E-01 -.7380E-01  .4830E+01   .9999999 -.0000480 -.0000082
T 8672 19 .1518923E+11   2300012E-01  .1845E+01 -.5988E+01   .9999999 -.0000794  .0000145
T 8673 19 .1519041E+11   2300013E-01  .2297E+01  .1802E+01   .9999999  .0000573  .0000061
T 8674 19 .1518995E+11   2300011E-01 -.9941E+01  .7249E+01   .9999999 -.0000740 -.0000574
T 8675 19 .1519018E+11   2300004E-01 -.2858E+01 -.5323E+00   .9999999  .0000415 -.0000712
T 8676 19 .1518997E+11   2300006E-01  .2126E+01 -.2139E+01   .9999999  .0000277  .0000218
T 8677 19 .1519007E+11   2300007E-01 -.5254E+01  .1169E+02   .9999999 -.0000583  .0001013
T 8678 19 .1518926E+11   2300013E-01  .6933E+01 -.1116E+02   .9999999  .0000628 -.0001211
T 8679 19 .1518904E+11   2300023E-01 -.2889E+01  .3157E+01   .9999999 -.0000371  .0001256
T 8680 19 .1519127E+11   2300021E-01  .1162E+02  .1787E+02   .9999999  .0001262  .0001213
T 8681 19 .1519121E+11   2300006E-01 -.1311E+02  .9324E+01   .9999999 -.0003017  .0001220
T 8682 19 .1519021E+11   2300010E-01 -.8327E+01 -.3984E+01   .9999999 -.0000526  .0000227
T 8683 19 .1518869E+11   2300013E-01  .2298E+02 -.2538E+02   .9999999  .0002288 -.0002707
T 8684 19 .1518957E+11   2300018E-01 -.3456E+01  .1375E+02   .9999999 -.0000975  .0000211
T 8685 19 .1519079E+11   2300015E-01 -.1290E+02 -.3182E+01   .9999999 -.0001445 -.0000764
T 8686 19 .1519051E+11   2300004E-01  .1417E+00  .3737E+01   .9999999  .0000935  .0000889
T 8687 19 .1518947E+11   2300019E-01  .4763E+01  .1216E+01   .9999999  .0001644  .0000845
T 8688 19 .1518975E+11   2300002E-01  .6743E+01  .2292E+02   .9999999  .0000987  .0004112
T 8689 19 .1518925E+11   2300005E-01 -.1321E+02 -.3443E+02   .9999999 -.0000693 -.0003861
T 8690 19 .1519111E+11   2300004E-01  .1844E+02 -.3909E+02   .9999998  .0001406 -.0006470
T 8691 19 .1518963E+11   2300013E-01 -.9846E+01  .3685E+01   .9999999 -.0001586  .0001180
T 8692 19 .1519055E+11   2300010E-01  .1266E+02  .1220E+02   .9999999  .0002708  .0000178
T 8693 19 .1518927E+11   2300019E-01  .2968E+01  .1094E+02   .9999999 -.0000413  .0002546
T 8694 19 .1518837E+11   2300019E-01  .4728E+01  .3889E+01   .9999999  .0000722 -.0000347
T 8695 19 .1518946E+11   2300004E-01  .2904E+01  .4340E+01   .9999999  .0000721  .0000559
T 8696 19 .1519070E+11   2300005E-01 -.1218E+02  .1558E+02   .9999999 -.0002186  .0002016
T 8697 19 .1519061E+11   2300007E-01  .8397E+01  .1868E+02   .9999999  .0000658  .0002160
T 8698 19 .1519053E+11   2300019E-01 -.5036E+01  .1563E+01   .9999999 -.0000692  .0000534
T 8699 19 .1519008E+11   2300022E-01  .3615E+01 -.6341E+01   .9999999  .0000196  .0000460
T 8700 19 .1519009E+11   2300004E-01  .1654E+01 -.1210E+02   .9999999 -.0000326 -.0001395
T 8701 19 .1519094E+11   2300017E-01  .1388E+02 -.1638E+01   .9999999 -.0000282  .0000349
T 8702 19 .1518902E+11   2300004E-01 -.7157E+01  .1287E+02   .9999999  .0000853  .0000710
T 8703 19 .1518971E+11   2300005E-01 -.6589E+01  .2071E+01   .9999999 -.0000657 -.0000551
T 8704 19 .1519093E+11   2300004E-01  .1075E+02 -.3740E+01   .9999999  .0001743 -.0001560
T 8705 19 .1519012E+11   2300020E-01  .3896E+00 -.6901E+01   .9999999 -.0000025 -.0000936
T 8706 19 .1518954E+11   2300014E-01  .4113E+01 -.2207E+02   .9999999  .0000271 -.0001962
T 8707 19 .1519110E+11   2300006E-01 -.5130E+01  .9728E+01   .9999999  .0000679  .0000576
T 8708 19 .1518858E+11   2300022E-01  .4040E+02 -.9086E+01   .9999998  .0005676 -.0002071
T 8709 19 .1519014E+11   2300014E-01 -.3546E+01  .3861E+01   .9999999 -.0000214 -.0000455
T 8710 19 .1519113E+11   2300012E-01 -.3706E+01  .1098E+00   .9999999  .0000907  .0000266
T 8711 19 .1518983E+11   2300014E-01  .1827E+02  .2943E+01   .9999999  .0001818 -.0000438
T 8712 19 .1519075E+11   2300015E-01 -.1332E+02  .5422E+01   .9999999  .0000022  .0000622
T 8713 19 .1518963E+11   2300013E-01  .7290E+01  .6035E+00   .9999999  .0001212  .0000047
T 8714 19 .1519114E+11   2300020E-01 -.7656E+01  .1486E+02   .9999999 -.0000825  .0000480
T 8715 19 .1519126E+11   2300006E-01  .1727E+01 -.1556E+01   .9999999  .0000492  .0002349
T 8716 19 .1518936E+11   2300001E-01 -.4427E+02 -.1023E+02   .9999999 -.0003036 -.0001997
T 8717 19 .1519001E+11   2300014E-01 -.3814E+01 -.9505E+01   .9999999 -.0000743 -.0001653
T 8718 19 .1519063E+11   2300012E-01  .8627E+01 -.1011E+02   .9999999  .0000229 -.0000897
T 8719 19 .1519025E+11   2300017E-01  .2995E+02  .8181E+01   .9999999  .0004093 -.0000230
T 8720 19 .1519056E+11   2300004E-01 -.9374E+01 -.9747E+01   .9999999 -.0001949 -.0000864
T 8721 19 .1518862E+11   2300020E-01 -.5054E+00 -.1107E+02   .9999999  .0000598 -.0000694
T 8722 19 .1519070E+11   2300021E-01 -.2999E+01  .3372E+00   .9999999  .0000709 -.0001203
T 8723 19 .1518906E+11   2300014E-01 -.2875E+00 -.1210E+02   .9999999  .0000524 -.0000708
T 8724 19 .1519046E+11   2300023E-01 -.1557E+02  .2195E+02   .9999999 -.0001624  .0001690
T 8725 19 .1518977E+11   2300008E-01  .5626E+01 -.1062E+02   .9999999  .0001385 -.0002279
T 8726 19 .1518978E+11   2300007E-01 -.6623E+01  .3075E+01   .9999999 -.0000341  .0000552
T 8727 19 .1518901E+11   2300013E-01 -.1960E+01 -.7984E+01   .9999999 -.0000823 -.0000761
T 8728 19 .1519143E+11   2300008E-01  .4366E+01  .1482E+02   .9999999 -.0000288  .0002975
T 8729 19 .1519080E+11   2300017E-01  .6254E+00 -.2229E+02   .9999999 -.0000695 -.0002841
T 8730 19 .1518862E+11   2300019E-01  .9259E+01 -.8757E+01   .9999999  .0001176 -.0000400
T 8731 19 .1519114E+11   2300020E-01 -.1952E+02  .3897E+02   .9999999 -.0000709  .0003725
T 8732 19 .1519033E+11   2300016E-01 -.1946E+02  .6489E+01   .9999999 -.0001697  .0000423
T 8733 19 .1519019E+11   2300017E-01 -.5316E+01  .2933E+01   .9999999 -.0000303  .0000269
T 8734 19 .1518965E+11   2300009E-01 -.4372E+01 -.3282E+01   .9999999 -.0000679 -.0000216
T 8735 19 .1519066E+11   2300013E-01  .1260E+02  .4719E+01   .9999999  .0000859 -.0001830
T 8736 19 .1519122E+11   2300001E-01 -.1791E+02  .7147E+02   .9999998 -.0001862  .0005917
T 8737 19 .1518988E+11   2300019E-01 -.7146E+01  .2280E+01   .9999999 -.0000275 -.0000492
T 8738 19 .1519005E+11   2300020E-01 -.9078E+01  .1235E+02   .9999999 -.0000304  .0000918
T 8739 19 .1518863E+11   2300006E-01 -.2968E+02  .3684E+01   .9999999 -.0001457 -.0000197
T 8740 19 .1518897E+11   2300021E-01  .6076E+00  .8891E+01   .9999999  .0000501  .0001676
T 8741 19 .1518846E+11   2300009E-01  .9842E+00  .3841E+01   .9999999 -.0000285  .0000306
T 8742 19 .1518946E+11   2300006E-01 -.6681E+01 -.1194E+02   .9999999 -.0002239 -.0002359
T 8743 19 .1519104E+11   2300009E-01  .1267E+02 -.4313E+01   .9999999  .0001300 -.0001493
T 8744 19 .1519110E+11   2300014E-01  .3960E+01  .2385E+01   .9999999 -.0000478  .0000013
T 8745 19 .1518994E+11   2300016E-01 -.2489E+02 -.1566E+02   .9999999 -.0002955 -.0001714
T 8746 19 .1519184E+11   2300014E-01 -.1078E+02 -.2317E+02   .9999999 -.0000431 -.0001918
T 8747 19 .1518954E+11   2300002E-01  .2020E+00 -.1256E+02   .9999999  .0000036 -.0000099
T 8748 19 .1518877E+11   2300015E-01 -.2771E+02 -.3110E+02   .9999998 -.0004380 -.0003342
T 8749 19 .1518996E+11   2300002E-01  .3870E+00  .1699E+02   .9999999  .0000003  .0002546
T 8750 19 .1518929E+11   2300019E-01 -.2096E+01  .1113E+02   .9999999  .0001651  .0000992
T 8751 19 .1519054E+11   2300018E-01  .1892E+02  .3304E+02   .9999999  .0001786  .0002705
T 8752 19 .1518954E+11   2300021E-01 -.3282E+01 -.2292E+01   .9999999 -.0000440 -.0000347
T 8753 19 .1518887E+11   2300013E-01 -.5536E+01 -.1819E+02   .9999999 -.0000256 -.0002618
T 8754 19 .1518963E+11   2300017E-01 -.5764E+01  .1512E+02   .9999999  .0002402  .0002609
T 8755 19 .1518983E+11   2300003E-01  .1044E+02 -.2522E+01   .9999999  .0001466 -.0000377
T 8756 19 .1519036E+11   2300022E-01 -.4242E+01  .1017E+02   .9999999 -.0002464  .0002371
T 8757 19 .1518904E+11   2300012E-01  .9934E+01 -.1087E+02   .9999999  .0001522 -.0001359
T 8758 19 .1519090E+11   2300000E-01 -.1547E+01 -.3257E+01   .9999999 -.0001016 -.0000569
T 8759 19 .1518942E+11   2300018E-01  .2199E+02  .2686E+02   .9999999  .0002172  .0000438
T 8760 19 .1518779E+11   2300001E-01 -.5299E+01  .2994E+02   .9999999 -.0000700  .0003924
T 8761 19 .1518952E+11   2300003E-01  .4225E+02 -.1009E+02   .9999999  .0002078 -.0000265
T 8762 19 .1518999E+11   2300022E-01  .1075E+02  .3802E+01   .9999999  .0001505  .0000387
T 8763 19 .1518983E+11   2300017E-01  .2556E+02  .1383E+02   .9999999  .0002692  .0001843
T 8764 19 .1519148E+11   2300001E-01  .5368E+01  .6900E+01   .9999999  .0002166 -.0000867
T 8765 19 .1518991E+11   2300012E-01  .1231E+02  .2488E+01   .9999999  .0001855  .0000087
T 8766 19 .1518996E+11   2300006E-01  .6117E+01  .8391E+01   .9999999  .0001995 -.0000264
T 8767 19 .1519098E+11   2300013E-01 -.1689E+02 -.1539E+02   .9999999 -.0002879 -.0003608
T 8768 19 .1518940E+11   2300007E-01  .9831E+01  .2696E+01   .9999999  .0001132  .0000751
T 8769 19 .1518986E+11   2300010E-01 -.1874E+02 -.5672E+01   .9999999 -.0001413 -.0001653
T 8770 19 .1519125E+11   2300006E-01 -.4280E+01  .9600E+01   .9999999  .0001004 -.0000956
T 8771 19 .1519056E+11   2300006E-01  .2639E+01  .1619E+01   .9999999  .0000102  .0000474
T 8772 19 .1518963E+11   2300015E-01  .2382E+02 -.7419E+01   .9999999  .0002993 -.0000488
T 8773 19 .1518947E+11   2300009E-01 -.4308E+01 -.4001E+01   .9999999 -.0001145 -.0001251
T 8774 19 .1518963E+11   2300016E-01  .5070E-01 -.3838E+00   .9999999  .0001110  .0000504
T 8775 19 .1518932E+11   2300022E-01 -.1594E+00 -.1175E+02   .9999999  .0001064 -.0001513
T 8776 19 .1519019E+11   2300014E-01 -.1936E+01  .9068E+01   .9999999 -.0000581  .0003175
T 8777 19 .1519010E+11   2300007E-01 -.7462E+00 -.5261E+00   .9999999  .0000299  .0001136
T 8778 19 .1519176E+11   2300013E-01  .1846E+02  .3484E+00   .9999999  .0001133 -.0002726
T 8779 19 .1518989E+11   2300016E-01 -.1246E+02 -.6677E+01   .9999999 -.0000170 -.0001218
T 8780 19 .1518842E+11   2300007E-01  .7892E+00  .4264E+01   .9999999 -.0000424  .0001765
T 8781 19 .1519079E+11   2300020E-01  .2824E+01 -.8924E+01   .9999999  .0000623 -.0001847
T 8782 19 .1519240E+11   2300021E-01 -.5753E+01  .8783E+01   .9999999 -.0000810  .0002467
T 8783 19 .1519035E+11   2300007E-01 -.1839E+02  .4274E+02   .9999999 -.0001493  .0002624
T 8784 19 .1518835E+11   2300020E-01  .1145E+02  .1380E+02   .9999999  .0000365  .0001550
T 8785 19 .1519081E+11   2300022E-01 -.2458E+02  .1119E+02   .9999999 -.0001007  .0003866
T 8786 19 .1518832E+11   2300005E-01  .2137E+01  .1633E+02   .9999999 -.0000161  .0001203
T 8787 19 .1519135E+11   2300019E-01  .1881E+02  .2210E+02   .9999999  .0001184  .0002744
T 8788 19 .1519131E+11   2300022E-01  .7677E+01  .7305E+00   .9999999  .0000262  .0000938
T 8789 19 .1518854E+11   2300023E-01 -.3046E+02  .3741E+02   .9999998 -.0003021  .0004653
T 8790 19 .1519015E+11   2300011E-01 -.1734E+02 -.2036E+02   .9999999 -.0003621 -.0002862
T 8791 19 .1519016E+11   2300016E-01  .6026E+01  .8789E+00   .9999999  .0003262  .0001331
T 8792 19 .1518960E+11   2300014E-01 -.8156E+00 -.2859E+02   .9999999 -.0000949 -.0000588
T 8793 19 .1519110E+11   2300017E-01  .6315E+01 -.4052E+01   .9999999  .0000318  .0000005
T 8794 19 .1518799E+11   2300016E-01  .4081E+01  .9146E+01   .9999999 -.0000995  .0000782
T 8795 19 .1518947E+11   2300011E-01  .1116E+02  .3951E+01   .9999999  .0001314 -.0001691
T 8796 19 .1519115E+11   2300006E-01 -.7657E+00  .1472E+02   .9999999  .0000843  .0002639
T 8797 19 .1518978E+11   2300002E-01 -.1064E+00  .2472E+01   .9999999 -.0000636 -.0000082
T 8798 19 .1519056E+11   2300021E-01 -.1023E+01 -.3780E+02   .9999999  .0002158 -.0003791
T 8799 19 .1519095E+11   2300009E-01  .5988E+01  .1415E+02   .9999999  .0000780  .0001763
T 8800 19 .1518998E+11   2300000E-01 -.6045E+01 -.2703E+02   .9999999 -.0000907 -.0001872
T 8801 19 .1519025E+11   2300004E-01  .9835E+01 -.1095E+02   .9999999  .0002103 -.0004827
T 8802 19 .1519139E+11   2300002E-01 -.1529E+02 -.6994E+02   .9999999 -.0001191 -.0005312
T 8803 19 .1519149E+11   2300016E-01  .4726E+01 -.2555E+02   .9999999  .0002215 -.0000127
T 8804 19 .1519208E+11   2300018E-01  .3997E+01  .2296E+02   .9999999 -.0000445  .0002481
T 8805 19 .1519052E+11   2300021E-01  .1002E+02  .6516E+01   .9999999  .0001479 -.0000101
T 8806 19 .1518966E+11   2300016E-01 -.2167E+02 -.3102E+01   .9999999 -.0003285 -.0001598
T 8807 19 .1518981E+11   2300020E-01  .1054E+01  .1623E+01   .9999999  .0000154  .0000915
T 8808 19 .1518805E+11   2300021E-01 -.1603E+02  .2917E+02   .9999999 -.0002409  .0003334
T 8809 19 .1518884E+11   2300012E-01 -.1114E+02  .2002E+01   .9999999 -.0000704 -.0000930
T 8810 19 .1518984E+11   2300013E-01  .2057E+02  .9595E+01   .9999999  .0001144  .0001983
T 8811 19 .1519034E+11   2300019E-01  .1307E+01 -.8498E+01   .9999999  .0000529 -.0001374
T 8812 19 .1519078E+11   2300008E-01 -.3855E+01  .1698E+01   .9999999 -.0000973  .0000224
T 8813 19 .1519077E+11   2300004E-01 -.4161E+01  .6343E+01   .9999999 -.0000469  .0000528
T 8814 19 .1519016E+11   2300017E-01  .1080E+02  .6172E+01   .9999999  .0002072  .0000134
T 8815 19 .1519030E+11   2300010E-01  .6317E+01 -.1083E+02   .9999999  .0000170 -.0000736
T 8816 19 .1519025E+11   2300006E-01 -.1826E+02  .3012E-01   .9999999 -.0003279 -.0000158
T 8817 19 .1519236E+11   2300022E-01  .1991E+02 -.1476E+02   .9999999  .0001102 -.0003901
T 8818 19 .1518885E+11   2300002E-01  .1316E+02 -.8673E+01   .9999999  .0000982 -.0001703
T 8819 19 .1518973E+11   2300017E-01  .2277E+02 -.4561E+01   .9999999  .0001038  .0000587
T 8820 19 .1519007E+11   2300019E-01 -.1590E+02 -.4166E+01   .9999999 -.0000794 -.0001592
T 8821 19 .1518966E+11   2300019E-01  .1380E+02 -.1037E+02   .9999999  .0001366  .0003202
T 8822 19 .1518841E+11   2300022E-01 -.2804E+01  .8478E+01   .9999999 -.0000737  .0001063
T 8823 19 .1519010E+11   2300015E-01 -.1611E+02  .8802E+01   .9999999 -.0002702  .0001912
T 8824 19 .1518962E+11   2300022E-01 -.1904E+02 -.2530E+01   .9999999 -.0002109 -.0000459
T 8825 19 .1519084E+11   2300014E-01  .1706E+02 -.7052E+01   .9999999  .0002105 -.0000727
T 8826 19 .1519016E+11   2300017E-01 -.1445E+02  .4028E+01   .9999999  .0000023  .0000065
T 8827 19 .1518942E+11   2300000E-01 -.9347E+01  .6121E+00   .9999999 -.0001936  .0000456
T 8828 19 .1518863E+11   2300001E-01 -.9617E+01  .3164E+01   .9999999 -.0001457 -.0000377
T 8829 19 .1519089E+11   2300011E-01  .2170E+01 -.2198E+01   .9999999  .0001112 -.0000250
T 8830 19 .1519073E+11   2300021E-01  .1084E+01  .1743E+02   .9999999 -.0002048  .0002810
T 8831 19 .1518873E+11   2300018E-01  .7737E+01  .1868E+02   .9999999  .0001583  .0002638
T 8832 19 .1518868E+11   2300003E-01 -.4282E+00 -.1369E+01   .9999999  .0000112 -.0000140
T 8833 19 .1518942E+11   2300003E-01  .1598E+02 -.1097E+02   .9999999  .0003034 -.0002915
T 8834 19 .1519025E+11   2300006E-01 -.3252E+01  .1830E+01   .9999999 -.0000637  .0001624
T 8835 19 .1518904E+11   2300018E-01  .1010E+02 -.5198E+01   .9999999  .0000181 -.0000626
T 8836 19 .1519133E+11   2300022E-01  .7178E+01 -.3068E+01   .9999999  .0000824 -.0000936
T 8837 19 .1519132E+11   2300016E-01  .8280E+01  .3346E+01   .9999999  .0001344  .0000052
T 8838 19 .1518935E+11   2300019E-01  .1206E+02 -.9932E+01   .9999999  .0000716 -.0001561
T 8839 19 .1519104E+11   2300002E-01  .4133E+01 -.1408E+02   .9999999  .0000453 -.0003023
T 8840 19 .1518861E+11   2300000E-01  .1964E+02  .2487E+01   .9999999  .0001550 -.0000883
T 8841 19 .1518965E+11   2300022E-01 -.3992E+02 -.3168E+02   .9999999 -.0002211 -.0003799
T 8842 19 .1519082E+11   2300019E-01  .1343E+02 -.6562E+01   .9999999  .0001415 -.0000213
T 8843 19 .1518934E+11   2300000E-01  .1013E+02 -.1314E+02   .9999999  .0001221 -.0000304
T 8844 19 .1518905E+11   2300017E-01 -.5217E+01 -.5572E+01   .9999999 -.0000791 -.0001224
T 8845 19 .1519015E+11   2300014E-01 -.1711E+02 -.2892E+02   .9999999 -.0000393 -.0002497
T 8846 19 .1519128E+11   2300009E-01 -.1728E+02 -.1930E+02   .9999999 -.0003806 -.0001255
T 8847 19 .1519059E+11   2300002E-01 -.1911E+01 -.3284E+01   .9999999 -.0000140  .0000129
T 8848 19 .1519014E+11   2300002E-01  .1648E+02  .4777E+01   .9999999  .0000418  .0000904
T 8849 19 .1518893E+11   2300019E-01 -.1620E+02  .9803E+01   .9999999 -.0000704  .0000593
T 8850 19 .1518836E+11   2300008E-01  .2688E+01  .4541E+01   .9999999  .0002933 -.0001056
T 8851 19 .1519067E+11   2300008E-01  .1445E+02 -.6010E+01   .9999999 -.0000166 -.0000242
T 8852 19 .1518912E+11   2300022E-01 -.2522E+02 -.1357E+02   .9999999 -.0003257 -.0002045
T 8853 19 .1519101E+11   2300011E-01 -.2137E+00  .9159E+01   .9999999 -.0000297 -.0000037
T 8854 19 .1518906E+11   2300011E-01  .1435E+02 -.1107E+01   .9999999  .0000659 -.0001130
T 8855 19 .1518929E+11   2300017E-01  .3758E+01 -.1297E+02   .9999999  .0000062 -.0003017
T 8856 19 .1518997E+11   2300015E-01 -.2962E+01  .5613E+01   .9999999 -.0001360 -.0000581
T 8857 19 .1518906E+11   2300019E-01 -.5214E+01 -.8772E-03   .9999999  .0000102 -.0001087
T 8858 19 .1518897E+11   2300019E-01 -.9818E+01  .4405E+01   .9999999 -.0002432  .0002502
T 8859 19 .1519129E+11   2300005E-01 -.1494E+02 -.3922E+01   .9999999 -.0001075 -.0000204
T 8860 19 .1519157E+11   2300018E-01 -.3669E+02 -.3101E+02   .9999997 -.0005858 -.0005078
T 8861 19 .1519125E+11   2300020E-01  .1149E+02 -.1551E+02   .9999999  .0001575 -.0001779
T 8862 19 .1519009E+11   2300016E-01  .2010E+00  .3105E+01   .9999999  .0000715 -.0000051
T 8863 19 .1518929E+11   2300002E-01  .3109E+01 -.5746E+01   .9999999  .0000891 -.0000495
T 8864 19 .1518914E+11   2300009E-01 -.1948E+01  .2134E+02   .9999999  .0000329  .0002367
T 8865 19 .1519005E+11   2300001E-01  .6460E+00 -.1069E+02   .9999999 -.0000054 -.0000543
T 8866 19 .1518920E+11   2300021E-01 -.7802E+01  .3421E+01   .9999999 -.0001516  .0000147
T 8867 19 .1518799E+11   2300006E-01  .1040E+02  .6635E+01   .9999999  .0000717  .0001069
T 8868 19 .1519092E+11   2300003E-01 -.2606E+02 -.1153E+02   .9999999 -.0003530  .0000316
T 8869 19 .1518963E+11   2300011E-01  .4511E+01 -.6498E+01   .9999999 -.0000653  .0000578
T 8870 19 .1518871E+11   2300014E-01 -.3175E+01 -.5523E+01   .9999999 -.0000633 -.0001394
T 8871 19 .1518957E+11   2300019E-01 -.6136E+01 -.8688E+00   .9999999 -.0001093  .0000700
T 8872 19 .1519012E+11   2300015E-01  .7779E+01  .1617E+02   .9999999  .0000191  .0001377
T 8873 19 .1519091E+11   2300018E-01  .5345E+02  .2674E+02   .9999996  .0007724  .0005458
T 8874 19 .1519022E+11   2300021E-01  .4660E+01 -.2692E+01   .9999999  .0000494 -.0000706
T 8875 19 .1519048E+11   2300011E-01  .1351E+02 -.1412E+02   .9999999  .0002808 -.0002310
T 8876 19 .1519001E+11   2300017E-01 -.1181E+02 -.5601E+01   .9999999  .0000199 -.0001114
T 8877 19 .1519068E+11   2300013E-01  .2589E+01  .1934E+02   .9999999  .0000383  .0003054
T 8878 19 .1518920E+11   2300020E-01  .1566E+01 -.5759E+01   .9999999 -.0000216 -.0000237
T 8879 19 .1518989E+11   2300018E-01 -.2012E+02  .1332E+02   .9999999 -.0000396  .0001605
T 8880 19 .1519127E+11   2300009E-01  .8652E+01 -.4507E+01   .9999999  .0000720  .0000263
T 8881 19 .1518909E+11   2300017E-01  .3603E+01  .8683E+01   .9999999  .0001578  .0001220
T 8882 19 .1519001E+11   2300011E-01 -.1623E+02  .5471E+01   .9999999 -.0002497  .0001376
T 8883 19 .1518858E+11   2300000E-01 -.9029E+01 -.1268E+02   .9999999  .0000183 -.0001010
T 8884 19 .1519101E+11   2300013E-01 -.1400E+02  .1024E+02   .9999999 -.0002091  .0000600
T 8885 19 .1519169E+11   2300014E-01 -.1083E+02 -.2152E+02   .9999999 -.0000769 -.0003585
T 8886 19 .1518902E+11   2300008E-01  .3984E+01 -.1408E+01   .9999999  .0000897 -.0001487
T 8887 19 .1518980E+11   2300014E-01 -.1294E+02  .8955E+01   .9999999 -.0001880 -.0000411
T 8888 19 .1518947E+11   2300016E-01  .1499E+02 -.2356E+01   .9999999  .0002375 -.0000948
T 8889 19 .1519076E+11   2300006E-01  .1048E+03  .3179E+02   .9999988  .0014590  .0004803
T 8890 19 .1519083E+11   2300010E-01 -.1803E+02  .1267E+02   .9999999 -.0001609  .0001358
T 8891 19 .1518931E+11   2300003E-01  .1871E-01  .6239E+01   .9999999 -.0000312 -.0000228
T 8892 19 .1518916E+11   2300021E-01 -.1342E+02 -.1223E+02   .9999999 -.0001399 -.0001498
T 8893 19 .1519050E+11   2300005E-01  .1121E+01  .2342E+02   .9999999  .0000339  .0002156
T 8894 19 .1518974E+11   2300022E-01  .9467E+01  .1216E+02   .9999999  .0001181  .0002034
T 8895 19 .1518979E+11   2300017E-01 -.4175E+01 -.1825E+01   .9999999  .0000764  .0000826
T 8896 19 .1519054E+11   2300003E-01  .1851E+01 -.1466E+02   .9999999 -.0000072 -.0002288
T 8897 19 .1519054E+11   2300011E-01  .7256E+01 -.7563E+00   .9999999  .0001026 -.0000491
T 8898 19 .1518951E+11   2300012E-01 -.2479E+01 -.6230E+01   .9999999 -.0000294 -.0001578
T 8899 19 .1519007E+11   2300021E-01  .4294E+01 -.1058E+02   .9999999 -.0000155 -.0000541
T 8900 19 .1518939E+11   2300006E-01 -.1715E+02 -.8391E+01   .9999999 -.0001907 -.0001599
T 8901 19 .1519009E+11   2300003E-01 -.1723E+02  .4332E+01   .9999999 -.0002319  .0000595
T 8902 19 .1518985E+11   2300012E-01  .1295E+02 -.3879E+01   .9999999  .0003940 -.0000757
T 8903 19 .1518972E+11   2300020E-01 -.4252E+01  .7094E+01   .9999999 -.0000981 -.0000516
T 8904 19 .1519011E+11   2300014E-01 -.1764E+02  .7907E+01   .9999999 -.0002448  .0001406
T 8905 19 .1519170E+11   2300005E-01  .7843E+01 -.1516E+02   .9999999  .0000908 -.0002046
T 8906 19 .1518837E+11   2300007E-01  .1444E+00 -.4825E+00   .9999999  .0000077 -.0001209
T 8907 19 .1519020E+11   2300011E-01 -.3591E+01  .2152E+01   .9999999 -.0000136  .0000230
T 8908 19 .1519044E+11   2300006E-01  .1406E+02  .1730E+02   .9999999  .0002091  .0002144
T 8909 19 .1518944E+11   2300016E-01 -.7554E+01 -.3598E+01   .9999999 -.0000919  .0000428
T 8910 19 .1518986E+11   2300005E-01 -.1268E+02 -.7340E+01   .9999999 -.0002888 -.0000414
T 8911 19 .1519052E+11   2300010E-01 -.1617E+01 -.6802E+01   .9999999 -.0000550 -.0000004
T 8912 19 .1518948E+11   2300008E-01 -.7855E+01 -.1236E+02   .9999999 -.0000020 -.0002408
T 8913 19 .1519150E+11   2300004E-01 -.4384E+01  .1411E+01   .9999999 -.0001252  .0000328
T 8914 19 .1518956E+11   2300017E-01  .1673E+02  .5188E+01   .9999999  .0002632  .0000017
T 8915 19 .1519075E+11   2300008E-01  .1152E+01 -.4424E+01   .9999999  .0000383  .0000015
T 8916 19 .1518985E+11   2300014E-01  .5667E+01 -.5933E+01   .9999999  .0000142 -.0000789
T 8917 19 .1519163E+11   2300018E-01 -.5081E+01  .3816E+01   .9999999 -.0000714 -.0000161
T 8918 19 .1518918E+11   2300012E-01  .1087E+01 -.1607E+02   .9999999 -.0000611 -.0001467
T 8919 19 .1519053E+11   2300012E-01  .6442E+00 -.1687E+02   .9999999  .0000370 -.0002741
T 8920 19 .1519022E+11   2300009E-01 -.6905E+01 -.8198E+01   .9999999 -.0000228 -.0000931
T 8921 19 .1518903E+11   2300005E-01  .2933E+01  .3493E+01   .9999999  .0000390 -.0000455
T 8922 19 .1518961E+11   2300019E-01 -.1122E+01 -.1587E+01   .9999999  .0000180  .0000920
T 8923 19 .1519155E+11   2300020E-01 -.6318E+01 -.3943E+01   .9999999 -.0000505 -.0000427
T 8924 19 .1518971E+11   2300012E-01 -.3096E+01  .8852E+01   .9999999  .0000126  .0000673
T 8925 19 .1518975E+11   2300020E-01  .1956E+01 -.9995E+01   .9999999  .0000152 -.0000748
T 8926 19 .1519162E+11   2300019E-01  .1956E+01 -.2257E+02   .9999999 -.0000338 -.0001029
T 8927 19 .1518887E+11   2300008E-01 -.6220E+01  .8795E+01   .9999999 -.0001977  .0001464
T 8928 19 .1518928E+11   2300005E-01  .2810E+01  .1299E+01   .9999999 -.0000413  .0000312
T 8929 19 .1518971E+11   2300007E-01 -.1756E+02  .3886E+01   .9999999 -.0002401 -.0000625
T 8930 19 .1518970E+11   2300021E-01 -.1635E+02  .1122E+02   .9999999 -.0001613  .0001201
T 8931 19 .1519100E+11   2300020E-01 -.1132E+02 -.1738E+02   .9999999 -.0002438 -.0002060
T 8932 19 .1518994E+11   2300013E-01 -.1759E+02  .5068E+01   .9999999 -.0001924  .0000892
T 8933 19 .1519266E+11   2300005E-01  .5595E+00  .1469E+02   .9999999 -.0000214  .0002873
T 8934 19 .1518970E+11   2300009E-01  .9526E+01  .8278E+01   .9999999  .0002769  .0002063
T 8935 19 .1518923E+11   2300016E-01  .2494E+01 -.6817E+01   .9999999 -.0001157 -.0001441
T 8936 19 .1519050E+11   2300013E-01  .6816E+00  .1394E+02   .9999999 -.0000057  .0002375
T 8937 19 .1518990E+11   2300011E-01  .2385E+02  .9365E+01   .9999999  .0003110  .0001144
T 8938 19 .1518916E+11   2300023E-01 -.1538E+01 -.1941E+02   .9999999  .0000478 -.0002066
T 8939 19 .1518999E+11   2300001E-01 -.1076E+01  .2051E+01   .9999999  .0000276 -.0001377
T 8940 19 .1518830E+11   2300021E-01 -.1664E+02 -.6152E+01   .9999999 -.0002847 -.0000964
T 8941 19 .1518975E+11   2300010E-01  .1360E+02  .3637E+01   .9999999  .0001167 -.0000573
T 8942 19 .1519049E+11   2300009E-01 -.1550E+02  .1792E+01   .9999999 -.0001546 -.0000331
T 8943 19 .1518925E+11   2300021E-01  .1542E+01 -.2665E+01   .9999999 -.0000082 -.0000295
T 8944 19 .1518966E+11   2300019E-01 -.1379E+02  .5360E+01   .9999999 -.0000845  .0001462
T 8945 19 .1518937E+11   2300019E-01  .9936E+01  .7094E+01   .9999999  .0001436  .0001155
T 8946 19 .1519011E+11   2300022E-01  .1252E+02 -.2806E+01   .9999999  .0000602 -.0000799
T 8947 19 .1519060E+11   2300017E-01 -.5573E+01  .4459E+01   .9999999 -.0000897 -.0000721
T 8948 19 .1518946E+11   2300014E-01 -.8848E+01 -.2447E+01   .9999999 -.0000906  .0000343
T 8949 19 .1519110E+11   2300004E-01 -.3982E+01 -.1561E+02   .9999999 -.0000571 -.0001405
T 8950 19 .1519028E+11   2300022E-01  .1978E+01  .1620E+02   .9999999  .0001106  .0001189
T 8951 19 .1518986E+11   2300002E-01 -.1142E-01 -.9617E+01   .9999999 -.0000640 -.0002658
T 8952 19 .1519007E+11   2300014E-01  .1197E+02  .2486E+01   .9999999  .0001153  .0000464
T 8953 19 .1519056E+11   2300022E-01  .6607E+00  .5403E+01   .9999999 -.0000517  .0000192
T 8954 19 .1519083E+11   2300014E-01 -.1083E+01  .6997E+01   .9999999 -.0000450  .0001086
T 8955 19 .1518926E+11   2300019E-01  .9166E+01 -.1779E+02   .9999999  .0000961 -.0002004
T 8956 19 .1518923E+11   2300019E-01 -.2341E+01 -.4004E+01   .9999999 -.0000152 -.0000529
T 8957 19 .1518895E+11   2300019E-01  .2173E+02 -.6599E+00   .9999999  .0001916 -.0000271
T 8958 19 .1519081E+11   2300013E-01  .4558E+01  .6807E+01   .9999999 -.0000048  .0000009
T 8959 19 .1518897E+11   2300015E-01  .2072E+02 -.1068E+02   .9999999  .0000617 -.0000185
T 8960 19 .1519127E+11   2300007E-01  .2423E+02 -.1972E+02   .9999999  .0001265 -.0003254
T 8961 19 .1519148E+11   2300007E-01 -.4839E+01 -.1405E+02   .9999999 -.0001955 -.0001428
T 8962 19 .1518955E+11   2300005E-01  .4977E+01  .1810E+02   .9999999  .0000718  .0001867
T 8963 19 .1518871E+11   2300010E-01 -.1295E+02  .7491E+00   .9999999 -.0001488 -.0000569
T 8964 19 .1519080E+11   2300021E-01 -.2225E+02 -.5532E+01   .9999999 -.0003080 -.0000082
T 8965 19 .1519023E+11   2300015E-01 -.1601E+02  .7089E+01   .9999999 -.0002481 -.0000590
T 8966 19 .1518900E+11   2300013E-01 -.2447E+01 -.5294E+01   .9999999  .0000604 -.0001650
T 8967 19 .1519010E+11   2300007E-01  .2190E+02 -.1859E+02   .9999999  .0003078 -.0002597
T 8968 19 .1518888E+11   2300007E-01 -.1320E+02 -.1297E+02   .9999999 -.0001212 -.0001741
T 8969 19 .1519105E+11   2300014E-01  .1290E+01  .3189E+01   .9999999 -.0000562  .0000701
T 8970 19 .1519041E+11   2300001E-01  .7856E+01 -.8792E+01   .9999999  .0001060 -.0000311
T 8971 19 .1518998E+11   2300017E-01 -.1137E+02 -.4964E+01   .9999999 -.0001641  .0000801
T 8972 19 .1519006E+11   2300022E-01  .2812E+02  .4893E+00   .9999999  .0003892 -.0001512
T 8973 19 .1518908E+11   2300016E-01 -.6147E+01  .5745E+01   .9999999 -.0001086 -.0000381
T 8974 19 .1519107E+11   2300019E-01 -.5672E+01 -.6946E+01   .9999999 -.0000963 -.0001408
T 8975 19 .1518985E+11   2300002E-01  .2933E+01 -.4057E+01   .9999999 -.0000025  .0000176
T 8976 19 .1518916E+11   2300014E-01  .1621E+02  .1055E+02   .9999999  .0002287  .0003437
T 8977 19 .1518878E+11   2300013E-01 -.1098E+01 -.1140E+02   .9999999 -.0000088 -.0001779
T 8978 19 .1518934E+11   2300021E-01 -.5323E+01  .7800E+01   .9999999 -.0000552  .0000605
T 8979 19 .1518950E+11   2300019E-01  .6288E+01 -.7981E+01   .9999999  .0000449 -.0000433
T 8980 19 .1518933E+11   2300001E-01 -.2520E+01  .2879E+01   .9999999 -.0000311 -.0000361
T 8981 19 .1518911E+11   2300013E-01 -.3026E+01  .3609E+01   .9999999 -.0001712  .0000145
T 8982 19 .1518917E+11   2300017E-01  .5074E+01  .1959E+02   .9999999  .0000187  .0001580
T 8983 19 .1519019E+11   2300020E-01 -.1727E+02 -.1831E+02   .9999999 -.0002801 -.0002016
T 8984 19 .1518980E+11   2300005E-01 -.2224E+02  .1507E+02   .9999999 -.0002305  .0002237
T 8985 19 .1519032E+11   2300021E-01  .3907E+01 -.6665E+01   .9999999  .0000573 -.0000609
T 8986 19 .1519068E+11   2300019E-01 -.3618E+02  .6339E+01   .9999999 -.0004352 -.0002120
T 8987 19 .1518861E+11   2300020E-01  .1064E+02 -.4775E+01   .9999999  .0001658  .0000275
T 8988 19 .1519078E+11   2300017E-01  .6986E+01  .2190E+02   .9999999  .0000575  .0002236
T 8989 19 .1518958E+11   2300022E-01  .8450E+01  .7698E+01   .9999999  .0004118  .0001938
T 8990 19 .1519009E+11   2300009E-01  .2864E+01 -.3993E+01   .9999999  .0001232 -.0000515
T 8991 19 .1518926E+11   2300012E-01  .9485E+01  .1584E+02   .9999999  .0000952  .0000898
T 8992 19 .1518902E+11   2300010E-01  .1010E+02 -.5402E+00   .9999999  .0001346  .0001028
T 8993 19 .1519002E+11   2300003E-01  .5749E+01 -.1111E+02   .9999999 -.0000913 -.0001287
T 8994 19 .1519166E+11   2300016E-01  .3880E+01  .6817E+00   .9999999  .0001048  .0000941
T 8995 19 .1518880E+11   2300004E-01  .8352E+00  .1817E+02   .9999999  .0001116  .0000399
T 8996 19 .1518945E+11   2300020E-01 -.1115E+02 -.4260E+01   .9999997 -.0007616 -.0003191
T 8997 19 .1519058E+11   2300006E-01 -.5363E-01 -.5194E+01   .9999999 -.0000187 -.0001255
T 8998 19 .1518908E+11   2300008E-01 -.8335E+01 -.1611E+01   .9999999 -.0002961 -.0004516
T 8999 19 .1519211E+11   2300016E-01  .1234E+02  .8925E+01   .9999999  .0000754  .0000017
T 9000 19 .1518911E+11   2300015E-01  .1866E+01  .1256E+02   .9999999  .0000085  .0001250
T 9001 19 .1519028E+11   2300019E-01  .9483E+01  .1706E+01   .9999999  .0000891 -.0001202
T 9002 19 .1518998E+11   2300017E-01 -.4899E+01  .1420E+02   .9999999  .0000237  .0000858
T 9003 19 .1519168E+11   2300021E-01  .1009E+02 -.2232E+01   .9999999  .0001452 -.0000501
T 9004 19 .1519019E+11   2300016E-01  .7531E+01 -.4762E+01   .9999999  .0000232 -.0001300
T 9005 19 .1519153E+11   2300005E-01  .5102E+01  .9749E+01   .9999999  .0000380  .0001857
T 9006 19 .1518908E+11   2300005E-01  .7210E+01  .1021E+02   .9999999  .0001183  .0000607
T 9007 19 .1519121E+11   2300006E-01  .3607E+01  .7779E+01   .9999999  .0000245  .0000549
T 9008 19 .1519064E+11   2300012E-01 -.1017E+01 -.9292E+01   .9999999 -.0000834 -.0002194
T 9009 19 .1519029E+11   2300008E-01 -.7310E+01  .1324E+02   .9999999  .0000391  .0002343
T 9010 19 .1519025E+11   2300018E-01  .1492E+02  .1138E+02   .9999999  .0001415  .0000473
T 9011 19 .1518876E+11   2300012E-01 -.9181E+01 -.4497E+01   .9999999 -.0001009  .0000196
T 9012 19 .1519128E+11   2300002E-01 -.3395E+00 -.1414E+02   .9999999  .0000073 -.0002167
T 9013 19 .1518892E+11   2300008E-01 -.1553E+01  .3019E+00   .9999999  .0000340 -.0000010
T 9014 19 .1518848E+11   2300011E-01 -.1996E+01  .5472E+01   .9999999 -.0002163  .0000506
T 9015 19 .1519024E+11   2300006E-01  .2184E+02 -.4939E+02   .9999997  .0001088 -.0007073
T 9016 19 .1518894E+11   2300022E-01 -.1023E+02 -.2097E+02   .9999999 -.0001253 -.0003592
T 9017 19 .1518884E+11   2300004E-01 -.1458E+02  .9434E+01   .9999999 -.0000652  .0000514
T 9018 19 .1518972E+11   2300001E-01 -.9379E+00  .3318E+01   .9999999 -.0000418  .0000045
T 9019 19 .1518993E+11   2300010E-01  .2211E+02  .1471E+02   .9999998  .0004787  .0002729
T 9020 19 .1518977E+11   2300006E-01 -.8335E+01  .5359E+01   .9999999 -.0000861 -.0000724
T 9021 19 .1519059E+11   2300019E-01 -.1162E+02  .2380E+02   .9999999 -.0001619  .0002375
T 9022 19 .1518959E+11   2300019E-01 -.2575E+00 -.7281E+01   .9999999  .0000460  .0000768
T 9023 19 .1518939E+11   2300022E-01  .2640E+01  .2409E+01   .9999999  .0000682  .0000033
T 9024 19 .1519077E+11   2300020E-01  .2635E+02  .3174E+02   .9999999  .0003154  .0003269
T 9025 19 .1519092E+11   2300022E-01 -.6678E+01  .2289E+02   .9999999  .0000031  .0002307
T 9026 19 .1519002E+11   2300018E-01 -.6271E+01  .1083E+02   .9999999 -.0000740  .0005421
T 9027 19 .1519004E+11   2300004E-01 -.2094E+02 -.2462E+01   .9999999 -.0001468 -.0000858
T 9028 19 .1518777E+11   2300004E-01 -.1104E+02 -.5101E+00   .9999999 -.0002078 -.0000839
T 9029 19 .1518933E+11   2300001E-01  .9193E+01  .2088E+01   .9999999  .0001251  .0000674
T 9030 19 .1519034E+11   2300018E-01  .3900E+01 -.1152E+02   .9999999  .0001095 -.0001222
T 9031 19 .1518834E+11   2300017E-01 -.9290E+00 -.1367E+01   .9999999  .0000005 -.0000769
T 9032 19 .1518953E+11   2300000E-01 -.5603E+01  .1712E+01   .9999999 -.0001035  .0000360
T 9033 19 .1518972E+11   2300012E-01 -.1048E+02 -.3703E+01   .9999999 -.0001352 -.0001051
T 9034 19 .1518994E+11   2300012E-01  .8950E+01 -.1725E+02   .9999999  .0000852 -.0003444
T 9035 19 .1518930E+11   2300003E-01  .1632E+02 -.1251E+02   .9999999  .0001229 -.0001174
T 9036 19 .1519046E+11   2300005E-01 -.7746E+01  .3095E+01   .9999999 -.0000916  .0003239
T 9037 19 .1518960E+11   2300020E-01 -.2157E+02 -.3239E+01   .9999999 -.0003348 -.0000958
T 9038 19 .1519005E+11   2300022E-01 -.7498E+00  .1454E+02   .9999999 -.0001649  .0003200
T 9039 19 .1519027E+11   2300010E-01  .1261E+01  .4262E+01   .9999999 -.0000468 -.0000933
T 9040 19 .1518943E+11   2300021E-01 -.5383E+01 -.8475E+00   .9999999 -.0000384 -.0000570
T 9041 19 .1518924E+11   2300003E-01 -.2277E+02  .5761E+02   .9999999 -.0001589  .0001072
T 9042 19 .1519140E+11   2300010E-01 -.2611E+01 -.2474E+01   .9999999 -.0000812 -.0000525
T 9043 19 .1519084E+11   2300021E-01  .2387E+02 -.9515E+01   .9999999  .0002229 -.0000667
T 9044 19 .1519063E+11   2300002E-01  .9329E+01 -.3972E+01   .9999999  .0001248 -.0000561
T 9045 19 .1519048E+11   2300010E-01  .5275E+00  .3968E+01   .9999999  .0000021  .0001382
T 9046 19 .1519139E+11   2300007E-01 -.2732E+00  .2220E+01   .9999999  .0000311  .0001235
T 9047 19 .1519089E+11   2300021E-01  .4946E+01 -.4100E+01   .9999999 -.0000514 -.0001818
T 9048 19 .1519244E+11   2300010E-01 -.6179E+01 -.3407E+01   .9999999 -.0001165 -.0003514
T 9049 19 .1519134E+11   2300001E-01 -.2039E+02  .2358E+02   .9999999 -.0000430  .0002594
T 9050 19 .1519047E+11   2300013E-01 -.5421E+01  .4089E+00   .9999999  .0000192  .0000685
T 9051 19 .1518936E+11   2300002E-01 -.1148E+01 -.3692E+01   .9999999  .0000295  .0000519
T 9052 19 .1518906E+11   2300000E-01  .1457E+02  .1577E+02   .9999999  .0002554  .0002300
T 9053 19 .1519225E+11   2300013E-01 -.8935E+01  .6394E+01   .9999999 -.0002310  .0000235
T 9054 19 .1518948E+11   2300011E-01  .7161E+02 -.3701E+02   .9999999  .0004112 -.0000932
T 9055 19 .1519013E+11   2300018E-01 -.8032E+01  .3400E+01   .9999999 -.0000988  .0000654
T 9056 19 .1519080E+11   2300001E-01 -.1061E+01  .6036E+01   .9999999 -.0000976  .0000465
T 9057 19 .1518923E+11   2300022E-01  .1599E+01  .4648E+01   .9999999 -.0001079 -.0000194
T 9058 19 .1518890E+11   2300008E-01 -.7406E+01  .7800E+01   .9999999 -.0002120  .0002366
T 9059 19 .1519033E+11   2300015E-01  .5403E+01 -.1125E+01   .9999999  .0000898  .0000042
T 9060 19 .1518978E+11   2300011E-01  .5472E+01 -.2742E+02   .9999999  .0000485 -.0004694
T 9061 19 .1518986E+11   2300000E-01  .2425E+02 -.2091E+02   .9999999  .0002546 -.0002507
T 9062 19 .1518894E+11   2300006E-01 -.3922E+02 -.1165E+01   .9999999 -.0004347 -.0000425
T 9063 19 .1519078E+11   2300019E-01  .3353E+01  .7538E+01   .9999999  .0000180  .0000273
T 9064 19 .1518883E+11   2300014E-01  .2080E+01 -.7525E+01   .9999999 -.0001250 -.0001535
T 9065 19 .1519051E+11   2300018E-01  .9934E+01 -.4619E+01   .9999999  .0001111 -.0000533
T 9066 19 .1519078E+11   2300021E-01 -.1780E+00 -.3650E+02   .9999998  .0000791 -.0005424
T 9067 19 .1519028E+11   2300002E-01 -.1869E+02 -.4751E+01   .9999999 -.0001340 -.0000820
T 9068 19 .1518836E+11   2300017E-01 -.1890E+01  .3553E+01   .9999999 -.0000458  .0000775
T 9069 19 .1518992E+11   2300009E-01 -.6195E+01  .1495E+01   .9999999 -.0000327 -.0000348
T 9070 19 .1519029E+11   2300012E-01  .1025E+01 -.1464E+02   .9999999  .0000315 -.0001913
T 9071 19 .1518975E+11   2300013E-01 -.8389E+01 -.5483E+01   .9999999 -.0001949 -.0000484
T 9072 19 .1518909E+11   2300003E-01 -.1212E+00  .1161E+02   .9999999  .0000150  .0000733
T 9073 19 .1519126E+11   2300020E-01  .4834E+01  .2274E+02   .9999999 -.0000733  .0003375
T 9074 19 .1518940E+11   2300011E-01 -.1406E+01 -.8389E+01   .9999999 -.0000907 -.0001647
T 9075 19 .1518838E+11   2300010E-01 -.7721E+01  .5603E+01   .9999999 -.0000214  .0000071
T 9076 19 .1519038E+11   2300019E-01 -.7252E+01  .4825E+02   .9999998 -.0000776  .0006403
T 9077 19 .1519047E+11   2300010E-01  .6901E+01 -.8760E+00   .9999999  .0000000 -.0001403
T 9078 19 .1518996E+11   2300004E-01 -.3970E+01 -.1227E+01   .9999999 -.0000911 -.0000169
T 9079 19 .1518875E+11   2300008E-01  .1686E+02 -.6572E+01   .9999999  .0001064 -.0000675
T 9080 19 .1518989E+11   2300020E-01  .5828E+01 -.3550E+01   .9999999  .0000981 -.0001764
T 9081 19 .1519013E+11   2300004E-01 -.1809E+02  .1456E+02   .9999999 -.0003463  .0003426
T 9082 19 .1518921E+11   2300019E-01 -.6867E+01  .3456E+01   .9999999 -.0000450  .0000050
T 9083 19 .1518883E+11   2300008E-01 -.1025E+02 -.7680E+00   .9999999 -.0000183 -.0001956
T 9084 19 .1519065E+11   2300023E-01 -.2676E+02 -.3000E+02   .9999999 -.0003383 -.0003576
T 9085 19 .1519015E+11   2300008E-01 -.5114E+00 -.1343E+02   .9999999 -.0000818 -.0002597
T 9086 19 .1518958E+11   2300002E-01  .8780E+01 -.5646E+01   .9999999  .0001785 -.0000054
T 9087 19 .1519034E+11   2300021E-01 -.1144E+02  .1262E+02   .9999999 -.0002197  .0001276
T 9088 19 .1518850E+11   2300019E-01  .5755E+01 -.2026E+02   .9999999  .0001525 -.0000697
T 9089 19 .1518951E+11   2300019E-01 -.2078E+02 -.5628E+01   .9999999 -.0001841 -.0000515
T 9090 19 .1519005E+11   2300021E-01  .1097E+02 -.1210E+02   .9999999  .0000272 -.0000752
T 9091 19 .1519046E+11   2300012E-01 -.1317E+02 -.8011E+01   .9999999 -.0001245 -.0001003
T 9092 19 .1518892E+11   2300016E-01 -.7766E+01  .4104E+00   .9999999 -.0001251 -.0000415
T 9093 19 .1518984E+11   2300014E-01  .4734E+01 -.5664E+01   .9999999  .0000217 -.0001251
T 9094 19 .1519076E+11   2300017E-01  .9710E+01  .1389E+02   .9999999  .0000244  .0001716
T 9095 19 .1519103E+11   2300020E-01 -.3841E+01  .9601E+01   .9999999  .0000348  .0000276
T 9096 19 .1518978E+11   2300019E-01 -.7125E+01 -.3687E+01   .9999999 -.0000535 -.0000924
T 9097 19 .1519082E+11   2300016E-01  .3622E+01  .1010E+02   .9999999  .0001237  .0000228
T 9098 19 .1519027E+11   2300001E-01 -.1552E+02  .1288E+02   .9999999 -.0002516  .0000719
T 9099 19 .1518985E+11   2300003E-01  .1783E+02 -.2353E+01   .9999999  .0001541 -.0000750
T 9100 19 .1519086E+11   2300022E-01 -.2381E+02 -.2237E+01   .9999999 -.0003184  .0000202
T 9101 19 .1518904E+11   2300011E-01  .3905E+01  .1927E+02   .9999999  .0000686  .0002090
T 9102 19 .1518718E+11   2300015E-01 -.8607E+01  .4927E+01   .9999999 -.0000986  .0001612
T 9103 19 .1518933E+11   2300019E-01  .2837E+02 -.6675E-01   .9999999  .0003051  .0000022
T 9104 19 .1518956E+11   2300014E-01  .1566E+02 -.1411E+01   .9999999  .0000684 -.0000049
T 9105 19 .1519001E+11   2300015E-01  .1016E+01 -.5282E+01   .9999999  .0000156 -.0001777
T 9106 19 .1518886E+11   2300016E-01 -.5383E+01  .4931E+00   .9999999 -.0000371  .0000047
T 9107 19 .1518920E+11   2300022E-01  .2001E+01  .4681E+01   .9999999  .0000310  .0001665
T 9108 19 .1519158E+11   2300000E-01  .1892E+01  .7234E+01   .9999999  .0001348  .0000646
T 9109 19 .1518904E+11   2300019E-01  .2702E+01  .2490E+02   .9999999 -.0000248  .0002921
T 9110 19 .1518894E+11   2300011E-01 -.2026E+02 -.1161E+01   .9999999 -.0001578  .0000185
T 9111 19 .1519050E+11   2300018E-01  .8671E+01  .1477E+01   .9999999  .0000299  .0001043
T 9112 19 .1519015E+11   2300018E-01 -.1930E+02  .8639E+01   .9999999 -.0002338  .0001418
T 9113 19 .1518928E+11   2300008E-01 -.5672E+01  .1060E+02   .9999999 -.0001120  .0001757
T 9114 19 .1519137E+11   2300016E-01 -.8040E+01  .1081E+02   .9999999 -.0000762 -.0000081
T 9115 19 .1518999E+11   2300015E-01 -.1413E+02  .5295E+01   .9999999 -.0002085  .0000344
T 9116 19 .1519170E+11   2300009E-01  .1130E+02  .1302E+02   .9999999  .0002540  .0001049
T 9117 19 .1519155E+11   2300021E-01  .1279E+02  .5335E+01   .9999999  .0001813  .0000294
T 9118 19 .1519095E+11   2300010E-01 -.1660E+02 -.6120E+01   .9999999 -.0001927 -.0001526
T 9119 19 .1518912E+11   2300015E-01  .3902E+02 -.1949E+02   .9999999  .0004171 -.0001721
T 9120 19 .1519176E+11   2300018E-01 -.2484E+01 -.1704E+02   .9999998 -.0002226 -.0006402
T 9121 19 .1519017E+11   2300007E-01  .2070E+02 -.1706E+02   .9999999  .0001930 -.0000687
T 9122 19 .1518847E+11   2300022E-01  .1225E+02 -.1116E+02   .9999999  .0003193 -.0000200
T 9123 19 .1518977E+11   2300000E-01 -.2224E+02  .2246E+02   .9999999 -.0002073  .0003209
T 9124 19 .1519023E+11   2300003E-01 -.1886E+02 -.6058E+01   .9999999 -.0003927 -.0000970
T 9125 19 .1519123E+11   2300006E-01 -.1231E+01 -.5970E+01   .9999999 -.0000602 -.0000725
T 9126 19 .1519039E+11   2300022E-01 -.5302E+01 -.4836E+01   .9999999 -.0000968  .0000488
T 9127 19 .1519030E+11   2300021E-01  .1480E+00 -.4854E+00   .9999999 -.0000767 -.0000528
T 9128 19 .1519001E+11   2300005E-01 -.3720E+02  .2540E+02   .9999999 -.0003399  .0001827
T 9129 19 .1519043E+11   2300019E-01 -.2073E+01 -.1757E+02   .9999999 -.0001068 -.0001563
T 9130 19 .1518980E+11   2300020E-01  .7977E+00 -.1517E+02   .9999999  .0000001 -.0002435
T 9131 19 .1518817E+11   2300004E-01  .2972E+01 -.1751E+01   .9999999  .0001963  .0002894
T 9132 19 .1518980E+11   2300002E-01  .1832E+01  .1102E+02   .9999999  .0000176 -.0000505
T 9133 19 .1518999E+11   2300008E-01  .2200E+01  .1533E+01   .9999999 -.0000154 -.0001650
T 9134 19 .1518949E+11   2300003E-01  .9411E+01 -.1393E+02   .9999999  .0001178 -.0002881
T 9135 19 .1519052E+11   2300000E-01 -.5701E+01 -.6515E+01   .9999999 -.0001422 -.0001428
T 9136 19 .1519035E+11   2300014E-01 -.1445E+02 -.3647E+01   .9999999 -.0002789 -.0001304
T 9137 19 .1518885E+11   2300010E-01  .7866E+01 -.7869E+01   .9999999  .0001461 -.0001303
T 9138 19 .1519000E+11   2300019E-01  .2677E+02 -.3655E+02   .9999997  .0004140 -.0006010
T 9139 19 .1519001E+11   2300017E-01 -.2599E+02  .2067E+02   .9999999 -.0000640  .0000394
T 9140 19 .1519045E+11   2300016E-01  .2630E+02  .2656E+02   .9999999  .0003064  .0000207
T 9141 19 .1518947E+11   2300015E-01  .2656E+02 -.2102E+00   .9999999  .0001729  .0001189
T 9142 19 .1518889E+11   2300015E-01 -.7906E+01 -.2779E+02   .9999999 -.0000161 -.0003517
T 9143 19 .1519073E+11   2300005E-01  .7864E+01  .9788E+01   .9999999  .0000078  .0001597
T 9144 19 .1519082E+11   2300020E-01  .1545E+01  .1183E+02   .9999999  .0000053  .0003556
T 9145 19 .1518867E+11   2300022E-01 -.1670E+02 -.7231E+01   .9999999 -.0003581 -.0000766
T 9146 19 .1519088E+11   2300021E-01  .1005E+01  .3968E+01   .9999999 -.0000079  .0000472
T 9147 19 .1519096E+11   2300003E-01  .8549E+01  .2970E+01   .9999999  .0001166  .0000746
T 9148 19 .1518956E+11   2300001E-01  .9236E+01 -.3262E+02   .9999999  .0001714 -.0004560
T 9149 19 .1518984E+11   2300015E-01 -.7639E+01  .3208E+01   .9999999 -.0001214  .0000559
T 9150 19 .1519076E+11   2300004E-01 -.4940E+01 -.5945E+01   .9999999 -.0000561  .0000920
T 9151 19 .1518978E+11   2300009E-01 -.7876E+01 -.4962E+01   .9999999 -.0000007 -.0000281
T 9152 19 .1518985E+11   2300020E-01 -.2202E+02 -.1546E+02   .9999999 -.0003439 -.0000793
T 9153 19 .1519057E+11   2300022E-01  .2584E+01  .7028E+01   .9999999 -.0000218  .0001260
T 9154 19 .1519003E+11   2300000E-01  .2554E+02 -.6775E+01   .9999999  .0002647 -.0001380
T 9155 19 .1519062E+11   2300012E-01 -.2181E+02  .1276E+01   .9999999 -.0002740  .0000544
T 9156 19 .1519003E+11   2300017E-01  .1831E+02  .8090E+00   .9999999  .0002178  .0000527
T 9157 19 .1519017E+11   2300021E-01  .6662E+01  .2174E+02   .9999999 -.0000426  .0002205
T 9158 19 .1519015E+11   2300018E-01  .9757E+01  .1299E+01   .9999999  .0001323 -.0000436
T 9159 19 .1519000E+11   2300020E-01  .1447E+02  .6190E+01   .9999999  .0002359  .0001096
T 9160 19 .1519053E+11   2300020E-01  .7428E+01  .2476E+02   .9999999 -.0000308  .0001833
T 9161 19 .1519011E+11   2300001E-01  .1468E+02 -.1221E+02   .9999999  .0004553 -.0001939
T 9162 19 .1518967E+11   2300013E-01  .3310E+01  .3955E+01   .9999999  .0001716  .0001158
T 9163 19 .1519130E+11   2300008E-01 -.1028E+02 -.1546E+02   .9999999 -.0000476  .0000331
T 9164 19 .1518931E+11   2300016E-01  .8039E+01 -.8555E+01   .9999999  .0002898 -.0001036
T 9165 19 .1519045E+11   2300020E-01  .6252E+00 -.1876E+01   .9999999 -.0000838 -.0001943
T 9166 19 .1518891E+11   2300019E-01  .8655E+00  .2102E+02   .9999999 -.0000114  .0000957
T 9167 19 .1519050E+11   2300002E-01  .2227E+01  .3861E+02   .9999999  .0000329  .0002724
T 9168 19 .1518951E+11   2300017E-01 -.6944E+00  .1856E+02   .9999999  .0000075  .0001496
T 9169 19 .1519003E+11   2300016E-01  .8152E+01 -.1408E+02   .9999999  .0001819 -.0000737
T 9170 19 .1519043E+11   2300023E-01  .8281E+01  .1881E+01   .9999999  .0000126  .0001383
T 9171 19 .1518951E+11   2300016E-01  .2219E+02 -.1202E+02   .9999999  .0002007 -.0000322
T 9172 19 .1519011E+11   2300021E-01  .3781E+02  .6324E+01   .9999999  .0004705  .0001664
T 9173 19 .1519153E+11   2300008E-01 -.3316E+01 -.4943E+01   .9999999 -.0000514 -.0000108
T 9174 19 .1519002E+11   2300003E-01  .2308E+01 -.3955E+01   .9999999  .0000533 -.0000310
T 9175 19 .1519085E+11   2300005E-01  .5677E+00 -.1227E+02   .9999999 -.0000754 -.0002238
T 9176 19 .1519045E+11   2300001E-01 -.1595E+01 -.1322E+02   .9999999  .0001278  .0000092
T 9177 19 .1519015E+11   2300016E-01 -.6875E+01  .9090E+01   .9999999 -.0000428 -.0000148
T 9178 19 .1518977E+11   2300017E-01 -.2154E+02 -.9635E+01   .9999999 -.0002107 -.0000912
T 9179 19 .1519084E+11   2300004E-01 -.3383E+01  .1104E+02   .9999999 -.0000436  .0000712
T 9180 19 .1518966E+11   2300014E-01  .1675E+01 -.3541E+01   .9999999  .0003372  .0000334
T 9181 19 .1519131E+11   2300011E-01  .3518E+02 -.8609E+01   .9999999  .0002089 -.0001581
T 9182 19 .1518985E+11   2300015E-01 -.7120E+01 -.1567E+02   .9999999 -.0000202 -.0003938
T 9183 19 .1519190E+11   2300013E-01 -.8857E+00 -.3787E+01   .9999999 -.0000140  .0000008
T 9184 19 .1518994E+11   2300008E-01 -.5115E+01 -.2879E-01   .9999999 -.0000963 -.0000445
T 9185 19 .1518970E+11   2300017E-01  .6164E+01  .6597E+01   .9999999  .0001492  .0001234
T 9186 19 .1519056E+11   2300010E-01 -.1634E+01 -.1099E+02   .9999999 -.0000446 -.0001468
T 9187 19 .1519058E+11   2300020E-01 -.5422E+02  .8754E-01   .9999999 -.0004664 -.0001489
T 9188 19 .1519071E+11   2300001E-01  .1087E+01  .7517E+00   .9999999 -.0000198  .0000481
T 9189 19 .1518901E+11   2300021E-01  .1592E+02  .1922E+00   .9999999  .0004316  .0000052
T 9190 19 .1518875E+11   2300022E-01  .3877E+01 -.8311E+01   .9999999 -.0000043 -.0001492
T 9191 19 .1518889E+11   2300022E-01 -.8122E+01 -.8673E+01   .9999999 -.0001298 -.0001536
T 9192 19 .1519080E+11   2300019E-01 -.1066E+02  .3923E+01   .9999999  .0000126  .0001660
T 9193 19 .1519009E+11   2300009E-01 -.4060E+01 -.1448E+02   .9999999  .0000142 -.0001653
T 9194 19 .1518976E+11   2300018E-01 -.1614E+02 -.2031E+01   .9999999 -.0001325 -.0000427
T 9195 19 .1519118E+11   2300020E-01 -.5516E+00  .1374E+02   .9999999  .0000125  .0002974
T 9196 19 .1518938E+11   2300001E-01 -.1266E+01 -.2732E+02   .9999999  .0000090 -.0003268
T 9197 19 .1518920E+11   2300022E-01 -.2716E+02 -.1792E+02   .9999999 -.0003795 -.0002838
T 9198 19 .1518983E+11   2300018E-01  .1689E+01  .8311E+01   .9999999  .0000667 -.0000445
T 9199 19 .1519207E+11   2300022E-01 -.1882E+02  .6124E+01   .9999999 -.0002896  .0000904
T 9200 19 .1519059E+11   2300003E-01  .4113E+01  .5547E+00   .9999999  .0000617 -.0000434
T 9201 19 .1518960E+11   2300022E-01  .6784E+01 -.7479E+01   .9999999  .0000763 -.0001380
T 9202 19 .1518967E+11   2300007E-01 -.1194E+01  .1264E+02   .9999999  .0000109  .0001878
T 9203 19 .1519072E+11   2300014E-01 -.1066E+02 -.2291E+01   .9999985 -.0016029 -.0007266
T 9204 19 .1518867E+11   2300015E-01  .1698E+02  .2092E+02   .9999999  .0002368  .0002970
T 9205 19 .1518886E+11   2300016E-01  .3650E+01 -.4760E+01   .9999999 -.0000168 -.0000478
T 9206 19 .1519034E+11   2300022E-01  .4962E+00  .7454E+01   .9999999 -.0000181  .0000514
T 9207 19 .1519015E+11   2300003E-01 -.2431E+02 -.1805E+02   .9999999 -.0000745 -.0001836
T 9208 19 .1519096E+11   2300004E-01  .1251E+02 -.3543E+01   .9999999  .0001427 -.0000798
T 9209 19 .1519090E+11   2300009E-01 -.2368E+02 -.2966E+01   .9999999 -.0003613 -.0000085
T 9210 19 .1518909E+11   2300010E-01 -.1702E+02 -.8806E+01   .9999999 -.0003234 -.0002263
T 9211 19 .1519116E+11   2300019E-01 -.1567E+01 -.1493E+02   .9999999  .0000095 -.0001795
T 9212 19 .1518837E+11   2300021E-01 -.1908E+02 -.1458E+02   .9999999 -.0001394 -.0001902
T 9213 19 .1519145E+11   2300007E-01  .5375E+01  .7687E+00   .9999999  .0000828  .0000656
T 9214 19 .1518778E+11   2300023E-01  .1195E+01 -.1238E+02   .9999999 -.0000564 -.0000850
T 9215 19 .1519054E+11   2300000E-01  .4721E+01 -.2742E+02   .9999999 -.0000130 -.0001867
T 9216 19 .1519202E+11   2300014E-01 -.5990E+00  .1026E+02   .9999999  .0000790  .0000259
T 9217 19 .1518975E+11   2300022E-01  .7031E+01  .2368E+02   .9999999  .0000766  .0002473
T 9218 19 .1518854E+11   2300011E-01  .1095E+02  .1175E+01   .9999999  .0002512 -.0001452
T 9219 19 .1519135E+11   2300002E-01 -.2349E+02  .1048E+02   .9999999 -.0002007  .0000784
T 9220 19 .1519056E+11   2300015E-01 -.2321E+01 -.1410E+02   .9999999  .0000548 -.0002551
T 9221 19 .1519117E+11   2300016E-01 -.8779E+01 -.1313E+02   .9999999 -.0001545 -.0002634
T 9222 19 .1519089E+11   2300018E-01 -.1009E+02 -.4978E+00   .9999999 -.0001717 -.0000919
T 9223 19 .1519118E+11   2300013E-01  .1119E+02 -.7339E+01   .9999999  .0000102 -.0001631
T 9224 19 .1519042E+11   2300013E-01 -.1681E+02  .1270E+02   .9999999 -.0001992  .0002399
T 9225 19 .1518993E+11   2300001E-01  .7066E+01  .8344E+01   .9999999  .0000073  .0000342
T 9226 19 .1519080E+11   2300006E-01 -.1147E+02  .3460E+01   .9999999 -.0001590 -.0001781
T 9227 19 .1518892E+11   2300019E-01  .3627E+02 -.4465E+01   .9999999  .0004891  .0000091
T 9228 19 .1518919E+11   2300018E-01  .3268E+01 -.1340E+02   .9999999  .0000112 -.0000469
T 9229 19 .1518840E+11   2300014E-01 -.1697E+02  .5597E+01   .9999999 -.0002025  .0000968
T 9230 19 .1519052E+11   2300022E-01  .1332E+02 -.3176E-01   .9999999  .0001434  .0001285
T 9231 19 .1519067E+11   2300009E-01 -.4383E+01  .2181E+01   .9999999 -.0001153  .0001058
T 9232 19 .1519071E+11   2300018E-01 -.1616E+02 -.2668E+02   .9999999 -.0001735 -.0000869
T 9233 19 .1519002E+11   2300007E-01  .1071E+02 -.1118E+02   .9999999  .0002313 -.0001173
T 9234 19 .1519265E+11   2300023E-01 -.9101E+01 -.5919E-01   .9999999 -.0001591 -.0001370
T 9235 19 .1518869E+11   2300016E-01  .1006E+02  .1694E+02   .9999999 -.0000196  .0003109
T 9236 19 .1518868E+11   2300015E-01  .1983E+01  .1018E+02   .9999999  .0000711  .0000968
T 9237 19 .1519113E+11   2300017E-01 -.9435E+01 -.4454E+01   .9999999 -.0001908 -.0000326
T 9238 19 .1519108E+11   2300014E-01 -.1727E+02  .2426E+02   .9999998 -.0003165  .0005091
T 9239 19 .1519057E+11   2300016E-01  .9451E+01  .1707E+02   .9999999 -.0000905 -.0000262
T 9240 19 .1518989E+11   2300020E-01  .1342E+02 -.1584E+02   .9999999  .0000794 -.0001018
T 9241 19 .1519009E+11   2300000E-01  .6344E+01 -.4946E+01   .9999999  .0000443 -.0001695
T 9242 19 .1519102E+11   2300021E-01  .3152E+01  .8816E+01   .9999999  .0001420  .0001256
T 9243 19 .1518920E+11   2300010E-01  .4637E+00  .2979E+02   .9999999 -.0000323  .0003119
T 9244 19 .1519034E+11   2300002E-01  .6521E+01 -.5820E+01   .9999999  .0001498 -.0003338
T 9245 19 .1519075E+11   2300007E-01  .1208E+02  .1012E+02   .9999999  .0003083  .0000677
T 9246 19 .1518949E+11   2300011E-01 -.4628E+01 -.1421E+02   .9999999 -.0000330 -.0001862
T 9247 19 .1519091E+11   2300017E-01  .1941E+01  .4658E+01   .9999999 -.0001359 -.0000422
T 9248 19 .1519077E+11   2300014E-01 -.1270E+02 -.3800E+01   .9999999 -.0002764 -.0000931
T 9249 19 .1519013E+11   2300021E-01 -.3058E+01 -.1761E+02   .9999999  .0000186 -.0002663
T 9250 19 .1518966E+11   2300002E-01 -.2298E-01  .7566E+00   .9999999  .0000230 -.0000152
T 9251 19 .1518914E+11   2300002E-01  .7670E+01  .5158E+01   .9999999  .0000683  .0000807
T 9252 19 .1519073E+11   2300005E-01 -.1464E+02  .7318E+01   .9999999 -.0001446  .0002147
T 9253 19 .1519092E+11   2300018E-01  .6155E+01 -.2494E+01   .9999999 -.0000014 -.0000390
T 9254 19 .1518911E+11   2300012E-01  .6819E+01  .1180E+02   .9999999 -.0000315  .0001181
T 9255 19 .1519069E+11   2300002E-01 -.7325E+01  .2917E+02   .9999999  .0000509  .0002458
T 9256 19 .1519010E+11   2300001E-01 -.1192E+02  .5365E+01   .9999999 -.0002914 -.0000347
T 9257 19 .1518917E+11   2300015E-01  .9978E+01  .2457E+02   .9999999  .0000355  .0003269
T 9258 19 .1518893E+11   2300001E-01  .5389E+01 -.1473E+02   .9999999 -.0000558 -.0001763
T 9259 19 .1518913E+11   2300021E-01  .1354E+01  .2143E+00   .9999999 -.0000136  .0001058
T 9260 19 .1519081E+11   2300019E-01 -.2396E+01 -.9887E+00   .9999999  .0000459 -.0000186
T 9261 19 .1519044E+11   2300017E-01  .3012E+01 -.1314E+02   .9999999 -.0000797 -.0001956
T 9262 19 .1519152E+11   2300015E-01 -.2273E+02 -.4988E+01   .9999999 -.0003581  .0000280
T 9263 19 .1519053E+11   2300010E-01  .4988E+01  .8357E+01   .9999999  .0000748  .0000752
T 9264 19 .1518984E+11   2300019E-01 -.1711E+02  .8152E+02   .9999990 -.0003504  .0013426
T 9265 19 .1518875E+11   2300011E-01 -.1396E+02  .7395E+01   .9999999 -.0003104  .0001189
T 9266 19 .1519084E+11   2300002E-01 -.1839E+02  .3226E+01   .9999999 -.0000638  .0000996
T 9267 19 .1519026E+11   2300004E-01 -.1166E+02  .4980E+01   .9999999 -.0003058  .0000584
T 9268 19 .1518950E+11   2300004E-01 -.4829E+02  .4350E+02   .9999999 -.0000623  .0003365
T 9269 19 .1518863E+11   2300008E-01 -.1111E+02 -.1139E+02   .9999999 -.0002367 -.0000872
T 9270 19 .1519098E+11   2300007E-01  .3577E+01 -.7479E+01   .9999999 -.0000565 -.0001380
T 9271 19 .1519077E+11   2300009E-01 -.1196E+00  .1093E+02   .9999999 -.0000835 -.0000473
T 9272 19 .1519021E+11   2300002E-01  .1382E+02  .7756E+01   .9999999  .0002075  .0000699
T 9273 19 .1518843E+11   2300020E-01 -.5876E+00 -.4075E+01   .9999999 -.0000671  .0000296
T 9274 19 .1519181E+11   2300012E-01  .5341E+01 -.3942E+01   .9999999 -.0000145 -.0000355
T 9275 19 .1519048E+11   2300021E-01  .4342E+01 -.1455E+02   .9999999  .0001525 -.0002430
T 9276 19 .1519002E+11   2300015E-01 -.1199E+02 -.1555E+02   .9999999 -.0001175 -.0000955
T 9277 19 .1519113E+11   2300014E-01 -.1542E+01  .3919E+01   .9999999  .0000000 -.0000226
T 9278 19 .1519020E+11   2300015E-01 -.1186E+01  .2693E+02   .9999999 -.0001145  .0004382
T 9279 19 .1518857E+11   2300008E-01 -.6766E+01 -.2140E+02   .9999999 -.0000108 -.0002499
T 9280 19 .1518982E+11   2300009E-01  .1357E+02  .1291E+02   .9999999  .0002342  .0002047
T 9281 19 .1519137E+11   2300020E-01 -.1255E+02 -.1603E+02   .9999999 -.0000523 -.0000603
T 9282 19 .1519064E+11   2300020E-01  .2477E+00  .7192E+01   .9999999 -.0000573  .0001718
T 9283 19 .1519062E+11   2300001E-01 -.1237E+02  .7953E+01   .9999999 -.0000601  .0000345
T 9284 19 .1519122E+11   2300001E-01 -.1747E+02 -.1576E+02   .9999999 -.0000533 -.0001671
T 9285 19 .1518986E+11   2300011E-01  .7451E+01 -.1517E+01   .9999999  .0000382  .0000303
T 9286 19 .1518948E+11   2300018E-01 -.2006E+01 -.9233E+01   .9999999 -.0000804 -.0000732
T 9287 19 .1518923E+11   2300003E-01  .3735E+02  .4761E+01   .9999999  .0004575 -.0000662
T 9288 19 .1519192E+11   2300017E-01 -.1122E+02  .1590E+02   .9999999 -.0002896 -.0000207
T 9289 19 .1518957E+11   2300001E-01 -.3802E+02 -.1997E+02   .9999997 -.0006759 -.0002953
T 9290 19 .1518979E+11   2300019E-01  .6166E+01  .6653E+01   .9999999  .0001088  .0001440
T 9291 19 .1519038E+11   2300018E-01 -.7007E+01  .9155E+01   .9999999 -.0001204  .0001560
T 9292 19 .1519005E+11   2300011E-01 -.4636E+00  .1116E+02   .9999999 -.0000096  .0002208
T 9293 19 .1519059E+11   2300002E-01 -.6048E+01 -.1133E+02   .9999999 -.0000835 -.0001673
T 9294 19 .1518982E+11   2300021E-01 -.4359E+02  .2421E+02   .9999999 -.0002800  .0002523
T 9295 19 .1518941E+11   2300001E-01 -.2691E+02 -.2543E+02   .9999998 -.0003947 -.0005517
T 9296 19 .1518997E+11   2300011E-01 -.2596E+02 -.4038E+02   .9999999 -.0001421 -.0004456
T 9297 19 .1518931E+11   2300006E-01  .8753E+01  .1322E+02   .9999999  .0000605  .0000816
T 9298 19 .1519011E+11   2300009E-01 -.7537E+01 -.5613E+01   .9999999 -.0001398 -.0000874
T 9299 19 .1519014E+11   2300009E-01 -.2440E+02  .5111E+02   .9999999 -.0002215  .0002061
T 9300 19 .1519014E+11   2300016E-01 -.1405E+02 -.6237E+01   .9999999 -.0001141 -.0000801
T 9301 19 .1519007E+11   2300014E-01  .7490E+01  .3750E+00   .9999999  .0001245 -.0001893
T 9302 19 .1518987E+11   2300015E-01  .2810E+02 -.1904E+02   .9999999  .0004739 -.0002104
T 9303 19 .1519041E+11   2300019E-01  .7436E+01  .4253E+01   .9999999 -.0000087  .0000865
T 9304 19 .1518889E+11   2300002E-01 -.9476E+01  .8231E+01   .9999999 -.0001956  .0000891
T 9305 19 .1518945E+11   2300017E-01 -.3002E+01 -.5549E+00   .9999999 -.0000762 -.0000203
T 9306 19 .1518868E+11   2300013E-01  .1110E+02 -.5389E+01   .9999999  .0000933 -.0000717
T 9307 19 .1518934E+11   2300023E-01 -.1485E+02 -.8348E+01   .9999999 -.0001835 -.0000374
T 9308 19 .1518903E+11   2300021E-01 -.3059E+01 -.8333E+00   .9999999 -.0000207 -.0000410
T 9309 19 .1518939E+11   2300007E-01  .7200E+01  .1651E+02   .9999999  .0001408  .0001271
T 9310 19 .1519025E+11   2300004E-01 -.5506E+01  .1124E+02   .9999999  .0000110 -.0000092
T 9311 19 .1519090E+11   2300022E-01 -.1595E+02 -.5778E+01   .9999999 -.0002236 -.0001110
T 9312 19 .1518958E+11   2300006E-01  .1218E+02 -.1561E+02   .9999999  .0002057 -.0001437
T 9313 19 .1518896E+11   2300019E-01  .2239E+02 -.3450E+02   .9999998  .0003119 -.0004667
T 9314 19 .1519049E+11   2300019E-01 -.7160E+01 -.4059E+01   .9999999 -.0000263 -.0000166
T 9315 19 .1518906E+11   2300018E-01  .2504E+01 -.4790E+00   .9999999 -.0001247  .0000918
T 9316 19 .1518988E+11   2300009E-01  .3368E+02  .9115E+01   .9999999  .0003407  .0001837
T 9317 19 .1519155E+11   2300003E-01 -.1608E+02 -.8241E+01   .9999999 -.0002436 -.0002802
T 9318 19 .1519166E+11   2300001E-01 -.6060E+01  .7728E+01   .9999999 -.0001297  .0000883
T 9319 19 .1518913E+11   2300022E-01 -.2709E+02 -.1359E+02   .9999999 -.0001048 -.0001606
T 9320 19 .1519013E+11   2300010E-01 -.3243E+02 -.8617E+01   .9999999 -.0003101 -.0000829
T 9321 19 .1518959E+11   2300011E-01 -.1566E+02  .6783E+01   .9999999 -.0004249  .0000831
T 9322 19 .1518720E+11   2300005E-01  .6160E+01  .6293E+01   .9999999  .0000681  .0001301
T 9323 19 .1519042E+11   2300007E-01 -.4025E+02 -.4088E+02   .9999995 -.0007607 -.0006178
T 9324 19 .1519007E+11   2300003E-01  .1414E+02 -.1667E+02   .9999999  .0000514 -.0004993
T 9325 19 .1519010E+11   2300014E-01  .3955E+01  .1249E+01   .9999999  .0000495  .0000591
T 9326 19 .1518947E+11   2300015E-01 -.1540E+02  .2489E+01   .9999999 -.0001338 -.0000018
T 9327 19 .1518942E+11   2300021E-01  .6414E+01  .2052E+01   .9999999  .0001216  .0000662
T 9328 19 .1518892E+11   2300001E-01  .2372E+02  .3573E+02   .9999998  .0003916  .0004791
T 9329 19 .1518980E+11   2300007E-01 -.7225E+02 -.1354E+02   .9999993 -.0010733 -.0005052
T 9330 19 .1519059E+11   2300008E-01  .1129E+02 -.9969E+01   .9999999  .0001354 -.0002440
T 9331 19 .1519054E+11   2300018E-01  .1305E+02  .1136E+02   .9999999  .0002300  .0000558
T 9332 19 .1519009E+11   2300016E-01 -.7995E+01 -.1059E+02   .9999999 -.0002888 -.0002377
T 9333 19 .1519116E+11   2300015E-01 -.5015E+01 -.7136E+01   .9999999 -.0001366 -.0000669
T 9334 19 .1519191E+11   2300020E-01 -.1073E+02  .1486E+02   .9999999 -.0001411  .0001385
T 9335 19 .1519043E+11   2300005E-01  .5616E+01 -.5332E+01   .9999999  .0000623 -.0001120
T 9336 19 .1518837E+11   2300000E-01  .2198E+02  .5344E+01   .9999999  .0002698  .0001303
T 9337 19 .1518962E+11   2300014E-01 -.3881E+01  .4821E+01   .9999999  .0000433 -.0000653
T 9338 19 .1518982E+11   2300019E-01 -.4753E+01  .4990E+01   .9999999 -.0001712 -.0000695
T 9339 19 .1518931E+11   2300004E-01  .1224E+01 -.2840E+00   .9999999  .0000450 -.0000751
T 9340 19 .1519175E+11   2300017E-01 -.1296E+02 -.2465E+02   .9999999 -.0002169 -.0003503
T 9341 19 .1518927E+11   2300017E-01 -.9210E+01  .4899E+01   .9999999 -.0001923 -.0000429
T 9342 19 .1518889E+11   2300001E-01  .1565E+01  .3083E+00   .9999999  .0000432 -.0000212
T 9343 19 .1518948E+11   2300020E-01  .4359E+00  .3084E+01   .9999999  .0000680  .0000556
T 9344 19 .1518940E+11   2300014E-01 -.1297E+02  .3872E+02   .9999999 -.0000946  .0003602
T 9345 19 .1519011E+11   2300009E-01 -.8019E+01  .7752E+01   .9999999 -.0002022  .0001564
T 9346 19 .1519218E+11   2300020E-01  .1624E+01 -.1352E+02   .9999999  .0000687 -.0001449
T 9347 19 .1518903E+11   2300005E-01 -.8843E+01 -.6951E+01   .9999999 -.0000930 -.0000965
T 9348 19 .1519063E+11   2300019E-01  .1685E+02  .2029E+02   .9999999  .0001565  .0001705
T 9349 19 .1519156E+11   2300017E-01  .4549E+02 -.2288E+02   .9999998  .0006015 -.0003319
T 9350 19 .1519113E+11   2300021E-01  .2828E+02 -.1377E+02   .9999999  .0003945 -.0001920
T 9351 19 .1519063E+11   2300006E-01 -.4637E+01  .6804E+00   .9999999  .0000871  .0001335
T 9352 19 .1518880E+11   2300010E-01 -.2912E+01  .7258E+01   .9999999 -.0000572  .0001120
T 9353 19 .1518956E+11   2300012E-01 -.7457E+01 -.1235E+01   .9999999 -.0000971  .0000373
T 9354 19 .1518907E+11   2300011E-01  .1013E+02  .1002E+02   .9999999  .0001418 -.0000204
T 9355 19 .1518919E+11   2300005E-01  .2158E+02  .1120E+02   .9999999  .0001192  .0000532
T 9356 19 .1519033E+11   2300001E-01  .2452E+02 -.5293E+01   .9999999  .0002530  .0000126
T 9357 19 .1518908E+11   2300001E-01  .2618E+00 -.4343E+01   .9999999  .0000430 -.0000793
T 9358 19 .1518950E+11   2300020E-01 -.2199E+02 -.1208E+02   .9999999 -.0003200 -.0001843
T 9359 19 .1519009E+11   2300022E-01 -.1808E+02  .1773E+02   .9999999 -.0001451  .0001311
T 9360 19 .1519189E+11   2300013E-01 -.4351E+00  .2919E+02   .9999999 -.0001185  .0003476
T 9361 19 .1518975E+11   2300012E-01 -.8863E-01  .1272E+02   .9999999 -.0000208  .0000989
T 9362 19 .1518925E+11   2300018E-01 -.3784E+02  .5141E+01   .9999999 -.0003404  .0001842
T 9363 19 .1518870E+11   2300011E-01 -.1491E+02 -.5755E+01   .9999998 -.0003265 -.0005918
T 9364 19 .1519043E+11   2300022E-01 -.3466E+01  .1267E+02   .9999999 -.0001791  .0001330
T 9365 19 .1518909E+11   2300021E-01  .3251E+01 -.2222E+01   .9999999  .0001595 -.0000050
T 9366 19 .1518910E+11   2300005E-01  .7253E+01  .4415E+01   .9999999  .0000812  .0002672
T 9367 19 .1518908E+11   2300019E-01  .2944E+01 -.3344E+01   .9999999  .0001237 -.0000520
T 9368 19 .1518969E+11   2300002E-01 -.4039E+01 -.4499E+01   .9999999 -.0001574 -.0002413
T 9369 19 .1519052E+11   2300004E-01  .7954E+01 -.2370E+02   .9999999 -.0000378 -.0003123
T 9370 19 .1519022E+11   2300005E-01  .2644E+02  .1301E+02   .9999999  .0002689  .0000205
T 9371 19 .1519027E+11   2300019E-01  .2842E+01  .8591E+01   .9999999 -.0000109  .0001667
T 9372 19 .1519074E+11   2300016E-01  .2027E+02 -.1427E+01   .9999999  .0003772 -.0001745
T 9373 19 .1518957E+11   2300014E-01 -.5478E+01  .1131E+02   .9999999 -.0001286  .0000872
T 9374 19 .1519167E+11   2300020E-01 -.6988E+01  .7853E+01   .9999999 -.0000837  .0001197
T 9375 19 .1518970E+11   2300020E-01 -.9987E+01  .1216E+02   .9999999 -.0000987  .0001990
T 9376 19 .1518984E+11   2300008E-01  .2840E+02 -.8988E+01   .9999999  .0003120 -.0000590
T 9377 19 .1519017E+11   2300015E-01  .4553E+01 -.2414E+00   .9999999  .0000604 -.0000598
T 9378 19 .1518906E+11   2300018E-01 -.1219E+02  .5205E+00   .9999999 -.0001692  .0000253
T 9379 19 .1518827E+11   2300005E-01 -.1804E+01  .1424E+01   .9999999 -.0001085  .0000590
T 9380 19 .1519071E+11   2300005E-01  .2632E+02  .1350E+02   .9999999  .0002980  .0001676
T 9381 19 .1519020E+11   2300021E-01  .5872E+01 -.4261E+01   .9999999  .0000863  .0000000
T 9382 19 .1519179E+11   2300021E-01  .8695E+01  .8836E+01   .9999999  .0001177  .0001371
T 9383 19 .1519028E+11   2300004E-01 -.6548E+01 -.4440E+01   .9999999 -.0000637 -.0000234
T 9384 19 .1518969E+11   2300000E-01 -.1321E+00 -.6208E+01   .9999999  .0000367  .0000671
T 9385 19 .1518977E+11   2300013E-01 -.6969E+01 -.2537E+02   .9999999 -.0001924 -.0002406
T 9386 19 .1518938E+11   2300021E-01  .2123E+01  .1137E+02   .9999999 -.0000474  .0001445
T 9387 19 .1518964E+11   2300008E-01  .9473E+01 -.7933E+00   .9999999  .0002804 -.0001346
T 9388 19 .1518928E+11   2300015E-01  .2210E+02  .1520E+02   .9999999  .0003630  .0001324
T 9389 19 .1518974E+11   2300006E-01  .1952E+02  .2152E+02   .9999999  .0000120 -.0000399
T 9390 19 .1519146E+11   2300003E-01 -.3230E+01  .1296E+02   .9999999 -.0000359  .0000472
T 9391 19 .1519119E+11   2300013E-01  .2097E+02 -.7006E+01   .9999999  .0001709 -.0000667
T 9392 19 .1519042E+11   2300021E-01  .7958E+01 -.6727E+01   .9999999  .0001846 -.0001976
T 9393 19 .1519066E+11   2300016E-01  .1853E+01 -.1191E+02   .9999999 -.0000255 -.0001323
T 9394 19 .1519039E+11   2300012E-01 -.8169E+01 -.8581E+01   .9999999 -.0000294 -.0000940
T 9395 19 .1519201E+11   2300013E-01  .1128E+01  .2947E+01   .9999999  .0000228  .0001384
T 9396 19 .1519013E+11   2300006E-01  .3735E+01  .1762E+02   .9999999 -.0001341  .0003960
T 9397 19 .1518975E+11   2300016E-01 -.1271E+02 -.1569E+02   .9999999  .0000876 -.0002189
T 9398 19 .1519023E+11   2300008E-01 -.6123E+01  .1932E+02   .9999999 -.0001122  .0004369
T 9399 19 .1518986E+11   2300005E-01  .3999E-01 -.7876E+01   .9999999 -.0000164 -.0001558
T 9400 19 .1518881E+11   2300018E-01  .5833E+01  .1159E+02   .9999998  .0003340  .0004735
T 9401 19 .1519109E+11   2300001E-01 -.8583E+00 -.2752E+01   .9999999 -.0000549 -.0000827
T 9402 19 .1519011E+11   2300009E-01 -.4515E+01 -.5123E+01   .9999999 -.0003172 -.0002060
T 9403 19 .1519071E+11   2300021E-01  .4312E+00 -.5531E+01   .9999999 -.0000479 -.0000976
T 9404 19 .1519029E+11   2300017E-01 -.4288E+01 -.7740E+01   .9999999  .0000376 -.0001167
T 9405 19 .1518846E+11   2300015E-01 -.1400E+02  .8609E+01   .9999999 -.0002614  .0001597
T 9406 19 .1518935E+11   2300010E-01 -.1043E+02  .1236E+02   .9999999 -.0002605  .0001914
T 9407 19 .1518955E+11   2300006E-01  .1668E+02  .7735E+00   .9999999  .0002641 -.0001313
T 9408 19 .1519068E+11   2300002E-01 -.8310E+01  .9433E+01   .9999999 -.0000636  .0000332
T 9409 19 .1518999E+11   2300001E-01 -.5045E+01 -.9689E+01   .9999999  .0000429 -.0000764
T 9410 19 .1519008E+11   2300004E-01 -.1043E+02  .1007E+02   .9999999 -.0001305  .0001893
T 9411 19 .1518865E+11   2300021E-01 -.2430E+00 -.8926E+00   .9999999 -.0002188  .0000900
T 9412 19 .1519037E+11   2300012E-01 -.5503E+01  .7812E+01   .9999999 -.0001069  .0001071
T 9413 19 .1518978E+11   2300015E-01 -.1997E+01 -.1460E+01   .9999999  .0000976  .0000301
T 9414 19 .1518942E+11   2300005E-01 -.3557E+01 -.4988E+01   .9999999 -.0000063 -.0001099
T 9415 19 .1519023E+11   2300001E-01  .6629E+01 -.3876E+01   .9999999  .0000851 -.0000327
T 9416 19 .1519057E+11   2300004E-01  .8966E+01  .8001E+01   .9999999  .0002145  .0001503
T 9417 19 .1518912E+11   2300019E-01 -.2775E+01 -.7171E+01   .9999999 -.0000429 -.0000832
T 9418 19 .1519065E+11   2300008E-01  .8289E+01 -.4467E+01   .9999999  .0002519 -.0001102
T 9419 19 .1518840E+11   2300007E-01 -.1759E+02 -.1286E+02   .9999999 -.0001769  .0000277
T 9420 19 .1519095E+11   2300019E-01  .1088E+02 -.2002E+02   .9999999  .0000837 -.0000575
T 9421 19 .1519020E+11   2300018E-01  .2245E+02  .1053E+02   .9999999  .0001683  .0001081
T 9422 19 .1518939E+11   2300012E-01  .1778E+01  .1401E+02   .9999999  .0000604  .0002008
T 9423 19 .1518985E+11   2300002E-01  .1053E+02 -.4409E+01   .9999999  .0002022 -.0001331
T 9424 19 .1519036E+11   2300022E-01 -.9446E+01  .1376E+02   .9999999 -.0001125  .0002722
T 9425 19 .1519101E+11   2300010E-01 -.5719E+01 -.2212E+02   .9999999 -.0000357 -.0002655
T 9426 19 .1518958E+11   2300000E-01 -.3854E+01  .1189E+02   .9999999  .0000268  .0001025
T 9427 19 .1519104E+11   2300009E-01 -.8022E+01  .1081E+02   .9999999 -.0001010  .0000902
T 9428 19 .1518928E+11   2300000E-01  .2389E+00  .6860E+01   .9999999  .0000685 -.0000151
T 9429 19 .1518907E+11   2300019E-01 -.6058E+01  .9413E+00   .9999999 -.0000478  .0000987
T 9430 19 .1519048E+11   2300013E-01 -.3165E-01  .1639E+02   .9999999 -.0002684  .0003120
T 9431 19 .1518990E+11   2300007E-01  .2944E+01 -.8099E+01   .9999999  .0000256 -.0001057
T 9432 19 .1518969E+11   2300004E-01 -.7275E+01  .1535E+02   .9999999 -.0002240  .0001779
T 9433 19 .1518982E+11   2300022E-01  .9075E+00  .1883E+01   .9999999  .0000582 -.0000209
T 9434 19 .1519068E+11   2300016E-01  .8812E+01 -.5528E+01   .9999999  .0002374 -.0000976
T 9435 19 .1518850E+11   2300004E-01  .1022E+02 -.1185E+01   .9999999  .0001621  .0000743
T 9436 19 .1519070E+11   2300018E-01 -.6704E+01 -.1129E+02   .9999999 -.0000767 -.0001823
T 9437 19 .1518935E+11   2300001E-01 -.1183E+02 -.1243E+02   .9999999  .0000225 -.0001601
T 9438 19 .1518998E+11   2300022E-01 -.1835E+02  .1252E+02   .9999999 -.0001798  .0002391
T 9439 19 .1518956E+11   2300014E-01 -.2054E+01 -.1022E+02   .9999999  .0001755 -.0001658
T 9440 19 .1518945E+11   2300017E-01  .1527E+02 -.2027E+02   .9999999 -.0000946 -.0002068
T 9441 19 .1518965E+11   2300018E-01 -.1794E+02 -.3092E+01   .9999999 -.0002694 -.0001689
T 9442 19 .1518820E+11   2300016E-01 -.2564E+02  .4818E+01   .9999999 -.0003886  .0000907
T 9443 19 .1518965E+11   2300019E-01  .1431E+02  .6442E+01   .9999999  .0001646  .0000117
T 9444 19 .1519026E+11   2300001E-01  .4449E+01  .1330E+02   .9999999  .0000593  .0003319
T 9445 19 .1518994E+11   2300013E-01 -.3505E+01  .1466E+02   .9999999 -.0000222  .0002756
T 9446 19 .1519001E+11   2300010E-01  .2355E+02 -.8074E+01   .9999999  .0002400 -.0001523
T 9447 19 .1518948E+11   2300020E-01 -.9838E+01  .1206E+02   .9999999 -.0001302  .0001286
T 9448 19 .1519121E+11   2300005E-01  .1791E+02  .1596E+02   .9999999  .0002432  .0000691
T 9449 19 .1519132E+11   2300020E-01 -.3626E+01 -.3533E+01   .9999999 -.0000968 -.0000261
T 9450 19 .1519063E+11   2300005E-01  .2320E+02 -.6552E+01   .9999999  .0002615 -.0000270
T 9451 19 .1519016E+11   2300020E-01 -.2371E+02  .2219E+00   .9999999 -.0002813 -.0000439
T 9452 19 .1519012E+11   2300014E-01  .9317E+01  .5812E+00   .9999999  .0000928  .0000744
T 9453 19 .1518925E+11   2300018E-01 -.9858E+01  .2718E+00   .9999999 -.0001804 -.0000338
T 9454 19 .1518970E+11   2300012E-01  .2684E+02 -.6967E+01   .9999999  .0001593  .0000486
T 9455 19 .1519004E+11   2300016E-01 -.6616E+01 -.2925E+01   .9999999 -.0002132 -.0001544
T 9456 19 .1518839E+11   2300006E-01  .4775E+01  .2345E+01   .9999999  .0000084  .0000171
T 9457 19 .1518917E+11   2300021E-01  .9641E+00 -.5436E+01   .9999999  .0001805 -.0001517
T 9458 19 .1518920E+11   2300021E-01 -.4477E+01  .6389E+01   .9999999 -.0001380  .0002935
T 9459 19 .1519004E+11   2300003E-01  .3060E+00 -.5905E+01   .9999999 -.0000782 -.0001164
T 9460 19 .1518994E+11   2300006E-01 -.1386E+02  .1552E+02   .9999999 -.0002014  .0001304
T 9461 19 .1518970E+11   2300006E-01  .2127E+01 -.6379E+01   .9999999  .0000649 -.0000491
T 9462 19 .1519116E+11   2300013E-01  .2311E+01 -.6711E+00   .9999999  .0000558  .0000531
T 9463 19 .1519050E+11   2300012E-01 -.5699E+01  .3507E+01   .9999999 -.0001681  .0000884
T 9464 19 .1518898E+11   2300019E-01  .5315E+01 -.1574E+02   .9999999 -.0004763  .0001199
T 9465 19 .1519022E+11   2300007E-01  .3259E+01 -.1246E+02   .9999999 -.0000362 -.0000441
T 9466 19 .1518929E+11   2300011E-01  .1739E+02  .4841E+01   .9999999  .0001509  .0000974
T 9467 19 .1519079E+11   2300003E-01  .4712E+01 -.9676E+01   .9999999 -.0000908 -.0000638
T 9468 19 .1519042E+11   2300019E-01  .1661E+02  .9565E+01   .9999999  .0001645  .0000374
T 9469 19 .1518898E+11   2300006E-01 -.1152E+02 -.1767E+02   .9999996 -.0006548 -.0005545
T 9470 19 .1518900E+11   2300005E-01 -.6488E+01 -.2421E+02   .9999999 -.0001204 -.0003037
T 9471 19 .1518952E+11   2300003E-01 -.3785E+00  .6572E-01   .9999999  .0000072 -.0000029
T 9472 19 .1519026E+11   2300002E-01 -.8167E+01 -.6474E+00   .9999999 -.0001210  .0000238
T 9473 19 .1519059E+11   2300017E-01  .1014E+02  .5734E+01   .9999999  .0002177  .0000928
T 9474 19 .1518981E+11   2300014E-01 -.3308E+01 -.5525E+00   .9999999 -.0000053 -.0000704
T 9475 19 .1518960E+11   2300012E-01 -.1598E+02  .1413E+01   .9999999 -.0002044 -.0000020
T 9476 19 .1519036E+11   2300016E-01 -.3387E+01  .1017E+02   .9999999 -.0000267  .0000657
T 9477 19 .1519111E+11   2300001E-01 -.3679E+01  .1124E+02   .9999999 -.0000112  .0002277
T 9478 19 .1518981E+11   2300001E-01 -.7668E+01  .1782E+01   .9999999 -.0002335 -.0000608
T 9479 19 .1518961E+11   2300022E-01  .2301E+02  .1133E+02   .9999999  .0001686  .0001682
T 9480 19 .1518973E+11   2300005E-01  .1776E+02  .3374E+01   .9999999  .0001706  .0000495
T 9481 19 .1518947E+11   2300021E-01 -.1607E+02  .7410E+00   .9999999 -.0001211 -.0000272
T 9482 19 .1519174E+11   2300013E-01  .1622E+01  .1650E+01   .9999999  .0000144  .0001678
T 9483 19 .1519054E+11   2300017E-01 -.1627E+01 -.1352E+02   .9999999 -.0000876 -.0001078
T 9484 19 .1518905E+11   2300010E-01 -.1202E+02 -.6329E+01   .9999999 -.0002095 -.0000874
T 9485 19 .1518845E+11   2300017E-01 -.4185E+01 -.6455E+01   .9999999 -.0001057 -.0000680
T 9486 19 .1519038E+11   2300004E-01  .1592E+01 -.6220E+01   .9999999 -.0000276 -.0001543
T 9487 19 .1519056E+11   2300019E-01  .6493E+00  .1064E+02   .9999999 -.0000946  .0001378
T 9488 19 .1519027E+11   2300011E-01 -.6296E+01  .9474E+01   .9999999 -.0002497  .0001790
T 9489 19 .1519093E+11   2300005E-01 -.9312E+01  .8968E+01   .9999999 -.0001675 -.0000088
T 9490 19 .1518984E+11   2300003E-01 -.1164E+02 -.2423E+01   .9999999 -.0000069 -.0000910
T 9491 19 .1519116E+11   2300013E-01  .1501E+01  .4231E+01   .9999999 -.0000054  .0000596
T 9492 19 .1518898E+11   2300019E-01 -.1172E+02  .5678E+01   .9999999 -.0001010  .0000578
T 9493 19 .1519121E+11   2300019E-01  .2159E+02 -.1525E+02   .9999999  .0001086 -.0000920
T 9494 19 .1519001E+11   2300015E-01 -.4233E+01 -.2602E+01   .9999999 -.0002042 -.0000812
T 9495 19 .1519009E+11   2300016E-01 -.1925E+02 -.2445E+01   .9999999 -.0002788 -.0000301
T 9496 19 .1519031E+11   2300020E-01 -.1945E+02  .3774E+02   .9999997 -.0002204  .0006926
T 9497 19 .1519101E+11   2300020E-01  .1072E+02  .7518E+00   .9999999  .0001451 -.0000970
T 9498 19 .1519024E+11   2300019E-01  .1505E+02 -.1294E+01   .9999999  .0001751 -.0000689
T 9499 19 .1518872E+11   2300018E-01  .2372E+01  .8950E+01   .9999999  .0002164  .0001591
T 9500 19 .1518923E+11   2300018E-01 -.1414E+02  .1727E+01   .9999999 -.0001767  .0000958
T 9501 19 .1519049E+11   2300019E-01 -.1248E+02 -.3279E+01   .9999999 -.0003004 -.0001700
T 9502 19 .1518923E+11   2300014E-01 -.4321E+01  .4834E+01   .9999999 -.0000871  .0001809
T 9503 19 .1518979E+11   2300005E-01 -.1471E+02  .6846E+01   .9999999 -.0001223  .0000154
T 9504 19 .1519078E+11   2300014E-01  .1128E+01  .3581E+01   .9999999  .0000802  .0000180
T 9505 19 .1518963E+11   2300002E-01  .1035E+02  .3580E+01   .9999999  .0001551  .0001100
T 9506 19 .1519120E+11   2300010E-01  .8213E+01 -.1166E+02   .9999999  .0000281 -.0001470
T 9507 19 .1518971E+11   2300000E-01  .2163E+02  .2271E+02   .9999999  .0003545  .0002722
T 9508 19 .1519005E+11   2300003E-01 -.4125E+01 -.1724E+02   .9999999  .0002420 -.0001250
T 9509 19 .1518992E+11   2300016E-01  .7482E+01  .5947E+01   .9999999  .0001859  .0001676
T 9510 19 .1518996E+11   2300015E-01  .5065E-02  .5287E+01   .9999999 -.0000146  .0000163
T 9511 19 .1518921E+11   2300002E-01 -.1157E+01  .1678E+01   .9999999 -.0000727  .0000324
T 9512 19 .1519193E+11   2300017E-01 -.1214E+02 -.3538E+01   .9999999 -.0000860  .0000242
T 9513 19 .1518754E+11   2300008E-01 -.2651E+01  .5802E+01   .9999999  .0000490  .0001147
T 9514 19 .1518985E+11   2300005E-01  .1733E+01 -.7764E+01   .9999999  .0000875 -.0001153
T 9515 19 .1519148E+11   2300014E-01 -.1153E+02  .1451E+01   .9999999 -.0001274 -.0000478
T 9516 19 .1519004E+11   2300020E-01  .4967E+01 -.5952E+01   .9999999  .0000766 -.0001356
T 9517 19 .1519095E+11   2300000E-01 -.2522E+02 -.2082E+02   .9999998 -.0005493 -.0002260
T 9518 19 .1519015E+11   2300020E-01  .1151E+02 -.5456E+01   .9999999  .0002068 -.0001165
T 9519 19 .1519003E+11   2300006E-01 -.2381E+01  .4051E+01   .9999999 -.0000289  .0000193
T 9520 19 .1518957E+11   2300012E-01 -.9063E+01 -.6409E+01   .9999999 -.0000962  .0000478
T 9521 19 .1518838E+11   2300017E-01  .7966E+00  .2159E+01   .9999999 -.0000095  .0000799
T 9522 19 .1519024E+11   2300017E-01  .1780E+02  .1511E+01   .9999999  .0002401 -.0000579
T 9523 19 .1519149E+11   2300013E-01  .3465E+01  .6631E+01   .9999999  .0000706  .0000850
T 9524 19 .1518993E+11   2300015E-01 -.1064E+02  .1073E+02   .9999999 -.0002591 -.0000120
T 9525 19 .1518917E+11   2300008E-01 -.4900E+01  .6333E+01   .9999999 -.0001073  .0002194
T 9526 19 .1519071E+11   2300017E-01 -.1005E+02  .3931E+01   .9999999 -.0001086  .0000548
T 9527 19 .1519128E+11   2300023E-01  .5528E+01 -.2111E+01   .9999999  .0000514  .0000160
T 9528 19 .1519150E+11   2300005E-01 -.7583E+01 -.1208E+02   .9999999 -.0000061 -.0001351
T 9529 19 .1518962E+11   2300020E-01  .1745E+02 -.4219E-01   .9999999  .0001644 -.0000816
T 9530 19 .1518978E+11   2300000E-01  .2852E+02 -.2949E+01   .9999999  .0002856 -.0001228
T 9531 19 .1518923E+11   2300006E-01  .9788E+00 -.4900E+01   .9999999 -.0001126 -.0000543
T 9532 19 .1518989E+11   2300001E-01 -.4398E+01 -.1812E+01   .9999999 -.0000016  .0001199
T 9533 19 .1518994E+11   2300021E-01 -.1227E+01 -.2724E+01   .9999999 -.0001164  .0000158
T 9534 19 .1519052E+11   2300018E-01 -.2070E+02 -.1843E+02   .9999999 -.0003083 -.0002110
T 9535 19 .1519028E+11   2300004E-01 -.8651E+00  .8784E+01   .9999999  .0000562  .0000963
T 9536 19 .1518944E+11   2300023E-01  .1366E+02  .9962E+01   .9999999  .0000284  .0001044
T 9537 19 .1519015E+11   2300022E-01 -.1061E+02  .1832E+02   .9999999 -.0001910  .0003337
T 9538 19 .1518981E+11   2300022E-01 -.9594E+01  .7722E+00   .9999999 -.0001459 -.0000054
T 9539 19 .1519079E+11   2300000E-01  .8296E+01 -.3156E+01   .9999999  .0000871 -.0000380
T 9540 19 .1518914E+11   2300009E-01  .1896E+02  .4912E+01   .9999999  .0002362  .0000340
T 9541 19 .1519028E+11   2300012E-01 -.2006E+00 -.1904E+02   .9999999  .0000366 -.0002148
T 9542 19 .1518977E+11   2300006E-01 -.8443E+01 -.1698E+02   .9999999 -.0001509 -.0001086
T 9543 19 .1518932E+11   2300009E-01  .4933E+01 -.1374E+02   .9999999  .0000598 -.0000830
T 9544 19 .1518985E+11   2300022E-01  .2149E+02  .5370E+01   .9999999  .0002419 -.0001747
T 9545 19 .1518912E+11   2300008E-01 -.6485E+02 -.1456E+02   .9999997 -.0005687 -.0004782
T 9546 19 .1519011E+11   2300001E-01 -.1357E+02 -.1287E+02   .9999999 -.0000916  .0000190
T 9547 19 .1519070E+11   2300014E-01 -.1357E+02 -.2226E+01   .9999999 -.0002755  .0000037
T 9548 19 .1518925E+11   2300005E-01 -.7069E+01  .1140E+02   .9999999 -.0003502  .0002554
T 9549 19 .1519024E+11   2300021E-01  .7393E-02  .4160E+00   .9999999  .0001201 -.0000247
T 9550 19 .1518967E+11   2300010E-01  .6740E+01  .1017E+02   .9999999 -.0001574  .0001584
T 9551 19 .1518971E+11   2300017E-01 -.2085E+01 -.6858E+01   .9999999  .0001166 -.0001873
T 9552 19 .1518996E+11   2300003E-01  .1157E+01  .1359E+01   .9999999 -.0000028  .0000337
T 9553 19 .1519028E+11   2300017E-01 -.7087E+01  .6230E+01   .9999999  .0000639  .0001254
T 9554 19 .1518909E+11   2300014E-01 -.1848E+02  .3004E+01   .9999999 -.0002728  .0001005
T 9555 19 .1519110E+11   2300019E-01 -.1023E+02  .1224E+02   .9999999 -.0001494  .0001215
T 9556 19 .1519053E+11   2300023E-01  .1322E+02 -.1362E+02   .9999999  .0001641 -.0001146
T 9557 19 .1519087E+11   2300015E-01 -.2806E-01 -.3789E+00   .9999999 -.0000120 -.0000759
T 9558 19 .1519069E+11   2300015E-01 -.1591E+01 -.3684E+01   .9999999 -.0000230 -.0001551
T 9559 19 .1519049E+11   2300006E-01  .3586E+01 -.1878E+02   .9999999 -.0000494  .0000153
T 9560 19 .1518937E+11   2300022E-01 -.1732E+02  .1760E+02   .9999999 -.0002503  .0001177
T 9561 19 .1518998E+11   2300009E-01 -.4141E+01  .2439E+01   .9999999  .0000286 -.0000453
T 9562 19 .1518971E+11   2300017E-01  .1176E+02 -.1284E+02   .9999999  .0001331 -.0001072
T 9563 19 .1518924E+11   2300021E-01  .2741E+01  .1751E+01   .9999999  .0001208 -.0001409
T 9564 19 .1518931E+11   2300018E-01  .3016E+02 -.5553E+02   .9999995  .0004824 -.0008845
T 9565 19 .1519042E+11   2300010E-01  .7282E+01  .6272E+01   .9999999  .0000396  .0000681
T 9566 19 .1519036E+11   2300001E-01  .1114E+01  .6089E+00   .9999999 -.0001004  .0000136
T 9567 19 .1519127E+11   2300007E-01  .1213E+02  .1159E+02   .9999999  .0001545  .0001704
T 9568 19 .1518895E+11   2300001E-01 -.3677E+01 -.5216E+01   .9999999  .0001440 -.0001032
T 9569 19 .1518966E+11   2300021E-01  .1955E+01 -.4018E+01   .9999999 -.0000258 -.0000499
T 9570 19 .1519021E+11   2300007E-01 -.1885E+01  .9860E+01   .9999999  .0001032 -.0000353
T 9571 19 .1519217E+11   2300022E-01  .1545E+02 -.1886E+02   .9999999  .0001517 -.0003881
T 9572 19 .1518909E+11   2300021E-01 -.7980E+00  .2937E+02   .9999999 -.0000133  .0002920
T 9573 19 .1518993E+11   2300008E-01 -.1213E+01 -.9504E+00   .9999999 -.0000679 -.0000805
T 9574 19 .1519127E+11   2300007E-01 -.9190E+01  .2244E+02   .9999999 -.0000467  .0003725
T 9575 19 .1518972E+11   2300007E-01  .4066E+01  .2534E+01   .9999999 -.0000195  .0000114
T 9576 19 .1518985E+11   2300003E-01 -.4672E+01 -.2061E+02   .9999999 -.0001461 -.0001972
T 9577 19 .1519102E+11   2300005E-01 -.9727E+01 -.2044E+01   .9999999 -.0001530 -.0000112
T 9578 19 .1518944E+11   2300021E-01 -.1205E+02  .7393E+01   .9999999 -.0000808  .0000310
T 9579 19 .1518937E+11   2300005E-01  .1356E+02  .2337E+01   .9999999  .0001542  .0001038
T 9580 19 .1519099E+11   2300022E-01  .2135E+01  .4655E+01   .9999999 -.0000491  .0000395
T 9581 19 .1519033E+11   2300009E-01  .1165E+02  .3282E+02   .9999999  .0001047  .0002846
T 9582 19 .1518996E+11   2300015E-01  .6970E+01 -.9694E+01   .9999999 -.0000784 -.0000655
T 9583 19 .1518877E+11   2300022E-01  .1276E+01  .1882E+01   .9999999 -.0000243 -.0000570
T 9584 19 .1519129E+11   2300022E-01  .3417E+02 -.1154E+02   .9999999  .0003756 -.0002387
T 9585 19 .1519047E+11   2300018E-01  .1401E+02 -.1583E+02   .9999999  .0001765 -.0000992
T 9586 19 .1518984E+11   2300010E-01  .2904E+01 -.2657E+01   .9999999  .0000652 -.0000653
T 9587 19 .1518807E+11   2300022E-01 -.1678E-01  .6179E+01   .9999999 -.0000707  .0000112
T 9588 19 .1519126E+11   2300012E-01  .5565E+01 -.8452E+01   .9999999  .0001126 -.0001574
T 9589 19 .1518980E+11   2300003E-01 -.2437E+01 -.1438E+01   .9999999 -.0001299  .0000241
T 9590 19 .1518978E+11   2300019E-01  .5352E+00 -.6725E+01   .9999999 -.0000087 -.0000522
T 9591 19 .1519008E+11   2300008E-01  .7103E+01 -.7400E+01   .9999999  .0001219 -.0000253
T 9592 19 .1519039E+11   2300013E-01 -.8209E+01 -.1955E+02   .9999999 -.0002008 -.0001063
T 9593 19 .1519020E+11   2300008E-01 -.2893E+01 -.7198E+01   .9999999 -.0000903  .0000362
T 9594 19 .1518974E+11   2300022E-01 -.6063E+01  .9451E+01   .9999999 -.0000053  .0000875
T 9595 19 .1518881E+11   2300014E-01 -.8044E-01  .9190E+01   .9999999  .0001187 -.0002026
T 9596 19 .1518994E+11   2300006E-01 -.7508E+01 -.4685E+01   .9999999 -.0001689 -.0000116
T 9597 19 .1518985E+11   2300006E-01  .5195E+01  .2086E+02   .9999999  .0001605  .0001728
T 9598 19 .1519038E+11   2300021E-01 -.4131E+01 -.6501E+01   .9999999  .0000258 -.0001967
T 9599 19 .1518873E+11   2300017E-01 -.1618E+02 -.4137E+01   .9999999 -.0002286 -.0000340
T 9600 19 .1519069E+11   2300016E-01 -.7943E+01 -.6038E+01   .9999999 -.0001040  .0000085
T 9601 19 .1518931E+11   2300006E-01 -.4413E+01 -.1172E+02   .9999999 -.0000554 -.0001678
T 9602 19 .1519015E+11   2300000E-01 -.2062E+01  .7110E+01   .9999999 -.0000110  .0002095
T 9603 19 .1518971E+11   2300022E-01  .5006E+01  .6309E+01   .9999999  .0000405  .0000725
T 9604 19 .1519127E+11   2300013E-01  .8790E+01  .8476E+01   .9999999 -.0001017  .0001916
T 9605 19 .1518993E+11   2300005E-01  .1848E+01 -.1372E+02   .9999999  .0000190 -.0001215
T 9606 19 .1518991E+11   2300001E-01 -.2817E+01 -.9418E+01   .9999999  .0000641 -.0001029
T 9607 19 .1519071E+11   2300001E-01 -.1577E+02  .3008E+01   .9999999 -.0001829 -.0000569
T 9608 19 .1519059E+11   2300010E-01 -.1568E+01  .1100E+02   .9999999  .0000403  .0000547
T 9609 19 .1519074E+11   2300015E-01 -.6035E+02  .5233E+01   .9999998 -.0005309  .0001866
T 9610 19 .1519010E+11   2300011E-01 -.9130E+01 -.1110E+02   .9999999 -.0001355 -.0000258
T 9611 19 .1518978E+11   2300023E-01  .4591E+01 -.1358E+02   .9999999  .0000867 -.0001990
T 9612 19 .1519023E+11   2300023E-01 -.1194E+02 -.8783E+01   .9999999 -.0000754 -.0000561
T 9613 19 .1518898E+11   2300016E-01  .3539E+02 -.1368E+02   .9999994  .0008342 -.0007162
T 9614 19 .1518873E+11   2300000E-01  .2587E+01 -.4986E+01   .9999999 -.0000061 -.0000295
T 9615 19 .1518941E+11   2300002E-01  .1144E+02 -.9929E+01   .9999999  .0001904 -.0001584
T 9616 19 .1519092E+11   2300006E-01 -.3186E+01  .2676E+01   .9999999 -.0000028 -.0000215
T 9617 19 .1519049E+11   2300022E-01 -.1178E+02  .4919E+01   .9999999 -.0000019  .0000294
T 9618 19 .1519015E+11   2300012E-01 -.8239E+01  .2682E+00   .9999999 -.0001055 -.0000435
T 9619 19 .1518909E+11   2300008E-01 -.1525E+02  .5691E+01   .9999999 -.0001811  .0000011
T 9620 19 .1518959E+11   2300008E-01  .7911E+01  .8318E+01   .9999999  .0000044  .0001013
T 9621 19 .1519099E+11   2300000E-01 -.9983E+01 -.9979E+01   .9999999 -.0000405 -.0000838
T 9622 19 .1518969E+11   2300020E-01  .1024E+01 -.1037E+02   .9999999  .0000167 -.0001125
T 9623 19 .1518867E+11   2300014E-01  .1955E+01  .1866E+02   .9999999 -.0000404  .0002030
T 9624 19 .1519043E+11   2300014E-01  .1173E+02 -.1026E+02   .9999999  .0001889 -.0000251
T 9625 19 .1518967E+11   2300021E-01  .3552E+01  .6085E+01   .9999999  .0000693  .0001141
T 9626 19 .1519147E+11   2300009E-01  .8897E+01  .1122E+02   .9999999 -.0000224  .0001288
T 9627 19 .1518869E+11   2300011E-01 -.2310E+01  .6553E+02   .9999998  .0000778  .0006119
T 9628 19 .1518891E+11   2300007E-01 -.6850E+01  .4511E+01   .9999999 -.0001245  .0000062
T 9629 19 .1518927E+11   2300008E-01 -.8120E+01 -.6242E+01   .9999999 -.0001015 -.0000482
T 9630 19 .1518929E+11   2300020E-01 -.4563E+01  .1508E+02   .9999999 -.0000300  .0000710
T 9631 19 .1519039E+11   2300018E-01 -.7545E+01  .1570E+02   .9999999 -.0000598  .0001008
T 9632 19 .1519100E+11   2300000E-01  .1895E+02 -.1153E+02   .9999999  .0001715 -.0001793
T 9633 19 .1518978E+11   2300000E-01  .5310E+01 -.8012E+01   .9999999  .0000209 -.0001781
T 9634 19 .1519037E+11   2300010E-01 -.2490E+02  .2883E+02   .9999999 -.0000953  .0004927
T 9635 19 .1519157E+11   2300013E-01 -.1052E+00  .6571E+01   .9999999 -.0001179 -.0000502
T 9636 19 .1518956E+11   2300001E-01  .1927E+02 -.2118E+01   .9999999  .0002999 -.0000575
T 9637 19 .1518894E+11   2300011E-01  .4665E+01 -.1952E+02   .9999999 -.0000011 -.0001357
T 9638 19 .1518955E+11   2300008E-01 -.2342E+01  .1687E+02   .9999999 -.0001362  .0004574
T 9639 19 .1518796E+11   2300011E-01 -.9256E+00 -.1305E+02   .9999999  .0000151 -.0002293
T 9640 19 .1519007E+11   2300019E-01 -.2378E+02  .3033E+02   .9999998 -.0002514  .0005363
T 9641 19 .1519002E+11   2300015E-01 -.2906E+01  .5130E+01   .9999999 -.0000418  .0000202
T 9642 19 .1518909E+11   2300010E-01 -.1621E+02 -.9828E+01   .9999999 -.0002821  .0000190
T 9643 19 .1519016E+11   2300008E-01 -.3266E+01  .5210E+01   .9999999  .0000542 -.0000049
T 9644 19 .1518932E+11   2300018E-01  .6460E+01 -.4972E+01   .9999999  .0000841 -.0000348
T 9645 19 .1518932E+11   2300023E-01  .4268E+01 -.9998E+01   .9999999  .0000688  .0000675
T 9646 19 .1519052E+11   2300020E-01  .3223E+02  .1559E+02   .9999999  .0002531  .0000278
T 9647 19 .1518953E+11   2300017E-01 -.8164E+00  .1942E+02   .9999999  .0000480  .0003056
T 9648 19 .1518990E+11   2300017E-01 -.3558E+01 -.1355E+02   .9999999 -.0000686 -.0001723
T 9649 19 .1518925E+11   2300019E-01 -.5626E+01 -.3753E+02   .9999997 -.0002180 -.0007077
T 9650 19 .1518991E+11   2300008E-01 -.2751E+01  .5664E+00   .9999999 -.0003888  .0000235
T 9651 19 .1518969E+11   2300006E-01 -.4627E+01  .1641E+02   .9999999 -.0000840  .0002609
T 9652 19 .1518919E+11   2300016E-01  .1183E+02 -.4533E+01   .9999999  .0001110  .0001355
T 9653 19 .1518977E+11   2300008E-01  .1240E+03 -.1685E+00   .9999991  .0013354  .0001303
T 9654 19 .1519060E+11   2300013E-01  .1830E+01  .1485E+02   .9999999  .0000615  .0002798
T 9655 19 .1519168E+11   2300022E-01  .1414E+02 -.3424E+01   .9999999 -.0000901  .0001068
T 9656 19 .1518737E+11   2300008E-01 -.3695E+02  .2271E+02   .9999998 -.0005222  .0003012
T 9657 19 .1519071E+11   2300007E-01 -.1394E+02 -.1153E+02   .9999999 -.0002979  .0001875
T 9658 19 .1519019E+11   2300017E-01  .2209E+02  .1023E+02   .9999999  .0002521  .0001542
T 9659 19 .1518954E+11   2300006E-01 -.1108E+03  .4318E+01   .9999994 -.0010444  .0001439
T 9660 19 .1518976E+11   2300017E-01  .3344E+02  .3594E+01   .9999999  .0003938  .0001292
T 9661 19 .1518966E+11   2300021E-01  .1208E+02  .3664E+01   .9999999  .0001533  .0000864
T 9662 19 .1518874E+11   2300011E-01 -.3359E+01 -.3996E+02   .9999999 -.0000540 -.0002741
T 9663 19 .1518870E+11   2300007E-01 -.2733E+01  .3407E+01   .9999999 -.0000967  .0000386
T 9664 19 .1518883E+11   2300008E-01  .2868E+02  .1573E+02   .9999999  .0004498  .0001328
T 9665 19 .1519114E+11   2300016E-01 -.3976E+01 -.1755E+01   .9999999  .0000363  .0000108
T 9666 19 .1518952E+11   2300003E-01 -.9867E+01 -.1998E+01   .9999999 -.0000106  .0000031
T 9667 19 .1519052E+11   2300004E-01  .8506E+00 -.4936E+01   .9999999 -.0000094 -.0000965
T 9668 19 .1519076E+11   2300018E-01 -.4809E+00  .2094E+02   .9999997 -.0002371  .0007196
T 9669 19 .1519051E+11   2300017E-01 -.3512E+02  .2943E+01   .9999999 -.0004150 -.0000592
T 9670 19 .1519088E+11   2300008E-01 -.1490E+01 -.1544E+01   .9999999 -.0000152 -.0000916
T 9671 19 .1518950E+11   2300017E-01  .1979E+02 -.6152E+01   .9999999  .0001777 -.0001403
T 9672 19 .1518965E+11   2300022E-01  .3194E+02  .6072E+01   .9999999  .0004066 -.0000437
T 9673 19 .1518984E+11   2300023E-01  .1428E+02  .2276E+02   .9999999  .0002721  .0002390
T 9674 19 .1519055E+11   2300014E-01  .1692E+01  .4492E+01   .9999999  .0000069  .0001206
T 9675 19 .1519056E+11   2300019E-01 -.1124E+01 -.7325E+01   .9999999  .0000838 -.0000889
T 9676 19 .1519077E+11   2300002E-01  .1990E+02 -.2171E+01   .9999999  .0002723  .0000384
T 9677 19 .1518746E+11   2300005E-01  .1027E+02  .4324E+00   .9999999 -.0000884 -.0000529
T 9678 19 .1519008E+11   2300020E-01 -.3596E+01 -.1084E+02   .9999999 -.0002240 -.0000949
T 9679 19 .1519022E+11   2300012E-01 -.1238E+02  .1210E+02   .9999999 -.0000294  .0001522
T 9680 19 .1519043E+11   2300019E-01 -.1636E+02 -.1739E+01   .9999999 -.0001296 -.0000730
T 9681 19 .1519065E+11   2300005E-01 -.2318E+01 -.6938E+01   .9999999 -.0001135 -.0000961
T 9682 19 .1519000E+11   2300019E-01 -.5267E+01  .6976E+01   .9999999 -.0002961 -.0000244
T 9683 19 .1518928E+11   2300018E-01  .2355E+02  .4293E+00   .9999999  .0003177 -.0000735
T 9684 19 .1519035E+11   2300012E-01  .2226E+02 -.5260E+01   .9999999  .0003364 -.0000451
T 9685 19 .1518911E+11   2300005E-01 -.1582E+02  .6085E+01   .9999999  .0000033  .0001492
T 9686 19 .1518917E+11   2300012E-01 -.4552E+01  .4483E+01   .9999999 -.0000898  .0000539
T 9687 19 .1518950E+11   2300004E-01 -.1188E+02 -.1613E+02   .9999999 -.0001935 -.0001478
T 9688 19 .1519046E+11   2300004E-01 -.3301E+01 -.3921E+01   .9999999 -.0000961  .0000762
T 9689 19 .1518942E+11   2300007E-01 -.4590E+01  .5816E+01   .9999999  .0000153  .0002476
T 9690 19 .1519117E+11   2300017E-01  .8269E+01 -.1723E+01   .9999999  .0000363  .0000435
T 9691 19 .1519213E+11   2300021E-01 -.1332E+02 -.2383E+01   .9999999 -.0001937 -.0000925
T 9692 19 .1518913E+11   2300011E-01 -.2321E+02  .1828E+02   .9999999 -.0000566  .0001754
T 9693 19 .1518963E+11   2300010E-01  .9201E+01 -.1291E+02   .9999999  .0001371 -.0000225
T 9694 19 .1519081E+11   2300001E-01  .1316E+02  .1199E+02   .9999999  .0000275  .0001575
T 9695 19 .1518816E+11   2300014E-01 -.3280E+01 -.8447E+00   .9999999  .0000491  .0000718
T 9696 19 .1518855E+11   2300012E-01  .1043E+02  .4621E+01   .9999999  .0000332 -.0000057
T 9697 19 .1518926E+11   2300001E-01  .2522E+02 -.2558E+02   .9999999 -.0000006 -.0001090
T 9698 19 .1519070E+11   2300012E-01 -.8886E+01 -.2513E+02   .9999999 -.0001541 -.0003115
T 9699 19 .1518905E+11   2300010E-01  .9798E+01  .3416E+01   .9999999  .0001509  .0000463
T 9700 19 .1518909E+11   2300019E-01  .2391E+01 -.5092E+01   .9999999 -.0000900 -.0000674
T 9701 19 .1519091E+11   2300015E-01  .6939E+00  .7172E+01   .9999999 -.0000008  .0000910
T 9702 19 .1518884E+11   2300012E-01 -.1242E+02 -.1581E+02   .9999999 -.0001238 -.0002612
T 9703 19 .1518847E+11   2300008E-01  .1289E+02  .3981E+01   .9999999  .0000388  .0000907
T 9704 19 .1519008E+11   2300012E-01 -.3118E+01 -.8199E+01   .9999999 -.0000368 -.0000532
T 9705 19 .1518930E+11   2300016E-01  .1509E+02  .1660E+02   .9999999  .0001490  .0001294
T 9706 19 .1518905E+11   2300021E-01  .2121E+02 -.2890E+02   .9999999  .0002949 -.0003070
T 9707 19 .1519056E+11   2300015E-01  .1356E+01  .1101E+02   .9999999  .0000896 -.0000680
T 9708 19 .1518999E+11   2300008E-01 -.2319E+01  .5381E+01   .9999999 -.0001361  .0001534
T 9709 19 .1519031E+11   2300017E-01  .1948E+02  .2266E+02   .9999999  .0002140  .0002132
T 9710 19 .1519070E+11   2300001E-01 -.5058E+01 -.4865E+01   .9999999 -.0000770 -.0000310
T 9711 19 .1519042E+11   2300013E-01 -.1806E+02  .5512E+01   .9999999 -.0001372  .0001244
T 9712 19 .1518949E+11   2300019E-01 -.7845E+01 -.5007E+00   .9999999 -.0000637  .0001168
T 9713 19 .1518919E+11   2300009E-01 -.1522E+02  .1542E+01   .9999999 -.0001632 -.0000448
T 9714 19 .1518997E+11   2300020E-01 -.3686E+01 -.2443E+01   .9999999 -.0000301 -.0000927
T 9715 19 .1519073E+11   2300018E-01  .1940E+02  .1817E+01   .9999999  .0001938  .0001228
T 9716 19 .1518937E+11   2300015E-01  .1555E+02 -.1682E+01   .9999999  .0000306 -.0001088
T 9717 19 .1519001E+11   2300018E-01 -.3150E+02  .1501E+02   .9999998 -.0004665  .0003015
T 9718 19 .1519139E+11   2300023E-01  .2035E+01  .2175E+01   .9999999 -.0000164 -.0000062
T 9719 19 .1518951E+11   2300021E-01  .2758E+02 -.6549E+02   .9999996  .0003774 -.0007813
T 9720 19 .1519098E+11   2300010E-01 -.5844E+01 -.4286E+01   .9999999  .0000142 -.0001157
T 9721 19 .1519089E+11   2300020E-01 -.9100E-01  .4138E+01   .9999999  .0002893  .0000611
T 9722 19 .1518986E+11   2300009E-01 -.4249E+01  .3849E+01   .9999999 -.0001307  .0000084
T 9723 19 .1519031E+11   2300018E-01 -.1017E+02 -.6388E+01   .9999999 -.0002104 -.0000525
T 9724 19 .1519070E+11   2300010E-01 -.5952E+01 -.4840E+01   .9999999  .0001335 -.0000552
T 9725 19 .1518930E+11   2300008E-01  .2829E+01 -.1114E+02   .9999999  .0001741  .0001130
T 9726 19 .1519029E+11   2300001E-01  .4773E+01 -.1913E+00   .9999999  .0001310  .0000811
T 9727 19 .1518963E+11   2300022E-01 -.1734E+02  .2465E+01   .9999999 -.0001562 -.0000710
T 9728 19 .1519012E+11   2300018E-01  .1268E+02  .1371E+02   .9999999  .0001757  .0001096
T 9729 19 .1518951E+11   2300021E-01  .1515E+01  .1332E+02   .9999999  .0000114  .0000535
T 9730 19 .1518885E+11   2300014E-01  .1600E+02  .8117E+01   .9999999  .0001487  .0002554
T 9731 19 .1519067E+11   2300001E-01  .9067E+01  .1691E+02   .9999999  .0000558  .0002482
T 9732 19 .1518795E+11   2300014E-01  .6748E+00 -.3473E+01   .9999999  .0000043 -.0000386
T 9733 19 .1519095E+11   2300020E-01  .1460E+02  .5428E+02   .9999999  .0001556  .0003098
T 9734 19 .1519093E+11   2300019E-01 -.5885E+01  .2455E+02   .9999999  .0001901  .0003040
T 9735 19 .1519069E+11   2300020E-01  .6426E+01  .7004E+00   .9999999  .0000456 -.0000022
T 9736 19 .1518999E+11   2300016E-01 -.5734E+02 -.2982E+01   .9999998 -.0006485 -.0000947
T 9737 19 .1519193E+11   2300017E-01 -.1147E+02  .1053E+02   .9999999  .0000140  .0000403
T 9738 19 .1518916E+11   2300004E-01  .1550E+01 -.1294E+01   .9999999 -.0000258 -.0000854
T 9739 19 .1518910E+11   2300021E-01  .8537E+01  .1222E+02   .9999999  .0001370  .0002284
T 9740 19 .1518942E+11   2300014E-01  .1250E+02 -.1742E+02   .9999999  .0001482 -.0001575
T 9741 19 .1519132E+11   2300010E-01 -.7410E+01  .1254E+02   .9999999 -.0001268  .0002012
T 9742 19 .1519010E+11   2300014E-01 -.1626E+02  .4827E+01   .9999999 -.0002676 -.0000455
T 9743 19 .1518993E+11   2300013E-01  .6504E+01 -.3948E+01   .9999999  .0000064 -.0001194
T 9744 19 .1519127E+11   2300000E-01 -.4142E+01  .7659E+01   .9999999 -.0000855  .0001325
T 9745 19 .1519041E+11   2300014E-01 -.7009E+02  .3327E+02   .9999998 -.0006608  .0002093
T 9746 19 .1518852E+11   2300000E-01  .1277E+02  .2918E+01   .9999999  .0001941  .0001087
T 9747 19 .1519091E+11   2300021E-01 -.3270E+02 -.4356E+02   .9999997 -.0002963 -.0006772
T 9748 19 .1519052E+11   2300018E-01  .3051E+01  .4425E+01   .9999999  .0000126  .0001103
T 9749 19 .1518816E+11   2300016E-01  .8276E+00 -.2986E+01   .9999999  .0000868 -.0000343
T 9750 19 .1519031E+11   2300022E-01 -.1986E+01  .6736E+01   .9999999 -.0000744  .0001507
T 9751 19 .1519099E+11   2300017E-01  .3056E+01 -.1325E+02   .9999999  .0000045 -.0001563
T 9752 19 .1518957E+11   2300000E-01  .2031E+02  .2651E+01   .9999999  .0002127  .0000620
T 9753 19 .1519050E+11   2300001E-01  .1707E+02  .1268E+02   .9999999  .0002153  .0002329
T 9754 19 .1518906E+11   2300008E-01  .2780E+01  .8537E+01   .9999999 -.0000060  .0002033
T 9755 19 .1518971E+11   2300019E-01  .1168E+02  .6127E+01   .9999999  .0002200  .0001914
T 9756 19 .1518762E+11   2300014E-01  .1048E+02 -.8372E+01   .9999999  .0002220 -.0001079
T 9757 19 .1518880E+11   2300011E-01 -.1058E+02 -.4517E+01   .9999999 -.0001179 -.0001262
T 9758 19 .1518879E+11   2300009E-01 -.8587E+01  .2368E+01   .9999999 -.0001117 -.0000132
T 9759 19 .1518826E+11   2300002E-01  .8495E+01  .3406E+02   .9999999  .0001240  .0002665
T 9760 19 .1518956E+11   2300006E-01 -.2879E+01 -.6332E+01   .9999999 -.0001236 -.0000169
T 9761 19 .1519184E+11   2300003E-01  .2332E+02  .7577E+01   .9999999  .0002801  .0001236
T 9762 19 .1518956E+11   2300000E-01  .7932E+01 -.1453E+02   .9999999  .0001547 -.0001912
T 9763 19 .1519019E+11   2300003E-01  .3023E+01 -.4418E+00   .9999999  .0001124  .0000352
T 9764 19 .1518989E+11   2300014E-01  .3136E+01  .1456E+01   .9999999  .0000335  .0001217
T 9765 19 .1518989E+11   2300018E-01 -.1285E+02 -.8069E+01   .9999999 -.0002510 -.0000810
T 9766 19 .1518966E+11   2300023E-01 -.2621E+02  .6920E+02   .9999994 -.0003698  .0010484
T 9767 19 .1518887E+11   2300017E-01  .1067E+01  .6632E+01   .9999999  .0000086  .0000241
T 9768 19 .1519006E+11   2300022E-01  .1412E+02  .1102E+02   .9999999  .0002424  .0002110
T 9769 19 .1519082E+11   2300021E-01  .9033E+01 -.9857E+01   .9999999  .0000893 -.0000351
T 9770 19 .1518946E+11   2300007E-01 -.6505E+01  .7842E+01   .9999999 -.0000512  .0001579
T 9771 19 .1518950E+11   2300020E-01 -.1601E+01  .7092E+01   .9999999 -.0000873  .0000734
T 9772 19 .1519006E+11   2300007E-01 -.9063E+01  .2282E+00   .9999999 -.0003148  .0003302
T 9773 19 .1519087E+11   2300019E-01 -.9876E+01  .9351E+01   .9999999 -.0001040  .0001104
T 9774 19 .1518911E+11   2300014E-01  .1445E+02 -.2460E+02   .9999999  .0002531 -.0002356
T 9775 19 .1518951E+11   2300003E-01 -.5939E+01 -.1431E+01   .9999999 -.0000044 -.0000163
T 9776 19 .1518949E+11   2300008E-01 -.3204E+02 -.8133E+01   .9999999 -.0002890 -.0000596
T 9777 19 .1519045E+11   2300018E-01  .1423E+02  .2009E+02   .9999999  .0000523  .0003453
T 9778 19 .1519040E+11   2300002E-01  .7619E+00 -.1606E+01   .9999999  .0001289 -.0000522
T 9779 19 .1518933E+11   2300021E-01 -.8975E+01  .4012E+01   .9999999 -.0001369  .0000326
T 9780 19 .1519013E+11   2300014E-01  .4942E+01  .3590E+00   .9999999 -.0000253  .0000768
T 9781 19 .1519019E+11   2300008E-01 -.8837E+01  .1805E+02   .9999999 -.0000543  .0002339
T 9782 19 .1518940E+11   2300014E-01  .1250E+01  .9741E+01   .9999999  .0000385  .0000641
T 9783 19 .1519010E+11   2300014E-01  .4402E+01  .4525E+01   .9999999  .0001074  .0000793
T 9784 19 .1519038E+11   2300022E-01 -.4005E+00  .1012E+02   .9999999 -.0000253  .0002416
T 9785 19 .1519066E+11   2300000E-01 -.2153E+02 -.1625E+02   .9999999 -.0003634 -.0002085
T 9786 19 .1518853E+11   2300011E-01 -.6786E+01  .7568E+01   .9999999 -.0000412  .0001378
T 9787 19 .1518937E+11   2300022E-01 -.8589E+01 -.9871E+01   .9999999 -.0001716 -.0002571
T 9788 19 .1519055E+11   2300002E-01 -.1240E+02 -.2718E+01   .9999999 -.0000897  .0000850
T 9789 19 .1518984E+11   2300021E-01  .1647E+01 -.4970E+00   .9999999 -.0000134 -.0000015
T 9790 19 .1518987E+11   2300018E-01 -.1115E+01 -.5101E+01   .9999999  .0000788 -.0000160
T 9791 19 .1519157E+11   2300004E-01  .5893E+01 -.2504E+02   .9999999  .0001116 -.0002571
T 9792 19 .1518875E+11   2300009E-01  .1891E+02 -.1067E+02   .9999999  .0000860 -.0000325
T 9793 19 .1519044E+11   2300020E-01 -.8683E+01  .7315E+00   .9999999 -.0001470 -.0000810
T 9794 19 .1518873E+11   2300002E-01  .8351E+01  .7539E+01   .9999999  .0000312  .0001156
T 9795 19 .1519060E+11   2300019E-01 -.5580E+01 -.8308E+01   .9999999 -.0000977 -.0002208
T 9796 19 .1518932E+11   2300017E-01  .3431E+01  .1755E+02   .9999999  .0000363  .0003252
T 9797 19 .1519104E+11   2300011E-01 -.1279E+02  .1019E+02   .9999999 -.0001526 -.0001484
T 9798 19 .1519022E+11   2300015E-01 -.8613E+00 -.5615E+01   .9999999 -.0000430  .0001004
T 9799 19 .1518895E+11   2300012E-01 -.5218E+01 -.5690E+01   .9999998  .0003646 -.0005868
T 9800 19 .1518872E+11   2300012E-01  .1401E+00 -.3154E+01   .9999999  .0000543  .0000598
T 9801 19 .1519011E+11   2300005E-01  .3618E+01  .4231E+01   .9999999  .0000604  .0000453
T 9802 19 .1518887E+11   2300019E-01  .1105E+02 -.2871E+01   .9999999  .0001643  .0000406
T 9803 19 .1518878E+11   2300003E-01  .4990E+01  .3816E+01   .9999999  .0000240  .0001285
T 9804 19 .1518856E+11   2300018E-01 -.1610E+02 -.5028E+01   .9999999 -.0000776 -.0000452
T 9805 19 .1518927E+11   2300014E-01  .1188E+02 -.1954E+01   .9999999  .0002481 -.0000045
T 9806 19 .1518987E+11   2300013E-01  .1261E+00  .1361E+02   .9999999  .0000561  .0001313
T 9807 19 .1518901E+11   2300023E-01 -.9831E+01  .2179E+02   .9999999 -.0001397  .0002658
T 9808 19 .1518990E+11   2300016E-01  .2629E+00  .6954E+01   .9999999  .0001546  .0002811
T 9809 19 .1518970E+11   2300009E-01  .7636E+02 -.5063E+02   .9999993  .0009832 -.0005799
T 9810 19 .1519083E+11   2300022E-01 -.3291E+01  .1045E+02   .9999999  .0000533  .0001894
T 9811 19 .1518957E+11   2300017E-01  .5542E+00 -.6711E+01   .9999999  .0001866 -.0000924
T 9812 19 .1519050E+11   2300008E-01 -.2098E+01 -.2155E+02   .9999999 -.0000788  .0003317
T 9813 19 .1519051E+11   2300012E-01  .3668E+01 -.1122E+02   .9999999  .0001980 -.0000992
T 9814 19 .1518970E+11   2300020E-01 -.8013E+01 -.1073E+02   .9999999 -.0001367 -.0002134
T 9815 19 .1518984E+11   2300022E-01  .5914E+01 -.2241E+02   .9999999  .0002417 -.0002287
T 9816 19 .1519109E+11   2300005E-01  .5389E+01  .4858E+01   .9999999  .0000209  .0001464
T 9817 19 .1518994E+11   2300023E-01 -.7010E+01 -.5634E+01   .9999999 -.0000254  .0000448
T 9818 19 .1519104E+11   2300011E-01  .4102E+01  .6059E+01   .9999999  .0000250  .0001294
T 9819 19 .1518932E+11   2300010E-01 -.1744E+02 -.1044E+02   .9999999 -.0002309 -.0001261
T 9820 19 .1518877E+11   2300006E-01 -.1829E+02  .1047E+02   .9999999 -.0001343  .0000776
T 9821 19 .1518872E+11   2300020E-01 -.2418E+01  .4583E+01   .9999999 -.0001924 -.0000179
T 9822 19 .1519150E+11   2300018E-01  .2083E+01 -.2024E+02   .9999999 -.0000383 -.0001742
T 9823 19 .1518986E+11   2300008E-01  .4153E+00 -.5207E+02   .9999999  .0000740 -.0005235
T 9824 19 .1519134E+11   2300009E-01 -.8083E+01  .4432E+02   .9999999 -.0003778  .0002552
T 9825 19 .1519064E+11   2300022E-01  .9985E+01  .2247E+02   .9999999  .0001456  .0002454
T 9826 19 .1518820E+11   2300016E-01  .2454E+02  .1162E-01   .9999999  .0000887 -.0000481
T 9827 19 .1519205E+11   2300008E-01 -.2274E+01 -.1627E+02   .9999999  .0001171 -.0000987
T 9828 19 .1518916E+11   2300019E-01 -.1031E+02  .3172E+02   .9999999 -.0001233  .0002333
T 9829 19 .1518912E+11   2300012E-01 -.5907E+00  .3560E+00   .9999999 -.0000019  .0000298
T 9830 19 .1519004E+11   2300000E-01  .2323E+01 -.1000E+02   .9999999 -.0000663 -.0001109
T 9831 19 .1518945E+11   2300016E-01 -.1465E+02  .2054E+02   .9999999 -.0001993  .0001865
T 9832 19 .1519051E+11   2300020E-01 -.1757E+02 -.7155E+01   .9999999 -.0001186  .0000833
T 9833 19 .1518941E+11   2300002E-01  .1132E+02 -.9521E+01   .9999999  .0001547 -.0001374
T 9834 19 .1519016E+11   2300020E-01 -.5366E+01 -.2436E+00   .9999999 -.0001473 -.0002159
T 9835 19 .1519121E+11   2300008E-01 -.9161E+01 -.1643E+02   .9999999 -.0002243 -.0001895
T 9836 19 .1518836E+11   2300018E-01 -.6720E+00  .1824E+01   .9999999 -.0000364 -.0000177
T 9837 19 .1519125E+11   2300000E-01  .3488E+02 -.2088E+02   .9999999  .0004463 -.0002110
T 9838 19 .1519057E+11   2300022E-01  .7263E+01  .6415E+01   .9999999  .0000000  .0000649
T 9839 19 .1518786E+11   2300011E-01 -.1232E+02  .1114E+02   .9999999 -.0001200  .0002443
T 9840 19 .1518922E+11   2300006E-01  .2479E+01  .6183E+01   .9999999  .0002046  .0000225
T 9841 19 .1518912E+11   2300015E-01 -.6417E+01  .1443E+02   .9999999 -.0000273  .0000996
T 9842 19 .1518985E+11   2300016E-01 -.5375E+00 -.2259E+01   .9999999  .0000208  .0000042
T 9843 19 .1519041E+11   2300019E-01  .5814E+01  .2302E+02   .9999999  .0000882  .0002969
T 9844 19 .1519132E+11   2300001E-01 -.5629E+01  .1178E+02   .9999999 -.0000955  .0001172
T 9845 19 .1519061E+11   2300019E-01  .1275E+02  .4107E+01   .9999999  .0001854  .0000920
T 9846 19 .1518855E+11   2300003E-01  .3287E+02 -.1177E+02   .9999999  .0002086 -.0002549
T 9847 19 .1519185E+11   2300018E-01 -.1281E+01 -.7920E+01   .9999999  .0000206 -.0001854
T 9848 19 .1519068E+11   2300017E-01 -.1143E+02 -.1438E+02   .9999999 -.0001643 -.0002172
T 9849 19 .1519027E+11   2300022E-01  .9701E+00  .5087E+01   .9999999 -.0000292  .0001310
T 9850 19 .1518834E+11   2300011E-01  .2641E+01  .1553E+02   .9999999 -.0000600  .0001451
T 9851 19 .1518952E+11   2300021E-01  .4297E+01  .1882E+02   .9999999 -.0000461  .0002192
T 9852 19 .1519017E+11   2300003E-01  .2585E+02  .1738E+02   .9999999  .0000988 -.0000841
T 9853 19 .1518994E+11   2300022E-01 -.1003E+02 -.3424E+01   .9999999 -.0000910 -.0000233
T 9854 19 .1519013E+11   2300015E-01 -.6483E+02 -.2050E+02   .9999982 -.0019074  .0000877
T 9855 19 .1519035E+11   2300014E-01 -.2882E+01 -.3705E+01   .9999999  .0000329 -.0001071
T 9856 19 .1518899E+11   2300017E-01 -.6087E+01 -.4307E+01   .9999999 -.0000157  .0000319
T 9857 19 .1519120E+11   2300018E-01 -.1220E+02 -.3768E+01   .9999999 -.0002065 -.0000300
T 9858 19 .1518947E+11   2300015E-01  .7697E+01 -.6955E+01   .9999999  .0000118 -.0002215
T 9859 19 .1518989E+11   2300015E-01 -.4897E+01 -.1437E+02   .9999999  .0000803 -.0002542
T 9860 19 .1519063E+11   2300020E-01 -.1569E+00  .7909E+01   .9999999  .0000042  .0000821
T 9861 19 .1519130E+11   2300017E-01 -.4507E+01 -.6313E+01   .9999999 -.0000718  .0000837
T 9862 19 .1519127E+11   2300013E-01 -.1528E+01  .1652E+02   .9999999  .0000401  .0005104
T 9863 19 .1519242E+11   2300017E-01  .9059E+00  .4597E+01   .9999999 -.0000764  .0002145
T 9864 19 .1518954E+11   2300022E-01 -.1502E+02 -.4579E+01   .9999999 -.0001924  .0000638
T 9865 19 .1519024E+11   2300012E-01  .3221E+01 -.5369E+01   .9999999  .0001014  .0001489
T 9866 19 .1519104E+11   2300010E-01  .2481E+01 -.2294E+01   .9999999 -.0000124 -.0001013
T 9867 19 .1518831E+11   2300023E-01  .5952E+01  .2071E+02   .9999999  .0001698  .0002909
T 9868 19 .1519032E+11   2300015E-01  .3360E+02 -.2242E+02   .9999999  .0002968 -.0000799
T 9869 19 .1519088E+11   2300005E-01 -.4871E+01 -.8834E+00   .9999999 -.0001225  .0000066
T 9870 19 .1518919E+11   2300007E-01  .1829E+02 -.1445E+02   .9999999  .0002349 -.0001099
T 9871 19 .1519013E+11   2300009E-01  .6263E+01  .2433E+02   .9999999  .0000448  .0001862
T 9872 19 .1518946E+11   2300017E-01 -.4699E+01 -.8608E+01   .9999999 -.0002544 -.0002277
T 9873 19 .1519062E+11   2300000E-01 -.3246E+01 -.3581E+01   .9999999 -.0000563 -.0000202
T 9874 19 .1518982E+11   2300002E-01  .8513E+01  .4098E+02   .9999997  .0001966  .0007290
T 9875 19 .1519143E+11   2300021E-01  .4734E+01  .2467E+01   .9999999 -.0000405 -.0000403
T 9876 19 .1518972E+11   2300003E-01  .1001E+01  .1781E+02   .9999999  .0001114  .0001923
T 9877 19 .1519008E+11   2300008E-01 -.2469E+01  .1579E+02   .9999999 -.0000996  .0000099
T 9878 19 .1518913E+11   2300003E-01  .1708E+01  .2772E+01   .9999999  .0000711  .0000640
T 9879 19 .1519040E+11   2300014E-01 -.1123E+02 -.1489E+02   .9999999 -.0001842 -.0002199
T 9880 19 .1519076E+11   2300006E-01 -.8750E+01 -.5217E+01   .9999999 -.0000165 -.0003065
T 9881 19 .1519037E+11   2300004E-01  .5868E+01 -.2240E+01   .9999999  .0000724 -.0000280
T 9882 19 .1518896E+11   2300006E-01  .1619E+02  .1050E+02   .9999999  .0002302  .0001867
T 9883 19 .1519008E+11   2300021E-01  .4085E+01 -.2167E+02   .9999999 -.0000094 -.0001923
T 9884 19 .1518987E+11   2300019E-01 -.3600E+02  .2025E+02   .9999999 -.0002598  .0001674
T 9885 19 .1519101E+11   2300022E-01  .1838E+01  .4032E+01   .9999999  .0000903  .0001832
T 9886 19 .1519107E+11   2300017E-01  .3542E+02  .6709E+01   .9999999  .0001236 -.0000670
T 9887 19 .1519066E+11   2300016E-01  .1001E+02 -.2448E+02   .9999999  .0002329 -.0001176
T 9888 19 .1519024E+11   2300017E-01  .3209E+01  .5905E+01   .9999999 -.0000535 -.0001029
T 9889 19 .1518974E+11   2300020E-01 -.4816E+01 -.1404E+02   .9999999 -.0001034 -.0002198
T 9890 19 .1519169E+11   2300008E-01 -.1473E+02  .2911E+02   .9999999 -.0002238  .0002398
T 9891 19 .1518999E+11   2300011E-01  .1483E+02  .9982E+01   .9999999  .0000963  .0001759
T 9892 19 .1519027E+11   2300007E-01 -.3423E+01 -.1891E+01   .9999999 -.0000260 -.0002005
T 9893 19 .1518971E+11   2300010E-01  .8884E+01  .2463E+00   .9999999 -.0000583 -.0000831
T 9894 19 .1519013E+11   2300015E-01  .3917E+02  .7962E+01   .9999999  .0004856  .0000793
T 9895 19 .1518902E+11   2300021E-01  .3468E+01 -.1503E+02   .9999999  .0000540 -.0000337
T 9896 19 .1519000E+11   2300018E-01 -.1835E+02 -.5725E+01   .9999999 -.0003280  .0000869
T 9897 19 .1518999E+11   2300019E-01  .3764E+01  .8332E+01   .9999999 -.0000743  .0001857
T 9898 19 .1519061E+11   2300012E-01  .6983E+01  .6017E+01   .9999999  .0000904  .0000267
T 9899 19 .1519042E+11   2300006E-01 -.2804E+02  .1637E+02   .9999999 -.0004420  .0001718
T 9900 19 .1518976E+11   2300020E-01 -.1150E+01 -.1601E+02   .9999999  .0001026 -.0001426
T 9901 19 .1519001E+11   2300010E-01  .3251E+01  .2119E+02   .9999999  .0000311  .0003601
T 9902 19 .1519020E+11   2300009E-01  .1083E+02  .3653E+01   .9999999  .0001068  .0000778
T 9903 19 .1518964E+11   2300016E-01 -.2363E+01  .2084E+00   .9999999 -.0000084 -.0001623
T 9904 19 .1519139E+11   2300021E-01 -.7791E+01 -.1286E+02   .9999999 -.0000890 -.0001205
T 9905 19 .1519113E+11   2300009E-01  .1518E+02  .6231E+01   .9999999  .0001413  .0000352
T 9906 19 .1519068E+11   2300004E-01 -.3599E+00  .6307E+01   .9999999  .0001144  .0000469
T 9907 19 .1519038E+11   2300017E-01  .4739E+02  .6482E+02   .9999998  .0003814  .0004344
T 9908 19 .1518949E+11   2300019E-01  .2844E+01 -.8282E+01   .9999999 -.0000108 -.0002325
T 9909 19 .1518937E+11   2300014E-01  .1051E+02  .8052E+01   .9999999  .0000363  .0000392
T 9910 19 .1518915E+11   2300002E-01  .9232E+01 -.8893E+01   .9999999  .0000769 -.0001406
T 9911 19 .1519058E+11   2300015E-01 -.9161E+00 -.6169E+01   .9999999 -.0000571 -.0001580
T 9912 19 .1519011E+11   2300005E-01 -.5164E+01 -.8596E+01   .9999999 -.0002986 -.0003946
T 9913 19 .1518885E+11   2300014E-01  .4141E+01  .9872E+01   .9999999  .0000071  .0001554
T 9914 19 .1518938E+11   2300004E-01 -.1883E+01 -.2245E+02   .9999999  .0000555 -.0002695
T 9915 19 .1518911E+11   2300011E-01 -.1577E+01 -.5414E+01   .9999999 -.0001238 -.0001290
T 9916 19 .1518819E+11   2300017E-01  .1443E+01 -.1478E+02   .9999999  .0001142 -.0001872
T 9917 19 .1518933E+11   2300002E-01  .7660E+01  .1044E+02   .9999997  .0004492  .0005728
T 9918 19 .1518976E+11   2300009E-01  .9935E+00  .8163E+00   .9999999 -.0000774  .0000011
T 9919 19 .1518831E+11   2300001E-01  .4401E+00  .1376E+02   .9999999 -.0000243  .0002144
T 9920 19 .1519001E+11   2300006E-01 -.6979E+01  .5895E+01   .9999999 -.0001525  .0000220
T 9921 19 .1518956E+11   2300002E-01 -.4898E+00 -.1066E+02   .9999999  .0000267 -.0000442
T 9922 19 .1518981E+11   2300023E-01  .9196E+01 -.9293E+00   .9999999 -.0002211 -.0000168
T 9923 19 .1518951E+11   2300013E-01  .1853E+01  .2080E+02   .9999999 -.0000694  .0003642
T 9924 19 .1519000E+11   2300012E-01 -.9248E+01 -.3091E+00   .9999999 -.0002602 -.0002147
T 9925 19 .1518944E+11   2300007E-01 -.1815E+02 -.5160E+01   .9999999 -.0002202 -.0001695
T 9926 19 .1519003E+11   2300013E-01  .2143E+02  .3627E+02   .9999997  .0004952  .0005279
T 9927 19 .1519028E+11   2300014E-01  .1632E+01 -.5075E+01   .9999999  .0000353  .0000277
T 9928 19 .1518885E+11   2300017E-01  .1240E+02  .1680E+02   .9999999  .0002132  .0000376
T 9929 19 .1518950E+11   2300021E-01 -.1419E+02 -.2471E+01   .9999999 -.0000990 -.0001332
T 9930 19 .1519183E+11   2300012E-01 -.3334E+02  .1647E+02   .9999999 -.0002639  .0001060
T 9931 19 .1519100E+11   2300002E-01 -.9930E+01  .2427E+02   .9999997 -.0008256  .0000793
T 9932 19 .1519099E+11   2300021E-01 -.9380E+01  .7490E+01   .9999999 -.0001107  .0001569
T 9933 19 .1518958E+11   2300023E-01  .1449E+02  .2029E+02   .9999999  .0002036  .0003641
T 9934 19 .1519038E+11   2300010E-01  .1230E+02 -.1438E+02   .9999999  .0000795 -.0001451
T 9935 19 .1519027E+11   2300020E-01  .5281E+01  .2345E+01   .9999999 -.0000681 -.0001544
T 9936 19 .1518839E+11   2300013E-01 -.6118E+00 -.3977E+01   .9999999 -.0000755 -.0001159
T 9937 19 .1518989E+11   2300020E-01 -.1216E+02  .1133E+02   .9999999 -.0001876  .0000716
T 9938 19 .1518946E+11   2300015E-01  .7815E+01  .1388E+02   .9999999  .0000394  .0002703
T 9939 19 .1519027E+11   2300018E-01  .5594E+01  .5878E+01   .9999999  .0000420 -.0000455
T 9940 19 .1518879E+11   2300008E-01 -.2642E+01  .1420E+01   .9999999 -.0000141 -.0001192
T 9941 19 .1518965E+11   2300016E-01 -.2069E+02 -.2375E+02   .9999999 -.0001764 -.0002452
T 9942 19 .1519034E+11   2300012E-01 -.5041E+02  .1024E+03   .9999993 -.0005170  .0011028
T 9943 19 .1519066E+11   2300004E-01  .1298E+02 -.2806E+01   .9999999  .0001624  .0000728
T 9944 19 .1518866E+11   2300014E-01 -.7778E+01  .3042E+01   .9999999 -.0001657  .0000208
T 9945 19 .1519192E+11   2300003E-01  .6688E+01 -.1137E+02   .9999999  .0000201 -.0000984
T 9946 19 .1519048E+11   2300020E-01  .1045E+02 -.2600E+01   .9999999  .0000369 -.0000082
T 9947 19 .1519063E+11   2300015E-01 -.2315E+01 -.5357E+01   .9999999  .0002525  .0004159
T 9948 19 .1518972E+11   2300018E-01  .1692E+02  .3317E+02   .9999998  .0001073  .0005486
T 9949 19 .1518997E+11   2300017E-01  .4483E+01  .1182E+02   .9999999  .0000006  .0001302
T 9950 19 .1519111E+11   2300014E-01  .4307E+01 -.1200E+02   .9999999  .0000267  .0000297
T 9951 19 .1519059E+11   2300010E-01  .1851E+02  .1532E+02   .9999999  .0002132  .0002320
T 9952 19 .1518983E+11   2300019E-01 -.6167E+01 -.2536E+01   .9999999 -.0001466 -.0000518
T 9953 19 .1519146E+11   2300013E-01 -.8237E+01 -.2693E+02   .9999999 -.0001147 -.0001483
T 9954 19 .1518903E+11   2300022E-01  .2421E+02  .5412E+01   .9999999  .0003546 -.0000584
T 9955 19 .1518970E+11   2300002E-01  .5599E+01 -.4202E+01   .9999999  .0000714  .0000476
T 9956 19 .1518989E+11   2300021E-01  .2575E+00  .3341E+01   .9999999  .0000988  .0000707
T 9957 19 .1518978E+11   2300014E-01  .2935E+01  .1493E+02   .9999999  .0002140  .0004556
T 9958 19 .1518940E+11   2300004E-01 -.3123E+02 -.6389E+02   .9999997 -.0004128 -.0005816
T 9959 19 .1519086E+11   2300021E-01 -.1182E+02  .1990E+00   .9999999 -.0000727 -.0000712
T 9960 19 .1518989E+11   2300013E-01  .1210E+02  .3456E+01   .9999999  .0001403 -.0000156
T 9961 19 .1519152E+11   2300015E-01  .2849E+01 -.2559E+01   .9999999 -.0000832  .0000009
T 9962 19 .1518885E+11   2300016E-01 -.2582E+02  .6299E+01   .9999999 -.0003488  .0000262
T 9963 19 .1518981E+11   2300018E-01 -.7104E+01 -.3233E+01   .9999999 -.0001790 -.0001135
T 9964 19 .1518786E+11   2300012E-01  .1538E+02  .7102E+01   .9999999  .0001495  .0000312
T 9965 19 .1519003E+11   2300010E-01 -.1306E+02  .5795E+01   .9999999 -.0003053 -.0000705
T 9966 19 .1518886E+11   2300005E-01  .9537E+01  .9434E+01   .9999999  .0002516  .0001539
T 9967 19 .1518898E+11   2300019E-01  .1950E+02  .1540E+01   .9999999  .0000466 -.0000436
T 9968 19 .1518958E+11   2300017E-01  .1589E+02  .2581E+02   .9999999  .0001751  .0004465
T 9969 19 .1518887E+11   2300021E-01  .1199E+02  .6173E+01   .9999999  .0003063  .0000182
T 9970 19 .1518774E+11   2300015E-01 -.3507E+01 -.1096E+02   .9999999  .0000180 -.0001237
T 9971 19 .1518932E+11   2300012E-01  .3779E+01  .2009E+02   .9999999  .0000482  .0001295
T 9972 19 .1519058E+11   2300007E-01  .9855E+01  .9039E+00   .9999999  .0001196  .0000706
T 9973 19 .1519183E+11   2300009E-01 -.3661E+01 -.4151E+01   .9999999 -.0000683  .0000241
T 9974 19 .1518998E+11   2300006E-01 -.6980E+01  .7232E+01   .9999999 -.0000489  .0000662
T 9975 19 .1518982E+11   2300020E-01 -.7932E+01  .9645E+00   .9999999  .0000235 -.0000662
T 9976 19 .1518974E+11   2300004E-01 -.7261E+00 -.5528E+01   .9999999 -.0000175 -.0000803
T 9977 19 .1519040E+11   2300020E-01 -.1677E+02 -.6111E+01   .9999999 -.0002515 -.0000286
T 9978 19 .1518923E+11   2300006E-01  .3321E+02 -.2082E+02   .9999998  .0004868 -.0003279
T 9979 19 .1518948E+11   2300002E-01  .1673E+01 -.1494E+02   .9999999  .0000658 -.0001612
T 9980 19 .1518986E+11   2300019E-01  .6923E+01 -.1324E+01   .9999999 -.0000186  .0000211
T 9981 19 .1519115E+11   2300010E-01 -.2190E+02  .1349E+02   .9999999 -.0002081  .0002145
T 9982 19 .1519023E+11   2300008E-01  .1241E+02  .1018E+02   .9999999  .0002021  .0002407
T 9983 19 .1518952E+11   2300016E-01 -.2649E+01  .1739E+02   .9999999  .0003118  .0000176
T 9984 19 .1519113E+11   2300017E-01  .2231E+02 -.3976E+02   .9999999  .0000934 -.0003319
T 9985 19 .1519091E+11   2300021E-01 -.9780E+01 -.2988E+02   .9999999 -.0000438 -.0003405
T 9986 19 .1518982E+11   2300010E-01  .2564E+02  .7777E+01   .9999999  .0002014  .0000948
T 9987 19 .1519099E+11   2300003E-01  .2541E+02 -.3244E+02   .9999998  .0002814 -.0005038
T 9988 19 .1518942E+11   2300009E-01 -.1331E+01 -.8762E+01   .9999999 -.0001206 -.0003507
T 9989 19 .1518931E+11   2300012E-01  .2613E+02  .1294E+02   .9999999  .0001248  .0001479
T 9990 19 .1518952E+11   2300017E-01  .7697E+01  .4157E+01   .9999999  .0003229 -.0000129
T 9991 19 .1518871E+11   2300016E-01  .1628E+02 -.2926E+02   .9999999  .0001199 -.0002404
T 9992 19 .1519042E+11   2300016E-01 -.4035E+01 -.2139E+01   .9999999  .0000079  .0001116
T 9993 19 .1518789E+11   2300010E-01  .4326E+00 -.2284E+02   .9999999 -.0001693 -.0003456
T 9994 19 .1519053E+11   2300016E-01 -.1046E+00 -.8278E+01   .9999999 -.0001110 -.0001864
T 9995 19 .1518945E+11   2300007E-01 -.1114E+02 -.2148E+01   .9999999 -.0002099 -.0000187
T 9996 19 .1519170E+11   2300009E-01  .3562E+01  .7549E-01   .9999999  .0001582  .0000460
T 9997 19 .1518890E+11   2300018E-01  .2235E+02 -.2308E+01   .9999999  .0002600 -.0000990
T 9998 19 .1519013E+11   2300019E-01 -.1058E+02 -.3629E+01   .9999999 -.0001076  .0000093
T 9999 19 .1518954E+11   2300010E-01  .1070E+01 -.3223E+01   .99