============================== SRIM-2013.00 ==============================
==============================================================================
=================  TRANSMIT.txt : File of Transmitted Ions  ==================
=  This file tabulates the kinetics of ions or atoms leaving the target.     =
=  Column #1: S= Sputtered Atom, B= Backscattered Ion, T= Transmitted Ion.   =
=  Col.#2: Ion Number, Col.#3: Z of atom leaving, Col.#4: Atom energy (eV).  =
=  Col.#5-7: Last location:  X= Depth into target, Y,Z= Transverse axes.     =
=  Col.#8-10: Cosines of final trajectory.                                   =
= *** This data file is in the same format as TRIM.DAT (see manual for uses).=
====== TRIM Calc.=  K(15.2 GeV) ==> Podk³adka+Tarcza(  34 um) ================
 Ion  Atom   Energy        Depth       Lateral-Position        Atom Direction      
 Numb Numb    (eV)          X(A)        Y(A)       Z(A)      Cos(X)  Cos(Y) Cos(Z) 
T    1 19 .1518522E+11   3400015E-01 -.4226E+02  .1047E+02   .9999999 -.0004159  .0001084
T    2 19 .1518045E+11   3400006E-01  .2373E+02 -.3012E+02   .9999999 -.0001895 -.0002289
T    3 19 .1518365E+11   3400015E-01  .9285E+00 -.1163E+01   .9999999  .0000133  .0000218
T    4 19 .1518214E+11   3400020E-01  .1660E+02 -.1940E+02   .9999999 -.0000485 -.0000319
T    5 19 .1518492E+11   3400016E-01 -.9821E+01  .1940E+02   .9999999  .0000682  .0001852
T    6 19 .1518090E+11   3400017E-01  .3153E+01  .2015E+01   .9999998  .0005977 -.0002581
T    7 19 .1518336E+11   3400022E-01 -.2777E+02  .6333E+01   .9999999 -.0000393  .0000544
T    8 19 .1518228E+11   3400006E-01 -.5290E+02  .1955E+02   .9999999 -.0003256  .0001609
T    9 19 .1518103E+11   3400022E-01 -.9410E+01  .8775E+01   .9999999 -.0000411  .0001146
T   10 19 .1518236E+11   3400020E-01 -.2606E+02  .1382E+02   .9999999 -.0001512 -.0000416
T   11 19 .1518205E+11   3400008E-01  .1318E+01 -.2667E+02   .9999999  .0000286 -.0000646
T   12 19 .1518238E+11   3400009E-01 -.2491E+02  .2514E+02   .9999999 -.0001675  .0002096
T   13 19 .1518218E+11   3400005E-01  .6123E+00 -.1496E+02   .9999999 -.0000498 -.0001111
T   14 19 .1518211E+11   3400004E-01  .7405E+01 -.5937E+01   .9999999  .0000550 -.0000309
T   15 19 .1518420E+11   3400014E-01 -.5090E+01 -.2618E+02   .9999999  .0000869 -.0000385
T   16 19 .1518066E+11   3400012E-01  .1540E+02 -.5104E+02   .9999999 -.0000720 -.0003683
T   17 19 .1518343E+11   3400020E-01  .1201E+02 -.1999E+02   .9999999  .0000709 -.0000763
T   18 19 .1518351E+11   3400010E-01 -.8208E+02  .1588E+03   .9999990 -.0008730  .0010806
T   19 19 .1518287E+11   3400006E-01 -.4884E+01  .2591E+01   .9999999 -.0000534  .0000302
T   20 19 .1518110E+11   3400022E-01  .3303E+02 -.6597E+00   .9999999  .0002767 -.0000811
T   21 19 .1518294E+11   3400002E-01  .6181E+01  .8884E+01   .9999999  .0000430  .0001203
T   22 19 .1518420E+11   3400001E-01 -.1407E+02  .3314E+02   .9999999 -.0000909  .0003468
T   23 19 .1518303E+11   3400008E-01  .2566E+01 -.1911E+02   .9999999 -.0000165 -.0002614
T   24 19 .1518314E+11   3400022E-01  .4727E+01 -.1247E+02   .9999999 -.0002616 -.0000326
T   25 19 .1518258E+11   3400023E-01  .2362E+02 -.6131E+02   .9999999  .0002865 -.0003313
T   26 19 .1518147E+11   3400019E-01 -.1725E+02 -.3883E+02   .9999999 -.0001291 -.0001144
T   27 19 .1518375E+11   3400012E-01 -.4803E+02 -.2989E+02   .9999999 -.0004523 -.0001294
T   28 19 .1518144E+11   3400020E-01  .8080E+02  .4571E+02   .9999999  .0003639  .0002419
T   29 19 .1518282E+11   3400000E-01 -.4102E+02  .3306E+02   .9999999 -.0003352  .0002119
T   30 19 .1518046E+11   3400003E-01  .1371E+02 -.4454E+01   .9999999 -.0000161 -.0000444
T   31 19 .1518247E+11   3400022E-01  .6544E+02 -.9852E+01   .9999998  .0005504 -.0000437
T   32 19 .1518249E+11   3400014E-01 -.3465E+01 -.4589E+02   .9999999  .0001229 -.0002659
T   33 19 .1518233E+11   3400006E-01 -.2849E+02 -.6977E+02   .9999998 -.0002516 -.0006172
T   34 19 .1518182E+11   3400012E-01  .6955E+01  .4246E+02   .9999999 -.0000475  .0002032
T   35 19 .1518237E+11   3400022E-01  .4856E+02  .1331E+02   .9999999  .0003199  .0000360
T   36 19 .1518150E+11   3400008E-01  .1397E+02 -.1363E+02   .9999999  .0001944 -.0000433
T   37 19 .1518271E+11   3400021E-01 -.7254E+01 -.3941E+01   .9999999 -.0000636 -.0001033
T   38 19 .1518182E+11   3400005E-01  .4309E+02  .4975E+02   .9999999  .0001228  .0003653
T   39 19 .1518254E+11   3400003E-01 -.3574E+02 -.7929E+01   .9999998 -.0006156 -.0001324
T   40 19 .1518088E+11   3400022E-01  .2313E+02 -.4202E+02   .9999999 -.0000041 -.0001998
T   41 19 .1518357E+11   3400022E-01  .1747E+02  .4579E+02   .9999999  .0003025  .0004202
T   42 19 .1518300E+11   3400005E-01  .8529E+02 -.3486E+02   .9999998  .0006520 -.0002143
T   43 19 .1518193E+11   3400012E-01 -.1771E+02  .2031E+01   .9999999 -.0000900  .0000090
T   44 19 .1518337E+11   3400016E-01  .1884E+02  .3073E+02   .9999999  .0000328  .0002171
T   45 19 .1518259E+11   3400022E-01 -.1295E+02  .9140E+00   .9999999 -.0003065  .0003668
T   46 19 .1518503E+11   3400013E-01  .2635E+02  .4685E+02   .9999999  .0001331  .0000095
T   47 19 .1518381E+11   3400020E-01  .4735E+02 -.3111E+01   .9999999  .0002103 -.0000390
T   48 19 .1518402E+11   3400009E-01 -.1002E+02 -.2417E+02   .9999999  .0000016 -.0002848
T   49 19 .1518194E+11   3400008E-01  .9676E+02  .1793E+02   .9999996  .0009075  .0001227
T   50 19 .1518407E+11   3400020E-01 -.7504E+01 -.4636E+02   .9999999  .0000356 -.0002178
T   51 19 .1518123E+11   3400012E-01  .2106E+02  .5065E+02   .9999999  .0002395  .0003668
T   52 19 .1518154E+11   3400001E-01 -.2129E+02 -.3462E+02   .9999999 -.0002527 -.0001907
T   53 19 .1518188E+11   3400007E-01 -.4526E+01 -.1008E+01   .9999999 -.0001522  .0002442
T   54 19 .1518104E+11   3400018E-01  .3320E+01  .3787E+02   .9999999 -.0000444  .0003115
T   55 19 .1518225E+11   3400019E-01  .6401E+02 -.3640E+02   .9999999  .0003454 -.0003224
T   56 19 .1518261E+11   3400017E-01  .5466E+01  .1874E+01   .9999999  .0001483 -.0002394
T   57 19 .1518415E+11   3400011E-01 -.3257E+02  .1938E+02   .9999999 -.0001743  .0000950
T   58 19 .1518332E+11   3400001E-01  .2302E+02  .7138E+01   .9999999  .0000459  .0004992
T   59 19 .1518387E+11   3400023E-01 -.6470E+01 -.1980E+02   .9999999 -.0000726 -.0001605
T   60 19 .1518215E+11   3400011E-01  .2496E+02  .7463E+02   .9999999  .0002493  .0002712
T   61 19 .1518221E+11   3400021E-01 -.1363E+02 -.4681E+02   .9999999 -.0002681 -.0004094
T   62 19 .1518307E+11   3400000E-01  .2429E+02 -.1512E+02   .9999999  .0003384  .0000477
T   63 19 .1518285E+11   3400013E-01  .5449E+02  .5027E+01   .9999999  .0001728  .0001648
T   64 19 .1518115E+11   3400001E-01  .1013E+02 -.3085E+02   .9999999  .0002514 -.0001850
T   65 19 .1518165E+11   3400022E-01  .4901E+00 -.2386E+02   .9999999  .0000158 -.0002051
T   66 19 .1518164E+11   3400011E-01  .3876E+02  .6129E+02   .9999997  .0002771  .0006822
T   67 19 .1518474E+11   3400003E-01 -.2077E+02 -.1625E+01   .9999999 -.0002275 -.0000371
T   68 19 .1518261E+11   3400020E-01  .8411E+01  .3731E+02   .9999999 -.0000750  .0003699
T   69 19 .1518265E+11   3400002E-01 -.3985E+02  .2123E+02   .9999999 -.0002450  .0000108
T   70 19 .1518346E+11   3400001E-01  .5642E+01  .4953E+02   .9999999  .0000723  .0003049
T   71 19 .1518378E+11   3400019E-01 -.4299E+01  .3765E+01   .9999999 -.0000147  .0000650
T   72 19 .1518170E+11   3400001E-01  .6364E+01  .2773E+02   .9999998  .0001666  .0005408
T   73 19 .1518237E+11   3400001E-01  .2388E+02 -.5085E+02   .9999999  .0000733 -.0005048
T   74 19 .1518161E+11   3400014E-01  .3008E+01  .3937E+02   .9999999  .0002056  .0002002
T   75 19 .1518371E+11   3400003E-01  .1108E+02  .5733E+01   .9999999  .0000659  .0000091
T   76 19 .1518347E+11   3400011E-01  .8236E+02 -.5397E+02   .9999998  .0005391 -.0001768
T   77 19 .1518153E+11   3400019E-01 -.3353E+02  .2300E+02   .9999999  .0000138  .0002545
T   78 19 .1518308E+11   3400022E-01  .4074E+02 -.3809E+00   .9999999  .0000651  .0001114
T   79 19 .1518341E+11   3400004E-01 -.5671E+01  .1887E+02   .9999999 -.0000449  .0003166
T   80 19 .1518242E+11   3400005E-01 -.8835E+01  .2777E+01   .9999999 -.0001230  .0000932
T   81 19 .1518238E+11   3400018E-01  .2587E+01 -.5533E+01   .9999999  .0000699 -.0001463
T   82 19 .1518281E+11   3400019E-01 -.5316E+02 -.3036E+02   .9999999 -.0003473 -.0001442
T   83 19 .1518221E+11   3400002E-01 -.3709E+02 -.4681E+01   .9999999 -.0004345 -.0000038
T   84 19 .1518331E+11   3400015E-01  .1073E+02  .2042E+02   .9999999  .0000973  .0000176
T   85 19 .1518217E+11   3400013E-01 -.1459E+02  .2168E+02   .9999999  .0000709  .0000476
T   86 19 .1518338E+11   3400005E-01  .2623E+02 -.1205E+02   .9999999  .0002463 -.0000798
T   87 19 .1518156E+11   3400013E-01  .1287E+02 -.1487E+02   .9999999  .0001840 -.0000138
T   88 19 .1518184E+11   3400016E-01 -.2420E+02 -.2848E+02   .9999999  .0000322 -.0002013
T   89 19 .1518503E+11   3400015E-01  .1719E+01 -.2786E+01   .9999999 -.0003623  .0002824
T   90 19 .1518191E+11   3400020E-01  .2221E+02 -.2201E+02   .9999999  .0000564 -.0001301
T   91 19 .1518120E+11   3400002E-01 -.3032E+02 -.7192E+02   .9999999 -.0002193 -.0003851
T   92 19 .1518392E+11   3400019E-01 -.1993E+02  .1230E+02   .9999999 -.0001473 -.0000085
T   93 19 .1518299E+11   3400016E-01  .3639E+02 -.2108E+01   .9999999  .0000361 -.0000262
T   94 19 .1518081E+11   3400001E-01  .2606E+02  .1194E+02   .9999999  .0001613  .0001247
T   95 19 .1518238E+11   3400019E-01  .1374E+02 -.4871E+02   .9999999  .0000532 -.0002344
T   96 19 .1518367E+11   3400016E-01 -.1739E+02  .8242E+01   .9999999  .0000229  .0000872
T   97 19 .1518260E+11   3400005E-01 -.5535E+01 -.8349E+01   .9999999  .0000233  .0000161
T   98 19 .1518161E+11   3400008E-01  .6789E+02 -.4545E+01   .9999999  .0002271 -.0000520
T   99 19 .1518362E+11   3400001E-01  .2866E+02 -.1459E+02   .9999999  .0000985 -.0003098
T  100 19 .1518291E+11   3400017E-01  .2110E+01  .1935E+02   .9999999 -.0002357  .0002839
T  101 19 .1518190E+11   3400004E-01  .2630E+02 -.2121E+02   .9999999  .0003043 -.0003339
T  102 19 .1518137E+11   3400018E-01 -.2249E+02  .2863E+02   .9999999 -.0000528  .0004176
T  103 19 .1518180E+11   3400009E-01  .8712E+01 -.3274E+02   .9999999  .0000705 -.0003709
T  104 19 .1518170E+11   3400020E-01 -.2947E+02 -.3128E+02   .9999999 -.0002528 -.0001929
T  105 19 .1518220E+11   3400021E-01  .4349E+02 -.9319E+00   .9999999  .0001342 -.0001246
T  106 19 .1518348E+11   3400022E-01  .1644E+02 -.2812E+02   .9999999  .0002941 -.0001059
T  107 19 .1518192E+11   3400008E-01  .5291E+02 -.2396E+01   .9999999  .0005210 -.0000915
T  108 19 .1518141E+11   3400015E-01  .2179E+02 -.1111E+02   .9999999  .0000212  .0000243
T  109 19 .1518176E+11   3400003E-01 -.2218E+02  .1007E+02   .9999999 -.0000749 -.0000867
T  110 19 .1518154E+11   3400021E-01  .3247E+01  .3671E+01   .9999999  .0001591  .0000208
T  111 19 .1518273E+11   3400002E-01 -.2900E+02 -.2587E+02   .9999999 -.0001629 -.0001564
T  112 19 .1518255E+11   3400022E-01  .3975E+02  .6281E+01   .9999999  .0003609  .0000222
T  113 19 .1518261E+11   3400000E-01 -.2662E+02  .3342E+01   .9999999 -.0002409  .0000656
T  114 19 .1518352E+11   3400018E-01 -.3083E+02  .1594E+02   .9999999 -.0003875  .0001941
T  115 19 .1518529E+11   3400013E-01 -.4495E+02 -.1821E+02   .9999999 -.0002619 -.0000373
T  116 19 .1518342E+11   3400008E-01  .7903E+02 -.2964E+02   .9999998  .0005506 -.0001856
T  117 19 .1518446E+11   3400017E-01  .1699E+02  .1028E+02   .9999999  .0003179  .0001645
T  118 19 .1518225E+11   3400010E-01 -.2843E+02 -.9531E+01   .9999999 -.0001230 -.0000054
T  119 19 .1518294E+11   3400011E-01  .8693E+01  .1042E+02   .9999999  .0000414 -.0000001
T  120 19 .1518432E+11   3400021E-01 -.9210E+01 -.2424E+02   .9999999 -.0000618 -.0003114
T  121 19 .1518300E+11   3400016E-01  .4261E+02  .9429E+02   .9999989  .0005954  .0013922
T  122 19 .1518285E+11   3400004E-01 -.3563E+02  .4256E+01   .9999999 -.0003252  .0002203
T  123 19 .1518226E+11   3400020E-01 -.2374E+02  .1616E+02   .9999999 -.0000570  .0001022
T  124 19 .1518254E+11   3400010E-01  .1868E+03  .1448E+03   .9999995  .0008772  .0005695
T  125 19 .1518401E+11   3400023E-01  .2089E+02 -.2491E+01   .9999999  .0002258 -.0002431
T  126 19 .1518181E+11   3400019E-01 -.2463E+02 -.2205E+02   .9999999 -.0001288  .0000116
T  127 19 .1518436E+11   3400016E-01  .5545E+01  .2874E+02   .9999999  .0001727  .0003957
T  128 19 .1518224E+11   3400003E-01  .1100E+02  .4306E+02   .9999999  .0001249 -.0000118
T  129 19 .1518301E+11   3400018E-01 -.2542E+02  .9283E+00   .9999999 -.0002132  .0002585
T  130 19 .1518181E+11   3400007E-01  .9538E+00 -.1054E+02   .9999999  .0000282  .0000175
T  131 19 .1518088E+11   3400005E-01 -.8604E+01 -.1278E+02   .9999999 -.0001360 -.0001486
T  132 19 .1518170E+11   3400014E-01  .2363E+02 -.2187E+02   .9999999  .0000744 -.0000915
T  133 19 .1518162E+11   3400022E-01 -.1802E+02  .4209E+02   .9999999 -.0000734  .0001423
T  134 19 .1518266E+11   3400017E-01  .5032E+02  .1193E+02   .9999999  .0003446  .0000724
T  135 19 .1518340E+11   3400013E-01  .2219E+02  .4797E+02   .9999999  .0000043  .0001547
T  136 19 .1518141E+11   3400021E-01  .1223E+02  .3383E+02   .9999999 -.0000270  .0002403
T  137 19 .1518069E+11   3400001E-01 -.5101E+01  .5154E+01   .9999999 -.0000575  .0001633
T  138 19 .1518305E+11   3400012E-01  .6616E+01 -.2243E+02   .9999999  .0000700 -.0002088
T  139 19 .1518124E+11   3400011E-01  .2783E+02  .3886E+02   .9999999  .0002070  .0002230
T  140 19 .1518430E+11   3400022E-01 -.1138E+02 -.9955E+01   .9999999  .0000498  .0001038
T  141 19 .1518240E+11   3400012E-01  .2074E+02 -.3474E+02   .9999999  .0000429 -.0002359
T  142 19 .1518203E+11   3400020E-01 -.1596E+02 -.1821E+02   .9999999 -.0002364 -.0000714
T  143 19 .1518305E+11   3400018E-01 -.5673E+02 -.2276E+02   .9999999 -.0004114 -.0001515
T  144 19 .1518371E+11   3400022E-01 -.4798E+01 -.1678E+02   .9999999  .0000431 -.0000549
T  145 19 .1518263E+11   3400017E-01 -.2421E+02  .5247E+02   .9999999  .0000640  .0004807
T  146 19 .1518283E+11   3400021E-01 -.9456E+01  .1030E+02   .9999999  .0001663  .0001214
T  147 19 .1518411E+11   3400019E-01  .7250E+01 -.1937E+02   .9999999  .0000729 -.0001683
T  148 19 .1518263E+11   3400022E-01 -.9545E+02  .5327E+02   .9999998 -.0004897  .0002971
T  149 19 .1518174E+11   3400022E-01 -.1304E+01  .1710E+02   .9999999 -.0000976  .0002754
T  150 19 .1518152E+11   3400006E-01 -.5434E+02  .1391E+02   .9999999 -.0003684 -.0000480
T  151 19 .1518373E+11   3400019E-01 -.2683E+02  .7304E+02   .9999999 -.0002498  .0004748
T  152 19 .1518443E+11   3400007E-01 -.3908E+02 -.7143E+01   .9999999 -.0002679  .0000097
T  153 19 .1518264E+11   3400022E-01  .8508E+02 -.2512E+02   .9999997  .0007065 -.0003060
T  154 19 .1518382E+11   3400015E-01  .2899E+02 -.4136E+02   .9999999  .0000788 -.0004604
T  155 19 .1518266E+11   3400010E-01 -.2594E+01 -.4297E+02   .9999999 -.0000074 -.0005304
T  156 19 .1518155E+11   3400018E-01  .2665E+02  .9493E+01   .9999999  .0002179  .0000495
T  157 19 .1518376E+11   3400005E-01 -.2075E+02  .4954E+02   .9999999 -.0001799  .0002416
T  158 19 .1518102E+11   3400023E-01  .2972E+01  .2397E+00   .9999999 -.0000330  .0000524
T  159 19 .1518267E+11   3400007E-01 -.1608E+02 -.5482E+01   .9999999 -.0000774  .0000106
T  160 19 .1518253E+11   3400021E-01 -.2235E+02 -.1061E+02   .9999999 -.0000712 -.0001895
T  161 19 .1518269E+11   3400008E-01  .2215E+02  .4327E+00   .9999999  .0000580 -.0001955
T  162 19 .1518128E+11   3400003E-01  .2787E+02 -.2244E+02   .9999999  .0002527 -.0002374
T  163 19 .1518485E+11   3400009E-01  .3220E+02  .3054E+02   .9999999  .0003318  .0001281
T  164 19 .1517927E+11   3400020E-01  .2295E+02  .3566E+02   .9999999  .0002238  .0002546
T  165 19 .1518185E+11   3400012E-01 -.5669E+01  .7419E+01   .9999999  .0000613  .0000466
T  166 19 .1518441E+11   3400016E-01 -.8434E+01  .2820E+02   .9999999  .0001038  .0001883
T  167 19 .1518531E+11   3400005E-01  .2515E+02 -.1615E+02   .9999999  .0001349 -.0001791
T  168 19 .1518194E+11   3400007E-01 -.6146E+01  .1393E+01   .9999999  .0003351 -.0000357
T  169 19 .1518202E+11   3400019E-01 -.3076E+02  .4040E+02   .9999999 -.0001734  .0002335
T  170 19 .1518380E+11   3400006E-01 -.8287E+01  .5590E+01   .9999999 -.0002474  .0000569
T  171 19 .1518255E+11   3400021E-01 -.2608E+02  .2005E+02   .9999999 -.0000479  .0002957
T  172 19 .1518288E+11   3400020E-01 -.6704E+02  .4730E+02   .9999997 -.0004438  .0006426
T  173 19 .1518263E+11   3400013E-01 -.4881E+02 -.3337E+01   .9999999 -.0004859  .0000044
T  174 19 .1518278E+11   3400009E-01 -.1676E+02 -.3141E+02   .9999999 -.0001136 -.0003054
T  175 19 .1518317E+11   3400017E-01 -.3124E+02  .2339E+02   .9999999 -.0000591  .0001981
T  176 19 .1518041E+11   3400006E-01  .1377E+02  .2942E+01   .9999999  .0001029  .0003125
T  177 19 .1518084E+11   3400015E-01  .1244E+02  .2651E+02   .9999999  .0001266  .0002594
T  178 19 .1518055E+11   3400020E-01 -.6835E+02  .4054E+02   .9999999 -.0003604 -.0000441
T  179 19 .1518304E+11   3400004E-01  .1921E+02  .1173E+02   .9999999  .0002046 -.0000056
T  180 19 .1518390E+11   3400018E-01  .5774E+02 -.2441E+02   .9999997  .0004328  .0006891
T  181 19 .1518098E+11   3400007E-01 -.3690E+02 -.1692E+02   .9999999 -.0002585 -.0000243
T  182 19 .1518262E+11   3400020E-01  .7107E+00 -.2728E+02   .9999999  .0000935 -.0003302
T  183 19 .1518178E+11   3400020E-01  .6727E+02 -.7308E+02   .9999999  .0005079 -.0001393
T  184 19 .1518322E+11   3400010E-01 -.4317E+02 -.6602E+01   .9999999 -.0002559 -.0000445
T  185 19 .1518037E+11   3400014E-01  .2793E+02 -.2769E+02   .9999999  .0002122 -.0001495
T  186 19 .1518201E+11   3400007E-01 -.4936E+02 -.4475E+01   .9999998 -.0005980 -.0000521
T  187 19 .1518493E+11   3400015E-01  .3723E+02 -.2794E+02   .9999999  .0000210 -.0001680
T  188 19 .1518325E+11   3400021E-01  .4237E+02 -.2274E+02   .9999999  .0004075 -.0000610
T  189 19 .1518354E+11   3400005E-01  .1840E+02 -.6164E+02   .9999999  .0000554 -.0003202
T  190 19 .1518256E+11   3400004E-01  .1363E+02 -.2246E+02   .9999999  .0002380 -.0001247
T  191 19 .1518114E+11   3400022E-01 -.1326E+03 -.1997E+03   .9999988 -.0006795 -.0014236
T  192 19 .1518124E+11   3400014E-01  .1964E+02  .4422E+02   .9999998  .0003028  .0006123
T  193 19 .1518310E+11   3400018E-01  .1435E+01  .8036E+02   .9999999 -.0000595  .0003381
T  194 19 .1518064E+11   3400022E-01  .1702E+02  .1377E+02   .9999999  .0000359  .0000180
T  195 19 .1518315E+11   3400005E-01  .2814E-01  .2157E+02   .9999999 -.0000774  .0001322
T  196 19 .1518332E+11   3400015E-01 -.3939E+02 -.8879E+01   .9999999 -.0003906 -.0000886
T  197 19 .1518413E+11   3400015E-01  .3410E+02  .1981E+02   .9999999  .0001785  .0002426
T  198 19 .1518254E+11   3400008E-01  .6758E+01  .5593E+01   .9999999  .0000863  .0000575
T  199 19 .1518346E+11   3400023E-01  .2327E+02 -.3486E+01   .9999999  .0003284 -.0001330
T  200 19 .1518443E+11   3400017E-01  .7526E+01 -.1955E+02   .9999999 -.0000187 -.0002245
T  201 19 .1518250E+11   3400018E-01  .4544E+02 -.1238E+02   .9999999  .0003206 -.0000023
T  202 19 .1518264E+11   3400021E-01  .3370E+01 -.3440E+02   .9999999  .0000001 -.0002271
T  203 19 .1518346E+11   3400018E-01 -.1920E+02 -.5844E+01   .9999999 -.0000591  .0000635
T  204 19 .1518195E+11   3400020E-01 -.1236E+02  .6828E+01   .9999999 -.0002348  .0002047
T  205 19 .1518204E+11   3400000E-01 -.1960E+02  .8519E+01   .9999999  .0000119  .0001061
T  206 19 .1518334E+11   3400003E-01  .8957E+01 -.3889E+01   .9999999  .0000286 -.0000984
T  207 19 .1518148E+11   3400014E-01  .4248E+02  .6323E+02   .9999999  .0002532  .0002432
T  208 19 .1518313E+11   3400011E-01 -.6568E+02  .4096E+02   .9999997 -.0005537  .0004462
T  209 19 .1518206E+11   3400009E-01 -.2273E+02  .1389E+02   .9999999 -.0002639  .0001764
T  210 19 .1518056E+11   3400016E-01  .7975E+01 -.1628E+02   .9999999  .0000066 -.0000751
T  211 19 .1518418E+11   3400012E-01 -.1712E+02 -.2046E+02   .9999999 -.0001048 -.0002300
T  212 19 .1518233E+11   3400021E-01  .1493E+03  .1343E+03   .9999994  .0007861  .0007655
T  213 19 .1518287E+11   3400013E-01  .1288E+02  .1320E+01   .9999999 -.0000421 -.0000237
T  214 19 .1518371E+11   3400014E-01  .2517E+02  .1789E+02   .9999999  .0001747  .0002906
T  215 19 .1518225E+11   3400018E-01  .3275E+02  .5670E+02   .9999999  .0000633  .0002453
T  216 19 .1518246E+11   3400001E-01  .2460E+02  .4354E+01   .9999999  .0002200  .0000722
T  217 19 .1518311E+11   3400021E-01 -.1965E+02  .4255E+02   .9999999 -.0001165  .0002246
T  218 19 .1518339E+11   3400019E-01  .8637E+01  .1993E+01   .9999999 -.0000735 -.0001823
T  219 19 .1518332E+11   3400008E-01  .1687E+02 -.2468E+02   .9999999  .0001401 -.0003130
T  220 19 .1518349E+11   3400019E-01 -.3609E+02  .1179E+02   .9999999 -.0000931  .0000187
T  221 19 .1518226E+11   3400018E-01 -.8707E+01 -.4019E+01   .9999999 -.0000647  .0000149
T  222 19 .1518089E+11   3400020E-01  .6731E+02  .3744E+02   .9999999  .0005249  .0000759
T  223 19 .1518318E+11   3400007E-01 -.3154E+02  .1235E+02   .9999999 -.0001321 -.0000537
T  224 19 .1518396E+11   3400014E-01 -.1371E+01 -.1615E+03   .9999997 -.0000450 -.0007701
T  225 19 .1518226E+11   3400020E-01 -.1463E+02 -.5017E+02   .9999999  .0001220 -.0005309
T  226 19 .1518043E+11   3400021E-01  .2522E+02 -.5817E+02   .9999999  .0000328 -.0003628
T  227 19 .1518254E+11   3400022E-01  .1611E+02 -.2120E+02   .9999999  .0001276 -.0002954
T  228 19 .1518131E+11   3400010E-01 -.3769E+02 -.2013E+02   .9999999 -.0003374 -.0000733
T  229 19 .1518099E+11   3400021E-01 -.1099E+02 -.5343E+01   .9999999 -.0000355 -.0000728
T  230 19 .1518385E+11   3400017E-01  .1467E+01  .8172E+01   .9999999  .0000479  .0000312
T  231 19 .1518385E+11   3400018E-01 -.1341E+02 -.1448E+02   .9999999 -.0000642 -.0001973
T  232 19 .1518308E+11   3400007E-01  .1808E+02 -.5357E+02   .9999998  .0001488 -.0005463
T  233 19 .1518173E+11   3400003E-01 -.1882E+01 -.8218E+01   .9999999 -.0001841 -.0001436
T  234 19 .1518323E+11   3400013E-01  .2447E+02  .1036E+02   .9999999  .0001582  .0000504
T  235 19 .1518212E+11   3400008E-01 -.1073E+02  .3370E+02   .9999999 -.0001571  .0001924
T  236 19 .1518246E+11   3400010E-01 -.8739E+01 -.9207E+01   .9999999 -.0001499 -.0000175
T  237 19 .1518298E+11   3400017E-01  .2674E+01 -.2471E+02   .9999999 -.0001104 -.0001854
T  238 19 .1518173E+11   3400019E-01  .1123E+02 -.1532E+01   .9999999 -.0000887 -.0001397
T  239 19 .1518168E+11   3400016E-01 -.2520E+02  .2412E+02   .9999999 -.0003238 -.0000572
T  240 19 .1518120E+11   3400008E-01  .4146E+01 -.2854E+02   .9999999 -.0000591 -.0002462
T  241 19 .1518353E+11   3400002E-01  .4527E+02  .1701E+02   .9999999  .0004900 -.0000011
T  242 19 .1518395E+11   3400012E-01 -.2163E+02 -.1919E+02   .9999999 -.0002823 -.0000244
T  243 19 .1518252E+11   3400000E-01  .4200E+02  .4770E+02   .9999999  .0003786  .0001685
T  244 19 .1518223E+11   3400003E-01  .6815E+00  .3979E+02   .9999999  .0000504  .0002295
T  245 19 .1518205E+11   3400009E-01  .4884E+02 -.8340E+01   .9999999  .0002803 -.0002816
T  246 19 .1518356E+11   3400016E-01  .5380E+01 -.1199E+02   .9999999  .0001161 -.0002804
T  247 19 .1518316E+11   3400009E-01  .5287E+02 -.1409E+02   .9999999  .0002958 -.0001210
T  248 19 .1518298E+11   3400012E-01 -.9131E+01 -.1904E+02   .9999999  .0001086 -.0001605
T  249 19 .1518348E+11   3400020E-01 -.3044E+01  .7984E+02   .9999998  .0001684  .0006745
T  250 19 .1518180E+11   3400019E-01  .3058E+02 -.1484E+02   .9999999  .0002893  .0000667
T  251 19 .1518308E+11   3400016E-01  .2827E+02  .2680E+02   .9999999  .0001355  .0002001
T  252 19 .1518124E+11   3400001E-01 -.4992E+02 -.1362E+02   .9999999 -.0000268  .0000983
T  253 19 .1518244E+11   3400007E-01  .6911E+01 -.2578E+02   .9999999 -.0000176 -.0001273
T  254 19 .1518354E+11   3400020E-01 -.1549E+02 -.2598E+02   .9999999  .0000101 -.0001078
T  255 19 .1518071E+11   3400016E-01  .2637E+01 -.3771E+01   .9999999 -.0002258  .0000001
T  256 19 .1518237E+11   3400005E-01 -.3178E+02  .5396E+02   .9999998 -.0005940  .0003800
T  257 19 .1518253E+11   3400001E-01 -.3876E+02  .1682E+02   .9999999 -.0003314  .0001728
T  258 19 .1518324E+11   3400009E-01  .3158E+03 -.5618E+02   .9999972  .0023358 -.0003748
T  259 19 .1518143E+11   3400022E-01 -.6844E+02 -.6730E+02   .9999998 -.0005268 -.0004347
T  260 19 .1518376E+11   3400018E-01  .3328E+02  .3203E+01   .9999996  .0008596  .0004005
T  261 19 .1518135E+11   3400012E-01  .2169E+02  .7765E+00   .9999999  .0001469 -.0000400
T  262 19 .1518299E+11   3400006E-01 -.1080E+02  .3095E+02   .9999999 -.0000290  .0001331
T  263 19 .1518256E+11   3400016E-01 -.3237E+01 -.3125E+02   .9999999  .0002327  .0001770
T  264 19 .1518207E+11   3400009E-01 -.2193E+01  .7762E+00   .9999999 -.0002269 -.0002593
T  265 19 .1518243E+11   3400014E-01  .1535E+02  .2603E+02   .9999999 -.0003057  .0000228
T  266 19 .1518308E+11   3400020E-01 -.5892E+02  .9502E+00   .9999999 -.0004242  .0000048
T  267 19 .1518116E+11   3400016E-01  .1702E+02 -.2001E+02   .9999999  .0000898 -.0001439
T  268 19 .1518207E+11   3400018E-01  .7525E+01  .6421E+01   .9999999  .0000913  .0001328
T  269 19 .1518190E+11   3400003E-01  .1184E+02  .2192E+01   .9999999  .0001441  .0000014
T  270 19 .1518147E+11   3400000E-01  .2362E+01 -.5301E+01   .9999999  .0000005  .0000872
T  271 19 .1518295E+11   3400021E-01 -.4944E+01  .1111E+02   .9999999 -.0001059  .0000596
T  272 19 .1518153E+11   3400009E-01  .2599E+02 -.7112E+02   .9999999  .0000876 -.0002629
T  273 19 .1518196E+11   3400018E-01 -.2966E+02 -.1419E+02   .9999999 -.0000678 -.0000378
T  274 19 .1518183E+11   3400004E-01 -.1701E+02 -.1051E+02   .9999999  .0000351  .0001049
T  275 19 .1518340E+11   3400003E-01 -.8296E+01 -.5075E+02   .9999999  .0001544 -.0002037
T  276 19 .1518447E+11   3400018E-01  .5507E+01  .5568E+02   .9999998  .0001198  .0006468
T  277 19 .1518292E+11   3400012E-01 -.3419E+02  .5664E+02   .9999999 -.0001249  .0003347
T  278 19 .1518209E+11   3400021E-01  .3999E+02  .3317E+02   .9999999  .0002612  .0000767
T  279 19 .1518266E+11   3400012E-01 -.1845E+02 -.1627E+02   .9999999 -.0002582 -.0002634
T  280 19 .1518293E+11   3400008E-01 -.3472E+02  .1030E+02   .9999999 -.0002814  .0001598
T  281 19 .1518182E+11   3400016E-01 -.2220E+02 -.1622E+02   .9999999 -.0002338  .0000372
T  282 19 .1518327E+11   3400008E-01  .8180E+00  .1818E+02   .9999999  .0001561  .0000546
T  283 19 .1518159E+11   3400021E-01 -.3480E+01 -.1051E+02   .9999999 -.0000090 -.0000584
T  284 19 .1518272E+11   3400022E-01  .1704E+02 -.7625E+00   .9999999  .0002786  .0000943
T  285 19 .1518530E+11   3400003E-01  .1646E+02 -.1397E+01   .9999999  .0001625  .0000094
T  286 19 .1518172E+11   3400014E-01 -.1713E+02 -.8002E+00   .9999999 -.0001676 -.0001065
T  287 19 .1518225E+11   3400018E-01 -.1815E+02  .2313E+02   .9999999 -.0000602  .0001936
T  288 19 .1518239E+11   3400018E-01 -.2821E+01 -.6964E+00   .9999999  .0001312 -.0002927
T  289 19 .1518234E+11   3400020E-01 -.1623E+02 -.4113E+02   .9999999  .0001043 -.0001689
T  290 19 .1518407E+11   3400013E-01 -.1173E+02  .3075E+02   .9999999 -.0001498  .0002948
T  291 19 .1518363E+11   3400022E-01 -.2869E+02 -.5135E+01   .9999999 -.0002469  .0001455
T  292 19 .1518250E+11   3400023E-01 -.2992E+02 -.2222E+02   .9999999 -.0001976  .0001501
T  293 19 .1518458E+11   3400021E-01 -.7282E+01 -.3195E+02   .9999999 -.0000149 -.0001568
T  294 19 .1518307E+11   3400022E-01 -.3956E+02  .3291E+01   .9999999 -.0003129  .0000388
T  295 19 .1518292E+11   3400009E-01 -.2743E+02 -.4073E+01   .9999999 -.0001616 -.0000537
T  296 19 .1518212E+11   3400020E-01 -.2398E+02  .1486E+02   .9999999 -.0000796  .0000903
T  297 19 .1518229E+11   3400020E-01 -.1279E+02 -.2309E+02   .9999999 -.0001384 -.0000584
T  298 19 .1518110E+11   3400020E-01 -.1152E+02  .1274E+00   .9999999  .0000885 -.0000760
T  299 19 .1518448E+11   3400013E-01  .3544E+02 -.1081E+02   .9999999  .0003057 -.0001307
T  300 19 .1518183E+11   3400020E-01 -.5162E+01 -.2494E+02   .9999999 -.0000128 -.0001632
T  301 19 .1518098E+11   3400015E-01 -.3257E+02  .3575E+02   .9999999 -.0003285  .0001556
T  302 19 .1518289E+11   3400011E-01 -.7677E+01 -.1666E+02   .9999999 -.0001449 -.0001918
T  303 19 .1518302E+11   3400018E-01 -.3911E+02  .1734E+02   .9999999 -.0003840  .0000652
T  304 19 .1518306E+11   3400020E-01 -.2858E+02  .4403E+01   .9999999  .0001613  .0000921
T  305 19 .1518370E+11   3400004E-01  .2400E+02 -.3210E+02   .9999999  .0001895 -.0002329
T  306 19 .1518211E+11   3400007E-01 -.2593E+02 -.7058E+01   .9999999 -.0001906 -.0000873
T  307 19 .1518223E+11   3400012E-01  .6596E+02 -.3853E+01   .9999998  .0006064  .0000632
T  308 19 .1518240E+11   3400009E-01 -.3348E+02  .7187E+01   .9999999 -.0001597  .0000029
T  309 19 .1518212E+11   3400007E-01  .2527E+02 -.3192E+02   .9999998  .0001687 -.0006201
T  310 19 .1518334E+11   3400009E-01  .2153E+02  .4577E+02   .9999999  .0003308  .0002388
T  311 19 .1518223E+11   3400018E-01  .2425E+02 -.1682E+01   .9999999  .0001683  .0000082
T  312 19 .1518310E+11   3400020E-01  .1315E+02  .8777E+00   .9999999  .0001829  .0000510
T  313 19 .1518147E+11   3400020E-01 -.4996E+02  .2568E+01   .9999999 -.0002600  .0001027
T  314 19 .1518109E+11   3400018E-01  .1366E+02 -.2323E+02   .9999999  .0003030 -.0001246
T  315 19 .1518157E+11   3400012E-01  .1521E+02 -.8105E+00   .9999999  .0002360  .0000759
T  316 19 .1518264E+11   3400005E-01  .4218E+02  .4974E+02   .9999999  .0004145  .0002789
T  317 19 .1518220E+11   3400022E-01  .1881E+02  .4497E+02   .9999999  .0000243  .0002086
T  318 19 .1518212E+11   3400001E-01 -.4044E+02  .3361E+02   .9999999 -.0002337  .0002310
T  319 19 .1518399E+11   3400021E-01 -.6593E+02  .2173E+02   .9999999 -.0002731  .0002782
T  320 19 .1518323E+11   3400005E-01 -.4729E+01 -.2924E+02   .9999999 -.0000095  .0000045
T  321 19 .1518235E+11   3400022E-01  .1048E+02 -.5461E+02   .9999999  .0001260 -.0003851
T  322 19 .1518362E+11   3400004E-01  .2580E+00  .2295E+02   .9999999 -.0000492  .0002022
T  323 19 .1518260E+11   3400017E-01  .5335E+01  .8757E+01   .9999999 -.0000104  .0000665
T  324 19 .1518209E+11   3400008E-01  .8613E+01 -.1059E+02   .9999999 -.0001733 -.0000089
T  325 19 .1518219E+11   3400014E-01 -.1651E+02 -.5672E+02   .9999999  .0000085 -.0003559
T  326 19 .1518219E+11   3400010E-01  .4204E+02  .1367E+02   .9999999  .0002275  .0001236
T  327 19 .1517984E+11   3400016E-01  .1825E+02 -.3263E+02   .9999999  .0001912 -.0003126
T  328 19 .1518289E+11   3400017E-01  .2822E+02 -.4351E+02   .9999998  .0003475 -.0005375
T  329 19 .1518273E+11   3400002E-01  .1387E+02  .1619E+02   .9999999 -.0000604  .0000412
T  330 19 .1518346E+11   3400000E-01 -.2053E+02  .3190E+01   .9999999 -.0000735  .0000345
T  331 19 .1518297E+11   3400022E-01 -.1355E+02 -.3234E+02   .9999999 -.0002036 -.0002374
T  332 19 .1518287E+11   3400020E-01  .2907E+02  .2417E+02   .9999999  .0003282 -.0000728
T  333 19 .1518399E+11   3400021E-01 -.2492E+02 -.1770E+02   .9999999 -.0000597 -.0000528
T  334 19 .1518418E+11   3400010E-01 -.3585E+02  .1169E+02   .9999999 -.0004356 -.0000601
T  335 19 .1518375E+11   3400022E-01 -.1269E+00  .3315E+02   .9999999 -.0000667  .0002259
T  336 19 .1518314E+11   3400009E-01  .4842E+02  .1742E+02   .9999998  .0004749  .0002989
T  337 19 .1518155E+11   3400002E-01 -.1049E+02 -.5278E+01   .9999999 -.0001566 -.0000385
T  338 19 .1518331E+11   3400003E-01  .1916E+02  .1016E+02   .9999999  .0001048 -.0000063
T  339 19 .1518191E+11   3400005E-01 -.1578E+02 -.7494E+01   .9999999 -.0001870 -.0001590
T  340 19 .1518246E+11   3400005E-01  .2355E+02  .1666E+02   .9999999  .0000897  .0001746
T  341 19 .1518234E+11   3400011E-01  .1390E+01  .1682E+01   .9999999  .0003909  .0002454
T  342 19 .1518234E+11   3400021E-01 -.4605E+02 -.3130E+01   .9999999 -.0001265 -.0000225
T  343 19 .1518207E+11   3400022E-01 -.6339E+02  .6061E+02   .9999999 -.0003605  .0003794
T  344 19 .1518299E+11   3400022E-01  .4106E+02  .1444E+02   .9999999  .0001416  .0001825
T  345 19 .1518215E+11   3400010E-01 -.4292E+01  .1782E+02   .9999999 -.0000953  .0000668
T  346 19 .1518316E+11   3400001E-01 -.2499E+01 -.2504E+01   .9999999  .0000310 -.0001996
T  347 19 .1518277E+11   3400005E-01  .1368E+02  .1330E+02   .9999999  .0000812 -.0000579
T  348 19 .1518063E+11   3400017E-01  .4269E+01  .3686E+02   .9999999  .0000560  .0001050
T  349 19 .1518134E+11   3400012E-01  .1091E+02 -.2327E+02   .9999998  .0005543 -.0000736
T  350 19 .1518159E+11   3400021E-01 -.4166E+02 -.2242E+01   .9999999 -.0003840  .0002635
T  351 19 .1518502E+11   3400008E-01  .3851E+02  .2344E+02   .9999998  .0004394  .0004946
T  352 19 .1518200E+11   3400014E-01 -.1747E+02  .3383E+02   .9999999 -.0002804  .0001569
T  353 19 .1518214E+11   3400004E-01  .1646E+02 -.5543E+01   .9999999  .0000793 -.0000367
T  354 19 .1518369E+11   3400012E-01 -.1856E+02  .4426E+01   .9999999 -.0002127  .0001249
T  355 19 .1518191E+11   3400001E-01  .2562E+02  .5402E+02   .9999999  .0003720  .0002468
T  356 19 .1518165E+11   3400002E-01 -.5707E+01 -.1399E+02   .9999999 -.0000828  .0001867
T  357 19 .1518188E+11   3400018E-01 -.2127E+02 -.2776E+02   .9999999 -.0000755 -.0002080
T  358 19 .1518341E+11   3400015E-01 -.2805E+02 -.1058E+02   .9999999 -.0003116 -.0000552
T  359 19 .1518084E+11   3400011E-01  .4455E+02 -.6444E+02   .9999998  .0003709 -.0004950
T  360 19 .1518198E+11   3400005E-01 -.3178E+02 -.7812E+01   .9999999 -.0002337 -.0000542
T  361 19 .1518474E+11   3400007E-01  .1377E+01  .5667E+00   .9999999 -.0001406  .0000021
T  362 19 .1518172E+11   3400012E-01  .4075E+02 -.8737E+01   .9999999  .0001931 -.0000286
T  363 19 .1518313E+11   3400020E-01 -.8472E+01 -.1601E+02   .9999999 -.0000008 -.0000605
T  364 19 .1518377E+11   3400020E-01 -.3137E+02 -.3352E+02   .9999999 -.0003158 -.0002159
T  365 19 .1518020E+11   3400005E-01 -.1596E+02  .1352E+02   .9999999 -.0001506  .0000945
T  366 19 .1518396E+11   3400002E-01 -.2480E+02 -.8551E+01   .9999999 -.0001306 -.0000920
T  367 19 .1518179E+11   3400012E-01 -.1417E+02  .2051E+02   .9999999 -.0000599  .0000436
T  368 19 .1518356E+11   3400021E-01  .1008E+02 -.2220E+02   .9999999  .0000595 -.0002017
T  369 19 .1518278E+11   3400020E-01  .8002E+01 -.1405E+02   .9999999  .0000659 -.0002799
T  370 19 .1518278E+11   3400008E-01 -.3666E+01 -.1640E+02   .9999999  .0000494 -.0001673
T  371 19 .1518269E+11   3400004E-01  .2534E+02  .3511E+02   .9999999  .0002203  .0002312
T  372 19 .1518211E+11   3400002E-01 -.1376E+02  .2510E+02   .9999999 -.0001103  .0002475
T  373 19 .1518224E+11   3400010E-01 -.8908E+02  .5145E+02   .9999998 -.0005055  .0003388
T  374 19 .1518178E+11   3400020E-01 -.2757E+02  .4555E+02   .9999999  .0001384  .0003820
T  375 19 .1518344E+11   3400018E-01 -.1160E+02 -.8179E+01   .9999999 -.0001178  .0000052
T  376 19 .1518181E+11   3400022E-01 -.3565E+02  .2429E+02   .9999999 -.0003271  .0000935
T  377 19 .1518210E+11   3400003E-01  .4561E+02  .1758E+02   .9999999  .0003497  .0001555
T  378 19 .1518378E+11   3400019E-01 -.8187E+01  .1157E+02   .9999999 -.0000600  .0001447
T  379 19 .1518326E+11   3400016E-01  .2155E+02 -.6134E+01   .9999999 -.0000371  .0003209
T  380 19 .1518426E+11   3400004E-01 -.3530E+02  .5304E+02   .9999998 -.0004037  .0003712
T  381 19 .1518143E+11   3400019E-01  .1302E+02 -.1630E+02   .9999999  .0000592 -.0001971
T  382 19 .1518072E+11   3400009E-01  .1621E+02  .2513E+02   .9999999 -.0000561  .0002667
T  383 19 .1518290E+11   3400006E-01 -.1162E+02 -.4845E+02   .9999999 -.0000810 -.0003812
T  384 19 .1518391E+11   3400011E-01 -.1704E+02 -.1209E+02   .9999999 -.0001197 -.0000471
T  385 19 .1518379E+11   3400008E-01  .3968E+02  .2991E+02   .9999999 -.0001054 -.0000463
T  386 19 .1518208E+11   3400001E-01 -.1777E+02 -.1032E+02   .9999999  .0000927  .0001755
T  387 19 .1518241E+11   3400006E-01 -.3640E+02 -.1175E+02   .9999999 -.0003026  .0000611
T  388 19 .1518503E+11   3400002E-01  .6668E+01  .6216E+02   .9999998  .0001691  .0005670
T  389 19 .1518150E+11   3400015E-01  .4281E+02  .1048E+02   .9999999  .0003264  .0000976
T  390 19 .1518267E+11   3400021E-01  .8547E+02 -.2296E+02   .9999998  .0006274 -.0002795
T  391 19 .1518501E+11   3400012E-01 -.1891E+01 -.4696E+01   .9999999  .0000172  .0000029
T  392 19 .1518361E+11   3400019E-01  .1014E+02  .4868E+01   .9999999  .0000519 -.0000068
T  393 19 .1518062E+11   3400004E-01  .1793E+02  .1053E+03   .9999999 -.0001346  .0004164
T  394 19 .1518349E+11   3400018E-01 -.7902E+01 -.2550E+02   .9999999 -.0001899 -.0003101
T  395 19 .1518373E+11   3400014E-01 -.1806E+02  .2094E+02   .9999999 -.0001269  .0001467
T  396 19 .1518166E+11   3400021E-01  .3369E+01 -.3498E+01   .9999999 -.0000102  .0000944
T  397 19 .1518353E+11   3400016E-01  .1462E+02  .2365E+02   .9999999  .0000250  .0000031
T  398 19 .1518093E+11   3400021E-01 -.4451E+02  .3276E+01   .9999999 -.0004624  .0000625
T  399 19 .1518229E+11   3400000E-01  .5627E+01 -.2712E+02   .9999999  .0000348 -.0002740
T  400 19 .1518274E+11   3400009E-01  .2248E+02  .6455E+02   .9999999  .0000569  .0004613
T  401 19 .1518151E+11   3400009E-01 -.9363E+01  .6022E+02   .9999999 -.0000229  .0003680
T  402 19 .1518508E+11   3400000E-01  .2680E+01 -.1364E+02   .9999999 -.0000417 -.0001383
T  403 19 .1518282E+11   3400021E-01  .1268E+02 -.1859E+02   .9999999  .0000129  .0000142
T  404 19 .1518184E+11   3400008E-01  .3951E+02  .2684E+02   .9999999  .0002281  .0001976
T  405 19 .1518254E+11   3400006E-01  .1759E+02  .1557E+02   .9999999  .0002600  .0000167
T  406 19 .1518276E+11   3400006E-01 -.3583E+01  .1036E+02   .9999999 -.0001218  .0001402
T  407 19 .1518268E+11   3400022E-01  .4534E+02 -.1100E+02   .9999998  .0005777 -.0000984
T  408 19 .1518310E+11   3400002E-01 -.2444E+02  .1253E+02   .9999999 -.0003779  .0000538
T  409 19 .1518283E+11   3400017E-01  .2406E+02  .2553E+02   .9999999  .0002378 -.0000473
T  410 19 .1518131E+11   3400007E-01  .2762E+02  .2964E+02   .9999999  .0001206  .0001806
T  411 19 .1518223E+11   3400008E-01 -.2617E+01 -.5617E+02   .9999999 -.0001276 -.0004800
T  412 19 .1518466E+11   3400019E-01  .7893E+02  .1644E+02   .9999998  .0005400  .0002453
T  413 19 .1518305E+11   3400002E-01  .3702E+02 -.2761E+02   .9999999  .0001369 -.0001208
T  414 19 .1518346E+11   3400015E-01  .7820E+01 -.4347E+02   .9999999  .0000286 -.0001336
T  415 19 .1518441E+11   3400000E-01  .3090E+02  .1260E+03   .9999998  .0002495  .0006139
T  416 19 .1518436E+11   3400011E-01  .8388E+00 -.1780E+01   .9999999 -.0000737  .0001085
T  417 19 .1518278E+11   3400002E-01 -.3043E+02  .6026E+02   .9999999 -.0001297  .0003675
T  418 19 .1518344E+11   3400009E-01 -.7262E+02  .3171E+02   .9999998 -.0005052  .0003219
T  419 19 .1518268E+11   3400019E-01  .3029E+02 -.3277E+02   .9999999 -.0000482 -.0002886
T  420 19 .1518099E+11   3400014E-01 -.8958E+01  .1717E+02   .9999999 -.0000411  .0001482
T  421 19 .1518399E+11   3400019E-01  .9411E+01 -.3199E+02   .9999999 -.0001607 -.0001946
T  422 19 .1518138E+11   3400017E-01 -.4033E+01 -.1091E+02   .9999999 -.0001296 -.0000980
T  423 19 .1518294E+11   3400014E-01 -.9104E+01 -.7205E+02   .9999999 -.0000795 -.0002842
T  424 19 .1518120E+11   3400002E-01  .1350E+02 -.1940E+00   .9999999 -.0001734 -.0003362
T  425 19 .1518287E+11   3400022E-01  .5110E+02  .7105E+02   .9999998  .0002677  .0005568
T  426 19 .1518193E+11   3400020E-01  .5219E+02 -.1751E+02   .9999999  .0002026 -.0001279
T  427 19 .1518224E+11   3400012E-01  .6399E+01 -.3814E+02   .9999999 -.0001509 -.0002119
T  428 19 .1518344E+11   3400017E-01  .2576E+02  .4011E+02   .9999999  .0002440  .0003124
T  429 19 .1518431E+11   3400004E-01  .3147E+01 -.1459E+02   .9999999  .0000750  .0000700
T  430 19 .1518247E+11   3400022E-01 -.1185E+03  .1356E+02   .9999998 -.0005552 -.0001564
T  431 19 .1518258E+11   3400019E-01 -.2000E+02 -.5280E+02   .9999999 -.0003327 -.0003576
T  432 19 .1518242E+11   3400008E-01  .5016E+02  .3243E+02   .9999999  .0003189  .0001292
T  433 19 .1518261E+11   3400021E-01  .1533E+01  .2099E+02   .9999999  .0000994  .0002302
T  434 19 .1518126E+11   3400014E-01  .1554E+02 -.2909E+02   .9999999 -.0000250 -.0002244
T  435 19 .1518132E+11   3400015E-01 -.1531E+02  .4452E+02   .9999999 -.0000828  .0002215
T  436 19 .1518371E+11   3400006E-01  .1386E+02 -.9486E+01   .9999999  .0002585  .0000372
T  437 19 .1518221E+11   3400008E-01 -.8681E+02 -.8751E+01   .9999998 -.0005601  .0000119
T  438 19 .1518234E+11   3400020E-01  .1097E+02 -.6127E+01   .9999999  .0001872 -.0000887
T  439 19 .1518356E+11   3400023E-01  .3548E+02 -.1782E+02   .9999999 -.0001179 -.0002846
T  440 19 .1518227E+11   3400001E-01 -.1943E+02  .4943E+02   .9999998 -.0002963  .0005252
T  441 19 .1518357E+11   3400002E-01  .1923E+02  .7324E+01   .9999999  .0002181  .0001922
T  442 19 .1518429E+11   3400007E-01  .1474E+02  .8322E+01   .9999999  .0002020  .0000881
T  443 19 .1518119E+11   3400004E-01 -.1184E+02  .2313E+02   .9999999 -.0000803  .0001873
T  444 19 .1518385E+11   3400018E-01  .5940E+02  .2977E+02   .9999999  .0003563  .0002596
T  445 19 .1518186E+11   3400016E-01  .5641E+02  .3604E+01   .9999999  .0003432 -.0000793
T  446 19 .1518357E+11   3400002E-01 -.5111E+02  .2970E+02   .9999999 -.0002385  .0001148
T  447 19 .1518217E+11   3400010E-01 -.5916E+01  .1224E+02   .9999999  .0000089  .0001645
T  448 19 .1518289E+11   3400018E-01  .1875E+02 -.1423E+02   .9999999  .0002321 -.0001815
T  449 19 .1518241E+11   3400011E-01  .8873E+02 -.6127E+02   .9999997  .0006934 -.0004584
T  450 19 .1518206E+11   3400015E-01 -.5484E+01  .3384E+02   .9999999  .0002059  .0003483
T  451 19 .1518300E+11   3400022E-01 -.2860E+02 -.2115E+02   .9999999 -.0001844 -.0000962
T  452 19 .1518373E+11   3400020E-01  .6208E+02 -.4370E+02   .9999998  .0002841 -.0004696
T  453 19 .1518203E+11   3400001E-01  .9068E+01  .1762E+02   .9999999  .0000896  .0000772
T  454 19 .1518333E+11   3400000E-01  .2950E+02  .1957E+02   .9999999  .0001415  .0001180
T  455 19 .1518242E+11   3400014E-01 -.4138E+02 -.2671E+02   .9999999 -.0002386 -.0000903
T  456 19 .1518221E+11   3400016E-01 -.4459E+01  .1335E+02   .9999999  .0000314  .0002372
T  457 19 .1518143E+11   3400014E-01 -.6190E+01 -.5649E+02   .9999999 -.0000783 -.0003452
T  458 19 .1518384E+11   3400012E-01 -.4862E+01 -.1488E+02   .9999999 -.0000341 -.0001017
T  459 19 .1518348E+11   3400007E-01 -.1340E+03 -.9751E+02   .9999995 -.0008469 -.0004604
T  460 19 .1518238E+11   3400008E-01  .1586E+01  .2682E+02   .9999999  .0000845  .0001145
T  461 19 .1518115E+11   3400008E-01 -.3981E+02  .1577E+02   .9999999 -.0003202  .0000951
T  462 19 .1518186E+11   3400010E-01 -.1205E+02  .3281E+02   .9999999  .0000063  .0001612
T  463 19 .1518202E+11   3400009E-01 -.2163E+01 -.4641E+01   .9999999 -.0000012 -.0000945
T  464 19 .1518178E+11   3400010E-01  .4786E+01  .1534E+00   .9999999 -.0000230 -.0000364
T  465 19 .1518187E+11   3400019E-01  .3575E+02 -.4460E+01   .9999999  .0001770  .0000507
T  466 19 .1518202E+11   3400005E-01  .1821E+02  .2447E+02   .9999999  .0002052 -.0000494
T  467 19 .1518145E+11   3400007E-01  .2552E+02  .5513E+02   .9999999  .0000251  .0003012
T  468 19 .1518361E+11   3400021E-01  .4072E+02 -.1810E+02   .9999999  .0002979 -.0002177
T  469 19 .1518495E+11   3400007E-01 -.8440E+01  .2488E+02   .9999999 -.0001857  .0001933
T  470 19 .1518340E+11   3400020E-01 -.1302E+02 -.1154E+02   .9999999 -.0002753 -.0000550
T  471 19 .1518369E+11   3400004E-01  .5205E+02  .3880E+01   .9999999  .0003580 -.0000212
T  472 19 .1518342E+11   3400005E-01 -.2173E+02  .3367E+02   .9999999 -.0000771  .0002812
T  473 19 .1518118E+11   3400022E-01  .2278E+02  .3163E+02   .9999999  .0002114  .0002661
T  474 19 .1518381E+11   3400014E-01 -.1241E+02 -.4202E+02   .9999999 -.0001171 -.0003034
T  475 19 .1518240E+11   3400018E-01  .3322E+02 -.1696E+00   .9999999  .0001959 -.0001036
T  476 19 .1518261E+11   3400020E-01 -.3735E+01  .3539E+02   .9999999 -.0001218  .0001464
T  477 19 .1518363E+11   3400013E-01 -.7453E+02 -.7498E+02   .9999998 -.0005323 -.0004083
T  478 19 .1518116E+11   3400020E-01  .6519E+02  .6562E+02   .9999999  .0004326  .0002783
T  479 19 .1518188E+11   3400021E-01 -.1511E+02 -.1021E+02   .9999999 -.0001035 -.0001377
T  480 19 .1518302E+11   3400021E-01 -.3817E+01 -.2334E+02   .9999999 -.0001718  .0000259
T  481 19 .1518469E+11   3400000E-01  .2141E+02  .3895E+02   .9999999  .0001804  .0000921
T  482 19 .1518096E+11   3400013E-01 -.9518E+01 -.1968E+02   .9999999  .0000857 -.0000146
T  483 19 .1518250E+11   3400006E-01 -.3293E+02  .1320E+02   .9999999 -.0002378 -.0000778
T  484 19 .1518386E+11   3400000E-01  .1200E+03 -.8958E+02   .9999993  .0007658 -.0008695
T  485 19 .1518267E+11   3400003E-01  .4556E+00  .2857E+01   .9999999  .0000107  .0002440
T  486 19 .1518040E+11   3400017E-01 -.1271E+02 -.4967E+02   .9999998  .0000291 -.0006379
T  487 19 .1518398E+11   3400009E-01  .5350E+01  .2772E+02   .9999999  .0000757  .0001713
T  488 19 .1518285E+11   3400009E-01 -.3466E+02  .2909E+02   .9999999 -.0001517  .0001637
T  489 19 .1518226E+11   3400011E-01 -.7040E+01 -.1244E+02   .9999999  .0000325 -.0001125
T  490 19 .1518298E+11   3400021E-01  .2516E+02 -.4368E+02   .9999999  .0001580 -.0003941
T  491 19 .1518187E+11   3400014E-01 -.2410E+02 -.2845E+02   .9999999 -.0002325 -.0002111
T  492 19 .1518261E+11   3400023E-01  .2596E+00 -.2465E+02   .9999999  .0000491 -.0003861
T  493 19 .1518467E+11   3400016E-01 -.1397E+02 -.2309E+02   .9999999 -.0001386 -.0002383
T  494 19 .1518194E+11   3400000E-01 -.5253E+02 -.2864E+02   .9999997 -.0007305  .0001155
T  495 19 .1518228E+11   3400014E-01 -.3249E+00 -.3069E+02   .9999999 -.0000486 -.0001284
T  496 19 .1518382E+11   3400007E-01  .1977E+01  .1143E+02   .9999999 -.0000148 -.0001753
T  497 19 .1518255E+11   3400009E-01  .7133E+01  .1453E+02   .9999999  .0000187  .0000891
T  498 19 .1518168E+11   3400000E-01  .2489E+02  .2071E+01   .9999999  .0002547 -.0001870
T  499 19 .1518213E+11   3400021E-01 -.8426E+01  .3764E+02   .9999999 -.0001157  .0001301
T  500 19 .1518202E+11   3400000E-01 -.4788E+02  .5154E+02   .9999999 -.0001518  .0003101
T  501 19 .1518365E+11   3400001E-01  .6432E+02 -.2893E+01   .9999999  .0005142 -.0000600
T  502 19 .1518466E+11   3400017E-01  .1173E+02  .1422E+02   .9999999  .0000110  .0000939
T  503 19 .1518249E+11   3400009E-01 -.1160E+03  .1230E+02   .9999997 -.0008328  .0000121
T  504 19 .1518209E+11   3400003E-01 -.2753E+02  .2827E+02   .9999999 -.0001018  .0003572
T  505 19 .1518176E+11   3400014E-01 -.3335E+02 -.2922E+02   .9999999 -.0003096 -.0000350
T  506 19 .1518337E+11   3400002E-01 -.7469E+02  .1482E+02   .9999999 -.0003864  .0001769
T  507 19 .1518020E+11   3400010E-01 -.4388E+02  .1900E+02   .9999999 -.0003529  .0001050
T  508 19 .1518162E+11   3400015E-01 -.6917E+01  .6189E+01   .9999999 -.0002835  .0002363
T  509 19 .1518214E+11   3400015E-01  .1422E+02  .1481E+02   .9999999  .0000523  .0001927
T  510 19 .1518286E+11   3400013E-01  .7411E+02  .1625E+02   .9999999  .0003239  .0002736
T  511 19 .1518087E+11   3400017E-01  .1231E+03  .6681E+02   .9999997  .0006774  .0004414
T  512 19 .1518330E+11   3400008E-01 -.6865E+02 -.4768E+01   .9999999 -.0003854 -.0000375
T  513 19 .1518209E+11   3400016E-01 -.2919E+02 -.4945E+01   .9999999 -.0001660  .0001103
T  514 19 .1518214E+11   3400017E-01  .1053E+02 -.1302E+02   .9999999  .0000112 -.0002990
T  515 19 .1518236E+11   3400015E-01  .4765E+02 -.2787E+01   .9999999  .0003217  .0000868
T  516 19 .1518308E+11   3400004E-01  .1791E+02  .3360E+02   .9999999 -.0000844  .0001841
T  517 19 .1518270E+11   3400013E-01  .7303E+01  .1160E+02   .9999999 -.0000123  .0002718
T  518 19 .1518188E+11   3400020E-01 -.7798E+02  .6438E+01   .9999999 -.0004556  .0000550
T  519 19 .1518282E+11   3400008E-01 -.3326E+02 -.5193E+01   .9999999 -.0001444 -.0000984
T  520 19 .1518311E+11   3400013E-01 -.1927E+02 -.2113E+02   .9999999 -.0002325 -.0002395
T  521 19 .1518249E+11   3400008E-01  .3872E+02 -.7340E+01   .9999999  .0004431 -.0000520
T  522 19 .1518181E+11   3400011E-01  .1594E+02 -.8875E+01   .9999999  .0000616  .0001149
T  523 19 .1518339E+11   3400021E-01  .1791E+02  .5537E+02   .9999999  .0002781  .0003358
T  524 19 .1518350E+11   3400016E-01 -.3227E+02 -.2192E+02   .9999999 -.0003049 -.0001953
T  525 19 .1518286E+11   3400016E-01 -.1858E+02 -.2747E+02   .9999999 -.0000701 -.0001064
T  526 19 .1518166E+11   3400003E-01  .1372E+02 -.5636E+02   .9999999  .0001230 -.0003159
T  527 19 .1518238E+11   3400019E-01  .9517E+01 -.2004E+02   .9999999 -.0000664 -.0001345
T  528 19 .1518366E+11   3400010E-01  .9323E+01  .2183E+02   .9999999  .0000933  .0000282
T  529 19 .1518508E+11   3400022E-01  .8172E+01  .6767E+01   .9999999  .0002098 -.0000141
T  530 19 .1518320E+11   3400022E-01 -.3694E+02 -.4423E+02   .9999999 -.0002528 -.0003862
T  531 19 .1518270E+11   3400011E-01 -.8786E+02 -.8218E+02   .9999997 -.0003940 -.0006350
T  532 19 .1518174E+11   3400015E-01  .1391E+01  .1241E+02   .9999999  .0000217 -.0000731
T  533 19 .1518244E+11   3400000E-01 -.6475E+01  .1276E+03   .9999995 -.0001344  .0009556
T  534 19 .1518445E+11   3400001E-01 -.4468E+02 -.1584E+02   .9999999 -.0005205 -.0001119
T  535 19 .1518303E+11   3400020E-01 -.7630E+02 -.4768E+02   .9999998 -.0005160 -.0003338
T  536 19 .1518301E+11   3400004E-01 -.5131E+01 -.1662E+02   .9999999  .0000481 -.0000020
T  537 19 .1518400E+11   3400001E-01 -.4040E+00 -.3047E+02   .9999997 -.0002209 -.0007630
T  538 19 .1518118E+11   3400005E-01 -.4991E+02  .9958E+01   .9999999 -.0001570  .0000487
T  539 19 .1518308E+11   3400009E-01  .2203E+02  .1387E+02   .9999999  .0002210  .0002256
T  540 19 .1518286E+11   3400008E-01 -.3320E+02 -.8137E+01   .9999999 -.0000611  .0000881
T  541 19 .1518290E+11   3400021E-01  .8622E+01  .4515E+01   .9999999  .0000100 -.0001242
T  542 19 .1518496E+11   3400022E-01  .5277E+00  .6615E+02   .9999999 -.0000117  .0002596
T  543 19 .1518203E+11   3400007E-01 -.1336E+02 -.1846E+02   .9999999 -.0000475 -.0001861
T  544 19 .1518188E+11   3400010E-01  .2035E+01 -.5171E+02   .9999995 -.0000964 -.0009563
T  545 19 .1518255E+11   3400017E-01  .7370E+02 -.4328E+02   .9999997  .0006960 -.0002168
T  546 19 .1518224E+11   3400016E-01  .2770E+01  .6091E+02   .9999998  .0002724  .0006227
T  547 19 .1518346E+11   3400017E-01 -.4271E+02 -.7922E+01   .9999999 -.0000836 -.0000365
T  548 19 .1518263E+11   3400012E-01 -.4897E+01  .6382E+02   .9999999  .0000865  .0004046
T  549 19 .1518212E+11   3400022E-01 -.3284E+02  .1642E+02   .9999999 -.0003998  .0001992
T  550 19 .1518233E+11   3400015E-01 -.5487E+02  .2694E+02   .9999999 -.0002759  .0002846
T  551 19 .1518321E+11   3400007E-01 -.3202E+02  .1345E+02   .9999999 -.0001002  .0001324
T  552 19 .1518201E+11   3400022E-01  .7880E+02 -.3118E+02   .9999998  .0005853 -.0001526
T  553 19 .1518248E+11   3400019E-01 -.1529E+02  .1805E+02   .9999999 -.0001642  .0000656
T  554 19 .1518229E+11   3400014E-01  .8088E+02  .7758E+02   .9999998  .0004567  .0004220
T  555 19 .1518125E+11   3400019E-01 -.8825E+01 -.4121E+02   .9999999 -.0001685 -.0001851
T  556 19 .1518166E+11   3400014E-01  .4789E+00 -.4968E+02   .9999999 -.0000355 -.0001497
T  557 19 .1518251E+11   3400012E-01  .8227E+02 -.3818E+01   .9999999  .0004818 -.0000573
T  558 19 .1518386E+11   3400008E-01 -.1917E+01  .3108E+02   .9999999 -.0000656  .0001629
T  559 19 .1518342E+11   3400002E-01  .2539E+02 -.1353E+02   .9999999  .0001793 -.0000675
T  560 19 .1518206E+11   3400016E-01 -.9368E+01 -.6492E+01   .9999999 -.0003211 -.0002102
T  561 19 .1518262E+11   3400014E-01 -.5189E+01  .2418E+02   .9999999 -.0000697  .0003057
T  562 19 .1518246E+11   3400021E-01  .6410E+01  .6346E+02   .9999999 -.0000135  .0003160
T  563 19 .1518285E+11   3400007E-01  .1964E+02  .6671E+01   .9999999  .0000158 -.0000570
T  564 19 .1518254E+11   3400022E-01 -.1418E+02  .1905E+02   .9999999 -.0000724  .0001836
T  565 19 .1518097E+11   3400019E-01 -.6401E+00 -.9917E+01   .9999999  .0000851 -.0002499
T  566 19 .1518534E+11   3400018E-01 -.2246E+02 -.2339E+02   .9999999 -.0001717 -.0002354
T  567 19 .1518285E+11   3400017E-01 -.1391E+02 -.4766E+01   .9999999 -.0000846  .0000362
T  568 19 .1518329E+11   3400003E-01  .1090E+02 -.2743E+01   .9999999  .0000524  .0002648
T  569 19 .1518187E+11   3400010E-01 -.9860E+01  .5804E+02   .9999999  .0000543  .0003704
T  570 19 .1518301E+11   3400002E-01  .4866E+01  .3528E+02   .9999999  .0000062  .0002719
T  571 19 .1518307E+11   3400021E-01 -.1390E+02 -.2749E+02   .9999999 -.0003314 -.0002081
T  572 19 .1518159E+11   3400004E-01  .7651E+01 -.2252E+02   .9999999 -.0000515 -.0000506
T  573 19 .1518227E+11   3400000E-01  .3581E+01  .3740E+02   .9999999  .0000181  .0002505
T  574 19 .1518202E+11   3400019E-01 -.1000E+03  .3765E+02   .9999998 -.0005960  .0002903
T  575 19 .1518504E+11   3400002E-01 -.2249E+00 -.1496E+02   .9999999 -.0000052 -.0002126
T  576 19 .1518401E+11   3400012E-01  .1446E+02  .2281E+02   .9999999  .0002683  .0000674
T  577 19 .1518140E+11   3400021E-01 -.1147E+02 -.3446E+02   .9999999 -.0000861 -.0001858
T  578 19 .1518284E+11   3400015E-01  .9447E+02  .1799E+03   .9999999  .0000767  .0004053
T  579 19 .1518223E+11   3400021E-01  .6633E+01  .3422E+02   .9999999  .0001496  .0001601
T  580 19 .1518403E+11   3400009E-01  .6686E+01 -.8901E+01   .9999999  .0000001  .0000335
T  581 19 .1518236E+11   3400004E-01 -.1234E+02 -.2842E+02   .9999999 -.0001445 -.0001445
T  582 19 .1518232E+11   3400015E-01 -.7607E+01  .3491E+02   .9999999 -.0000966  .0002226
T  583 19 .1518392E+11   3400017E-01  .4030E+02  .1547E+02   .9999999  .0003091  .0001376
T  584 19 .1518376E+11   3400019E-01  .7265E+01 -.6255E+01   .9999999  .0001122 -.0000739
T  585 19 .1518197E+11   3400006E-01 -.2062E+01  .9593E+01   .9999999 -.0001184  .0000882
T  586 19 .1518170E+11   3400014E-01 -.5897E+00  .3229E+01   .9999999 -.0000629  .0001398
T  587 19 .1518291E+11   3400006E-01 -.1145E+01  .2272E+02   .9999999  .0000135  .0001746
T  588 19 .1517977E+11   3400003E-01 -.5292E+02 -.2151E+02   .9999999 -.0002323 -.0001845
T  589 19 .1518300E+11   3400001E-01  .4992E+02 -.2303E+02   .9999999  .0004595 -.0002352
T  590 19 .1518570E+11   3400009E-01 -.5938E+00  .6075E+02   .9999999  .0000120  .0005255
T  591 19 .1518262E+11   3400020E-01  .4281E+01 -.1123E+02   .9999999  .0000451 -.0001493
T  592 19 .1518085E+11   3400000E-01 -.4067E+02 -.1071E+02   .9999999 -.0003188 -.0000803
T  593 19 .1518300E+11   3400003E-01 -.1934E+02  .2349E+02   .9999999 -.0000197  .0001844
T  594 19 .1518256E+11   3400021E-01  .1944E+02 -.1588E+02   .9999999 -.0000161 -.0002249
T  595 19 .1518216E+11   3400000E-01 -.3080E+02 -.1625E+02   .9999999 -.0002581 -.0002306
T  596 19 .1518310E+11   3400004E-01  .3789E+02 -.1668E+02   .9999999  .0001720 -.0001345
T  597 19 .1518220E+11   3400003E-01  .3059E+01  .1128E+02   .9999999 -.0002188  .0000259
T  598 19 .1518422E+11   3400012E-01 -.1724E+02 -.9250E+01   .9999999 -.0000341 -.0000204
T  599 19 .1518302E+11   3400002E-01  .3154E+02  .4092E+02   .9999998  .0003875  .0004198
T  600 19 .1518388E+11   3400010E-01  .2385E+02 -.4048E+01   .9999999  .0000660  .0000184
T  601 19 .1518314E+11   3400005E-01 -.3626E+02  .1335E+02   .9999999 -.0001203 -.0000184
T  602 19 .1518544E+11   3400005E-01 -.3728E+02  .2782E+02   .9999999 -.0001729 -.0000067
T  603 19 .1518465E+11   3400009E-01  .1996E+01  .4173E+01   .9999999 -.0000193 -.0000691
T  604 19 .1518419E+11   3400008E-01 -.4781E+02  .6799E+01   .9999999 -.0003025  .0000886
T  605 19 .1518258E+11   3400018E-01  .2930E+02 -.7662E+01   .9999999  .0004790 -.0000398
T  606 19 .1518347E+11   3400001E-01  .2377E+02 -.9422E+01   .9999999  .0000107  .0000303
T  607 19 .1518339E+11   3400001E-01  .5232E+00  .4456E+01   .9999999 -.0000320  .0000186
T  608 19 .1518423E+11   3400018E-01 -.9689E+01  .1709E+02   .9999999 -.0002068  .0001914
T  609 19 .1518328E+11   3400018E-01 -.5683E+02 -.3922E+02   .9999998 -.0004405 -.0005179
T  610 19 .1518114E+11   3400016E-01  .8570E+01 -.4214E+02   .9999999  .0001608 -.0002662
T  611 19 .1517986E+11   3400019E-01 -.2504E+02 -.2452E+02   .9999998 -.0003555 -.0004188
T  612 19 .1518313E+11   3400018E-01 -.2583E+01 -.1648E+01   .9999999 -.0000642  .0001479
T  613 19 .1518248E+11   3400006E-01 -.4513E+02 -.2541E+02   .9999999 -.0002856 -.0001975
T  614 19 .1518320E+11   3400017E-01 -.1725E+02 -.1570E+02   .9999999 -.0002590 -.0001894
T  615 19 .1518283E+11   3400021E-01  .2462E+01  .2566E+01   .9999999 -.0000476 -.0001011
T  616 19 .1518238E+11   3400021E-01  .1055E+02 -.1403E+02   .9999999  .0000737 -.0001952
T  617 19 .1518082E+11   3400010E-01 -.3781E+02  .3660E+02   .9999999 -.0002210  .0003002
T  618 19 .1518465E+11   3400022E-01 -.3553E+02  .9794E+01   .9999999 -.0002050  .0003153
T  619 19 .1518191E+11   3400008E-01 -.1190E+02 -.9953E+01   .9999999 -.0003007 -.0000111
T  620 19 .1518473E+11   3400021E-01  .2611E+02 -.1321E+02   .9999999  .0001447 -.0001254
T  621 19 .1518201E+11   3400017E-01  .2260E+02 -.1642E+02   .9999999  .0000291 -.0001811
T  622 19 .1518053E+11   3400016E-01  .5302E+01 -.1011E+02   .9999999  .0000745 -.0000033
T  623 19 .1518116E+11   3400002E-01  .1734E+02 -.7073E+00   .9999999 -.0002090  .0000273
T  624 19 .1518226E+11   3400020E-01 -.2810E+02 -.2351E+02   .9999999 -.0004248 -.0000724
T  625 19 .1518441E+11   3400022E-01  .1395E+02 -.4507E+02   .9999999  .0000851 -.0003369
T  626 19 .1518156E+11   3400018E-01 -.5423E+02 -.3108E+02   .9999999 -.0002420 -.0000564
T  627 19 .1518255E+11   3400014E-01  .1310E+02 -.8895E+01   .9999999 -.0000126 -.0001967
T  628 19 .1518265E+11   3400021E-01  .6315E+01 -.4301E+02   .9999999  .0000007 -.0000866
T  629 19 .1518313E+11   3400003E-01  .5846E+01  .1538E+01   .9999999  .0001726 -.0000721
T  630 19 .1518466E+11   3400006E-01 -.5216E+01  .4649E+02   .9999998 -.0000229  .0006429
T  631 19 .1518226E+11   3400013E-01 -.1441E+02 -.1167E+02   .9999999 -.0001686 -.0001594
T  632 19 .1518340E+11   3400018E-01 -.3862E+02  .4261E+02   .9999999 -.0001410  .0001303
T  633 19 .1518251E+11   3400006E-01 -.1980E+02  .3029E+02   .9999999 -.0000864  .0001306
T  634 19 .1518318E+11   3400005E-01 -.9881E+01 -.2297E+02   .9999999 -.0000632 -.0000433
T  635 19 .1518276E+11   3400019E-01  .5552E+02 -.2312E+01   .9999999  .0003037 -.0000965
T  636 19 .1518193E+11   3400007E-01  .2120E+02 -.2210E+02   .9999999  .0001103 -.0001627
T  637 19 .1518418E+11   3400019E-01  .3499E+02 -.4699E+02   .9999999  .0001482 -.0003880
T  638 19 .1518308E+11   3400018E-01 -.2401E+02 -.3017E+02   .9999999 -.0001135 -.0000993
T  639 19 .1518172E+11   3400011E-01 -.3419E+02 -.1486E+02   .9999998 -.0006281 -.0002196
T  640 19 .1518196E+11   3400015E-01 -.1865E+02  .5560E+02   .9999999  .0001408  .0001102
T  641 19 .1518026E+11   3400021E-01 -.1987E+02 -.2332E+02   .9999999 -.0002282 -.0002045
T  642 19 .1518359E+11   3400006E-01 -.2056E+02 -.1110E+03   .9999972 -.0007391 -.0022357
T  643 19 .1518070E+11   3400003E-01  .2669E+02 -.2859E+02   .9999999  .0002797 -.0004285
T  644 19 .1518336E+11   3400016E-01 -.5232E+01  .1350E+02   .9999999 -.0001662  .0000488
T  645 19 .1518441E+11   3400016E-01 -.1173E+02  .1739E+02   .9999999 -.0000099  .0000625
T  646 19 .1518196E+11   3400006E-01 -.3193E+02 -.1616E+02   .9999999 -.0002897 -.0001175
T  647 19 .1518142E+11   3400009E-01 -.3713E+02  .5419E+02   .9999999 -.0002384  .0002916
T  648 19 .1518221E+11   3400009E-01  .5291E+02 -.2239E+01   .9999999  .0003268 -.0000057
T  649 19 .1518331E+11   3400001E-01 -.1952E+02  .2485E+01   .9999999  .0000861  .0000494
T  650 19 .1518405E+11   3400000E-01  .2412E+02 -.3272E+02   .9999999  .0002371 -.0002915
T  651 19 .1518191E+11   3400007E-01 -.9613E+01 -.3191E+02   .9999999 -.0000393 -.0003848
T  652 19 .1518212E+11   3400015E-01 -.1302E+02  .5749E+01   .9999999 -.0000401 -.0000333
T  653 19 .1518538E+11   3400018E-01 -.4249E+02 -.7003E+01   .9999999 -.0002816  .0000471
T  654 19 .1518438E+11   3400022E-01  .1097E+03 -.6617E+02   .9999998  .0006177 -.0002618
T  655 19 .1518322E+11   3400014E-01  .7275E+02 -.2096E+02   .9999999  .0004658 -.0001274
T  656 19 .1518399E+11   3400006E-01 -.3387E+02 -.5566E+00   .9999999 -.0003069  .0000450
T  657 19 .1518424E+11   3400015E-01 -.1227E+02 -.3984E+02   .9999999  .0000192 -.0002630
T  658 19 .1518216E+11   3400010E-01  .1816E+02  .8097E+02   .9999998  .0000238  .0006610
T  659 19 .1518446E+11   3400013E-01  .9656E+01  .4937E+02   .9999997  .0001230  .0007974
T  660 19 .1518146E+11   3400023E-01 -.2327E+02  .2313E+02   .9999999 -.0000344  .0002003
T  661 19 .1518234E+11   3400003E-01  .1589E+02 -.1090E+02   .9999999  .0001705 -.0001477
T  662 19 .1518384E+11   3400005E-01 -.1535E+02  .1352E+02   .9999999  .0000965  .0001667
T  663 19 .1518143E+11   3400014E-01  .2771E+01 -.9598E+01   .9999999  .0001603 -.0001842
T  664 19 .1518354E+11   3400017E-01  .1450E+03 -.8470E+01   .9999997  .0007935  .0000307
T  665 19 .1518093E+11   3400013E-01 -.4664E+02 -.2102E+02   .9999999 -.0002332 -.0000867
T  666 19 .1518377E+11   3400022E-01 -.5915E+00 -.3368E+02   .9999999  .0000202 -.0002019
T  667 19 .1518406E+11   3400001E-01  .3514E+01  .1863E+00   .9999999 -.0000768 -.0000439
T  668 19 .1518346E+11   3400001E-01  .2991E+02 -.3249E+02   .9999999  .0001872 -.0002109
T  669 19 .1518429E+11   3400021E-01 -.3711E+00 -.1533E+01   .9999999  .0000274  .0000508
T  670 19 .1518489E+11   3400000E-01 -.3058E+02 -.1099E+02   .9999999 -.0003514 -.0003211
T  671 19 .1518208E+11   3400013E-01 -.2174E+02  .2439E+02   .9999999 -.0001281 -.0001601
T  672 19 .1518262E+11   3400020E-01 -.2891E+02  .2718E+02   .9999999 -.0001865 -.0000268
T  673 19 .1518258E+11   3400009E-01  .1156E+01 -.2014E+01   .9999999 -.0002094  .0000953
T  674 19 .1518313E+11   3400015E-01  .3047E+02  .2263E+02   .9999999  .0001726  .0001895
T  675 19 .1518350E+11   3400020E-01 -.6997E+01 -.1730E+02   .9999999 -.0000975 -.0000467
T  676 19 .1518122E+11   3400008E-01 -.3189E+02  .7969E+01   .9999999 -.0003772  .0000897
T  677 19 .1518341E+11   3400011E-01  .1442E+02  .1240E+02   .9999999 -.0000191 -.0000309
T  678 19 .1518149E+11   3400021E-01  .2278E+02 -.6145E+01   .9999999 -.0000206 -.0000110
T  679 19 .1518308E+11   3400007E-01 -.2508E+02 -.1491E+02   .9999999 -.0002201 -.0001788
T  680 19 .1518271E+11   3400017E-01 -.2347E+02 -.6623E+00   .9999999 -.0001475 -.0000791
T  681 19 .1518310E+11   3400020E-01 -.1201E+03 -.7943E+02   .9999999 -.0004522 -.0001954
T  682 19 .1518174E+11   3400002E-01  .2948E+02 -.3011E+02   .9999999  .0003020 -.0000860
T  683 19 .1518221E+11   3400011E-01  .7324E+01 -.1607E+02   .9999999 -.0002345 -.0001704
T  684 19 .1518257E+11   3400000E-01  .7227E+01 -.2387E+02   .9999999  .0001590 -.0001005
T  685 19 .1518417E+11   3400015E-01 -.1484E+02 -.7076E+01   .9999999 -.0001207  .0001137
T  686 19 .1518160E+11   3400017E-01  .1745E+01  .1442E+02   .9999999  .0000012  .0000490
T  687 19 .1518323E+11   3400000E-01  .2590E+02  .1875E+02   .9999999  .0000582  .0001867
T  688 19 .1518283E+11   3400003E-01  .5808E+02 -.9084E+01   .9999998  .0005823 -.0001032
T  689 19 .1518349E+11   3400007E-01 -.9577E+01  .1226E+02   .9999999 -.0000932  .0000068
T  690 19 .1518275E+11   3400008E-01  .7507E+01  .3102E+02   .9999999 -.0000052  .0001405
T  691 19 .1518376E+11   3400015E-01 -.8406E+01 -.2768E+02   .9999999  .0000245 -.0002093
T  692 19 .1518236E+11   3400002E-01  .4995E+02 -.9901E+01   .9999999  .0004333 -.0000087
T  693 19 .1518276E+11   3400012E-01  .2059E+01 -.3391E+01   .9999999  .0001612  .0000412
T  694 19 .1517863E+11   3400008E-01  .1434E+02  .3415E+01   .9999999  .0000929 -.0000445
T  695 19 .1518139E+11   3400017E-01  .1840E+02  .6965E+01   .9999999  .0002548  .0001469
T  696 19 .1518232E+11   3400017E-01  .2443E+02  .1366E+02   .9999999  .0003484  .0001698
T  697 19 .1518367E+11   3400013E-01  .4463E+02  .4589E+02   .9999999  .0004232  .0003443
T  698 19 .1518279E+11   3400013E-01 -.5777E+02 -.2314E+01   .9999999 -.0003470  .0000631
T  699 19 .1518198E+11   3400010E-01 -.1062E+02  .1711E+02   .9999999  .0000211  .0000165
T  700 19 .1518285E+11   3400021E-01 -.5612E+02 -.2099E+02   .9999998 -.0005215 -.0003735
T  701 19 .1518197E+11   3400004E-01  .3034E+02  .1557E+00   .9999999  .0001351  .0000910
T  702 19 .1518339E+11   3400015E-01  .3588E+02  .1506E+02   .9999999  .0001853  .0000657
T  703 19 .1518211E+11   3400000E-01  .4542E+01 -.2733E+02   .9999999  .0000744 -.0002217
T  704 19 .1518246E+11   3400003E-01 -.8957E+01 -.2346E+02   .9999999 -.0000811 -.0000043
T  705 19 .1518453E+11   3400003E-01 -.7976E+01 -.6478E+02   .9999999 -.0000315 -.0002891
T  706 19 .1518332E+11   3400020E-01 -.2893E+02  .1325E+02   .9999999 -.0002103 -.0001131
T  707 19 .1518155E+11   3400005E-01 -.2778E+02 -.1947E+02   .9999987  .0011495 -.0011216
T  708 19 .1518236E+11   3400006E-01 -.4728E+02 -.2365E+02   .9999999 -.0002230 -.0002520
T  709 19 .1518221E+11   3400021E-01  .2758E+02 -.1988E+02   .9999999  .0002830 -.0000946
T  710 19 .1518112E+11   3400014E-01 -.2760E+02  .2213E+02   .9999999 -.0002491  .0001667
T  711 19 .1518250E+11   3400008E-01  .1851E+02 -.2497E+02   .9999999  .0000218  .0000489
T  712 19 .1517967E+11   3400012E-01  .2361E+02  .2242E+02   .9999999  .0001610  .0000591
T  713 19 .1518106E+11   3400008E-01  .2741E+02  .2529E+02   .9999999  .0000052  .0000840
T  714 19 .1518171E+11   3400013E-01 -.2473E+02 -.4234E+02   .9999999 -.0001533 -.0001965
T  715 19 .1518487E+11   3400019E-01 -.6034E+01 -.2700E+02   .9999999 -.0002223 -.0001350
T  716 19 .1518453E+11   3400014E-01  .1370E+02  .1427E+02   .9999999  .0000374  .0000902
T  717 19 .1518222E+11   3400022E-01  .2046E+02 -.2509E+02   .9999999  .0001712 -.0001216
T  718 19 .1518397E+11   3400010E-01 -.1920E+02  .2350E+01   .9999999 -.0000668  .0000169
T  719 19 .1518455E+11   3400021E-01 -.3137E+02  .6064E+02   .9999999 -.0001854  .0004071
T  720 19 .1518411E+11   3400015E-01  .2763E+02  .8916E+00   .9999999  .0002197 -.0000146
T  721 19 .1518297E+11   3400001E-01 -.1260E+02 -.1658E+02   .9999999 -.0001854 -.0002767
T  722 19 .1518124E+11   3400003E-01 -.6416E+01  .7059E+02   .9999999  .0001210  .0003579
T  723 19 .1518396E+11   3400017E-01 -.3278E+01  .6008E+01   .9999999  .0000517 -.0000536
T  724 19 .1518401E+11   3400012E-01  .1096E+02  .1056E+02   .9999999 -.0000187  .0000729
T  725 19 .1518281E+11   3400000E-01  .9354E+02 -.6967E+02   .9999999  .0003814 -.0002841
T  726 19 .1518183E+11   3400019E-01 -.3050E+02 -.4917E+01   .9999999 -.0002776 -.0001583
T  727 19 .1518083E+11   3400022E-01 -.1010E+02 -.1392E+02   .9999999 -.0000078 -.0001951
T  728 19 .1518242E+11   3400020E-01  .6036E-01  .4889E+01   .9999999  .0000249 -.0001941
T  729 19 .1518535E+11   3400001E-01  .5000E+02  .9904E+01   .9999999  .0000635  .0000660
T  730 19 .1518113E+11   3400017E-01  .6814E+01  .7884E+02   .9999999  .0002411  .0004324
T  731 19 .1518439E+11   3400008E-01  .2542E+02 -.1986E+01   .9999999  .0000892  .0000749
T  732 19 .1518177E+11   3400021E-01 -.1261E+03 -.1919E+02   .9999993 -.0010563 -.0004907
T  733 19 .1518525E+11   3400016E-01  .4423E+01  .3085E+02   .9999999  .0002296  .0003616
T  734 19 .1518380E+11   3400019E-01 -.2247E+02 -.2508E+02   .9999999 -.0001518 -.0002875
T  735 19 .1518280E+11   3400018E-01 -.8295E+01  .1520E+02   .9999999  .0000117  .0001781
T  736 19 .1518255E+11   3400018E-01 -.2251E+02 -.1462E+02   .9999999 -.0001710 -.0003067
T  737 19 .1518375E+11   3400003E-01 -.9276E+01  .3882E+02   .9999999  .0001216  .0001597
T  738 19 .1518299E+11   3400008E-01 -.6491E+01 -.1501E+02   .9999999 -.0001016 -.0000599
T  739 19 .1518326E+11   3400007E-01 -.5372E+02 -.2966E+02   .9999999 -.0002461 -.0002283
T  740 19 .1518275E+11   3400007E-01 -.3373E+02  .2273E+01   .9999999 -.0002185 -.0001008
T  741 19 .1518349E+11   3400012E-01 -.5955E+01 -.3426E+00   .9999999 -.0001186  .0000581
T  742 19 .1518165E+11   3400005E-01  .1337E+02 -.5566E+01   .9999999 -.0000505  .0000535
T  743 19 .1518348E+11   3400012E-01 -.4302E+02  .1469E+02   .9999999 -.0001463  .0001228
T  744 19 .1518208E+11   3400018E-01 -.4660E+02  .1600E+02   .9999999 -.0002264  .0000687
T  745 19 .1518357E+11   3400021E-01 -.3110E+01  .1852E+02   .9999999  .0000523  .0001573
T  746 19 .1518328E+11   3400016E-01 -.2753E+02 -.9032E+01   .9999999 -.0000048 -.0000821
T  747 19 .1518227E+11   3400010E-01 -.9992E+01 -.1441E+02   .9999999 -.0001225 -.0000769
T  748 19 .1518368E+11   3400014E-01  .1980E+02  .6691E+00   .9999999  .0000885 -.0000093
T  749 19 .1518368E+11   3400014E-01  .7810E+01 -.4706E+02   .9999999  .0001318 -.0003660
T  750 19 .1518259E+11   3400020E-01 -.4802E+02 -.3726E+01   .9999999 -.0002831 -.0000891
T  751 19 .1518345E+11   3400020E-01 -.5024E+01 -.2492E+02   .9999999 -.0001595 -.0001911
T  752 19 .1518368E+11   3400009E-01  .1405E+02  .1669E+02   .9999999 -.0000117  .0001411
T  753 19 .1518421E+11   3400003E-01 -.3222E+02 -.2773E+01   .9999999 -.0002276  .0000696
T  754 19 .1518237E+11   3400011E-01 -.4081E+02  .2750E+01   .9999999 -.0004210  .0000850
T  755 19 .1518287E+11   3400011E-01 -.1247E+02  .2683E+02   .9999999  .0000012  .0002959
T  756 19 .1518231E+11   3400008E-01  .1298E+02  .7059E+02   .9999999  .0001979  .0004447
T  757 19 .1518303E+11   3400002E-01  .2189E+01 -.1922E+02   .9999999 -.0000663 -.0000300
T  758 19 .1518263E+11   3400011E-01  .2727E+02 -.1532E+02   .9999999  .0000706 -.0003579
T  759 19 .1518286E+11   3400019E-01  .2762E+02 -.9006E+01   .9999999  .0002830 -.0001530
T  760 19 .1518458E+11   3400009E-01  .1149E+02  .1377E+02   .9999999 -.0001487  .0000876
T  761 19 .1518469E+11   3400011E-01 -.2151E+02  .6704E+01   .9999999 -.0002469 -.0000583
T  762 19 .1518294E+11   3400000E-01  .4341E+01  .3612E+01   .9999999 -.0001631 -.0000404
T  763 19 .1518288E+11   3400022E-01 -.2629E+02 -.1788E+02   .9999999  .0001064 -.0001214
T  764 19 .1518334E+11   3400008E-01  .1777E+02  .8920E+01   .9999999  .0001287 -.0000079
T  765 19 .1518278E+11   3400021E-01 -.4008E+02  .2746E+02   .9999999 -.0002674  .0003486
T  766 19 .1518412E+11   3400000E-01  .5738E+02  .1002E+01   .9999999  .0004371 -.0000164
T  767 19 .1518271E+11   3400009E-01 -.5995E+02  .2548E+02   .9999998 -.0005497  .0000046
T  768 19 .1518294E+11   3400021E-01  .3788E+02 -.1674E+02   .9999999  .0001553 -.0002281
T  769 19 .1518285E+11   3400022E-01 -.3976E+02  .2210E+02   .9999999 -.0002115  .0001310
T  770 19 .1518140E+11   3400020E-01 -.2000E+02  .8307E+02   .9999999 -.0001175  .0004495
T  771 19 .1518393E+11   3400005E-01 -.8631E+01  .6325E+01   .9999999  .0000333 -.0000071
T  772 19 .1517983E+11   3400019E-01  .3918E+02 -.1484E+02   .9999999  .0001471 -.0000668
T  773 19 .1518147E+11   3400019E-01 -.1252E+02  .9818E+02   .9999998 -.0000552  .0006002
T  774 19 .1518303E+11   3400006E-01  .1805E+02 -.3899E+02   .9999999  .0001586 -.0003138
T  775 19 .1518445E+11   3400000E-01  .1729E+02 -.4036E+01   .9999999  .0002092 -.0000193
T  776 19 .1518273E+11   3400007E-01 -.3280E+01 -.2415E+02   .9999999 -.0001084 -.0001301
T  777 19 .1518282E+11   3400018E-01  .2317E+02  .8453E+01   .9999999 -.0000064  .0000082
T  778 19 .1518183E+11   3400017E-01  .2055E+03  .1324E+03   .9999982  .0016505  .0009687
T  779 19 .1518250E+11   3400011E-01 -.1922E+01  .1005E+02   .9999999  .0000271  .0001712
T  780 19 .1518376E+11   3400008E-01 -.1102E+02 -.1874E+02   .9999999 -.0000726 -.0000556
T  781 19 .1518207E+11   3400004E-01  .2060E+02 -.3991E+02   .9999999  .0000189 -.0003929
T  782 19 .1518227E+11   3400009E-01  .3418E+02  .1367E+02   .9999999  .0001840  .0001474
T  783 19 .1518329E+11   3400021E-01 -.1154E+02 -.4972E+02   .9999999 -.0001391 -.0001252
T  784 19 .1518259E+11   3400018E-01 -.2434E+02 -.3840E+01   .9999999 -.0000053 -.0001119
T  785 19 .1518411E+11   3400009E-01  .9259E+01  .2104E+02   .9999999  .0000997  .0001161
T  786 19 .1518329E+11   3400005E-01  .3869E+00 -.2456E+02   .9999999  .0000351 -.0001252
T  787 19 .1518176E+11   3400018E-01  .4206E+02  .2423E+01   .9999999  .0001199 -.0000215
T  788 19 .1518520E+11   3400018E-01 -.3746E+02 -.5871E+01   .9999999 -.0001768 -.0001032
T  789 19 .1518348E+11   3400008E-01 -.2541E+01 -.4656E+02   .9999999  .0000446 -.0002977
T  790 19 .1518389E+11   3400002E-01 -.1390E+02 -.4142E+01   .9999999 -.0000674  .0000031
T  791 19 .1518351E+11   3400016E-01  .4878E+02  .1458E+03   .9999986  .0007053  .0015434
T  792 19 .1518380E+11   3400022E-01 -.1335E+02 -.1179E+02   .9999999  .0000213 -.0001226
T  793 19 .1518268E+11   3400010E-01  .2460E+02  .9561E+01   .9999999  .0000577  .0000450
T  794 19 .1518260E+11   3400003E-01  .1057E+02  .1690E+02   .9999999  .0000447  .0000186
T  795 19 .1518244E+11   3400015E-01  .8682E+01  .1936E+02   .9999999 -.0000225  .0001237
T  796 19 .1518441E+11   3400022E-01  .8554E+01 -.5525E+01   .9999999 -.0000045 -.0000828
T  797 19 .1518292E+11   3400019E-01  .3378E+02 -.6781E+01   .9999999  .0001931 -.0002741
T  798 19 .1518451E+11   3400020E-01 -.2647E+01 -.4615E+02   .9999999 -.0001527 -.0003317
T  799 19 .1518542E+11   3400013E-01  .2891E+00  .9755E+01   .9999999 -.0001029  .0001388
T  800 19 .1518290E+11   3400012E-01  .1691E+01 -.1918E+03   .9999993  .0000035 -.0012121
T  801 19 .1518092E+11   3400019E-01  .5357E+01  .3127E+02   .9999999 -.0000037  .0002348
T  802 19 .1518392E+11   3400021E-01 -.1930E+02  .2714E+02   .9999999 -.0005173  .0000357
T  803 19 .1518228E+11   3400014E-01  .9723E+02  .1428E+02   .9999999  .0005204  .0001156
T  804 19 .1518280E+11   3400009E-01 -.2833E+02 -.1174E+03   .9999997  .0000217 -.0007165
T  805 19 .1518290E+11   3400023E-01  .4963E+01  .1859E+02   .9999999  .0002775  .0003468
T  806 19 .1518243E+11   3400017E-01 -.5714E+02 -.1307E+02   .9999999 -.0004042 -.0000162
T  807 19 .1518174E+11   3400019E-01  .1649E+02  .1329E+02   .9999999 -.0000528  .0002821
T  808 19 .1518353E+11   3400014E-01  .1191E+00 -.1861E+02   .9999999  .0000840 -.0002631
T  809 19 .1518262E+11   3400013E-01  .5102E+01  .5155E+02   .9999999  .0000626  .0002782
T  810 19 .1518339E+11   3400020E-01  .3928E+01 -.7519E+01   .9999999 -.0002299 -.0002365
T  811 19 .1518265E+11   3400020E-01 -.4495E+02  .3133E+02   .9999999 -.0003487  .0001676
T  812 19 .1518327E+11   3400022E-01 -.1884E+02 -.3130E+02   .9999999 -.0001458 -.0002538
T  813 19 .1518112E+11   3400003E-01 -.1129E+02 -.3085E+02   .9999999 -.0000739  .0000690
T  814 19 .1518227E+11   3400017E-01 -.4623E+01  .3273E+02   .9999998 -.0002989  .0005837
T  815 19 .1518242E+11   3400002E-01 -.3025E+02  .2133E+02   .9999999 -.0003472  .0001190
T  816 19 .1518268E+11   3400017E-01 -.1096E+02  .2633E+01   .9999999 -.0000191  .0000442
T  817 19 .1518428E+11   3400012E-01 -.4077E+02 -.3533E+02   .9999999 -.0002241 -.0001500
T  818 19 .1518204E+11   3400007E-01 -.2962E+02 -.2201E+02   .9999999 -.0002137 -.0002160
T  819 19 .1518198E+11   3400018E-01 -.7590E+01  .9591E+02   .9999997  .0003374  .0006753
T  820 19 .1518235E+11   3400012E-01  .6507E+01  .1174E+02   .9999999  .0001210  .0000273
T  821 19 .1518436E+11   3400016E-01  .1161E+02 -.8198E+01   .9999999  .0001494  .0000111
T  822 19 .1518224E+11   3400019E-01  .1065E+01  .7522E+01   .9999999 -.0000745  .0000634
T  823 19 .1518396E+11   3400005E-01  .2106E+01  .7130E+01   .9999999  .0000032  .0000836
T  824 19 .1518330E+11   3400009E-01 -.2849E+02  .1225E+02   .9999999 -.0002428  .0000238
T  825 19 .1518190E+11   3400009E-01  .3780E+02  .3935E+02   .9999999  .0002000  .0002499
T  826 19 .1518182E+11   3400002E-01 -.1959E+02  .2121E+02   .9999999 -.0003278  .0001350
T  827 19 .1518396E+11   3400020E-01 -.1787E+02 -.2898E+02   .9999999 -.0002295 -.0000465
T  828 19 .1518245E+11   3400000E-01  .3828E+02  .1584E+02   .9999999  .0001997  .0001199
T  829 19 .1518360E+11   3400009E-01 -.2417E+02 -.4482E+02   .9999999  .0000083 -.0002911
T  830 19 .1518105E+11   3400005E-01  .1613E+02 -.4710E+01   .9999999  .0000705 -.0001172
T  831 19 .1518305E+11   3400015E-01  .2973E+01  .4336E+02   .9999999  .0000854  .0003517
T  832 19 .1518397E+11   3400017E-01 -.2825E+02 -.4470E+02   .9999999 -.0000755 -.0002274
T  833 19 .1518309E+11   3400012E-01  .2584E+02 -.1126E+03   .9999999  .0003481 -.0003872
T  834 19 .1518163E+11   3400011E-01  .9163E+01  .7189E+02   .9999999 -.0000845  .0002813
T  835 19 .1518345E+11   3400015E-01  .2163E+03  .3162E+02   .9999996  .0008525  .0001623
T  836 19 .1518298E+11   3400015E-01  .1081E+02 -.2646E+02   .9999999  .0001312 -.0003469
T  837 19 .1518271E+11   3400013E-01 -.2884E+02  .5821E+02   .9999999 -.0001341  .0001612
T  838 19 .1518303E+11   3400022E-01  .5239E+01  .4433E+02   .9999999 -.0003407  .0003859
T  839 19 .1518085E+11   3400022E-01 -.4433E+02  .4329E+02   .9999999 -.0003894  .0002902
T  840 19 .1518123E+11   3400012E-01  .3946E+02  .2189E+02   .9999999  .0002933  .0001842
T  841 19 .1518217E+11   3400010E-01 -.3261E+02 -.6842E+02   .9999999 -.0003245 -.0002772
T  842 19 .1518161E+11   3400023E-01  .9986E+01 -.3826E+02   .9999999 -.0000554 -.0002440
T  843 19 .1518254E+11   3400010E-01 -.1367E+02 -.5160E+02   .9999999 -.0000599 -.0002446
T  844 19 .1518313E+11   3400019E-01  .6571E+01  .2623E+01   .9999999  .0000338  .0000231
T  845 19 .1518232E+11   3400003E-01 -.1346E+02  .4242E+02   .9999999 -.0002488  .0004872
T  846 19 .1518248E+11   3400020E-01 -.1006E+02 -.1073E+02   .9999999 -.0001254 -.0001230
T  847 19 .1518348E+11   3400000E-01  .5416E+02  .5925E+02   .9999999  .0002922  .0001309
T  848 19 .1518276E+11   3400008E-01 -.2636E+02 -.4403E+02   .9999999 -.0001789 -.0004096
T  849 19 .1518235E+11   3400022E-01 -.6091E+01  .1254E+02   .9999999 -.0001919  .0000245
T  850 19 .1518352E+11   3400000E-01 -.4577E+01  .4977E+02   .9999996  .0001495  .0009093
T  851 19 .1518383E+11   3400004E-01 -.1218E+02  .1618E+02   .9999999  .0000207  .0000569
T  852 19 .1518262E+11   3400010E-01  .2700E+02 -.1951E+01   .9999999  .0002104  .0000302
T  853 19 .1518000E+11   3400022E-01  .3697E+02  .5892E+02   .9999999  .0002588  .0003555
T  854 19 .1518055E+11   3400012E-01 -.7461E+02  .2877E+02   .9999999 -.0002083  .0000764
T  855 19 .1518314E+11   3400019E-01  .4383E+02  .3695E+02   .9999999  .0002180  .0002751
T  856 19 .1518238E+11   3400018E-01 -.1067E+02 -.7004E+01   .9999999 -.0001557 -.0001216
T  857 19 .1518590E+11   3400012E-01  .4611E+01  .1168E+02   .9999999  .0001971  .0000920
T  858 19 .1518323E+11   3400018E-01 -.3229E+02  .7521E+02   .9999998 -.0001706  .0006116
T  859 19 .1518261E+11   3400022E-01 -.7903E+02 -.4915E+02   .9999999 -.0003721 -.0002924
T  860 19 .1518224E+11   3400010E-01  .5871E+02 -.1293E+02   .9999999  .0002068 -.0000272
T  861 19 .1518498E+11   3400003E-01  .3032E+02 -.1575E+02   .9999999  .0003608 -.0001834
T  862 19 .1517960E+11   3400004E-01  .1943E+02  .5253E+01   .9999999  .0002170  .0000962
T  863 19 .1518491E+11   3400013E-01  .1076E+02 -.1356E+02   .9999999  .0000763 -.0001661
T  864 19 .1518257E+11   3400016E-01 -.1479E+02 -.5881E+02   .9999999 -.0002599 -.0002312
T  865 19 .1518301E+11   3400002E-01  .2228E+02 -.1062E+02   .9999999 -.0000156 -.0001677
T  866 19 .1518063E+11   3400007E-01  .2671E+02  .1447E+02   .9999999  .0000176  .0001131
T  867 19 .1518174E+11   3400008E-01 -.1254E+02  .2105E+01   .9999999 -.0000659 -.0000201
T  868 19 .1518116E+11   3400012E-01  .1413E+02 -.6882E+01   .9999999  .0000313 -.0001739
T  869 19 .1518314E+11   3400019E-01 -.7846E+01  .8811E+01   .9999999  .0000378  .0001525
T  870 19 .1518359E+11   3400019E-01 -.2722E+02 -.3478E+02   .9999999 -.0002732 -.0003964
T  871 19 .1518231E+11   3400004E-01 -.2648E+02  .4026E+01   .9999999 -.0001512  .0001256
T  872 19 .1518420E+11   3400021E-01  .1540E+02  .7794E+02   .9999998  .0001351  .0005464
T  873 19 .1518133E+11   3400023E-01 -.3157E+00  .3391E+02   .9999999 -.0000404  .0003795
T  874 19 .1518310E+11   3400010E-01  .3439E+02  .2850E+02   .9999999  .0001452  .0001946
T  875 19 .1518293E+11   3400008E-01  .1057E+02 -.1485E+02   .9999999  .0000916 -.0000806
T  876 19 .1518249E+11   3400017E-01 -.1373E+02  .3529E+02   .9999999 -.0000782  .0002150
T  877 19 .1518376E+11   3400004E-01  .2847E+02  .2743E+02   .9999999  .0000804  .0002920
T  878 19 .1518269E+11   3400001E-01 -.1223E+02  .3006E+02   .9999999 -.0000880  .0002997
T  879 19 .1518396E+11   3400002E-01 -.3861E+02  .1031E+02   .9999999 -.0003662  .0000914
T  880 19 .1518118E+11   3400019E-01 -.4015E+02  .4857E+02   .9999998 -.0003944  .0004311
T  881 19 .1518428E+11   3400004E-01  .1203E+02 -.4330E+02   .9999999  .0001938 -.0001661
T  882 19 .1518623E+11   3400022E-01 -.4931E+02 -.3145E+01   .9999999 -.0002594 -.0001166
T  883 19 .1518365E+11   3400017E-01 -.1402E+02  .2240E+02   .9999999 -.0000080  .0002323
T  884 19 .1518242E+11   3400011E-01  .3197E+02  .6726E+01   .9999999  .0003224  .0001300
T  885 19 .1518363E+11   3400005E-01 -.9864E+02 -.9301E+02   .9999998 -.0004952 -.0004887
T  886 19 .1518268E+11   3400013E-01  .1607E+02  .1164E+03   .9999999  .0002419  .0002502
T  887 19 .1518320E+11   3400003E-01 -.9007E+01  .1934E+01   .9999999 -.0000268 -.0000612
T  888 19 .1518062E+11   3400022E-01  .9784E+01 -.8586E+01   .9999999  .0001544  .0000238
T  889 19 .1518304E+11   3400000E-01 -.1322E+00  .2038E+02   .9999999 -.0000308  .0002001
T  890 19 .1518183E+11   3400022E-01  .3748E+02  .1487E+02   .9999999  .0001796 -.0000815
T  891 19 .1518124E+11   3400001E-01 -.1337E+02  .5594E+01   .9999999  .0000026  .0000938
T  892 19 .1518354E+11   3400014E-01 -.2281E+02  .4107E+02   .9999999 -.0003402  .0002492
T  893 19 .1518410E+11   3400015E-01 -.5730E+02  .1742E+01   .9999996 -.0008104 -.0002246
T  894 19 .1518175E+11   3400018E-01 -.2579E+01 -.1389E+02   .9999999 -.0000765  .0000708
T  895 19 .1518294E+11   3400007E-01  .2394E+02 -.3157E+01   .9999999  .0001952  .0000307
T  896 19 .1518097E+11   3400014E-01 -.6542E+02  .2126E+02   .9999999 -.0003010  .0000011
T  897 19 .1518179E+11   3400001E-01 -.1661E+02  .5252E+02   .9999997 -.0000302  .0007115
T  898 19 .1518128E+11   3400021E-01  .3186E+02  .3919E+02   .9999999  .0001017  .0002209
T  899 19 .1518379E+11   3400022E-01 -.2189E+02 -.1090E+02   .9999999  .0001380 -.0001187
T  900 19 .1518228E+11   3400019E-01 -.2891E+02  .1710E+01   .9999999 -.0002240 -.0001597
T  901 19 .1518266E+11   3400022E-01 -.1053E+02 -.2999E+02   .9999999 -.0000917 -.0001364
T  902 19 .1518414E+11   3400000E-01  .2718E+02  .2145E+02   .9999999  .0004134  .0003319
T  903 19 .1518114E+11   3400021E-01  .4524E+02  .8306E+02   .9999999  .0003607  .0002361
T  904 19 .1518309E+11   3400018E-01  .3555E+02  .5095E+02   .9999999  .0002331  .0003173
T  905 19 .1518152E+11   3400015E-01  .2190E+02  .5299E+02   .9999999  .0002295  .0003508
T  906 19 .1518196E+11   3400001E-01  .4348E+02  .4838E+01   .9999999  .0002044 -.0002726
T  907 19 .1518355E+11   3400022E-01 -.4262E+02 -.1082E+02   .9999999 -.0004255 -.0000444
T  908 19 .1518302E+11   3400005E-01  .3230E+01  .3645E-01   .9999999  .0000765  .0001900
T  909 19 .1518130E+11   3400016E-01  .8991E+01  .2987E+02   .9999999  .0000117  .0000648
T  910 19 .1518326E+11   3400016E-01  .5377E+02 -.4104E+01   .9999999  .0003634  .0000007
T  911 19 .1518244E+11   3400015E-01 -.1749E+02  .1169E+02   .9999999 -.0000908  .0000770
T  912 19 .1518319E+11   3400002E-01 -.2707E+02 -.1089E+02   .9999999 -.0001655 -.0001135
T  913 19 .1518382E+11   3400000E-01  .9378E+02 -.1474E+02   .9999999  .0004420 -.0002669
T  914 19 .1518118E+11   3400020E-01 -.5672E+02 -.3968E+02   .9999998 -.0005197 -.0002902
T  915 19 .1518199E+11   3400003E-01 -.2053E+02  .1940E+02   .9999999  .0000768  .0002017
T  916 19 .1518541E+11   3400018E-01  .1265E+01  .8081E+01   .9999999  .0000809  .0000781
T  917 19 .1518391E+11   3400016E-01 -.1797E+02  .2606E+02   .9999999 -.0002370  .0000067
T  918 19 .1518466E+11   3400007E-01  .7906E+01 -.2975E+02   .9999999  .0000881 -.0002959
T  919 19 .1518238E+11   3400010E-01  .6636E+01 -.1100E+02   .9999999  .0001379  .0000976
T  920 19 .1518421E+11   3400015E-01  .2831E+02 -.7307E+00   .9999999  .0001413  .0001127
T  921 19 .1518188E+11   3400012E-01 -.4614E+02 -.8880E+01   .9999999 -.0005244 -.0000524
T  922 19 .1518166E+11   3400005E-01 -.4473E+01 -.2753E+02   .9999999  .0001543 -.0000761
T  923 19 .1518332E+11   3400000E-01  .1573E+01 -.2685E+01   .9999999 -.0001406  .0000444
T  924 19 .1518286E+11   3400019E-01 -.3296E+02  .2961E+02   .9999999 -.0001888  .0000898
T  925 19 .1518302E+11   3400013E-01  .3873E+02  .1467E+02   .9999999  .0003413  .0003477
T  926 19 .1517989E+11   3400001E-01  .3878E+02  .1045E+02   .9999999  .0001975 -.0000383
T  927 19 .1518196E+11   3400014E-01  .1476E+02 -.6622E+01   .9999999  .0000379  .0000992
T  928 19 .1518165E+11   3400006E-01 -.2350E+02 -.2242E+02   .9999999 -.0000848 -.0000795
T  929 19 .1518263E+11   3400005E-01 -.5211E+01 -.3505E+02   .9999999 -.0000280 -.0002954
T  930 19 .1518255E+11   3400017E-01 -.5256E+02  .1418E+02   .9999999 -.0004721 -.0000376
T  931 19 .1518408E+11   3400019E-01  .1858E+02  .1909E+02   .9999999  .0000206 -.0000925
T  932 19 .1518271E+11   3400020E-01 -.2629E+02 -.2689E+02   .9999999 -.0001120 -.0002696
T  933 19 .1518399E+11   3400010E-01  .4308E-01  .3121E+01   .9999999  .0000531  .0001173
T  934 19 .1518400E+11   3400015E-01  .1030E+02  .2122E+02   .9999999  .0000443  .0001993
T  935 19 .1518290E+11   3400001E-01 -.4907E+01 -.3458E+02   .9999999 -.0000433 -.0001920
T  936 19 .1518109E+11   3400007E-01 -.1488E+02  .3655E+02   .9999999  .0000990  .0002061
T  937 19 .1518127E+11   3400005E-01  .5690E+02  .1178E+03   .9999990  .0007616  .0011924
T  938 19 .1518437E+11   3400009E-01  .5393E+02 -.3194E+01   .9999999  .0003476 -.0000503
T  939 19 .1518221E+11   3400002E-01 -.1595E+02  .2461E+02   .9999999 -.0000969  .0001524
T  940 19 .1517984E+11   3400003E-01  .3761E+01 -.1213E+02   .9999999  .0000460 -.0001089
T  941 19 .1518587E+11   3400011E-01  .2389E+02  .2138E+02   .9999999  .0000778  .0000963
T  942 19 .1518014E+11   3400008E-01  .1477E+02 -.4361E+02   .9999999  .0001861 -.0002249
T  943 19 .1518325E+11   3400007E-01 -.3030E+02  .3436E+02   .9999999 -.0002379  .0003745
T  944 19 .1518103E+11   3400023E-01  .1129E+02 -.8571E+01   .9999999  .0001869 -.0002312
T  945 19 .1518161E+11   3400013E-01 -.3178E+02  .9686E+01   .9999999 -.0002354  .0001554
T  946 19 .1518168E+11   3400012E-01  .5186E+01 -.5384E+02   .9999999  .0000629 -.0002818
T  947 19 .1518185E+11   3400022E-01  .7576E+01 -.4280E+02   .9999999  .0000664 -.0001056
T  948 19 .1518191E+11   3400012E-01 -.4616E+01  .1384E+02   .9999999  .0000407  .0000996
T  949 19 .1518292E+11   3400006E-01 -.2158E+02  .7224E+01   .9999999 -.0000983 -.0000486
T  950 19 .1518484E+11   3400023E-01 -.3309E+02 -.1756E+02   .9999999 -.0001664  .0000189
T  951 19 .1518431E+11   3400019E-01 -.2268E+01  .3454E+01   .9999999  .0001738 -.0000756
T  952 19 .1518365E+11   3400017E-01  .3173E+02 -.3753E+01   .9999999 -.0000301 -.0003370
T  953 19 .1518115E+11   3400016E-01  .3524E+00 -.1783E+02   .9999999  .0000161 -.0002535
T  954 19 .1518223E+11   3400007E-01 -.3451E+02  .2607E+02   .9999999 -.0000543  .0002826
T  955 19 .1518230E+11   3400021E-01 -.2179E+01  .7669E+02   .9999999  .0001246  .0003626
T  956 19 .1518339E+11   3400019E-01 -.3843E+02  .4051E+02   .9999999 -.0002602  .0001381
T  957 19 .1518221E+11   3400019E-01 -.3107E+02 -.2835E+02   .9999999  .0000438 -.0002283
T  958 19 .1518075E+11   3400002E-01 -.6068E+02 -.1278E+01   .9999999 -.0003492 -.0000790
T  959 19 .1518214E+11   3400009E-01  .5423E+02 -.1868E+02   .9999999  .0004990 -.0000490
T  960 19 .1518282E+11   3400015E-01  .7441E+01 -.3778E+02   .9999999  .0000400 -.0003403
T  961 19 .1518145E+11   3400016E-01 -.1500E+02  .1028E+02   .9999999 -.0001826 -.0000760
T  962 19 .1518310E+11   3400008E-01  .7441E+00  .1527E+02   .9999999  .0000955  .0000878
T  963 19 .1518129E+11   3400003E-01  .4059E+01  .2206E+02   .9999999  .0000486  .0000441
T  964 19 .1518255E+11   3400004E-01  .4145E+01 -.1339E+01   .9999999  .0001176  .0001101
T  965 19 .1518264E+11   3400012E-01  .1150E+02 -.1466E+02   .9999999 -.0000142 -.0001683
T  966 19 .1518131E+11   3400008E-01 -.8279E+01 -.2621E+01   .9999999 -.0001041 -.0000354
T  967 19 .1518255E+11   3400002E-01 -.1096E+02  .7860E+00   .9999999  .0000107  .0000494
T  968 19 .1518367E+11   3400013E-01  .1877E+02  .2125E+02   .9999999  .0002201  .0001504
T  969 19 .1518276E+11   3400001E-01 -.2568E+02 -.4353E+01   .9999999 -.0001539 -.0000390
T  970 19 .1518357E+11   3400011E-01 -.8218E+02 -.8119E+02   .9999999 -.0003424 -.0002755
T  971 19 .1518205E+11   3400023E-01  .2018E+02  .1148E+02   .9999999  .0000802 -.0000086
T  972 19 .1518416E+11   3400009E-01  .5190E+01  .1818E+02   .9999999  .0001064 -.0000361
T  973 19 .1518395E+11   3400019E-01 -.9380E-01 -.1871E+00   .9999999  .0000254 -.0000096
T  974 19 .1518339E+11   3400012E-01  .5811E+02  .7309E+02   .9999998  .0003593  .0004929
T  975 19 .1518300E+11   3400015E-01  .7095E+00 -.5601E+01   .9999999 -.0000766 -.0000209
T  976 19 .1518237E+11   3400005E-01  .6518E+02 -.1123E+03   .9999998  .0001716 -.0006076
T  977 19 .1518240E+11   3400001E-01  .1059E+02 -.7215E+02   .9999998 -.0000091 -.0005853
T  978 19 .1518205E+11   3400010E-01 -.1598E+02 -.2970E+02   .9999999 -.0001208 -.0002022
T  979 19 .1518287E+11   3400017E-01  .2078E+02  .1634E+02   .9999999  .0002828  .0001761
T  980 19 .1518311E+11   3400016E-01  .3441E+01  .1683E+02   .9999999 -.0001345  .0001157
T  981 19 .1518243E+11   3400008E-01 -.1695E+01 -.2816E+02   .9999999  .0000417 -.0001921
T  982 19 .1518198E+11   3400015E-01  .8029E+02  .3066E+02   .9999998  .0005206  .0002954
T  983 19 .1518298E+11   3400009E-01 -.1217E+02  .2457E+02   .9999999 -.0000898  .0002468
T  984 19 .1518005E+11   3400017E-01  .9665E-01  .3645E+00   .9999999 -.0000512 -.0000301
T  985 19 .1518122E+11   3400022E-01  .5172E+02  .4458E+01   .9999999  .0003503  .0000475
T  986 19 .1518236E+11   3400019E-01  .7964E+01  .3043E+02   .9999999  .0001672  .0002497
T  987 19 .1518335E+11   3400011E-01  .6205E+02 -.2658E+02   .9999999  .0003850 -.0001072
T  988 19 .1518113E+11   3400015E-01 -.1755E+02  .7428E+00   .9999999 -.0000717  .0000980
T  989 19 .1518150E+11   3400015E-01 -.3100E+02  .8133E+01   .9999999 -.0001898  .0000481
T  990 19 .1518134E+11   3400007E-01  .3269E+02  .1444E+01   .9999999  .0002398 -.0000106
T  991 19 .1518252E+11   3400011E-01  .2084E+02  .1028E+02   .9999999  .0001813  .0000716
T  992 19 .1518382E+11   3400003E-01  .1449E+02  .8348E+01   .9999999  .0001288  .0000654
T  993 19 .1518337E+11   3400003E-01 -.9785E+02 -.2767E+02   .9999998 -.0006755 -.0001798
T  994 19 .1518313E+11   3400010E-01  .2528E+02  .2308E+02   .9999999  .0000815  .0003212
T  995 19 .1518363E+11   3400015E-01 -.1542E+01 -.3454E+02   .9999999  .0001381 -.0001989
T  996 19 .1518165E+11   3400017E-01  .5969E+02  .1197E+02   .9999999  .0003347  .0000197
T  997 19 .1518273E+11   3400020E-01  .3148E+02 -.2165E+02   .9999999  .0001839 -.0001135
T  998 19 .1518173E+11   3400020E-01  .1317E+03 -.4837E+02   .9999998  .0005803 -.0002652
T  999 19 .1518290E+11   3400007E-01 -.1280E+02  .4086E+02   .9999999 -.0001288  .0003953
T 1000 19 .1518309E+11   3400015E-01  .1536E+02 -.5092E+01   .9999999  .0001736 -.0000873
T 1001 19 .1518256E+11   3400001E-01 -.2280E+02  .7306E+02   .9999999 -.0002076  .0003090
T 1002 19 .1518496E+11   3400018E-01 -.4480E+02  .3473E+02   .9999999 -.0000960  .0003484
T 1003 19 .1518288E+11   3400020E-01  .9664E+01  .4925E+02   .9999999 -.0003458  .0003499
T 1004 19 .1517983E+11   3400019E-01 -.1964E+01  .2169E+02   .9999999  .0000044  .0002365
T 1005 19 .1518395E+11   3400010E-01 -.1083E+02  .1211E+02   .9999999  .0002000 -.0001575
T 1006 19 .1518073E+11   3400012E-01  .1959E+02  .1460E+02   .9999999  .0000726  .0001511
T 1007 19 .1518152E+11   3400007E-01  .3590E+02 -.1724E+02   .9999999  .0004612 -.0001088
T 1008 19 .1518136E+11   3400022E-01 -.9669E+01  .2277E+02   .9999999 -.0001160  .0002421
T 1009 19 .1518176E+11   3400006E-01  .2558E+02  .6304E+01   .9999999  .0003595 -.0001004
T 1010 19 .1518256E+11   3400002E-01  .2374E+02  .5084E+01   .9999999  .0003064 -.0000482
T 1011 19 .1518260E+11   3400010E-01 -.3931E+00  .1647E+01   .9999999  .0003144 -.0000188
T 1012 19 .1518119E+11   3400017E-01 -.8016E+01  .4417E+02   .9999999  .0001497  .0004275
T 1013 19 .1518417E+11   3400015E-01 -.9905E+01 -.5224E+02   .9999999 -.0000775 -.0002738
T 1014 19 .1518376E+11   3400009E-01 -.2008E+02 -.3512E+02   .9999999  .0000080  .0000089
T 1015 19 .1518479E+11   3400016E-01  .3173E+01 -.2293E+02   .9999999  .0001096 -.0001743
T 1016 19 .1518148E+11   3400009E-01  .8684E+02 -.1178E+03   .9999998  .0004857 -.0003679
T 1017 19 .1518569E+11   3400009E-01 -.6032E+01 -.1774E+01   .9999999  .0000569  .0000265
T 1018 19 .1518349E+11   3400021E-01  .5015E+00 -.2374E+02   .9999999  .0000403 -.0001444
T 1019 19 .1518048E+11   3400014E-01  .1346E+02  .2966E+02   .9999999  .0001460  .0001111
T 1020 19 .1518298E+11   3400023E-01  .2545E+02  .2187E+02   .9999999  .0002324  .0001456
T 1021 19 .1518513E+11   3400021E-01 -.7786E+01 -.5793E+01   .9999999 -.0001982 -.0000897
T 1022 19 .1518352E+11   3400016E-01 -.1024E+02  .1008E+02   .9999999 -.0001060  .0000799
T 1023 19 .1518309E+11   3400020E-01  .1211E+02 -.3369E+02   .9999999  .0001362 -.0001835
T 1024 19 .1518248E+11   3400009E-01 -.1646E+02 -.1041E+02   .9999999 -.0000020 -.0000717
T 1025 19 .1518432E+11   3400023E-01  .5605E+02  .5396E+02   .9999999  .0003423  .0004262
T 1026 19 .1518346E+11   3400002E-01 -.2768E+02 -.5704E+01   .9999999 -.0000429 -.0000317
T 1027 19 .1518208E+11   3400018E-01 -.2514E+02 -.2119E+02   .9999999 -.0000341 -.0001115
T 1028 19 .1518302E+11   3400001E-01  .1431E+01 -.1743E+02   .9999999 -.0000464  .0001198
T 1029 19 .1518183E+11   3400005E-01  .1199E+01 -.5564E+02   .9999998 -.0004828 -.0003863
T 1030 19 .1518421E+11   3400019E-01 -.2636E+02  .2648E+02   .9999999 -.0001515  .0001269
T 1031 19 .1518461E+11   3400006E-01  .4936E+01 -.1355E+02   .9999999  .0003665 -.0001575
T 1032 19 .1518407E+11   3400011E-01 -.1240E+01  .2148E+02   .9999999  .0003846  .0003266
T 1033 19 .1518225E+11   3400021E-01  .1665E+00 -.4849E+01   .9999999 -.0000137 -.0000506
T 1034 19 .1518284E+11   3400001E-01 -.2597E+02  .1099E+02   .9999999 -.0000011 -.0003343
T 1035 19 .1518296E+11   3400016E-01  .7384E+00 -.5241E+01   .9999999  .0000573  .0000035
T 1036 19 .1518235E+11   3400013E-01  .1893E+02 -.3398E+02   .9999999  .0000831  .0000001
T 1037 19 .1518441E+11   3400011E-01 -.3972E+02 -.2149E+02   .9999999 -.0003564 -.0002413
T 1038 19 .1518068E+11   3400021E-01  .5744E+01 -.2163E+01   .9999999  .0002578  .0003349
T 1039 19 .1518343E+11   3400005E-01 -.1038E+03 -.8244E+01   .9999996 -.0008673  .0000841
T 1040 19 .1518048E+11   3400005E-01 -.3509E+02 -.1653E+02   .9999999 -.0002846 -.0000527
T 1041 19 .1518385E+11   3400020E-01  .1222E+02 -.4367E+00   .9999999  .0000861 -.0000118
T 1042 19 .1518139E+11   3400020E-01 -.2437E+02  .4456E+02   .9999999 -.0002158  .0004510
T 1043 19 .1518386E+11   3400007E-01  .3234E+02 -.2342E+02   .9999999  .0003750 -.0000244
T 1044 19 .1518181E+11   3400009E-01 -.2028E+02  .2060E+02   .9999999 -.0000762  .0002127
T 1045 19 .1518402E+11   3400014E-01 -.1066E+03  .1528E+02   .9999998 -.0005943 -.0000229
T 1046 19 .1518281E+11   3400004E-01 -.1718E+02  .2657E+01   .9999999 -.0001127  .0002013
T 1047 19 .1518276E+11   3400013E-01 -.1781E+02 -.3015E+02   .9999999 -.0000972 -.0003150
T 1048 19 .1518257E+11   3400017E-01 -.2018E+02  .1685E+02   .9999999  .0000277  .0000224
T 1049 19 .1518275E+11   3400020E-01  .1475E+01  .2497E+02   .9999999 -.0000365  .0002476
T 1050 19 .1518101E+11   3400020E-01 -.2129E+02 -.2371E+01   .9999999 -.0001014 -.0000154
T 1051 19 .1518094E+11   3400003E-01 -.2480E+02 -.4025E+02   .9999999 -.0001078 -.0002938
T 1052 19 .1518302E+11   3400010E-01 -.1229E+02 -.2421E+02   .9999999 -.0000832 -.0001972
T 1053 19 .1518415E+11   3400006E-01 -.1712E+02  .2538E+02   .9999999 -.0002152  .0002138
T 1054 19 .1518256E+11   3400010E-01  .1666E+02 -.1664E+02   .9999999  .0000172 -.0001391
T 1055 19 .1518211E+11   3400009E-01 -.1554E+02  .3485E+01   .9999999  .0001648  .0000918
T 1056 19 .1518143E+11   3400022E-01 -.3389E+01  .1609E+02   .9999999  .0002249  .0000610
T 1057 19 .1518338E+11   3400004E-01  .9509E+01 -.7069E+01   .9999999  .0000154 -.0000780
T 1058 19 .1518293E+11   3400017E-01 -.8811E+02 -.1108E+03   .9999997 -.0005422 -.0005279
T 1059 19 .1518161E+11   3400020E-01  .1015E+02  .1100E+02   .9999999  .0000488  .0003106
T 1060 19 .1518285E+11   3400020E-01  .1292E+03  .1937E+03   .9999988  .0008808  .0012520
T 1061 19 .1518152E+11   3400007E-01 -.6552E+01  .4834E+02   .9999999  .0000028  .0002888
T 1062 19 .1518417E+11   3400022E-01 -.1268E+02  .6131E+01   .9999999 -.0002649  .0003052
T 1063 19 .1518225E+11   3400011E-01  .1489E+03  .1296E+01   .9999995  .0009708  .0001903
T 1064 19 .1518170E+11   3400007E-01 -.1057E+02  .2218E+01   .9999999  .0000668  .0000567
T 1065 19 .1518155E+11   3400006E-01  .2443E+02 -.8693E+01   .9999999  .0000843  .0000306
T 1066 19 .1517986E+11   3400010E-01  .1217E+02  .2701E+02   .9999999 -.0000735  .0000154
T 1067 19 .1518064E+11   3400012E-01 -.1378E+02 -.3723E+02   .9999999 -.0001234 -.0003729
T 1068 19 .1518249E+11   3400020E-01  .8936E+02 -.5774E+02   .9999999  .0004695 -.0002817
T 1069 19 .1518329E+11   3400017E-01 -.1711E+02 -.2809E+02   .9999999 -.0003160 -.0002937
T 1070 19 .1518361E+11   3400012E-01  .3312E+02 -.1451E+02   .9999999 -.0001943 -.0001768
T 1071 19 .1518497E+11   3400001E-01  .5366E+00  .1893E+01   .9999999  .0000306 -.0000408
T 1072 19 .1518273E+11   3400000E-01  .5455E+02  .4282E+01   .9999998  .0005699 -.0000310
T 1073 19 .1518054E+11   3400022E-01 -.1545E+02 -.2259E+02   .9999999 -.0001976 -.0001824
T 1074 19 .1518204E+11   3400017E-01 -.8638E+02  .1537E+02   .9999998 -.0005581 -.0000399
T 1075 19 .1518159E+11   3400009E-01 -.1514E+02 -.1982E+02   .9999999 -.0000429 -.0001838
T 1076 19 .1518305E+11   3400002E-01 -.2619E+02 -.6160E+01   .9999999 -.0002265 -.0000636
T 1077 19 .1518046E+11   3400003E-01 -.2231E+02  .2961E+02   .9999999 -.0002672  .0002681
T 1078 19 .1518397E+11   3400010E-01  .3905E+02 -.4608E+02   .9999999  .0002194 -.0002033
T 1079 19 .1518164E+11   3400020E-01 -.4308E+01  .1654E+01   .9999999  .0001319  .0000741
T 1080 19 .1518280E+11   3400000E-01 -.6580E+01 -.5242E+02   .9999999  .0000030 -.0002686
T 1081 19 .1518138E+11   3400009E-01 -.4240E+02  .1602E+02   .9999998 -.0006371  .0001070
T 1082 19 .1518460E+11   3400018E-01 -.2105E+02 -.6995E+01   .9999999 -.0000311 -.0001047
T 1083 19 .1518249E+11   3400003E-01  .1076E+02 -.4579E+01   .9999999  .0000039 -.0001247
T 1084 19 .1518366E+11   3400023E-01  .1152E+02 -.2690E+02   .9999999  .0000320 -.0001469
T 1085 19 .1518285E+11   3400008E-01  .8461E+01  .2750E+02   .9999999 -.0000156  .0002144
T 1086 19 .1518208E+11   3400021E-01  .5088E+01  .2640E+02   .9999999  .0000814  .0002841
T 1087 19 .1518323E+11   3400003E-01 -.1528E+02 -.2936E+02   .9999999 -.0000991 -.0001424
T 1088 19 .1518193E+11   3400016E-01 -.1870E+02 -.2300E+02   .9999999 -.0001693 -.0003215
T 1089 19 .1518023E+11   3400018E-01 -.7052E+01  .1185E+01   .9999999 -.0000935 -.0002070
T 1090 19 .1518313E+11   3400015E-01  .5060E+02  .1171E+02   .9999999  .0002876 -.0000899
T 1091 19 .1518114E+11   3400005E-01 -.1226E+02  .1307E+02   .9999999  .0001838  .0001687
T 1092 19 .1518384E+11   3400006E-01 -.5659E+01  .2273E+02   .9999999  .0001315  .0002448
T 1093 19 .1518400E+11   3400005E-01 -.2562E+02  .7555E+02   .9999999 -.0001870  .0002758
T 1094 19 .1518084E+11   3400014E-01  .1066E+02  .2470E+02   .9999999 -.0000147  .0003823
T 1095 19 .1518405E+11   3400009E-01 -.1037E+02 -.2140E+02   .9999999 -.0000798 -.0001079
T 1096 19 .1518158E+11   3400015E-01 -.1760E+02 -.1414E+02   .9999999 -.0000190 -.0000465
T 1097 19 .1518035E+11   3400010E-01 -.1363E+02  .1628E+02   .9999999 -.0000718  .0002460
T 1098 19 .1518101E+11   3400005E-01  .3521E+02 -.3420E+02   .9999999  .0002456 -.0003813
T 1099 19 .1518070E+11   3400003E-01  .2058E+02 -.8557E+01   .9999999 -.0000240 -.0002443
T 1100 19 .1518378E+11   3400001E-01 -.7190E+01  .5995E+02   .9999999  .0001653  .0002615
T 1101 19 .1518261E+11   3400020E-01 -.1798E+03 -.8111E+02   .9999989 -.0012796 -.0006845
T 1102 19 .1518277E+11   3400001E-01 -.2107E+02  .4704E+02   .9999999 -.0003315  .0003365
T 1103 19 .1518208E+11   3400010E-01  .1649E+02 -.2738E+02   .9999999  .0000224 -.0002498
T 1104 19 .1518305E+11   3400015E-01  .7624E+02 -.2460E+00   .9999998  .0005474  .0000484
T 1105 19 .1518344E+11   3400002E-01  .3788E+02 -.3734E+01   .9999999  .0002740  .0000561
T 1106 19 .1518328E+11   3400003E-01 -.6053E+01 -.1852E+02   .9999999  .0001769  .0000331
T 1107 19 .1518311E+11   3400016E-01  .1354E+02 -.9649E+01   .9999999  .0001413 -.0001502
T 1108 19 .1518237E+11   3400005E-01  .4871E+02 -.4604E+02   .9999999  .0003206 -.0002693
T 1109 19 .1518579E+11   3400007E-01  .7269E+01  .3170E+02   .9999999 -.0002536  .0002914
T 1110 19 .1518321E+11   3400014E-01  .9145E+01 -.2093E+02   .9999999  .0000484 -.0001850
T 1111 19 .1518228E+11   3400000E-01 -.7595E+02  .6083E+02   .9999998 -.0003372  .0004886
T 1112 19 .1518070E+11   3400019E-01  .6194E+02 -.3437E+02   .9999999  .0004728 -.0001125
T 1113 19 .1518434E+11   3400007E-01 -.1254E+03  .5511E+02   .9999997 -.0006980  .0003236
T 1114 19 .1518199E+11   3400002E-01  .1951E+02 -.2534E+00   .9999999  .0001469  .0001771
T 1115 19 .1518260E+11   3400018E-01 -.2280E+02  .4241E+02   .9999998 -.0003213  .0005132
T 1116 19 .1518389E+11   3400018E-01  .3331E+02  .2907E+02   .9999999  .0001505  .0001510
T 1117 19 .1518248E+11   3400001E-01  .6052E+02  .7558E+00   .9999999  .0005024 -.0001069
T 1118 19 .1518089E+11   3400009E-01 -.2106E+02 -.4793E+02   .9999999 -.0002090 -.0001860
T 1119 19 .1518136E+11   3400006E-01 -.7918E+01  .1849E+01   .9999999 -.0002167  .0001323
T 1120 19 .1518401E+11   3400009E-01  .2379E+01 -.3835E+02   .9999999 -.0000835 -.0002275
T 1121 19 .1518096E+11   3400017E-01 -.6416E+01 -.2733E+01   .9999999 -.0000391 -.0000064
T 1122 19 .1518206E+11   3400012E-01  .2169E+02 -.2001E+02   .9999999  .0000505 -.0001467
T 1123 19 .1518238E+11   3400011E-01  .2165E+02  .4550E+01   .9999999  .0000323  .0000468
T 1124 19 .1518291E+11   3400019E-01  .4447E+02 -.2472E+02   .9999999  .0003823 -.0001803
T 1125 19 .1518285E+11   3400009E-01  .1663E+02  .3967E+02   .9999999  .0000890  .0004517
T 1126 19 .1518190E+11   3400012E-01 -.2484E+02 -.5553E+02   .9999999 -.0003119 -.0004120
T 1127 19 .1518156E+11   3400021E-01 -.1350E+02 -.2691E+02   .9999999 -.0000331 -.0003623
T 1128 19 .1518261E+11   3400012E-01  .8141E+01  .4461E+02   .9999999 -.0000061  .0003467
T 1129 19 .1518068E+11   3400010E-01 -.3042E+02  .1050E+02   .9999999 -.0001377  .0000331
T 1130 19 .1518285E+11   3400021E-01  .3722E+02  .2959E+01   .9999999  .0002660  .0002624
T 1131 19 .1518272E+11   3400006E-01 -.8515E+01 -.1140E+01   .9999999 -.0000197 -.0000966
T 1132 19 .1518074E+11   3400007E-01  .6224E+00  .2109E+02   .9999999 -.0001075  .0004041
T 1133 19 .1518427E+11   3400017E-01  .8787E+01 -.1698E+02   .9999999  .0000080 -.0002238
T 1134 19 .1518235E+11   3400010E-01 -.1051E+02 -.1974E+02   .9999999 -.0001210 -.0001554
T 1135 19 .1518178E+11   3400018E-01  .4727E+02  .7806E+01   .9999999  .0003830  .0000207
T 1136 19 .1518403E+11   3400001E-01 -.4511E+02 -.2108E+02   .9999999 -.0001506 -.0001556
T 1137 19 .1518215E+11   3400007E-01 -.1325E+02 -.3296E+02   .9999999 -.0000006 -.0002708
T 1138 19 .1518415E+11   3400022E-01  .7900E+01  .3271E+01   .9999999  .0002295 -.0001758
T 1139 19 .1518431E+11   3400020E-01 -.3476E+02 -.1130E+02   .9999999 -.0001721 -.0000824
T 1140 19 .1518169E+11   3400020E-01 -.4000E+02 -.2503E+02   .9999999 -.0001274 -.0001104
T 1141 19 .1518325E+11   3400013E-01  .1305E+02  .4612E+01   .9999999 -.0000489  .0000477
T 1142 19 .1518236E+11   3400008E-01  .3367E+02 -.3015E+02   .9999999  .0002039 -.0002223
T 1143 19 .1518257E+11   3400016E-01 -.1169E+03  .1068E+02   .9999999 -.0004908  .0000833
T 1144 19 .1518154E+11   3400014E-01  .8275E+02 -.3160E+02   .9999980  .0017614 -.0009478
T 1145 19 .1518418E+11   3400016E-01 -.2790E+02  .4165E+01   .9999999 -.0001324  .0001185
T 1146 19 .1518359E+11   3400021E-01 -.3414E+02 -.1648E+02   .9999999 -.0001820 -.0002575
T 1147 19 .1518133E+11   3400022E-01  .1533E+02  .1395E+02   .9999999  .0000577 -.0000348
T 1148 19 .1518480E+11   3400004E-01 -.2622E+02  .4032E+02   .9999999 -.0002089  .0003456
T 1149 19 .1518433E+11   3400015E-01 -.1797E+02 -.9029E+01   .9999999 -.0002158 -.0000438
T 1150 19 .1518143E+11   3400013E-01 -.1962E+02  .3533E+02   .9999999  .0000283  .0003775
T 1151 19 .1518402E+11   3400017E-01 -.1315E+02 -.2356E+02   .9999999  .0000656 -.0002632
T 1152 19 .1518393E+11   3400005E-01  .1760E+02 -.2653E+02   .9999999  .0000587 -.0000058
T 1153 19 .1518336E+11   3400001E-01  .1285E+00  .5464E+02   .9999999 -.0000186  .0004235
T 1154 19 .1518225E+11   3400017E-01  .1310E+02 -.2567E+02   .9999999  .0001524 -.0002145
T 1155 19 .1518062E+11   3400008E-01 -.2218E+02  .6155E+02   .9999999 -.0000346  .0004737
T 1156 19 .1518399E+11   3400018E-01  .5241E+02 -.3551E+02   .9999998  .0004612 -.0004371
T 1157 19 .1518095E+11   3400013E-01 -.4976E+02  .1893E+02   .9999999 -.0000556  .0001637
T 1158 19 .1518264E+11   3400022E-01  .9049E+01 -.4039E+01   .9999999  .0000927 -.0000451
T 1159 19 .1518381E+11   3400016E-01 -.6081E+01  .2824E+02   .9999999 -.0000626  .0001848
T 1160 19 .1518383E+11   3400015E-01  .6311E+01 -.1667E+02   .9999999  .0001378 -.0000790
T 1161 19 .1518288E+11   3400011E-01 -.3271E+02  .1551E+02   .9999999 -.0002148  .0001760
T 1162 19 .1518423E+11   3400001E-01  .3153E+02 -.6875E+02   .9999999  .0001395 -.0003520
T 1163 19 .1518197E+11   3400004E-01 -.3670E+02  .1209E+02   .9999999 -.0001359  .0000951
T 1164 19 .1518243E+11   3400012E-01 -.5899E+01  .9564E+01   .9999999  .0000891  .0000671
T 1165 19 .1518236E+11   3400012E-01  .3192E+02  .2506E+01   .9999999  .0002237  .0000279
T 1166 19 .1518262E+11   3400009E-01  .3557E+02 -.3299E+02   .9999999  .0002539 -.0002053
T 1167 19 .1518315E+11   3400014E-01 -.2069E+02 -.7509E+02   .9999999 -.0000802 -.0004984
T 1168 19 .1518336E+11   3400013E-01 -.3220E+01  .2968E+02   .9999999  .0000078  .0001996
T 1169 19 .1518433E+11   3400015E-01 -.1645E+02  .8735E+02   .9999997 -.0001242  .0007998
T 1170 19 .1518114E+11   3400004E-01 -.2403E+02  .1453E+03   .9999998 -.0002347  .0006635
T 1171 19 .1518246E+11   3400012E-01  .3196E+01  .1381E+02   .9999999  .0000613 -.0000690
T 1172 19 .1518376E+11   3400014E-01 -.1409E+02 -.1992E+02   .9999999 -.0003470 -.0000059
T 1173 19 .1518307E+11   3400006E-01  .7042E+02  .2585E+00   .9999999  .0004229 -.0001336
T 1174 19 .1518204E+11   3400018E-01 -.3090E+02  .4066E+02   .9999999 -.0004340  .0001530
T 1175 19 .1518132E+11   3400000E-01 -.1284E+02  .2771E+02   .9999999  .0000688 -.0000922
T 1176 19 .1518391E+11   3400001E-01 -.5409E+02 -.6071E+02   .9999999 -.0001989 -.0003181
T 1177 19 .1518343E+11   3400002E-01  .6545E+02  .1910E+02   .9999999  .0004211  .0000956
T 1178 19 .1518275E+11   3400022E-01  .2712E+02  .3538E+02   .9999999  .0001649  .0000712
T 1179 19 .1518096E+11   3400005E-01 -.1748E+02  .4599E+02   .9999999 -.0002083  .0003397
T 1180 19 .1518175E+11   3400010E-01  .5283E+02 -.2291E+02   .9999999  .0003490 -.0001221
T 1181 19 .1518344E+11   3400012E-01 -.5869E+02 -.7591E+02   .9999998 -.0003268 -.0005754
T 1182 19 .1518358E+11   3400009E-01 -.2114E+02 -.3594E+02   .9999999 -.0001121 -.0002398
T 1183 19 .1518094E+11   3400000E-01  .8705E+01  .9978E+01   .9999999  .0001274  .0001033
T 1184 19 .1518440E+11   3400000E-01  .3431E+02  .2507E+02   .9999999  .0002276  .0003622
T 1185 19 .1518166E+11   3400004E-01 -.1644E+02  .2256E+02   .9999999 -.0000762  .0000273
T 1186 19 .1518398E+11   3400005E-01  .1358E+02  .1767E+02   .9999999  .0000937  .0000534
T 1187 19 .1518417E+11   3400017E-01 -.2824E+02 -.6925E+01   .9999999 -.0002272  .0000376
T 1188 19 .1518222E+11   3400018E-01 -.7610E+01 -.2350E+02   .9999999 -.0002296 -.0001529
T 1189 19 .1518431E+11   3400017E-01 -.2176E+02  .2263E+02   .9999999 -.0000988  .0001678
T 1190 19 .1518205E+11   3400015E-01  .3146E+02 -.3680E+01   .9999999  .0001258  .0000938
T 1191 19 .1518325E+11   3400016E-01  .1458E+02 -.2960E+02   .9999999  .0001068 -.0001617
T 1192 19 .1518212E+11   3400001E-01 -.2123E+02  .6145E+01   .9999999 -.0001443 -.0000100
T 1193 19 .1518426E+11   3400010E-01 -.2273E+01 -.6297E+01   .9999999 -.0000024  .0001604
T 1194 19 .1518262E+11   3400009E-01  .1055E+02  .1457E+02   .9999999  .0000694  .0000545
T 1195 19 .1518390E+11   3400022E-01  .5889E+01 -.3730E+02   .9999999 -.0000956 -.0002652
T 1196 19 .1518184E+11   3400018E-01  .1962E+02 -.5645E+01   .9999999  .0001139 -.0001540
T 1197 19 .1518470E+11   3400015E-01  .1724E+02 -.1794E+01   .9999999  .0001500  .0001162
T 1198 19 .1518064E+11   3400012E-01  .2385E+01  .8805E+01   .9999999  .0001932  .0001360
T 1199 19 .1518030E+11   3400016E-01  .8878E-02 -.1441E+02   .9999999 -.0000369 -.0000385
T 1200 19 .1518232E+11   3400001E-01 -.2367E+02 -.6481E+02   .9999999 -.0000667 -.0002706
T 1201 19 .1518458E+11   3400003E-01  .4553E+01  .2439E+02   .9999999  .0001113  .0003099
T 1202 19 .1518350E+11   3400021E-01  .3448E+02 -.1203E+01   .9999999  .0001101 -.0000683
T 1203 19 .1518281E+11   3400021E-01  .1234E+02 -.4114E+01   .9999999  .0002407 -.0002406
T 1204 19 .1518161E+11   3400013E-01  .1582E+02 -.6266E+02   .9999999  .0001419 -.0000742
T 1205 19 .1518475E+11   3400001E-01 -.1011E+01 -.7957E+01   .9999999 -.0001290 -.0001001
T 1206 19 .1518212E+11   3400018E-01 -.4862E+02  .2226E+02   .9999999 -.0001136  .0000699
T 1207 19 .1518608E+11   3400017E-01 -.2087E+02  .2622E+02   .9999999 -.0000651  .0002431
T 1208 19 .1518032E+11   3400010E-01 -.1651E+02  .8681E+01   .9999999  .0000808  .0001239
T 1209 19 .1518266E+11   3400018E-01 -.5907E+02  .2230E+02   .9999998 -.0005025  .0003625
T 1210 19 .1518343E+11   3400004E-01 -.2019E+02  .9073E+01   .9999999 -.0000978 -.0000097
T 1211 19 .1518242E+11   3400019E-01 -.6036E+02 -.3494E+02   .9999999 -.0004439 -.0001892
T 1212 19 .1518175E+11   3400014E-01 -.2856E+01 -.3183E+02   .9999999  .0000615 -.0002893
T 1213 19 .1518321E+11   3400015E-01  .4211E+02 -.3518E+02   .9999999  .0001268 -.0000920
T 1214 19 .1518248E+11   3400020E-01 -.2881E+02  .8198E+02   .9999999 -.0001253  .0004592
T 1215 19 .1518270E+11   3400006E-01 -.2536E+02  .2700E+02   .9999999 -.0002050  .0002704
T 1216 19 .1518148E+11   3400009E-01 -.3002E+02 -.1443E+01   .9999999 -.0002723  .0000036
T 1217 19 .1518339E+11   3400008E-01  .1330E+02  .1719E+02   .9999999  .0000917  .0000830
T 1218 19 .1518302E+11   3400012E-01 -.8543E+01 -.5203E+02   .9999999 -.0001173 -.0004890
T 1219 19 .1518192E+11   3400003E-01  .7391E+01  .9162E+01   .9999999  .0000320 -.0000691
T 1220 19 .1518282E+11   3400002E-01  .9754E+01 -.5328E+01   .9999999 -.0000461 -.0000826
T 1221 19 .1518245E+11   3400017E-01 -.5696E+01 -.2987E+02   .9999999  .0000987 -.0001726
T 1222 19 .1518167E+11   3400013E-01 -.4696E+01 -.1009E+03   .9999999 -.0001741 -.0004920
T 1223 19 .1518389E+11   3400008E-01 -.9058E+01 -.1714E+02   .9999999 -.0000537  .0000273
T 1224 19 .1518120E+11   3400020E-01 -.2886E+02 -.2315E+02   .9999999 -.0003425 -.0001890
T 1225 19 .1518166E+11   3400017E-01  .5939E+02 -.5234E+02   .9999999  .0004607 -.0002330
T 1226 19 .1518231E+11   3400018E-01 -.2473E+02  .4897E+02   .9999999 -.0001290  .0003361
T 1227 19 .1518322E+11   3400008E-01  .2729E+02  .2502E+02   .9999999  .0003446  .0002354
T 1228 19 .1518402E+11   3400021E-01 -.2845E+02 -.6369E+02   .9999999 -.0002232 -.0004778
T 1229 19 .1518480E+11   3400012E-01  .4114E+02  .1552E+01   .9999999  .0001820  .0001134
T 1230 19 .1518208E+11   3400006E-01  .2729E+02 -.1005E+02   .9999999  .0000464  .0000377
T 1231 19 .1518355E+11   3400021E-01  .7403E+02 -.3831E+02   .9999999  .0002223 -.0001710
T 1232 19 .1518223E+11   3400016E-01  .3367E+02  .3116E+01   .9999999  .0003814  .0002093
T 1233 19 .1518306E+11   3400017E-01  .2936E+02  .2207E+02   .9999999  .0002819  .0001494
T 1234 19 .1518248E+11   3400020E-01 -.4420E+02  .1880E+02   .9999999 -.0001763  .0001596
T 1235 19 .1518373E+11   3400022E-01  .4797E+01  .7305E+01   .9999999 -.0000402 -.0001356
T 1236 19 .1518065E+11   3400022E-01 -.8215E+01 -.1148E+02   .9999999 -.0001549 -.0001667
T 1237 19 .1518353E+11   3400014E-01  .1395E+02  .2783E+02   .9999999  .0001113  .0001199
T 1238 19 .1518269E+11   3400019E-01  .1447E+01 -.2133E+02   .9999999 -.0002620 -.0000744
T 1239 19 .1518314E+11   3400005E-01 -.2946E+02  .1320E+02   .9999999 -.0001163  .0000343
T 1240 19 .1518080E+11   3400007E-01 -.3727E+01 -.1983E+02   .9999999  .0000115  .0000133
T 1241 19 .1518366E+11   3400020E-01  .4480E+02  .2611E+02   .9999999  .0002365 -.0000577
T 1242 19 .1518274E+11   3400001E-01  .3639E+01 -.7116E+01   .9999999 -.0000097 -.0000339
T 1243 19 .1518483E+11   3400017E-01 -.2765E+02 -.2710E+02   .9999999 -.0002184 -.0003107
T 1244 19 .1518331E+11   3400017E-01 -.8941E+01 -.7647E+01   .9999999  .0000764 -.0000393
T 1245 19 .1518352E+11   3400016E-01 -.2841E+02  .2509E+02   .9999998 -.0004785  .0002732
T 1246 19 .1518130E+11   3400003E-01  .3066E+02  .2372E+02   .9999999  .0001472 -.0000313
T 1247 19 .1518359E+11   3400017E-01  .1441E+02  .5180E+01   .9999999  .0001203 -.0000243
T 1248 19 .1518262E+11   3400017E-01 -.2972E+02  .1549E+02   .9999999 -.0001806  .0002061
T 1249 19 .1518209E+11   3400002E-01 -.1448E+02  .1362E+02   .9999999 -.0002182 -.0001469
T 1250 19 .1518209E+11   3400023E-01 -.1370E+02 -.8333E+01   .9999999 -.0001126 -.0001127
T 1251 19 .1518443E+11   3400019E-01  .5016E+01 -.2810E+02   .9999999 -.0000102 -.0002505
T 1252 19 .1518162E+11   3400003E-01  .3778E+02 -.2344E+02   .9999999  .0000520  .0000754
T 1253 19 .1518168E+11   3400018E-01  .1841E+01 -.7824E+01   .9999999 -.0001453 -.0002356
T 1254 19 .1518205E+11   3400012E-01 -.1547E+02 -.8628E+01   .9999999 -.0001423  .0000112
T 1255 19 .1518177E+11   3400012E-01 -.1926E+02 -.7988E+01   .9999999 -.0001932 -.0003073
T 1256 19 .1518251E+11   3400022E-01 -.7900E+00  .1288E+02   .9999999  .0001742  .0000569
T 1257 19 .1518230E+11   3400015E-01 -.7610E+01  .2415E+02   .9999999  .0001167  .0001644
T 1258 19 .1518352E+11   3400007E-01  .3651E+02 -.9323E+02   .9999997  .0002400 -.0007535
T 1259 19 .1518245E+11   3400021E-01  .3164E+01  .1469E+02   .9999999  .0000038  .0001999
T 1260 19 .1518244E+11   3400001E-01 -.3335E+01  .8321E+01   .9999999  .0000039  .0000906
T 1261 19 .1518544E+11   3400012E-01  .3415E+01 -.1717E+02   .9999999 -.0000131 -.0002047
T 1262 19 .1518281E+11   3400002E-01  .6795E+01 -.1562E+02   .9999999  .0000314 -.0001317
T 1263 19 .1518353E+11   3400019E-01  .1326E+02  .4540E+01   .9999999 -.0000179  .0001396
T 1264 19 .1518451E+11   3400000E-01  .2899E+02  .4317E+01   .9999999  .0003110 -.0000360
T 1265 19 .1518146E+11   3400012E-01 -.8583E+01 -.4455E+01   .9999999 -.0000286  .0000589
T 1266 19 .1518215E+11   3400007E-01  .2214E+02 -.9130E+01   .9999999  .0001811  .0000019
T 1267 19 .1518429E+11   3400004E-01  .9958E+01 -.1737E+02   .9999999  .0002079 -.0002323
T 1268 19 .1518078E+11   3400004E-01 -.1010E+02 -.5701E+02   .9999999 -.0001005 -.0004203
T 1269 19 .1518299E+11   3400012E-01  .1729E+02 -.9619E+01   .9999999  .0000864 -.0003671
T 1270 19 .1518246E+11   3400001E-01 -.3761E+01  .2578E+02   .9999999  .0000172  .0002385
T 1271 19 .1518123E+11   3400012E-01  .3692E+02  .2185E+02   .9999998  .0003121  .0005332
T 1272 19 .1518295E+11   3400007E-01  .1455E+02  .7928E+02   .9999999  .0001075  .0004591
T 1273 19 .1518227E+11   3400010E-01 -.8198E+01 -.2262E+02   .9999999  .0001438 -.0003099
T 1274 19 .1518379E+11   3400018E-01  .1033E+02 -.2119E+02   .9999999  .0000805 -.0002061
T 1275 19 .1518292E+11   3400006E-01  .6982E+01 -.1942E+03   .9999990 -.0000145 -.0014339
T 1276 19 .1518193E+11   3400009E-01 -.3538E+02  .1023E+02   .9999999 -.0002252  .0000598
T 1277 19 .1518240E+11   3400012E-01  .1315E+02  .5462E+01   .9999999  .0000182  .0000260
T 1278 19 .1518029E+11   3400017E-01  .2208E+02  .9232E+01   .9999999  .0003009  .0000315
T 1279 19 .1518207E+11   3400011E-01  .4076E+01  .3172E+01   .9999999 -.0000275  .0000630
T 1280 19 .1518257E+11   3400007E-01 -.2367E+01  .2776E+02   .9999999 -.0000162  .0002323
T 1281 19 .1518248E+11   3400019E-01 -.1156E+02 -.2711E+02   .9999999  .0001367 -.0001297
T 1282 19 .1518337E+11   3400003E-01 -.5298E+02 -.1780E+02   .9999996 -.0007072 -.0005049
T 1283 19 .1518226E+11   3400021E-01  .7152E+02  .4502E+02   .9999999  .0003793  .0001383
T 1284 19 .1518254E+11   3400017E-01 -.1221E+02 -.1818E+02   .9999999 -.0001982  .0000556
T 1285 19 .1518344E+11   3400015E-01 -.2422E+02 -.1927E+02   .9999999 -.0003136  .0000061
T 1286 19 .1518483E+11   3400019E-01  .1940E+02  .1627E+02   .9999999  .0002418  .0000497
T 1287 19 .1518095E+11   3400019E-01  .1730E+02  .3548E+01   .9999999  .0000885  .0001312
T 1288 19 .1518300E+11   3400006E-01 -.7789E+02 -.2571E+02   .9999998 -.0005590 -.0003293
T 1289 19 .1518214E+11   3400021E-01  .7400E-01  .5625E+02   .9999999  .0000678  .0002185
T 1290 19 .1518273E+11   3400021E-01  .3856E+02  .2730E+02   .9999999  .0001655  .0005037
T 1291 19 .1518214E+11   3400014E-01  .9647E+01 -.2681E+02   .9999999 -.0000406 -.0002513
T 1292 19 .1518228E+11   3400004E-01  .2824E+02 -.1300E+02   .9999999  .0003049 -.0000185
T 1293 19 .1518266E+11   3400001E-01  .5627E+02  .5008E+02   .9999999  .0003744  .0000952
T 1294 19 .1518386E+11   3400003E-01  .5767E+00 -.2904E+02   .9999999  .0001074 -.0002571
T 1295 19 .1518385E+11   3400021E-01  .3915E+02  .1479E+02   .9999999  .0003089  .0000149
T 1296 19 .1518292E+11   3400013E-01 -.1620E+02  .5008E+02   .9999999 -.0000122  .0004877
T 1297 19 .1518387E+11   3400022E-01 -.5425E+01 -.2719E+02   .9999999  .0001070  .0000585
T 1298 19 .1518205E+11   3400010E-01 -.2169E+02  .2868E+02   .9999999 -.0002495  .0002330
T 1299 19 .1518082E+11   3400021E-01  .7072E+01 -.1716E+02   .9999999  .0001536 -.0002021
T 1300 19 .1518273E+11   3400016E-01  .5792E+02 -.1922E+02   .9999999  .0003948 -.0001950
T 1301 19 .1518389E+11   3400017E-01  .1129E+02 -.1091E+02   .9999999  .0000019 -.0002065
T 1302 19 .1518410E+11   3400016E-01  .7616E+01 -.3979E+02   .9999999 -.0000191 -.0001828
T 1303 19 .1518425E+11   3400007E-01  .5167E+02  .5847E+02   .9999999  .0002999  .0003363
T 1304 19 .1518130E+11   3400012E-01  .5814E+01  .5065E+02   .9999999 -.0001105  .0004016
T 1305 19 .1518165E+11   3400019E-01  .4237E+01  .2069E+00   .9999999  .0000952  .0000425
T 1306 19 .1518059E+11   3400008E-01  .5273E+01 -.1166E+02   .9999999  .0001696 -.0000227
T 1307 19 .1518195E+11   3400021E-01 -.3537E+02  .2202E+01   .9999999 -.0001236 -.0000154
T 1308 19 .1518115E+11   3400007E-01  .2084E+02  .4597E+02   .9999999  .0002179  .0004366
T 1309 19 .1518417E+11   3400003E-01 -.2289E+01  .1101E+02   .9999999 -.0000548  .0001002
T 1310 19 .1518204E+11   3400004E-01 -.2982E+01 -.1054E+02   .9999999 -.0000448 -.0000226
T 1311 19 .1518172E+11   3400003E-01  .1832E+02 -.5524E+01   .9999999  .0000971 -.0000770
T 1312 19 .1518280E+11   3400006E-01  .1175E+02 -.1445E+02   .9999999  .0000544 -.0001742
T 1313 19 .1518360E+11   3400014E-01  .6815E+02 -.1408E+02   .9999998  .0005463  .0001569
T 1314 19 .1518091E+11   3400019E-01 -.2303E+02 -.2322E+02   .9999999 -.0003064 -.0000659
T 1315 19 .1518368E+11   3400012E-01 -.4337E+02 -.8324E+01   .9999999 -.0003205  .0000017
T 1316 19 .1518364E+11   3400018E-01  .2582E+02  .6720E+01   .9999999  .0002261  .0001291
T 1317 19 .1518217E+11   3400013E-01  .1729E+02 -.5200E+02   .9999999  .0001681 -.0004122
T 1318 19 .1518290E+11   3400017E-01  .3517E+02  .1641E+01   .9999999  .0000673  .0000735
T 1319 19 .1518514E+11   3400007E-01 -.1884E+02  .3371E+01   .9999999  .0000442 -.0000660
T 1320 19 .1518182E+11   3400017E-01  .9915E+02 -.1230E+02   .9999999  .0004490 -.0000733
T 1321 19 .1518210E+11   3400013E-01  .6552E+01 -.2346E+02   .9999999 -.0001236 -.0000909
T 1322 19 .1518316E+11   3400022E-01  .1543E+02  .2298E+02   .9999999  .0000311  .0003288
T 1323 19 .1518324E+11   3400020E-01  .1492E+02  .5082E+02   .9999999  .0001120  .0004675
T 1324 19 .1518197E+11   3400004E-01 -.8826E+01  .8547E+01   .9999999  .0000461 -.0000260
T 1325 19 .1518315E+11   3400019E-01 -.1233E+02  .1989E+02   .9999999 -.0000089  .0001193
T 1326 19 .1518372E+11   3400012E-01 -.3151E+02  .5010E+02   .9999999 -.0000940  .0003474
T 1327 19 .1518251E+11   3400001E-01 -.7719E+01 -.6566E+01   .9999999 -.0000534  .0000116
T 1328 19 .1518399E+11   3400018E-01  .9401E-01  .9538E+01   .9999999  .0001811  .0000166
T 1329 19 .1518356E+11   3400008E-01 -.5744E+01 -.9256E+00   .9999999 -.0000484  .0000044
T 1330 19 .1518073E+11   3400008E-01  .1698E+02 -.1380E+02   .9999999 -.0000490  .0000758
T 1331 19 .1518509E+11   3400014E-01 -.3610E+02  .6550E+01   .9999999 -.0000059 -.0000982
T 1332 19 .1518248E+11   3400005E-01  .7818E+01  .2407E+02   .9999999  .0001326  .0002880
T 1333 19 .1518319E+11   3400005E-01  .1301E+02  .5068E+02   .9999999  .0001469  .0001962
T 1334 19 .1518177E+11   3400010E-01 -.1494E+02  .2018E+02   .9999999 -.0001421  .0002177
T 1335 19 .1518248E+11   3400020E-01 -.4012E+02  .8804E+01   .9999999 -.0001468  .0002295
T 1336 19 .1518199E+11   3400019E-01  .4519E+02 -.5673E+02   .9999999  .0002074 -.0002529
T 1337 19 .1518297E+11   3400004E-01  .2730E+02 -.3206E+02   .9999999  .0001179 -.0002264
T 1338 19 .1518297E+11   3400016E-01  .2197E+02  .1459E+02   .9999999  .0002315  .0000615
T 1339 19 .1518131E+11   3400008E-01 -.3398E+03 -.2610E+03   .9999970 -.0019112 -.0015484
T 1340 19 .1518264E+11   3400020E-01  .5458E+02 -.1640E+02   .9999999  .0000006  .0005273
T 1341 19 .1518350E+11   3400010E-01  .3541E+02  .4383E+02   .9999998  .0004321  .0003436
T 1342 19 .1518221E+11   3400000E-01  .3032E+01  .4640E+01   .9999999 -.0001843  .0001366
T 1343 19 .1518272E+11   3400015E-01 -.2671E+02 -.7019E+01   .9999999 -.0002515 -.0000251
T 1344 19 .1518469E+11   3400013E-01 -.2304E+02  .1876E+02   .9999999  .0001037  .0002157
T 1345 19 .1518328E+11   3400020E-01  .3431E+02 -.1752E+01   .9999999  .0002601 -.0000941
T 1346 19 .1518133E+11   3400019E-01  .1613E+02 -.5380E+02   .9999999  .0000987 -.0003729
T 1347 19 .1518248E+11   3400003E-01 -.1255E+03 -.4988E+02   .9999997 -.0007007 -.0002624
T 1348 19 .1518246E+11   3400021E-01  .1152E+01 -.2279E+02   .9999999 -.0000551 -.0001544
T 1349 19 .1518345E+11   3400002E-01 -.1096E+02  .3390E+02   .9999998 -.0002804  .0004821
T 1350 19 .1518239E+11   3400009E-01 -.3848E+02 -.3105E+01   .9999999 -.0002190  .0000022
T 1351 19 .1518160E+11   3400010E-01  .2189E+02 -.8210E+01   .9999999  .0002319  .0000026
T 1352 19 .1518440E+11   3400021E-01 -.7053E+01  .2705E+02   .9999999 -.0000615  .0004461
T 1353 19 .1518392E+11   3400006E-01 -.4289E+02  .4906E+02   .9999999 -.0000498  .0002884
T 1354 19 .1518060E+11   3400011E-01 -.2955E+02  .7099E+02   .9999998 -.0003583  .0006094
T 1355 19 .1518376E+11   3400001E-01 -.1978E+02 -.9140E+01   .9999999 -.0000522 -.0002125
T 1356 19 .1518554E+11   3400020E-01 -.1446E+01 -.3677E+02   .9999999  .0000506 -.0001138
T 1357 19 .1518271E+11   3400018E-01  .1031E+02 -.1164E+00   .9999999  .0000222 -.0000853
T 1358 19 .1518288E+11   3400023E-01  .2751E+02 -.2638E+02   .9999999  .0002016 -.0001409
T 1359 19 .1518200E+11   3400006E-01  .2662E+02  .1461E+02   .9999999  .0001209  .0001389
T 1360 19 .1518192E+11   3400014E-01  .3075E+02  .4056E+02   .9999999  .0001558  .0000440
T 1361 19 .1518255E+11   3400012E-01  .3064E+02 -.2534E+02   .9999999  .0003305 -.0003978
T 1362 19 .1518190E+11   3400017E-01 -.1382E+02  .1877E+02   .9999999  .0000912  .0001517
T 1363 19 .1518541E+11   3400015E-01 -.1135E+01 -.1247E+02   .9999999  .0000851 -.0000815
T 1364 19 .1518363E+11   3400018E-01 -.9363E+01  .1097E+02   .9999999 -.0002021  .0001396
T 1365 19 .1518134E+11   3400001E-01  .3359E+02 -.4763E+02   .9999999  .0003282  .0001721
T 1366 19 .1518325E+11   3400016E-01  .2200E+02 -.9796E+01   .9999999  .0002387 -.0000335
T 1367 19 .1518227E+11   3400008E-01 -.1918E+02  .1624E+02   .9999999 -.0001529  .0001432
T 1368 19 .1518315E+11   3400005E-01  .1855E+02  .3500E+01   .9999999  .0000810  .0000846
T 1369 19 .1518287E+11   3400013E-01  .3574E+01  .7873E+01   .9999999  .0000159  .0001666
T 1370 19 .1518318E+11   3400014E-01  .5444E+02 -.5787E+02   .9999995  .0008944 -.0004213
T 1371 19 .1518284E+11   3400006E-01 -.7732E+01 -.1233E+02   .9999999 -.0001377 -.0001110
T 1372 19 .1518245E+11   3400020E-01 -.7319E+01  .7659E+02   .9999998 -.0001200  .0005912
T 1373 19 .1518202E+11   3400019E-01 -.3190E+01  .2001E+02   .9999999  .0000164  .0000800
T 1374 19 .1518392E+11   3400012E-01 -.3736E+02  .2505E+02   .9999999 -.0003006  .0001914
T 1375 19 .1518244E+11   3400006E-01  .2451E+02 -.1572E+02   .9999999  .0000624 -.0001043
T 1376 19 .1518384E+11   3400018E-01  .1013E+02 -.2284E+01   .9999999  .0001085 -.0001108
T 1377 19 .1518166E+11   3400021E-01 -.1513E+02  .2198E+02   .9999999 -.0000844  .0002736
T 1378 19 .1518197E+11   3400002E-01 -.1734E+02 -.2833E+02   .9999999  .0000145 -.0003007
T 1379 19 .1518175E+11   3400007E-01  .5242E+02  .1343E+02   .9999999 -.0000064 -.0000179
T 1380 19 .1518312E+11   3400012E-01  .8235E+01 -.1310E+02   .9999999  .0000952  .0000429
T 1381 19 .1518363E+11   3400022E-01 -.2211E+02 -.2316E+02   .9999999 -.0002416 -.0001917
T 1382 19 .1518335E+11   3400017E-01 -.1294E+02  .1163E+02   .9999999 -.0000348  .0000902
T 1383 19 .1518329E+11   3400011E-01 -.5896E+01 -.4043E+02   .9999999 -.0002043 -.0004164
T 1384 19 .1518219E+11   3400000E-01 -.6700E+01 -.1687E+02   .9999999 -.0000449 -.0001719
T 1385 19 .1518373E+11   3400001E-01 -.1569E+02 -.1637E+02   .9999999 -.0002436 -.0001095
T 1386 19 .1518283E+11   3400019E-01  .3732E+02  .1709E+02   .9999999  .0003261  .0002543
T 1387 19 .1518186E+11   3400000E-01  .3481E+01  .1172E+02   .9999999 -.0000716 -.0000041
T 1388 19 .1518286E+11   3400006E-01  .4487E+02 -.2003E+02   .9999996  .0007505 -.0003840
T 1389 19 .1518146E+11   3400008E-01 -.2875E+02 -.1574E+02   .9999999 -.0003004  .0000229
T 1390 19 .1518149E+11   3400007E-01 -.9964E+01  .1164E+02   .9999999  .0000125  .0000715
T 1391 19 .1518302E+11   3400017E-01  .5100E+01 -.9217E+01   .9999999 -.0000511 -.0001182
T 1392 19 .1518321E+11   3400016E-01  .5450E+01  .1022E+00   .9999999  .0000360 -.0000008
T 1393 19 .1518156E+11   3400002E-01 -.1048E+02 -.4240E+02   .9999999 -.0000895 -.0002956
T 1394 19 .1518220E+11   3400005E-01  .1263E+03  .1107E+02   .9999998  .0006068  .0000081
T 1395 19 .1518042E+11   3400021E-01  .9924E+01  .1004E+02   .9999999  .0000561  .0000435
T 1396 19 .1518376E+11   3400005E-01 -.3443E+01 -.1436E+01   .9999999 -.0000671  .0000210
T 1397 19 .1518271E+11   3400011E-01 -.1380E+02 -.5845E+01   .9999999  .0001439  .0002859
T 1398 19 .1518126E+11   3400015E-01  .1725E+01 -.1987E+02   .9999999 -.0002996 -.0002008
T 1399 19 .1518331E+11   3400016E-01 -.1245E+02 -.1415E+02   .9999999 -.0000877 -.0001220
T 1400 19 .1518259E+11   3400022E-01  .3722E+02 -.2059E+02   .9999999  .0002414 -.0001353
T 1401 19 .1518630E+11   3400022E-01  .9974E+01 -.2419E+02   .9999999  .0000809 -.0001174
T 1402 19 .1518211E+11   3400023E-01  .2145E+02 -.1291E+02   .9999999  .0000767  .0000549
T 1403 19 .1518323E+11   3400005E-01  .1380E+02  .4092E+02   .9999999 -.0000770  .0002836
T 1404 19 .1518231E+11   3400016E-01  .8157E+01  .8105E+01   .9999999  .0000421  .0001154
T 1405 19 .1518346E+11   3400018E-01 -.5155E+01 -.1078E+02   .9999999 -.0000315 -.0000718
T 1406 19 .1518371E+11   3400012E-01  .2519E+02 -.4331E+01   .9999999  .0002170 -.0001379
T 1407 19 .1518297E+11   3400019E-01  .4724E+01 -.2008E+02   .9999999  .0001823 -.0000678
T 1408 19 .1518429E+11   3400018E-01  .2328E+01  .2797E+02   .9999999  .0000358  .0001948
T 1409 19 .1518182E+11   3400009E-01  .2310E+02 -.9816E+02   .9999997  .0003182 -.0006742
T 1410 19 .1518190E+11   3400005E-01  .2075E+02 -.1965E+02   .9999999  .0002800 -.0000538
T 1411 19 .1518200E+11   3400007E-01 -.1797E+02 -.1083E+03   .9999997  .0000256 -.0007691
T 1412 19 .1518163E+11   3400003E-01 -.1472E+02 -.2986E+02   .9999999 -.0000895 -.0001540
T 1413 19 .1518343E+11   3400018E-01  .3920E+02 -.1150E+02   .9999999  .0003115 -.0001757
T 1414 19 .1518163E+11   3400022E-01  .3491E+02 -.1028E+02   .9999999  .0000461 -.0000449
T 1415 19 .1518038E+11   3400020E-01 -.7748E+02 -.9298E+01   .9999998 -.0005933 -.0001190
T 1416 19 .1518380E+11   3400022E-01 -.2083E+02  .5780E+01   .9999999 -.0002079 -.0000203
T 1417 19 .1518212E+11   3400019E-01 -.4852E+02  .1922E+01   .9999999 -.0001973  .0000275
T 1418 19 .1518174E+11   3400013E-01 -.7467E+01 -.3744E+02   .9999999 -.0002835 -.0002476
T 1419 19 .1518178E+11   3400013E-01 -.2348E+02  .1247E+02   .9999998 -.0005754  .0002925
T 1420 19 .1518134E+11   3400003E-01 -.5690E+02  .2627E+01   .9999999 -.0003026  .0001421
T 1421 19 .1518421E+11   3400008E-01 -.2328E+01  .1419E+02   .9999999 -.0000380  .0000482
T 1422 19 .1518262E+11   3400010E-01 -.1461E+02  .1450E+02   .9999999 -.0001582  .0000388
T 1423 19 .1518391E+11   3400016E-01  .5519E+02 -.1321E+02   .9999999  .0003403 -.0001271
T 1424 19 .1518019E+11   3400004E-01  .2120E+02 -.1549E+02   .9999999 -.0000087 -.0001349
T 1425 19 .1518290E+11   3400011E-01  .9477E+01  .1279E+02   .9999999  .0001264  .0001873
T 1426 19 .1518333E+11   3400015E-01 -.6084E+02  .2031E+02   .9999999 -.0002891  .0000143
T 1427 19 .1518280E+11   3400001E-01 -.1063E+02  .2117E+02   .9999999 -.0000549  .0002089
T 1428 19 .1518285E+11   3400022E-01  .3058E+02  .1587E+02   .9999999  .0002011  .0000756
T 1429 19 .1518271E+11   3400010E-01 -.3935E+02 -.2421E+02   .9999999 -.0002621 -.0002398
T 1430 19 .1518149E+11   3400009E-01  .1015E+02 -.9621E+01   .9999999  .0002503 -.0001295
T 1431 19 .1518169E+11   3400001E-01 -.1653E+01  .4123E+01   .9999993  .0004476  .0010502
T 1432 19 .1518218E+11   3400022E-01  .3693E+02 -.1331E+01   .9999999 -.0000151  .0002298
T 1433 19 .1518437E+11   3400012E-01 -.2485E+02  .3316E+02   .9999999 -.0001628  .0002379
T 1434 19 .1518147E+11   3400020E-01  .2205E+02  .3682E+02   .9999999  .0003385  .0002862
T 1435 19 .1518394E+11   3400001E-01  .4435E+02  .2006E+02   .9999999  .0003173  .0002796
T 1436 19 .1518208E+11   3400015E-01  .8607E+01 -.2876E+02   .9999999  .0002428 -.0001366
T 1437 19 .1518370E+11   3400019E-01 -.2394E+02 -.7764E+01   .9999999 -.0002037  .0002551
T 1438 19 .1518218E+11   3400022E-01 -.9149E+00  .2356E+02   .9999998  .0003215  .0004525
T 1439 19 .1518251E+11   3400009E-01 -.1135E+02  .1447E+02   .9999999 -.0000382 -.0000471
T 1440 19 .1518145E+11   3400017E-01 -.5751E+02 -.1334E+01   .9999998 -.0006024  .0001422
T 1441 19 .1518113E+11   3400007E-01  .2531E+02  .2923E+02   .9999999  .0001700  .0000253
T 1442 19 .1518062E+11   3400013E-01 -.2246E+02 -.1884E+01   .9999999 -.0003202 -.0000261
T 1443 19 .1518273E+11   3400015E-01  .3978E+02  .1453E+01   .9999998  .0006750 -.0000346
T 1444 19 .1518244E+11   3400020E-01  .3773E+02 -.2116E+02   .9999999  .0002761 -.0003147
T 1445 19 .1518146E+11   3400022E-01  .1242E+01 -.1399E+02   .9999999 -.0000139  .0000506
T 1446 19 .1518266E+11   3400008E-01 -.1674E+01 -.2868E+02   .9999999 -.0000517 -.0001400
T 1447 19 .1518196E+11   3400015E-01 -.8625E+01 -.4496E+02   .9999999 -.0000275 -.0002056
T 1448 19 .1518469E+11   3400001E-01  .3858E+02  .3179E+02   .9999999  .0003354  .0001949
T 1449 19 .1518352E+11   3400016E-01  .1656E+02 -.1607E+02   .9999999  .0001025 -.0001065
T 1450 19 .1518328E+11   3400015E-01 -.2444E+02 -.3295E+02   .9999999 -.0001896 -.0002434
T 1451 19 .1518352E+11   3400017E-01 -.4509E+02  .7514E+00   .9999999 -.0002621 -.0003197
T 1452 19 .1518138E+11   3400017E-01 -.1172E+02 -.2178E+02   .9999999 -.0001219 -.0001734
T 1453 19 .1518192E+11   3400010E-01 -.2926E+02  .2934E+02   .9999999 -.0001517  .0003080
T 1454 19 .1518306E+11   3400019E-01 -.9761E+01  .6948E+02   .9999999  .0000181  .0003162
T 1455 19 .1518211E+11   3400014E-01 -.5258E+02 -.2774E+00   .9999999 -.0004465  .0000354
T 1456 19 .1518378E+11   3400011E-01 -.1887E+02 -.3543E+02   .9999999 -.0001123 -.0001407
T 1457 19 .1518077E+11   3400021E-01  .3776E+00 -.1014E+02   .9999999  .0000766 -.0000102
T 1458 19 .1518292E+11   3400011E-01 -.1747E+02  .1636E+02   .9999999  .0002202  .0001666
T 1459 19 .1518363E+11   3400022E-01  .2242E+02 -.1363E+02   .9999999  .0001465 -.0001349
T 1460 19 .1518256E+11   3400023E-01  .4086E+02 -.1290E+02   .9999999  .0002552 -.0000755
T 1461 19 .1518370E+11   3400016E-01 -.3534E+02 -.6455E+02   .9999999 -.0002759 -.0004474
T 1462 19 .1518216E+11   3400011E-01 -.1460E+01 -.1653E+02   .9999999 -.0000697 -.0001237
T 1463 19 .1518227E+11   3400012E-01  .2672E+02 -.6957E+02   .9999998  .0001206 -.0005439
T 1464 19 .1518100E+11   3400018E-01  .1189E+01  .3848E+02   .9999999 -.0000137  .0002734
T 1465 19 .1518087E+11   3400006E-01  .9603E+00  .1131E+02   .9999999 -.0002849 -.0000267
T 1466 19 .1518253E+11   3400019E-01  .4442E+01  .6979E+01   .9999999 -.0000783  .0000772
T 1467 19 .1518287E+11   3400014E-01  .2832E+01  .1853E+02   .9999999 -.0000721  .0001085
T 1468 19 .1518404E+11   3400017E-01  .1419E+02 -.7465E+01   .9999999  .0001692  .0001504
T 1469 19 .1518232E+11   3400016E-01 -.2258E+01 -.2486E+02   .9999999 -.0002507 -.0002443
T 1470 19 .1518250E+11   3400017E-01  .1045E+02  .1096E+02   .9999999 -.0000514  .0001471
T 1471 19 .1518226E+11   3400022E-01  .1895E+02  .2201E+01   .9999999  .0001247  .0000645
T 1472 19 .1518433E+11   3400022E-01 -.2895E+02 -.2097E+02   .9999999 -.0003509 -.0001270
T 1473 19 .1518266E+11   3400020E-01 -.4233E+02 -.2166E+02   .9999999 -.0001092 -.0002997
T 1474 19 .1518187E+11   3400016E-01 -.3650E+01  .3646E+02   .9999999 -.0000343  .0003540
T 1475 19 .1518343E+11   3400022E-01  .1371E+02 -.9505E+02   .9999999  .0000150 -.0004994
T 1476 19 .1518263E+11   3400021E-01 -.1464E+02 -.4102E+00   .9999999  .0000428 -.0000059
T 1477 19 .1518333E+11   3400018E-01  .3104E+02 -.7121E+01   .9999999  .0002619 -.0000975
T 1478 19 .1518124E+11   3400012E-01  .8358E+01  .4417E+01   .9999999 -.0000774 -.0000822
T 1479 19 .1518293E+11   3400008E-01 -.4765E+02 -.3028E+02   .9999999 -.0003517 -.0001456
T 1480 19 .1518257E+11   3400013E-01  .7811E+01  .3612E+02   .9999999  .0000666  .0003351
T 1481 19 .1518178E+11   3400002E-01 -.2423E+02 -.2211E+02   .9999999 -.0001675 -.0001174
T 1482 19 .1518215E+11   3400018E-01 -.3162E+02 -.1742E+02   .9999999 -.0001178 -.0000036
T 1483 19 .1518513E+11   3400018E-01 -.2494E+02  .7397E+01   .9999999 -.0004039  .0001170
T 1484 19 .1518175E+11   3400021E-01 -.7852E+02  .3664E+02   .9999999 -.0004319  .0003224
T 1485 19 .1518256E+11   3400004E-01 -.9508E+00 -.6035E+01   .9999999 -.0000714 -.0000773
T 1486 19 .1518125E+11   3400019E-01 -.6649E+01 -.2133E+02   .9999999  .0000709 -.0000939
T 1487 19 .1518266E+11   3400022E-01  .3079E+02  .1932E+02   .9999999  .0002329  .0000338
T 1488 19 .1518373E+11   3400017E-01 -.2695E+02 -.9837E+01   .9999999 -.0002129 -.0001706
T 1489 19 .1518289E+11   3400009E-01 -.1158E+02 -.1429E+02   .9999999 -.0000637 -.0000975
T 1490 19 .1518124E+11   3400008E-01 -.6148E+02  .2934E+02   .9999999 -.0005186  .0001118
T 1491 19 .1518182E+11   3400008E-01 -.4568E+02 -.2239E+02   .9999998 -.0005584 -.0001203
T 1492 19 .1518265E+11   3400005E-01  .9845E+01  .1799E+02   .9999999  .0001062 -.0000997
T 1493 19 .1518328E+11   3400004E-01 -.1062E+02  .3087E+02   .9999999 -.0000484  .0000738
T 1494 19 .1518325E+11   3400014E-01  .4087E+02  .8122E+01   .9999999  .0002569  .0000130
T 1495 19 .1518336E+11   3400021E-01  .2655E+03 -.6928E+02   .9999985  .0016083 -.0005693
T 1496 19 .1518439E+11   3400018E-01 -.6677E+02  .2870E+02   .9999999 -.0005073  .0002029
T 1497 19 .1518079E+11   3400009E-01  .7758E+01 -.6244E+01   .9999999 -.0000388  .0001236
T 1498 19 .1518176E+11   3400019E-01 -.1735E+02  .2249E+02   .9999999 -.0000669  .0001147
T 1499 19 .1518090E+11   3400003E-01 -.1801E+02 -.1239E+02   .9999999 -.0001272 -.0000800
T 1500 19 .1518080E+11   3400016E-01 -.3670E+02  .5914E+02   .9999997 -.0003175  .0006416
T 1501 19 .1518327E+11   3400019E-01 -.7993E+00  .1536E+02   .9999999 -.0000388  .0000794
T 1502 19 .1518236E+11   3400007E-01  .2805E+02 -.8363E+01   .9999999 -.0001393  .0000323
T 1503 19 .1518121E+11   3400022E-01 -.7582E+01  .1993E+01   .9999999 -.0000682  .0000273
T 1504 19 .1518452E+11   3400003E-01  .3504E+02 -.1561E+02   .9999999  .0002999 -.0000998
T 1505 19 .1518291E+11   3400018E-01  .2333E+02 -.9125E+01   .9999999  .0000207 -.0001674
T 1506 19 .1518080E+11   3400021E-01 -.5100E+02  .4160E+01   .9999999 -.0003950  .0001402
T 1507 19 .1518258E+11   3400022E-01 -.2090E+02  .5661E+02   .9999999 -.0001882  .0004388
T 1508 19 .1518282E+11   3400016E-01 -.3684E+02  .8432E+00   .9999999 -.0002538  .0000021
T 1509 19 .1518343E+11   3400004E-01 -.9101E+01  .1542E+02   .9999999 -.0000188  .0000577
T 1510 19 .1518394E+11   3400013E-01 -.2189E+02 -.1864E+02   .9999999 -.0001920 -.0001694
T 1511 19 .1518251E+11   3400016E-01  .8695E+01  .3440E+02   .9999999  .0001467  .0000946
T 1512 19 .1518352E+11   3400004E-01 -.1154E+02 -.1413E+02   .9999999 -.0000701 -.0001472
T 1513 19 .1518480E+11   3400007E-01 -.4101E+02 -.3324E+02   .9999999 -.0003912 -.0001832
T 1514 19 .1518173E+11   3400021E-01  .2105E+02  .2426E+02   .9999999  .0000717  .0001668
T 1515 19 .1518317E+11   3400013E-01 -.7584E+02  .2667E+03   .9999971 -.0008307  .0022513
T 1516 19 .1518391E+11   3400004E-01  .1274E+03 -.1124E+03   .9999997  .0006898 -.0003506
T 1517 19 .1518232E+11   3400021E-01 -.3996E+02  .4067E+01   .9999999 -.0002547 -.0000903
T 1518 19 .1518203E+11   3400021E-01  .2845E+02  .1471E+02   .9999999  .0001765 -.0001445
T 1519 19 .1518336E+11   3400004E-01 -.1178E+03 -.1209E+03   .9999988 -.0011499 -.0010732
T 1520 19 .1518196E+11   3400016E-01  .2522E+01 -.1544E+02   .9999999  .0001185 -.0001241
T 1521 19 .1518156E+11   3400003E-01 -.4704E+02 -.2402E+00   .9999999  .0000264 -.0000218
T 1522 19 .1518294E+11   3400017E-01  .1237E+02  .3511E+01   .9999999  .0000574  .0000839
T 1523 19 .1518136E+11   3400014E-01 -.3592E+02  .2945E+02   .9999999 -.0002240  .0003466
T 1524 19 .1518324E+11   3400004E-01  .8100E+02  .1477E+03   .9999997  .0001425  .0007801
T 1525 19 .1518457E+11   3400014E-01  .2065E+01  .1215E+02   .9999999  .0000265 -.0000023
T 1526 19 .1518209E+11   3400003E-01 -.9844E+01  .2996E+02   .9999999 -.0000185  .0002461
T 1527 19 .1518188E+11   3400019E-01 -.7700E+02  .1777E+03   .9999990 -.0003704  .0013977
T 1528 19 .1518271E+11   3400011E-01  .2312E+02  .3478E+01   .9999999 -.0001140 -.0002921
T 1529 19 .1518347E+11   3400017E-01 -.4161E+02  .1995E+02   .9999999 -.0003086  .0001778
T 1530 19 .1518345E+11   3400023E-01  .3534E+02  .2515E+02   .9999999  .0002069  .0000565
T 1531 19 .1518352E+11   3400020E-01 -.1857E+02  .1836E+02   .9999999 -.0000936  .0000509
T 1532 19 .1518158E+11   3400013E-01  .2218E+02 -.8033E+01   .9999999  .0001744 -.0002203
T 1533 19 .1518367E+11   3400021E-01 -.4241E+02  .2439E+02   .9999999 -.0002970  .0002502
T 1534 19 .1518341E+11   3400008E-01  .4854E+02  .9306E+01   .9999999  .0003518  .0001014
T 1535 19 .1518234E+11   3400016E-01 -.2034E+02 -.2222E+02   .9999999  .0000061  .0001372
T 1536 19 .1518246E+11   3400018E-01 -.9774E+01 -.4967E+02   .9999999 -.0000323 -.0002531
T 1537 19 .1518231E+11   3400008E-01  .1938E+02 -.2982E+02   .9999999  .0001383 -.0001623
T 1538 19 .1518479E+11   3400000E-01  .9535E+02  .2802E+02   .9999999  .0004151  .0001015
T 1539 19 .1518124E+11   3400019E-01  .1195E+02  .3709E+02   .9999999  .0003033  .0000408
T 1540 19 .1518372E+11   3400022E-01 -.2299E+02  .3056E+01   .9999999 -.0001164  .0001438
T 1541 19 .1518194E+11   3400019E-01 -.9964E+02 -.1829E+03   .9999986 -.0008807 -.0014298
T 1542 19 .1518319E+11   3400009E-01  .5804E+02 -.1829E+02   .9999999  .0004381 -.0001511
T 1543 19 .1518384E+11   3400015E-01 -.4291E+02  .1339E+02   .9999999 -.0004711  .0001754
T 1544 19 .1518193E+11   3400009E-01 -.3786E+02 -.3623E+02   .9999999 -.0003187 -.0001742
T 1545 19 .1518210E+11   3400006E-01 -.1004E+01 -.1236E+02   .9999999  .0001245 -.0005189
T 1546 19 .1518168E+11   3400009E-01 -.8962E+01  .7649E+01   .9999999 -.0000720 -.0000280
T 1547 19 .1518203E+11   3400016E-01 -.2631E+02 -.3382E+02   .9999999 -.0001215 -.0003317
T 1548 19 .1518246E+11   3400002E-01  .4417E+02 -.4967E+02   .9999999  .0003353 -.0003357
T 1549 19 .1518185E+11   3400011E-01 -.2831E+02 -.1732E+02   .9999999 -.0002374 -.0001061
T 1550 19 .1518315E+11   3400022E-01  .1163E+02  .2160E+02   .9999999  .0000877  .0000656
T 1551 19 .1518326E+11   3400015E-01 -.3570E+02 -.2773E+02   .9999999 -.0003039 -.0002700
T 1552 19 .1518327E+11   3400019E-01  .3281E+02 -.2159E+02   .9999999  .0001670 -.0000752
T 1553 19 .1518075E+11   3400007E-01  .2384E+02  .4567E+02   .9999999  .0001826  .0002908
T 1554 19 .1518305E+11   3400020E-01  .3749E+02  .4407E+02   .9999998  .0003547  .0004178
T 1555 19 .1518322E+11   3400023E-01  .5179E+02 -.1543E+02   .9999999  .0003428 -.0001066
T 1556 19 .1518444E+11   3400015E-01 -.3966E+02  .2764E+02   .9999999 -.0002117  .0001927
T 1557 19 .1518351E+11   3400006E-01 -.4179E+01 -.3087E+02   .9999999 -.0000335 -.0000558
T 1558 19 .1518276E+11   3400016E-01  .2692E+02  .2763E+02   .9999999  .0003233  .0002669
T 1559 19 .1518200E+11   3400006E-01 -.5141E+02  .1018E+02   .9999999 -.0003421  .0001137
T 1560 19 .1518372E+11   3400013E-01  .1889E+02  .3374E+02   .9999999  .0000568  .0002243
T 1561 19 .1518422E+11   3400014E-01  .1279E+02  .9959E+01   .9999999 -.0000006  .0001341
T 1562 19 .1518321E+11   3400021E-01  .7593E+02 -.8603E+01   .9999999  .0004860  .0000232
T 1563 19 .1518175E+11   3400022E-01  .3533E+01  .3545E+01   .9999999  .0000458  .0001041
T 1564 19 .1518180E+11   3400017E-01  .6998E+02  .4258E+02   .9999998  .0004663  .0004412
T 1565 19 .1518180E+11   3400020E-01 -.2006E+03 -.4340E+02   .9999990 -.0013183 -.0004558
T 1566 19 .1518329E+11   3400011E-01 -.6489E+01 -.2387E+02   .9999999 -.0000849 -.0001101
T 1567 19 .1518241E+11   3400018E-01 -.3570E+01 -.6097E+01   .9999999 -.0001077 -.0001724
T 1568 19 .1518404E+11   3400009E-01  .1122E+02 -.4313E+02   .9999999  .0000517 -.0001385
T 1569 19 .1518127E+11   3400019E-01  .1539E+02  .1429E+02   .9999999  .0001875  .0000401
T 1570 19 .1518246E+11   3400018E-01 -.2001E+02  .4414E+02   .9999996 -.0003343  .0008651
T 1571 19 .1518148E+11   3400021E-01  .2484E+02  .2376E+02   .9999999  .0002047  .0001458
T 1572 19 .1518360E+11   3400005E-01  .4472E+02 -.2200E+02   .9999998  .0004746 -.0003755
T 1573 19 .1518267E+11   3400001E-01  .2255E+02 -.4070E+01   .9999999  .0002210  .0001961
T 1574 19 .1518265E+11   3400007E-01  .6857E+01 -.5680E+01   .9999999 -.0003604  .0000269
T 1575 19 .1518350E+11   3400009E-01  .3307E+02 -.2980E+02   .9999999  .0000315 -.0001746
T 1576 19 .1518304E+11   3400005E-01  .2853E+02  .5935E+01   .9999999  .0000597  .0001563
T 1577 19 .1518440E+11   3400002E-01 -.2817E+02  .4594E+02   .9999999 -.0002076  .0000278
T 1578 19 .1518169E+11   3400015E-01  .1144E+02  .3637E+02   .9999999 -.0000916  .0004174
T 1579 19 .1518424E+11   3400006E-01 -.4858E+02  .1225E+02   .9999999 -.0003337  .0000932
T 1580 19 .1518203E+11   3400016E-01  .7125E+02  .3673E+02   .9999999  .0003023  .0000650
T 1581 19 .1518212E+11   3400013E-01 -.1420E+02  .3035E+02   .9999999 -.0000465  .0003037
T 1582 19 .1518252E+11   3400021E-01  .1917E+00 -.2488E+02   .9999999  .0000607 -.0002478
T 1583 19 .1518269E+11   3400015E-01  .9481E+02 -.8765E+02   .9999997  .0006490 -.0003947
T 1584 19 .1518155E+11   3400015E-01 -.4915E+01 -.1005E+02   .9999999 -.0000725  .0000061
T 1585 19 .1518369E+11   3400014E-01 -.1610E+02  .1437E+03   .9999996 -.0001739  .0008422
T 1586 19 .1518308E+11   3400009E-01 -.3030E+02  .1139E+02   .9999999 -.0001744  .0001139
T 1587 19 .1518363E+11   3400014E-01  .1880E+02  .1660E+02   .9999999  .0001322 -.0000197
T 1588 19 .1518208E+11   3400012E-01  .2315E+02  .1159E+02   .9999999  .0001745 -.0000646
T 1589 19 .1518325E+11   3400002E-01  .1203E+02 -.5220E+01   .9999999  .0003027  .0001094
T 1590 19 .1518166E+11   3400001E-01 -.3054E+02 -.2258E+01   .9999999 -.0001460  .0001160
T 1591 19 .1518063E+11   3400008E-01  .1191E+01  .1774E+02   .9999999 -.0001437  .0000849
T 1592 19 .1518501E+11   3400005E-01 -.4862E+02  .5338E+02   .9999999 -.0000338  .0000003
T 1593 19 .1518170E+11   3400017E-01 -.3493E+02  .5093E+02   .9999999 -.0001306  .0004492
T 1594 19 .1518178E+11   3400010E-01 -.5783E+02  .7470E+02   .9999996 -.0006011  .0006377
T 1595 19 .1518190E+11   3400023E-01  .2861E+02 -.5619E+02   .9999998 -.0001974 -.0005473
T 1596 19 .1518381E+11   3400017E-01  .2096E+02  .3854E+02   .9999999 -.0000248  .0003017
T 1597 19 .1518326E+11   3400023E-01  .1018E+02  .9208E+01   .9999999  .0002968  .0000203
T 1598 19 .1518143E+11   3400018E-01 -.4738E+01  .3388E+00   .9999999  .0000812 -.0000967
T 1599 19 .1518169E+11   3400006E-01  .3624E+01 -.9470E+00   .9999999 -.0000144  .0001858
T 1600 19 .1518349E+11   3400013E-01  .2047E+02 -.6209E+01   .9999999 -.0000303 -.0000077
T 1601 19 .1518364E+11   3400021E-01 -.2657E+02 -.2432E+01   .9999999 -.0001510 -.0001674
T 1602 19 .1518177E+11   3400017E-01 -.1672E+02 -.5058E+01   .9999999 -.0001726  .0003453
T 1603 19 .1518054E+11   3400018E-01 -.2546E+01 -.1361E+02   .9999999 -.0000689  .0000121
T 1604 19 .1518287E+11   3400012E-01 -.2861E+02 -.2550E+02   .9999999 -.0002036 -.0002036
T 1605 19 .1518203E+11   3400021E-01  .1324E+03  .1217E+02   .9999998  .0006054  .0000899
T 1606 19 .1518259E+11   3400020E-01  .1994E+02 -.3350E+01   .9999999  .0000786 -.0000996
T 1607 19 .1518329E+11   3400022E-01  .4992E+02  .1100E+02   .9999999  .0004728  .0002363
T 1608 19 .1518475E+11   3400011E-01  .4147E+01 -.4299E+02   .9999999 -.0000261 -.0003296
T 1609 19 .1518146E+11   3400022E-01  .1873E+02  .3083E+02   .9999999  .0000205  .0000387
T 1610 19 .1518237E+11   3400022E-01 -.2586E+02 -.6649E+02   .9999999 -.0001663 -.0003509
T 1611 19 .1518466E+11   3400001E-01 -.8826E+01 -.1649E+02   .9999999 -.0001781 -.0000658
T 1612 19 .1518407E+11   3400009E-01 -.3774E+02 -.1860E+02   .9999999 -.0002550 -.0002615
T 1613 19 .1518356E+11   3400008E-01 -.1867E+02 -.4517E+02   .9999999 -.0002135 -.0003849
T 1614 19 .1518060E+11   3400022E-01  .1468E+02 -.2640E+02   .9999999  .0000296 -.0001617
T 1615 19 .1518193E+11   3400007E-01 -.3859E+02  .1519E+01   .9999999 -.0001905  .0000872
T 1616 19 .1518168E+11   3400008E-01 -.1478E+02 -.5300E+01   .9999999 -.0002298  .0000368
T 1617 19 .1518327E+11   3400013E-01 -.1739E+02  .2142E+02   .9999999  .0000422 -.0000248
T 1618 19 .1518353E+11   3400017E-01 -.6661E+01  .6548E+01   .9999999  .0000119  .0000252
T 1619 19 .1518243E+11   3400020E-01 -.3701E+02 -.2442E+01   .9999999 -.0002564 -.0001356
T 1620 19 .1518395E+11   3400014E-01  .2692E+02 -.3065E+01   .9999999  .0001846 -.0000582
T 1621 19 .1518167E+11   3400007E-01 -.2110E+02 -.1029E+02   .9999999 -.0002552 -.0000546
T 1622 19 .1518282E+11   3400008E-01  .1417E+02 -.3138E+02   .9999999  .0003959 -.0003477
T 1623 19 .1518403E+11   3400022E-01  .1946E+01  .1190E+02   .9999999 -.0002980  .0000702
T 1624 19 .1518320E+11   3400014E-01  .2738E+02  .3162E+02   .9999999  .0001534  .0002799
T 1625 19 .1518281E+11   3400004E-01 -.4053E+01 -.1502E+02   .9999999 -.0000803 -.0000179
T 1626 19 .1518334E+11   3400004E-01  .3889E+02 -.8107E+01   .9999999  .0001624 -.0001305
T 1627 19 .1518354E+11   3400022E-01 -.5655E+02  .5917E+01   .9999999 -.0003051 -.0000742
T 1628 19 .1518324E+11   3400001E-01  .3084E+00 -.2851E+01   .9999999  .0000970  .0001320
T 1629 19 .1518279E+11   3400017E-01  .8740E+02 -.6205E+02   .9999999  .0004820 -.0002283
T 1630 19 .1518157E+11   3400015E-01 -.1399E+02  .4692E+02   .9999999 -.0001300  .0002621
T 1631 19 .1518208E+11   3400015E-01 -.1124E+02 -.1443E+02   .9999999 -.0000050  .0000161
T 1632 19 .1518393E+11   3400003E-01 -.2223E+02 -.1222E+02   .9999999 -.0003522 -.0002940
T 1633 19 .1518170E+11   3400017E-01 -.2068E+03 -.1083E+03   .9999990 -.0012498 -.0006011
T 1634 19 .1518286E+11   3400023E-01  .1810E+02  .1340E+02   .9999999 -.0001188  .0001586
T 1635 19 .1518182E+11   3400011E-01 -.1644E+03 -.3760E+02   .9999995 -.0009655 -.0002932
T 1636 19 .1518365E+11   3400000E-01 -.7514E+01 -.1457E+02   .9999999 -.0000212 -.0000786
T 1637 19 .1518057E+11   3400000E-01 -.3074E+02  .3060E+02   .9999999 -.0001175  .0001731
T 1638 19 .1518151E+11   3400014E-01  .2464E+00  .1542E+02   .9999999 -.0001139  .0003936
T 1639 19 .1517991E+11   3400019E-01  .5057E+00 -.1300E+02   .9999999 -.0001184 -.0001146
T 1640 19 .1518352E+11   3400021E-01 -.8817E+01  .3198E+02   .9999999 -.0001745  .0003418
T 1641 19 .1518182E+11   3400012E-01 -.2188E+02  .1608E+02   .9999999 -.0001088  .0000197
T 1642 19 .1518265E+11   3400006E-01 -.1582E+02  .1037E+02   .9999999  .0001572 -.0001646
T 1643 19 .1518335E+11   3400016E-01  .3661E+02  .9543E+01   .9999999  .0004454  .0002523
T 1644 19 .1518282E+11   3400022E-01 -.1276E+02 -.1073E+02   .9999999 -.0001351 -.0000916
T 1645 19 .1518187E+11   3400000E-01 -.2385E+02 -.8766E+02   .9999999 -.0001793 -.0003794
T 1646 19 .1518384E+11   3400020E-01 -.1813E+02 -.1441E+02   .9999999 -.0000900 -.0000835
T 1647 19 .1518317E+11   3400020E-01 -.3178E+02  .3444E+02   .9999999 -.0000815  .0002262
T 1648 19 .1518067E+11   3400017E-01  .1458E+01  .1110E+02   .9999999 -.0000499  .0001194
T 1649 19 .1518124E+11   3400008E-01 -.3416E+01  .2363E+02   .9999999 -.0000003  .0002329
T 1650 19 .1518234E+11   3400013E-01 -.6463E+02  .9503E+00   .9999999 -.0004477 -.0000180
T 1651 19 .1518252E+11   3400006E-01 -.1001E+02  .1265E+02   .9999999 -.0000208  .0001672
T 1652 19 .1518194E+11   3400020E-01  .4173E+02  .1556E+02   .9999999  .0004346  .0001314
T 1653 19 .1518270E+11   3400006E-01  .3508E+02 -.7083E+00   .9999999  .0000753  .0000618
T 1654 19 .1518343E+11   3400012E-01 -.7899E+02 -.6900E+02   .9999995 -.0008229 -.0005224
T 1655 19 .1518253E+11   3400011E-01  .2118E+02  .8892E+01   .9999999  .0000516  .0004237
T 1656 19 .1518348E+11   3400015E-01 -.2719E+02 -.4063E+01   .9999999 -.0000578  .0000924
T 1657 19 .1518359E+11   3400001E-01 -.4874E+02  .1455E+02   .9999999 -.0003771  .0001819
T 1658 19 .1518325E+11   3400015E-01  .3292E+02 -.8336E+01   .9999999  .0002906 -.0000842
T 1659 19 .1518159E+11   3400006E-01  .1356E+02  .4164E+02   .9999999  .0001365  .0003865
T 1660 19 .1518238E+11   3400019E-01 -.2456E+02 -.2224E+02   .9999999 -.0000336 -.0002445
T 1661 19 .1518068E+11   3400005E-01 -.4885E+02  .1002E+03   .9999998 -.0003174  .0004922
T 1662 19 .1518298E+11   3400022E-01  .2286E+02  .2069E+02   .9999999 -.0002931  .0001672
T 1663 19 .1518323E+11   3400019E-01  .5179E+01  .6539E+01   .9999999  .0001615  .0001968
T 1664 19 .1518074E+11   3400001E-01 -.1785E+02 -.1045E+02   .9999999 -.0000356 -.0001904
T 1665 19 .1518204E+11   3400016E-01  .9468E+00 -.2277E+02   .9999998  .0000553 -.0006602
T 1666 19 .1518205E+11   3400012E-01 -.3147E+02 -.3232E+01   .9999999 -.0003600  .0001171
T 1667 19 .1518307E+11   3400018E-01 -.1387E+02 -.4213E+02   .9999999 -.0001424 -.0002323
T 1668 19 .1518206E+11   3400018E-01 -.2297E+02  .2579E+01   .9999999 -.0000813 -.0001526
T 1669 19 .1518349E+11   3400001E-01 -.1294E+02  .2860E+02   .9999999 -.0001716 -.0000260
T 1670 19 .1518431E+11   3400000E-01 -.1115E+03 -.3467E+02   .9999998 -.0005458 -.0002447
T 1671 19 .1518203E+11   3400011E-01  .2574E+02 -.1592E+02   .9999999  .0003516 -.0000690
T 1672 19 .1518315E+11   3400010E-01 -.4991E+01  .4207E-01   .9999999 -.0000660  .0000456
T 1673 19 .1518319E+11   3400005E-01 -.3172E+01 -.5151E+01   .9999997 -.0003538 -.0006645
T 1674 19 .1518106E+11   3400018E-01 -.1500E+02  .1185E+02   .9999999 -.0001621  .0000674
T 1675 19 .1518414E+11   3400020E-01 -.8074E+02  .1174E+03   .9999990 -.0007948  .0011536
T 1676 19 .1518071E+11   3400022E-01  .1365E+02  .4853E+01   .9999999 -.0000002  .0001109
T 1677 19 .1518175E+11   3400003E-01  .5942E+02  .3464E+02   .9999999  .0004914  .0000631
T 1678 19 .1518432E+11   3400019E-01  .4390E+02 -.6071E+01   .9999999  .0002297 -.0000872
T 1679 19 .1518348E+11   3400001E-01 -.1288E+01 -.1669E+00   .9999999  .0000180  .0000128
T 1680 19 .1518328E+11   3400009E-01  .1687E+02 -.2643E+02   .9999999  .0001245 -.0002120
T 1681 19 .1518214E+11   3400012E-01 -.1254E+03  .1352E+02   .9999999 -.0003269  .0001500
T 1682 19 .1518126E+11   3400022E-01  .4343E+01 -.1652E+02   .9999999  .0001464 -.0001761
T 1683 19 .1518250E+11   3400019E-01 -.5312E+01  .3195E+01   .9999999 -.0000179 -.0000773
T 1684 19 .1518477E+11   3400019E-01 -.5651E+01  .2527E+02   .9999999 -.0000680  .0000564
T 1685 19 .1518253E+11   3400022E-01 -.4105E+02  .6506E+02   .9999999 -.0002804  .0003726
T 1686 19 .1518348E+11   3400001E-01  .3708E+01 -.3291E+02   .9999999 -.0000960 -.0001765
T 1687 19 .1518165E+11   3400020E-01 -.1575E+02  .9283E+01   .9999999 -.0000608 -.0000014
T 1688 19 .1518237E+11   3400012E-01  .2915E+02 -.1938E+02   .9999999  .0002461 -.0001943
T 1689 19 .1518067E+11   3400002E-01 -.2874E+02  .2494E+02   .9999999 -.0002338  .0001465
T 1690 19 .1518234E+11   3400016E-01 -.2593E+02 -.3447E+02   .9999999 -.0002679 -.0002588
T 1691 19 .1518336E+11   3400018E-01  .1420E+01  .1825E+01   .9999999 -.0000546  .0000479
T 1692 19 .1518274E+11   3400020E-01 -.2100E+02  .2917E+02   .9999999  .0000059  .0000857
T 1693 19 .1518338E+11   3400011E-01 -.5488E+02  .5093E+02   .9999999 -.0003071  .0003360
T 1694 19 .1518178E+11   3400012E-01 -.1336E+02  .9598E+01   .9999999 -.0001199  .0000300
T 1695 19 .1518299E+11   3400005E-01 -.1192E+02  .2361E+02   .9999999 -.0001170  .0004109
T 1696 19 .1518235E+11   3400019E-01  .2036E+02 -.1719E+01   .9999999  .0001302 -.0000682
T 1697 19 .1518313E+11   3400021E-01 -.4499E+02 -.8120E+02   .9999997 -.0005226 -.0005588
T 1698 19 .1518251E+11   3400007E-01 -.8258E+01  .1653E+02   .9999999  .0000109  .0001268
T 1699 19 .1518189E+11   3400020E-01  .1374E+02  .4745E+01   .9999997  .0006637 -.0003411
T 1700 19 .1518135E+11   3400020E-01 -.2976E+02  .2952E+02   .9999999 -.0000615  .0001393
T 1701 19 .1518361E+11   3400016E-01  .1304E+02 -.1390E+02   .9999999  .0001312  .0000264
T 1702 19 .1518167E+11   3400013E-01  .1758E+02  .3187E+02   .9999999  .0001244  .0001763
T 1703 19 .1518282E+11   3400015E-01  .2029E+00  .3399E+02   .9999999  .0000050  .0002444
T 1704 19 .1518463E+11   3400011E-01  .1012E+03  .2973E+01   .9999998  .0006807 -.0000201
T 1705 19 .1518310E+11   3400014E-01 -.2770E+02 -.4110E+02   .9999999 -.0001403 -.0002422
T 1706 19 .1518421E+11   3400009E-01  .1096E+02 -.2381E+02   .9999999  .0001626 -.0001783
T 1707 19 .1518198E+11   3400017E-01 -.5776E+01 -.1607E+02   .9999999 -.0000288  .0000154
T 1708 19 .1518283E+11   3400009E-01 -.3062E+02  .1592E+02   .9999999  .0000348  .0002024
T 1709 19 .1518172E+11   3400005E-01  .4127E+02  .2359E+02   .9999999  .0002403  .0001763
T 1710 19 .1518102E+11   3400016E-01  .2602E+02  .2263E+02   .9999999  .0001666  .0002918
T 1711 19 .1518355E+11   3400022E-01  .1739E+03 -.2070E+02   .9999997  .0007671 -.0000533
T 1712 19 .1518399E+11   3400001E-01  .2311E+02 -.1384E+02   .9999999  .0002225 -.0001047
T 1713 19 .1518477E+11   3400019E-01  .2080E+01  .1263E+02   .9999999  .0000526  .0002100
T 1714 19 .1518280E+11   3400021E-01 -.3823E+01 -.4118E+02   .9999999 -.0000093 -.0002952
T 1715 19 .1518315E+11   3400006E-01 -.5514E+02  .5212E+01   .9999999 -.0004428  .0000398
T 1716 19 .1518236E+11   3400006E-01 -.2796E+02 -.6327E+00   .9999999 -.0004073 -.0001238
T 1717 19 .1518284E+11   3400000E-01 -.3091E+02 -.6168E+01   .9999999 -.0001659 -.0000789
T 1718 19 .1518389E+11   3400001E-01 -.4851E+02  .5766E+01   .9999999 -.0002456  .0001854
T 1719 19 .1518232E+11   3400020E-01 -.1618E+02  .3374E+02   .9999999 -.0000675  .0003667
T 1720 19 .1518144E+11   3400006E-01  .1613E+02 -.5815E+02   .9999999  .0001654 -.0003366
T 1721 19 .1518253E+11   3400003E-01  .2889E+02  .8850E+00   .9999999  .0002136  .0001094
T 1722 19 .1518165E+11   3400020E-01 -.2977E+01 -.1693E+02   .9999999  .0000190 -.0001940
T 1723 19 .1518219E+11   3400002E-01  .5874E+01  .3791E+02   .9999999  .0000848  .0001048
T 1724 19 .1518262E+11   3400005E-01  .3928E+02 -.2703E+02   .9999999  .0002314 -.0001090
T 1725 19 .1518280E+11   3400016E-01  .2696E+02 -.1367E+02   .9999999  .0002538 -.0003271
T 1726 19 .1518193E+11   3400002E-01 -.4732E+02 -.1779E+02   .9999999 -.0001224 -.0003838
T 1727 19 .1518373E+11   3400001E-01 -.3469E+02 -.2618E+02   .9999999 -.0003241  .0001271
T 1728 19 .1518535E+11   3400016E-01 -.3010E+01 -.4421E+00   .9999999  .0000908 -.0000910
T 1729 19 .1518230E+11   3400014E-01 -.3626E+01  .1222E+01   .9999999  .0000242  .0000435
T 1730 19 .1518456E+11   3400021E-01 -.6493E+01  .4539E+02   .9999999 -.0002781  .0003703
T 1731 19 .1518334E+11   3400018E-01  .8073E+02 -.3445E+02   .9999998  .0005769 -.0001282
T 1732 19 .1518343E+11   3400020E-01 -.7363E+01 -.3314E+02   .9999999 -.0001465 -.0003509
T 1733 19 .1518345E+11   3400023E-01 -.3187E+02 -.2730E+02   .9999999 -.0000320 -.0002100
T 1734 19 .1518046E+11   3400008E-01 -.4977E+00  .3002E+02   .9999998 -.0001875  .0005638
T 1735 19 .1518107E+11   3400009E-01  .5741E+02 -.8459E+01   .9999999  .0002324  .0000655
T 1736 19 .1518241E+11   3400011E-01  .1666E+02  .3900E+01   .9999999  .0004454 -.0001150
T 1737 19 .1518240E+11   3400012E-01  .1010E+02  .2166E+01   .9999999  .0000560  .0000247
T 1738 19 .1518271E+11   3400003E-01  .1728E+02  .4745E+00   .9999999  .0001367 -.0000701
T 1739 19 .1518281E+11   3400000E-01  .6327E+01  .4677E+02   .9999999  .0000306  .0003289
T 1740 19 .1518300E+11   3400006E-01 -.3555E+02  .5641E+01   .9999999 -.0001799  .0000185
T 1741 19 .1518124E+11   3400020E-01 -.2785E+02  .1081E+02   .9999999 -.0003376  .0000838
T 1742 19 .1518215E+11   3400022E-01 -.1492E+02  .3163E+01   .9999999 -.0001972  .0000376
T 1743 19 .1518202E+11   3400002E-01  .6147E+01  .5842E+02   .9999999 -.0000506  .0002733
T 1744 19 .1518201E+11   3400019E-01 -.3377E+02  .3041E+02   .9999998 -.0005535  .0001896
T 1745 19 .1518192E+11   3400020E-01  .3883E+00 -.1460E+02   .9999998 -.0006920  .0000561
T 1746 19 .1518304E+11   3400009E-01  .3741E+02  .2399E+02   .9999999  .0002829  .0000376
T 1747 19 .1518352E+11   3400007E-01  .2964E+02 -.5710E+02   .9999998  .0003433 -.0004459
T 1748 19 .1518164E+11   3400021E-01  .5006E+01 -.6540E+00   .9999999 -.0000348 -.0000782
T 1749 19 .1518173E+11   3400001E-01 -.7422E+01 -.2026E+01   .9999999 -.0001072  .0000005
T 1750 19 .1518510E+11   3400006E-01  .6220E+01  .3050E+02   .9999999  .0001457  .0002922
T 1751 19 .1518212E+11   3400000E-01  .1502E+02 -.7509E+01   .9999999  .0001062 -.0000410
T 1752 19 .1518517E+11   3400021E-01  .3932E+02  .3879E+02   .9999999  .0003475  .0002142
T 1753 19 .1518311E+11   3400013E-01  .1895E+02 -.2829E+02   .9999999 -.0000181 -.0001797
T 1754 19 .1518179E+11   3400018E-01 -.2098E+02 -.2403E+02   .9999999 -.0001993 -.0002077
T 1755 19 .1518196E+11   3400008E-01  .7468E+02 -.1051E+02   .9999999  .0000177 -.0003411
T 1756 19 .1518417E+11   3400017E-01 -.1020E+03 -.1166E+03   .9999996 -.0006848 -.0005780
T 1757 19 .1518203E+11   3400016E-01  .4409E+02 -.4523E+02   .9999999  .0003660 -.0001861
T 1758 19 .1518005E+11   3400005E-01 -.6748E+01  .7808E+00   .9999999 -.0001633  .0000868
T 1759 19 .1518184E+11   3400001E-01 -.4716E+01 -.1792E+02   .9999999 -.0001495 -.0001005
T 1760 19 .1518153E+11   3400000E-01  .5992E+02 -.1521E+01   .9999999  .0004345  .0000183
T 1761 19 .1518112E+11   3400007E-01 -.1031E+02  .1153E+02   .9999999 -.0000718  .0001359
T 1762 19 .1518420E+11   3400010E-01 -.3095E+02 -.2989E+02   .9999999 -.0002319 -.0001080
T 1763 19 .1518146E+11   3400004E-01  .4923E+01  .2485E+02   .9999999 -.0001150  .0002970
T 1764 19 .1518432E+11   3400019E-01  .1738E+02  .4183E+02   .9999999  .0000504 -.0000721
T 1765 19 .1518233E+11   3400008E-01  .3461E+02 -.2619E+02   .9999999  .0001854  .0000145
T 1766 19 .1518357E+11   3400013E-01  .5493E+01 -.1336E+02   .9999999  .0001447  .0000135
T 1767 19 .1518145E+11   3400001E-01  .4541E+02 -.1091E+02   .9999999  .0000900 -.0001168
T 1768 19 .1518365E+11   3400015E-01  .1034E+02  .3435E+02   .9999999  .0000577  .0002394
T 1769 19 .1518154E+11   3400015E-01  .7234E+02  .9403E+02   .9999997  .0004507  .0006538
T 1770 19 .1518296E+11   3400001E-01  .3807E+02  .3324E+02   .9999998  .0005609  .0002105
T 1771 19 .1518352E+11   3400022E-01 -.1942E+01  .1068E+03   .9999997 -.0000475  .0007414
T 1772 19 .1518328E+11   3400021E-01  .6136E+02  .2676E+01   .9999999  .0003207  .0000559
T 1773 19 .1518239E+11   3400021E-01  .9675E+01  .7466E+01   .9999999 -.0001257  .0002835
T 1774 19 .1518374E+11   3400010E-01 -.7733E+01  .2185E+02   .9999999 -.0001649  .0002300
T 1775 19 .1518272E+11   3400018E-01 -.7207E+01 -.5713E+02   .9999999 -.0001032 -.0003836
T 1776 19 .1518417E+11   3400000E-01  .1066E+02 -.6429E+00   .9999999 -.0000251 -.0000706
T 1777 19 .1518300E+11   3400014E-01 -.5203E+02  .6487E+01   .9999999 -.0004411 -.0001243
T 1778 19 .1518180E+11   3400021E-01 -.7054E+02  .2452E+02   .9999999 -.0004941  .0001611
T 1779 19 .1518325E+11   3400022E-01  .4793E+01 -.3396E+02   .9999999 -.0000651 -.0001921
T 1780 19 .1518104E+11   3400020E-01  .2254E+02 -.3685E+01   .9999999  .0002111 -.0000663
T 1781 19 .1518055E+11   3400003E-01  .2860E+02  .1832E+02   .9999999  .0001717  .0001034
T 1782 19 .1518464E+11   3400022E-01 -.1695E+02  .2535E+02   .9999999  .0000855  .0003627
T 1783 19 .1518165E+11   3400019E-01  .2575E+02  .3038E+02   .9999999  .0001936  .0001592
T 1784 19 .1518267E+11   3400019E-01  .2330E+01 -.5747E+01   .9999999 -.0000732 -.0000211
T 1785 19 .1518202E+11   3400008E-01  .1168E+02 -.1543E+02   .9999999  .0000181 -.0000095
T 1786 19 .1518203E+11   3400017E-01  .2960E+02  .8363E+01   .9999999  .0002570  .0000603
T 1787 19 .1518186E+11   3400000E-01  .1563E+02  .3981E+02   .9999999  .0000698  .0003392
T 1788 19 .1518293E+11   3400005E-01  .3144E+02 -.4326E+02   .9999999  .0003061 -.0001982
T 1789 19 .1518541E+11   3400020E-01 -.3224E+02 -.2042E+02   .9999999 -.0002171 -.0000680
T 1790 19 .1518155E+11   3400007E-01  .2180E+02 -.4955E+02   .9999999  .0001006 -.0003822
T 1791 19 .1518488E+11   3400002E-01 -.9463E+01  .4031E+02   .9999999 -.0002922  .0003505
T 1792 19 .1518595E+11   3400022E-01 -.9224E+01 -.4317E+01   .9999999 -.0002114 -.0001531
T 1793 19 .1518299E+11   3400020E-01 -.3011E+02  .3885E+02   .9999999 -.0002034  .0004415
T 1794 19 .1518308E+11   3400022E-01 -.1321E+02 -.4118E+02   .9999999 -.0000634 -.0002602
T 1795 19 .1518283E+11   3400000E-01 -.5723E+02 -.2698E+02   .9999999 -.0002805 -.0001901
T 1796 19 .1518146E+11   3400013E-01 -.1725E+02  .2378E+02   .9999999  .0000871  .0000240
T 1797 19 .1518321E+11   3400011E-01 -.1813E+02  .4117E+02   .9999999 -.0000413  .0001505
T 1798 19 .1518243E+11   3400015E-01  .1831E+02  .2682E+02   .9999999  .0001436 -.0000258
T 1799 19 .1518318E+11   3400007E-01 -.2429E+02  .1279E+02   .9999999 -.0000236  .0001208
T 1800 19 .1518386E+11   3400014E-01  .2122E+02 -.6372E+02   .9999999 -.0000261 -.0004806
T 1801 19 .1518327E+11   3400022E-01 -.1911E+02 -.7063E+01   .9999999 -.0000330 -.0000622
T 1802 19 .1518376E+11   3400002E-01 -.6737E+01  .8491E+01   .9999999  .0001009 -.0000240
T 1803 19 .1518210E+11   3400011E-01 -.8821E+01  .3806E+01   .9999999 -.0001487  .0001666
T 1804 19 .1518255E+11   3400018E-01 -.3229E+02  .1745E+01   .9999999 -.0002008 -.0001243
T 1805 19 .1518438E+11   3400003E-01  .1952E+02  .6116E+01   .9999999  .0001467  .0000368
T 1806 19 .1518380E+11   3400006E-01  .2530E+02 -.1612E+02   .9999999  .0000227 -.0000364
T 1807 19 .1518233E+11   3400019E-01 -.1929E+02  .4174E+02   .9999999 -.0002710  .0003076
T 1808 19 .1518213E+11   3400021E-01 -.8617E-01 -.4492E+02   .9999999 -.0000523 -.0003487
T 1809 19 .1518407E+11   3400004E-01  .2873E+02  .2358E+02   .9999999  .0002633  .0002141
T 1810 19 .1518355E+11   3400014E-01  .1342E+02 -.1633E+02   .9999999  .0001510  .0001217
T 1811 19 .1518134E+11   3400016E-01  .7356E+02 -.1215E+02   .9999998  .0005788  .0001326
T 1812 19 .1518173E+11   3400010E-01  .5048E+02 -.1647E+02   .9999997  .0007982  .0000527
T 1813 19 .1518314E+11   3400000E-01  .5234E+02  .5577E+02   .9999997  .0007053  .0003636
T 1814 19 .1518273E+11   3400015E-01 -.2625E+02  .1923E+02   .9999999 -.0001821  .0000715
T 1815 19 .1518320E+11   3400021E-01  .3183E+02  .3507E+02   .9999999  .0002630  .0002465
T 1816 19 .1518128E+11   3400002E-01 -.2531E+02  .2442E+01   .9999999 -.0001044  .0000879
T 1817 19 .1518381E+11   3400007E-01 -.1628E+01 -.1666E+02   .9999999 -.0001503  .0000602
T 1818 19 .1518160E+11   3400016E-01  .3529E+01 -.2205E+02   .9999999 -.0000745 -.0002582
T 1819 19 .1518280E+11   3400003E-01 -.6245E+01  .4845E+02   .9999999  .0000376  .0004326
T 1820 19 .1518329E+11   3400022E-01  .5548E+01  .2322E+02   .9999999  .0001179  .0002310
T 1821 19 .1518452E+11   3400017E-01 -.1092E+02  .5894E+02   .9999999 -.0001953  .0003687
T 1822 19 .1518089E+11   3400004E-01 -.2067E+02 -.3024E+02   .9999999 -.0000561 -.0000688
T 1823 19 .1518210E+11   3400020E-01  .2665E+02 -.2879E+02   .9999999  .0000751 -.0000684
T 1824 19 .1518343E+11   3400014E-01 -.6603E+01 -.7815E+01   .9999999  .0001144 -.0001446
T 1825 19 .1518409E+11   3400015E-01 -.3544E+02 -.1633E+02   .9999999 -.0003020  .0000604
T 1826 19 .1518345E+11   3400016E-01 -.3249E+02  .4736E+02   .9999999 -.0002113  .0003660
T 1827 19 .1518508E+11   3400005E-01  .5308E+02 -.4061E+01   .9999999  .0001520 -.0000502
T 1828 19 .1518277E+11   3400011E-01 -.1293E+02 -.8937E+01   .9999999 -.0001837  .0000440
T 1829 19 .1518234E+11   3400008E-01  .1432E+02 -.2193E+02   .9999999  .0000560 -.0002851
T 1830 19 .1518295E+11   3400001E-01  .6018E+01  .3990E+02   .9999999  .0000636  .0001356
T 1831 19 .1518320E+11   3400004E-01 -.8471E+01  .1861E+02   .9999999 -.0001863  .0001105
T 1832 19 .1518236E+11   3400004E-01 -.1333E+02 -.3294E+02   .9999999  .0000042 -.0001352
T 1833 19 .1518320E+11   3400014E-01 -.2668E+02  .5466E+01   .9999999 -.0004069 -.0000812
T 1834 19 .1518227E+11   3400020E-01  .7569E+01 -.3104E+02   .9999999 -.0000283 -.0001095
T 1835 19 .1518313E+11   3400016E-01 -.1372E+02 -.3433E+02   .9999999 -.0000221 -.0002738
T 1836 19 .1518053E+11   3400023E-01  .5071E+02  .3367E+01   .9999999  .0003830  .0000227
T 1837 19 .1518214E+11   3400006E-01  .7252E+01 -.9177E+01   .9999999  .0000699 -.0000543
T 1838 19 .1518481E+11   3400015E-01  .5760E+02  .2293E+01   .9999999  .0003143  .0000157
T 1839 19 .1518274E+11   3400009E-01 -.3178E+02 -.8215E+02   .9999998 -.0001421 -.0005914
T 1840 19 .1518337E+11   3400013E-01 -.1005E+02  .1699E+02   .9999999 -.0001018  .0002399
T 1841 19 .1518143E+11   3400000E-01 -.1440E+02 -.5586E+01   .9999999 -.0001067  .0000129
T 1842 19 .1518296E+11   3400021E-01 -.1579E+02  .2793E+01   .9999999 -.0001131 -.0000502
T 1843 19 .1518339E+11   3400017E-01  .2073E+02  .3836E+02   .9999999  .0001326  .0002842
T 1844 19 .1518498E+11   3400012E-01 -.3764E+02  .1998E+02   .9999999 -.0003722  .0000192
T 1845 19 .1518285E+11   3400020E-01  .9657E+01 -.1598E+02   .9999999  .0000319 -.0001978
T 1846 19 .1518271E+11   3400021E-01  .3232E+02 -.4356E+02   .9999999  .0002270 -.0003363
T 1847 19 .1518290E+11   3400007E-01  .2009E+01  .5163E+00   .9999999 -.0000202  .0001013
T 1848 19 .1518184E+11   3400013E-01  .2900E+02  .5654E+02   .9999999  .0000589  .0002424
T 1849 19 .1518308E+11   3400002E-01  .1234E+02 -.7900E+02   .9999999  .0000875 -.0004790
T 1850 19 .1518456E+11   3400008E-01  .4365E+02 -.1317E+02   .9999999  .0000822 -.0001226
T 1851 19 .1518102E+11   3400021E-01 -.2509E+02 -.1371E+02   .9999999  .0000112 -.0000711
T 1852 19 .1518375E+11   3400007E-01  .7252E+01 -.1378E+01   .9999999 -.0000176 -.0000853
T 1853 19 .1518341E+11   3400004E-01  .2659E+01  .2312E+02   .9999999  .0001533  .0002229
T 1854 19 .1518306E+11   3400003E-01  .5179E+02 -.8303E+02   .9999998  .0004202 -.0004335
T 1855 19 .1518339E+11   3400020E-01  .1074E+02  .1047E+02   .9999999  .0000484  .0001423
T 1856 19 .1518292E+11   3400018E-01 -.7784E+02  .6321E+02   .9999998 -.0005095  .0003602
T 1857 19 .1518069E+11   3400020E-01 -.6061E+01  .3380E+02   .9999999 -.0000103  .0002857
T 1858 19 .1518172E+11   3400012E-01  .1180E+02 -.2402E+02   .9999999  .0003219 -.0003734
T 1859 19 .1518270E+11   3400005E-01  .2522E+02 -.8906E+01   .9999999  .0004615  .0002397
T 1860 19 .1518256E+11   3400004E-01 -.5090E+02 -.1071E+02   .9999999 -.0003287 -.0000840
T 1861 19 .1518514E+11   3400016E-01 -.1261E+02  .3607E+02   .9999999 -.0001807  .0002700
T 1862 19 .1518328E+11   3400013E-01  .1855E+01 -.1930E+02   .9999999 -.0000206 -.0001484
T 1863 19 .1518427E+11   3400022E-01 -.5534E+01  .7836E+02   .9999999 -.0000372  .0004371
T 1864 19 .1518230E+11   3400021E-01  .4787E+01 -.1151E+01   .9999999  .0000119 -.0000779
T 1865 19 .1518051E+11   3400011E-01  .1910E+00 -.1895E+01   .9999999 -.0000501 -.0000574
T 1866 19 .1518144E+11   3400022E-01  .6640E+01  .1372E+01   .9999999  .0002750 -.0000765
T 1867 19 .1518280E+11   3400015E-01  .2964E+01 -.2525E+01   .9999999 -.0002122  .0000313
T 1868 19 .1518344E+11   3400019E-01  .2898E+02 -.8960E+01   .9999999  .0002433 -.0001530
T 1869 19 .1518457E+11   3400021E-01  .1133E+01 -.1255E+00   .9999999  .0000503  .0000758
T 1870 19 .1518347E+11   3400022E-01 -.1082E+02  .6530E+00   .9999999 -.0000782  .0000067
T 1871 19 .1518342E+11   3400022E-01  .1526E+01 -.1957E+01   .9999999  .0000813 -.0000711
T 1872 19 .1518351E+11   3400002E-01  .1917E+02 -.8294E+01   .9999999  .0001181 -.0002259
T 1873 19 .1518159E+11   3400011E-01  .3966E+01 -.7858E+01   .9999999  .0000562 -.0001741
T 1874 19 .1518104E+11   3400015E-01 -.1045E+02  .5557E+02   .9999999 -.0000626  .0004030
T 1875 19 .1518319E+11   3400002E-01  .1504E+01 -.1312E+02   .9999999 -.0000071 -.0000167
T 1876 19 .1518451E+11   3400017E-01 -.3981E+01 -.4056E+02   .9999999 -.0000606 -.0002538
T 1877 19 .1518281E+11   3400011E-01  .2036E+02 -.7979E+01   .9999999  .0001237 -.0001775
T 1878 19 .1518338E+11   3400017E-01  .1299E+02 -.4689E+01   .9999999  .0000299 -.0002181
T 1879 19 .1518219E+11   3400001E-01 -.1578E+02 -.1099E+02   .9999999 -.0001543 -.0001907
T 1880 19 .1518468E+11   3400023E-01  .5286E+01  .2292E+02   .9999999 -.0001509  .0002462
T 1881 19 .1518233E+11   3400019E-01  .3423E+02  .2751E+02   .9999997 -.0000360  .0007125
T 1882 19 .1518131E+11   3400005E-01  .3360E+02 -.4264E+02   .9999999  .0001300 -.0001953
T 1883 19 .1518324E+11   3400022E-01  .2583E+01 -.7620E+01   .9999999 -.0000017 -.0002016
T 1884 19 .1518392E+11   3400006E-01  .2431E+01 -.1557E+02   .9999999  .0000133 -.0001664
T 1885 19 .1518282E+11   3400009E-01 -.3244E+01  .4273E+02   .9999999  .0000098  .0003235
T 1886 19 .1518383E+11   3400012E-01  .3647E+02 -.5276E+02   .9999999  .0002650 -.0001480
T 1887 19 .1518264E+11   3400013E-01 -.9270E+01  .3735E+01   .9999999  .0001006  .0000015
T 1888 19 .1518179E+11   3400022E-01 -.9706E+01  .1952E+02   .9999999 -.0001924  .0000489
T 1889 19 .1518354E+11   3400015E-01  .6670E+01 -.2204E+02   .9999999  .0001397 -.0002347
T 1890 19 .1518669E+11   3400021E-01 -.1938E+02  .6574E+01   .9999999 -.0001566  .0001780
T 1891 19 .1518148E+11   3400004E-01  .4080E+02 -.1512E+02   .9999999  .0001853 -.0001768
T 1892 19 .1518251E+11   3400019E-01 -.2346E+02  .8098E+01   .9999999 -.0001462  .0001425
T 1893 19 .1518275E+11   3400020E-01 -.5288E+01 -.1767E+02   .9999999  .0001565 -.0003340
T 1894 19 .1518237E+11   3400023E-01  .3534E+02 -.3649E+01   .9999999  .0002365 -.0001185
T 1895 19 .1518218E+11   3400014E-01  .6217E+01 -.3293E+02   .9999999  .0000467 -.0003295
T 1896 19 .1518422E+11   3400023E-01  .3771E+02 -.2533E+02   .9999999  .0001538 -.0002134
T 1897 19 .1518302E+11   3400014E-01 -.7875E+02 -.2699E+02   .9999999 -.0005349 -.0000957
T 1898 19 .1518439E+11   3400020E-01  .2655E+02 -.6064E+00   .9999999  .0000506 -.0000919
T 1899 19 .1518290E+11   3400012E-01 -.1633E+02 -.2157E+02   .9999999 -.0001541 -.0001096
T 1900 19 .1518160E+11   3400021E-01 -.1072E+02  .2454E+01   .9999999 -.0002245  .0000668
T 1901 19 .1518465E+11   3400008E-01  .7408E+00 -.2279E+02   .9999999  .0000134 -.0000962
T 1902 19 .1518349E+11   3400018E-01  .4256E+01 -.2656E+02   .9999999  .0001343 -.0000657
T 1903 19 .1518032E+11   3400010E-01  .6819E+02 -.1146E+03   .9999998  .0003669 -.0004129
T 1904 19 .1518215E+11   3400015E-01 -.1641E+01 -.3088E+02   .9999999  .0000476 -.0001802
T 1905 19 .1518246E+11   3400022E-01 -.3446E+02  .7296E+00   .9999999 -.0001004  .0000105
T 1906 19 .1518306E+11   3400010E-01 -.3844E+01 -.6926E+01   .9999999 -.0000256  .0000596
T 1907 19 .1518221E+11   3400016E-01  .1249E+02  .3535E+01   .9999999  .0001112 -.0002813
T 1908 19 .1518201E+11   3400008E-01 -.7993E+01 -.4656E+02   .9999999  .0001061 -.0002219
T 1909 19 .1518414E+11   3400016E-01 -.1398E+02 -.4616E+01   .9999999  .0000865 -.0000052
T 1910 19 .1518143E+11   3400004E-01  .1884E+02 -.4506E+02   .9999999 -.0000002 -.0004478
T 1911 19 .1518272E+11   3400018E-01 -.2080E+02  .3145E+01   .9999999 -.0001787  .0000295
T 1912 19 .1518190E+11   3400020E-01 -.1658E+02 -.1843E+02   .9999999 -.0001183  .0000201
T 1913 19 .1518314E+11   3400007E-01  .1599E+02 -.1186E+02   .9999999  .0001179  .0000179
T 1914 19 .1518346E+11   3400022E-01 -.6636E+02  .8211E+01   .9999999 -.0004983 -.0000490
T 1915 19 .1518154E+11   3400010E-01 -.9407E+02 -.1056E+03   .9999996 -.0006064 -.0005984
T 1916 19 .1518305E+11   3400023E-01  .1381E+02  .1881E+02   .9999999  .0001433  .0001552
T 1917 19 .1518193E+11   3400021E-01 -.1147E+02 -.2530E+02   .9999999  .0000180 -.0001278
T 1918 19 .1518405E+11   3400000E-01 -.2363E+02  .8436E+01   .9999999  .0000284  .0002276
T 1919 19 .1518198E+11   3400010E-01  .7059E+01 -.3442E+02   .9999999  .0001668 -.0002812
T 1920 19 .1518439E+11   3400014E-01  .4215E+01  .1190E+02   .9999999  .0004494  .0001760
T 1921 19 .1518263E+11   3400020E-01 -.6871E+02  .6302E+02   .9999997 -.0005372  .0005472
T 1922 19 .1518375E+11   3400020E-01  .2432E+02 -.6986E+01   .9999999  .0000791  .0001148
T 1923 19 .1518347E+11   3400015E-01 -.7844E+00  .5181E+01   .9999999  .0001017  .0000952
T 1924 19 .1518232E+11   3400004E-01 -.1052E+02  .2414E+02   .9999999 -.0000827  .0001960
T 1925 19 .1518328E+11   3400020E-01 -.3588E+02  .2845E+02   .9999999 -.0003230  .0000994
T 1926 19 .1518412E+11   3400014E-01 -.3705E+02 -.1891E+02   .9999999 -.0002323 -.0001090
T 1927 19 .1518274E+11   3400021E-01 -.8837E+01  .9269E+01   .9999999 -.0001247  .0001231
T 1928 19 .1518286E+11   3400012E-01  .5512E+02  .8082E+01   .9999999  .0003115 -.0001767
T 1929 19 .1518194E+11   3400017E-01  .8842E+02 -.6497E+02   .9999998  .0004035 -.0004212
T 1930 19 .1518424E+11   3400015E-01  .2638E+02  .1753E+02   .9999999  .0002110  .0002275
T 1931 19 .1518194E+11   3400000E-01 -.6056E+02 -.3012E+02   .9999998 -.0005571 -.0001529
T 1932 19 .1518191E+11   3400017E-01  .1275E+02 -.1113E+02   .9999999  .0002078 -.0000474
T 1933 19 .1518189E+11   3400010E-01 -.1061E+02 -.6231E+01   .9999999 -.0000357 -.0001940
T 1934 19 .1518278E+11   3400004E-01  .3957E+02  .7715E+01   .9999999  .0005329 -.0000656
T 1935 19 .1518390E+11   3400013E-01 -.3911E+02  .2504E+02   .9999999 -.0002704  .0001987
T 1936 19 .1518255E+11   3400016E-01 -.1978E+02  .1526E+03   .9999998  .0000648  .0006292
T 1937 19 .1518296E+11   3400001E-01  .1708E+02  .4865E+02   .9999998  .0000970  .0005615
T 1938 19 .1518494E+11   3400022E-01 -.5094E+02  .4978E+02   .9999999 -.0002838  .0001712
T 1939 19 .1518252E+11   3400021E-01  .2659E+02 -.1036E+02   .9999999  .0000937 -.0000903
T 1940 19 .1518413E+11   3400018E-01  .3051E+02  .5112E+01   .9999999  .0001369  .0000367
T 1941 19 .1518250E+11   3400000E-01  .3234E+02 -.1950E+02   .9999999  .0002627 -.0001466
T 1942 19 .1518155E+11   3400017E-01  .3459E+02  .1681E+02   .9999999  .0002554  .0000200
T 1943 19 .1518245E+11   3400001E-01  .2016E+01  .4835E+02   .9999999 -.0000226  .0002974
T 1944 19 .1518186E+11   3400015E-01 -.7365E+01 -.2056E+02   .9999999 -.0000923 -.0000708
T 1945 19 .1518040E+11   3400014E-01  .1754E+02 -.1143E+03   .9999991  .0001354 -.0013478
T 1946 19 .1518375E+11   3400021E-01 -.1958E+02  .1165E+02   .9999999 -.0002474 -.0000017
T 1947 19 .1518229E+11   3400017E-01 -.1467E+02 -.1818E+02   .9999999 -.0000841 -.0001483
T 1948 19 .1518219E+11   3400015E-01 -.3906E+02 -.1247E+02   .9999999 -.0003148 -.0001203
T 1949 19 .1518292E+11   3400022E-01  .2578E+02  .3920E+02   .9999999  .0000934  .0001839
T 1950 19 .1518095E+11   3400020E-01  .1319E+02  .2794E+02   .9999999  .0001509  .0001296
T 1951 19 .1518209E+11   3400018E-01 -.1353E+02  .4318E+01   .9999999 -.0000716  .0002020
T 1952 19 .1518197E+11   3400015E-01 -.2978E+02 -.9081E+01   .9999999 -.0003021 -.0000755
T 1953 19 .1518090E+11   3400008E-01 -.2417E+01 -.7875E+01   .9999999 -.0001467 -.0000105
T 1954 19 .1518354E+11   3400015E-01  .5393E+02 -.1889E+02   .9999999  .0003436  .0000260
T 1955 19 .1518478E+11   3400020E-01  .3467E+02  .1717E+02   .9999999  .0002202  .0000358
T 1956 19 .1518140E+11   3400013E-01 -.1962E+02 -.1434E+02   .9999999 -.0001280 -.0001053
T 1957 19 .1518464E+11   3400019E-01  .8835E+01  .5437E+02   .9999999 -.0001944  .0002694
T 1958 19 .1518129E+11   3400021E-01  .2572E+02 -.3657E+01   .9999999  .0002931 -.0001320
T 1959 19 .1518295E+11   3400022E-01  .4640E+02  .2913E+02   .9999999  .0004217  .0002292
T 1960 19 .1518223E+11   3400018E-01  .5109E+00 -.5866E+02   .9999999 -.0002299 -.0004085
T 1961 19 .1518338E+11   3400019E-01  .6626E+01 -.2579E+02   .9999999 -.0000582  .0000506
T 1962 19 .1518055E+11   3400002E-01  .5216E+01  .1269E+02   .9999999 -.0000182  .0002116
T 1963 19 .1518242E+11   3400003E-01  .3550E+01 -.7565E+02   .9999999  .0001329 -.0003614
T 1964 19 .1518305E+11   3400011E-01  .2149E+02 -.1278E+00   .9999999  .0000087 -.0000535
T 1965 19 .1518049E+11   3400022E-01 -.1922E+03  .4120E+02   .9999992 -.0012906 -.0000055
T 1966 19 .1518307E+11   3400014E-01  .2541E+02 -.1038E+02   .9999999  .0000722 -.0000106
T 1967 19 .1518252E+11   3400002E-01 -.2409E+01  .9467E+01   .9999999 -.0000547  .0001249
T 1968 19 .1518304E+11   3400002E-01  .2635E+02 -.2589E+02   .9999999  .0000100 -.0001497
T 1969 19 .1518344E+11   3400010E-01 -.1576E+02 -.1974E+02   .9999999  .0000029 -.0004398
T 1970 19 .1518159E+11   3400011E-01 -.2514E+02  .3146E+02   .9999999 -.0002569  .0002200
T 1971 19 .1518298E+11   3400017E-01  .5023E+02 -.1405E+02   .9999999  .0003462  .0000174
T 1972 19 .1518460E+11   3400005E-01 -.3837E+01  .2645E+02   .9999999 -.0000174  .0000448
T 1973 19 .1518257E+11   3400018E-01  .2204E+02  .4999E+02   .9999999  .0001169  .0004150
T 1974 19 .1518338E+11   3400001E-01  .2258E+02 -.1062E+02   .9999999  .0000594 -.0000371
T 1975 19 .1517970E+11   3400021E-01  .2166E+02  .2252E+02   .9999999  .0002178  .0002076
T 1976 19 .1518538E+11   3400010E-01  .1960E+02 -.3345E+02   .9999999  .0000737 -.0001774
T 1977 19 .1518451E+11   3400020E-01 -.7506E+01  .1335E+02   .9999999 -.0000212  .0001343
T 1978 19 .1518283E+11   3400007E-01 -.2794E+02  .5582E+01   .9999999 -.0002620 -.0000562
T 1979 19 .1518286E+11   3400008E-01 -.2628E+02 -.8016E+01   .9999999  .0000542  .0000770
T 1980 19 .1518414E+11   3400010E-01  .7279E+02 -.1435E+02   .9999999  .0002605 -.0000529
T 1981 19 .1518190E+11   3400021E-01 -.1478E+02 -.3690E+01   .9999999 -.0001386 -.0000455
T 1982 19 .1518078E+11   3400006E-01 -.3404E+02 -.1687E+02   .9999999 -.0001397  .0000246
T 1983 19 .1518379E+11   3400009E-01  .3930E+02  .8300E+01   .9999999  .0002964  .0002388
T 1984 19 .1518276E+11   3400021E-01  .4543E+01  .1051E+02   .9999999 -.0000091  .0001152
T 1985 19 .1518231E+11   3400021E-01  .4053E+02 -.6206E+01   .9999999  .0002857 -.0000360
T 1986 19 .1518368E+11   3400003E-01 -.7145E+02 -.7721E+02   .9999999 -.0003888 -.0002266
T 1987 19 .1518190E+11   3400000E-01 -.5303E+02  .5852E+02   .9999998 -.0002963  .0005591
T 1988 19 .1518252E+11   3400001E-01  .7745E+02 -.1587E+02   .9999999  .0004485  .0000364
T 1989 19 .1518108E+11   3400023E-01 -.5903E+02 -.3959E+02   .9999999 -.0002701 -.0002167
T 1990 19 .1518158E+11   3400003E-01  .1292E+02 -.1452E+02   .9999999  .0002189  .0000866
T 1991 19 .1518177E+11   3400016E-01  .3764E+02  .2182E+01   .9999999  .0003659 -.0000825
T 1992 19 .1518579E+11   3400003E-01 -.6181E+02  .1877E+02   .9999999 -.0003430  .0001315
T 1993 19 .1518402E+11   3400010E-01  .1871E+02 -.3538E+02   .9999999  .0001187 -.0002193
T 1994 19 .1518121E+11   3400000E-01  .1742E+01  .4731E+01   .9999999  .0001164  .0000535
T 1995 19 .1518350E+11   3400012E-01 -.1799E+02  .5499E+02   .9999999 -.0000463  .0004553
T 1996 19 .1518519E+11   3400020E-01  .1732E+02  .6555E+02   .9999999  .0001219  .0001470
T 1997 19 .1518258E+11   3400016E-01  .8356E+01  .4612E+02   .9999999 -.0000024  .0001556
T 1998 19 .1518321E+11   3400003E-01 -.3379E+02  .4531E+02   .9999999 -.0002070  .0002405
T 1999 19 .1518143E+11   3400008E-01  .6932E+00  .2553E+02   .9999999  .0000243  .0003509
T 2000 19 .1518247E+11   3400005E-01  .8474E+01  .1249E+02   .9999999 -.0001194  .0000594
T 2001 19 .1518245E+11   3400020E-01  .1632E+02 -.9902E+01   .9999999  .0000155 -.0002484
T 2002 19 .1518245E+11   3400013E-01  .3442E+02  .5348E+01   .9999999  .0001422 -.0000101
T 2003 19 .1518382E+11   3400002E-01 -.1874E+02 -.3394E+02   .9999999  .0001553 -.0002290
T 2004 19 .1518346E+11   3400001E-01 -.9137E+02 -.3034E+02   .9999998  .0001698 -.0006185
T 2005 19 .1518028E+11   3400010E-01 -.4976E+02 -.8532E+01   .9999999 -.0004053  .0000659
T 2006 19 .1518378E+11   3400018E-01  .8678E+01 -.4803E+01   .9999999  .0000305  .0001576
T 2007 19 .1518481E+11   3400014E-01 -.2610E+02  .4839E+02   .9999998 -.0004238  .0003632
T 2008 19 .1518200E+11   3400019E-01 -.1886E+01  .1929E+02   .9999999 -.0001868 -.0000607
T 2009 19 .1518326E+11   3400003E-01 -.2101E+02  .1883E+02   .9999999 -.0001143  .0001372
T 2010 19 .1518210E+11   3400022E-01 -.1729E+01 -.1151E+03   .9999995  .0001091 -.0010322
T 2011 19 .1518377E+11   3400020E-01 -.2163E+02 -.1635E+02   .9999999 -.0001075 -.0002217
T 2012 19 .1518253E+11   3400005E-01 -.9418E+01 -.3413E+02   .9999999  .0000019 -.0002188
T 2013 19 .1518335E+11   3400018E-01  .3202E+02 -.1568E+02   .9999999  .0002037 -.0000782
T 2014 19 .1518399E+11   3400020E-01  .2564E+02  .2068E+02   .9999999  .0002686  .0002175
T 2015 19 .1518149E+11   3400017E-01 -.1593E+02 -.5604E+01   .9999999 -.0001357 -.0001109
T 2016 19 .1518289E+11   3400014E-01 -.9231E+01 -.1021E+02   .9999999 -.0001845 -.0001328
T 2017 19 .1518338E+11   3400016E-01  .1922E+02  .1965E+02   .9999999  .0000849  .0002279
T 2018 19 .1518195E+11   3400021E-01 -.5607E+02 -.8275E+02   .9999997 -.0005338 -.0004714
T 2019 19 .1518253E+11   3400008E-01 -.1215E+02  .3156E+02   .9999999 -.0000813  .0004501
T 2020 19 .1518276E+11   3400000E-01  .1418E+02  .2211E+02   .9999999  .0002490  .0000564
T 2021 19 .1518117E+11   3400008E-01 -.1048E+02  .3071E+02   .9999999 -.0000240  .0002153
T 2022 19 .1518108E+11   3400000E-01 -.1236E+03 -.2725E+03   .9999978 -.0008833 -.0019010
T 2023 19 .1518196E+11   3400018E-01 -.1490E+01  .1073E+02   .9999999  .0000331  .0000040
T 2024 19 .1518296E+11   3400013E-01 -.2527E+02 -.2280E+02   .9999999 -.0000924 -.0000462
T 2025 19 .1518352E+11   3400002E-01 -.6027E+01 -.8286E+01   .9999999 -.0000957  .0000779
T 2026 19 .1518079E+11   3400022E-01  .2011E+02 -.2496E+02   .9999999 -.0000097 -.0002243
T 2027 19 .1518357E+11   3400017E-01 -.3071E+02 -.4399E+02   .9999999 -.0003549 -.0003324
T 2028 19 .1518358E+11   3400013E-01  .3010E+02  .5535E+01   .9999999  .0002280  .0000172
T 2029 19 .1518258E+11   3400007E-01 -.3899E+02  .1178E+02   .9999998 -.0005722  .0002304
T 2030 19 .1518164E+11   3400011E-01 -.2113E+02 -.7183E+01   .9999999 -.0000442 -.0000894
T 2031 19 .1518189E+11   3400017E-01 -.3920E+01  .4853E+02   .9999999 -.0002338  .0004113
T 2032 19 .1518373E+11   3400015E-01 -.1034E+03 -.1944E+02   .9999998 -.0006161 -.0001970
T 2033 19 .1518312E+11   3400021E-01  .1093E+02 -.5267E+02   .9999999  .0000234 -.0002398
T 2034 19 .1518097E+11   3400021E-01  .9556E+00  .1079E+02   .9999999 -.0002307  .0001276
T 2035 19 .1518162E+11   3400020E-01 -.1595E+02 -.3094E+02   .9999999 -.0001437 -.0002199
T 2036 19 .1518176E+11   3400017E-01  .2165E+02 -.7349E+00   .9999999  .0000611  .0001071
T 2037 19 .1518302E+11   3400021E-01 -.4412E+01 -.2153E+02   .9999999 -.0001353 -.0001440
T 2038 19 .1518390E+11   3400017E-01  .2185E+02  .1579E+01   .9999999  .0000576 -.0000540
T 2039 19 .1518258E+11   3400009E-01  .1078E+02  .8591E+01   .9999999  .0002459 -.0001663
T 2040 19 .1518300E+11   3400014E-01 -.2072E+02  .2791E+02   .9999999 -.0000329 -.0001086
T 2041 19 .1518228E+11   3400020E-01  .6462E+01  .2915E+02   .9999999  .0002004  .0001903
T 2042 19 .1518255E+11   3400016E-01  .4997E+02  .1120E+02   .9999999  .0002371  .0001332
T 2043 19 .1518184E+11   3400005E-01 -.2187E+02  .1603E+02   .9999999 -.0000763  .0003701
T 2044 19 .1518004E+11   3400011E-01  .2163E+02  .3109E+02   .9999999  .0001705  .0000295
T 2045 19 .1518205E+11   3400020E-01  .6965E+01  .4830E+02   .9999999 -.0000726  .0004879
T 2046 19 .1518472E+11   3400008E-01  .5712E+01  .2144E+02   .9999999  .0002689  .0002095
T 2047 19 .1518318E+11   3400012E-01 -.7083E+02  .2058E+02   .9999999 -.0001790  .0000503
T 2048 19 .1518319E+11   3400018E-01 -.5183E+00 -.5561E+02   .9999999 -.0000563 -.0002278
T 2049 19 .1518254E+11   3400014E-01  .1158E+01  .7671E+01   .9999999  .0002304  .0000378
T 2050 19 .1518179E+11   3400013E-01  .2331E+02 -.3740E+02   .9999999  .0000304 -.0004782
T 2051 19 .1518179E+11   3400020E-01 -.3557E+01  .4682E+02   .9999999  .0000585  .0002901
T 2052 19 .1518324E+11   3400019E-01  .5894E+02 -.8279E+01   .9999999  .0004096 -.0000745
T 2053 19 .1518402E+11   3400022E-01  .3283E+02 -.5966E+01   .9999999  .0004597 -.0000972
T 2054 19 .1518232E+11   3400016E-01  .7485E+01  .8458E+01   .9999999  .0000214 -.0000484
T 2055 19 .1518534E+11   3400019E-01  .6483E+01 -.1065E+02   .9999999  .0000601 -.0000106
T 2056 19 .1518483E+11   3400018E-01  .1697E+02 -.1994E+02   .9999999  .0001532 -.0001110
T 2057 19 .1518368E+11   3400003E-01 -.3092E+02 -.9488E+01   .9999999 -.0003498 -.0001195
T 2058 19 .1518427E+11   3400007E-01 -.4005E+02  .1883E+01   .9999999 -.0000041  .0000712
T 2059 19 .1518316E+11   3400019E-01  .1648E+01  .3762E+01   .9999999  .0001187 -.0002133
T 2060 19 .1518243E+11   3400005E-01 -.4009E+01 -.8341E+01   .9999999 -.0000714 -.0002422
T 2061 19 .1518238E+11   3400021E-01  .3077E+02 -.3026E+02   .9999998  .0004926 -.0002733
T 2062 19 .1518139E+11   3400001E-01 -.2159E+02 -.2290E+02   .9999999 -.0000699 -.0000651
T 2063 19 .1518205E+11   3400000E-01  .1037E+01  .3716E+02   .9999999  .0000737  .0000574
T 2064 19 .1518252E+11   3400015E-01 -.3936E+02 -.5947E+02   .9999999 -.0003629 -.0002728
T 2065 19 .1518292E+11   3400022E-01 -.2006E+02 -.4475E+01   .9999998 -.0002859 -.0005084
T 2066 19 .1518172E+11   3400016E-01 -.1003E+00  .9410E+01   .9999999  .0000120  .0000535
T 2067 19 .1518329E+11   3400008E-01 -.3100E+02  .1497E+02   .9999999 -.0002309  .0000008
T 2068 19 .1518233E+11   3400012E-01  .1516E+02  .3465E+02   .9999999  .0001032  .0002267
T 2069 19 .1518367E+11   3400018E-01 -.4211E+02 -.1971E+02   .9999999 -.0000137 -.0001873
T 2070 19 .1518201E+11   3400006E-01  .7828E+01 -.3013E+01   .9999999 -.0000352 -.0000860
T 2071 19 .1518190E+11   3400002E-01  .9000E+01  .5997E+01   .9999999  .0002118 -.0000657
T 2072 19 .1518258E+11   3400021E-01 -.3833E+02 -.2829E+02   .9999999 -.0002093 -.0001622
T 2073 19 .1518310E+11   3400007E-01 -.3468E+02 -.1600E+02   .9999999 -.0004482 -.0002456
T 2074 19 .1518239E+11   3400003E-01  .4079E+01 -.5331E+01   .9999999  .0000393 -.0001553
T 2075 19 .1518145E+11   3400014E-01 -.2458E+02 -.4348E+01   .9999998 -.0006191  .0002212
T 2076 19 .1518291E+11   3400014E-01  .4212E+02 -.8049E+02   .9999998  .0003350 -.0005586
T 2077 19 .1518302E+11   3400020E-01 -.5618E+02 -.2077E+02   .9999999 -.0002353 -.0000729
T 2078 19 .1518274E+11   3400016E-01 -.4599E+02 -.5303E+02   .9999999 -.0002963 -.0001831
T 2079 19 .1518335E+11   3400014E-01 -.4463E+01 -.1073E+02   .9999999  .0001157 -.0000354
T 2080 19 .1518124E+11   3400014E-01  .5246E+02 -.4861E+01   .9999999  .0004046  .0000458
T 2081 19 .1518101E+11   3400008E-01  .8506E+01  .5165E+02   .9999999  .0000079 -.0000936
T 2082 19 .1518191E+11   3400016E-01 -.3387E+02  .1724E+02   .9999999  .0000055  .0001193
T 2083 19 .1518306E+11   3400023E-01  .1248E+02  .2442E+02   .9999999  .0000705  .0003505
T 2084 19 .1518355E+11   3400018E-01  .5247E+02 -.6871E+02   .9999999  .0000980 -.0002898
T 2085 19 .1518074E+11   3400015E-01  .6601E+00  .2858E+01   .9999999 -.0001155  .0001007
T 2086 19 .1518361E+11   3400011E-01  .4037E+02  .5675E+00   .9999999  .0003019 -.0000112
T 2087 19 .1518189E+11   3400015E-01  .3010E+02 -.6126E+02   .9999998  .0002788 -.0006242
T 2088 19 .1518356E+11   3400013E-01 -.1114E+02  .3654E+02   .9999999  .0001249  .0001529
T 2089 19 .1518440E+11   3400009E-01  .4582E+02 -.3185E+01   .9999999  .0002463  .0000598
T 2090 19 .1518316E+11   3400001E-01 -.1295E+01 -.1228E+02   .9999999  .0000160 -.0000676
T 2091 19 .1518163E+11   3400020E-01 -.9389E+01  .3592E+01   .9999999 -.0000912 -.0002832
T 2092 19 .1518385E+11   3400017E-01  .9143E+01  .4351E+01   .9999999 -.0000684 -.0000663
T 2093 19 .1518191E+11   3400001E-01  .1197E+02  .4240E+02   .9999999 -.0000189  .0002697
T 2094 19 .1518095E+11   3400014E-01  .9842E-01  .1677E+02   .9999999 -.0000626 -.0000958
T 2095 19 .1518196E+11   3400022E-01 -.1143E+03 -.6436E+02   .9999997 -.0006641 -.0004750
T 2096 19 .1518210E+11   3400018E-01 -.2285E+02  .3462E+02   .9999999 -.0001028  .0001488
T 2097 19 .1518299E+11   3400000E-01 -.1225E+01 -.2688E+02   .9999999 -.0000463 -.0001807
T 2098 19 .1518302E+11   3400006E-01  .2531E+02 -.1718E+02   .9999999  .0001734 -.0000135
T 2099 19 .1518223E+11   3400017E-01  .1537E+01  .2136E+02   .9999999 -.0000164  .0003228
T 2100 19 .1518392E+11   3400015E-01 -.6216E+02 -.4869E+02   .9999999 -.0004368 -.0001487
T 2101 19 .1518164E+11   3400016E-01 -.2729E+01 -.2711E+02   .9999999 -.0000674 -.0001006
T 2102 19 .1518190E+11   3400011E-01  .6207E+01  .2965E+02   .9999999 -.0001522  .0001031
T 2103 19 .1518389E+11   3400000E-01  .7320E+02 -.3305E+02   .9999999  .0004487 -.0002224
T 2104 19 .1518374E+11   3400022E-01 -.6681E+01  .5557E+02   .9999999 -.0000768  .0003701
T 2105 19 .1518298E+11   3400020E-01 -.5282E+02 -.6573E+01   .9999999 -.0004009  .0002053
T 2106 19 .1518273E+11   3400002E-01  .3427E+02 -.8957E+01   .9999999  .0001472 -.0000890
T 2107 19 .1518030E+11   3400019E-01  .6896E+02 -.1388E+02   .9999999  .0003653 -.0001109
T 2108 19 .1518373E+11   3400020E-01 -.7100E+02  .6664E+02   .9999998 -.0003841  .0005127
T 2109 19 .1518232E+11   3400016E-01 -.5831E+01 -.4405E+02   .9999999 -.0000824 -.0004191
T 2110 19 .1518282E+11   3400018E-01  .3227E+02 -.2692E+02   .9999999  .0004632 -.0002333
T 2111 19 .1518324E+11   3400018E-01 -.3304E+02 -.1548E+02   .9999999 -.0000499 -.0003159
T 2112 19 .1518314E+11   3400010E-01 -.2169E+02 -.1882E+02   .9999999 -.0000697 -.0003593
T 2113 19 .1518311E+11   3400016E-01  .1996E+02 -.3193E+02   .9999999  .0002089 -.0000349
T 2114 19 .1518130E+11   3400014E-01  .6013E+02  .2515E+02   .9999999  .0004406  .0002357
T 2115 19 .1518065E+11   3400020E-01 -.2629E+02  .2215E+02   .9999999 -.0000597  .0001795
T 2116 19 .1518301E+11   3400011E-01  .9511E+01  .3558E+02   .9999999 -.0000934  .0002822
T 2117 19 .1518293E+11   3400005E-01  .3611E+02  .2501E+02   .9999999  .0002812  .0000339
T 2118 19 .1518046E+11   3400001E-01 -.8068E+00 -.2882E+01   .9999999 -.0001742 -.0000970
T 2119 19 .1518252E+11   3400015E-01  .1636E+02  .2263E+02   .9999999  .0002215  .0003067
T 2120 19 .1518156E+11   3400000E-01  .3097E+02  .9473E+00   .9999999  .0001914  .0000841
T 2121 19 .1518330E+11   3400005E-01  .2828E+02 -.3858E+02   .9999999  .0001833 -.0002918
T 2122 19 .1518155E+11   3400005E-01 -.4578E+01 -.3086E+02   .9999999  .0000257  .0000308
T 2123 19 .1518058E+11   3400018E-01 -.4858E+02  .2021E+01   .9999999 -.0003881  .0000752
T 2124 19 .1518202E+11   3400006E-01 -.8690E+01  .1449E+02   .9999999 -.0000954  .0000475
T 2125 19 .1518210E+11   3400013E-01  .1029E+03 -.6076E+01   .9999998  .0006338 -.0000464
T 2126 19 .1518286E+11   3400022E-01 -.1564E+02  .2265E+02   .9999999  .0003009  .0004116
T 2127 19 .1518401E+11   3400018E-01  .9670E+02 -.2721E+02   .9999997  .0007651 -.0000816
T 2128 19 .1518273E+11   3400017E-01 -.5838E+01 -.2273E+02   .9999999 -.0002260 -.0001126
T 2129 19 .1518162E+11   3400009E-01  .1012E+01  .4670E+02   .9999999  .0001022  .0004773
T 2130 19 .1518341E+11   3400008E-01  .6218E+02 -.6616E+02   .9999996  .0002323 -.0008039
T 2131 19 .1518390E+11   3400017E-01 -.5243E+02 -.3107E+02   .9999999 -.0002353  .0000551
T 2132 19 .1518388E+11   3400003E-01  .7595E+01 -.1400E+02   .9999999  .0000201 -.0002529
T 2133 19 .1518390E+11   3400013E-01  .4774E+02  .5399E+02   .9999999  .0003153  .0002565
T 2134 19 .1518399E+11   3400019E-01 -.1314E+02  .5451E+01   .9999999 -.0002457  .0000640
T 2135 19 .1518256E+11   3400010E-01 -.1723E+02  .4628E+00   .9999999 -.0001969  .0000154
T 2136 19 .1518251E+11   3400013E-01 -.1820E+02  .6188E+01   .9999999 -.0001550  .0003218
T 2137 19 .1518130E+11   3400008E-01  .7027E+01  .3109E+02   .9999999  .0001610  .0004574
T 2138 19 .1518243E+11   3400007E-01 -.4128E+02  .2878E+02   .9999999 -.0002189  .0001675
T 2139 19 .1518257E+11   3400012E-01 -.1049E+02 -.1802E+02   .9999999 -.0001035 -.0001707
T 2140 19 .1518302E+11   3400004E-01  .3326E+02 -.2012E+02   .9999999 -.0001239 -.0000111
T 2141 19 .1518320E+11   3400013E-01  .1508E+02  .1702E+02   .9999999  .0001020 -.0002173
T 2142 19 .1518294E+11   3400015E-01  .2086E+02 -.6679E+02   .9999999  .0000963 -.0003505
T 2143 19 .1518403E+11   3400000E-01  .4277E+02  .1003E+03   .9999998  .0000886  .0006456
T 2144 19 .1518231E+11   3400008E-01  .1081E+02  .5128E+01   .9999999  .0000809 -.0001045
T 2145 19 .1518354E+11   3400002E-01 -.1244E+02 -.2900E+02   .9999999 -.0004277 -.0001033
T 2146 19 .1518280E+11   3400002E-01  .6409E+02  .5683E+02   .9999998  .0003025  .0005326
T 2147 19 .1518398E+11   3400018E-01  .3885E+00 -.2359E+02   .9999999  .0001930 -.0002802
T 2148 19 .1518278E+11   3400009E-01 -.4283E+01 -.1979E+02   .9999999 -.0000646 -.0000759
T 2149 19 .1518299E+11   3400020E-01  .5900E+01 -.4365E+02   .9999999  .0000557 -.0001660
T 2150 19 .1518197E+11   3400008E-01 -.7269E+02 -.1610E+02   .9999999 -.0004576 -.0001938
T 2151 19 .1518149E+11   3400017E-01  .1512E+02  .1152E+02   .9999999  .0002399  .0004760
T 2152 19 .1518212E+11   3400021E-01 -.1472E+02 -.1042E+02   .9999999 -.0000307 -.0000511
T 2153 19 .1518500E+11   3400017E-01 -.1031E+02  .4243E+02   .9999999 -.0001595  .0001370
T 2154 19 .1518253E+11   3400014E-01 -.5737E+02  .3166E+01   .9999999 -.0002662 -.0000919
T 2155 19 .1518181E+11   3400006E-01 -.6992E+02  .2945E+02   .9999998 -.0004674  .0003369
T 2156 19 .1518302E+11   3400008E-01 -.2215E+02 -.4157E+02   .9999999 -.0001041 -.0002721
T 2157 19 .1518190E+11   3400003E-01 -.1544E+02 -.1443E+02   .9999999 -.0000241  .0002315
T 2158 19 .1518162E+11   3400005E-01  .4365E+02  .1407E+02   .9999999  .0003205 -.0000386
T 2159 19 .1518418E+11   3400005E-01  .5215E+02  .2619E+02   .9999999  .0001871  .0002437
T 2160 19 .1518328E+11   3400009E-01 -.2593E+02 -.1214E+02   .9999999 -.0003136 -.0001401
T 2161 19 .1518356E+11   3400020E-01  .2394E+02 -.8255E+01   .9999999  .0001934 -.0002125
T 2162 19 .1518335E+11   3400023E-01  .4409E+02 -.5890E+02   .9999999  .0000581 -.0004121
T 2163 19 .1518430E+11   3400016E-01  .5196E+01  .1719E+02   .9999999  .0001173  .0001203
T 2164 19 .1518338E+11   3400020E-01  .3936E+02 -.7901E+02   .9999999  .0002609 -.0004271
T 2165 19 .1518285E+11   3400014E-01  .2095E+03 -.8018E+02   .9999987  .0015155 -.0005703
T 2166 19 .1518214E+11   3400016E-01 -.5719E+01 -.3958E+02   .9999999 -.0002436 -.0002321
T 2167 19 .1518191E+11   3400017E-01 -.1358E+02  .2989E+01   .9999999 -.0002436  .0000960
T 2168 19 .1518205E+11   3400022E-01  .3703E+02 -.4187E+02   .9999999  .0003078 -.0000393
T 2169 19 .1518298E+11   3400011E-01  .7684E+02 -.3435E+01   .9999999  .0003246 -.0001198
T 2170 19 .1518242E+11   3400010E-01  .5110E+01  .1573E+02   .9999999  .0001537  .0001284
T 2171 19 .1518046E+11   3400013E-01  .8083E+01 -.1066E+02   .9999999  .0001536  .0000922
T 2172 19 .1518400E+11   3400010E-01  .3699E+02 -.3936E+01   .9999999  .0003472  .0000926
T 2173 19 .1518512E+11   3400018E-01 -.2153E+02 -.4333E+01   .9999999 -.0001894  .0000092
T 2174 19 .1518403E+11   3400019E-01  .4713E+02  .1703E+02   .9999999  .0003347  .0001536
T 2175 19 .1518338E+11   3400011E-01 -.3462E+01 -.1625E+02   .9999999 -.0001529 -.0001088
T 2176 19 .1518238E+11   3400009E-01 -.2165E+02  .1823E+01   .9999999 -.0001820 -.0000174
T 2177 19 .1518182E+11   3400012E-01 -.7993E+02  .2778E+02   .9999999 -.0002602  .0000521
T 2178 19 .1518022E+11   3400018E-01  .3008E+01  .3063E+02   .9999999 -.0002110  .0000402
T 2179 19 .1518128E+11   3400001E-01  .3654E+02  .1476E+02   .9999999  .0002921  .0001469
T 2180 19 .1518211E+11   3400021E-01  .2695E+02  .8040E+00   .9999999  .0001989 -.0000025
T 2181 19 .1518301E+11   3400010E-01  .1987E+02 -.1766E+01   .9999999  .0002988 -.0001850
T 2182 19 .1518080E+11   3400011E-01 -.1705E+02 -.9125E+01   .9999999 -.0000523 -.0001805
T 2183 19 .1518256E+11   3400022E-01  .4059E+02 -.2368E+02   .9999999  .0002552 -.0003012
T 2184 19 .1518177E+11   3400007E-01  .1643E+02  .1213E+02   .9999999  .0000552  .0001831
T 2185 19 .1518317E+11   3400007E-01 -.1709E+02  .3590E+02   .9999999  .0000062  .0003888
T 2186 19 .1518282E+11   3400008E-01 -.2846E+02  .3269E+02   .9999999 -.0002525  .0001465
T 2187 19 .1518174E+11   3400000E-01 -.2033E+02  .2690E+02   .9999999  .0000213  .0002265
T 2188 19 .1518272E+11   3400022E-01 -.2196E+02 -.1592E+02   .9999999 -.0003099  .0000599
T 2189 19 .1518299E+11   3400004E-01 -.1806E+02 -.7598E+01   .9999999 -.0001483 -.0001160
T 2190 19 .1518122E+11   3400010E-01 -.3592E+02 -.3081E+02   .9999999 -.0001798 -.0001542
T 2191 19 .1518206E+11   3400016E-01  .1762E+02 -.2101E+02   .9999999  .0001036  .0000358
T 2192 19 .1518160E+11   3400014E-01  .3181E+02  .1051E+02   .9999999 -.0000232  .0002212
T 2193 19 .1518213E+11   3400012E-01  .1830E+02  .2510E+02   .9999999  .0002414  .0001100
T 2194 19 .1518311E+11   3400022E-01 -.7879E+01  .2278E+02   .9999999  .0000106 -.0000327
T 2195 19 .1518344E+11   3400003E-01 -.1281E+02 -.1031E+02   .9999999 -.0000234 -.0000154
T 2196 19 .1518089E+11   3400021E-01  .1761E+01  .1129E+02   .9999999 -.0000073  .0000561
T 2197 19 .1518135E+11   3400020E-01  .3462E+02  .4459E+01   .9999999  .0002451  .0000456
T 2198 19 .1518276E+11   3400015E-01  .1339E+02  .2410E+02   .9999999  .0001391  .0001882
T 2199 19 .1518391E+11   3400021E-01 -.3900E+02  .8868E+01   .9999999 -.0001766  .0000547
T 2200 19 .1518206E+11   3400022E-01  .8030E+01  .1501E+02   .9999999  .0000496  .0000991
T 2201 19 .1518353E+11   3400003E-01 -.5728E+01 -.3149E+02   .9999999 -.0000916 -.0001319
T 2202 19 .1518234E+11   3400005E-01 -.1782E+02 -.2091E+02   .9999999 -.0000832 -.0001237
T 2203 19 .1518360E+11   3400019E-01 -.1843E+02  .4572E+02   .9999999 -.0002220  .0003096
T 2204 19 .1518145E+11   3400017E-01  .4250E+02 -.7962E+00   .9999998  .0006167 -.0000319
T 2205 19 .1518353E+11   3400000E-01 -.9435E+00 -.5593E+02   .9999998 -.0001076 -.0006046
T 2206 19 .1518147E+11   3400003E-01  .2534E+02  .2179E+02   .9999999  .0002089  .0003152
T 2207 19 .1518243E+11   3400005E-01 -.1401E+02 -.3661E+02   .9999999 -.0001783  .0001388
T 2208 19 .1518166E+11   3400000E-01 -.1745E+02  .6157E+01   .9999999 -.0001168  .0000594
T 2209 19 .1518347E+11   3400013E-01  .2057E+02  .1712E+02   .9999999 -.0002057  .0001509
T 2210 19 .1518169E+11   3400010E-01  .2568E+02 -.7221E+01   .9999999  .0002162 -.0001046
T 2211 19 .1518201E+11   3400021E-01 -.1445E+02  .4050E+02   .9999999 -.0000592  .0002348
T 2212 19 .1518393E+11   3400022E-01  .2997E+02 -.4003E+01   .9999999  .0000690 -.0000120
T 2213 19 .1518167E+11   3400001E-01  .2927E+02 -.4317E+01   .9999999  .0000942 -.0000204
T 2214 19 .1518336E+11   3400009E-01  .6483E+01 -.2468E+01   .9999999  .0001890  .0000860
T 2215 19 .1518407E+11   3400019E-01  .5362E+02 -.9794E+02   .9999997  .0001387 -.0007009
T 2216 19 .1518323E+11   3400014E-01 -.4606E+03 -.3833E+03   .9999869 -.0039400 -.0032631
T 2217 19 .1518116E+11   3400021E-01 -.5988E+01 -.3114E+02   .9999999  .0001326 -.0001492
T 2218 19 .1518018E+11   3400001E-01  .3952E+01 -.6804E+02   .9999999 -.0000215 -.0005307
T 2219 19 .1518016E+11   3400017E-01  .3141E+02 -.1633E+02   .9999999  .0000467 -.0003815
T 2220 19 .1518149E+11   3400014E-01  .1363E+02  .3915E+01   .9999999  .0000038  .0000237
T 2221 19 .1518182E+11   3400000E-01  .4988E+02 -.1891E+02   .9999999  .0003056 -.0001269
T 2222 19 .1518230E+11   3400002E-01  .1053E+02 -.3123E+02   .9999999 -.0000080 -.0002320
T 2223 19 .1518373E+11   3400009E-01 -.9975E+01  .4838E+02   .9999999 -.0000594  .0003016
T 2224 19 .1518089E+11   3400000E-01  .2156E+02 -.3491E+02   .9999999  .0003200 -.0002481
T 2225 19 .1518021E+11   3400019E-01  .1365E+02  .6241E+01   .9999999  .0000549  .0000949
T 2226 19 .1518195E+11   3400011E-01  .2819E+02 -.1169E+02   .9999999  .0000399  .0000662
T 2227 19 .1518331E+11   3400010E-01  .2435E+02  .1679E+02   .9999999  .0000387 -.0002815
T 2228 19 .1518379E+11   3400014E-01 -.9090E+01 -.3398E+02   .9999999  .0000827 -.0002042
T 2229 19 .1518329E+11   3400012E-01 -.3165E+02  .3338E+01   .9999997 -.0007766  .0002188
T 2230 19 .1518174E+11   3400013E-01  .4065E+02  .7771E-01   .9999999  .0001190 -.0001687
T 2231 19 .1518371E+11   3400020E-01  .1610E+02 -.1062E+02   .9999999  .0001252 -.0001194
T 2232 19 .1518201E+11   3400004E-01  .3275E+02 -.2215E+02   .9999997  .0001031 -.0007595
T 2233 19 .1518151E+11   3400001E-01  .4630E+02  .5595E+02   .9999998  .0004088  .0004667
T 2234 19 .1518192E+11   3400007E-01  .4467E+01 -.7721E+01   .9999999  .0000606 -.0001511
T 2235 19 .1518243E+11   3400012E-01  .6835E+02  .9055E+01   .9999998  .0005614  .0000890
T 2236 19 .1518165E+11   3400022E-01  .8240E+01 -.1345E+02   .9999999 -.0001591 -.0001693
T 2237 19 .1518375E+11   3400002E-01  .2145E+02 -.1359E+02   .9999999  .0000251 -.0002193
T 2238 19 .1518157E+11   3400011E-01 -.1540E+00 -.9209E+01   .9999999 -.0000256 -.0000288
T 2239 19 .1518243E+11   3400021E-01 -.5608E+02 -.1934E+02   .9999999 -.0001969 -.0001136
T 2240 19 .1518266E+11   3400012E-01  .8593E+02  .7561E+01   .9999989  .0014762 -.0001781
T 2241 19 .1518222E+11   3400009E-01 -.1058E+02  .3146E+02   .9999999 -.0000529  .0002370
T 2242 19 .1518235E+11   3400022E-01  .3472E+02 -.3562E+02   .9999999  .0000102 -.0003297
T 2243 19 .1518077E+11   3400017E-01  .2521E+02  .1582E+02   .9999999  .0000598  .0001877
T 2244 19 .1518371E+11   3400020E-01 -.3144E+01 -.6059E+01   .9999999  .0000625 -.0000245
T 2245 19 .1518224E+11   3400006E-01  .5897E+01  .2884E+02   .9999999  .0000531  .0001924
T 2246 19 .1518233E+11   3400021E-01 -.8120E+01  .7037E+01   .9999999 -.0000936  .0000587
T 2247 19 .1518251E+11   3400019E-01  .2547E+01 -.1503E+02   .9999999  .0000562  .0000313
T 2248 19 .1518192E+11   3400021E-01 -.1237E+02  .3325E+02   .9999999 -.0000207  .0000753
T 2249 19 .1518238E+11   3400020E-01 -.5172E+02 -.5066E+02   .9999998 -.0002022 -.0005714
T 2250 19 .1518270E+11   3400002E-01 -.1179E+02 -.4239E+02   .9999999 -.0000239 -.0002522
T 2251 19 .1518217E+11   3400003E-01  .5434E+02  .6309E+02   .9999999  .0002990  .0001513
T 2252 19 .1518302E+11   3400005E-01  .2567E+02  .4628E+00   .9999999  .0002392  .0000007
T 2253 19 .1518358E+11   3400005E-01  .9093E+01 -.2156E+02   .9999999  .0002107  .0000182
T 2254 19 .1518329E+11   3400010E-01 -.2024E+02 -.1650E+02   .9999998  .0000491 -.0006095
T 2255 19 .1518153E+11   3400020E-01 -.6094E+02 -.3186E+02   .9999999 -.0003063 -.0000096
T 2256 19 .1518165E+11   3400003E-01 -.1512E+02  .2407E+02   .9999999 -.0000780  .0001861
T 2257 19 .1518243E+11   3400010E-01 -.1298E+03  .7085E+01   .9999997 -.0007731  .0001286
T 2258 19 .1518437E+11   3400010E-01  .2355E+01 -.1704E+02   .9999999 -.0000619 -.0001279
T 2259 19 .1518290E+11   3400006E-01 -.1317E+01  .2372E+02   .9999999 -.0000488  .0000868
T 2260 19 .1518320E+11   3400012E-01 -.3127E+02 -.2719E+02   .9999999 -.0001212 -.0001718
T 2261 19 .1518368E+11   3400014E-01  .1147E+02 -.2012E+02   .9999999  .0001516 -.0001334
T 2262 19 .1518276E+11   3400020E-01  .6366E+02  .7551E+01   .9999994  .0010612  .0003594
T 2263 19 .1518148E+11   3400009E-01 -.5640E+02 -.6227E+01   .9999999 -.0005273  .0000065
T 2264 19 .1518418E+11   3400021E-01 -.2052E+02 -.4745E+01   .9999999  .0000320 -.0000271
T 2265 19 .1518137E+11   3400010E-01  .1897E+02  .7069E+01   .9999999  .0002221 -.0000548
T 2266 19 .1518254E+11   3400013E-01  .8358E+01 -.1578E+02   .9999999 -.0001138 -.0000329
T 2267 19 .1518446E+11   3400005E-01 -.1145E+02  .7550E+01   .9999999 -.0000663 -.0001264
T 2268 19 .1518138E+11   3400004E-01  .1877E+02 -.2917E+02   .9999999  .0000888 -.0003018
T 2269 19 .1518288E+11   3400002E-01  .3039E+02 -.1622E+02   .9999999  .0002573 -.0001141
T 2270 19 .1518115E+11   3400008E-01  .1772E+02  .1308E+02   .9999999  .0002053  .0001226
T 2271 19 .1518239E+11   3400015E-01  .1643E+02 -.1182E+02   .9999999  .0001205  .0000247
T 2272 19 .1518209E+11   3400016E-01 -.6885E+01  .3051E+01   .9999999  .0000368 -.0000318
T 2273 19 .1518323E+11   3400006E-01 -.1593E+02  .1359E+02   .9999999 -.0001781  .0002045
T 2274 19 .1518231E+11   3400022E-01  .1197E+02  .2383E+02   .9999999  .0002156  .0002170
T 2275 19 .1518497E+11   3400022E-01  .2146E+01 -.5502E+02   .9999999 -.0000051 -.0002909
T 2276 19 .1518229E+11   3400019E-01  .4338E+02  .1311E+02   .9999999  .0004913 -.0001528
T 2277 19 .1518160E+11   3400009E-01 -.1060E+02  .1801E+01   .9999999 -.0001216 -.0000316
T 2278 19 .1518146E+11   3400017E-01  .3696E+01 -.8950E+00   .9999999 -.0001023  .0001260
T 2279 19 .1518126E+11   3400011E-01 -.3294E+02  .2420E+02   .9999999 -.0001035  .0004676
T 2280 19 .1518309E+11   3400021E-01 -.1951E+02 -.6976E+02   .9999998 -.0000813 -.0005464
T 2281 19 .1518208E+11   3400022E-01  .6793E+01 -.5408E+02   .9999999 -.0000406 -.0003929
T 2282 19 .1518241E+11   3400013E-01 -.5501E+01  .1407E+02   .9999999 -.0000998  .0001981
T 2283 19 .1518124E+11   3400018E-01  .1462E+01  .1010E+02   .9999999 -.0001496  .0000678
T 2284 19 .1518268E+11   3400000E-01 -.1923E+02 -.9610E+01   .9999999 -.0001326  .0000992
T 2285 19 .1518270E+11   3400008E-01  .1943E+02  .3701E+02   .9999997  .0001803  .0006991
T 2286 19 .1518064E+11   3400015E-01 -.6996E+01 -.1133E+02   .9999999  .0000139 -.0002124
T 2287 19 .1518269E+11   3400003E-01 -.2318E+02 -.3177E+02   .9999999 -.0003807 -.0001201
T 2288 19 .1518332E+11   3400021E-01  .2892E+02  .4703E+02   .9999998  .0002079  .0005493
T 2289 19 .1518347E+11   3400011E-01 -.4774E+01 -.2086E+02   .9999999  .0000067 -.0000298
T 2290 19 .1518187E+11   3400015E-01  .1867E+02 -.5432E+02   .9999999  .0001236 -.0003443
T 2291 19 .1518347E+11   3400010E-01 -.2050E+02  .4157E+02   .9999999 -.0001334  .0003103
T 2292 19 .1518286E+11   3400016E-01 -.2451E+02  .2048E+02   .9999999 -.0003528  .0001927
T 2293 19 .1518192E+11   3400004E-01  .4938E+02 -.1071E+02   .9999999  .0002684 -.0000256
T 2294 19 .1518317E+11   3400015E-01  .3213E+02  .1901E+00   .9999999  .0002504 -.0002167
T 2295 19 .1518351E+11   3400014E-01  .5981E+01  .2796E+02   .9999999  .0001983  .0001664
T 2296 19 .1518377E+11   3400005E-01 -.3317E+02  .4163E+01   .9999999 -.0000799  .0000453
T 2297 19 .1518142E+11   3400000E-01 -.5849E+00 -.5758E+02   .9999999 -.0001344 -.0004128
T 2298 19 .1518263E+11   3400021E-01 -.3162E+02  .2116E+01   .9999999 -.0000397 -.0000082
T 2299 19 .1518244E+11   3400021E-01  .1381E+01 -.1141E+02   .9999999  .0000863 -.0001593
T 2300 19 .1518298E+11   3400012E-01 -.7628E+01  .4955E+02   .9999999  .0000591  .0003671
T 2301 19 .1518171E+11   3400000E-01  .1003E+02 -.1772E+02   .9999999  .0000006 -.0000790
T 2302 19 .1518223E+11   3400017E-01  .1479E+03 -.8900E+01   .9999997  .0007150 -.0001507
T 2303 19 .1518259E+11   3400002E-01  .1897E+02  .4182E+02   .9999999 -.0000461  .0002760
T 2304 19 .1518286E+11   3400004E-01 -.1510E+02  .1642E+02   .9999999 -.0001585 -.0000834
T 2305 19 .1518312E+11   3400013E-01  .4976E+02 -.4878E+02   .9999999  .0002171 -.0001372
T 2306 19 .1518353E+11   3400014E-01 -.4828E+02  .5817E+02   .9999997 -.0004261  .0005862
T 2307 19 .1518083E+11   3400013E-01 -.2663E+02 -.6706E+01   .9999999 -.0001718 -.0000931
T 2308 19 .1518323E+11   3400006E-01 -.5599E+01 -.1116E+02   .9999999  .0003767 -.0003384
T 2309 19 .1518528E+11   3400020E-01 -.2965E+02 -.1667E+02   .9999999 -.0003117 -.0001570
T 2310 19 .1518263E+11   3400017E-01  .2197E+02  .2059E+02   .9999999  .0002606 -.0000630
T 2311 19 .1518523E+11   3400011E-01 -.1440E+01  .2111E-01   .9999999 -.0000356 -.0000990
T 2312 19 .1518198E+11   3400010E-01  .2689E+02 -.3275E+01   .9999999  .0001787  .0000633
T 2313 19 .1518480E+11   3400014E-01 -.6777E+02  .3868E+02   .9999999 -.0004496  .0003010
T 2314 19 .1518034E+11   3400002E-01  .4632E+02 -.1225E+03   .9999998  .0002617 -.0005308
T 2315 19 .1518353E+11   3400019E-01 -.2166E+02 -.4871E+01   .9999999 -.0001761  .0000606
T 2316 19 .1518182E+11   3400016E-01  .1096E+03  .1001E+03   .9999997  .0004881  .0006196
T 2317 19 .1518137E+11   3400018E-01  .3812E+02 -.5212E+01   .9999999  .0003461  .0001638
T 2318 19 .1518225E+11   3400023E-01  .3137E+02  .1089E+02   .9999999  .0001430  .0001528
T 2319 19 .1518205E+11   3400013E-01 -.2946E+02  .1327E+02   .9999999 -.0002490  .0003255
T 2320 19 .1518339E+11   3400015E-01 -.7270E+00 -.1998E+01   .9999999  .0000142  .0001436
T 2321 19 .1518254E+11   3400020E-01 -.2676E+02 -.4671E+01   .9999999 -.0002623 -.0000801
T 2322 19 .1518307E+11   3400010E-01 -.8618E+01 -.6256E+02   .9999999 -.0001525 -.0004049
T 2323 19 .1518215E+11   3400013E-01 -.2095E+01 -.4844E+02   .9999998 -.0000694 -.0005752
T 2324 19 .1518228E+11   3400018E-01  .2633E+02  .2578E+02   .9999999  .0001501  .0001646
T 2325 19 .1518232E+11   3400003E-01 -.5865E+01 -.2486E+02   .9999999 -.0000338 -.0001432
T 2326 19 .1518126E+11   3400017E-01 -.1063E+00  .2810E+02   .9999999  .0001074  .0002177
T 2327 19 .1518299E+11   3400011E-01 -.3999E+01 -.3808E+02   .9999999 -.0003568 -.0000186
T 2328 19 .1518165E+11   3400013E-01 -.5253E+02 -.8194E+02   .9999999 -.0002730 -.0003883
T 2329 19 .1518229E+11   3400011E-01  .3346E+02 -.7268E+02   .9999999  .0001944 -.0002891
T 2330 19 .1518369E+11   3400000E-01  .3351E+02 -.4165E+02   .9999999  .0003431 -.0003781
T 2331 19 .1518269E+11   3400010E-01 -.4789E+01  .1295E+02   .9999999 -.0000703  .0001810
T 2332 19 .1518410E+11   3400010E-01  .1146E+02  .2635E+02   .9999999 -.0000816  .0000726
T 2333 19 .1518200E+11   3400017E-01  .1253E+02 -.4440E+02   .9999999  .0000178 -.0003954
T 2334 19 .1518345E+11   3400002E-01 -.5636E+02  .5841E+02   .9999998 -.0003022  .0005530
T 2335 19 .1518312E+11   3400001E-01  .4234E+02 -.2411E+02   .9999999  .0003156 -.0001516
T 2336 19 .1518332E+11   3400015E-01  .9016E+01 -.2448E+02   .9999999  .0001710 -.0001888
T 2337 19 .1518267E+11   3400018E-01 -.2068E+02 -.1858E+02   .9999997 -.0001154 -.0007396
T 2338 19 .1518211E+11   3400022E-01 -.4666E+02 -.3521E+02   .9999998 -.0005197 -.0003704
T 2339 19 .1518388E+11   3400020E-01 -.3510E+02  .3450E+02   .9999999 -.0001081  .0002131
T 2340 19 .1518187E+11   3400017E-01  .7091E+01 -.8078E+01   .9999999  .0001238  .0001204
T 2341 19 .1518377E+11   3400019E-01  .2122E+02  .1088E+02   .9999999  .0000866 -.0000436
T 2342 19 .1518241E+11   3400001E-01  .6777E+01 -.2739E+01   .9999999  .0001239 -.0003247
T 2343 19 .1518244E+11   3400006E-01 -.2885E+02  .1793E+02   .9999999 -.0002407  .0001720
T 2344 19 .1518245E+11   3400002E-01  .2002E+02 -.3309E+01   .9999999  .0000988 -.0000820
T 2345 19 .1518228E+11   3400006E-01  .1118E+02  .1155E+02   .9999999  .0000911  .0003161
T 2346 19 .1518059E+11   3400002E-01  .1072E+02  .4706E+02   .9999999 -.0000910  .0003954
T 2347 19 .1518168E+11   3400014E-01  .1831E+02 -.1095E+02   .9999999  .0001514 -.0001204
T 2348 19 .1518253E+11   3400009E-01 -.2903E+02  .2420E+02   .9999999 -.0002303  .0000203
T 2349 19 .1518286E+11   3400022E-01  .5266E+02  .1187E+03   .9999991  .0007728  .0011252
T 2350 19 .1518094E+11   3400017E-01  .1853E+02 -.5337E+02   .9999998 -.0000059 -.0005775
T 2351 19 .1518458E+11   3400018E-01  .2044E+02 -.2700E+02   .9999999  .0000948 -.0001690
T 2352 19 .1518279E+11   3400002E-01  .2034E+02 -.5036E+02   .9999999  .0000054 -.0004223
T 2353 19 .1518337E+11   3400010E-01  .2931E+02  .3015E+01   .9999999  .0002923  .0000389
T 2354 19 .1518390E+11   3400008E-01 -.3155E+02  .6273E+01   .9999999 -.0002007 -.0001098
T 2355 19 .1518188E+11   3400013E-01  .4381E+01  .8679E+01   .9999999  .0001863 -.0000001
T 2356 19 .1518374E+11   3400018E-01 -.1261E+02  .2298E+02   .9999999 -.0000773  .0002580
T 2357 19 .1518041E+11   3400016E-01  .3788E+01 -.1424E+01   .9999999  .0000452 -.0000862
T 2358 19 .1518239E+11   3400002E-01  .2204E+01  .6323E+01   .9999999 -.0001452  .0000623
T 2359 19 .1518322E+11   3400003E-01 -.2966E+02  .1952E+02   .9999999 -.0000373  .0000885
T 2360 19 .1518247E+11   3400005E-01  .1525E+02  .3002E+02   .9999999 -.0001629  .0004410
T 2361 19 .1518246E+11   3400011E-01  .1408E+02 -.2492E+01   .9999999 -.0000608 -.0000135
T 2362 19 .1518235E+11   3400012E-01 -.5878E+02 -.8893E+01   .9999999 -.0002930 -.0000353
T 2363 19 .1518420E+11   3400011E-01  .3056E+02 -.3256E+01   .9999999  .0001597 -.0000764
T 2364 19 .1518361E+11   3400004E-01 -.2653E+02  .5725E+01   .9999999 -.0001195  .0000693
T 2365 19 .1518160E+11   3400019E-01 -.4388E+02  .3289E+02   .9999999 -.0001909  .0003057
T 2366 19 .1518306E+11   3400006E-01  .2873E+02 -.2677E+02   .9999999  .0001537 -.0003880
T 2367 19 .1518145E+11   3400014E-01  .1081E+02 -.1942E+02   .9999999  .0000799  .0000625
T 2368 19 .1518219E+11   3400010E-01  .6342E+01 -.9897E+02   .9999998  .0000668 -.0006673
T 2369 19 .1518321E+11   3400014E-01  .1398E+02 -.1049E+02   .9999999 -.0000058 -.0004479
T 2370 19 .1518244E+11   3400021E-01 -.1075E+03  .1025E+02   .9999997 -.0007647  .0001998
T 2371 19 .1518342E+11   3400017E-01 -.3611E+02 -.1157E+02   .9999999 -.0001524  .0000332
T 2372 19 .1518240E+11   3400006E-01 -.1430E+02 -.3645E+02   .9999999 -.0000785 -.0002062
T 2373 19 .1518146E+11   3400002E-01 -.2291E+02 -.2793E+02   .9999999 -.0002150 -.0001192
T 2374 19 .1518248E+11   3400021E-01 -.1603E+02  .2082E+02   .9999999 -.0003011  .0001787
T 2375 19 .1518432E+11   3400021E-01  .1044E+02  .1651E+02   .9999999  .0000073  .0001624
T 2376 19 .1518334E+11   3400006E-01 -.2788E+02 -.3475E+02   .9999999 -.0003303 -.0000672
T 2377 19 .1518049E+11   3400014E-01 -.1924E+02  .1797E+02   .9999999 -.0002829  .0001153
T 2378 19 .1518383E+11   3400016E-01 -.3433E+02 -.1124E+02   .9999999 -.0001560  .0000296
T 2379 19 .1518316E+11   3400014E-01 -.4240E+02 -.4886E+01   .9999999 -.0003164 -.0000140
T 2380 19 .1518240E+11   3400004E-01 -.8983E+01 -.4493E+02   .9999999 -.0000245 -.0003473
T 2381 19 .1518142E+11   3400022E-01 -.6433E+02  .4726E+02   .9999989 -.0010673  .0010009
T 2382 19 .1518204E+11   3400022E-01 -.2228E+02  .2770E+02   .9999999 -.0002539  .0001659
T 2383 19 .1518368E+11   3400001E-01  .2713E+02  .2036E+02   .9999999  .0001802  .0001360
T 2384 19 .1518345E+11   3400005E-01  .5449E+02  .2099E+02   .9999999  .0004939  .0001818
T 2385 19 .1518140E+11   3400001E-01  .6226E+02  .5374E+02   .9999999  .0003089  .0003029
T 2386 19 .1518403E+11   3400001E-01  .6944E+02 -.6076E+01   .9999999  .0002504 -.0000897
T 2387 19 .1518366E+11   3400020E-01  .1055E+02  .4246E+02   .9999999  .0000915  .0002184
T 2388 19 .1518161E+11   3400021E-01 -.2898E+02 -.9432E+01   .9999999 -.0000036 -.0000480
T 2389 19 .1518149E+11   3400013E-01  .9750E+01  .1598E+02   .9999999  .0001599  .0003905
T 2390 19 .1518394E+11   3400016E-01 -.1382E+02  .3804E+02   .9999999 -.0001295  .0000940
T 2391 19 .1518203E+11   3400017E-01 -.2163E+02 -.5230E+02   .9999999 -.0002127 -.0001257
T 2392 19 .1518240E+11   3400010E-01  .1379E+02 -.3515E+02   .9999999  .0000604 -.0002239
T 2393 19 .1518213E+11   3400007E-01 -.1902E+02 -.8539E+02   .9999997 -.0001697 -.0007412
T 2394 19 .1518322E+11   3400009E-01 -.2134E+02  .2107E+02   .9999999 -.0000732  .0001570
T 2395 19 .1518143E+11   3400001E-01  .7098E+01 -.1171E+02   .9999999 -.0000738  .0000598
T 2396 19 .1518146E+11   3400001E-01  .2898E+01 -.2963E+02   .9999999  .0001722 -.0000873
T 2397 19 .1518352E+11   3400018E-01  .9726E+02 -.3171E+02   .9999999  .0004654  .0001172
T 2398 19 .1518046E+11   3400017E-01 -.1503E+02 -.5520E+01   .9999999 -.0002056 -.0000851
T 2399 19 .1518224E+11   3400005E-01  .1484E+02  .3279E+01   .9999999  .0001212  .0002584
T 2400 19 .1518225E+11   3400005E-01  .1735E+02 -.1375E+02   .9999999 -.0000272 -.0001362
T 2401 19 .1518376E+11   3400015E-01 -.2749E+02  .7852E+01   .9999999 -.0001429  .0000604
T 2402 19 .1518486E+11   3400011E-01 -.1462E+01 -.1391E+02   .9999999 -.0001870 -.0001904
T 2403 19 .1518144E+11   3400016E-01 -.1236E+02 -.3408E+02   .9999999 -.0000144 -.0002318
T 2404 19 .1518469E+11   3400013E-01 -.5379E+01 -.6441E+01   .9999999 -.0000572 -.0000993
T 2405 19 .1518191E+11   3400003E-01  .2733E+02  .1721E+03   .9999996  .0002963  .0007859
T 2406 19 .1518168E+11   3400008E-01  .1085E+02 -.6846E+01   .9999999  .0001700 -.0000433
T 2407 19 .1518106E+11   3400006E-01 -.2287E+02  .2085E+02   .9999999 -.0000872  .0000718
T 2408 19 .1518280E+11   3400021E-01  .2250E+02  .1754E+02   .9999999  .0001615  .0000614
T 2409 19 .1518288E+11   3400014E-01  .1636E+02 -.1010E+02   .9999999  .0000207 -.0001101
T 2410 19 .1518409E+11   3400009E-01  .1024E+02 -.3490E+02   .9999999  .0000020 -.0000262
T 2411 19 .1518078E+11   3400016E-01  .1330E+02 -.3562E+01   .9999999  .0001140  .0001740
T 2412 19 .1518371E+11   3400020E-01 -.6482E+01  .1181E+01   .9999999 -.0001119  .0004833
T 2413 19 .1518108E+11   3400001E-01 -.2959E+02  .1710E+02   .9999999 -.0001342  .0001060
T 2414 19 .1518196E+11   3400001E-01  .2487E+02  .1042E+03   .9999997  .0005258  .0005360
T 2415 19 .1518360E+11   3400022E-01 -.9554E+01  .3087E+02   .9999999  .0000224  .0003783
T 2416 19 .1518401E+11   3400017E-01 -.1772E+02 -.2667E+01   .9999999 -.0000644  .0000797
T 2417 19 .1518162E+11   3400013E-01 -.4897E+02  .1709E+01   .9999997 -.0007516 -.0002082
T 2418 19 .1518115E+11   3400016E-01  .3594E+02 -.3854E+02   .9999999  .0000530 -.0001565
T 2419 19 .1518295E+11   3400021E-01 -.2116E+02 -.1229E+02   .9999999 -.0000938 -.0000826
T 2420 19 .1518374E+11   3400017E-01  .9375E+01  .3205E+01   .9999999 -.0001177  .0000949
T 2421 19 .1518462E+11   3400018E-01 -.2366E+01 -.2512E+02   .9999999  .0000327 -.0003007
T 2422 19 .1518187E+11   3400002E-01 -.1545E+02 -.3498E+02   .9999999 -.0001098 -.0002251
T 2423 19 .1518156E+11   3400018E-01  .3561E+02 -.3029E+02   .9999999  .0001119 -.0001011
T 2424 19 .1518204E+11   3400020E-01 -.9338E+01  .8169E+01   .9999999  .0000358 -.0000663
T 2425 19 .1518189E+11   3400013E-01  .4119E+02  .3350E+02   .9999999  .0000879  .0003051
T 2426 19 .1518396E+11   3400014E-01  .7712E+01  .2206E+02   .9999999  .0000391  .0000393
T 2427 19 .1518277E+11   3400008E-01 -.9479E+02  .1189E+02   .9999997 -.0007784  .0001871
T 2428 19 .1518206E+11   3400015E-01  .8615E+00  .9079E+01   .9999999  .0001572 -.0000286
T 2429 19 .1518191E+11   3400018E-01 -.1847E+02 -.4582E+02   .9999999 -.0001824 -.0004100
T 2430 19 .1518291E+11   3400012E-01 -.1885E+02  .4641E+02   .9999999 -.0001165  .0002781
T 2431 19 .1518115E+11   3400021E-01 -.8726E+02  .6135E+02   .9999998 -.0005769  .0003371
T 2432 19 .1518187E+11   3400012E-01 -.5658E+01  .4145E+02   .9999999 -.0000871  .0001792
T 2433 19 .1518116E+11   3400015E-01 -.3122E+02  .2045E+02   .9999999 -.0003431  .0002171
T 2434 19 .1518238E+11   3400005E-01 -.6609E+01 -.2949E+02   .9999999 -.0001682 -.0002858
T 2435 19 .1518166E+11   3400017E-01 -.8579E+01  .5361E+02   .9999999 -.0001057  .0002888
T 2436 19 .1518442E+11   3400018E-01 -.7093E+01 -.3828E+02   .9999999 -.0000090 -.0002262
T 2437 19 .1518266E+11   3400004E-01  .3835E+02  .2025E+02   .9999999  .0002510  .0001586
T 2438 19 .1518259E+11   3400013E-01 -.3240E+02 -.1104E+01   .9999999 -.0002954  .0001287
T 2439 19 .1518305E+11   3400023E-01 -.4784E+01  .7666E+01   .9999999  .0001154  .0001069
T 2440 19 .1518284E+11   3400018E-01 -.4115E+02  .1462E+02   .9999999 -.0003873  .0002308
T 2441 19 .1518395E+11   3400002E-01  .1187E+02  .8205E+00   .9999999  .0000777 -.0001159
T 2442 19 .1518083E+11   3400011E-01  .8275E+01 -.2880E+02   .9999999  .0000159 -.0002185
T 2443 19 .1518274E+11   3400019E-01 -.2519E+02 -.1842E+02   .9999999 -.0002129 -.0000475
T 2444 19 .1518270E+11   3400014E-01  .3635E+02  .1428E+02   .9999999  .0002345  .0000340
T 2445 19 .1518569E+11   3400007E-01  .2854E+02 -.5364E+02   .9999999 -.0002322 -.0004363
T 2446 19 .1518155E+11   3400012E-01 -.7281E+02 -.8476E+01   .9999999 -.0005032  .0001237
T 2447 19 .1518154E+11   3400016E-01  .2921E+02 -.1092E+02   .9999999  .0001729 -.0001292
T 2448 19 .1518245E+11   3400005E-01  .1266E+02 -.2152E+01   .9999999  .0001819  .0000539
T 2449 19 .1518273E+11   3400004E-01 -.2643E+02 -.1688E+02   .9999999 -.0001701 -.0001930
T 2450 19 .1518169E+11   3400014E-01  .3047E+01 -.1655E+02   .9999999 -.0000770 -.0000020
T 2451 19 .1518141E+11   3400003E-01 -.3214E+02 -.1170E+02   .9999999 -.0000808 -.0000346
T 2452 19 .1518559E+11   3400015E-01 -.1671E+02 -.2714E+02   .9999999  .0000623 -.0003177
T 2453 19 .1518318E+11   3400003E-01 -.2058E+02 -.3071E+02   .9999999 -.0002019 -.0004069
T 2454 19 .1518255E+11   3400011E-01  .5073E+02 -.3781E+02   .9999998  .0005504 -.0003319
T 2455 19 .1518398E+11   3400022E-01 -.3197E+02 -.7637E+00   .9999999 -.0003955 -.0000063
T 2456 19 .1518227E+11   3400020E-01  .1054E+02 -.2243E+02   .9999999  .0001383 -.0001649
T 2457 19 .1518359E+11   3400002E-01 -.3263E+01  .2924E+01   .9999999 -.0000930  .0000268
T 2458 19 .1518251E+11   3400000E-01 -.1750E+02 -.3841E+01   .9999999 -.0001007 -.0001101
T 2459 19 .1518272E+11   3400015E-01  .4574E+02  .5947E+02   .9999999  .0001383  .0004860
T 2460 19 .1518262E+11   3400016E-01 -.6049E+01  .5223E+01   .9999999 -.0000859  .0001217
T 2461 19 .1518365E+11   3400012E-01 -.5969E+01 -.9618E+00   .9999999 -.0002006  .0002647
T 2462 19 .1518358E+11   3400012E-01  .4173E+02 -.7926E+02   .9999998 -.0000049 -.0005572
T 2463 19 .1518422E+11   3400017E-01  .9828E+02  .3127E+02   .9999996  .0008496  .0002754
T 2464 19 .1518305E+11   3400020E-01  .5121E+02  .1901E+01   .9999999  .0003993  .0000322
T 2465 19 .1518315E+11   3400014E-01  .6169E+02 -.4045E+02   .9999999  .0003441 -.0002132
T 2466 19 .1518227E+11   3400010E-01  .2199E+02 -.1327E+02   .9999999 -.0000536 -.0000184
T 2467 19 .1518105E+11   3400016E-01  .1192E+02  .5101E+02   .9999998 -.0000770  .0006790
T 2468 19 .1518149E+11   3400003E-01 -.2241E+02  .1758E+02   .9999999 -.0000650  .0002850
T 2469 19 .1518417E+11   3400016E-01 -.4022E+02  .1472E+02   .9999999 -.0001506  .0000949
T 2470 19 .1518319E+11   3400005E-01 -.1597E+02  .1091E+01   .9999999  .0001814  .0000236
T 2471 19 .1518360E+11   3400016E-01 -.3888E+02 -.6164E+02   .9999997 -.0006409 -.0004502
T 2472 19 .1518316E+11   3400016E-01 -.2669E+02  .2514E+02   .9999999 -.0003000  .0003485
T 2473 19 .1518448E+11   3400005E-01 -.1884E+02 -.5264E+01   .9999999  .0000621 -.0002083
T 2474 19 .1518259E+11   3400014E-01  .2621E+02  .1970E+02   .9999999  .0001237  .0001950
T 2475 19 .1518224E+11   3400017E-01  .5688E+02 -.4846E+02   .9999999  .0002937 -.0002935
T 2476 19 .1518406E+11   3400006E-01 -.3104E+02  .1087E+02   .9999999 -.0001756  .0000857
T 2477 19 .1518307E+11   3400011E-01  .2743E+02 -.1764E+02   .9999999  .0000595 -.0002125
T 2478 19 .1518031E+11   3400023E-01  .2249E+02 -.1587E+02   .9999999  .0002202 -.0000912
T 2479 19 .1517986E+11   3400022E-01  .2923E+02 -.2138E+02   .9999999  .0002460 -.0000329
T 2480 19 .1518089E+11   3400003E-01  .7041E+01 -.2092E+02   .9999999 -.0000010 -.0003246
T 2481 19 .1518307E+11   3400019E-01 -.1502E+02  .1929E+02   .9999999 -.0000508  .0000151
T 2482 19 .1518358E+11   3400005E-01  .1062E+02 -.1183E+02   .9999999 -.0000244  .0002508
T 2483 19 .1518172E+11   3400017E-01  .1340E+02  .6525E+02   .9999999 -.0000838  .0001984
T 2484 19 .1518181E+11   3400001E-01  .2917E+02  .3737E+02   .9999999 -.0000349  .0003065
T 2485 19 .1518064E+11   3400017E-01  .3106E+02 -.7491E+01   .9999999  .0003245 -.0000945
T 2486 19 .1518431E+11   3400008E-01  .3043E+01 -.1752E+01   .9999999 -.0001085  .0000567
T 2487 19 .1518304E+11   3400005E-01 -.4208E+02 -.3927E+02   .9999999 -.0002248 -.0003262
T 2488 19 .1518274E+11   3400002E-01  .2856E+02  .1160E+02   .9999999  .0001390  .0001446
T 2489 19 .1518193E+11   3400015E-01  .2552E+02  .1910E+02   .9999999  .0004047 -.0001216
T 2490 19 .1518313E+11   3400004E-01 -.1099E+02  .1517E+02   .9999999  .0000035  .0000534
T 2491 19 .1518292E+11   3400017E-01 -.4186E+02 -.3107E+02   .9999999 -.0003801 -.0001726
T 2492 19 .1518358E+11   3400005E-01 -.2396E+01  .1585E+02   .9999999  .0001390 -.0000290
T 2493 19 .1518177E+11   3400011E-01  .2788E+01  .1434E+02   .9999999  .0000816  .0002182
T 2494 19 .1518271E+11   3400013E-01 -.3166E+01 -.1894E+02   .9999999 -.0000093 -.0001819
T 2495 19 .1518240E+11   3400021E-01  .3470E+03 -.9097E+02   .9999887  .0046500 -.0009794
T 2496 19 .1518304E+11   3400008E-01 -.1417E+02  .5458E+02   .9999999 -.0001533  .0003396
T 2497 19 .1518167E+11   3400004E-01 -.1215E+03  .1702E+02   .9999996 -.0009118  .0000975
T 2498 19 .1518352E+11   3400007E-01  .2154E+01  .4866E+01   .9999999  .0000578 -.0001495
T 2499 19 .1518341E+11   3400020E-01 -.4436E+01 -.9732E+01   .9999999 -.0000049 -.0001910
T 2500 19 .1518276E+11   3400001E-01  .2119E+02 -.2831E+02   .9999999 -.0000080 -.0003426
T 2501 19 .1518123E+11   3400001E-01  .8508E+01  .1806E+02   .9999999 -.0000561  .0001530
T 2502 19 .1518370E+11   3400003E-01 -.6839E+02  .3174E+02   .9999999 -.0003347  .0002908
T 2503 19 .1518312E+11   3400015E-01 -.1819E+02 -.1702E+02   .9999999  .0000437 -.0001798
T 2504 19 .1518127E+11   3400003E-01  .1582E+02  .1007E+02   .9999999  .0000853  .0002436
T 2505 19 .1518042E+11   3400020E-01 -.4657E+01 -.2710E+02   .9999999  .0001593 -.0002991
T 2506 19 .1518166E+11   3400018E-01  .1411E+02 -.2884E+02   .9999999 -.0000175 -.0000650
T 2507 19 .1518269E+11   3400017E-01  .9526E+01 -.3035E+02   .9999999  .0002506 -.0001915
T 2508 19 .1518127E+11   3400014E-01 -.2299E+02  .2536E+02   .9999999 -.0002334  .0000727
T 2509 19 .1518256E+11   3400005E-01 -.2354E+02  .5870E+01   .9999999 -.0000334  .0000620
T 2510 19 .1518387E+11   3400004E-01 -.4198E+02  .2167E+02   .9999999 -.0002200  .0000449
T 2511 19 .1518328E+11   3400012E-01  .2565E+02 -.1142E+03   .9999997  .0002599 -.0007254
T 2512 19 .1518405E+11   3400002E-01  .6203E+01 -.4924E+02   .9999999  .0002638 -.0002756
T 2513 19 .1518334E+11   3400006E-01  .3185E+02  .3413E+02   .9999999  .0002339  .0002702
T 2514 19 .1518276E+11   3400023E-01  .2715E+02 -.5487E+01   .9999999  .0000762 -.0000717
T 2515 19 .1518354E+11   3400003E-01  .1885E+02  .2772E+02   .9999999  .0000939  .0003086
T 2516 19 .1518137E+11   3400016E-01  .3083E+02  .6142E+02   .9999999 -.0001618  .0002191
T 2517 19 .1518169E+11   3400023E-01  .1877E+02  .1221E+02   .9999999 -.0000321 -.0002437
T 2518 19 .1518319E+11   3400002E-01  .7449E+00  .3225E+02   .9999999 -.0000970  .0000451
T 2519 19 .1518331E+11   3400004E-01 -.2245E+02 -.6184E+01   .9999999  .0000969 -.0004096
T 2520 19 .1518022E+11   3400012E-01  .2446E+02 -.2186E+01   .9999999  .0000651 -.0000496
T 2521 19 .1518181E+11   3400017E-01  .1453E+02  .6227E+02   .9999994 -.0000423  .0010593
T 2522 19 .1518073E+11   3400023E-01  .4244E+01 -.1452E+02   .9999999 -.0000039  .0000759
T 2523 19 .1518390E+11   3400019E-01 -.2787E+02 -.1179E+02   .9999999 -.0000876 -.0001204
T 2524 19 .1518408E+11   3400019E-01  .1253E+03  .3868E+02   .9999988  .0015137 -.0002555
T 2525 19 .1518270E+11   3400018E-01  .1343E+02 -.8123E+01   .9999999  .0000763  .0001320
T 2526 19 .1518194E+11   3400019E-01 -.2100E+02 -.4979E+02   .9999999 -.0001698 -.0004001
T 2527 19 .1518158E+11   3400010E-01  .2726E+02  .1106E+02   .9999999  .0003366  .0000985
T 2528 19 .1518116E+11   3400019E-01 -.2580E+02  .1982E+02   .9999999 -.0002194  .0002033
T 2529 19 .1518179E+11   3400014E-01 -.7426E+02 -.2402E+01   .9999990 -.0013807  .0003434
T 2530 19 .1518233E+11   3400009E-01 -.3483E+02  .3233E+02   .9999999 -.0000743  .0000664
T 2531 19 .1518243E+11   3400004E-01 -.1256E+02 -.1644E+02   .9999999  .0000284  .0000003
T 2532 19 .1518304E+11   3400020E-01  .1351E+02  .3327E+02   .9999999 -.0000564  .0001845
T 2533 19 .1518222E+11   3400017E-01  .4247E+02 -.1426E+02   .9999999  .0002151  .0000403
T 2534 19 .1518302E+11   3400020E-01  .3443E+02  .7403E+02   .9999998  .0003401  .0004832
T 2535 19 .1518331E+11   3400019E-01  .1632E+02  .1305E+02   .9999999 -.0000945  .0003343
T 2536 19 .1518398E+11   3400002E-01 -.6363E+02  .7836E+01   .9999999 -.0003712  .0001292
T 2537 19 .1518278E+11   3400010E-01  .2011E+02 -.6000E-01   .9999999 -.0000588 -.0000824
T 2538 19 .1518235E+11   3400019E-01  .1018E+02  .1325E+02   .9999999  .0001224  .0000068
T 2539 19 .1518172E+11   3400022E-01 -.1471E+02 -.1526E+02   .9999999 -.0001520 -.0001042
T 2540 19 .1518306E+11   3400004E-01 -.9320E+02 -.4543E+01   .9999998 -.0005764  .0001463
T 2541 19 .1518369E+11   3400002E-01  .1207E+02  .2570E+02   .9999999  .0001663  .0000399
T 2542 19 .1518203E+11   3400011E-01  .7419E+01 -.1044E+02   .9999999  .0001661 -.0000952
T 2543 19 .1518472E+11   3400012E-01  .3339E+01  .4612E+02   .9999999  .0000342  .0001529
T 2544 19 .1518298E+11   3400020E-01 -.5043E+02  .2416E+02   .9999999 -.0004734  .0002059
T 2545 19 .1518101E+11   3400003E-01 -.5416E+02 -.2998E+02   .9999999 -.0003849 -.0001280
T 2546 19 .1518130E+11   3400018E-01  .4675E+02  .8657E+02   .9999998  .0003981  .0005493
T 2547 19 .1518353E+11   3400008E-01 -.6024E+02 -.3733E+02   .9999998 -.0004815 -.0002844
T 2548 19 .1518366E+11   3400000E-01  .8956E+01 -.3215E+02   .9999999 -.0000213 -.0002093
T 2549 19 .1518032E+11   3400013E-01  .3241E+02 -.7759E+02   .9999998  .0002878 -.0004827
T 2550 19 .1518299E+11   3400011E-01  .9564E+01 -.1877E+01   .9999999  .0001062 -.0000697
T 2551 19 .1518186E+11   3400017E-01 -.6028E+02  .1885E+01   .9999999 -.0002467 -.0001174
T 2552 19 .1518244E+11   3400005E-01  .8537E+01 -.6842E+02   .9999999  .0001216 -.0004030
T 2553 19 .1518134E+11   3400010E-01  .3226E+02  .5963E+02   .9999999  .0001280  .0002384
T 2554 19 .1518252E+11   3400022E-01  .1264E+02  .2643E+02   .9999999  .0002669  .0001938
T 2555 19 .1518174E+11   3400007E-01  .3538E+02  .3594E+01   .9999999  .0002670 -.0000883
T 2556 19 .1518139E+11   3400003E-01  .3474E+02  .2480E+02   .9999999  .0005320 -.0000955
T 2557 19 .1518028E+11   3400012E-01 -.1877E+02  .6108E+02   .9999998 -.0001960  .0006739
T 2558 19 .1518120E+11   3400008E-01 -.2176E+02 -.2899E+02   .9999999 -.0003358 -.0001253
T 2559 19 .1518322E+11   3400011E-01  .8507E+01 -.3385E+02   .9999999  .0000133 -.0000773
T 2560 19 .1518405E+11   3400003E-01 -.2132E+02 -.5981E+02   .9999999  .0000006 -.0004618
T 2561 19 .1518413E+11   3400020E-01  .7871E+00  .1355E+02   .9999999 -.0001171  .0000577
T 2562 19 .1518200E+11   3400021E-01  .2672E+02  .6635E+01   .9999999  .0001466  .0000866
T 2563 19 .1518204E+11   3400003E-01 -.2128E+02  .2356E+02   .9999999 -.0000888  .0000255
T 2564 19 .1518228E+11   3400018E-01 -.3060E+02 -.4767E+01   .9999999 -.0002011 -.0001603
T 2565 19 .1518281E+11   3400006E-01  .5704E+02 -.9810E+02   .9999998  .0003258 -.0005687
T 2566 19 .1518249E+11   3400018E-01  .2740E+02  .3535E+01   .9999999  .0000012 -.0000153
T 2567 19 .1518283E+11   3400017E-01 -.2354E+02  .3243E+02   .9999999 -.0001359  .0002930
T 2568 19 .1518249E+11   3400023E-01 -.1323E+02 -.6087E+01   .9999999 -.0000101  .0000455
T 2569 19 .1518131E+11   3400012E-01 -.1410E+02 -.1961E+02   .9999999  .0000081 -.0001311
T 2570 19 .1518297E+11   3400012E-01 -.1625E+02 -.1185E+02   .9999999 -.0000085 -.0001170
T 2571 19 .1518193E+11   3400000E-01  .2063E+01 -.8535E+02   .9999998 -.0001030 -.0005517
T 2572 19 .1518150E+11   3400012E-01  .4024E+02  .3217E+02   .9999999  .0003906  .0001457
T 2573 19 .1518267E+11   3400009E-01 -.2088E+02 -.3346E+01   .9999999 -.0002545  .0000087
T 2574 19 .1518126E+11   3400003E-01 -.2098E+02 -.1250E+01   .9999999 -.0001653 -.0001270
T 2575 19 .1518252E+11   3400012E-01 -.4579E+01  .1077E+02   .9999999 -.0000055 -.0000989
T 2576 19 .1518307E+11   3400022E-01  .2236E+02  .2991E+02   .9999999  .0002530  .0001254
T 2577 19 .1518293E+11   3400006E-01 -.1355E+02  .3782E+01   .9999999 -.0000121 -.0001438
T 2578 19 .1518360E+11   3400007E-01 -.7788E+01  .5330E+01   .9999999 -.0001868 -.0000491
T 2579 19 .1518354E+11   3400023E-01 -.1553E+02 -.4135E+02   .9999999 -.0001635 -.0002720
T 2580 19 .1518444E+11   3400013E-01  .3123E+02 -.8102E+01   .9999999  .0001714 -.0000918
T 2581 19 .1518184E+11   3400009E-01 -.3565E+02  .2865E+02   .9999999 -.0000947  .0003474
T 2582 19 .1518323E+11   3400018E-01 -.2135E+02  .8312E+01   .9999999  .0000073  .0001443
T 2583 19 .1518262E+11   3400001E-01  .2102E+02  .4092E+01   .9999999  .0001119 -.0000338
T 2584 19 .1518330E+11   3400009E-01 -.8868E+01 -.5137E+02   .9999999 -.0001583 -.0003366
T 2585 19 .1518424E+11   3400002E-01 -.8961E+02 -.3378E+02   .9999999 -.0004743 -.0001446
T 2586 19 .1517963E+11   3400022E-01 -.1478E+02 -.1679E+02   .9999999 -.0000302 -.0002911
T 2587 19 .1518211E+11   3400017E-01  .1301E+02 -.2506E+02   .9999999  .0001565 -.0002979
T 2588 19 .1518162E+11   3400018E-01  .8608E+01 -.3476E+02   .9999999 -.0000318 -.0000245
T 2589 19 .1518094E+11   3400005E-01  .2119E+01  .9097E+01   .9999999 -.0003062  .0000412
T 2590 19 .1518213E+11   3400007E-01  .3861E+02  .1365E+02   .9999999  .0002231 -.0001025
T 2591 19 .1518434E+11   3400013E-01  .1643E+02 -.1240E+02   .9999999  .0001410  .0000101
T 2592 19 .1518263E+11   3400017E-01 -.1781E+02 -.1049E+02   .9999999 -.0001961 -.0000598
T 2593 19 .1518055E+11   3400019E-01 -.1055E+02 -.1231E+02   .9999999 -.0002379 -.0000238
T 2594 19 .1518355E+11   3400002E-01 -.2700E+01  .1286E+02   .9999999 -.0000760  .0001629
T 2595 19 .1518055E+11   3400001E-01  .4887E+02 -.1660E+01   .9999999  .0003053  .0001162
T 2596 19 .1518356E+11   3400000E-01 -.6071E+01  .3529E+02   .9999999 -.0000994  .0001533
T 2597 19 .1518190E+11   3400000E-01 -.2794E+02 -.4074E+02   .9999999 -.0000645 -.0001315
T 2598 19 .1518451E+11   3400007E-01 -.4527E+02  .9906E+01   .9999999 -.0000784  .0001503
T 2599 19 .1518280E+11   3400008E-01  .1722E+02 -.3895E+02   .9999999 -.0000652 -.0003180
T 2600 19 .1518360E+11   3400002E-01  .1437E+02 -.2671E+02   .9999999  .0000945 -.0003310
T 2601 19 .1518304E+11   3400015E-01 -.7260E+01  .1612E+02   .9999999 -.0000948  .0000381
T 2602 19 .1518234E+11   3400007E-01  .2209E+02 -.1808E+02   .9999999  .0001999 -.0001212
T 2603 19 .1518407E+11   3400016E-01  .6429E+01  .1145E+02   .9999999 -.0000597 -.0000324
T 2604 19 .1518208E+11   3400004E-01 -.3138E+01  .2130E+02   .9999999 -.0002283  .0001100
T 2605 19 .1518160E+11   3400009E-01 -.3648E+01  .7078E+00   .9999999 -.0000912  .0000457
T 2606 19 .1518212E+11   3400012E-01  .6230E+01  .3640E+00   .9999999 -.0000612 -.0000980
T 2607 19 .1518208E+11   3400001E-01  .9141E+01  .5311E+02   .9999999  .0001076  .0001820
T 2608 19 .1518166E+11   3400016E-01  .9912E+02  .1311E+03   .9999996  .0004526  .0007642
T 2609 19 .1518380E+11   3400011E-01 -.4249E+01  .2737E+02   .9999999 -.0000776 -.0000140
T 2610 19 .1518436E+11   3400013E-01  .1662E+02 -.1534E+02   .9999999  .0003141 -.0001707
T 2611 19 .1518148E+11   3400022E-01 -.1806E+02 -.3568E+02   .9999999 -.0000845 -.0003041
T 2612 19 .1517984E+11   3400006E-01  .1776E+02 -.8968E+01   .9999999  .0002421 -.0000043
T 2613 19 .1518142E+11   3400021E-01 -.1624E+02  .4965E+02   .9999999 -.0001810  .0004277
T 2614 19 .1518176E+11   3400022E-01 -.3159E+02  .9310E+01   .9999999 -.0002648 -.0000002
T 2615 19 .1518332E+11   3400011E-01  .2450E+02  .1351E+02   .9999999  .0001456  .0000511
T 2616 19 .1518361E+11   3400007E-01  .3763E+02  .2910E+02   .9999999  .0002114  .0001703
T 2617 19 .1518272E+11   3400009E-01 -.2724E+02  .6885E+01   .9999998 -.0005647  .0001249
T 2618 19 .1518409E+11   3400008E-01 -.1821E+02 -.1317E+02   .9999999 -.0004481 -.0002022
T 2619 19 .1518316E+11   3400020E-01  .3996E+02  .2127E+02   .9999999  .0004597  .0001438
T 2620 19 .1518128E+11   3400017E-01 -.7027E+01  .1279E+02   .9999999 -.0000238  .0000873
T 2621 19 .1518120E+11   3400008E-01 -.2853E+02 -.1649E+02   .9999999 -.0001108  .0001010
T 2622 19 .1518314E+11   3400021E-01 -.4299E+02  .7187E+02   .9999998 -.0003784  .0004626
T 2623 19 .1518272E+11   3400018E-01  .8923E+02  .2268E+01   .9999998  .0005345 -.0001571
T 2624 19 .1518263E+11   3400009E-01  .1979E+02  .2338E+02   .9999999  .0005098  .0001086
T 2625 19 .1518344E+11   3400023E-01  .3768E+02 -.2023E+00   .9999999  .0000930  .0002018
T 2626 19 .1518095E+11   3400022E-01 -.2850E+02  .2860E+02   .9999999 -.0002644  .0000637
T 2627 19 .1518340E+11   3400018E-01  .2140E+02  .9719E+01   .9999999  .0001452 -.0000487
T 2628 19 .1518365E+11   3400014E-01 -.4506E+01  .1952E+02   .9999999 -.0000229 -.0000785
T 2629 19 .1518178E+11   3400022E-01 -.7055E+01  .7363E+01   .9999999 -.0000235 -.0000028
T 2630 19 .1518286E+11   3400012E-01  .4263E+02  .7819E+00   .9999999  .0001728  .0000067
T 2631 19 .1518183E+11   3400004E-01  .9121E+02  .3751E+02   .9999998  .0005718  .0001288
T 2632 19 .1518299E+11   3400000E-01 -.6819E+02  .3295E+02   .9999997 -.0007636  .0002123
T 2633 19 .1518265E+11   3400009E-01 -.1934E+02  .7444E+01   .9999999 -.0002353  .0000730
T 2634 19 .1518395E+11   3400018E-01  .9342E+00 -.3212E+02   .9999999  .0002129 -.0001664
T 2635 19 .1518119E+11   3400003E-01  .5310E+02  .5791E+02   .9999998  .0003455  .0004436
T 2636 19 .1518212E+11   3400013E-01  .5646E+02 -.2204E+02   .9999999  .0002785 -.0001536
T 2637 19 .1518435E+11   3400000E-01  .3123E+02  .1149E+01   .9999999  .0001279 -.0000735
T 2638 19 .1517971E+11   3400010E-01  .1112E+02  .1283E+02   .9999999  .0000611  .0000091
T 2639 19 .1518207E+11   3400003E-01  .2275E+02  .1640E+02   .9999999  .0001217  .0000540
T 2640 19 .1518343E+11   3400005E-01 -.5155E+02 -.1766E+02   .9999999 -.0002495 -.0000914
T 2641 19 .1518017E+11   3400023E-01 -.4393E+02  .9745E+01   .9999999 -.0000902  .0000884
T 2642 19 .1518160E+11   3400000E-01 -.1005E+02 -.2503E+01   .9999999 -.0000792 -.0000457
T 2643 19 .1518191E+11   3400009E-01  .3949E+02 -.4136E+02   .9999999  .0001317 -.0001750
T 2644 19 .1518386E+11   3400013E-01  .6451E+01 -.3230E+02   .9999999  .0001216  .0000086
T 2645 19 .1518308E+11   3400004E-01 -.3909E+02 -.3262E+02   .9999999 -.0002466 -.0001592
T 2646 19 .1518224E+11   3400015E-01  .5758E+01  .3829E+02   .9999999 -.0000809  .0003042
T 2647 19 .1518178E+11   3400021E-01 -.4287E+02 -.3331E+02   .9999999 -.0003256 -.0002231
T 2648 19 .1518223E+11   3400022E-01 -.1468E+02  .2875E+02   .9999999 -.0001998  .0002262
T 2649 19 .1518208E+11   3400007E-01 -.9616E+01 -.3140E+02   .9999999 -.0001068 -.0003427
T 2650 19 .1518300E+11   3400011E-01  .5994E+02  .1784E+01   .9999998  .0006629 -.0000320
T 2651 19 .1518517E+11   3400009E-01  .3084E+02 -.9983E+01   .9999999 -.0000783 -.0003056
T 2652 19 .1518411E+11   3400000E-01  .5117E+01  .9060E+01   .9999999  .0000953  .0001299
T 2653 19 .1518335E+11   3400016E-01  .5365E+01 -.3580E+02   .9999999  .0001671 -.0003748
T 2654 19 .1518453E+11   3400014E-01 -.2135E+02 -.2171E+02   .9999999 -.0001635  .0001509
T 2655 19 .1518239E+11   3400002E-01  .1499E+02  .2675E+02   .9999999  .0001212  .0004482
T 2656 19 .1518288E+11   3400001E-01 -.3604E+01  .5060E+02   .9999999  .0000484  .0004604
T 2657 19 .1518148E+11   3400019E-01 -.6246E+02 -.3831E+02   .9999998 -.0003986 -.0004353
T 2658 19 .1518344E+11   3400018E-01 -.1582E+02  .1810E+02   .9999999  .0000821  .0000654
T 2659 19 .1518150E+11   3400001E-01  .1298E+03 -.1043E+03   .9999998  .0004337 -.0003502
T 2660 19 .1518296E+11   3400017E-01 -.2440E+02 -.1083E+02   .9999999 -.0002012 -.0000121
T 2661 19 .1518435E+11   3400018E-01  .1667E+02 -.2128E+02   .9999999 -.0000620 -.0002732
T 2662 19 .1518264E+11   3400011E-01 -.2077E+02 -.8836E+00   .9999999 -.0002230  .0001756
T 2663 19 .1518115E+11   3400019E-01  .1932E+02 -.6917E+02   .9999999  .0001930 -.0001388
T 2664 19 .1518330E+11   3400004E-01  .5718E+01 -.2415E+02   .9999999  .0000864 -.0001261
T 2665 19 .1518245E+11   3400020E-01 -.8503E+01 -.1754E+02   .9999999 -.0000799 -.0002319
T 2666 19 .1518464E+11   3400009E-01  .5180E+01  .6065E+02   .9999999 -.0000813  .0003087
T 2667 19 .1518320E+11   3400002E-01  .8696E+02  .6390E+02   .9999994  .0009276  .0005764
T 2668 19 .1518296E+11   3400008E-01  .8768E+01  .1912E+02   .9999999  .0000520  .0001793
T 2669 19 .1518160E+11   3400001E-01 -.9278E+00  .1169E+02   .9999999 -.0000377  .0001019
T 2670 19 .1518366E+11   3400016E-01 -.1002E+03  .9521E+01   .9999997 -.0007063  .0000403
T 2671 19 .1518216E+11   3400021E-01  .3356E+02 -.1116E+02   .9999999  .0003856 -.0001891
T 2672 19 .1518225E+11   3400008E-01 -.1610E+03 -.5673E+02   .9999993 -.0011432 -.0003594
T 2673 19 .1518373E+11   3400018E-01  .5286E+02  .1355E+02   .9999999  .0004921 -.0000484
T 2674 19 .1517959E+11   3400017E-01  .9946E+01  .2425E+02   .9999999  .0000875  .0000471
T 2675 19 .1518279E+11   3400020E-01 -.5641E+02  .5389E+02   .9999998 -.0004369  .0003986
T 2676 19 .1518213E+11   3400010E-01  .2565E+02  .1771E+02   .9999999  .0000575  .0001430
T 2677 19 .1518256E+11   3400009E-01 -.2489E+02  .5089E+01   .9999999 -.0001628  .0000116
T 2678 19 .1518422E+11   3400019E-01 -.3974E+02  .6300E+02   .9999998 -.0004254  .0004828
T 2679 19 .1518211E+11   3400013E-01 -.1448E+02  .6439E+02   .9999999  .0000110  .0004152
T 2680 19 .1518356E+11   3400012E-01 -.4092E+02  .6176E+02   .9999999 -.0003043  .0001753
T 2681 19 .1518418E+11   3400016E-01 -.2870E+01  .7781E+01   .9999999 -.0000737 -.0000363
T 2682 19 .1518091E+11   3400015E-01  .2650E+02 -.1802E+02   .9999999  .0000398 -.0001265
T 2683 19 .1518325E+11   3400021E-01 -.4123E+02 -.3530E+02   .9999999 -.0002846 -.0004417
T 2684 19 .1518303E+11   3400018E-01  .8667E+01  .4980E+01   .9999999  .0000486  .0001737
T 2685 19 .1518324E+11   3400022E-01  .1151E+02 -.1092E+02   .9999997  .0007332 -.0002841
T 2686 19 .1518341E+11   3400020E-01  .2089E+01 -.1193E+02   .9999999  .0000723 -.0000636
T 2687 19 .1518393E+11   3400016E-01 -.1998E+02  .8532E+01   .9999999 -.0001684 -.0000158
T 2688 19 .1518331E+11   3400021E-01  .4871E+02 -.5758E+02   .9999997  .0003751 -.0006452
T 2689 19 .1518318E+11   3400019E-01  .2662E+02 -.1540E+02   .9999999  .0001357 -.0002016
T 2690 19 .1518309E+11   3400021E-01  .2299E+02  .3139E+02   .9999999  .0000385  .0001266
T 2691 19 .1518338E+11   3400015E-01 -.6073E+02  .1474E+02   .9999999 -.0002394  .0000010
T 2692 19 .1518189E+11   3400002E-01 -.2961E+02 -.4049E+01   .9999999 -.0002136  .0000496
T 2693 19 .1518208E+11   3400001E-01 -.1375E+01 -.1721E+02   .9999999 -.0001663 -.0000975
T 2694 19 .1518036E+11   3400022E-01  .4965E+02  .4872E+01   .9999999  .0004199  .0000014
T 2695 19 .1518115E+11   3400010E-01 -.3845E+02 -.1229E+02   .9999998 -.0001927  .0005932
T 2696 19 .1518373E+11   3400022E-01 -.1155E+02 -.1378E+02   .9999999 -.0002310 -.0002859
T 2697 19 .1518148E+11   3400020E-01  .9812E+02  .2067E+03   .9999995  .0002905  .0009216
T 2698 19 .1518226E+11   3400021E-01  .2191E+02 -.3036E+02   .9999999  .0000397 -.0003279
T 2699 19 .1518344E+11   3400022E-01 -.2035E+02  .6198E+01   .9999999 -.0001487  .0000585
T 2700 19 .1518096E+11   3400019E-01 -.2169E+02  .1643E+02   .9999999 -.0001167 -.0000741
T 2701 19 .1518273E+11   3400020E-01 -.2178E+02 -.5578E+02   .9999999 -.0000967 -.0002933
T 2702 19 .1518329E+11   3400006E-01 -.1762E+02 -.4807E+01   .9999999 -.0001560 -.0003163
T 2703 19 .1518282E+11   3400007E-01  .2827E+02  .1330E+02   .9999999  .0001534  .0001187
T 2704 19 .1518329E+11   3400015E-01  .3692E+02  .4295E+02   .9999999  .0001672  .0003097
T 2705 19 .1518212E+11   3400021E-01 -.5946E+01  .2190E+02   .9999999  .0000212 -.0000131
T 2706 19 .1518117E+11   3400016E-01  .9303E+01 -.4791E+02   .9999999  .0001670 -.0003614
T 2707 19 .1518174E+11   3400016E-01  .8841E+01  .2217E+00   .9999999 -.0001267 -.0000599
T 2708 19 .1518212E+11   3400016E-01 -.2288E+02  .7689E+02   .9999998 -.0001802  .0005610
T 2709 19 .1517837E+11   3400012E-01 -.4496E+03 -.1629E+02   .9997957 -.0202091 -.0003452
T 2710 19 .1518378E+11   3400008E-01  .1626E+02  .2995E+02   .9999999  .0001655  .0001736
T 2711 19 .1518421E+11   3400020E-01  .5699E+01 -.2312E+01   .9999999  .0001516  .0001478
T 2712 19 .1518231E+11   3400005E-01 -.1995E+02  .1809E+02   .9999999 -.0002362 -.0000218
T 2713 19 .1518324E+11   3400006E-01 -.1214E+03 -.4769E+02   .9999994 -.0009942 -.0003479
T 2714 19 .1518378E+11   3400007E-01  .1334E+02 -.5459E+02   .9999999  .0000743 -.0003704
T 2715 19 .1518347E+11   3400006E-01  .1277E+02  .6665E+02   .9999999 -.0001297  .0003157
T 2716 19 .1518269E+11   3400022E-01  .1777E+02  .4344E+02   .9999999  .0000124  .0002649
T 2717 19 .1518313E+11   3400006E-01 -.2792E+02 -.2777E+02   .9999999 -.0001522 -.0001304
T 2718 19 .1518268E+11   3400013E-01 -.4975E+02  .3816E+02   .9999999 -.0002663  .0002212
T 2719 19 .1518164E+11   3400008E-01 -.1507E+02  .3068E+02   .9999999  .0000606  .0002251
T 2720 19 .1518158E+11   3400008E-01  .5568E+01  .3825E+01   .9999999  .0001231 -.0000639
T 2721 19 .1518246E+11   3400002E-01 -.4747E+02  .1171E+02   .9999999 -.0002955 -.0001006
T 2722 19 .1518223E+11   3400019E-01 -.9121E+01 -.8544E+01   .9999999 -.0000780 -.0001210
T 2723 19 .1518271E+11   3400005E-01 -.1360E+02  .5782E+02   .9999999 -.0000752  .0004458
T 2724 19 .1518338E+11   3400016E-01 -.4863E+01  .5506E+02   .9999999  .0000744  .0002595
T 2725 19 .1518325E+11   3400011E-01  .2679E+02  .4360E+02   .9999999  .0002016  .0004548
T 2726 19 .1518373E+11   3400007E-01  .5239E+00  .2765E+02   .9999999  .0000311  .0002366
T 2727 19 .1518233E+11   3400014E-01 -.1509E+02  .2891E+02   .9999999  .0000277  .0001258
T 2728 19 .1518062E+11   3400011E-01 -.3024E+02  .1624E+02   .9999999 -.0003374 -.0000163
T 2729 19 .1518139E+11   3400021E-01 -.3357E+01  .6305E+01   .9999999 -.0000630  .0000896
T 2730 19 .1518314E+11   3400011E-01 -.5675E+01  .1323E+02   .9999999 -.0000863  .0001576
T 2731 19 .1518170E+11   3400005E-01 -.1632E+01 -.9563E+02   .9999997  .0000104 -.0008290
T 2732 19 .1518438E+11   3400008E-01  .8665E+00 -.2217E+02   .9999999 -.0000183 -.0001032
T 2733 19 .1518175E+11   3400019E-01 -.6480E+01 -.1191E+01   .9999999  .0000908 -.0000610
T 2734 19 .1518255E+11   3400010E-01  .1567E+02  .8495E+01   .9999999  .0001491  .0002229
T 2735 19 .1518193E+11   3400013E-01  .1271E+02 -.8617E+01   .9999999  .0001203  .0001117
T 2736 19 .1518349E+11   3400010E-01  .1305E+02  .1064E+02   .9999999  .0000271  .0000519
T 2737 19 .1518316E+11   3400016E-01  .8722E+01 -.2511E+02   .9999999  .0000238 -.0001417
T 2738 19 .1518210E+11   3400006E-01 -.2405E+02 -.1714E+02   .9999999 -.0001848 -.0000973
T 2739 19 .1518177E+11   3400019E-01  .2233E+02  .1162E+02   .9999999  .0001091  .0001197
T 2740 19 .1518156E+11   3400016E-01 -.6383E+02 -.5729E+02   .9999996 -.0007471 -.0004687
T 2741 19 .1518231E+11   3400003E-01 -.2938E+02  .1524E+02   .9999999 -.0001623  .0001373
T 2742 19 .1518184E+11   3400019E-01 -.2572E+02 -.1633E+02   .9999999 -.0000595 -.0002584
T 2743 19 .1518185E+11   3400016E-01  .5680E+02 -.1735E+02   .9999999  .0005335 -.0000972
T 2744 19 .1518409E+11   3400022E-01 -.7152E+01 -.1538E+02   .9999999 -.0001542 -.0002687
T 2745 19 .1518153E+11   3400020E-01  .3631E+02 -.9595E+01   .9999999  .0001712  .0001674
T 2746 19 .1518198E+11   3400003E-01  .8136E+01  .2857E+02   .9999999 -.0000446  .0001641
T 2747 19 .1518386E+11   3400000E-01 -.1208E+02  .3264E+02   .9999999 -.0000143  .0000043
T 2748 19 .1518105E+11   3400001E-01 -.2722E+01  .1424E+02   .9999999 -.0000766  .0001868
T 2749 19 .1518128E+11   3400007E-01  .7080E+02 -.1623E+02   .9999999  .0003118  .0001273
T 2750 19 .1518318E+11   3400013E-01 -.1268E+01 -.2555E+02   .9999999  .0000450 -.0001353
T 2751 19 .1518283E+11   3400020E-01 -.8715E+02  .5526E+01   .9999997 -.0006442 -.0003005
T 2752 19 .1518169E+11   3400019E-01  .1039E+03 -.4434E+02   .9999998  .0003379 -.0005031
T 2753 19 .1518351E+11   3400022E-01  .4462E+01  .1193E+01   .9999999  .0000039  .0000632
T 2754 19 .1518315E+11   3400001E-01 -.2342E+02  .7087E+01   .9999999 -.0003099 -.0000152
T 2755 19 .1518086E+11   3400012E-01  .5929E+01 -.4983E+02   .9999999  .0000770 -.0005154
T 2756 19 .1518197E+11   3400009E-01  .1242E+02  .7215E+01   .9999999  .0003384  .0003455
T 2757 19 .1518335E+11   3400012E-01  .2958E+02  .2189E+02   .9999999  .0002393 -.0000079
T 2758 19 .1518250E+11   3400018E-01 -.2101E+02  .3324E+02   .9999999  .0001151  .0001020
T 2759 19 .1518013E+11   3400001E-01 -.8502E+02  .3989E+02   .9999998 -.0005297  .0001583
T 2760 19 .1518365E+11   3400022E-01  .2233E+02 -.2210E+02   .9999999  .0000905 -.0001621
T 2761 19 .1518275E+11   3400011E-01 -.2282E+02  .7150E+02   .9999999 -.0001267  .0003899
T 2762 19 .1518170E+11   3400006E-01  .2116E+02  .1234E+02   .9999999  .0003019  .0002618
T 2763 19 .1518374E+11   3400002E-01 -.1001E+02 -.3100E+02   .9999999 -.0001585 -.0001896
T 2764 19 .1518259E+11   3400015E-01 -.5153E+02  .4545E+02   .9999999 -.0001926  .0004330
T 2765 19 .1518250E+11   3400008E-01  .7470E+02  .1378E+03   .9999997  .0003677  .0007491
T 2766 19 .1518201E+11   3400001E-01 -.7101E+01  .1174E+02   .9999999 -.0000649  .0000709
T 2767 19 .1518194E+11   3400021E-01 -.2604E+02 -.1585E+02   .9999999 -.0001850 -.0000169
T 2768 19 .1518070E+11   3400009E-01  .4977E+02  .1014E+02   .9999999  .0003622 -.0002015
T 2769 19 .1518303E+11   3400005E-01  .1444E+02  .3452E+02   .9999999  .0002609  .0003334
T 2770 19 .1518284E+11   3400015E-01 -.8036E+02 -.9941E+02   .9999999 -.0002574 -.0004507
T 2771 19 .1518385E+11   3400020E-01 -.4146E+02 -.2753E+01   .9999999 -.0002635 -.0000711
T 2772 19 .1518389E+11   3400018E-01 -.3576E+02 -.1333E+02   .9999999 -.0001760 -.0000940
T 2773 19 .1518356E+11   3400015E-01  .1458E+02 -.1311E+02   .9999999  .0001187 -.0001149
T 2774 19 .1518324E+11   3400021E-01  .7749E+01 -.3108E+02   .9999999 -.0000002 -.0002386
T 2775 19 .1518067E+11   3400003E-01 -.3095E+02  .2385E+01   .9999996 -.0003188 -.0008190
T 2776 19 .1518049E+11   3400012E-01  .8933E+02 -.3591E+02   .9999994  .0009834 -.0005490
T 2777 19 .1518190E+11   3400020E-01 -.1752E+02  .3935E+02   .9999999 -.0001282  .0002579
T 2778 19 .1518292E+11   3400007E-01 -.3090E+02 -.2183E+02   .9999999 -.0001949 -.0002524
T 2779 19 .1518337E+11   3400021E-01  .1120E+02 -.2393E+02   .9999999 -.0000251 -.0001481
T 2780 19 .1518332E+11   3400018E-01  .2944E+02  .1082E+02   .9999999  .0001212 -.0000842
T 2781 19 .1518264E+11   3400011E-01 -.1301E+02 -.3434E+02   .9999999 -.0000296 -.0001919
T 2782 19 .1518279E+11   3400002E-01  .4697E+02 -.5190E+02   .9999999  .0003176 -.0002958
T 2783 19 .1518410E+11   3400010E-01 -.3101E+02  .1413E+02   .9999999 -.0002082 -.0000223
T 2784 19 .1518367E+11   3400010E-01  .2080E+02  .5865E-03   .9999999  .0001609 -.0000105
T 2785 19 .1518338E+11   3400009E-01  .1680E+02  .7001E+02   .9999999  .0001677  .0002839
T 2786 19 .1518268E+11   3400014E-01  .1954E+01  .1554E+02   .9999999 -.0000455 -.0000994
T 2787 19 .1518186E+11   3400021E-01 -.1745E+02  .1518E+02   .9999999 -.0000531  .0000836
T 2788 19 .1518348E+11   3400000E-01 -.3029E+02  .3691E+01   .9999999 -.0001354  .0000494
T 2789 19 .1518386E+11   3400019E-01  .1728E+02  .3426E+02   .9999999  .0001691  .0002357
T 2790 19 .1518163E+11   3400005E-01 -.3199E+02  .1037E+02   .9999999 -.0000710  .0000969
T 2791 19 .1518287E+11   3400014E-01  .2917E+02  .2713E+02   .9999999  .0002215  .0001457
T 2792 19 .1518489E+11   3400022E-01 -.2671E+01  .1454E+02   .9999999 -.0001362  .0002681
T 2793 19 .1518352E+11   3400022E-01  .8767E+01  .2347E+02   .9999999 -.0000802  .0001936
T 2794 19 .1518464E+11   3400013E-01  .2040E+02  .9598E+01   .9999999  .0003076  .0000895
T 2795 19 .1518233E+11   3400012E-01 -.7263E+01 -.2485E+02   .9999999  .0000295 -.0000681
T 2796 19 .1518285E+11   3400021E-01 -.1920E+02 -.3281E+02   .9999999  .0000742 -.0000460
T 2797 19 .1518257E+11   3400017E-01 -.1153E+02 -.6422E+01   .9999999 -.0000155  .0000452
T 2798 19 .1518128E+11   3400015E-01  .4202E+01  .1139E+00   .9999999  .0001028  .0001111
T 2799 19 .1518271E+11   3400002E-01  .1095E+02 -.2362E+02   .9999999  .0000357 -.0001263
T 2800 19 .1518185E+11   3400019E-01 -.3598E+00  .2376E+02   .9999999  .0000119  .0001167
T 2801 19 .1518227E+11   3400017E-01  .7837E+02  .1024E+02   .9999999  .0005092 -.0000272
T 2802 19 .1518272E+11   3400011E-01 -.1131E+02  .3594E+02   .9999999 -.0001307  .0002709
T 2803 19 .1518318E+11   3400001E-01  .3458E+02  .3468E-01   .9999999  .0000439 -.0001055
T 2804 19 .1518268E+11   3400000E-01  .1496E+02 -.1250E+02   .9999999  .0002498 -.0000864
T 2805 19 .1518146E+11   3400013E-01  .2730E+02 -.2089E+02   .9999999  .0001222 -.0001710
T 2806 19 .1518249E+11   3400000E-01 -.6726E+01  .9839E+01   .9999999 -.0002641  .0001049
T 2807 19 .1518253E+11   3400020E-01  .3031E+00 -.7111E+01   .9999999 -.0001214 -.0003716
T 2808 19 .1518135E+11   3400020E-01  .5795E+01 -.5302E+02   .9999999  .0000251 -.0003016
T 2809 19 .1518276E+11   3400020E-01 -.2013E+02 -.1710E+02   .9999999 -.0002584 -.0001088
T 2810 19 .1518070E+11   3400002E-01 -.6550E+00  .1684E+02   .9999999 -.0000434  .0001405
T 2811 19 .1518259E+11   3400007E-01 -.3095E+02 -.2000E+02   .9999999 -.0000575 -.0000316
T 2812 19 .1518260E+11   3400004E-01 -.2306E+02 -.8531E+01   .9999999 -.0000933 -.0001444
T 2813 19 .1518170E+11   3400010E-01 -.9474E+01  .1924E+02   .9999999  .0000952  .0001624
T 2814 19 .1518063E+11   3400019E-01  .1005E+02  .8457E+01   .9999999  .0002878 -.0001769
T 2815 19 .1518453E+11   3400010E-01 -.1357E+01  .6856E+01   .9999999 -.0000233  .0000145
T 2816 19 .1518290E+11   3400022E-01  .2600E+01  .8831E+02   .9999997 -.0001735  .0007703
T 2817 19 .1518302E+11   3400011E-01 -.1742E+02 -.1340E+02   .9999999 -.0001515 -.0001725
T 2818 19 .1518199E+11   3400019E-01  .3526E+02 -.1955E+02   .9999999  .0004031  .0000128
T 2819 19 .1518098E+11   3400014E-01 -.8721E+01 -.4631E+01   .9999999 -.0000440  .0000685
T 2820 19 .1518216E+11   3400020E-01 -.1450E+02  .3437E+02   .9999999 -.0002167  .0003450
T 2821 19 .1518232E+11   3400010E-01 -.8019E+02 -.5769E+02   .9999998 -.0004822 -.0003789
T 2822 19 .1518108E+11   3400008E-01 -.2778E+01 -.6641E+02   .9999998 -.0000519 -.0006633
T 2823 19 .1518319E+11   3400014E-01  .4070E+01 -.2426E+02   .9999999 -.0001173 -.0000867
T 2824 19 .1518337E+11   3400017E-01  .3902E+02 -.2051E+02   .9999999  .0002136 -.0000657
T 2825 19 .1518190E+11   3400016E-01  .1629E+02 -.1829E+02   .9999999 -.0000474 -.0001616
T 2826 19 .1518374E+11   3400008E-01 -.1763E+02  .5253E+02   .9999999  .0000327  .0003792
T 2827 19 .1518330E+11   3400013E-01  .1663E+02  .3816E+02   .9999999  .0002126  .0002150
T 2828 19 .1518111E+11   3400005E-01  .1025E+02 -.2511E+02   .9999999 -.0001940 -.0003695
T 2829 19 .1518234E+11   3400017E-01  .1233E+02 -.1073E+02   .9999999  .0001126 -.0001287
T 2830 19 .1518292E+11   3400013E-01  .1396E+02 -.4229E+02   .9999999  .0000680 -.0002171
T 2831 19 .1518205E+11   3400010E-01  .1565E+02 -.3756E+01   .9999999  .0000663  .0000471
T 2832 19 .1518301E+11   3400022E-01 -.1172E+02  .3230E+02   .9999999 -.0000882  .0005319
T 2833 19 .1518112E+11   3400008E-01  .3434E+02 -.2237E+01   .9999999  .0004345  .0001929
T 2834 19 .1518108E+11   3400011E-01  .1501E+02 -.1876E+02   .9999999 -.0000231 -.0003387
T 2835 19 .1518226E+11   3400003E-01  .1641E+02 -.8881E+00   .9999999 -.0000113  .0001007
T 2836 19 .1518308E+11   3400003E-01 -.1148E+03  .1658E+02   .9999996 -.0009264  .0000579
T 2837 19 .1518068E+11   3400010E-01 -.6380E+01  .5400E+01   .9999999 -.0002033 -.0000960
T 2838 19 .1518264E+11   3400021E-01  .3206E+02  .7050E+00   .9999999  .0002060  .0000664
T 2839 19 .1518123E+11   3400013E-01  .4195E+02 -.1648E+02   .9999997  .0005354 -.0004795
T 2840 19 .1518207E+11   3400001E-01  .3044E+02  .3624E+02   .9999999 -.0000132  .0001638
T 2841 19 .1518119E+11   3400019E-01  .1138E+03 -.1869E+01   .9999999  .0003542 -.0000416
T 2842 19 .1518374E+11   3400017E-01  .1234E+02 -.3499E+02   .9999998  .0003993 -.0003910
T 2843 19 .1518089E+11   3400014E-01  .3987E+01 -.1848E+02   .9999999 -.0001186 -.0001982
T 2844 19 .1518231E+11   3400001E-01  .4568E+02 -.4451E+02   .9999999  .0004449 -.0001787
T 2845 19 .1517988E+11   3400007E-01 -.2765E+02 -.1034E+02   .9999999 -.0004140 -.0000676
T 2846 19 .1518335E+11   3400013E-01  .5194E+02 -.2940E+02   .9999998  .0005802 -.0002026
T 2847 19 .1518327E+11   3400007E-01  .5333E+02  .7216E+02   .9999999  .0002347  .0003850
T 2848 19 .1518472E+11   3400005E-01 -.2411E+02 -.2120E+02   .9999999 -.0000863 -.0002203
T 2849 19 .1518300E+11   3400017E-01 -.1417E+02 -.5517E+01   .9999999 -.0001738  .0000848
T 2850 19 .1518270E+11   3400011E-01 -.1840E+02 -.4084E+02   .9999999 -.0000619 -.0003378
T 2851 19 .1518201E+11   3400022E-01  .1302E+01  .1329E+02   .9999999  .0000150  .0000289
T 2852 19 .1518234E+11   3400020E-01 -.1053E+03  .5606E+02   .9999998 -.0006393  .0000934
T 2853 19 .1518115E+11   3400015E-01  .9488E+01  .1028E+02   .9999999 -.0001297 -.0000141
T 2854 19 .1518335E+11   3400022E-01  .2029E+02  .6744E+02   .9999999  .0001930  .0003880
T 2855 19 .1518428E+11   3400020E-01 -.2386E+02 -.6622E+01   .9999999 -.0002487 -.0000737
T 2856 19 .1518193E+11   3400012E-01 -.4143E+02 -.6012E+01   .9999999 -.0005301  .0001054
T 2857 19 .1518378E+11   3400009E-01  .2566E+02 -.6844E+01   .9999999  .0002658 -.0000479
T 2858 19 .1518223E+11   3400021E-01  .3284E+02 -.2034E+02   .9999999  .0000817  .0003750
T 2859 19 .1518398E+11   3400022E-01 -.1605E+02 -.1470E+02   .9999999 -.0002528 -.0002200
T 2860 19 .1518233E+11   3400012E-01  .1227E+02  .1213E+02   .9999999  .0001984  .0001812
T 2861 19 .1518380E+11   3400010E-01  .2567E+02 -.1835E+02   .9999999  .0002182 -.0001191
T 2862 19 .1518345E+11   3400004E-01 -.9152E+00  .6098E+02   .9999999  .0000778  .0003955
T 2863 19 .1518267E+11   3400010E-01  .2675E+02  .3099E+01   .9999999  .0001850 -.0000323
T 2864 19 .1518387E+11   3400020E-01  .3367E+02 -.4161E+01   .9999999  .0002587 -.0000751
T 2865 19 .1518387E+11   3400022E-01  .2939E+02 -.4127E+02   .9999998  .0000077 -.0005748
T 2866 19 .1517985E+11   3400015E-01 -.3370E+02  .5111E+02   .9999999 -.0001063  .0002890
T 2867 19 .1518297E+11   3400001E-01 -.1552E+02  .1393E+02   .9999999 -.0000281 -.0000105
T 2868 19 .1518220E+11   3400007E-01  .2329E+02  .4038E+01   .9999999 -.0000563  .0000368
T 2869 19 .1518022E+11   3400022E-01  .2641E+02 -.1470E+02   .9999999  .0001777  .0000213
T 2870 19 .1518264E+11   3400000E-01  .4728E+02 -.7040E+01   .9999999  .0002603 -.0000792
T 2871 19 .1518184E+11   3400019E-01  .4996E+02 -.1246E+02   .9999999  .0003341  .0000032
T 2872 19 .1518198E+11   3400002E-01  .1173E+02  .4552E+02   .9999999  .0000056  .0001970
T 2873 19 .1518263E+11   3400013E-01  .6255E+01  .1303E+01   .9999999 -.0000205 -.0000421
T 2874 19 .1518445E+11   3400009E-01 -.3937E+02 -.2748E+02   .9999999 -.0003772 -.0001137
T 2875 19 .1518247E+11   3400013E-01 -.6127E+02  .3952E+02   .9999999 -.0004151  .0001295
T 2876 19 .1518197E+11   3400011E-01  .9594E+00 -.1943E+02   .9999999 -.0000408 -.0002354
T 2877 19 .1518239E+11   3400021E-01 -.2302E+02  .1397E+02   .9999999 -.0001513 -.0000771
T 2878 19 .1518371E+11   3400017E-01 -.1872E+02  .1138E+02   .9999999 -.0000757 -.0000040
T 2879 19 .1518248E+11   3400019E-01 -.3442E+02 -.1287E+02   .9999999 -.0001784 -.0000945
T 2880 19 .1518419E+11   3400019E-01  .5533E+01  .1500E+02   .9999999 -.0001416  .0002064
T 2881 19 .1518345E+11   3400012E-01 -.2728E+03  .2214E+03   .9999987 -.0011693  .0010794
T 2882 19 .1518430E+11   3400004E-01  .1206E+01  .4114E+02   .9999997 -.0000064  .0007303
T 2883 19 .1518343E+11   3400012E-01 -.2601E+02 -.7896E+02   .9999997 -.0002559 -.0006986
T 2884 19 .1518170E+11   3400006E-01  .9304E+00  .7165E+02   .9999999 -.0000762  .0003666
T 2885 19 .1518155E+11   3400015E-01 -.4884E+01 -.1584E+02   .9999999  .0000970 -.0001590
T 2886 19 .1518435E+11   3400009E-01 -.3286E+02 -.8299E+01   .9999999 -.0002007 -.0000959
T 2887 19 .1518311E+11   3400018E-01  .1930E+02 -.2749E+02   .9999999 -.0000764 -.0000805
T 2888 19 .1518329E+11   3400003E-01 -.2309E+02 -.3787E+02   .9999999 -.0001866 -.0001729
T 2889 19 .1518006E+11   3400016E-01 -.1168E+02  .8139E+01   .9999999 -.0002359 -.0001059
T 2890 19 .1518293E+11   3400003E-01  .5359E+02  .6349E+02   .9999997  .0005791  .0005372
T 2891 19 .1518455E+11   3400013E-01  .3455E+02 -.2592E+02   .9999999  .0002517 -.0002574
T 2892 19 .1518286E+11   3400019E-01  .4038E+02 -.4076E+02   .9999999  .0001419 -.0000790
T 2893 19 .1518198E+11   3400017E-01 -.3428E+02 -.3088E+02   .9999999 -.0002241 -.0001060
T 2894 19 .1518245E+11   3400009E-01  .1338E+02  .5772E+02   .9999999  .0003473  .0002700
T 2895 19 .1518317E+11   3400000E-01 -.6166E+02 -.2192E+02   .9999999 -.0004242 -.0000379
T 2896 19 .1518443E+11   3400015E-01 -.1499E+02 -.6087E-01   .9999999 -.0002291  .0000860
T 2897 19 .1518144E+11   3400012E-01 -.4093E+02  .1800E+02   .9999999 -.0002615  .0001072
T 2898 19 .1518301E+11   3400012E-01 -.1115E+03 -.1643E+02   .9999999 -.0003399 -.0003230
T 2899 19 .1518132E+11   3400008E-01 -.8180E+02 -.7947E+01   .9999999 -.0005193 -.0000571
T 2900 19 .1518215E+11   3400018E-01  .3680E+02 -.5289E+01   .9999999  .0001085 -.0001786
T 2901 19 .1518313E+11   3400012E-01  .1757E+02  .4125E+02   .9999999  .0002168  .0001924
T 2902 19 .1518241E+11   3400010E-01  .3471E+02  .5891E+02   .9999999  .0000499  .0004013
T 2903 19 .1518159E+11   3400019E-01  .2519E+00  .7189E+01   .9999999 -.0001561  .0002029
T 2904 19 .1518400E+11   3400003E-01  .2980E+02  .4136E+01   .9999999  .0003315  .0001549
T 2905 19 .1518389E+11   3400017E-01  .7846E+01 -.8052E+02   .9999998  .0001803 -.0005653
T 2906 19 .1518283E+11   3400020E-01  .1161E+02 -.3688E+01   .9999999  .0000893  .0000731
T 2907 19 .1518346E+11   3400016E-01  .4087E+01  .2280E+02   .9999999 -.0000783  .0000363
T 2908 19 .1518104E+11   3400014E-01 -.3745E+02  .1785E+02   .9999999 -.0000980  .0000986
T 2909 19 .1518219E+11   3400002E-01  .4445E+02  .9978E+01   .9999999  .0003732  .0001999
T 2910 19 .1518269E+11   3400015E-01  .7972E+02 -.1003E+03   .9999997  .0005944 -.0004424
T 2911 19 .1518443E+11   3400022E-01  .1988E+02 -.1584E+02   .9999999  .0003665 -.0003873
T 2912 19 .1518261E+11   3400015E-01 -.2666E+02 -.1501E+02   .9999999 -.0002531 -.0000741
T 2913 19 .1518029E+11   3400009E-01 -.5196E+01  .4573E+02   .9999999 -.0002868  .0000121
T 2914 19 .1518451E+11   3400021E-01 -.1163E+03 -.2292E+03   .9999982 -.0010344 -.0016172
T 2915 19 .1518459E+11   3400003E-01 -.5329E+01  .3828E+01   .9999999  .0001092  .0000037
T 2916 19 .1518198E+11   3400011E-01 -.7776E+00 -.2826E+02   .9999999  .0001487 -.0002204
T 2917 19 .1518259E+11   3400011E-01 -.1698E+02 -.2068E+02   .9999999 -.0001222 -.0001061
T 2918 19 .1518141E+11   3400015E-01  .1110E+03  .5542E+02   .9999995  .0008806  .0004671
T 2919 19 .1518427E+11   3400022E-01  .3022E+01 -.3858E+02   .9999999 -.0001319 -.0004508
T 2920 19 .1518177E+11   3400014E-01 -.2146E+01 -.5176E+02   .9999999 -.0000025 -.0003837
T 2921 19 .1518371E+11   3400023E-01 -.2352E+02 -.1170E+02   .9999999 -.0000527 -.0000983
T 2922 19 .1518335E+11   3400018E-01  .3488E+02  .3310E+02   .9999999  .0003189  .0001276
T 2923 19 .1518399E+11   3400005E-01 -.2553E+02 -.4226E+02   .9999999 -.0000258 -.0005136
T 2924 19 .1518590E+11   3400009E-01  .3447E+02 -.5308E+02   .9999999  .0004663 -.0002169
T 2925 19 .1518242E+11   3400009E-01 -.4616E+01  .1382E+01   .9999999 -.0000434 -.0000609
T 2926 19 .1518243E+11   3400005E-01  .1557E+02  .1018E+02   .9999999 -.0000397  .0001107
T 2927 19 .1518133E+11   3400021E-01 -.9256E+02  .6447E+02   .9999998 -.0005742  .0002505
T 2928 19 .1518237E+11   3400017E-01  .2224E+02  .5230E+02   .9999999  .0001481  .0003545
T 2929 19 .1518464E+11   3400009E-01  .2702E+01  .2052E+02   .9999999  .0001993  .0001630
T 2930 19 .1518146E+11   3400014E-01 -.1067E+02  .1338E+02   .9999999 -.0001966 -.0000018
T 2931 19 .1518274E+11   3400011E-01 -.1090E+02 -.2091E+02   .9999999 -.0000353  .0000379
T 2932 19 .1518207E+11   3400016E-01  .2523E+02  .3093E+02   .9999999  .0000255  .0004089
T 2933 19 .1518414E+11   3400020E-01  .2861E+02  .2268E+01   .9999999  .0003384 -.0000502
T 2934 19 .1518378E+11   3400012E-01 -.1231E+02 -.5640E+02   .9999998 -.0000028 -.0006608
T 2935 19 .1518387E+11   3400007E-01  .5005E+02  .9289E+01   .9999999  .0002172  .0001167
T 2936 19 .1518399E+11   3400009E-01  .1517E+01  .6736E+01   .9999999  .0000587  .0002193
T 2937 19 .1518455E+11   3400002E-01  .8212E+02  .5430E+01   .9999998  .0006733 -.0001919
T 2938 19 .1518136E+11   3400013E-01  .2556E+02 -.1190E+02   .9999999  .0001393 -.0003412
T 2939 19 .1518249E+11   3400022E-01  .3067E+02 -.2923E+02   .9999999  .0001149 -.0001809
T 2940 19 .1518158E+11   3400011E-01  .4581E+01 -.1560E+02   .9999999  .0000917 -.0001761
T 2941 19 .1518290E+11   3400015E-01 -.1985E+02 -.2229E+02   .9999999 -.0002597 -.0000350
T 2942 19 .1518077E+11   3400014E-01 -.3944E+02 -.2246E+02   .9999999 -.0002131 -.0002729
T 2943 19 .1518297E+11   3400014E-01 -.1339E+02 -.2131E+02   .9999999 -.0002601 -.0000944
T 2944 19 .1518336E+11   3400015E-01 -.2003E+02  .2282E+02   .9999999 -.0000822  .0000761
T 2945 19 .1518244E+11   3400019E-01 -.6015E+01 -.1212E+02   .9999999 -.0000442 -.0001429
T 2946 19 .1518202E+11   3400016E-01  .3264E+02 -.2409E+02   .9999999  .0002444 -.0000742
T 2947 19 .1518116E+11   3400022E-01 -.1122E+01 -.8156E+01   .9999999 -.0000471 -.0000195
T 2948 19 .1518372E+11   3400020E-01 -.1159E+02 -.1545E+02   .9999999 -.0001013 -.0001109
T 2949 19 .1518049E+11   3400014E-01  .1048E+02  .6950E+01   .9999999 -.0000533 -.0000502
T 2950 19 .1518242E+11   3400003E-01 -.3253E+01  .2858E+02   .9999999 -.0001167  .0001572
T 2951 19 .1518157E+11   3400016E-01 -.1523E+02 -.3242E+02   .9999999 -.0002105 -.0002760
T 2952 19 .1518311E+11   3400010E-01  .5674E+01  .1241E+02   .9999999 -.0000628  .0000983
T 2953 19 .1518423E+11   3400003E-01 -.1662E+02 -.2558E+02   .9999999 -.0000513 -.0002028
T 2954 19 .1518228E+11   3400007E-01 -.3387E+01 -.5204E+01   .9999999 -.0000782 -.0000246
T 2955 19 .1518224E+11   3400021E-01 -.7714E+02 -.2502E+02   .9999997 -.0006591  .0002687
T 2956 19 .1518151E+11   3400022E-01  .1804E+01 -.8222E+01   .9999999  .0001246 -.0001590
T 2957 19 .1518036E+11   3400018E-01 -.1398E+02  .3725E+02   .9999998  .0000966  .0005566
T 2958 19 .1518011E+11   3400002E-01  .2848E+00 -.4681E+02   .9999999 -.0000312 -.0001028
T 2959 19 .1518379E+11   3400014E-01  .1768E+02  .1381E+02   .9999999  .0003627 -.0001437
T 2960 19 .1517986E+11   3400022E-01 -.7368E+00 -.7317E+02   .9999999  .0001868 -.0004484
T 2961 19 .1518329E+11   3400010E-01 -.2383E+02 -.2208E+02   .9999999 -.0001492 -.0000230
T 2962 19 .1518444E+11   3400011E-01 -.4267E+02 -.4662E+02   .9999999 -.0001422 -.0003518
T 2963 19 .1518083E+11   3400021E-01 -.1381E+02  .1735E+01   .9999999 -.0001582  .0000289
T 2964 19 .1518189E+11   3400002E-01 -.2433E+02 -.2154E+02   .9999999 -.0001968 -.0000720
T 2965 19 .1518256E+11   3400006E-01  .1560E+03  .8710E+02   .9999990  .0012653  .0005513
T 2966 19 .1518232E+11   3400005E-01  .6381E+02 -.2526E+01   .9999999  .0003331 -.0002328
T 2967 19 .1518067E+11   3400011E-01 -.1913E+02  .7369E+01   .9999999 -.0002017  .0000165
T 2968 19 .1518450E+11   3400020E-01  .5431E+01  .5996E+02   .9999999  .0001379  .0002541
T 2969 19 .1518129E+11   3400000E-01 -.6931E+01  .2378E+02   .9999999 -.0000751  .0000968
T 2970 19 .1518175E+11   3400014E-01 -.3063E+02 -.2390E+02   .9999999 -.0001716 -.0002071
T 2971 19 .1518177E+11   3400001E-01 -.4643E+02 -.4253E+02   .9999999 -.0003750 -.0003175
T 2972 19 .1518415E+11   3400007E-01  .2396E+02 -.4615E+02   .9999999  .0001870 -.0002079
T 2973 19 .1518267E+11   3400016E-01 -.9297E+01  .3644E+02   .9999999 -.0000711  .0003194
T 2974 19 .1518370E+11   3400003E-01  .2219E+02  .1576E+02   .9999999  .0001895 -.0000111
T 2975 19 .1518235E+11   3400012E-01 -.1130E+02  .2924E+02   .9999999 -.0001583  .0000537
T 2976 19 .1518337E+11   3400023E-01  .1867E+02 -.3295E+02   .9999999  .0001699 -.0000545
T 2977 19 .1518231E+11   3400009E-01 -.5928E+02 -.6080E+01   .9999999 -.0003486 -.0000153
T 2978 19 .1518433E+11   3400011E-01 -.6640E+01  .2135E+02   .9999999 -.0001264  .0001200
T 2979 19 .1518311E+11   3400021E-01 -.7087E+02  .1612E+03   .9999999 -.0002584  .0004157
T 2980 19 .1518192E+11   3400018E-01 -.1605E+02 -.1410E+02   .9999999 -.0001402 -.0000284
T 2981 19 .1518300E+11   3400021E-01  .4230E+02  .4997E+01   .9999999  .0003257  .0001235
T 2982 19 .1518201E+11   3400005E-01  .3074E+02  .4695E+02   .9999999  .0001497  .0001699
T 2983 19 .1518095E+11   3400018E-01  .2223E+02  .3085E+02   .9999999  .0000973  .0001194
T 2984 19 .1518457E+11   3400015E-01 -.5425E+02 -.1758E+02   .9999999 -.0005047 -.0002111
T 2985 19 .1518485E+11   3400001E-01 -.1264E+02  .7667E+02   .9999999 -.0001611  .0004054
T 2986 19 .1518181E+11   3400011E-01  .7481E+01 -.1187E+02   .9999999  .0000508  .0001321
T 2987 19 .1518252E+11   3400022E-01  .2822E+02 -.3749E+00   .9999999  .0001576 -.0000420
T 2988 19 .1518446E+11   3400019E-01  .7259E+01 -.2501E+01   .9999999  .0001580 -.0002163
T 2989 19 .1518229E+11   3400016E-01 -.5246E+02  .5909E+01   .9999999 -.0003819  .0002048
T 2990 19 .1518261E+11   3400011E-01 -.4006E+02 -.3582E+02   .9999999 -.0002927 -.0001870
T 2991 19 .1518179E+11   3400021E-01 -.1763E+02  .2048E+02   .9999999 -.0001048  .0001851
T 2992 19 .1518095E+11   3400001E-01 -.3812E+02 -.6397E+02   .9999999 -.0002041 -.0003122
T 2993 19 .1518430E+11   3400013E-01  .5711E+02  .2519E+02   .9999998  .0003134  .0004564
T 2994 19 .1518374E+11   3400010E-01  .1518E+02  .2650E+02   .9999999  .0000372  .0000585
T 2995 19 .1518276E+11   3400010E-01 -.7816E+01 -.1597E+02   .9999999 -.0000729 -.0001784
T 2996 19 .1518145E+11   3400022E-01 -.3115E+02  .6848E+02   .9999999 -.0002309  .0003329
T 2997 19 .1518345E+11   3400016E-01  .6612E+02  .8663E+01   .9999999  .0004064 -.0000554
T 2998 19 .1518296E+11   3400021E-01 -.2966E+02 -.6147E+01   .9999999 -.0002728 -.0002152
T 2999 19 .1518012E+11   3400022E-01 -.1017E+02  .8335E+00   .9999999 -.0004163  .0000488
T 3000 19 .1518306E+11   3400001E-01 -.2647E+02  .2235E+02   .9999999 -.0002626  .0000616
T 3001 19 .1518119E+11   3400019E-01  .1462E+02  .3457E+02   .9999999  .0000355  .0001562
T 3002 19 .1518214E+11   3400003E-01  .2576E+02  .2028E+02   .9999999  .0002097  .0002239
T 3003 19 .1518475E+11   3400021E-01  .2392E+02 -.2732E+02   .9999999  .0003721  .0001070
T 3004 19 .1518434E+11   3400002E-01 -.2165E+02 -.2147E+02   .9999999 -.0002461 -.0000782
T 3005 19 .1518392E+11   3400007E-01 -.1572E+02  .2977E+01   .9999999 -.0000254  .0001650
T 3006 19 .1518315E+11   3400020E-01  .9975E+01 -.1569E+02   .9999999  .0000884  .0000892
T 3007 19 .1518310E+11   3400011E-01  .6252E+01 -.7879E+01   .9999999 -.0000128 -.0002012
T 3008 19 .1518134E+11   3400000E-01  .3826E+02  .4809E+02   .9999999  .0001849  .0001750
T 3009 19 .1518318E+11   3400009E-01 -.4920E+01  .1126E+02   .9999999 -.0000306  .0001207
T 3010 19 .1518416E+11   3400022E-01 -.3090E+02  .2244E+02   .9999999 -.0002571  .0002130
T 3011 19 .1518154E+11   3400016E-01  .1690E+02 -.1840E+02   .9999999  .0000203  .0000416
T 3012 19 .1518507E+11   3400003E-01 -.4995E+02 -.2919E+02   .9999999 -.0001902 -.0000956
T 3013 19 .1518252E+11   3400002E-01 -.1368E+01  .4441E+02   .9999999 -.0000083  .0002915
T 3014 19 .1518420E+11   3400010E-01 -.3107E+02 -.1670E+02   .9999999 -.0002684 -.0001358
T 3015 19 .1518377E+11   3400022E-01 -.2655E+01  .1514E+01   .9999999  .0000717  .0001375
T 3016 19 .1518197E+11   3400018E-01 -.7344E+02 -.2357E+02   .9999999 -.0004096 -.0001604
T 3017 19 .1518392E+11   3400013E-01  .4151E+02 -.6389E+02   .9999999 -.0000046 -.0005411
T 3018 19 .1518157E+11   3400017E-01  .1023E+02  .4671E+02   .9999999 -.0000519  .0003667
T 3019 19 .1518093E+11   3400021E-01  .6739E+01  .1939E+02   .9999999  .0000574  .0000343
T 3020 19 .1518199E+11   3400010E-01 -.2509E+02  .1875E+01   .9999999 -.0002765 -.0000904
T 3021 19 .1518163E+11   3400003E-01  .3388E+02  .6469E+02   .9999999  .0000651  .0004615
T 3022 19 .1518388E+11   3400012E-01 -.2643E+02 -.7619E+00   .9999999 -.0002405 -.0000216
T 3023 19 .1518158E+11   3400012E-01 -.3607E+02  .3832E+02   .9999999 -.0003101  .0001769
T 3024 19 .1518322E+11   3400007E-01  .2728E+02 -.7510E+01   .9999999  .0001580 -.0000473
T 3025 19 .1518339E+11   3400022E-01  .1494E+02 -.8124E+02   .9999999  .0000671 -.0005382
T 3026 19 .1518238E+11   3400016E-01 -.7892E+02  .3027E+02   .9999998 -.0005266  .0002202
T 3027 19 .1518185E+11   3400012E-01 -.3420E+02  .4142E+02   .9999999 -.0001296  .0002425
T 3028 19 .1518148E+11   3400022E-01  .2331E+02 -.4931E+02   .9999999 -.0000016 -.0004183
T 3029 19 .1518310E+11   3400010E-01 -.5870E+02 -.9368E+02   .9999998 -.0003944 -.0004978
T 3030 19 .1518140E+11   3400005E-01 -.1725E+01 -.5616E+02   .9999999 -.0000276 -.0002906
T 3031 19 .1518235E+11   3400008E-01  .9490E+01  .3368E+02   .9999999 -.0000214  .0002871
T 3032 19 .1518042E+11   3400004E-01 -.1364E+03  .4871E+02   .9999998 -.0006106  .0002288
T 3033 19 .1518213E+11   3400018E-01 -.2922E+02  .5246E+02   .9999999 -.0001055  .0004209
T 3034 19 .1518301E+11   3400021E-01  .5362E+02 -.8492E+02   .9999999  .0003475 -.0003484
T 3035 19 .1518063E+11   3400007E-01 -.1306E+02 -.2474E+02   .9999999  .0000129 -.0000182
T 3036 19 .1518442E+11   3400019E-01  .2636E+02  .3752E+02   .9999999  .0001105  .0004092
T 3037 19 .1518140E+11   3400000E-01 -.4951E+01 -.3126E+02   .9999999 -.0002242 -.0001129
T 3038 19 .1518193E+11   3400008E-01  .4314E+02  .1969E+03   .9999993  .0000727  .0011384
T 3039 19 .1518256E+11   3400019E-01 -.7444E+01 -.5738E+01   .9999999 -.0000470  .0000022
T 3040 19 .1518205E+11   3400004E-01  .1658E+03  .2958E+03   .9999978  .0012486  .0016611
T 3041 19 .1518244E+11   3400002E-01  .3144E+02  .2581E+02   .9999999  .0001623  .0001985
T 3042 19 .1518392E+11   3400000E-01 -.4956E+01  .7641E+02   .9999999  .0000528  .0002778
T 3043 19 .1518313E+11   3400017E-01  .5127E+01 -.2026E+02   .9999999  .0000513 -.0002463
T 3044 19 .1518172E+11   3400020E-01  .5708E+02  .3647E+02   .9999998  .0003476  .0005301
T 3045 19 .1518304E+11   3400018E-01  .4106E+01  .1078E+02   .9999999  .0000368 -.0001701
T 3046 19 .1518403E+11   3400003E-01  .1929E+02 -.3657E+02   .9999999  .0000957 -.0002989
T 3047 19 .1518100E+11   3400006E-01 -.1931E+02 -.1185E+02   .9999999 -.0001766 -.0000880
T 3048 19 .1518106E+11   3400011E-01 -.2318E+00 -.3616E+01   .9999999 -.0000053  .0001067
T 3049 19 .1518261E+11   3400011E-01  .4991E+02 -.3336E+02   .9999998  .0005481 -.0001737
T 3050 19 .1518286E+11   3400020E-01 -.6676E+02  .1463E+02   .9999999 -.0003918  .0000380
T 3051 19 .1518259E+11   3400014E-01 -.2781E+02  .2690E+02   .9999999 -.0001444  .0000014
T 3052 19 .1518276E+11   3400000E-01  .1619E+02 -.2153E+02   .9999999  .0001212 -.0000630
T 3053 19 .1518273E+11   3400022E-01  .6383E+02 -.1780E+02   .9999999  .0002755 -.0001997
T 3054 19 .1518185E+11   3400009E-01 -.4464E+02 -.2432E+02   .9999997 -.0007527 -.0002146
T 3055 19 .1518278E+11   3400020E-01 -.6238E+02 -.3497E+02   .9999999 -.0003172 -.0002158
T 3056 19 .1518428E+11   3400007E-01 -.1603E+02  .1860E+01   .9999999 -.0003539  .0000652
T 3057 19 .1518581E+11   3400014E-01  .1023E+02 -.7888E+00   .9999999  .0000500 -.0001736
T 3058 19 .1518034E+11   3400004E-01 -.1784E+02  .5425E+02   .9999999 -.0001974  .0002589
T 3059 19 .1518185E+11   3400015E-01 -.2877E+02 -.3217E+02   .9999999 -.0002400 -.0001809
T 3060 19 .1518345E+11   3400019E-01  .6020E+00 -.6628E+01   .9999999  .0002033 -.0002200
T 3061 19 .1518275E+11   3400012E-01  .2089E+02 -.6931E+01   .9999999  .0002148 -.0000698
T 3062 19 .1518364E+11   3400002E-01  .4251E+02  .5845E+02   .9999999  .0002423  .0002274
T 3063 19 .1518193E+11   3400021E-01 -.2088E+02  .2924E+02   .9999999 -.0000782  .0001464
T 3064 19 .1518243E+11   3400012E-01  .1993E+01  .2348E+02   .9999999 -.0000353  .0001943
T 3065 19 .1518129E+11   3400008E-01 -.2228E+02  .1637E+02   .9999999 -.0001030  .0001729
T 3066 19 .1518190E+11   3400019E-01 -.1851E+02 -.1684E+02   .9999999 -.0000945  .0000017
T 3067 19 .1518294E+11   3400020E-01  .8404E+01 -.2718E+02   .9999999  .0000470 -.0002310
T 3068 19 .1518457E+11   3400007E-01 -.4824E+02 -.5702E+01   .9999999 -.0004180 -.0000043
T 3069 19 .1518381E+11   3400010E-01  .1052E+02  .1229E+02   .9999999  .0000934  .0001677
T 3070 19 .1518397E+11   3400020E-01 -.6747E+02 -.3219E+02   .9999999 -.0003315 -.0001671
T 3071 19 .1518064E+11   3400011E-01  .2191E+02  .4208E+02   .9999999  .0000780  .0002932
T 3072 19 .1518257E+11   3400020E-01 -.7682E+01 -.2846E+02   .9999999 -.0001480 -.0003295
T 3073 19 .1518242E+11   3400007E-01 -.1428E+02 -.1039E+02   .9999999 -.0001372  .0001436
T 3074 19 .1518330E+11   3400013E-01  .3019E+02 -.4398E+02   .9999999  .0003814 -.0002476
T 3075 19 .1518285E+11   3400015E-01 -.3121E+02  .3625E+02   .9999999 -.0002809  .0003030
T 3076 19 .1518424E+11   3400016E-01 -.3066E+01 -.1958E+02   .9999999  .0000413  .0000006
T 3077 19 .1518302E+11   3400016E-01 -.1945E+02  .3028E+02   .9999998 -.0001041  .0005416
T 3078 19 .1518367E+11   3400004E-01 -.6980E+02  .8473E+02   .9999997 -.0005463  .0005885
T 3079 19 .1518309E+11   3400020E-01  .6079E+02 -.6360E+02   .9999999  .0003038 -.0003608
T 3080 19 .1518251E+11   3400016E-01  .1513E+02  .5698E+01   .9999999  .0000373  .0000883
T 3081 19 .1518326E+11   3400021E-01  .7665E+01 -.3097E+01   .9999999  .0002127 -.0000191
T 3082 19 .1518094E+11   3400017E-01  .2272E+02  .9807E+01   .9999999  .0001253  .0001037
T 3083 19 .1518352E+11   3400021E-01 -.1963E+02  .6011E+02   .9999998 -.0002632  .0006519
T 3084 19 .1518194E+11   3400018E-01 -.3475E+02  .2395E+01   .9999999 -.0001756  .0003105
T 3085 19 .1518380E+11   3400001E-01 -.1707E+02 -.6194E+02   .9999999 -.0001300 -.0003868
T 3086 19 .1518183E+11   3400007E-01 -.6789E+02  .2626E+02   .9999999 -.0003236  .0000093
T 3087 19 .1518206E+11   3400013E-01  .5201E+02 -.3462E+02   .9999999  .0003224 -.0002237
T 3088 19 .1518114E+11   3400004E-01 -.1569E+02 -.2563E+02   .9999999 -.0001601 -.0000425
T 3089 19 .1518272E+11   3400023E-01  .7890E+01 -.3656E+02   .9999999  .0001293 -.0001085
T 3090 19 .1518124E+11   3400018E-01 -.3193E+02 -.2307E+02   .9999999 -.0001503  .0000092
T 3091 19 .1518306E+11   3400018E-01 -.1950E+02  .4750E+02   .9999999 -.0003173  .0003211
T 3092 19 .1518356E+11   3400001E-01 -.8520E+01  .4952E+02   .9999999 -.0001621  .0004884
T 3093 19 .1518427E+11   3400022E-01  .3396E+01 -.1352E+02   .9999999  .0002657 -.0000584
T 3094 19 .1518373E+11   3400017E-01  .1659E+00  .1338E+02   .9999999 -.0001969  .0001170
T 3095 19 .1518152E+11   3400019E-01  .2725E+02 -.2832E+02   .9999999  .0002950 -.0001605
T 3096 19 .1518316E+11   3400013E-01 -.2516E+01 -.6556E+01   .9999999 -.0001313 -.0001530
T 3097 19 .1518016E+11   3400012E-01 -.7640E+02  .4144E+02   .9999998 -.0006296  .0001409
T 3098 19 .1518260E+11   3400007E-01  .4116E+02  .6652E+01   .9999999  .0003209  .0000068
T 3099 19 .1517928E+11   3400001E-01 -.3351E+02  .9661E+01   .9999999 -.0002277 -.0000023
T 3100 19 .1518315E+11   3400019E-01 -.7879E+01  .2389E+02   .9999999 -.0000420  .0002173
T 3101 19 .1518302E+11   3400006E-01  .3778E+02  .1937E+02   .9999998  .0003743  .0004094
T 3102 19 .1518340E+11   3400022E-01  .5105E+01  .9150E+02   .9999999  .0003043  .0003673
T 3103 19 .1518263E+11   3400009E-01 -.3199E+02 -.4053E+02   .9999999 -.0002583 -.0000849
T 3104 19 .1518536E+11   3400005E-01 -.3694E+02 -.1856E+02   .9999999 -.0001410 -.0002705
T 3105 19 .1518456E+11   3400001E-01  .1081E+02 -.8510E+02   .9999998  .0004243 -.0004809
T 3106 19 .1518229E+11   3400017E-01 -.3552E+02  .4164E+02   .9999999 -.0002197  .0003605
T 3107 19 .1518362E+11   3400020E-01 -.2688E+02 -.3331E+01   .9999999 -.0001530 -.0000639
T 3108 19 .1518184E+11   3400006E-01  .3540E+02 -.1286E+02   .9999999  .0002401 -.0000826
T 3109 19 .1518230E+11   3400019E-01  .4565E+02 -.1304E+02   .9999999  .0002577 -.0000863
T 3110 19 .1518068E+11   3400009E-01 -.1724E+02 -.3334E+02   .9999999 -.0001542  .0001416
T 3111 19 .1518339E+11   3400015E-01 -.4368E+02  .5090E+01   .9999999 -.0001419  .0001720
T 3112 19 .1518385E+11   3400022E-01  .3448E+01 -.8562E+01   .9999999 -.0000260  .0000637
T 3113 19 .1518454E+11   3400005E-01  .5702E+02  .4120E+01   .9999999  .0002719  .0001877
T 3114 19 .1518169E+11   3400021E-01 -.2239E+02 -.2171E+02   .9999999 -.0001412 -.0002192
T 3115 19 .1518404E+11   3400005E-01  .1373E+02 -.1157E+02   .9999999  .0001055 -.0001710
T 3116 19 .1518413E+11   3400019E-01  .7976E+01  .4539E+02   .9999999  .0000314  .0004147
T 3117 19 .1518279E+11   3400021E-01  .1665E+02  .3350E+02   .9999999  .0003844  .0003083
T 3118 19 .1518406E+11   3400013E-01  .1875E+02  .5144E+02   .9999999  .0003421  .0000932
T 3119 19 .1518347E+11   3400010E-01  .6372E+02  .7192E+02   .9999999  .0003513  .0004017
T 3120 19 .1518329E+11   3400014E-01  .1719E+02 -.1098E+02   .9999999  .0001739 -.0001255
T 3121 19 .1518337E+11   3400003E-01  .2413E+02 -.1712E+02   .9999999 -.0001398  .0000076
T 3122 19 .1518282E+11   3400000E-01  .4688E+02 -.2681E+02   .9999999  .0003638 -.0001565
T 3123 19 .1518204E+11   3400016E-01  .1179E+01  .3162E+02   .9999999  .0000857  .0002392
T 3124 19 .1518080E+11   3400011E-01  .3620E+02 -.4934E+01   .9999999  .0001752 -.0000457
T 3125 19 .1518207E+11   3400013E-01 -.2176E+02  .5615E+01   .9999999 -.0000828  .0001694
T 3126 19 .1518266E+11   3400000E-01  .9003E+02 -.8864E+01   .9999998  .0006199  .0001017
T 3127 19 .1518428E+11   3400003E-01  .4035E+02 -.1964E+02   .9999997  .0005947 -.0005416
T 3128 19 .1518350E+11   3400018E-01  .1802E+01 -.5365E+01   .9999999 -.0000148 -.0000210
T 3129 19 .1518310E+11   3400013E-01 -.5574E+02  .7098E+01   .9999998 -.0005051  .0003379
T 3130 19 .1518271E+11   3400008E-01  .1507E+02  .7450E+01   .9999999  .0001695  .0000479
T 3131 19 .1518429E+11   3400012E-01  .1296E+02  .2271E+02   .9999999  .0000761  .0002919
T 3132 19 .1518371E+11   3400009E-01 -.1029E+02 -.5798E+02   .9999999 -.0000467 -.0004495
T 3133 19 .1518508E+11   3400022E-01 -.9820E+00  .3213E+02   .9999999 -.0000368  .0001976
T 3134 19 .1518204E+11   3400016E-01 -.7736E+02 -.1283E+02   .9999998 -.0005180 -.0002873
T 3135 19 .1518402E+11   3400021E-01 -.3683E+01 -.7080E+02   .9999999 -.0000708 -.0003469
T 3136 19 .1518260E+11   3400017E-01 -.1392E+02 -.9333E+01   .9999999 -.0001786  .0000355
T 3137 19 .1518321E+11   3400023E-01 -.6078E+01  .2152E+02   .9999999 -.0001143  .0003078
T 3138 19 .1518242E+11   3400021E-01  .2872E+02  .1653E+02   .9999999  .0000433  .0002003
T 3139 19 .1518216E+11   3400022E-01  .7671E+01  .1017E+02   .9999999  .0001168  .0001674
T 3140 19 .1518350E+11   3400023E-01 -.2182E+02 -.4148E+02   .9999999 -.0000924 -.0002228
T 3141 19 .1518221E+11   3400005E-01 -.5028E+02  .1728E+02   .9999999 -.0001984  .0001493
T 3142 19 .1518137E+11   3400008E-01 -.1964E+02 -.5179E+01   .9999999 -.0001707 -.0001090
T 3143 19 .1518221E+11   3400016E-01  .6833E+02 -.6237E+02   .9999999  .0003455 -.0003027
T 3144 19 .1518103E+11   3400017E-01 -.7377E+02 -.1721E+02   .9999999 -.0002023 -.0000489
T 3145 19 .1518353E+11   3400012E-01 -.2231E+02 -.4100E+02   .9999999  .0000355 -.0005098
T 3146 19 .1518222E+11   3400022E-01  .1555E+02 -.3473E+02   .9999999  .0001435 -.0001347
T 3147 19 .1518330E+11   3400013E-01 -.9923E+01  .2238E+01   .9999999 -.0000293  .0000189
T 3148 19 .1518171E+11   3400021E-01  .2724E+02  .1243E+02   .9999999  .0003935  .0002812
T 3149 19 .1518338E+11   3400007E-01  .2906E+02 -.3598E+02   .9999999  .0001392 -.0000640
T 3150 19 .1518313E+11   3400018E-01  .4684E+02  .2485E+02   .9999999  .0001378  .0003800
T 3151 19 .1518303E+11   3400005E-01  .2109E+02 -.1507E+02   .9999999  .0002086 -.0001984
T 3152 19 .1518316E+11   3400016E-01  .1937E+03  .1837E+03   .9999950  .0023652  .0020878
T 3153 19 .1518143E+11   3400010E-01  .5798E+02 -.8491E+01   .9999993  .0010704 -.0004784
T 3154 19 .1518040E+11   3400000E-01 -.3259E+02 -.1119E+02   .9999999 -.0000705 -.0000523
T 3155 19 .1518443E+11   3400002E-01 -.1552E+01  .5818E+01   .9999999  .0000192 -.0000781
T 3156 19 .1518230E+11   3400002E-01  .7161E+01 -.3623E+02   .9999999 -.0001740 -.0001980
T 3157 19 .1518407E+11   3400007E-01  .2697E+02  .2088E+02   .9999999  .0001524  .0002320
T 3158 19 .1518284E+11   3400006E-01  .5522E+02  .8484E+01   .9999999  .0004923  .0000223
T 3159 19 .1518315E+11   3400001E-01 -.5150E+01 -.3208E+02   .9999999 -.0000834 -.0002921
T 3160 19 .1518350E+11   3400001E-01  .1501E+02  .5820E+01   .9999999  .0000711  .0000590
T 3161 19 .1518363E+11   3400010E-01  .3258E+02 -.1118E+02   .9999999  .0001826 -.0001939
T 3162 19 .1518146E+11   3400007E-01 -.1573E+03 -.1081E+03   .9999973 -.0022813 -.0003943
T 3163 19 .1518231E+11   3400018E-01 -.2137E+02  .1897E+02   .9999999 -.0003670  .0001007
T 3164 19 .1518341E+11   3400019E-01 -.2629E+02  .1406E+02   .9999999 -.0001524  .0001201
T 3165 19 .1518339E+11   3400011E-01 -.1362E+02 -.2533E+01   .9999999  .0001298  .0000193
T 3166 19 .1518079E+11   3400010E-01  .4057E+02 -.1815E+02   .9999999  .0002166 -.0001509
T 3167 19 .1518261E+11   3400014E-01  .1452E+01  .2392E+01   .9999999  .0000340  .0001369
T 3168 19 .1517980E+11   3400022E-01 -.1005E+02  .4901E+02   .9999999 -.0000979  .0004009
T 3169 19 .1518265E+11   3400002E-01  .2710E+02  .4201E+01   .9999998  .0003695 -.0005988
T 3170 19 .1518261E+11   3400017E-01 -.3094E+02 -.1797E+02   .9999999 -.0002414 -.0001346
T 3171 19 .1518295E+11   3400017E-01  .1911E+02  .1102E+02   .9999999  .0001206  .0000228
T 3172 19 .1518220E+11   3400018E-01  .8266E+01  .2239E+02   .9999999 -.0000654  .0000422
T 3173 19 .1518554E+11   3400005E-01 -.1852E+02  .4390E+02   .9999999 -.0001040  .0003391
T 3174 19 .1518327E+11   3400018E-01 -.1870E+02 -.3614E+02   .9999999 -.0000808 -.0003096
T 3175 19 .1518286E+11   3400001E-01 -.4514E+01  .1631E+02   .9999999  .0000817  .0000987
T 3176 19 .1518366E+11   3400012E-01  .3168E+02 -.3609E+02   .9999999  .0001179 -.0002969
T 3177 19 .1518288E+11   3400000E-01  .1149E+02 -.3086E+02   .9999999  .0001700  .0000458
T 3178 19 .1518218E+11   3400023E-01  .2677E+01 -.2259E+02   .9999999 -.0001367  .0000338
T 3179 19 .1518180E+11   3400000E-01  .4781E+02 -.5387E+02   .9999999  .0003201 -.0004131
T 3180 19 .1518186E+11   3400012E-01 -.7460E+01  .6059E+02   .9999999 -.0000620  .0002883
T 3181 19 .1518228E+11   3400010E-01  .1892E+02 -.1547E+02   .9999999  .0000098  .0001548
T 3182 19 .1518221E+11   3400002E-01 -.1847E+02  .1504E+02   .9999999 -.0001297  .0000859
T 3183 19 .1518083E+11   3400021E-01  .3296E+02 -.7735E+01   .9999999  .0000898  .0002792
T 3184 19 .1518065E+11   3400014E-01 -.1436E+02  .1033E+02   .9999999 -.0001817  .0000746
T 3185 19 .1518301E+11   3400023E-01  .1498E+02  .4716E+02   .9999999 -.0000988  .0003148
T 3186 19 .1518363E+11   3400003E-01  .1282E+02  .1159E+02   .9999999 -.0000265  .0001505
T 3187 19 .1518433E+11   3400019E-01  .2812E+01  .5332E+02   .9999999 -.0000004  .0004721
T 3188 19 .1518303E+11   3400021E-01 -.3843E+02  .1634E+02   .9999999 -.0002151  .0000435
T 3189 19 .1518048E+11   3400017E-01 -.1527E+02  .2086E+02   .9999999  .0000276  .0003347
T 3190 19 .1518277E+11   3400001E-01  .1339E+02 -.3429E+02   .9999999  .0001163 -.0000637
T 3191 19 .1518236E+11   3400022E-01  .3818E+01 -.2372E+02   .9999999 -.0000743  .0000340
T 3192 19 .1518287E+11   3400021E-01 -.5352E+02  .1496E+02   .9999998 -.0005187  .0002047
T 3193 19 .1518336E+11   3400007E-01  .5135E+02  .8741E+01   .9999999  .0003628  .0001723
T 3194 19 .1518239E+11   3400007E-01  .3857E+02  .5051E+02   .9999999  .0002692  .0003253
T 3195 19 .1518281E+11   3400013E-01 -.3432E+02  .6410E+01   .9999999 -.0001534 -.0000367
T 3196 19 .1518200E+11   3400022E-01  .1929E+02 -.2652E+02   .9999999  .0001616 -.0002434
T 3197 19 .1518399E+11   3400008E-01  .1881E+02 -.3592E+01   .9999999  .0000510  .0001188
T 3198 19 .1518071E+11   3400002E-01  .4485E+02 -.3031E+01   .9999999  .0002744 -.0000656
T 3199 19 .1518390E+11   3400015E-01 -.2794E+01  .4145E+01   .9999999  .0000046  .0000238
T 3200 19 .1518303E+11   3400007E-01  .6969E+01 -.5105E+00   .9999999  .0002961 -.0000836
T 3201 19 .1518269E+11   3400008E-01 -.2739E+02  .2854E+02   .9999999 -.0001136  .0002001
T 3202 19 .1518362E+11   3400013E-01 -.2513E+01  .9540E+01   .9999999 -.0000397  .0001278
T 3203 19 .1518385E+11   3400022E-01  .6080E+02 -.2028E+02   .9999999  .0003002 -.0002889
T 3204 19 .1518230E+11   3400011E-01  .8454E+02  .8095E+02   .9999990  .0011075  .0008381
T 3205 19 .1518198E+11   3400001E-01 -.6337E+02 -.5170E+02   .9999999 -.0002149 -.0003759
T 3206 19 .1518259E+11   3400014E-01  .7605E+00  .1721E+02   .9999999 -.0000160  .0002815
T 3207 19 .1518210E+11   3400019E-01 -.7214E+02 -.6197E+02   .9999999 -.0002445 -.0002463
T 3208 19 .1518421E+11   3400008E-01  .4986E+02  .1040E+02   .9999999  .0003309  .0001105
T 3209 19 .1518228E+11   3400019E-01 -.1343E+02  .1437E+02   .9999999 -.0000643  .0000327
T 3210 19 .1518106E+11   3400015E-01 -.5317E+02 -.7176E+02   .9999998 -.0003406 -.0005510
T 3211 19 .1518263E+11   3400019E-01 -.8696E+01  .1342E+02   .9999999 -.0002174  .0001800
T 3212 19 .1518279E+11   3400020E-01 -.7710E+01  .3293E+00   .9999999 -.0001649  .0000494
T 3213 19 .1518479E+11   3400018E-01 -.3152E+02  .1318E+02   .9999999 -.0000940  .0001506
T 3214 19 .1518278E+11   3400022E-01 -.5569E+01 -.1473E+02   .9999999 -.0000018 -.0000128
T 3215 19 .1518274E+11   3400016E-01 -.1060E+02 -.1780E+02   .9999999  .0000487 -.0003076
T 3216 19 .1518332E+11   3400022E-01  .2426E+02 -.3207E+01   .9999999  .0002849 -.0001594
T 3217 19 .1518269E+11   3400006E-01 -.2285E+02  .1506E+02   .9999999 -.0002141 -.0002299
T 3218 19 .1518218E+11   3400012E-01 -.8228E+01  .1374E+02   .9999999 -.0001356  .0000982
T 3219 19 .1518239E+11   3400007E-01 -.4130E+02 -.9252E+02   .9999997 -.0002787 -.0006768
T 3220 19 .1518108E+11   3400013E-01  .3570E+02 -.1788E+01   .9999999  .0004307 -.0002017
T 3221 19 .1518175E+11   3400016E-01  .2322E+02  .1632E+02   .9999999  .0003406 -.0000088
T 3222 19 .1518106E+11   3400009E-01 -.3515E+01 -.3347E+02   .9999999 -.0001310 -.0002329
T 3223 19 .1518440E+11   3400020E-01  .3403E+02  .2170E+02   .9999999  .0003475  .0002044
T 3224 19 .1518386E+11   3400021E-01 -.4460E-01  .1265E+02   .9999999 -.0001934  .0000188
T 3225 19 .1518303E+11   3400016E-01 -.6789E+01  .1790E+02   .9999999 -.0002245 -.0000505
T 3226 19 .1518307E+11   3400021E-01 -.3528E+02  .3081E+02   .9999999 -.0002320  .0003063
T 3227 19 .1518131E+11   3400012E-01  .4784E+02  .7328E+02   .9999998  .0004290  .0004309
T 3228 19 .1518304E+11   3400018E-01  .2618E+01  .2371E+02   .9999999  .0000749  .0001251
T 3229 19 .1518054E+11   3400019E-01 -.1731E+02  .3996E+01   .9999999 -.0001333 -.0000592
T 3230 19 .1518383E+11   3400013E-01 -.1046E+02  .3292E+02   .9999999  .0000753 -.0000644
T 3231 19 .1518353E+11   3400006E-01 -.2861E+02 -.2037E+01   .9999999 -.0003817  .0000592
T 3232 19 .1517911E+11   3400022E-01  .2283E+02  .5882E+01   .9999999  .0001261 -.0002049
T 3233 19 .1518245E+11   3400008E-01 -.7301E+01 -.1210E+02   .9999999 -.0000543 -.0002696
T 3234 19 .1518405E+11   3400003E-01  .5569E+02 -.6303E+01   .9999999  .0003655 -.0001799
T 3235 19 .1518319E+11   3400020E-01 -.3829E+02 -.2193E+02   .9999999 -.0001244 -.0000700
T 3236 19 .1518447E+11   3400001E-01  .1684E+02 -.1092E+02   .9999999 -.0000697  .0000929
T 3237 19 .1518370E+11   3400019E-01 -.4835E+02  .1524E+02   .9999999 -.0004018  .0001408
T 3238 19 .1518212E+11   3400009E-01 -.3429E+00  .8785E+01   .9999999 -.0000074 -.0000347
T 3239 19 .1518164E+11   3400007E-01 -.2448E+02  .2132E+02   .9999999 -.0002682  .0001552
T 3240 19 .1518231E+11   3400010E-01  .1318E+02 -.3667E+02   .9999999  .0000657 -.0001237
T 3241 19 .1518207E+11   3400021E-01 -.3014E+02  .1596E+02   .9999999 -.0001777  .0001236
T 3242 19 .1518069E+11   3400018E-01 -.6559E+01 -.1666E+02   .9999999  .0000184 -.0001475
T 3243 19 .1518207E+11   3400021E-01 -.5318E+01 -.6418E+01   .9999999 -.0002303  .0000285
T 3244 19 .1518141E+11   3400016E-01  .4146E+01 -.1461E+01   .9999999  .0000604 -.0000750
T 3245 19 .1518300E+11   3400006E-01 -.7045E+01 -.3580E+01   .9999999 -.0001377  .0001220
T 3246 19 .1518119E+11   3400008E-01  .2285E+02 -.1770E+02   .9999999  .0001278 -.0002077
T 3247 19 .1518094E+11   3400013E-01  .3530E+02  .8160E+01   .9999999  .0001709  .0001514
T 3248 19 .1518157E+11   3400022E-01 -.1086E+02  .6886E+01   .9999999 -.0001134 -.0000077
T 3249 19 .1518260E+11   3400010E-01 -.3063E+01  .7146E+00   .9999999 -.0000856 -.0002519
T 3250 19 .1518205E+11   3400017E-01  .1326E+02 -.1144E+02   .9999999  .0001590  .0001968
T 3251 19 .1518260E+11   3400010E-01  .2939E+02  .2853E+02   .9999999  .0001337  .0001086
T 3252 19 .1518316E+11   3400010E-01 -.3579E+02  .2738E+02   .9999999 -.0001596  .0001055
T 3253 19 .1518168E+11   3400018E-01  .2273E+02  .8022E+01   .9999999  .0002319  .0001463
T 3254 19 .1518316E+11   3400017E-01 -.3278E+02 -.6951E+01   .9999999 -.0003162 -.0001772
T 3255 19 .1518274E+11   3400018E-01  .1884E+02 -.2368E+02   .9999999  .0001218 -.0001167
T 3256 19 .1518404E+11   3400003E-01  .1899E+02 -.2621E+02   .9999999  .0002551 -.0002399
T 3257 19 .1518059E+11   3400006E-01 -.2232E+02  .8554E+01   .9999999 -.0001714  .0002563
T 3258 19 .1518229E+11   3400017E-01  .3018E+02  .4983E+01   .9999999 -.0001492 -.0002385
T 3259 19 .1518277E+11   3400020E-01  .1220E+02 -.1028E+02   .9999999  .0001819 -.0001169
T 3260 19 .1518289E+11   3400002E-01 -.1097E+03  .1117E+03   .9999993 -.0008867  .0008113
T 3261 19 .1518406E+11   3400016E-01 -.5847E+01  .3520E+02   .9999999  .0001452  .0003047
T 3262 19 .1518399E+11   3400003E-01 -.2351E+02 -.1963E+02   .9999999 -.0000266  .0001016
T 3263 19 .1518320E+11   3400011E-01  .1821E+02 -.1658E+02   .9999999  .0002919 -.0000731
T 3264 19 .1518026E+11   3400020E-01 -.3097E+01 -.5923E+02   .9999999 -.0001198 -.0004118
T 3265 19 .1518311E+11   3400006E-01 -.4513E+02  .1910E+02   .9999999 -.0004176 -.0000420
T 3266 19 .1518342E+11   3400013E-01  .3531E+02  .3493E+02   .9999999  .0002852  .0001447
T 3267 19 .1518264E+11   3400016E-01  .5950E+02  .4394E+02   .9999999  .0003902  .0003630
T 3268 19 .1518327E+11   3400008E-01 -.1044E+02  .2364E+02   .9999999  .0000626  .0001821
T 3269 19 .1518082E+11   3400018E-01  .3954E+02  .3055E+02   .9999999  .0001802  .0003765
T 3270 19 .1518380E+11   3400001E-01 -.6201E+02  .2378E+02   .9999999 -.0005009 -.0000111
T 3271 19 .1518087E+11   3400011E-01  .3139E+02  .5162E+02   .9999999  .0002937  .0003129
T 3272 19 .1518328E+11   3400014E-01 -.1169E+02 -.4097E+02   .9999999 -.0001349 -.0003370
T 3273 19 .1518239E+11   3400019E-01  .1665E+02  .3791E+02   .9999999  .0002779  .0002155
T 3274 19 .1518213E+11   3400012E-01 -.5200E+01 -.2794E+02   .9999999 -.0001016 -.0001416
T 3275 19 .1518263E+11   3400008E-01  .5694E+01 -.3976E+02   .9999999 -.0000217 -.0002982
T 3276 19 .1518260E+11   3400016E-01 -.6150E+02 -.2291E+02   .9999999 -.0002916 -.0000903
T 3277 19 .1518034E+11   3400021E-01  .1737E+02  .6658E+02   .9999999 -.0000381  .0004072
T 3278 19 .1518301E+11   3400020E-01 -.6650E+01  .1193E+02   .9999999 -.0001003  .0000510
T 3279 19 .1518305E+11   3400019E-01  .1202E+02 -.3530E+02   .9999999 -.0000435 -.0002654
T 3280 19 .1518007E+11   3400015E-01  .2093E+02  .3255E+02   .9999999  .0000329  .0002703
T 3281 19 .1518238E+11   3400017E-01 -.4075E+02  .2098E+02   .9999999 -.0002685  .0001983
T 3282 19 .1518347E+11   3400003E-01 -.8989E+01  .3048E+01   .9999999 -.0000850 -.0001413
T 3283 19 .1518498E+11   3400021E-01  .1231E+02 -.1348E+02   .9999999  .0000460 -.0000375
T 3284 19 .1518152E+11   3400006E-01  .1778E+02  .3806E+02   .9999999  .0001570  .0003212
T 3285 19 .1518198E+11   3400008E-01  .9341E+02  .8139E+01   .9999998  .0006864 -.0001160
T 3286 19 .1518438E+11   3400019E-01 -.2899E+02 -.3819E+02   .9999999 -.0000487 -.0002590
T 3287 19 .1518236E+11   3400014E-01  .3062E+02  .1250E+01   .9999999  .0001659 -.0000647
T 3288 19 .1518217E+11   3400021E-01 -.4114E+02  .5448E+01   .9999999 -.0002444 -.0000460
T 3289 19 .1518226E+11   3400012E-01  .2015E+02 -.2781E+02   .9999999 -.0000339 -.0001262
T 3290 19 .1518062E+11   3400011E-01 -.9881E+01 -.1148E+02   .9999999  .0000635 -.0001009
T 3291 19 .1518216E+11   3400002E-01 -.5718E+02  .3149E+02   .9999999 -.0003298  .0001366
T 3292 19 .1518264E+11   3400000E-01 -.7259E+02  .5106E+02   .9999998 -.0005273  .0003496
T 3293 19 .1518107E+11   3400020E-01  .2007E+02  .1184E+02   .9999999  .0002244  .0001375
T 3294 19 .1518291E+11   3400011E-01  .5370E+01  .3103E+02   .9999999  .0000054  .0002092
T 3295 19 .1518276E+11   3400020E-01  .4024E+02  .6215E+02   .9999999  .0002678  .0004429
T 3296 19 .1518610E+11   3400018E-01 -.5532E+02 -.9404E+02   .9999997 -.0003449 -.0006254
T 3297 19 .1518145E+11   3400019E-01 -.5442E+02 -.2212E+02   .9999999 -.0003885 -.0001249
T 3298 19 .1518172E+11   3400000E-01  .1896E+02  .2641E+01   .9999999  .0001491  .0001332
T 3299 19 .1518116E+11   3400000E-01 -.2848E+02  .1656E+02   .9999999 -.0001685  .0000397
T 3300 19 .1518307E+11   3400011E-01 -.1058E+03 -.5630E+02   .9999998 -.0005984 -.0003316
T 3301 19 .1518204E+11   3400001E-01  .4766E+01  .9212E+01   .9999999  .0000985  .0002335
T 3302 19 .1518259E+11   3400021E-01 -.3377E+02 -.9364E+01   .9999999 -.0003148  .0002272
T 3303 19 .1518363E+11   3400019E-01  .6364E+01 -.1775E+02   .9999999  .0000956 -.0000439
T 3304 19 .1518289E+11   3400010E-01 -.2057E+03  .1268E+03   .9999992 -.0010564  .0006996
T 3305 19 .1518416E+11   3400012E-01 -.2161E+02  .2719E+02   .9999999 -.0001557  .0001382
T 3306 19 .1518089E+11   3400021E-01  .4280E+02 -.2802E+01   .9999999  .0003448 -.0001288
T 3307 19 .1518196E+11   3400009E-01 -.4319E+01  .2178E+02   .9999999 -.0000101  .0000817
T 3308 19 .1518404E+11   3400011E-01 -.1700E+02 -.3537E+02   .9999999 -.0002035 -.0002982
T 3309 19 .1518051E+11   3400000E-01 -.8204E+01  .2823E+02   .9999999 -.0001035  .0000529
T 3310 19 .1518196E+11   3400019E-01  .3899E+01  .2745E+02   .9999999 -.0000234  .0001871
T 3311 19 .1517963E+11   3400011E-01 -.2929E+02  .4955E+01   .9999999 -.0001937  .0000659
T 3312 19 .1518202E+11   3400004E-01  .5823E+02 -.4278E+01   .9999999  .0004739 -.0001848
T 3313 19 .1518297E+11   3400013E-01 -.2308E+02  .6517E+02   .9999999  .0000133  .0003169
T 3314 19 .1518393E+11   3400020E-01 -.5724E+02 -.2435E+02   .9999999 -.0002430 -.0002066
T 3315 19 .1518361E+11   3400011E-01 -.1342E+02  .9833E+02   .9999990 -.0001574  .0013799
T 3316 19 .1518183E+11   3400020E-01 -.3671E+02  .6484E+02   .9999999 -.0002172  .0002950
T 3317 19 .1518199E+11   3400008E-01  .2586E+02  .5072E+02   .9999999 -.0001216  .0004851
T 3318 19 .1518164E+11   3400009E-01 -.2089E+02 -.9243E+01   .9999999 -.0001723 -.0000838
T 3319 19 .1518313E+11   3400003E-01 -.2019E+01  .3014E+02   .9999999 -.0001749  .0001904
T 3320 19 .1518279E+11   3400004E-01 -.2966E+02 -.2613E+01   .9999999 -.0001077 -.0001159
T 3321 19 .1518200E+11   3400017E-01  .3138E+02 -.7676E+01   .9999999  .0002879 -.0001224
T 3322 19 .1518151E+11   3400006E-01 -.7351E+01  .6804E+02   .9999999 -.0001391  .0004270
T 3323 19 .1518453E+11   3400023E-01 -.3186E+02  .1054E+02   .9999999 -.0002978  .0000838
T 3324 19 .1518305E+11   3400009E-01  .7085E+02 -.3135E+00   .9999999  .0002935 -.0000074
T 3325 19 .1518386E+11   3400018E-01  .1597E+02 -.2672E+02   .9999999  .0000692 -.0000365
T 3326 19 .1518289E+11   3400018E-01  .2249E+02  .1041E+02   .9999999  .0002874  .0000972
T 3327 19 .1517980E+11   3400023E-01 -.6378E+01 -.2988E+02   .9999999  .0000909 -.0002262
T 3328 19 .1518323E+11   3400000E-01 -.1679E+02  .1791E+02   .9999999 -.0001412  .0001258
T 3329 19 .1518256E+11   3400015E-01 -.1031E+02  .9157E+01   .9999999 -.0001585  .0000667
T 3330 19 .1518127E+11   3400022E-01 -.1113E+02 -.2093E+02   .9999999 -.0000912 -.0001607
T 3331 19 .1518345E+11   3400011E-01 -.8893E+01 -.2904E+02   .9999999 -.0000405 -.0001616
T 3332 19 .1518289E+11   3400019E-01  .2345E+02 -.2619E+02   .9999999 -.0000031 -.0003147
T 3333 19 .1518349E+11   3400004E-01  .1484E+02  .7611E+02   .9999999  .0000341  .0004688
T 3334 19 .1518230E+11   3400023E-01  .2392E+02  .2107E+02   .9999999  .0000200  .0000991
T 3335 19 .1518058E+11   3400011E-01 -.1760E+02  .3501E+00   .9999999 -.0002431 -.0000386
T 3336 19 .1518444E+11   3400001E-01 -.3012E+02  .8296E+01   .9999999 -.0004291 -.0000550
T 3337 19 .1518315E+11   3400023E-01  .2086E+02 -.2337E+02   .9999999  .0001110 -.0000967
T 3338 19 .1517985E+11   3400021E-01  .4337E+02  .2206E+02   .9999999  .0002859  .0000125
T 3339 19 .1518307E+11   3400016E-01  .3458E+02  .1792E+02   .9999999  .0003191  .0000203
T 3340 19 .1518292E+11   3400001E-01 -.7979E+00 -.4346E+02   .9999999  .0000535 -.0001287
T 3341 19 .1518375E+11   3400012E-01 -.2395E+02  .3379E+01   .9999996 -.0007260  .0004416
T 3342 19 .1518449E+11   3400021E-01 -.1097E+03  .6018E+02   .9999995 -.0008704  .0003963
T 3343 19 .1518274E+11   3400015E-01 -.3461E+00  .6010E+02   .9999999 -.0001167  .0002447
T 3344 19 .1518096E+11   3400014E-01  .1322E+02 -.3029E+02   .9999999  .0000725 -.0000645
T 3345 19 .1518347E+11   3400011E-01 -.5904E+01  .2937E+02   .9999999  .0000691  .0003498
T 3346 19 .1518284E+11   3400011E-01  .5938E+01 -.1376E+02   .9999999 -.0000531 -.0000020
T 3347 19 .1518379E+11   3400001E-01  .2824E+02 -.3688E+02   .9999999  .0000535 -.0001848
T 3348 19 .1518220E+11   3400009E-01 -.4159E+01  .3424E+02   .9999999  .0001121  .0002508
T 3349 19 .1518247E+11   3400007E-01  .1915E+02 -.4321E+02   .9999999  .0001327 -.0002216
T 3350 19 .1518193E+11   3400022E-01  .6108E+01  .7989E+01   .9999999  .0000095  .0000439
T 3351 19 .1518252E+11   3400017E-01 -.5282E+02 -.2913E+02   .9999999 -.0004110 -.0003615
T 3352 19 .1518272E+11   3400013E-01  .3918E+02  .3124E+02   .9999999  .0003109  .0002508
T 3353 19 .1518269E+11   3400019E-01  .2007E+02 -.3240E+02   .9999999  .0002040 -.0002030
T 3354 19 .1518257E+11   3400007E-01  .3545E+02  .2842E+02   .9999999  .0002112  .0001312
T 3355 19 .1518435E+11   3400013E-01  .2399E+02 -.3827E+02   .9999999  .0001584 -.0001554
T 3356 19 .1518324E+11   3400017E-01  .3888E+01  .7657E+01   .9999999 -.0001400  .0001385
T 3357 19 .1518274E+11   3400007E-01 -.1026E+02  .4402E+02   .9999995  .0006639  .0007910
T 3358 19 .1518449E+11   3400011E-01 -.8741E+02  .7848E+02   .9999997 -.0003800  .0007365
T 3359 19 .1518299E+11   3400019E-01 -.1162E+01 -.3892E+02   .9999997 -.0002686 -.0007016
T 3360 19 .1518401E+11   3400009E-01  .4544E+02 -.1011E+02   .9999999  .0003841 -.0000117
T 3361 19 .1518222E+11   3400015E-01  .2960E+02  .6003E+02   .9999999  .0002052  .0004252
T 3362 19 .1518248E+11   3400022E-01 -.2783E+02  .5080E+02   .9999999 -.0000217  .0005286
T 3363 19 .1518366E+11   3400011E-01 -.8165E+01  .3544E+02   .9999999  .0000591  .0002233
T 3364 19 .1518238E+11   3400019E-01  .5057E+01  .2335E+01   .9999999  .0000398 -.0001274
T 3365 19 .1518275E+11   3400018E-01  .4031E+02  .3997E+02   .9999999  .0003590  .0000774
T 3366 19 .1518082E+11   3400017E-01  .1329E+02  .1601E+01   .9999999 -.0000586 -.0000403
T 3367 19 .1518289E+11   3400020E-01 -.1684E+02 -.2129E+01   .9999999 -.0001420  .0000471
T 3368 19 .1518378E+11   3400010E-01  .7285E+01  .7511E+01   .9999999  .0000665  .0000324
T 3369 19 .1518426E+11   3400018E-01 -.1238E+02  .1316E+02   .9999999 -.0000970  .0002747
T 3370 19 .1518318E+11   3400001E-01  .3525E+02  .2779E+02   .9999998  .0005184  .0003416
T 3371 19 .1518253E+11   3400018E-01  .2538E+02 -.1089E+02   .9999999  .0000349 -.0001457
T 3372 19 .1518272E+11   3400010E-01  .2247E+02  .1752E+02   .9999999 -.0000105  .0001790
T 3373 19 .1518213E+11   3400010E-01  .2666E+02  .1513E+02   .9999999  .0001362 -.0001184
T 3374 19 .1518096E+11   3400014E-01 -.3501E+01 -.1314E+02   .9999999  .0000663 -.0000892
T 3375 19 .1518270E+11   3400004E-01  .5795E+02 -.4273E+02   .9999997  .0005669 -.0004589
T 3376 19 .1518197E+11   3400015E-01 -.3894E+02  .3270E+02   .9999999 -.0002826  .0003910
T 3377 19 .1518344E+11   3400013E-01  .3447E+02 -.1846E+02   .9999999  .0001908 -.0000607
T 3378 19 .1518277E+11   3400021E-01 -.3279E+02 -.3236E+02   .9999999 -.0001797 -.0002208
T 3379 19 .1518375E+11   3400018E-01  .1990E+02 -.7266E+02   .9999999  .0001325 -.0004614
T 3380 19 .1518318E+11   3400012E-01  .4909E+01 -.4843E+02   .9999999 -.0000211 -.0002679
T 3381 19 .1518345E+11   3400009E-01  .1228E+02 -.2057E+01   .9999999 -.0001579  .0001756
T 3382 19 .1518336E+11   3400018E-01  .2854E+02 -.4908E+01   .9999999  .0001719 -.0000329
T 3383 19 .1518159E+11   3400021E-01 -.4988E+02  .1187E+02   .9999999 -.0002649 -.0000220
T 3384 19 .1518288E+11   3400000E-01 -.9869E+02 -.2570E+02   .9999996 -.0008565 -.0001831
T 3385 19 .1518423E+11   3400009E-01  .2684E+02  .1004E+02   .9999999  .0001780 -.0000361
T 3386 19 .1518344E+11   3400021E-01  .3005E+02 -.1592E+01   .9999999  .0002195  .0000781
T 3387 19 .1518288E+11   3400023E-01  .2668E+02  .4215E+02   .9999998 -.0000345  .0006841
T 3388 19 .1518144E+11   3400002E-01 -.1740E+01  .9654E+00   .9999999 -.0000343  .0000434
T 3389 19 .1518210E+11   3400012E-01  .5644E+02  .6665E+01   .9999999  .0004241  .0002229
T 3390 19 .1518306E+11   3400009E-01  .1190E+02  .2236E+02   .9999999  .0001016 -.0001244
T 3391 19 .1518205E+11   3400020E-01 -.6426E+01 -.1459E+01   .9999999 -.0000260  .0000580
T 3392 19 .1518304E+11   3400001E-01  .5142E+02 -.1115E+02   .9999999  .0003635 -.0000502
T 3393 19 .1518240E+11   3400013E-01 -.4106E+01  .5359E+02   .9999999  .0000498  .0004054
T 3394 19 .1518306E+11   3400008E-01 -.4749E+01  .2457E+02   .9999999 -.0001369  .0002600
T 3395 19 .1518327E+11   3400002E-01 -.1253E+02  .2861E+02   .9999999 -.0001751  .0001343
T 3396 19 .1518098E+11   3400007E-01  .1552E+02  .1412E+02   .9999999  .0000439  .0000031
T 3397 19 .1518311E+11   3400020E-01 -.5383E+02 -.2215E+02   .9999999 -.0001673 -.0002067
T 3398 19 .1518323E+11   3400013E-01  .4657E+02  .3414E+01   .9999999  .0002257  .0000672
T 3399 19 .1518274E+11   3400017E-01 -.1116E+02 -.3942E+02   .9999999 -.0000665 -.0004415
T 3400 19 .1518434E+11   3400010E-01  .4466E+02  .6137E+02   .9999998  .0004423  .0005506
T 3401 19 .1518372E+11   3400004E-01  .1371E+02 -.1535E+02   .9999999 -.0000138 -.0001291
T 3402 19 .1518319E+11   3400011E-01  .5730E+01 -.5963E+02   .9999997  .0000649 -.0008338
T 3403 19 .1518329E+11   3400011E-01 -.2500E+02 -.1010E+02   .9999999 -.0001948 -.0000248
T 3404 19 .1518209E+11   3400023E-01  .9581E+01  .2006E+01   .9999999  .0000721  .0000451
T 3405 19 .1518162E+11   3400002E-01 -.3597E+02  .7382E+02   .9999999 -.0002317  .0003680
T 3406 19 .1518382E+11   3400008E-01  .9166E+01  .1162E+02   .9999999  .0000473  .0000299
T 3407 19 .1518218E+11   3400022E-01  .4240E+01  .3409E+00   .9999999 -.0001500 -.0002091
T 3408 19 .1518173E+11   3400010E-01 -.3587E+01 -.1521E+02   .9999999  .0001142 -.0001484
T 3409 19 .1518255E+11   3400019E-01  .1971E+00  .4368E+02   .9999999  .0000498  .0000839
T 3410 19 .1518314E+11   3400020E-01 -.7794E+02  .4494E+01   .9999999 -.0003481 -.0000446
T 3411 19 .1518100E+11   3400014E-01  .1827E+02 -.2424E+02   .9999999 -.0000019 -.0001021
T 3412 19 .1518313E+11   3400010E-01 -.5037E+02 -.6083E+02   .9999997 -.0005594 -.0005075
T 3413 19 .1518510E+11   3400012E-01 -.3712E+02  .3097E+02   .9999999 -.0003139  .0003131
T 3414 19 .1518082E+11   3400018E-01 -.4623E+01 -.1887E+02   .9999999  .0000732 -.0001302
T 3415 19 .1518196E+11   3400009E-01 -.2540E+01 -.1176E+02   .9999999 -.0000094 -.0001091
T 3416 19 .1518349E+11   3400018E-01 -.5086E+02 -.3618E+02   .9999999 -.0003799 -.0002769
T 3417 19 .1518182E+11   3400013E-01 -.4108E+02  .1545E+01   .9999999 -.0004338 -.0000512
T 3418 19 .1518357E+11   3400009E-01 -.5078E+01  .1149E+02   .9999999 -.0000187  .0000996
T 3419 19 .1518029E+11   3400009E-01 -.1628E+02 -.1968E+02   .9999999 -.0001586 -.0000722
T 3420 19 .1518123E+11   3400003E-01 -.1460E+02 -.1709E+02   .9999999 -.0003965 -.0001808
T 3421 19 .1518370E+11   3400016E-01 -.1345E+02 -.5259E+01   .9999999  .0000520 -.0000528
T 3422 19 .1518389E+11   3400015E-01  .5723E+02  .7414E+01   .9999999  .0004087  .0001106
T 3423 19 .1518531E+11   3400021E-01  .1389E+02  .1176E+02   .9999999  .0000415 -.0000005
T 3424 19 .1518234E+11   3400022E-01 -.6546E+02 -.4678E+02   .9999999 -.0003067 -.0002961
T 3425 19 .1518195E+11   3400001E-01  .3172E+02 -.1330E+02   .9999999  .0002887 -.0002660
T 3426 19 .1518426E+11   3400003E-01 -.1142E+02  .1336E+02   .9999999 -.0000624 -.0001263
T 3427 19 .1518317E+11   3400010E-01  .2919E+02  .1967E+02   .9999999  .0002770  .0001294
T 3428 19 .1518410E+11   3400019E-01  .2196E+02 -.3441E+02   .9999999  .0000266 -.0001902
T 3429 19 .1518110E+11   3400016E-01 -.9035E+02  .6669E+02   .9999996 -.0006061  .0006914
T 3430 19 .1518188E+11   3400000E-01  .1058E+02  .3518E+02   .9999999  .0000006  .0001986
T 3431 19 .1518206E+11   3400017E-01  .1143E+02  .1151E+02   .9999999  .0002596 -.0000194
T 3432 19 .1518228E+11   3400023E-01  .9524E+01 -.2587E+02   .9999999  .0000262  .0000996
T 3433 19 .1518183E+11   3400002E-01  .7035E+01 -.4726E+02   .9999999  .0001280 -.0003217
T 3434 19 .1518277E+11   3400010E-01 -.1365E+01 -.2711E+02   .9999999 -.0000674 -.0002763
T 3435 19 .1518238E+11   3400018E-01 -.1400E+02 -.5221E+02   .9999999 -.0001582 -.0004327
T 3436 19 .1518265E+11   3400009E-01 -.2109E+02  .3463E+02   .9999999 -.0000719  .0003303
T 3437 19 .1518211E+11   3400017E-01  .8427E+01 -.1362E+02   .9999999 -.0002896 -.0000372
T 3438 19 .1518384E+11   3400013E-01  .7631E+02 -.9569E+01   .9999999  .0004120  .0000975
T 3439 19 .1518290E+11   3400020E-01  .1839E+00  .8867E+01   .9999999 -.0000046  .0001442
T 3440 19 .1518221E+11   3400019E-01  .4309E+02 -.1265E+02   .9999999  .0004187  .0000856
T 3441 19 .1518125E+11   3400005E-01 -.2322E+02 -.9985E+01   .9999999 -.0004633  .0000744
T 3442 19 .1518312E+11   3400014E-01 -.7740E+00 -.9068E+01   .9999999 -.0000613 -.0000699
T 3443 19 .1518383E+11   3400009E-01 -.6035E+02  .5375E+02   .9999999 -.0002880  .0003938
T 3444 19 .1518414E+11   3400000E-01 -.1839E+02 -.2096E+02   .9999999 -.0003852 -.0001153
T 3445 19 .1518073E+11   3400010E-01 -.6877E+01  .6144E+02   .9999999 -.0000554  .0005310
T 3446 19 .1518232E+11   3400021E-01 -.2817E+02  .2869E+02   .9999999 -.0002833  .0002086
T 3447 19 .1518227E+11   3400006E-01  .4944E+02  .2569E+02   .9999996  .0004701  .0007954
T 3448 19 .1518393E+11   3400022E-01 -.6612E+01  .1898E+01   .9999999 -.0000140 -.0000569
T 3449 19 .1518213E+11   3400013E-01 -.3181E+02 -.7308E+02   .9999999 -.0003164 -.0003984
T 3450 19 .1518258E+11   3400011E-01  .1322E+02  .1180E+02   .9999999  .0002558  .0002054
T 3451 19 .1518223E+11   3400016E-01 -.4473E+02 -.6103E+02   .9999998 -.0002822 -.0006086
T 3452 19 .1518129E+11   3400012E-01 -.1022E+02 -.1337E+02   .9999999 -.0001017  .0000936
T 3453 19 .1518222E+11   3400005E-01 -.4821E+02  .9828E+02   .9999995 -.0005693  .0007897
T 3454 19 .1518269E+11   3400002E-01  .4107E+02  .2726E+01   .9999999  .0002177 -.0000145
T 3455 19 .1518185E+11   3400000E-01  .1120E+02  .1192E+01   .9999999 -.0000285  .0000287
T 3456 19 .1518355E+11   3400018E-01  .6860E+02 -.2410E+01   .9999998  .0005735  .0000577
T 3457 19 .1518198E+11   3400017E-01 -.1138E+02  .4218E+02   .9999999  .0000339  .0002595
T 3458 19 .1518147E+11   3400007E-01 -.4306E+02 -.5836E+02   .9999999 -.0001254 -.0004895
T 3459 19 .1518209E+11   3400001E-01  .7518E-01  .2790E+02   .9999999  .0001993  .0001463
T 3460 19 .1518334E+11   3400021E-01 -.3903E+01  .1696E+02   .9999999 -.0001109  .0001279
T 3461 19 .1518203E+11   3400017E-01 -.3285E+02 -.2330E+01   .9999999 -.0003958  .0001370
T 3462 19 .1518256E+11   3400023E-01  .4524E+02 -.2199E+02   .9999999  .0003826 -.0000010
T 3463 19 .1518149E+11   3400011E-01  .1104E+01  .9381E+01   .9999999 -.0000590  .0001078
T 3464 19 .1518023E+11   3400022E-01  .2594E+02 -.2831E+02   .9999999  .0002386 -.0002841
T 3465 19 .1518265E+11   3400011E-01  .2898E+02  .4346E+01   .9999999 -.0000035 -.0002427
T 3466 19 .1518323E+11   3400015E-01  .1548E+02 -.2712E+01   .9999999  .0001032  .0000851
T 3467 19 .1518293E+11   3400008E-01 -.1535E+02 -.8976E+01   .9999999 -.0000684 -.0001875
T 3468 19 .1518298E+11   3400003E-01 -.2650E+02  .8745E+01   .9999999 -.0001570  .0000738
T 3469 19 .1518105E+11   3400020E-01  .4769E+01 -.1324E+02   .9999999 -.0000481 -.0000551
T 3470 19 .1518110E+11   3400014E-01 -.4005E+01  .1021E+02   .9999999  .0000264  .0001741
T 3471 19 .1518522E+11   3400021E-01 -.3369E+02  .4673E+02   .9999999 -.0001774  .0001207
T 3472 19 .1518306E+11   3400021E-01  .1195E+02 -.3286E+02   .9999999  .0002870 -.0002905
T 3473 19 .1518123E+11   3400016E-01 -.4880E+02  .1615E+02   .9999999 -.0002877  .0001078
T 3474 19 .1518260E+11   3400014E-01  .1323E+02 -.1724E+02   .9999999  .0001252 -.0001246
T 3475 19 .1518160E+11   3400004E-01  .4612E+01 -.9894E+01   .9999999  .0002005 -.0001043
T 3476 19 .1518114E+11   3400013E-01 -.3218E+02 -.2764E+01   .9999999 -.0003084 -.0000170
T 3477 19 .1518284E+11   3400022E-01 -.4506E+02  .2299E+02   .9999999 -.0002472  .0000042
T 3478 19 .1518397E+11   3400011E-01  .4642E+02 -.7901E+01   .9999999  .0001936 -.0000488
T 3479 19 .1518167E+11   3400012E-01 -.2726E+02  .3774E+02   .9999999 -.0004320  .0002656
T 3480 19 .1518295E+11   3400023E-01  .4023E+02  .1055E+02   .9999999  .0001081  .0000603
T 3481 19 .1518371E+11   3400020E-01 -.1817E+02 -.5785E+02   .9999999 -.0000271 -.0005167
T 3482 19 .1518258E+11   3400022E-01 -.1771E+02  .3059E+02   .9999999 -.0000607  .0001637
T 3483 19 .1518236E+11   3400009E-01 -.1255E+02 -.7133E+01   .9999999  .0000188 -.0000982
T 3484 19 .1518175E+11   3400019E-01  .1503E+02 -.2022E+02   .9999999  .0000674 -.0001518
T 3485 19 .1518288E+11   3400013E-01 -.2936E+02  .9086E+01   .9999999 -.0002661  .0001028
T 3486 19 .1518385E+11   3400014E-01 -.3983E+02  .1785E+02   .9999999 -.0000781  .0001030
T 3487 19 .1518246E+11   3400019E-01  .1978E+02  .1704E+02   .9999999  .0000082  .0002409
T 3488 19 .1518154E+11   3400016E-01 -.2231E+02  .2548E+02   .9999999 -.0000706  .0003391
T 3489 19 .1518149E+11   3400005E-01 -.4194E+02  .1019E+02   .9999999 -.0002832  .0000586
T 3490 19 .1518395E+11   3400007E-01 -.3017E+02 -.2550E+02   .9999999 -.0002505 -.0002453
T 3491 19 .1518193E+11   3400020E-01  .2075E+02 -.1626E+02   .9999999  .0002119 -.0000936
T 3492 19 .1518151E+11   3400000E-01  .2805E+02  .1702E+02   .9999999  .0000425 -.0000468
T 3493 19 .1518222E+11   3400023E-01  .2408E+02  .4286E+02   .9999995  .0005015  .0008628
T 3494 19 .1518014E+11   3400019E-01  .4496E+02 -.1065E+02   .9999999  .0002284 -.0001428
T 3495 19 .1518397E+11   3400018E-01  .3012E+02  .2878E+02   .9999999  .0002079  .0002251
T 3496 19 .1518295E+11   3400006E-01  .6834E+02 -.1813E+03   .9999997  .0001714 -.0007191
T 3497 19 .1518221E+11   3400018E-01  .3242E+02  .3099E+02   .9999999  .0001263  .0000637
T 3498 19 .1518506E+11   3400003E-01 -.1568E+03  .2581E+03   .9999990 -.0007136  .0011979
T 3499 19 .1518393E+11   3400012E-01  .1041E+02  .2194E+01   .9999999  .0003090  .0000792
T 3500 19 .1518183E+11   3400000E-01 -.7942E+01 -.6439E+01   .9999999  .0000171  .0000440
T 3501 19 .1518210E+11   3400001E-01  .3176E+02  .1325E+02   .9999999 -.0000132 -.0000465
T 3502 19 .1518314E+11   3400018E-01 -.6909E+01 -.1384E+01   .9999999 -.0000202  .0000136
T 3503 19 .1518357E+11   3400023E-01 -.3002E+02 -.3496E+02   .9999999 -.0001057 -.0003340
T 3504 19 .1518185E+11   3400003E-01 -.3959E+02 -.5409E+01   .9999999 -.0003973  .0002139
T 3505 19 .1518354E+11   3400014E-01 -.6750E+02  .1345E+02   .9999999 -.0003250  .0001300
T 3506 19 .1518167E+11   3400014E-01 -.1264E+02 -.5242E+02   .9999999 -.0001532 -.0003343
T 3507 19 .1518387E+11   3400022E-01  .4575E+02 -.1450E+02   .9999999  .0001280 -.0001964
T 3508 19 .1518211E+11   3400005E-01 -.4817E+02 -.8684E+01   .9999999 -.0003462 -.0001277
T 3509 19 .1518105E+11   3400006E-01  .4107E+02  .7507E+00   .9999999  .0000903 -.0000244
T 3510 19 .1518290E+11   3400000E-01  .5472E+01 -.4818E+02   .9999999  .0000020 -.0003546
T 3511 19 .1518251E+11   3400019E-01 -.7639E+01 -.3804E+01   .9999999 -.0002228  .0000584
T 3512 19 .1518213E+11   3400013E-01  .1978E+02 -.6673E+02   .9999999  .0001920 -.0000698
T 3513 19 .1518220E+11   3400017E-01 -.2116E+02 -.1386E+02   .9999999 -.0001360 -.0001208
T 3514 19 .1518136E+11   3400001E-01 -.2604E+02  .1439E+02   .9999999 -.0002538  .0001836
T 3515 19 .1518267E+11   3400011E-01  .4002E+02  .3189E+02   .9999999  .0004830  .0002353
T 3516 19 .1518157E+11   3400000E-01  .1141E+02 -.6475E+01   .9999999  .0001538  .0000725
T 3517 19 .1517933E+11   3400006E-01 -.6356E+02  .6226E+01   .9999999 -.0003583  .0002268
T 3518 19 .1518360E+11   3400011E-01  .1377E+02 -.1407E+02   .9999999  .0000114 -.0001916
T 3519 19 .1518393E+11   3400000E-01 -.3367E+02  .1812E+02   .9999999 -.0001065  .0001383
T 3520 19 .1518335E+11   3400016E-01 -.1044E+03 -.1332E+03   .9999997 -.0005408 -.0006234
T 3521 19 .1518408E+11   3400018E-01 -.2696E+02 -.1667E+02   .9999999  .0000881 -.0000565
T 3522 19 .1518341E+11   3400016E-01  .1240E+02 -.1811E+02   .9999999  .0002106 -.0001797
T 3523 19 .1518152E+11   3400014E-01 -.1738E+02 -.3688E+02   .9999999 -.0001509 -.0002390
T 3524 19 .1518333E+11   3400018E-01  .2970E+02  .4193E+02   .9999998  .0003369  .0004777
T 3525 19 .1518124E+11   3400020E-01 -.1570E+02 -.1065E+02   .9999999 -.0001698  .0000416
T 3526 19 .1518190E+11   3400018E-01  .1284E+02 -.1356E+02   .9999999 -.0001494 -.0000608
T 3527 19 .1518254E+11   3400020E-01  .1402E+02  .5552E+02   .9999999  .0000418  .0003145
T 3528 19 .1518393E+11   3400002E-01  .1945E+02 -.1327E+02   .9999999  .0002932 -.0001971
T 3529 19 .1518357E+11   3400020E-01  .2470E+02  .1512E+02   .9999999  .0001595 -.0001409
T 3530 19 .1518168E+11   3400020E-01 -.2593E+02  .1766E+02   .9999999 -.0001831  .0000937
T 3531 19 .1518179E+11   3400021E-01 -.4514E+02 -.9578E+02   .9999997 -.0001459 -.0007062
T 3532 19 .1518243E+11   3400005E-01 -.7773E+02  .1250E+03   .9999994 -.0004895  .0009927
T 3533 19 .1518157E+11   3400017E-01 -.7429E+01 -.3380E+02   .9999999 -.0001056 -.0001880
T 3534 19 .1518148E+11   3400011E-01 -.1056E+02  .3106E+02   .9999996 -.0003964  .0008571
T 3535 19 .1518463E+11   3400014E-01  .1947E+02 -.6883E+02   .9999998  .0000888 -.0006524
T 3536 19 .1518377E+11   3400014E-01 -.6138E+01 -.1770E+02   .9999999 -.0002054 -.0001062
T 3537 19 .1518221E+11   3400006E-01 -.2070E+02  .2430E+02   .9999999 -.0001429  .0001909
T 3538 19 .1518343E+11   3400001E-01  .1027E+02  .2723E+02   .9999999  .0001154  .0000958
T 3539 19 .1518225E+11   3400003E-01 -.1804E+02  .2042E+02   .9999999 -.0001553  .0001709
T 3540 19 .1518324E+11   3400022E-01 -.2330E+02  .3820E+02   .9999998 -.0006075  .0001599
T 3541 19 .1518098E+11   3400017E-01 -.1439E+02  .2151E+01   .9999999 -.0001309 -.0000869
T 3542 19 .1518330E+11   3400019E-01  .2698E+02  .2334E+02   .9999999  .0001429  .0001124
T 3543 19 .1518296E+11   3400018E-01  .1470E+02  .1070E+02   .9999999 -.0000128  .0000741
T 3544 19 .1518492E+11   3400004E-01  .3248E+02 -.3628E+02   .9999999  .0001106 -.0001705
T 3545 19 .1518440E+11   3400000E-01  .6076E+00  .8139E+01   .9999999  .0000419 -.0000793
T 3546 19 .1518261E+11   3400019E-01  .1321E+02  .1893E+02   .9999999  .0001382  .0001890
T 3547 19 .1518305E+11   3400016E-01  .1139E+02  .1931E+02   .9999999  .0000485 -.0000625
T 3548 19 .1518303E+11   3400023E-01 -.4174E+02 -.3293E+02   .9999999 -.0003154 -.0003135
T 3549 19 .1518474E+11   3400019E-01  .5076E+01  .1432E+00   .9999999 -.0000702 -.0000937
T 3550 19 .1518411E+11   3400019E-01  .3803E+02 -.4554E+02   .9999999  .0002400 -.0002186
T 3551 19 .1518272E+11   3400012E-01  .6645E+01  .3012E+02   .9999999 -.0000159  .0002714
T 3552 19 .1518347E+11   3400008E-01 -.1600E+02 -.1971E+02   .9999999 -.0001442 -.0000674
T 3553 19 .1518220E+11   3400020E-01  .8635E+01 -.1646E+02   .9999999  .0000868 -.0001131
T 3554 19 .1518331E+11   3400002E-01  .1221E+02 -.9373E+01   .9999999 -.0001509 -.0002216
T 3555 19 .1518379E+11   3400013E-01 -.1559E+02 -.1628E+02   .9999999 -.0002012 -.0001807
T 3556 19 .1518074E+11   3400015E-01  .7650E+01 -.2149E+02   .9999999  .0001714 -.0002685
T 3557 19 .1518251E+11   3400020E-01 -.1462E+02 -.3207E+02   .9999999 -.0001555 -.0003720
T 3558 19 .1518428E+11   3400014E-01  .2302E+02  .1841E+02   .9999999 -.0000549  .0000748
T 3559 19 .1518316E+11   3400015E-01  .1952E+02 -.4785E+01   .9999999  .0001682  .0000664
T 3560 19 .1518198E+11   3400021E-01 -.3872E+02  .2839E+01   .9999999 -.0002404  .0001179
T 3561 19 .1518295E+11   3400011E-01  .2361E+02  .2066E+02   .9999999  .0002371  .0002034
T 3562 19 .1518356E+11   3400020E-01  .7531E+01 -.4289E+02   .9999999 -.0000705 -.0002136
T 3563 19 .1518214E+11   3400018E-01 -.1945E+02 -.3145E+02   .9999999 -.0002337 -.0003580
T 3564 19 .1518117E+11   3400016E-01 -.4943E+02  .4864E+02   .9999999 -.0004004  .0003197
T 3565 19 .1518254E+11   3400003E-01 -.9679E+02  .1417E+02   .9999998 -.0004366 -.0003456
T 3566 19 .1518180E+11   3400019E-01  .5981E+01  .1493E+02   .9999999 -.0001635  .0001040
T 3567 19 .1518356E+11   3400010E-01  .1273E+02  .1302E+02   .9999999 -.0002629  .0002005
T 3568 19 .1518119E+11   3400015E-01  .2147E+01 -.4689E+01   .9999999 -.0000450  .0001163
T 3569 19 .1518180E+11   3400013E-01 -.6963E+01  .5379E+02   .9999999  .0001025  .0003701
T 3570 19 .1518328E+11   3400015E-01 -.3218E+02 -.3337E+02   .9999999 -.0003183 -.0002117
T 3571 19 .1518309E+11   3400001E-01 -.1854E+02  .2179E+02   .9999999 -.0002134  .0000339
T 3572 19 .1518262E+11   3400020E-01  .2118E+01 -.3876E+01   .9999999  .0002871 -.0000173
T 3573 19 .1518034E+11   3400005E-01  .1865E+02  .1901E+02   .9999999  .0001801  .0000797
T 3574 19 .1518240E+11   3400017E-01 -.2201E+02 -.2489E+02   .9999999  .0000964 -.0002673
T 3575 19 .1518474E+11   3400013E-01  .6436E+02  .1306E+02   .9999999  .0004140  .0001022
T 3576 19 .1518226E+11   3400001E-01 -.1586E+01 -.1411E+02   .9999999  .0001201  .0001141
T 3577 19 .1518371E+11   3400019E-01  .7652E+02  .3711E+02   .9999999  .0003578  .0003368
T 3578 19 .1518163E+11   3400021E-01  .6793E+02 -.1673E+01   .9999999  .0004035 -.0001046
T 3579 19 .1518123E+11   3400015E-01 -.2320E+02 -.3815E+02   .9999999 -.0001852 -.0001336
T 3580 19 .1518315E+11   3400017E-01 -.1726E+02 -.2058E+02   .9999998 -.0006524 -.0000048
T 3581 19 .1518355E+11   3400010E-01 -.2722E+01 -.1893E+02   .9999999 -.0000512 -.0001583
T 3582 19 .1518185E+11   3400001E-01  .1013E+02 -.1185E+02   .9999999  .0001978  .0002193
T 3583 19 .1518347E+11   3400005E-01  .2141E+02  .2735E+02   .9999999  .0002134  .0003430
T 3584 19 .1518459E+11   3400016E-01  .1951E+02 -.4993E+01   .9999999  .0001970 -.0000174
T 3585 19 .1518307E+11   3400015E-01 -.1593E+00 -.3356E+02   .9999999 -.0000397 -.0003530
T 3586 19 .1518302E+11   3400007E-01 -.2037E+02 -.1766E+02   .9999999  .0000480 -.0001452
T 3587 19 .1518129E+11   3400019E-01  .4735E+01  .1447E+02   .9999999  .0002100  .0001228
T 3588 19 .1518323E+11   3400010E-01  .1078E+02  .3043E+02   .9999999 -.0000057  .0001933
T 3589 19 .1518402E+11   3400019E-01  .3935E+01  .4783E+02   .9999999  .0000996  .0003112
T 3590 19 .1518197E+11   3400018E-01 -.1743E+02  .1211E+01   .9999999 -.0000949  .0000140
T 3591 19 .1518230E+11   3400015E-01 -.8324E+02  .5022E+02   .9999998 -.0005267  .0003491
T 3592 19 .1518385E+11   3400019E-01  .3546E+02 -.2334E+01   .9999999  .0001110  .0000137
T 3593 19 .1518302E+11   3400005E-01  .1282E+02  .1069E+02   .9999999  .0000737  .0000958
T 3594 19 .1518277E+11   3400014E-01  .8928E+01  .1954E+02   .9999999  .0001977 -.0000033
T 3595 19 .1518291E+11   3400020E-01 -.3276E+01  .7219E+00   .9999999 -.0000790  .0000062
T 3596 19 .1518136E+11   3400007E-01  .1889E+01 -.1199E+01   .9999999  .0000409 -.0000397
T 3597 19 .1518401E+11   3400020E-01 -.7150E+00 -.1573E+01   .9999999  .0001757  .0001372
T 3598 19 .1518158E+11   3400011E-01 -.3689E+01 -.7396E+01   .9999999 -.0002156  .0001523
T 3599 19 .1518202E+11   3400005E-01 -.5279E+02  .3138E+02   .9999999 -.0003285  .0001858
T 3600 19 .1518258E+11   3400003E-01  .7792E+01 -.1221E+02   .9999999 -.0000672  .0001234
T 3601 19 .1518216E+11   3400010E-01  .3400E+02 -.1632E+02   .9999999  .0002100 -.0001643
T 3602 19 .1518411E+11   3400022E-01 -.7904E+01  .1699E+02   .9999999 -.0001310  .0000183
T 3603 19 .1518326E+11   3400020E-01 -.7969E+01  .5617E+02   .9999999  .0000272  .0002867
T 3604 19 .1518391E+11   3400017E-01 -.2918E+02 -.4427E+02   .9999999 -.0002097 -.0001619
T 3605 19 .1518378E+11   3400020E-01  .6272E+02  .1147E+02   .9999999  .0003686  .0001908
T 3606 19 .1518059E+11   3400016E-01 -.1225E+02  .7893E+01   .9999999 -.0001169  .0000841
T 3607 19 .1518346E+11   3400014E-01  .5303E+01 -.2163E+02   .9999999 -.0001845 -.0002910
T 3608 19 .1518320E+11   3400021E-01  .9916E+01 -.7601E+02   .9999998  .0001515 -.0005557
T 3609 19 .1518223E+11   3400015E-01  .1627E+02  .6538E+02   .9999999  .0000784  .0002658
T 3610 19 .1518397E+11   3400022E-01 -.3835E+02  .2228E+02   .9999999 -.0003006  .0002199
T 3611 19 .1518135E+11   3400016E-01  .2417E+02  .2741E+02   .9999999  .0001982  .0001256
T 3612 19 .1518160E+11   3400007E-01 -.1286E+01  .4206E+02   .9999999 -.0000766  .0003218
T 3613 19 .1518362E+11   3400020E-01 -.7326E+01 -.2892E+02   .9999999 -.0000873 -.0002417
T 3614 19 .1518374E+11   3400008E-01 -.5108E+02  .2973E+01   .9999999 -.0002991  .0001167
T 3615 19 .1518153E+11   3400002E-01  .5883E+01  .5550E+02   .9999999  .0001985  .0003488
T 3616 19 .1518391E+11   3400016E-01  .2181E+02 -.1286E+02   .9999999  .0002488  .0003641
T 3617 19 .1518352E+11   3400018E-01 -.3862E+02 -.6552E+02   .9999999 -.0001470 -.0005199
T 3618 19 .1518468E+11   3400022E-01 -.9796E+02  .9162E+01   .9999999 -.0003594  .0001124
T 3619 19 .1518320E+11   3400001E-01 -.4499E+01  .5322E+02   .9999998  .0000221  .0005966
T 3620 19 .1518331E+11   3400016E-01 -.3945E+02 -.1316E+02   .9999999 -.0001878  .0000106
T 3621 19 .1518453E+11   3400020E-01 -.2851E+02 -.1578E+02   .9999997 -.0007597 -.0002445
T 3622 19 .1518227E+11   3400017E-01  .2008E+02  .5650E+01   .9999999  .0001689  .0000946
T 3623 19 .1518164E+11   3400018E-01  .1030E+03 -.2084E+02   .9999998  .0006203  .0000059
T 3624 19 .1518305E+11   3400021E-01 -.6272E+01 -.1331E+02   .9999999 -.0002438 -.0002205
T 3625 19 .1517975E+11   3400006E-01  .9193E+01 -.3930E+01   .9999999  .0001393 -.0002330
T 3626 19 .1518309E+11   3400012E-01 -.1889E+02 -.1259E+01   .9999999 -.0003715 -.0000883
T 3627 19 .1518453E+11   3400020E-01 -.4242E+02 -.5017E+02   .9999997 -.0003424 -.0006993
T 3628 19 .1518264E+11   3400017E-01  .4646E+02 -.2723E+01   .9999999  .0004630  .0001584
T 3629 19 .1518305E+11   3400016E-01 -.3919E+01 -.1459E+01   .9999999  .0002092  .0001309
T 3630 19 .1518202E+11   3400021E-01 -.2619E+02 -.1598E+02   .9999999 -.0002525 -.0002402
T 3631 19 .1518276E+11   3400023E-01 -.1803E+02 -.6797E+01   .9999999  .0000104  .0000928
T 3632 19 .1518354E+11   3400013E-01 -.2286E+02  .1587E+02   .9999999 -.0001752  .0002163
T 3633 19 .1518240E+11   3400008E-01  .2230E+02 -.2190E+02   .9999999  .0002048 -.0001215
T 3634 19 .1518045E+11   3400013E-01 -.4330E+02  .4841E+02   .9999999 -.0001798  .0002994
T 3635 19 .1518209E+11   3400017E-01 -.3463E+02  .4045E+01   .9999999 -.0000815 -.0001697
T 3636 19 .1518079E+11   3400000E-01  .3217E+02  .1263E+01   .9999999  .0002091 -.0000526
T 3637 19 .1518016E+11   3400017E-01  .1066E+03 -.3607E+02   .9999998  .0006610 -.0001621
T 3638 19 .1518321E+11   3400019E-01  .2503E+02 -.7578E+01   .9999999  .0003078 -.0000351
T 3639 19 .1518427E+11   3400019E-01 -.8095E+02  .1930E+01   .9999998 -.0006959  .0001226
T 3640 19 .1518353E+11   3400021E-01 -.2288E+02 -.4592E+01   .9999999 -.0002139  .0001818
T 3641 19 .1518211E+11   3400002E-01  .1243E+01 -.5409E+01   .9999999 -.0000007  .0001593
T 3642 19 .1518428E+11   3400021E-01 -.2636E+02 -.6357E+00   .9999999 -.0000813 -.0001294
T 3643 19 .1518233E+11   3400020E-01  .7496E+01 -.7396E+02   .9999999  .0001080 -.0004520
T 3644 19 .1518225E+11   3400016E-01 -.3858E+02 -.1425E+02   .9999999 -.0002487  .0000412
T 3645 19 .1518438E+11   3400018E-01  .9149E+01  .2184E+02   .9999999  .0000625  .0001067
T 3646 19 .1518166E+11   3400016E-01 -.1165E+02  .7787E+01   .9999999 -.0001255  .0001893
T 3647 19 .1518413E+11   3400021E-01  .6816E+01  .1891E+02   .9999999  .0000159 -.0001886
T 3648 19 .1518430E+11   3400003E-01  .1629E+02 -.2644E+02   .9999999  .0000267 -.0002899
T 3649 19 .1518172E+11   3400017E-01 -.1409E+02 -.3448E+02   .9999999 -.0001717 -.0002059
T 3650 19 .1518398E+11   3400017E-01 -.2179E+02  .4617E+02   .9999999 -.0002914  .0001631
T 3651 19 .1518230E+11   3400010E-01 -.4118E+02 -.3191E+02   .9999999 -.0003001 -.0003988
T 3652 19 .1518396E+11   3400017E-01 -.6206E+01 -.4343E+02   .9999999  .0001337 -.0003673
T 3653 19 .1518306E+11   3400015E-01 -.2355E+02 -.1110E+02   .9999999 -.0000556  .0001013
T 3654 19 .1518350E+11   3400005E-01 -.1232E+01  .2226E+02   .9999999  .0000000  .0000766
T 3655 19 .1517890E+11   3400007E-01  .1320E+02  .2232E+02   .9999999  .0002809  .0001056
T 3656 19 .1518351E+11   3400005E-01  .3728E+02  .5871E+02   .9999999  .0002367  .0002272
T 3657 19 .1518307E+11   3400003E-01 -.2604E+02 -.1448E+02   .9999999 -.0002171 -.0000818
T 3658 19 .1518396E+11   3400021E-01  .6418E+01  .1235E+03   .9999998  .0000764  .0006752
T 3659 19 .1518506E+11   3400020E-01 -.1908E+02  .4388E+01   .9999999 -.0002341 -.0000075
T 3660 19 .1518162E+11   3400013E-01  .3201E+01 -.1338E+02   .9999999 -.0000581 -.0000602
T 3661 19 .1518226E+11   3400016E-01  .1545E+02 -.4400E+01   .9999999  .0001191 -.0000934
T 3662 19 .1518110E+11   3400021E-01  .2154E+02 -.2907E+01   .9999999  .0001476  .0001207
T 3663 19 .1518243E+11   3400021E-01  .4679E+02 -.1312E+03   .9999998 -.0000567 -.0006365
T 3664 19 .1518301E+11   3400017E-01 -.7008E+02 -.5996E+01   .9999999 -.0003234 -.0000972
T 3665 19 .1518235E+11   3400017E-01 -.3525E+01  .1186E+02   .9999999 -.0001651  .0001556
T 3666 19 .1518136E+11   3400018E-01  .4655E+02  .1546E+02   .9999999  .0003843 -.0000404
T 3667 19 .1518080E+11   3400004E-01  .1057E+02 -.6455E+02   .9999999  .0001725 -.0004410
T 3668 19 .1518270E+11   3400002E-01  .1454E+02 -.2831E+02   .9999999  .0001708 -.0000353
T 3669 19 .1518251E+11   3400000E-01 -.8468E+01  .1163E+03   .9999998 -.0001867  .0006123
T 3670 19 .1518252E+11   3400010E-01  .1608E+01 -.1235E+02   .9999999  .0000305 -.0001839
T 3671 19 .1518290E+11   3400005E-01  .4625E+02 -.2518E+02   .9999999  .0002611 -.0004285
T 3672 19 .1518279E+11   3400013E-01 -.3939E+02 -.2863E+02   .9999976 -.0018942 -.0010666
T 3673 19 .1518193E+11   3400002E-01  .2177E+02  .1344E+02   .9999999  .0000092 -.0000474
T 3674 19 .1518129E+11   3400022E-01  .3864E+02 -.1391E+02   .9999999  .0002040 -.0002026
T 3675 19 .1518348E+11   3400019E-01 -.3823E+01  .7148E+01   .9999999  .0000974  .0000278
T 3676 19 .1518305E+11   3400006E-01 -.2447E+02  .6286E+01   .9999999 -.0001094 -.0000073
T 3677 19 .1518056E+11   3400014E-01 -.6350E+01 -.1324E+02   .9999999  .0000492 -.0000486
T 3678 19 .1518254E+11   3400007E-01 -.3655E+02  .1381E+02   .9999999 -.0002425 -.0000768
T 3679 19 .1518203E+11   3400014E-01  .4417E+02 -.5726E+02   .9999999  .0004129 -.0002705
T 3680 19 .1518412E+11   3400000E-01  .4136E+01 -.7558E+02   .9999999  .0000700 -.0003989
T 3681 19 .1518241E+11   3400015E-01 -.2420E+02 -.1034E+02   .9999999 -.0001898 -.0000561
T 3682 19 .1518172E+11   3400019E-01 -.1219E+02 -.6511E+02   .9999998 -.0003051 -.0005931
T 3683 19 .1518326E+11   3400019E-01 -.9533E+01 -.1258E+02   .9999999 -.0001286 -.0001648
T 3684 19 .1518180E+11   3400010E-01 -.1896E+02 -.6025E+01   .9999999 -.0001103 -.0001378
T 3685 19 .1518330E+11   3400019E-01  .2805E+02  .5844E+02   .9999999  .0000908  .0004446
T 3686 19 .1518280E+11   3400020E-01  .2104E+01  .1871E+02   .9999999  .0000189  .0003997
T 3687 19 .1518067E+11   3400005E-01 -.4368E+01  .1347E+02   .9999999 -.0000057  .0001382
T 3688 19 .1518224E+11   3400008E-01  .2026E+02 -.2626E+02   .9999999  .0001255 -.0003037
T 3689 19 .1518160E+11   3400005E-01 -.3220E+02 -.1003E+02   .9999999 -.0002458 -.0001153
T 3690 19 .1518193E+11   3400004E-01 -.1717E+02 -.9815E+01   .9999999 -.0000449 -.0001975
T 3691 19 .1518245E+11   3400020E-01  .4874E+00 -.2965E+02   .9999999 -.0001052 -.0000804
T 3692 19 .1518227E+11   3400019E-01  .6352E+02 -.3801E+02   .9999999  .0004591 -.0002381
T 3693 19 .1518114E+11   3400019E-01 -.9397E+01 -.3816E+02   .9999999 -.0000121 -.0000896
T 3694 19 .1518488E+11   3400009E-01 -.7948E+02  .6514E+01   .9999999 -.0003455 -.0003436
T 3695 19 .1518397E+11   3400018E-01 -.1067E+01 -.4942E+02   .9999999  .0000802 -.0005005
T 3696 19 .1518199E+11   3400002E-01 -.2020E+02  .5051E+02   .9999999 -.0002519  .0002070
T 3697 19 .1518310E+11   3400010E-01 -.6771E+02 -.8369E+01   .9999999 -.0004888 -.0001648
T 3698 19 .1518320E+11   3400002E-01  .5661E+02 -.3763E+02   .9999992  .0010378 -.0007409
T 3699 19 .1518243E+11   3400019E-01 -.1333E+02  .3847E+02   .9999999 -.0001812  .0004099
T 3700 19 .1518414E+11   3400023E-01  .2968E+02  .5828E+01   .9999999  .0001014 -.0000144
T 3701 19 .1518293E+11   3400022E-01 -.7238E+01 -.1459E+02   .9999999  .0001314 -.0001549
T 3702 19 .1518032E+11   3400012E-01  .6194E+00  .5322E+01   .9999999 -.0000752  .0001177
T 3703 19 .1518371E+11   3400007E-01 -.5841E+01 -.1299E+02   .9999999 -.0000200 -.0001000
T 3704 19 .1518441E+11   3400014E-01  .2357E+02  .2772E+02   .9999999  .0002327  .0000806
T 3705 19 .1518290E+11   3400023E-01  .2828E+02 -.5940E+02   .9999998  .0002918 -.0005684
T 3706 19 .1518337E+11   3400019E-01 -.3414E+02  .2605E+02   .9999999 -.0003121  .0002215
T 3707 19 .1518189E+11   3400005E-01  .3264E+02 -.2005E+02   .9999999  .0001684 -.0002172
T 3708 19 .1518272E+11   3400014E-01  .4534E+01  .3322E+02   .9999999 -.0000437  .0000966
T 3709 19 .1518220E+11   3400018E-01 -.5572E+02  .3711E+02   .9999999 -.0001005  .0001587
T 3710 19 .1518337E+11   3400013E-01 -.3591E+02 -.5294E+02   .9999999 -.0001187 -.0002654
T 3711 19 .1518247E+11   3400014E-01 -.3358E+02  .1958E+02   .9999999  .0000194  .0002253
T 3712 19 .1518087E+11   3400022E-01 -.4321E+02  .2670E+02   .9999999 -.0005100  .0000921
T 3713 19 .1518362E+11   3400023E-01 -.4320E+02 -.4893E+01   .9999999 -.0001068 -.0001760
T 3714 19 .1518277E+11   3400013E-01  .4592E+02 -.4828E+02   .9999998  .0004225 -.0003608
T 3715 19 .1518203E+11   3400013E-01 -.4869E+02  .9080E+02   .9999998 -.0003122  .0005854
T 3716 19 .1518208E+11   3400004E-01 -.4609E+02 -.1932E+02   .9999999 -.0002217  .0000500
T 3717 19 .1518271E+11   3400016E-01 -.5104E+02  .3411E+02   .9999999 -.0002509 -.0001680
T 3718 19 .1518248E+11   3400003E-01  .5310E+02 -.1508E+02   .9999999  .0004709 -.0001330
T 3719 19 .1518103E+11   3400009E-01  .3327E+02  .1036E+02   .9999999  .0003108  .0000570
T 3720 19 .1518435E+11   3400014E-01 -.2368E+02 -.5387E+02   .9999999 -.0001256 -.0002424
T 3721 19 .1518257E+11   3400015E-01 -.1488E+01 -.3617E+02   .9999999 -.0000544 -.0002231
T 3722 19 .1518162E+11   3400022E-01 -.1762E+02 -.4510E+01   .9999999 -.0002872 -.0000424
T 3723 19 .1518249E+11   3400019E-01  .6239E+01 -.3794E+02   .9999999 -.0000792 -.0003024
T 3724 19 .1518195E+11   3400017E-01  .2210E+01 -.7975E+01   .9999999  .0000675 -.0000596
T 3725 19 .1518106E+11   3400008E-01 -.2785E+01  .1962E+02   .9999999 -.0001033  .0001089
T 3726 19 .1518162E+11   3400019E-01  .1025E+01 -.4784E+01   .9999999 -.0001979 -.0001019
T 3727 19 .1518194E+11   3400022E-01  .6660E+01 -.2237E+02   .9999999  .0000403 -.0002152
T 3728 19 .1518438E+11   3400012E-01  .1645E+02  .9278E+01   .9999999  .0000072 -.0000536
T 3729 19 .1518499E+11   3400003E-01 -.2244E+02 -.9258E+01   .9999999 -.0001194  .0000509
T 3730 19 .1518330E+11   3400022E-01  .1210E+02  .1175E+02   .9999999  .0001190 -.0000275
T 3731 19 .1518308E+11   3400016E-01  .3829E+01 -.1107E+02   .9999999  .0001720  .0001014
T 3732 19 .1518329E+11   3400015E-01  .1383E+02 -.4756E+01   .9999999  .0001708 -.0000205
T 3733 19 .1518333E+11   3400015E-01 -.2267E+02  .1057E+02   .9999999 -.0001411  .0001876
T 3734 19 .1518161E+11   3400004E-01  .4846E+02  .1436E+02   .9999986  .0008378  .0014631
T 3735 19 .1518372E+11   3400006E-01  .1377E+02  .3620E+02   .9999999  .0000589  .0002363
T 3736 19 .1518401E+11   3400020E-01  .1610E+02 -.2097E+02   .9999999  .0000972 -.0000171
T 3737 19 .1518356E+11   3400016E-01 -.8734E+01 -.1091E+02   .9999999  .0000644 -.0000294
T 3738 19 .1518376E+11   3400009E-01  .1859E+01  .2801E+01   .9999999  .0001872 -.0000211
T 3739 19 .1518076E+11   3400004E-01  .1838E+00 -.3434E+01   .9999999 -.0001288  .0000327
T 3740 19 .1518218E+11   3400019E-01 -.1719E+01 -.2478E+02   .9999999 -.0000391 -.0002157
T 3741 19 .1518276E+11   3400022E-01  .3890E+02 -.4012E+01   .9999999  .0001264  .0000007
T 3742 19 .1518140E+11   3400019E-01  .2659E+01 -.2000E+02   .9999999  .0001230 -.0001077
T 3743 19 .1518269E+11   3400019E-01 -.1653E+01  .3703E+01   .9999999 -.0001977  .0000146
T 3744 19 .1518239E+11   3400021E-01 -.6321E+01  .1816E+02   .9999999  .0001321  .0001052
T 3745 19 .1518276E+11   3400014E-01  .5101E+02 -.5721E+02   .9999999  .0002401 -.0004343
T 3746 19 .1518432E+11   3400010E-01  .2286E+01  .3684E+02   .9999999 -.0000815  .0003305
T 3747 19 .1518281E+11   3400016E-01 -.1229E+02  .6355E+02   .9999999 -.0001750  .0003715
T 3748 19 .1518357E+11   3400015E-01 -.9318E+01  .2478E+01   .9999999 -.0001739  .0000084
T 3749 19 .1518222E+11   3400013E-01 -.1903E+01 -.3487E+01   .9999999 -.0000489 -.0001049
T 3750 19 .1518156E+11   3400022E-01  .4312E+02  .8816E+02   .9999998  .0002722  .0004897
T 3751 19 .1518274E+11   3400009E-01 -.2140E-01 -.9582E+01   .9999999  .0001255 -.0000076
T 3752 19 .1518418E+11   3400017E-01 -.5059E+02 -.2217E+01   .9999999 -.0001921 -.0000752
T 3753 19 .1518383E+11   3400006E-01 -.3269E+02  .2237E+02   .9999999 -.0002127  .0001378
T 3754 19 .1518231E+11   3400002E-01 -.2686E+01  .2621E+02   .9999999 -.0000541  .0003144
T 3755 19 .1518376E+11   3400009E-01 -.1492E+02  .3470E+02   .9999999 -.0001128  .0003514
T 3756 19 .1518146E+11   3400014E-01 -.1239E+02  .5292E+01   .9999999 -.0000204 -.0001132
T 3757 19 .1518113E+11   3400015E-01  .2477E+02  .6419E+02   .9999999  .0001589  .0002292
T 3758 19 .1518271E+11   3400006E-01 -.4718E+01  .2738E+02   .9999999 -.0000647  .0003598
T 3759 19 .1518312E+11   3400001E-01  .6445E+01  .1079E+02   .9999999 -.0000097  .0000995
T 3760 19 .1518123E+11   3400008E-01 -.7205E+02  .9970E+01   .9999998 -.0005892 -.0000021
T 3761 19 .1518267E+11   3400022E-01 -.1887E+02  .4598E+01   .9999999 -.0000549 -.0000658
T 3762 19 .1518285E+11   3400007E-01  .2639E+02 -.5625E+01   .9999999  .0003454  .0000272
T 3763 19 .1518293E+11   3400020E-01  .1405E+02 -.2373E+01   .9999999  .0000281 -.0002472
T 3764 19 .1518400E+11   3400008E-01  .5203E+01 -.2969E+02   .9999999  .0001660 -.0000973
T 3765 19 .1518218E+11   3400019E-01  .1308E+02 -.3152E+02   .9999999  .0000391 -.0003830
T 3766 19 .1518010E+11   3400003E-01 -.2351E+02 -.5588E+01   .9999999 -.0001578  .0001399
T 3767 19 .1518431E+11   3400021E-01  .3132E+01  .5269E+02   .9999999  .0001847  .0002842
T 3768 19 .1518128E+11   3400005E-01  .3713E+01  .1370E+02   .9999999  .0000014  .0000585
T 3769 19 .1518205E+11   3400015E-01 -.1931E+02  .4421E+02   .9999999  .0001307  .0001490
T 3770 19 .1518213E+11   3400011E-01  .3237E+01  .1501E+02   .9999999 -.0000726  .0000442
T 3771 19 .1518283E+11   3400018E-01 -.2232E+02  .4928E+02   .9999999 -.0001664  .0003555
T 3772 19 .1518313E+11   3400014E-01 -.1761E+02  .7576E+02   .9999998 -.0004019  .0004695
T 3773 19 .1518332E+11   3400005E-01  .4394E+02 -.5675E+02   .9999997  .0005531 -.0004526
T 3774 19 .1518268E+11   3400011E-01  .3053E+02  .2669E+02   .9999999  .0002850  .0001073
T 3775 19 .1518071E+11   3400010E-01 -.1909E+02  .1556E+02   .9999999 -.0001147  .0002431
T 3776 19 .1518199E+11   3400021E-01 -.9257E+01 -.1860E+03   .9999934 -.0003737 -.0036007
T 3777 19 .1518298E+11   3400004E-01 -.1666E+02  .9402E+01   .9999999  .0000471  .0000670
T 3778 19 .1518207E+11   3400004E-01 -.2008E+02  .2406E+03   .9999993  .0000039  .0011666
T 3779 19 .1518380E+11   3400013E-01 -.1710E+01 -.1064E+02   .9999999 -.0001253 -.0000447
T 3780 19 .1518121E+11   3400007E-01  .3690E+01  .1553E+02   .9999999  .0000240  .0000815
T 3781 19 .1518276E+11   3400019E-01  .1443E+02  .6439E+01   .9999999  .0001008  .0001144
T 3782 19 .1518178E+11   3400011E-01 -.1447E+02  .3643E+02   .9999999 -.0003160  .0001022
T 3783 19 .1518314E+11   3400015E-01  .6399E+02 -.1930E+02   .9999999  .0003569 -.0001063
T 3784 19 .1518106E+11   3400006E-01 -.6625E+01  .6318E+01   .9999999 -.0001397  .0000863
T 3785 19 .1518144E+11   3400018E-01  .4960E+02  .1759E+02   .9999999  .0004026  .0001067
T 3786 19 .1518276E+11   3400002E-01 -.3419E+02 -.2278E+02   .9999999 -.0000878 -.0000833
T 3787 19 .1518304E+11   3400006E-01  .1320E+00 -.2063E+02   .9999999 -.0000003 -.0002465
T 3788 19 .1518464E+11   3400002E-01 -.8361E+01  .4153E+02   .9999999 -.0001145  .0002551
T 3789 19 .1518048E+11   3400001E-01 -.1396E-01  .1381E+03   .9999999  .0001588  .0003917
T 3790 19 .1518410E+11   3400006E-01 -.2253E+02  .1403E+02   .9999999  .0000841  .0000714
T 3791 19 .1518196E+11   3400005E-01  .3750E+01 -.8634E+01   .9999999 -.0002057 -.0002489
T 3792 19 .1518329E+11   3400006E-01  .5913E+02  .2599E+02   .9999999  .0003884  .0001556
T 3793 19 .1518107E+11   3400018E-01  .7650E+01  .9289E-02   .9999999  .0001226 -.0001244
T 3794 19 .1518257E+11   3400002E-01 -.1395E+02  .4469E+01   .9999999 -.0000433 -.0000833
T 3795 19 .1518240E+11   3400004E-01  .4522E+02  .4952E+02   .9999992  .0010526  .0006775
T 3796 19 .1518348E+11   3400022E-01  .9747E+01  .2037E+02   .9999999 -.0000130  .0000662
T 3797 19 .1518246E+11   3400010E-01 -.1139E+02 -.1859E+02   .9999999  .0000261 -.0001251
T 3798 19 .1518159E+11   3400002E-01 -.3506E+02 -.2641E+02   .9999999 -.0001732 -.0001978
T 3799 19 .1518279E+11   3400011E-01  .7569E+01 -.2413E+02   .9999999  .0000161 -.0000319
T 3800 19 .1518298E+11   3400020E-01  .1537E+02  .2949E+02   .9999999  .0000418  .0002885
T 3801 19 .1518460E+11   3400012E-01  .2956E+02 -.2206E+02   .9999999  .0002033 -.0002949
T 3802 19 .1518194E+11   3400003E-01  .1264E+02 -.5378E+01   .9999992 -.0010688  .0006306
T 3803 19 .1518196E+11   3400001E-01 -.2178E+02  .2199E+02   .9999999 -.0000876  .0000632
T 3804 19 .1518184E+11   3400018E-01  .2588E+02  .2850E+02   .9999999  .0003944  .0003136
T 3805 19 .1518197E+11   3400015E-01  .2979E+02 -.2757E+02   .9999999  .0004826 -.0001652
T 3806 19 .1518149E+11   3400021E-01  .8058E+01 -.1563E+02   .9999999  .0001912 -.0001140
T 3807 19 .1518180E+11   3400016E-01  .1301E+02 -.2729E+02   .9999999  .0002271  .0000002
T 3808 19 .1518317E+11   3400007E-01 -.6323E+02 -.3070E+02   .9999999 -.0004548 -.0002743
T 3809 19 .1518173E+11   3400015E-01  .2911E+01 -.2300E+02   .9999999 -.0000790 -.0000169
T 3810 19 .1518139E+11   3400012E-01 -.5433E+02  .1563E+02   .9999999 -.0003308  .0001771
T 3811 19 .1518048E+11   3400006E-01 -.2821E+02  .1216E+02   .9999999 -.0002181 -.0000064
T 3812 19 .1518570E+11   3400013E-01  .4025E+02  .3388E+02   .9999999  .0003299  .0003693
T 3813 19 .1518329E+11   3400003E-01 -.2903E+02 -.4725E+00   .9999999 -.0001849 -.0000349
T 3814 19 .1518214E+11   3400021E-01  .1017E+02 -.1317E+02   .9999999  .0000622 -.0002087
T 3815 19 .1518323E+11   3400009E-01  .3076E+01 -.2250E+02   .9999999 -.0001325 -.0001546
T 3816 19 .1518228E+11   3400013E-01 -.3910E+02 -.2166E+02   .9999999 -.0004603 -.0002854
T 3817 19 .1518268E+11   3400014E-01  .1559E+02 -.1012E+02   .9999999  .0001346  .0000073
T 3818 19 .1518251E+11   3400007E-01 -.3092E+02 -.1276E+02   .9999999 -.0002375 -.0001462
T 3819 19 .1518192E+11   3400009E-01 -.1352E+01  .4205E+02   .9999999  .0000200  .0002703
T 3820 19 .1518191E+11   3400019E-01  .1256E+02 -.9025E+00   .9999999  .0000529  .0000299
T 3821 19 .1518168E+11   3400007E-01 -.1400E+02  .3843E+01   .9999999 -.0000765  .0001604
T 3822 19 .1518475E+11   3400013E-01  .4451E+02  .2790E+02   .9999999  .0000916  .0001453
T 3823 19 .1518387E+11   3400012E-01 -.1844E+01 -.1402E+02   .9999999  .0000322  .0000058
T 3824 19 .1518316E+11   3400004E-01 -.2224E+02  .3526E+02   .9999999 -.0001416  .0001658
T 3825 19 .1518476E+11   3400019E-01 -.3168E+02  .1143E+02   .9999999 -.0002485  .0000695
T 3826 19 .1518283E+11   3400001E-01 -.7387E+00 -.4753E+02   .9999999 -.0000640 -.0005145
T 3827 19 .1518251E+11   3400006E-01  .2185E+02 -.1085E+02   .9999999  .0002390 -.0002324
T 3828 19 .1518159E+11   3400021E-01  .1100E+02  .3693E+01   .9999999  .0001249  .0000351
T 3829 19 .1518306E+11   3400014E-01  .2037E+02 -.1983E+02   .9999999  .0003851 -.0001756
T 3830 19 .1518254E+11   3400000E-01 -.2800E+02  .3221E+02   .9999999 -.0001883  .0002867
T 3831 19 .1518468E+11   3400018E-01 -.2732E+02 -.1051E+03   .9999997 -.0004820 -.0006666
T 3832 19 .1518211E+11   3400020E-01  .6043E+02  .3950E+02   .9999999  .0003827  .0002527
T 3833 19 .1518425E+11   3400017E-01 -.1786E+02  .7818E+01   .9999999 -.0001792 -.0000991
T 3834 19 .1518423E+11   3400017E-01  .5685E+01  .1876E+02   .9999999  .0001837  .0001853
T 3835 19 .1518086E+11   3400002E-01 -.1347E+02  .2240E+02   .9999999 -.0001534  .0000862
T 3836 19 .1518384E+11   3400018E-01  .1674E+02  .9851E+02   .9999989 -.0001521  .0015082
T 3837 19 .1517958E+11   3400000E-01  .3865E+02  .7992E+01   .9999999  .0000571  .0001089
T 3838 19 .1518464E+11   3400015E-01  .1878E+02  .7154E+01   .9999999  .0000910  .0000211
T 3839 19 .1518207E+11   3400014E-01  .2552E+02  .4935E+02   .9999999  .0001499  .0002541
T 3840 19 .1518215E+11   3400013E-01  .9415E+01 -.2093E+02   .9999999 -.0000743 -.0001357
T 3841 19 .1518191E+11   3400017E-01  .2328E+02 -.1387E+02   .9999999  .0001235 -.0000385
T 3842 19 .1518166E+11   3400016E-01 -.5547E+02 -.7694E+01   .9999999 -.0003776 -.0001591
T 3843 19 .1518220E+11   3400015E-01  .4369E+01  .2506E+02   .9999999 -.0002036 -.0000152
T 3844 19 .1518223E+11   3400000E-01  .4021E+00 -.2358E+02   .9999999  .0002309 -.0001340
T 3845 19 .1518245E+11   3400021E-01  .1397E+02  .1023E+02   .9999999  .0000027  .0000853
T 3846 19 .1518234E+11   3400003E-01 -.1007E+02 -.2296E+02   .9999999 -.0000257 -.0001341
T 3847 19 .1518456E+11   3400008E-01  .1403E+02 -.1092E+02   .9999999  .0001488 -.0000949
T 3848 19 .1518298E+11   3400008E-01  .3267E+02  .1609E+01   .9999999  .0002014 -.0000162
T 3849 19 .1518167E+11   3400022E-01 -.2521E+02 -.2777E+02   .9999999  .0000159 -.0001745
T 3850 19 .1518258E+11   3400019E-01  .4635E+02 -.4849E+02   .9999999  .0001719 -.0003233
T 3851 19 .1518342E+11   3400012E-01 -.3109E+01 -.1732E+02   .9999999 -.0001265 -.0001113
T 3852 19 .1518067E+11   3400001E-01 -.6917E+01  .4194E+02   .9999999  .0001812  .0004314
T 3853 19 .1518175E+11   3400011E-01 -.1065E+02  .9260E+01   .9999999 -.0000277  .0001547
T 3854 19 .1518224E+11   3400008E-01  .3135E+02 -.1851E+02   .9999999  .0001493 -.0001262
T 3855 19 .1518228E+11   3400008E-01 -.1672E+02 -.3581E+02   .9999999  .0003500 -.0000442
T 3856 19 .1518356E+11   3400008E-01 -.2201E+02  .2810E+02   .9999999 -.0001206  .0002903
T 3857 19 .1518160E+11   3400012E-01 -.6147E+01 -.2282E+02   .9999999 -.0000902 -.0001399
T 3858 19 .1518342E+11   3400015E-01 -.6249E+02  .5005E+02   .9999999 -.0004048  .0003323
T 3859 19 .1518137E+11   3400018E-01 -.1244E+02 -.1609E+02   .9999999 -.0001946 -.0001880
T 3860 19 .1518359E+11   3400015E-01  .2517E+02 -.5007E+02   .9999998  .0001501 -.0006773
T 3861 19 .1518205E+11   3400003E-01 -.2219E+03  .1487E+03   .9999990 -.0014043 -.0000376
T 3862 19 .1518129E+11   3400006E-01 -.3301E+02 -.9233E+01   .9999999 -.0002965 -.0001834
T 3863 19 .1518288E+11   3400018E-01 -.2513E+02 -.1125E+02   .9999999 -.0003073 -.0001177
T 3864 19 .1518227E+11   3400022E-01  .1466E+02  .6114E+01   .9999999 -.0002077  .0000379
T 3865 19 .1518283E+11   3400022E-01  .5454E+02  .1257E+02   .9999999  .0003485  .0001185
T 3866 19 .1518237E+11   3400002E-01 -.3638E+01 -.8534E+01   .9999999 -.0000088 -.0000487
T 3867 19 .1518239E+11   3400011E-01  .1509E+02 -.2879E+02   .9999999 -.0000025 -.0001277
T 3868 19 .1518367E+11   3400017E-01  .2324E+02  .4617E+02   .9999999  .0000948  .0003349
T 3869 19 .1518302E+11   3400009E-01 -.1852E+02  .2815E+02   .9999999 -.0001509  .0002591
T 3870 19 .1518096E+11   3400001E-01  .1081E+03  .1310E+03   .9999969  .0021168  .0013270
T 3871 19 .1518178E+11   3400000E-01 -.2837E+02  .2381E+02   .9999999 -.0001407  .0000522
T 3872 19 .1518371E+11   3400021E-01  .5065E+02 -.1735E+02   .9999999  .0003771 -.0000658
T 3873 19 .1518188E+11   3400004E-01 -.6217E+01  .2539E+02   .9999999 -.0000230  .0001171
T 3874 19 .1518171E+11   3400015E-01  .7842E+02 -.6798E+01   .9999999  .0003252 -.0000418
T 3875 19 .1518290E+11   3400005E-01  .5401E+02  .4487E+02   .9999999  .0002644  .0002009
T 3876 19 .1518271E+11   3400000E-01 -.4016E+02 -.1124E+01   .9999999 -.0001306 -.0001216
T 3877 19 .1518345E+11   3400023E-01  .3508E+01  .1096E+02   .9999999 -.0000453 -.0000909
T 3878 19 .1518337E+11   3400008E-01  .3025E+02 -.2703E+01   .9999999  .0001193 -.0000670
T 3879 19 .1518333E+11   3400022E-01 -.4033E+01  .1056E+02   .9999999 -.0001323  .0000598
T 3880 19 .1518387E+11   3400007E-01  .5755E-02  .1452E+02   .9999999 -.0000423  .0001316
T 3881 19 .1518284E+11   3400015E-01 -.2120E+02  .8071E+00   .9999999 -.0001464  .0000656
T 3882 19 .1518524E+11   3400023E-01  .9237E+00  .4160E+02   .9999999 -.0000449  .0003856
T 3883 19 .1518338E+11   3400019E-01  .2027E+02 -.5866E+01   .9999999  .0000185  .0001270
T 3884 19 .1518354E+11   3400013E-01 -.2097E+02 -.1084E+02   .9999999 -.0002832  .0000148
T 3885 19 .1518084E+11   3400020E-01  .2375E+02  .4340E+02   .9999999  .0001327  .0002958
T 3886 19 .1518265E+11   3400005E-01  .1668E+02 -.2098E+02   .9999999 -.0001623 -.0002236
T 3887 19 .1518436E+11   3400001E-01  .2970E+02  .1177E+02   .9999999  .0002980  .0000947
T 3888 19 .1518050E+11   3400010E-01  .2046E+02  .1433E+02   .9999999  .0001384  .0002702
T 3889 19 .1518289E+11   3400021E-01 -.1349E+02  .1853E+01   .9999999 -.0000378  .0001029
T 3890 19 .1518304E+11   3400008E-01 -.3536E+02 -.1670E+02   .9999999 -.0000479 -.0001097
T 3891 19 .1518243E+11   3400014E-01  .3559E+02 -.9588E+01   .9999999  .0004381  .0000263
T 3892 19 .1518254E+11   3400018E-01 -.2964E+02 -.4138E+01   .9999999 -.0000494 -.0000849
T 3893 19 .1518421E+11   3400019E-01 -.2617E+02 -.4240E+02   .9999999 -.0002182 -.0002082
T 3894 19 .1518156E+11   3400008E-01  .5046E+02 -.2272E+02   .9999999  .0003350 -.0001500
T 3895 19 .1518373E+11   3400017E-01  .4070E+02  .1096E+03   .9999999  .0001111  .0004709
T 3896 19 .1518153E+11   3400021E-01 -.2318E+02 -.3473E+02   .9999999 -.0000169 -.0003851
T 3897 19 .1518240E+11   3400003E-01  .6222E+02 -.4133E+02   .9999999  .0003454 -.0003799
T 3898 19 .1518163E+11   3400020E-01 -.7103E+02 -.6163E+02   .9999998 -.0005072 -.0003913
T 3899 19 .1518528E+11   3400020E-01 -.3695E+02 -.6078E+01   .9999999 -.0002310 -.0000531
T 3900 19 .1518484E+11   3400014E-01  .2213E+02 -.1604E+02   .9999999 -.0000289 -.0001865
T 3901 19 .1518378E+11   3400022E-01 -.2408E+02 -.2504E+02   .9999999 -.0003122  .0000232
T 3902 19 .1518206E+11   3400005E-01  .4618E+02  .1447E+02   .9999999  .0001438  .0004217
T 3903 19 .1518471E+11   3400012E-01  .3595E+01  .2028E+02   .9999999  .0000328  .0001499
T 3904 19 .1518303E+11   3400013E-01 -.5901E+02  .2978E+02   .9999999 -.0004448  .0001688
T 3905 19 .1518166E+11   3400018E-01 -.2244E+02 -.5480E+01   .9999999 -.0004769 -.0000788
T 3906 19 .1518372E+11   3400020E-01  .2735E+02 -.4197E+02   .9999999  .0002836 -.0004639
T 3907 19 .1518463E+11   3400021E-01  .3963E+01 -.9569E+01   .9999999  .0000345 -.0001499
T 3908 19 .1518107E+11   3400010E-01 -.5517E+02  .9307E+02   .9999998 -.0003257  .0005324
T 3909 19 .1518157E+11   3400018E-01  .6354E+02 -.4750E+02   .9999999  .0004800 -.0002428
T 3910 19 .1518128E+11   3400022E-01 -.9337E+01 -.2144E+02   .9999999 -.0000334 -.0001091
T 3911 19 .1518283E+11   3400013E-01 -.2867E+02 -.9648E+01   .9999999 -.0002261  .0000351
T 3912 19 .1518381E+11   3400001E-01  .2305E+02 -.7956E+01   .9999999  .0004656 -.0001433
T 3913 19 .1518146E+11   3400022E-01  .3006E+02  .2635E+02   .9999999  .0002549  .0001835
T 3914 19 .1518173E+11   3400011E-01 -.1969E+02 -.9951E+01   .9999999 -.0001013  .0000777
T 3915 19 .1517981E+11   3400022E-01  .5490E+02  .8561E+01   .9999999  .0004138  .0002202
T 3916 19 .1518110E+11   3400018E-01 -.3724E+02  .4182E+01   .9999999 -.0001268  .0000058
T 3917 19 .1518238E+11   3400000E-01  .1454E+02  .1799E+02   .9999999  .0002272  .0000400
T 3918 19 .1518560E+11   3400019E-01 -.3741E+02  .1256E+02   .9999999 -.0003255  .0000093
T 3919 19 .1518083E+11   3400012E-01  .1475E+02 -.2116E+01   .9999999  .0000960 -.0001012
T 3920 19 .1518273E+11   3400001E-01  .3032E+02  .7783E-01   .9999999  .0001881 -.0000651
T 3921 19 .1518142E+11   3400013E-01 -.5034E+02 -.1342E+02   .9999999 -.0004206  .0000033
T 3922 19 .1518287E+11   3400003E-01  .1463E+01  .3059E+01   .9999999 -.0001427 -.0002044
T 3923 19 .1518267E+11   3400005E-01  .4418E+02  .1899E+01   .9999999  .0003299  .0001091
T 3924 19 .1518419E+11   3400008E-01  .6425E+00 -.3654E+02   .9999999 -.0000370 -.0001677
T 3925 19 .1518368E+11   3400004E-01  .2523E+02  .1466E+02   .9999999  .0002449  .0002396
T 3926 19 .1518197E+11   3400005E-01  .1186E+02 -.1063E+02   .9999999  .0000431 -.0000746
T 3927 19 .1518360E+11   3400012E-01 -.7842E+01 -.1934E+01   .9999999  .0000376  .0001100
T 3928 19 .1518306E+11   3400014E-01 -.2164E+02 -.2401E+02   .9999999 -.0002351 -.0000832
T 3929 19 .1518565E+11   3400019E-01 -.1783E+02  .7590E+02   .9999998 -.0002365  .0006489
T 3930 19 .1517956E+11   3400001E-01 -.1389E+02  .3288E+02   .9999999 -.0000350  .0001543
T 3931 19 .1518310E+11   3400021E-01 -.2807E+01  .2392E+02   .9999999  .0001511  .0002744
T 3932 19 .1518051E+11   3400001E-01  .1988E+02  .1170E+02   .9999999 -.0000547  .0001275
T 3933 19 .1518275E+11   3400004E-01 -.3076E+02 -.1630E+02   .9999999 -.0003347 -.0001483
T 3934 19 .1518236E+11   3400020E-01 -.2569E+02 -.7662E+01   .9999999 -.0002401 -.0000747
T 3935 19 .1518331E+11   3400007E-01  .2392E+01  .3549E+02   .9999999  .0000724  .0002247
T 3936 19 .1518208E+11   3400019E-01 -.5206E+02 -.3756E+02   .9999999 -.0002899 -.0001609
T 3937 19 .1518420E+11   3400009E-01 -.8469E+00  .2644E+02   .9999999 -.0000419  .0002192
T 3938 19 .1518282E+11   3400009E-01 -.1101E+02 -.4077E+02   .9999998 -.0003009 -.0004604
T 3939 19 .1518343E+11   3400008E-01  .1420E+02  .1376E+01   .9999999  .0002045  .0000846
T 3940 19 .1518217E+11   3400014E-01  .1459E+03  .1351E+02   .9999995  .0009910  .0000476
T 3941 19 .1518088E+11   3400001E-01  .2178E+02 -.4667E+01   .9999999  .0002015 -.0001063
T 3942 19 .1518183E+11   3400022E-01 -.3213E+02 -.4044E+02   .9999999 -.0001369 -.0002148
T 3943 19 .1518401E+11   3400003E-01 -.1219E+01 -.2267E+02   .9999999 -.0001346 -.0003577
T 3944 19 .1518267E+11   3400022E-01 -.9981E+02  .2335E+02   .9999994 -.0011014  .0002222
T 3945 19 .1518345E+11   3400022E-01 -.7179E+02  .9402E+01   .9999999 -.0004657 -.0000598
T 3946 19 .1518226E+11   3400023E-01 -.4486E+02 -.2220E+02   .9999999 -.0002130 -.0001263
T 3947 19 .1518354E+11   3400005E-01  .3064E+02  .6331E+01   .9999999  .0002405  .0001896
T 3948 19 .1518366E+11   3400021E-01 -.1326E+01  .1567E+02   .9999999 -.0000526  .0000816
T 3949 19 .1518237E+11   3400001E-01 -.3397E+02  .1962E+02   .9999999 -.0000506  .0000442
T 3950 19 .1518373E+11   3400020E-01  .2660E+02  .6047E+02   .9999999  .0003068  .0003043
T 3951 19 .1518313E+11   3400008E-01  .1797E+02  .7292E+01   .9999999  .0001775  .0001514
T 3952 19 .1518426E+11   3400022E-01  .3470E+02 -.1381E+02   .9999999  .0001756 -.0000508
T 3953 19 .1518089E+11   3400011E-01 -.8092E+01 -.2757E+02   .9999999 -.0000821 -.0002426
T 3954 19 .1518338E+11   3400013E-01  .1338E+01 -.2571E+02   .9999999 -.0002192 -.0001521
T 3955 19 .1518158E+11   3400021E-01 -.3082E+01  .2513E+02   .9999999  .0000849  .0002783
T 3956 19 .1518274E+11   3400016E-01  .1034E+02  .3041E+01   .9999999  .0000677  .0002261
T 3957 19 .1518323E+11   3400021E-01  .1698E+02  .3036E+02   .9999999 -.0000357  .0000753
T 3958 19 .1518221E+11   3400022E-01  .2218E+02  .1842E+02   .9999999  .0001544 -.0000224
T 3959 19 .1518337E+11   3400000E-01  .3803E+02  .9439E+01   .9999999  .0002024 -.0000830
T 3960 19 .1518158E+11   3400017E-01 -.1094E+02  .6233E+00   .9999999  .0000241  .0000017
T 3961 19 .1518220E+11   3400003E-01  .2121E+02  .8985E+01   .9999999  .0002042  .0001919
T 3962 19 .1518522E+11   3400004E-01 -.3277E+02 -.4985E+00   .9999999 -.0003604 -.0001272
T 3963 19 .1518143E+11   3400021E-01  .2469E+02 -.1178E+03   .9999997  .0001601 -.0007281
T 3964 19 .1518179E+11   3400012E-01  .1872E+02  .1123E+02   .9999999 -.0000957 -.0001520
T 3965 19 .1518349E+11   3400023E-01 -.1222E+02  .1210E+02   .9999999 -.0000414  .0001481
T 3966 19 .1518240E+11   3400018E-01  .3229E+02  .5017E+02   .9999999  .0000416  .0001642
T 3967 19 .1518320E+11   3400017E-01  .4825E+02  .2059E+02   .9999999  .0004895 -.0000192
T 3968 19 .1518325E+11   3400002E-01  .3939E+01  .6045E+01   .9999999 -.0001071  .0002300
T 3969 19 .1518223E+11   3400016E-01  .4151E+02  .1849E+02   .9999999  .0002499  .0000975
T 3970 19 .1518256E+11   3400020E-01  .7515E+01 -.1114E+02   .9999999  .0000035  .0000948
T 3971 19 .1518188E+11   3400022E-01 -.1145E+02  .2731E+02   .9999999  .0000635  .0001777
T 3972 19 .1518160E+11   3400012E-01  .6713E+01 -.4150E+02   .9999999 -.0001447 -.0002625
T 3973 19 .1518484E+11   3400019E-01  .4499E+01 -.9819E+01   .9999999  .0000941 -.0000365
T 3974 19 .1518273E+11   3400001E-01 -.1322E+02 -.1993E+02   .9999999 -.0000873 -.0001969
T 3975 19 .1518217E+11   3400023E-01 -.3242E+02 -.4133E+02   .9999999 -.0002900 -.0001555
T 3976 19 .1518357E+11   3400020E-01  .1876E+02 -.5449E+01   .9999999  .0001871  .0001552
T 3977 19 .1518210E+11   3400014E-01  .3388E+01 -.1326E+02   .9999999 -.0002510 -.0001828
T 3978 19 .1518270E+11   3400021E-01 -.1886E+02 -.2240E+02   .9999999 -.0002073  .0000454
T 3979 19 .1518195E+11   3400019E-01 -.2796E+02 -.3966E+02   .9999999 -.0002006 -.0002800
T 3980 19 .1518356E+11   3400008E-01  .6150E+02 -.2795E+02   .9999999  .0004195 -.0000801
T 3981 19 .1518293E+11   3400002E-01  .7661E+01 -.1845E+02   .9999999  .0000604 -.0000420
T 3982 19 .1518145E+11   3400021E-01 -.2136E+02 -.4104E+02   .9999999 -.0000441 -.0000731
T 3983 19 .1518058E+11   3400009E-01  .4818E+02  .3549E+02   .9999999  .0003207  .0003734
T 3984 19 .1518254E+11   3400008E-01 -.1192E+02 -.3068E+01   .9999999  .0000896 -.0001278
T 3985 19 .1518190E+11   3400009E-01 -.2002E+02  .4711E+01   .9999999  .0000246  .0000750
T 3986 19 .1518292E+11   3400022E-01  .7367E+01  .2359E+02   .9999999  .0001674  .0000810
T 3987 19 .1518342E+11   3400000E-01 -.5341E+01 -.6791E+01   .9999999 -.0000437 -.0000291
T 3988 19 .1518337E+11   3400009E-01 -.4009E+02  .1479E+02   .9999999 -.0001193  .0001234
T 3989 19 .1518372E+11   3400006E-01 -.1651E+02  .4735E+02   .9999999 -.0000974  .0002948
T 3990 19 .1518220E+11   3400015E-01 -.7278E+01  .7010E+01   .9999999 -.0000307 -.0000900
T 3991 19 .1518210E+11   3400015E-01 -.1080E+03 -.5144E+02   .9999998 -.0005859 -.0001547
T 3992 19 .1518341E+11   3400014E-01  .6395E+01  .5360E+02   .9999999  .0000125  .0004273
T 3993 19 .1518280E+11   3400017E-01  .1216E+02  .1414E+02   .9999999  .0000570 -.0000295
T 3994 19 .1518234E+11   3400018E-01 -.1232E+02  .1475E+02   .9999999 -.0000005  .0000051
T 3995 19 .1518207E+11   3400021E-01 -.8458E+01 -.1543E+02   .9999999 -.0000470 -.0000249
T 3996 19 .1518275E+11   3400017E-01 -.1586E+02 -.4824E+01   .9999999 -.0001884 -.0000262
T 3997 19 .1518098E+11   3400021E-01 -.1258E+01  .1947E+02   .9999999 -.0000413  .0000552
T 3998 19 .1518332E+11   3400017E-01 -.6262E+02 -.2997E+02   .9999999 -.0004794 -.0002197
T 3999 19 .1518301E+11   3400013E-01 -.1693E+02 -.2358E+02   .9999999 -.0001061 -.0001141
T 4000 19 .1518466E+11   3400004E-01 -.2175E+02 -.1828E+02   .9999999  .0000119 -.0002615
T 4001 19 .1518266E+11   3400018E-01  .3041E+02 -.2266E+02   .9999999  .0001702 -.0001993
T 4002 19 .1518260E+11   3400014E-01 -.5187E+02 -.5900E+02   .9999998 -.0003872 -.0004997
T 4003 19 .1518430E+11   3400007E-01 -.9252E+01 -.4348E+01   .9999999 -.0000207 -.0000511
T 4004 19 .1518350E+11   3400018E-01 -.4992E+02  .3154E+02   .9999999 -.0000153  .0002671
T 4005 19 .1518249E+11   3400009E-01 -.4321E+02  .8103E+01   .9999999 -.0002223 -.0000065
T 4006 19 .1518218E+11   3400022E-01 -.4332E+02  .1706E+02   .9999999 -.0002919  .0000426
T 4007 19 .1518448E+11   3400007E-01 -.7691E+01  .4619E+02   .9999999 -.0001742  .0002411
T 4008 19 .1518167E+11   3400010E-01  .2365E+02  .3847E+02   .9999999  .0000553  .0003454
T 4009 19 .1518349E+11   3400020E-01 -.1214E+02 -.1495E+01   .9999999  .0000515  .0003417
T 4010 19 .1518165E+11   3400021E-01  .2375E+02 -.1269E+02   .9999999  .0003875 -.0001610
T 4011 19 .1518515E+11   3400006E-01  .1848E+02  .5462E+02   .9999999  .0000682  .0001766
T 4012 19 .1518138E+11   3400017E-01  .1014E+02 -.9147E+01   .9999999 -.0000114 -.0000327
T 4013 19 .1518325E+11   3400020E-01 -.6414E+01 -.2116E+02   .9999999 -.0000765 -.0000704
T 4014 19 .1518315E+11   3400014E-01  .2043E+02  .2553E+01   .9999999  .0002207 -.0001040
T 4015 19 .1518321E+11   3400010E-01 -.3513E+01  .2280E+02   .9999999  .0000252  .0002519
T 4016 19 .1518129E+11   3400022E-01  .6899E+01 -.3480E+02   .9999999  .0002741 -.0002561
T 4017 19 .1518159E+11   3400006E-01  .2817E+02 -.3423E+01   .9999999  .0001588  .0000471
T 4018 19 .1518589E+11   3400022E-01 -.4039E+02  .6395E+02   .9999999 -.0002314  .0002966
T 4019 19 .1518207E+11   3400000E-01  .4390E+01 -.3062E+02   .9999999  .0000497 -.0000726
T 4020 19 .1518124E+11   3400016E-01  .3765E+02 -.1804E+02   .9999999  .0003119 -.0000648
T 4021 19 .1518209E+11   3400020E-01 -.5965E+01 -.3665E+02   .9999999  .0000797 -.0001767
T 4022 19 .1518169E+11   3400022E-01 -.3391E+02 -.4299E+02   .9999999 -.0001070 -.0002790
T 4023 19 .1518150E+11   3400012E-01  .4329E+02 -.5637E+02   .9999999  .0000840 -.0002547
T 4024 19 .1518217E+11   3400016E-01  .1336E+02 -.3370E+02   .9999999  .0001939 -.0003243
T 4025 19 .1518178E+11   3400001E-01  .1479E+02 -.3509E+02   .9999999  .0000713 -.0003816
T 4026 19 .1518337E+11   3400020E-01 -.4970E+01 -.4284E+00   .9999999  .0000368 -.0000616
T 4027 19 .1518309E+11   3400007E-01 -.1700E+02  .6677E+02   .9999998 -.0002829  .0005880
T 4028 19 .1518166E+11   3400021E-01  .8152E+01  .7293E+01   .9999999 -.0004633  .0001347
T 4029 19 .1518315E+11   3400021E-01  .1042E+02 -.3679E+02   .9999999  .0001751 -.0000354
T 4030 19 .1518288E+11   3400001E-01  .4670E+02 -.1906E+01   .9999999  .0000366 -.0000367
T 4031 19 .1518403E+11   3400009E-01 -.1620E+02 -.1210E+02   .9999999 -.0001219 -.0000746
T 4032 19 .1518257E+11   3400002E-01  .3039E+02 -.1885E+02   .9999999  .0002545  .0000136
T 4033 19 .1518394E+11   3400010E-01  .1761E+03  .3639E+02   .9999996  .0008580  .0000783
T 4034 19 .1518249E+11   3400013E-01  .5229E+02 -.5949E+02   .9999999  .0002372 -.0004250
T 4035 19 .1518261E+11   3400013E-01 -.6396E+01 -.2611E+02   .9999999  .0000323 -.0003070
T 4036 19 .1518121E+11   3400019E-01  .7977E+01  .1128E+02   .9999999  .0001279  .0001928
T 4037 19 .1518247E+11   3400017E-01  .3842E+02 -.2089E+02   .9999999  .0000251 -.0000400
T 4038 19 .1518260E+11   3400010E-01 -.2169E+02  .9551E+01   .9999999  .0000326  .0000103
T 4039 19 .1518132E+11   3400014E-01 -.4792E+02  .1804E+02   .9999999 -.0002056  .0002365
T 4040 19 .1518225E+11   3400006E-01 -.7673E+01 -.6352E-01   .9999999 -.0001845  .0004608
T 4041 19 .1518520E+11   3400009E-01  .2283E+02 -.1042E+02   .9999999 -.0000128 -.0003926
T 4042 19 .1518306E+11   3400001E-01 -.4990E+02 -.3673E+02   .9999999 -.0002771 -.0002085
T 4043 19 .1518483E+11   3400020E-01 -.6284E+02  .1732E+03   .9999999 -.0003114  .0004440
T 4044 19 .1518343E+11   3400018E-01 -.7327E+01  .2373E+02   .9999999  .0000324  .0000834
T 4045 19 .1518336E+11   3400008E-01  .8962E+01  .8708E+01   .9999999  .0001098  .0001550
T 4046 19 .1518221E+11   3400008E-01 -.1027E+02 -.1145E+02   .9999999 -.0000991 -.0000362
T 4047 19 .1518289E+11   3400001E-01 -.9811E+01 -.1206E+02   .9999999 -.0002320  .0002742
T 4048 19 .1518149E+11   3400022E-01 -.6276E+01  .3047E+01   .9999999  .0000966  .0001122
T 4049 19 .1518322E+11   3400004E-01  .3278E+01  .7045E+02   .9999999  .0000696  .0005181
T 4050 19 .1518163E+11   3400019E-01  .2878E+02 -.1217E+02   .9999999  .0002766 -.0002458
T 4051 19 .1518192E+11   3400014E-01  .5783E+02  .2499E+02   .9999999  .0002626  .0001599
T 4052 19 .1518356E+11   3400006E-01 -.5462E+02 -.1551E+02   .9999999 -.0004216 -.0003004
T 4053 19 .1518165E+11   3400021E-01 -.4767E+01 -.2588E+01   .9999999 -.0000102 -.0001241
T 4054 19 .1518148E+11   3400002E-01 -.2592E+02  .1305E+02   .9999999 -.0001444  .0000521
T 4055 19 .1518368E+11   3400001E-01  .5955E+02 -.2777E+02   .9999999  .0002935 -.0004045
T 4056 19 .1518287E+11   3400003E-01 -.6071E+02 -.7987E+01   .9999999 -.0003614 -.0000669
T 4057 19 .1518054E+11   3400009E-01 -.3694E+02  .2633E+02   .9999998 -.0004687  .0004707
T 4058 19 .1518290E+11   3400006E-01 -.9033E+02 -.3533E+02   .9999997 -.0007225 -.0002129
T 4059 19 .1518034E+11   3400005E-01  .4039E+01 -.1985E+02   .9999999 -.0000563 -.0002061
T 4060 19 .1518181E+11   3400019E-01 -.2486E+02  .3521E+02   .9999999 -.0000925  .0002724
T 4061 19 .1518458E+11   3400016E-01 -.1071E+02  .4368E+02   .9999999 -.0001402  .0003465
T 4062 19 .1518431E+11   3400000E-01 -.2917E+02 -.4745E+02   .9999999 -.0001017 -.0002392
T 4063 19 .1518127E+11   3400008E-01 -.3060E+02 -.4371E+02   .9999999 -.0001126 -.0003398
T 4064 19 .1518234E+11   3400016E-01 -.1221E+02 -.2001E+02   .9999999 -.0000785 -.0002938
T 4065 19 .1518177E+11   3400022E-01 -.9100E+01 -.1699E+02   .9999999 -.0000371 -.0000352
T 4066 19 .1518305E+11   3400023E-01 -.3094E+02  .7517E+01   .9999999 -.0001334  .0001066
T 4067 19 .1518228E+11   3400021E-01 -.3064E+01  .1041E+02   .9999999 -.0004995  .0000839
T 4068 19 .1518202E+11   3400009E-01 -.4040E+01  .2918E+02   .9999999  .0000569  .0002347
T 4069 19 .1518272E+11   3400009E-01 -.3609E+01 -.3051E+02   .9999999  .0000165 -.0002052
T 4070 19 .1518228E+11   3400003E-01 -.1956E+02  .2955E+02   .9999999 -.0001913  .0001647
T 4071 19 .1518393E+11   3400017E-01  .8768E+01 -.1016E+02   .9999999 -.0000211 -.0001464
T 4072 19 .1518170E+11   3400001E-01 -.4244E+02  .2506E+01   .9999999 -.0004619 -.0001305
T 4073 19 .1518282E+11   3400019E-01  .2211E+02  .1605E+02   .9999999  .0002104  .0000724
T 4074 19 .1518421E+11   3400019E-01  .1911E+02  .3028E+02   .9999999  .0000429  .0001583
T 4075 19 .1518142E+11   3400011E-01  .1230E+02 -.1671E+02   .9999999  .0000395 -.0001375
T 4076 19 .1518146E+11   3400013E-01 -.1304E+02  .8145E+01   .9999999 -.0000611 -.0000045
T 4077 19 .1518224E+11   3400002E-01  .9240E+01 -.3509E+02   .9999999  .0001522 -.0003812
T 4078 19 .1518114E+11   3400017E-01  .3874E+02 -.8791E+01   .9999999  .0001801 -.0000899
T 4079 19 .1518142E+11   3400014E-01 -.2982E+02  .2087E+02   .9999999 -.0001958  .0001844
T 4080 19 .1518116E+11   3400018E-01 -.4730E+02  .3819E+02   .9999997 -.0006352  .0004297
T 4081 19 .1518224E+11   3400017E-01 -.5200E+02  .2649E+02   .9999999 -.0003025  .0004042
T 4082 19 .1518275E+11   3400017E-01 -.7328E+01 -.2346E+02   .9999999  .0001460 -.0000743
T 4083 19 .1518209E+11   3400004E-01  .3361E+02  .1439E+03   .9999995  .0005131  .0008246
T 4084 19 .1518299E+11   3400011E-01  .7964E+02  .6134E+02   .9999996  .0007060  .0005608
T 4085 19 .1518434E+11   3400020E-01 -.3855E+02  .6754E+02   .9999999 -.0001375  .0003236
T 4086 19 .1518425E+11   3400003E-01 -.2024E+01  .1147E+01   .9999999  .0001415  .0001102
T 4087 19 .1518264E+11   3400017E-01 -.3821E+02 -.1550E+02   .9999999 -.0002052 -.0001571
T 4088 19 .1518124E+11   3400000E-01  .6550E+02 -.8245E+01   .9999999  .0004507 -.0001370
T 4089 19 .1518179E+11   3400022E-01  .3091E+02  .1904E+02   .9999999  .0003588  .0003002
T 4090 19 .1518183E+11   3400015E-01 -.3238E+02 -.1972E+01   .9999999 -.0002912 -.0001078
T 4091 19 .1518307E+11   3400013E-01 -.6617E+01 -.9779E+01   .9999999  .0000524 -.0000537
T 4092 19 .1518273E+11   3400020E-01 -.7867E+02  .2309E+02   .9999999 -.0004694  .0001538
T 4093 19 .1518005E+11   3400013E-01 -.1564E+02 -.1675E+02   .9999999 -.0000200 -.0002221
T 4094 19 .1518252E+11   3400012E-01 -.4501E+02 -.1459E+02   .9999999 -.0003778 -.0001121
T 4095 19 .1518231E+11   3400018E-01 -.1018E+02  .2553E+00   .9999999 -.0001706 -.0000478
T 4096 19 .1518131E+11   3400015E-01 -.2137E+01  .3637E+02   .9999999 -.0001164  .0002453
T 4097 19 .1518423E+11   3400010E-01  .2916E+01  .3785E+02   .9999999  .0000809  .0000864
T 4098 19 .1518133E+11   3400002E-01  .5844E+01  .1717E+02   .9999999 -.0000397  .0002756
T 4099 19 .1518295E+11   3400004E-01  .5597E+02 -.3206E+02   .9999999  .0004424 -.0000879
T 4100 19 .1518222E+11   3400003E-01 -.2708E+02  .3465E+01   .9999999 -.0000832  .0002424
T 4101 19 .1518276E+11   3400016E-01  .2414E+02  .3110E+01   .9999999  .0002171 -.0000259
T 4102 19 .1518371E+11   3400016E-01 -.9330E+01 -.2294E+02   .9999999  .0001030 -.0004238
T 4103 19 .1518371E+11   3400020E-01  .7133E+01 -.3661E+02   .9999999  .0003724 -.0002379
T 4104 19 .1518007E+11   3400010E-01 -.3951E+01  .2301E+02   .9999999 -.0000202  .0002195
T 4105 19 .1518415E+11   3400020E-01 -.5306E+02  .2502E+01   .9999999 -.0004224  .0000789
T 4106 19 .1518301E+11   3400016E-01  .3256E+02  .4233E+01   .9999998  .0005968 -.0000931
T 4107 19 .1518252E+11   3400001E-01  .1663E+02  .4358E+02   .9999999  .0001008  .0003753
T 4108 19 .1518109E+11   3400021E-01  .2438E+02 -.7359E+01   .9999999 -.0000440  .0000038
T 4109 19 .1518271E+11   3400008E-01  .1013E+02  .2699E+01   .9999999  .0001507  .0002419
T 4110 19 .1518132E+11   3400019E-01 -.1704E+01 -.2268E+01   .9999999  .0000681  .0003682
T 4111 19 .1518299E+11   3400004E-01  .6310E+01 -.3958E+01   .9999999  .0000860 -.0001416
T 4112 19 .1518226E+11   3400019E-01  .2664E+02  .2512E+02   .9999999  .0002169  .0001139
T 4113 19 .1518295E+11   3400023E-01 -.3673E+02 -.4014E+02   .9999997 -.0006304 -.0004086
T 4114 19 .1518354E+11   3400021E-01 -.5633E+02  .2513E+02   .9999999 -.0003536  .0001815
T 4115 19 .1518084E+11   3400010E-01 -.1715E+02 -.2034E+02   .9999999 -.0000453 -.0001439
T 4116 19 .1518225E+11   3400001E-01 -.4709E+02 -.1329E+02   .9999999 -.0002736 -.0001857
T 4117 19 .1518407E+11   3400014E-01  .3240E+02  .3462E+02   .9999999  .0003112  .0004318
T 4118 19 .1518265E+11   3400005E-01 -.4693E+02 -.2285E+02   .9999999 -.0002113 -.0002272
T 4119 19 .1518374E+11   3400011E-01 -.2446E+02 -.4662E+01   .9999999 -.0005008  .0001131
T 4120 19 .1518142E+11   3400010E-01  .4623E+01  .1582E+02   .9999999  .0000778 -.0000738
T 4121 19 .1518167E+11   3400018E-01 -.5297E+01  .1899E+02   .9999999 -.0001377  .0001253
T 4122 19 .1518260E+11   3400003E-01  .1431E+02  .1878E+02   .9999999 -.0000291 -.0000581
T 4123 19 .1518364E+11   3400005E-01  .2439E+02 -.1508E+02   .9999999  .0002388  .0000011
T 4124 19 .1518254E+11   3400003E-01  .1347E+03  .2157E+02   .9999997  .0007363  .0000657
T 4125 19 .1518343E+11   3400016E-01 -.5251E+02 -.6208E+02   .9999999 -.0002307 -.0003022
T 4126 19 .1518426E+11   3400022E-01 -.1355E+02  .2986E+02   .9999999 -.0001121  .0001414
T 4127 19 .1518267E+11   3400020E-01  .2717E+02  .7079E+01   .9999999  .0001798  .0000975
T 4128 19 .1518233E+11   3400020E-01  .1810E+02 -.4902E+01   .9999999  .0000645 -.0000091
T 4129 19 .1518124E+11   3400001E-01  .1834E+02  .1865E+02   .9999999  .0000819  .0002530
T 4130 19 .1518070E+11   3400012E-01 -.2869E+02  .1988E+02   .9999999 -.0002208  .0001240
T 4131 19 .1518172E+11   3400014E-01  .8242E+01 -.1284E+02   .9999999 -.0001411  .0001467
T 4132 19 .1518292E+11   3400017E-01  .2685E+02  .3697E+02   .9999999 -.0000091  .0000950
T 4133 19 .1518316E+11   3400015E-01 -.3685E+02  .3457E+02   .9999999 -.0002598  .0001641
T 4134 19 .1518246E+11   3400023E-01  .1785E+02  .5476E+01   .9999999  .0000480  .0000607
T 4135 19 .1518049E+11   3400013E-01  .9710E+01  .1191E+02   .9999999  .0000004  .0000304
T 4136 19 .1518100E+11   3400020E-01  .1496E+02  .1076E+03   .9999999  .0001232  .0004658
T 4137 19 .1518188E+11   3400004E-01 -.8446E+01 -.2222E+02   .9999999  .0000238 -.0001211
T 4138 19 .1518360E+11   3400017E-01 -.3546E+01 -.1734E+02   .9999999  .0000325 -.0002502
T 4139 19 .1518451E+11   3400017E-01  .3591E+02 -.6775E+02   .9999999  .0001594 -.0005020
T 4140 19 .1518258E+11   3400003E-01 -.1885E+02 -.4880E+02   .9999999  .0000045 -.0002407
T 4141 19 .1518148E+11   3400004E-01 -.3140E+02 -.2299E+02   .9999999 -.0002726 -.0000325
T 4142 19 .1518257E+11   3400010E-01  .5777E+02  .1976E+02   .9999999  .0003638  .0002605
T 4143 19 .1518586E+11   3400008E-01  .2059E+02 -.3024E+02   .9999999  .0000471 -.0002104
T 4144 19 .1518166E+11   3400019E-01 -.1335E+02 -.8907E+01   .9999999 -.0001156  .0000831
T 4145 19 .1518354E+11   3400017E-01 -.3807E+02  .6374E+01   .9999999 -.0002593  .0000764
T 4146 19 .1518445E+11   3400000E-01  .4127E+02  .4576E+02   .9999999  .0000475  .0002996
T 4147 19 .1518272E+11   3400011E-01  .1233E+02  .7760E+02   .9999999  .0001917  .0004234
T 4148 19 .1518102E+11   3400016E-01 -.9908E+01 -.1367E+02   .9999999  .0000559 -.0000140
T 4149 19 .1518327E+11   3400003E-01  .4516E+02  .1727E+02   .9999999  .0002784  .0001081
T 4150 19 .1518107E+11   3400000E-01  .1578E+02  .3429E+02   .9999999  .0001009  .0002865
T 4151 19 .1518112E+11   3400022E-01 -.2976E+02  .3102E+02   .9999999 -.0002373  .0000933
T 4152 19 .1518290E+11   3400002E-01  .2942E+02  .6023E+02   .9999999  .0003117  .0003072
T 4153 19 .1518402E+11   3400017E-01 -.1394E+02 -.1722E+02   .9999999  .0000295  .0000356
T 4154 19 .1518231E+11   3400011E-01  .5376E+02 -.1280E+02   .9999999  .0001434 -.0000947
T 4155 19 .1518258E+11   3400019E-01 -.5447E+01 -.1274E+02   .9999998 -.0002322  .0005560
T 4156 19 .1518042E+11   3400019E-01 -.3943E+02 -.3273E+02   .9999999 -.0003219 -.0000634
T 4157 19 .1518214E+11   3400019E-01  .8894E+01  .4205E+02   .9999999  .0001390  .0002086
T 4158 19 .1518125E+11   3400003E-01  .5428E+02  .3000E+00   .9999999  .0001155 -.0002460
T 4159 19 .1518381E+11   3400021E-01 -.1036E+02 -.5700E+02   .9999999 -.0000243 -.0004468
T 4160 19 .1518382E+11   3400002E-01 -.1338E+02 -.2556E+02   .9999999 -.0000095 -.0001383
T 4161 19 .1518418E+11   3400017E-01  .1775E+02  .2687E+02   .9999999 -.0001146  .0000259
T 4162 19 .1518183E+11   3400009E-01  .3629E+02 -.1455E+02   .9999999  .0001233  .0000443
T 4163 19 .1518262E+11   3400015E-01  .4092E+01 -.5351E+01   .9999999 -.0001971 -.0000773
T 4164 19 .1518234E+11   3400021E-01  .3925E+02 -.8530E+01   .9999998  .0005751 -.0002246
T 4165 19 .1518277E+11   3400021E-01 -.6918E+01  .1948E+02   .9999999 -.0000565  .0003316
T 4166 19 .1518361E+11   3400021E-01 -.1946E+02 -.4029E+02   .9999998 -.0002371 -.0005998
T 4167 19 .1518183E+11   3400022E-01 -.3981E+02 -.2984E+02   .9999999  .0000364  .0005066
T 4168 19 .1518302E+11   3400010E-01 -.7930E+02  .1152E+02   .9999998 -.0005975 -.0000132
T 4169 19 .1518051E+11   3400014E-01 -.4031E+01  .8559E+01   .9999999 -.0001345 -.0000843
T 4170 19 .1518398E+11   3400000E-01  .4768E+02  .3455E+01   .9999999  .0002576 -.0001030
T 4171 19 .1518052E+11   3400015E-01 -.3308E+02  .8976E+01   .9999999  .0000626  .0000471
T 4172 19 .1518310E+11   3400011E-01 -.6553E+02 -.1182E+01   .9999999 -.0003973  .0000730
T 4173 19 .1518436E+11   3400000E-01  .1597E+02 -.2351E+02   .9999999 -.0000301 -.0000118
T 4174 19 .1518243E+11   3400000E-01 -.1979E+02  .3519E+02   .9999999 -.0000514  .0002349
T 4175 19 .1518330E+11   3400020E-01 -.3228E+02  .2138E+02   .9999999 -.0002899  .0000552
T 4176 19 .1518326E+11   3400019E-01 -.3209E+02  .4520E+02   .9999999 -.0003119  .0001532
T 4177 19 .1518103E+11   3400000E-01 -.7398E+01  .3282E+02   .9999999  .0000227  .0003313
T 4178 19 .1518439E+11   3400011E-01  .9904E+01  .4364E+01   .9999999 -.0001381  .0000344
T 4179 19 .1518179E+11   3400015E-01  .2960E+02 -.7199E+01   .9999999  .0002074  .0000822
T 4180 19 .1518229E+11   3400018E-01  .6531E+01  .2737E+02   .9999999 -.0001233  .0002214
T 4181 19 .1518175E+11   3400014E-01  .2674E+01  .5586E+02   .9999999  .0000961  .0001258
T 4182 19 .1518265E+11   3400016E-01  .2082E+02 -.2638E+02   .9999999  .0002198 -.0001911
T 4183 19 .1518338E+11   3400023E-01 -.3895E+01  .1336E+02   .9999999 -.0002027  .0002247
T 4184 19 .1518204E+11   3400002E-01 -.8298E+02 -.1113E+03   .9999997 -.0005523 -.0006197
T 4185 19 .1518303E+11   3400017E-01 -.6082E+02 -.6417E+02   .9999999 -.0001116 -.0004268
T 4186 19 .1518323E+11   3400012E-01  .9162E+02  .1733E+02   .9999996  .0008923 -.0001168
T 4187 19 .1518203E+11   3400007E-01 -.2082E+02  .2437E+01   .9999999 -.0001784  .0000215
T 4188 19 .1518343E+11   3400002E-01 -.3037E+02 -.6020E+02   .9999999 -.0002283 -.0004941
T 4189 19 .1518271E+11   3400012E-01  .4023E+02 -.2387E+02   .9999999  .0003175 -.0000933
T 4190 19 .1518191E+11   3400016E-01  .4870E+02 -.1333E+02   .9999999  .0004484  .0000723
T 4191 19 .1518272E+11   3400010E-01 -.3359E+02 -.1979E+02   .9999999 -.0001904 -.0001365
T 4192 19 .1518019E+11   3400002E-01  .3454E+02 -.1928E+02   .9999999  .0002494 -.0001047
T 4193 19 .1518344E+11   3400018E-01 -.1631E+01  .3477E+01   .9999999  .0001673  .0001295
T 4194 19 .1518145E+11   3400013E-01  .1964E+02 -.2323E+02   .9999999  .0001937 -.0001047
T 4195 19 .1518459E+11   3400002E-01 -.6360E+01  .8944E+01   .9999999 -.0000369  .0001186
T 4196 19 .1518337E+11   3400019E-01  .4391E+02 -.5292E+02   .9999999  .0004489 -.0002220
T 4197 19 .1518066E+11   3400018E-01  .8628E+01 -.1339E+02   .9999999  .0000624 -.0000878
T 4198 19 .1518183E+11   3400021E-01  .3116E+02  .1989E+02   .9999999  .0003104  .0001938
T 4199 19 .1518097E+11   3400002E-01  .3525E+02  .1420E+02   .9999999  .0004512 -.0001842
T 4200 19 .1518345E+11   3400015E-01 -.4684E+01 -.2155E+02   .9999999 -.0002050 -.0001497
T 4201 19 .1518141E+11   3400006E-01  .2371E+02  .2071E+02   .9999999  .0002576 -.0000777
T 4202 19 .1518281E+11   3400000E-01 -.1004E+02 -.1147E+02   .9999999 -.0002852 -.0002248
T 4203 19 .1518187E+11   3400008E-01 -.9600E+01 -.1691E+02   .9999999 -.0001200 -.0000321
T 4204 19 .1518147E+11   3400016E-01 -.3785E+02  .6089E+01   .9999999 -.0003855  .0001662
T 4205 19 .1518313E+11   3400011E-01 -.4220E+02  .2701E+02   .9999999 -.0002254  .0002182
T 4206 19 .1518372E+11   3400007E-01  .1010E+02  .6056E+01   .9999999 -.0001241  .0002543
T 4207 19 .1518264E+11   3400018E-01 -.1535E+02  .1382E+02   .9999999 -.0000500  .0000461
T 4208 19 .1518288E+11   3400020E-01  .1895E+02 -.3922E+02   .9999998 -.0000172 -.0006160
T 4209 19 .1518057E+11   3400017E-01 -.1133E+01 -.1406E+01   .9999999  .0000080 -.0000444
T 4210 19 .1518166E+11   3400013E-01  .4726E+02  .7196E+01   .9999999  .0002622  .0001804
T 4211 19 .1518125E+11   3400012E-01  .6633E+01  .4059E+01   .9999999 -.0000439 -.0000484
T 4212 19 .1518401E+11   3400017E-01  .1302E+02 -.3616E+02   .9999999  .0001624 -.0002008
T 4213 19 .1518136E+11   3400021E-01 -.1515E+02 -.3621E+02   .9999999 -.0001880 -.0001865
T 4214 19 .1518283E+11   3400017E-01 -.1910E+02 -.3296E+02   .9999999 -.0001336 -.0001272
T 4215 19 .1518559E+11   3400002E-01  .1331E+02 -.2163E+02   .9999999 -.0001089 -.0000668
T 4216 19 .1518251E+11   3400020E-01 -.2332E+02 -.1978E+02   .9999999 -.0000816 -.0001691
T 4217 19 .1518399E+11   3400001E-01  .2431E+02  .4465E+02   .9999999  .0001949  .0002741
T 4218 19 .1518089E+11   3400013E-01  .9890E+01 -.7357E+01   .9999999  .0001475 -.0001479
T 4219 19 .1518230E+11   3400013E-01 -.3501E+02 -.4305E+02   .9999999 -.0003008 -.0001610
T 4220 19 .1518216E+11   3400008E-01  .2185E+01 -.1223E+02   .9999999 -.0000621 -.0001009
T 4221 19 .1518316E+11   3400014E-01  .1157E+02  .1810E+02   .9999999  .0001614  .0000779
T 4222 19 .1518247E+11   3400009E-01  .2090E+01 -.9409E+01   .9999999  .0000199 -.0001362
T 4223 19 .1518097E+11   3400003E-01 -.1562E+02 -.2425E+01   .9999999 -.0001722 -.0001532
T 4224 19 .1518235E+11   3400000E-01  .1566E+02  .3698E+02   .9999999 -.0000553  .0003730
T 4225 19 .1518258E+11   3400020E-01 -.1203E+02 -.1937E+02   .9999999 -.0000448 -.0001294
T 4226 19 .1518089E+11   3400022E-01  .1076E+01  .3085E+01   .9999999 -.0001469 -.0000849
T 4227 19 .1518241E+11   3400018E-01  .5996E+01  .3751E+02   .9999999  .0000900  .0001283
T 4228 19 .1518095E+11   3400002E-01 -.3709E+02  .1230E+02   .9999998 -.0006829  .0000140
T 4229 19 .1518158E+11   3400010E-01 -.3534E+02  .1845E+02   .9999999 -.0001229  .0002949
T 4230 19 .1518154E+11   3400012E-01 -.1209E+03 -.2487E+02   .9999997 -.0007121 -.0000611
T 4231 19 .1518317E+11   3400000E-01  .2577E+02 -.1747E+02   .9999999  .0002488 -.0000767
T 4232 19 .1518394E+11   3400001E-01  .5819E+01  .5335E+02   .9999999  .0001819  .0004160
T 4233 19 .1518296E+11   3400003E-01 -.2100E+02  .3872E+02   .9999999 -.0001532  .0001995
T 4234 19 .1518336E+11   3400020E-01  .5746E+02  .1437E+02   .9999997  .0006430 -.0004031
T 4235 19 .1518443E+11   3400011E-01 -.2047E+02 -.1636E+02   .9999999 -.0002179 -.0002789
T 4236 19 .1518344E+11   3400007E-01 -.6638E+01 -.4187E+01   .9999999 -.0001102 -.0000775
T 4237 19 .1518205E+11   3400012E-01  .7903E+01 -.3929E+01   .9999999 -.0001194 -.0002365
T 4238 19 .1518380E+11   3400015E-01  .3587E+02 -.4834E+02   .9999999 -.0000894 -.0002599
T 4239 19 .1518358E+11   3400002E-01  .3346E+02  .2657E+02   .9999996  .0008855  .0001593
T 4240 19 .1518301E+11   3400012E-01  .4191E+01  .7520E+01   .9999999 -.0000510  .0000730
T 4241 19 .1518205E+11   3400021E-01 -.1186E+02  .1076E+02   .9999999  .0000301  .0001065
T 4242 19 .1518239E+11   3400015E-01  .2368E+02 -.2935E+02   .9999999  .0002118 -.0000761
T 4243 19 .1518196E+11   3400013E-01 -.2667E+02 -.6768E+02   .9999999 -.0000517 -.0003010
T 4244 19 .1518193E+11   3400019E-01  .5064E+02 -.8591E+01   .9999999  .0003860 -.0000591
T 4245 19 .1518150E+11   3400003E-01  .3367E+02 -.3568E+02   .9999999  .0002385 -.0000867
T 4246 19 .1518327E+11   3400018E-01  .1866E+02 -.1527E+02   .9999999  .0000664 -.0001280
T 4247 19 .1518305E+11   3400001E-01 -.1645E+02  .3937E+02   .9999998 -.0000247  .0005915
T 4248 19 .1518438E+11   3400021E-01 -.4123E-01 -.1204E+02   .9999999  .0000977 -.0001220
T 4249 19 .1518213E+11   3400010E-01  .1110E+03 -.1372E+02   .9999999  .0004428 -.0001718
T 4250 19 .1518208E+11   3400015E-01 -.4958E+01 -.1026E+02   .9999999  .0003190 -.0001069
T 4251 19 .1518184E+11   3400009E-01 -.3658E+02  .2716E+02   .9999999 -.0002953  .0002249
T 4252 19 .1518277E+11   3400019E-01  .3964E+02 -.5906E+01   .9999999  .0003294 -.0001643
T 4253 19 .1518229E+11   3400019E-01  .1837E+02 -.4673E+02   .9999999  .0001232 -.0002481
T 4254 19 .1518231E+11   3400005E-01 -.4106E+01 -.8455E+01   .9999999  .0000312 -.0001691
T 4255 19 .1518374E+11   3400018E-01  .4145E+01 -.7578E+02   .9999999  .0000218 -.0003786
T 4256 19 .1518234E+11   3400000E-01  .3341E+02  .1820E+01   .9999999  .0001552 -.0000642
T 4257 19 .1518247E+11   3400023E-01  .1098E+02 -.3740E+00   .9999999  .0001293 -.0002704
T 4258 19 .1518257E+11   3400021E-01 -.1063E+02 -.5818E+02   .9999999 -.0001026 -.0002915
T 4259 19 .1518299E+11   3400022E-01  .1581E+02 -.5070E+01   .9999999  .0002103  .0000735
T 4260 19 .1518260E+11   3400022E-01 -.9136E+01  .2108E+02   .9999999  .0000292  .0001349
T 4261 19 .1518386E+11   3400020E-01  .2985E+02 -.8439E+01   .9999999 -.0005134  .0001167
T 4262 19 .1518152E+11   3400009E-01 -.2996E+02  .1857E+02   .9999999 -.0002415  .0000528
T 4263 19 .1518048E+11   3400022E-01 -.1812E+02  .2498E+01   .9999999 -.0000454  .0000004
T 4264 19 .1518150E+11   3400009E-01 -.5309E+01  .1282E+02   .9999999 -.0000920  .0001233
T 4265 19 .1518205E+11   3400018E-01  .2377E+02  .7207E+01   .9999999 -.0000114  .0001812
T 4266 19 .1518197E+11   3400016E-01  .3815E+02  .3231E+02   .9999999  .0002225  .0001880
T 4267 19 .1518167E+11   3400001E-01 -.2258E+02  .1337E+00   .9999999 -.0001932 -.0001188
T 4268 19 .1518328E+11   3400014E-01 -.3430E+02 -.2524E+02   .9999998 -.0004585 -.0003868
T 4269 19 .1518173E+11   3400017E-01 -.1505E+02  .2946E+02   .9999999 -.0002337  .0003189
T 4270 19 .1518172E+11   3400011E-01  .1157E+02  .3670E+01   .9999999  .0000986 -.0000988
T 4271 19 .1518119E+11   3400015E-01 -.1671E+02 -.1473E+02   .9999999 -.0000562 -.0001756
T 4272 19 .1518293E+11   3400017E-01 -.9839E+00 -.1356E+02   .9999999  .0000816  .0000304
T 4273 19 .1518212E+11   3400021E-01 -.1075E+03 -.1806E+02   .9999990 -.0013781 -.0002829
T 4274 19 .1518320E+11   3400014E-01  .3322E+02  .4296E+02   .9999999  .0002183  .0002293
T 4275 19 .1518409E+11   3400017E-01  .1206E+02 -.2493E+02   .9999999  .0000259 -.0000730
T 4276 19 .1518285E+11   3400017E-01 -.2356E+02 -.2389E+01   .9999999  .0001135  .0000278
T 4277 19 .1518369E+11   3400019E-01  .2961E+02  .9191E+01   .9999999  .0003125  .0001928
T 4278 19 .1518347E+11   3400001E-01 -.4330E+02  .4857E+02   .9999999 -.0000766  .0003414
T 4279 19 .1518091E+11   3400000E-01  .1535E+02  .5393E+01   .9999999  .0002013 -.0000030
T 4280 19 .1518062E+11   3400005E-01 -.2662E+02  .1451E+02   .9999999 -.0001550  .0001672
T 4281 19 .1518256E+11   3400018E-01  .4396E+02  .1382E+01   .9999999  .0003945  .0000359
T 4282 19 .1518236E+11   3400010E-01 -.1889E+02 -.1261E+02   .9999999 -.0001333  .0001062
T 4283 19 .1518132E+11   3400000E-01 -.2532E+00  .1129E+02   .9999999  .0000997  .0000332
T 4284 19 .1518370E+11   3400020E-01  .1218E+02  .5604E+02   .9999998  .0001978  .0005570
T 4285 19 .1518337E+11   3400018E-01 -.3626E+02  .6897E+01   .9999999 -.0002630  .0000431
T 4286 19 .1518191E+11   3400003E-01  .2888E+02 -.5801E+02   .9999998  .0001071 -.0005541
T 4287 19 .1518243E+11   3400018E-01 -.3675E+02 -.3300E+02   .9999999 -.0002287 -.0002749
T 4288 19 .1518345E+11   3400015E-01 -.2530E+02  .3947E+02   .9999999 -.0000674  .0002826
T 4289 19 .1518361E+11   3400020E-01 -.2170E+02 -.3539E+02   .9999999 -.0001851 -.0002809
T 4290 19 .1518130E+11   3400001E-01  .2517E+02 -.2006E+02   .9999999  .0003114  .0000684
T 4291 19 .1518126E+11   3400014E-01  .2373E+02 -.1877E+02   .9999999  .0001603 -.0000837
T 4292 19 .1518126E+11   3400018E-01 -.1031E+02 -.1402E+02   .9999999  .0000491 -.0001442
T 4293 19 .1518296E+11   3400012E-01  .1707E+02  .2117E+02   .9999999  .0001888  .0000396
T 4294 19 .1518261E+11   3400002E-01 -.1208E+02 -.1220E+02   .9999999 -.0000450  .0000588
T 4295 19 .1518248E+11   3400022E-01  .5911E+01  .4674E+01   .9999999  .0002050  .0000672
T 4296 19 .1518051E+11   3400005E-01  .1104E+02  .3708E+02   .9999999  .0000372  .0001284
T 4297 19 .1518170E+11   3400021E-01 -.2277E+02 -.1058E+02   .9999999 -.0001258 -.0001710
T 4298 19 .1518285E+11   3400002E-01  .9444E+02  .2844E+02   .9999999  .0005086 -.0000464
T 4299 19 .1518324E+11   3400019E-01  .3926E+02 -.7233E+00   .9999999  .0001793 -.0000778
T 4300 19 .1518242E+11   3400003E-01 -.1859E+02 -.3590E+02   .9999999 -.0000785 -.0001923
T 4301 19 .1518370E+11   3400014E-01  .1878E+01  .2445E+01   .9999999 -.0000384  .0000873
T 4302 19 .1518239E+11   3400001E-01  .2096E+02 -.3772E+02   .9999999  .0002210 -.0003249
T 4303 19 .1518302E+11   3400014E-01 -.1206E+02 -.1027E+02   .9999999 -.0001452 -.0000690
T 4304 19 .1517938E+11   3400007E-01  .2048E+02 -.5879E+01   .9999999  .0000925  .0000027
T 4305 19 .1518257E+11   3400016E-01  .2731E+02  .1455E+02   .9999999  .0002074  .0001482
T 4306 19 .1518303E+11   3400020E-01 -.1337E+03  .6402E+02   .9999995 -.0009192  .0003930
T 4307 19 .1518213E+11   3400014E-01  .2945E+02  .1800E+02   .9999999  .0002120  .0002698
T 4308 19 .1518288E+11   3400005E-01  .1642E+02 -.1116E+02   .9999999  .0002508 -.0000097
T 4309 19 .1518236E+11   3400017E-01  .2260E+02 -.1678E+02   .9999999 -.0000688 -.0002172
T 4310 19 .1517949E+11   3400016E-01 -.3409E+02  .1082E+03   .9999998 -.0001614  .0006790
T 4311 19 .1518211E+11   3400018E-01 -.2104E+02 -.1160E+02   .9999999 -.0003326 -.0000010
T 4312 19 .1518383E+11   3400000E-01 -.1634E+02 -.5496E+02   .9999999 -.0000534 -.0001293
T 4313 19 .1518156E+11   3400015E-01  .1201E+02  .2947E+02   .9999999  .0001098 -.0000417
T 4314 19 .1518384E+11   3400000E-01 -.4118E+02  .4996E+02   .9999999 -.0001477  .0002547
T 4315 19 .1518421E+11   3400005E-01 -.4292E+02  .2185E+02   .9999999 -.0002078  .0002037
T 4316 19 .1518368E+11   3400019E-01 -.6348E+02  .4753E+02   .9999999 -.0002565  .0002206
T 4317 19 .1518181E+11   3400022E-01 -.3877E+02  .9981E+01   .9999999 -.0001858  .0000914
T 4318 19 .1518353E+11   3400000E-01 -.5967E+02  .1060E+03   .9999997 -.0003984  .0006749
T 4319 19 .1518156E+11   3400016E-01  .1489E+02 -.1227E+02   .9999999  .0001730 -.0000618
T 4320 19 .1518294E+11   3400016E-01  .3790E+02  .1916E+02   .9999999  .0003520  .0001900
T 4321 19 .1518296E+11   3400008E-01  .8865E+01 -.5844E+02   .9999998  .0001684 -.0005381
T 4322 19 .1518336E+11   3400021E-01  .6738E+01  .9807E+01   .9999999  .0003590  .0002038
T 4323 19 .1518282E+11   3400013E-01  .8253E+01 -.8172E+02   .9999997 -.0001920 -.0007436
T 4324 19 .1518110E+11   3400020E-01  .4659E+02  .7453E+02   .9999999  .0002117  .0004560
T 4325 19 .1518367E+11   3400004E-01  .3713E+02 -.3028E+02   .9999999  .0002209 -.0000952
T 4326 19 .1518290E+11   3400012E-01 -.2785E+02  .3420E+02   .9999999 -.0001627  .0001540
T 4327 19 .1518198E+11   3400023E-01  .2253E+02 -.2219E+02   .9999999  .0001967 -.0000165
T 4328 19 .1518049E+11   3400010E-01 -.6996E+01  .4526E+02   .9999999 -.0001603  .0002036
T 4329 19 .1518287E+11   3400018E-01  .1556E+02  .5774E+01   .9999999  .0001486 -.0001040
T 4330 19 .1518285E+11   3400022E-01  .3064E+02  .3413E+02   .9999999  .0003175  .0002151
T 4331 19 .1518477E+11   3400001E-01 -.1555E+02 -.2815E+02   .9999999 -.0001713 -.0001484
T 4332 19 .1518297E+11   3400013E-01  .5103E+02 -.2621E+01   .9999999  .0002755  .0000820
T 4333 19 .1518377E+11   3400011E-01 -.5597E+02 -.2614E+02   .9999999 -.0003054 -.0003558
T 4334 19 .1518051E+11   3400006E-01 -.9799E+01  .8988E+01   .9999999 -.0000388  .0000810
T 4335 19 .1518200E+11   3400011E-01 -.3025E+02 -.8899E+02   .9999998  .0000645 -.0006008
T 4336 19 .1518356E+11   3400003E-01  .2690E+02  .2354E+01   .9999999  .0002349  .0001138
T 4337 19 .1518103E+11   3400010E-01 -.2057E+02  .5436E+01   .9999999 -.0001095  .0001143
T 4338 19 .1518296E+11   3400019E-01 -.6202E+01  .1017E+03   .9999996 -.0002612  .0008547
T 4339 19 .1518391E+11   3400008E-01 -.1999E+02 -.1598E+02   .9999999  .0000861 -.0001376
T 4340 19 .1518383E+11   3400002E-01 -.2071E+02 -.5901E+01   .9999999 -.0001289 -.0001772
T 4341 19 .1518474E+11   3400016E-01 -.1689E+02  .3546E+02   .9999999 -.0000799  .0002352
T 4342 19 .1518313E+11   3400019E-01  .3388E+02 -.5920E+02   .9999998  .0001388 -.0005533
T 4343 19 .1518433E+11   3400020E-01 -.1209E+02  .1051E+02   .9999999 -.0001301  .0000448
T 4344 19 .1518327E+11   3400009E-01  .9014E+01 -.2929E+02   .9999999  .0000375 -.0001927
T 4345 19 .1518339E+11   3400012E-01 -.3868E+02  .6324E+02   .9999999 -.0000401  .0000766
T 4346 19 .1518156E+11   3400003E-01  .4747E+01  .3688E+01   .9999999  .0000362 -.0001607
T 4347 19 .1518174E+11   3400010E-01  .3987E+01  .5704E+01   .9999999 -.0000110  .0001024
T 4348 19 .1518288E+11   3400002E-01 -.1655E+02  .2225E+02   .9999999 -.0000341 -.0001167
T 4349 19 .1518254E+11   3400016E-01 -.1236E+02 -.8613E+01   .9999999  .0000103 -.0000590
T 4350 19 .1518350E+11   3400001E-01  .6577E+01  .2803E+02   .9999999  .0000580  .0002664
T 4351 19 .1518252E+11   3400009E-01  .5806E+02 -.1342E+01   .9999999  .0002075  .0000193
T 4352 19 .1518051E+11   3400010E-01  .1952E+01  .4193E+02   .9999999 -.0000838  .0002950
T 4353 19 .1518289E+11   3400020E-01  .5550E+02  .1554E+02   .9999998  .0005498  .0001248
T 4354 19 .1518173E+11   3400003E-01  .2343E+02  .9246E+01   .9999999  .0002033 -.0000205
T 4355 19 .1518262E+11   3400002E-01  .1387E+02 -.1093E+02   .9999999  .0001746  .0000094
T 4356 19 .1518313E+11   3400013E-01  .2052E+02 -.9311E+01   .9999999 -.0000044 -.0002201
T 4357 19 .1518101E+11   3400016E-01  .1324E+02  .2493E+00   .9999999  .0002848 -.0001221
T 4358 19 .1518088E+11   3400007E-01 -.3933E+01 -.2165E+02   .9999999 -.0000446 -.0000454
T 4359 19 .1518281E+11   3400019E-01 -.1719E+02 -.5029E+02   .9999999 -.0000668 -.0000839
T 4360 19 .1518455E+11   3400021E-01 -.2277E+02 -.3014E+02   .9999999 -.0002459 -.0000804
T 4361 19 .1518384E+11   3400014E-01  .1885E+02  .9832E+02   .9999996  .0003307  .0008452
T 4362 19 .1518187E+11   3400015E-01 -.1444E+03 -.5309E+02   .9999997 -.0008002 -.0001914
T 4363 19 .1518373E+11   3400020E-01 -.1571E+02 -.1512E+02   .9999999 -.0000055 -.0003146
T 4364 19 .1518198E+11   3400020E-01 -.4599E+02  .1337E+02   .9999999 -.0002678  .0000254
T 4365 19 .1518143E+11   3400009E-01  .1647E+02 -.1199E+02   .9999999  .0001137  .0000278
T 4366 19 .1518178E+11   3400009E-01 -.2484E+02  .1325E+01   .9999999 -.0001212  .0000152
T 4367 19 .1518240E+11   3400014E-01 -.2063E+02  .2435E+02   .9999999 -.0002224  .0001364
T 4368 19 .1518215E+11   3400003E-01 -.4103E+02 -.8042E+00   .9999999 -.0003160 -.0000627
T 4369 19 .1518318E+11   3400019E-01 -.1435E+02  .3685E+01   .9999999  .0000573  .0000026
T 4370 19 .1518100E+11   3400017E-01  .3215E+02  .2149E+01   .9999999  .0002178  .0002558
T 4371 19 .1518203E+11   3400004E-01 -.1174E+02 -.7154E+01   .9999999  .0000190 -.0000449
T 4372 19 .1518203E+11   3400014E-01  .2209E+02 -.3509E+02   .9999999  .0000589 -.0000374
T 4373 19 .1518273E+11   3400000E-01  .1648E+01  .2115E+02   .9999999  .0000260  .0002804
T 4374 19 .1518266E+11   3400021E-01  .3955E+01 -.3917E+02   .9999999  .0001232 -.0003544
T 4375 19 .1518424E+11   3400000E-01 -.5153E+02  .2674E+02   .9999999 -.0002180  .0001595
T 4376 19 .1518042E+11   3400014E-01  .3866E+01 -.3139E+02   .9999999  .0000161 -.0001992
T 4377 19 .1518355E+11   3400006E-01 -.4694E+02 -.2654E+02   .9999999 -.0001606 -.0002397
T 4378 19 .1518159E+11   3400009E-01  .1864E+02  .2319E+02   .9999999 -.0000735  .0002601
T 4379 19 .1518321E+11   3400019E-01 -.6616E+02  .3856E+01   .9999999 -.0004470  .0000415
T 4380 19 .1518515E+11   3400006E-01 -.6805E+01 -.1859E+02   .9999999 -.0001029 -.0001008
T 4381 19 .1518431E+11   3400019E-01 -.4229E+02 -.3920E+02   .9999998 -.0005079 -.0003844
T 4382 19 .1518298E+11   3400009E-01  .6550E+02  .3237E+02   .9999998  .0005352  .0002215
T 4383 19 .1518317E+11   3400021E-01  .5731E+00  .1090E+02   .9999999  .0002313  .0001547
T 4384 19 .1518266E+11   3400008E-01  .5768E+02 -.4388E+02   .9999999  .0002796 -.0003044
T 4385 19 .1518375E+11   3400015E-01  .2704E+02  .1257E+02   .9999999  .0002331 -.0000325
T 4386 19 .1518354E+11   3400002E-01 -.1631E+01  .5075E+02   .9999997 -.0001759  .0007978
T 4387 19 .1518279E+11   3400009E-01  .2652E+02  .1717E+02   .9999999  .0001324  .0002233
T 4388 19 .1517954E+11   3400022E-01  .1902E+02  .2800E+02   .9999999  .0001397  .0002950
T 4389 19 .1518303E+11   3400001E-01 -.1620E+02  .2738E+02   .9999999  .0000338  .0002362
T 4390 19 .1518326E+11   3400017E-01  .5576E+02  .1971E+02   .9999999  .0004484  .0002037
T 4391 19 .1518424E+11   3400011E-01  .8744E+01 -.2219E+02   .9999999  .0000101  .0000454
T 4392 19 .1518228E+11   3400013E-01  .6918E+02 -.4034E+01   .9999999  .0000554 -.0002565
T 4393 19 .1518254E+11   3400023E-01  .1478E+02 -.8840E+01   .9999999  .0001579 -.0000238
T 4394 19 .1518306E+11   3400005E-01  .4231E+01 -.2885E+02   .9999999  .0000656 -.0004326
T 4395 19 .1518281E+11   3400012E-01 -.4637E+01 -.3011E+02   .9999999 -.0000830 -.0002856
T 4396 19 .1518156E+11   3400020E-01 -.3321E+02  .3866E+02   .9999998 -.0003549  .0005750
T 4397 19 .1518234E+11   3400002E-01  .1210E+03  .1916E+02   .9999997  .0007393 -.0000175
T 4398 19 .1518362E+11   3400000E-01  .2110E+02  .3460E+02   .9999999  .0001439  .0003618
T 4399 19 .1518460E+11   3400006E-01  .3402E+02 -.6858E+01   .9999999  .0002397 -.0002475
T 4400 19 .1518133E+11   3400021E-01  .3113E+02  .1354E+02   .9999999  .0003370 -.0000498
T 4401 19 .1518483E+11   3400010E-01  .1905E+02  .1486E+02   .9999999  .0000736  .0000958
T 4402 19 .1518117E+11   3400020E-01  .2116E+02  .1070E+02   .9999999  .0003692  .0002578
T 4403 19 .1518153E+11   3400021E-01  .7026E+01 -.9882E+02   .9999998  .0001276 -.0006606
T 4404 19 .1518152E+11   3400005E-01 -.2479E+02 -.1371E+02   .9999999 -.0001543 -.0001064
T 4405 19 .1518136E+11   3400021E-01  .1036E+02  .1315E+02   .9999999  .0000018  .0000968
T 4406 19 .1518063E+11   3400017E-01  .3916E+02 -.3192E+02   .9999999  .0001177 -.0001427
T 4407 19 .1518390E+11   3400007E-01 -.6407E+01 -.1507E+02   .9999999  .0000108 -.0000950
T 4408 19 .1518419E+11   3400023E-01  .4259E+01 -.1967E+02   .9999999  .0001376  .0001660
T 4409 19 .1518207E+11   3400012E-01 -.1578E+02  .6171E+02   .9999998 -.0000148  .0005970
T 4410 19 .1518302E+11   3400009E-01 -.2637E+02  .2875E+02   .9999999 -.0003678  .0001565
T 4411 19 .1518006E+11   3400018E-01  .3634E+01 -.7294E+02   .9999998  .0001539 -.0006564
T 4412 19 .1518419E+11   3400021E-01  .1775E+02  .1826E+02   .9999999  .0000388  .0001230
T 4413 19 .1518004E+11   3400012E-01  .2721E+02  .2582E+02   .9999999  .0001329  .0001462
T 4414 19 .1518176E+11   3400020E-01  .1067E+02 -.5444E+02   .9999999  .0002576 -.0001839
T 4415 19 .1518354E+11   3400016E-01 -.7043E+01 -.2662E+01   .9999999 -.0002803  .0002253
T 4416 19 .1518143E+11   3400010E-01 -.1941E+02 -.1172E+02   .9999999 -.0000236 -.0001204
T 4417 19 .1518494E+11   3400015E-01  .4869E+02 -.1688E+02   .9999999  .0003129 -.0002357
T 4418 19 .1518231E+11   3400020E-01 -.4246E+02  .3254E+01   .9999999 -.0002971 -.0000526
T 4419 19 .1518189E+11   3400008E-01 -.1036E+03 -.4901E+02   .9999999 -.0003853 -.0003189
T 4420 19 .1518321E+11   3400016E-01 -.2746E+01 -.7667E+02   .9999998  .0000798 -.0005459
T 4421 19 .1518228E+11   3400009E-01 -.7799E+01  .9623E+01   .9999999 -.0000926  .0000121
T 4422 19 .1518366E+11   3400021E-01 -.3177E+02  .4074E+02   .9999999 -.0001911  .0001754
T 4423 19 .1518399E+11   3400013E-01  .3584E+02  .1125E+02   .9999999  .0000102  .0002703
T 4424 19 .1518260E+11   3400007E-01  .4424E+02  .3938E+01   .9999997  .0007046  .0002064
T 4425 19 .1518522E+11   3400022E-01  .6769E+01 -.3316E+02   .9999999  .0000306 -.0001655
T 4426 19 .1518055E+11   3400016E-01 -.1485E+02 -.4121E+02   .9999999 -.0000877 -.0002927
T 4427 19 .1518417E+11   3400005E-01  .3165E+02 -.4947E+02   .9999999  .0000584 -.0003331
T 4428 19 .1518334E+11   3400018E-01  .5769E+01  .7826E+01   .9999999 -.0000245  .0000924
T 4429 19 .1518309E+11   3400020E-01  .1647E+02 -.3328E+02   .9999999  .0001401 -.0001434
T 4430 19 .1518213E+11   3400017E-01  .6318E+02  .2001E+02   .9999999  .0003481  .0001274
T 4431 19 .1518354E+11   3400016E-01 -.9078E+01  .7061E+01   .9999999  .0001223  .0000933
T 4432 19 .1518165E+11   3400019E-01 -.4328E+02 -.4992E+02   .9999999 -.0000796 -.0002447
T 4433 19 .1518022E+11   3400021E-01  .5093E+02 -.1426E+03   .9999991  .0005656 -.0012112
T 4434 19 .1518107E+11   3400005E-01  .6430E+02  .5674E+01   .9999999  .0003565  .0000762
T 4435 19 .1518243E+11   3400010E-01  .3020E+02  .1810E+02   .9999999  .0001961  .0001263
T 4436 19 .1518363E+11   3400023E-01  .4393E+02  .3193E+01   .9999999  .0002983 -.0000776
T 4437 19 .1518282E+11   3400020E-01  .2325E+02  .1463E+02   .9999999  .0000596 -.0000493
T 4438 19 .1518354E+11   3400016E-01 -.2035E+02  .1159E+02   .9999999 -.0001163 -.0000742
T 4439 19 .1518268E+11   3400021E-01  .2033E+02 -.2820E+02   .9999999  .0001874  .0000290
T 4440 19 .1518073E+11   3400005E-01 -.1179E+02  .1217E+02   .9999999 -.0001632  .0001045
T 4441 19 .1518308E+11   3400021E-01 -.2594E+02 -.6148E+01   .9999999 -.0000037  .0002043
T 4442 19 .1518295E+11   3400015E-01  .2082E+01 -.1252E+02   .9999999  .0001573 -.0000001
T 4443 19 .1518060E+11   3400010E-01 -.4103E+02 -.6549E+02   .9999999 -.0002320 -.0003326
T 4444 19 .1518264E+11   3400023E-01  .6747E+01 -.8661E+02   .9999996 -.0002599 -.0008163
T 4445 19 .1518377E+11   3400001E-01 -.6119E+01 -.2116E+02   .9999999  .0001979 -.0002228
T 4446 19 .1518138E+11   3400018E-01 -.2017E+02 -.3641E+02   .9999999 -.0001788 -.0000350
T 4447 19 .1518159E+11   3400001E-01 -.3489E+02 -.8933E+01   .9999999 -.0001922 -.0000241
T 4448 19 .1518413E+11   3400002E-01  .2184E+02  .2414E+02   .9999999  .0001648  .0001480
T 4449 19 .1518273E+11   3400010E-01 -.5885E+02 -.1814E+02   .9999999 -.0004411  .0000387
T 4450 19 .1518271E+11   3400011E-01  .3609E+02  .1380E+02   .9999999  .0000798  .0002175
T 4451 19 .1518312E+11   3400014E-01 -.4100E+02  .3704E+02   .9999999 -.0001630  .0003016
T 4452 19 .1518182E+11   3400013E-01 -.1484E+01 -.3064E+02   .9999999 -.0001109 -.0003207
T 4453 19 .1518203E+11   3400021E-01  .3979E+02 -.1584E+02   .9999999  .0003288 -.0001817
T 4454 19 .1518141E+11   3400005E-01 -.5491E+02  .8905E+01   .9999999 -.0003621 -.0000496
T 4455 19 .1518408E+11   3400016E-01  .8865E+01  .2815E+02   .9999999  .0002390  .0002488
T 4456 19 .1518433E+11   3400007E-01  .3469E+02 -.2928E+01   .9999999  .0000985 -.0000626
T 4457 19 .1518229E+11   3400008E-01 -.4360E+01 -.5409E+02   .9999999 -.0000297 -.0002566
T 4458 19 .1518205E+11   3400014E-01  .1895E+02  .1650E+02   .9999999  .0001512  .0000788
T 4459 19 .1518219E+11   3400015E-01  .1634E+02 -.7450E+01   .9999999  .0000830 -.0000228
T 4460 19 .1518187E+11   3400001E-01 -.1063E+02  .2933E+02   .9999999 -.0000980  .0001213
T 4461 19 .1518100E+11   3400010E-01  .2346E+02  .1228E+02   .9999999  .0001174  .0002259
T 4462 19 .1518221E+11   3400001E-01 -.1565E+02 -.3331E+01   .9999999 -.0000970 -.0002406
T 4463 19 .1518191E+11   3400017E-01 -.1838E+02 -.2976E+02   .9999999 -.0001341 -.0001351
T 4464 19 .1518262E+11   3400014E-01 -.5822E+02 -.2532E+02   .9999999 -.0003421 -.0001126
T 4465 19 .1518369E+11   3400021E-01 -.8913E+01  .1078E+02   .9999999 -.0000557 -.0000199
T 4466 19 .1518394E+11   3400015E-01  .2406E+01  .2520E+00   .9999999 -.0000307  .0001007
T 4467 19 .1518216E+11   3400016E-01 -.1445E+02  .5333E+01   .9999999 -.0000674 -.0000949
T 4468 19 .1518392E+11   3400017E-01  .4806E+02 -.4335E+02   .9999999  .0003456 -.0004067
T 4469 19 .1518038E+11   3400006E-01  .5006E+02  .2975E+02   .9999999  .0002205  .0002885
T 4470 19 .1518238E+11   3400013E-01 -.8206E+02  .2157E+02   .9999999 -.0005287 -.0000072
T 4471 19 .1518385E+11   3400014E-01  .1436E+02 -.2364E+02   .9999999  .0001677 -.0000176
T 4472 19 .1518196E+11   3400020E-01  .5572E+01  .3274E+02   .9999999 -.0000549  .0003039
T 4473 19 .1518455E+11   3400016E-01 -.1007E+02  .2715E+02   .9999999 -.0001073  .0002006
T 4474 19 .1518186E+11   3400011E-01 -.2060E+00 -.2053E+01   .9999999 -.0000938  .0000831
T 4475 19 .1518303E+11   3400003E-01 -.1359E+02  .6711E+02   .9999999 -.0002239  .0004244
T 4476 19 .1518146E+11   3400020E-01 -.1297E+02  .2139E+02   .9999999 -.0000086  .0001772
T 4477 19 .1518289E+11   3400019E-01  .9583E+01  .7053E+01   .9999999  .0001020  .0000450
T 4478 19 .1518270E+11   3400022E-01  .1154E+02  .2071E+02   .9999999  .0001099  .0001136
T 4479 19 .1518365E+11   3400001E-01 -.6002E+02 -.1654E+02   .9999999 -.0005238 -.0000938
T 4480 19 .1518399E+11   3400016E-01  .2880E+02 -.3137E+02   .9999999  .0002486 -.0002623
T 4481 19 .1518188E+11   3400011E-01  .1430E+01 -.4466E+01   .9999999  .0000987 -.0001429
T 4482 19 .1518136E+11   3400002E-01 -.1605E+02 -.3016E+02   .9999999  .0000316 -.0001765
T 4483 19 .1518438E+11   3400005E-01  .9442E+00 -.2393E+02   .9999999 -.0001495 -.0003757
T 4484 19 .1518403E+11   3400021E-01  .1682E+03  .1955E+03   .9999996  .0004822  .0006846
T 4485 19 .1518040E+11   3400004E-01  .2702E+02 -.4768E+02   .9999999  .0003138 -.0001598
T 4486 19 .1518387E+11   3400016E-01  .2614E+02  .1092E+02   .9999999  .0002047  .0000399
T 4487 19 .1518195E+11   3400006E-01 -.2225E+01 -.6106E+01   .9999999 -.0001035 -.0001081
T 4488 19 .1518307E+11   3400009E-01 -.1170E+02 -.2050E+02   .9999999  .0000004 -.0002041
T 4489 19 .1518272E+11   3400016E-01  .3276E+02  .3039E+02   .9999999  .0002612  .0000366
T 4490 19 .1518266E+11   3400016E-01 -.1018E+02 -.8290E+00   .9999999  .0000358  .0001518
T 4491 19 .1518253E+11   3400001E-01 -.4303E+01  .2316E+01   .9999999  .0000195 -.0000321
T 4492 19 .1518301E+11   3400011E-01 -.1617E+02 -.4386E+02   .9999999 -.0001093 -.0003096
T 4493 19 .1518248E+11   3400006E-01  .8752E+01 -.3444E+02   .9999999  .0002026 -.0003019
T 4494 19 .1518125E+11   3400002E-01  .6791E+02  .1534E+02   .9999999  .0004324  .0002098
T 4495 19 .1518378E+11   3400017E-01  .2910E+02 -.2336E+01   .9999999  .0002040  .0000667
T 4496 19 .1518289E+11   3400011E-01 -.1554E+01 -.1009E+02   .9999999 -.0000976 -.0000628
T 4497 19 .1518062E+11   3400017E-01 -.2791E+02  .3048E+02   .9999999 -.0003630  .0000733
T 4498 19 .1518428E+11   3400011E-01  .6611E+02  .2101E+02   .9999999  .0004166  .0002203
T 4499 19 .1518257E+11   3400016E-01 -.2452E+02  .2543E+02   .9999999  .0001464  .0002756
T 4500 19 .1518098E+11   3400013E-01  .5460E+02 -.1867E+02   .9999999  .0003047 -.0001637
T 4501 19 .1517976E+11   3400008E-01  .7372E+01  .3327E+02   .9999999  .0000617  .0002460
T 4502 19 .1518362E+11   3400003E-01 -.2742E+02 -.3797E+01   .9999999  .0000077  .0001727
T 4503 19 .1518179E+11   3400022E-01  .3713E+02 -.1220E+02   .9999999  .0001859 -.0001152
T 4504 19 .1518160E+11   3400002E-01 -.6520E+01  .1305E+02   .9999999  .0000403  .0001666
T 4505 19 .1518280E+11   3400021E-01  .2644E+02 -.6577E+01   .9999999  .0002381 -.0001797
T 4506 19 .1518294E+11   3400013E-01 -.3193E+02 -.1319E+02   .9999999 -.0000327 -.0001523
T 4507 19 .1518141E+11   3400015E-01  .6471E+01 -.3149E+02   .9999999  .0000721 -.0001885
T 4508 19 .1518214E+11   3400006E-01 -.2283E+01  .3577E+02   .9999999 -.0000196  .0002168
T 4509 19 .1518260E+11   3400009E-01 -.1667E+02 -.1784E+02   .9999999 -.0000656 -.0000624
T 4510 19 .1518064E+11   3400022E-01  .1226E+02 -.3982E+02   .9999999 -.0000925 -.0003984
T 4511 19 .1518318E+11   3400021E-01 -.7017E+01  .1490E+02   .9999999 -.0000586  .0001378
T 4512 19 .1518359E+11   3400011E-01 -.2553E+02 -.2016E+02   .9999999 -.0000767  .0000515
T 4513 19 .1518224E+11   3400011E-01 -.1607E+02 -.2309E+02   .9999999 -.0002434 -.0001504
T 4514 19 .1518439E+11   3400021E-01 -.2803E+02  .2348E+01   .9999999 -.0001175 -.0000230
T 4515 19 .1518329E+11   3400012E-01 -.4308E+01  .4145E+02   .9999999 -.0000412  .0004700
T 4516 19 .1518206E+11   3400006E-01 -.3891E+02  .7005E+02   .9999998 -.0004325  .0005076
T 4517 19 .1518395E+11   3400022E-01 -.1062E+02 -.6014E+01   .9999999  .0000742  .0000303
T 4518 19 .1518385E+11   3400015E-01  .1932E+02  .3153E+02   .9999999  .0000573  .0002115
T 4519 19 .1518299E+11   3400003E-01 -.1486E+02  .5381E+02   .9999999 -.0000090  .0004258
T 4520 19 .1518196E+11   3400020E-01  .3464E+02  .2081E+02   .9999999  .0002031  .0001597
T 4521 19 .1518404E+11   3400010E-01 -.9720E+02  .1418E+02   .9999998 -.0005935 -.0002242
T 4522 19 .1518203E+11   3400016E-01 -.4160E+02  .7250E+01   .9999999 -.0001103  .0001239
T 4523 19 .1518306E+11   3400008E-01 -.1308E+02  .1718E+02   .9999999 -.0001786 -.0000184
T 4524 19 .1518304E+11   3400010E-01 -.7552E+01  .5673E+02   .9999999 -.0000436  .0002621
T 4525 19 .1518080E+11   3400018E-01 -.4651E+02 -.2482E+01   .9999999 -.0003700 -.0001644
T 4526 19 .1518027E+11   3400013E-01  .1836E+02 -.1581E+02   .9999999  .0000757 -.0000756
T 4527 19 .1518082E+11   3400001E-01  .1652E+02 -.4036E+02   .9999999  .0000894 -.0002109
T 4528 19 .1518027E+11   3400022E-01  .1593E+02 -.7875E+00   .9999999  .0001397  .0000492
T 4529 19 .1518401E+11   3400016E-01 -.1456E+02 -.4523E+02   .9999999 -.0000433 -.0003014
T 4530 19 .1518193E+11   3400008E-01  .9774E+01  .7189E+01   .9999999 -.0002468  .0003632
T 4531 19 .1518412E+11   3400019E-01  .3140E+02 -.1667E+02   .9999999  .0002629 -.0001395
T 4532 19 .1518123E+11   3400011E-01  .9691E+01 -.6242E+02   .9999999  .0000722 -.0002170
T 4533 19 .1518211E+11   3400016E-01  .3359E+02  .1044E+02   .9999999  .0002830  .0000208
T 4534 19 .1518371E+11   3400011E-01  .4002E+01 -.1409E+02   .9999999  .0000568 -.0000482
T 4535 19 .1518273E+11   3400000E-01 -.2590E+02  .1619E+01   .9999999 -.0002696  .0000105
T 4536 19 .1518363E+11   3400020E-01 -.3407E+02  .2219E+02   .9999999 -.0002006  .0000074
T 4537 19 .1518258E+11   3400020E-01 -.7096E+01  .4487E+02   .9999999 -.0000797  .0003055
T 4538 19 .1518608E+11   3400005E-01 -.4898E+01 -.8572E+01   .9999999 -.0001082 -.0001154
T 4539 19 .1518191E+11   3400011E-01 -.1300E+01 -.1652E+01   .9999999  .0001382 -.0001016
T 4540 19 .1518081E+11   3400017E-01 -.1498E+02  .2810E+02   .9999998 -.0004388 -.0004190
T 4541 19 .1518198E+11   3400000E-01 -.7077E+01  .3634E+02   .9999999  .0000140  .0002691
T 4542 19 .1518192E+11   3400018E-01 -.1821E+02  .3902E+02   .9999999 -.0002497  .0004169
T 4543 19 .1518237E+11   3400022E-01 -.8247E+02  .4362E+02   .9999997 -.0007151  .0003382
T 4544 19 .1518144E+11   3400017E-01  .1581E+02 -.6985E+01   .9999999 -.0000147 -.0001378
T 4545 19 .1518423E+11   3400001E-01 -.2582E+02  .4375E+01   .9999999 -.0002418 -.0000142
T 4546 19 .1518212E+11   3400019E-01 -.2637E+02 -.1149E+02   .9999999 -.0002846  .0000564
T 4547 19 .1518191E+11   3400007E-01  .2965E+02  .3885E+02   .9999999  .0002230  .0001695
T 4548 19 .1518146E+11   3400019E-01 -.2069E+02 -.3040E+02   .9999999 -.0000042 -.0001033
T 4549 19 .1518318E+11   3400017E-01  .4585E+02  .1190E+02   .9999999  .0003889  .0001083
T 4550 19 .1518290E+11   3400013E-01  .1487E+01  .9963E+01   .9999999  .0001538  .0002636
T 4551 19 .1518229E+11   3400019E-01  .6268E+01  .8175E+01   .9999999 -.0000314  .0000592
T 4552 19 .1518230E+11   3400015E-01 -.1294E+02 -.1663E+02   .9999999 -.0001421 -.0001656
T 4553 19 .1518406E+11   3400006E-01  .3074E+02 -.3261E+02   .9999999  .0002393 -.0001374
T 4554 19 .1518283E+11   3400020E-01 -.5567E+02 -.1318E+02   .9999999 -.0001792 -.0001432
T 4555 19 .1518112E+11   3400006E-01  .9187E+02  .4478E+02   .9999999  .0003504  .0002308
T 4556 19 .1518165E+11   3400017E-01  .3302E+02  .2979E+02   .9999999  .0002916  .0002068
T 4557 19 .1518412E+11   3400014E-01  .6192E+01  .5069E+01   .9999999  .0002715 -.0000546
T 4558 19 .1518202E+11   3400014E-01 -.1356E+02 -.1021E+02   .9999999 -.0001775 -.0001253
T 4559 19 .1518307E+11   3400018E-01  .3208E+02  .1308E+02   .9999999  .0002081 -.0001120
T 4560 19 .1518335E+11   3400014E-01  .5517E+02  .1251E+02   .9999999  .0003131  .0002284
T 4561 19 .1518181E+11   3400008E-01 -.1323E+02  .8243E+01   .9999999 -.0000022  .0000485
T 4562 19 .1518125E+11   3400020E-01 -.5875E+02  .8928E+02   .9999997 -.0005183  .0005142
T 4563 19 .1518421E+11   3400004E-01  .1181E+02  .1636E+02   .9999999 -.0000647  .0000548
T 4564 19 .1518564E+11   3400004E-01 -.9602E+02 -.3343E+02   .9999999 -.0003828 -.0001545
T 4565 19 .1518271E+11   3400021E-01 -.6576E+01 -.3376E+02   .9999999  .0000289 -.0001946
T 4566 19 .1518424E+11   3400015E-01 -.9473E+01  .1610E+02   .9999999 -.0000666  .0001871
T 4567 19 .1518309E+11   3400014E-01 -.3959E+02 -.3266E+02   .9999999 -.0001822 -.0002005
T 4568 19 .1518208E+11   3400011E-01 -.3191E+02  .6544E+01   .9999999 -.0002423  .0001667
T 4569 19 .1518329E+11   3400022E-01  .2016E+02 -.2833E+02   .9999999  .0000788 -.0000297
T 4570 19 .1518414E+11   3400009E-01  .7915E+02 -.3019E+01   .9999998  .0006265  .0002903
T 4571 19 .1518372E+11   3400020E-01 -.3968E+01  .2825E+02   .9999999 -.0005027  .0000345
T 4572 19 .1518318E+11   3400019E-01  .4536E+01  .5519E+01   .9999999  .0000541  .0001599
T 4573 19 .1518088E+11   3400000E-01 -.1941E+02 -.4990E+02   .9999999 -.0000697 -.0001940
T 4574 19 .1518331E+11   3400022E-01  .4843E+02 -.1893E+02   .9999999  .0001549 -.0000624
T 4575 19 .1518261E+11   3400018E-01 -.1515E+02 -.6750E+02   .9999996 -.0004053 -.0007825
T 4576 19 .1518285E+11   3400012E-01  .2048E+02 -.2462E+02   .9999999  .0001509 -.0002241
T 4577 19 .1518106E+11   3400001E-01 -.7099E+01  .8224E+01   .9999999 -.0000582  .0000700
T 4578 19 .1518391E+11   3400022E-01 -.3951E+02 -.7906E+01   .9999999 -.0001734 -.0002355
T 4579 19 .1518120E+11   3400013E-01  .7886E+01  .1661E+02   .9999999  .0000097  .0001223
T 4580 19 .1518134E+11   3400001E-01 -.1902E+02  .6224E+02   .9999999 -.0001658  .0004003
T 4581 19 .1518340E+11   3400010E-01 -.1858E+02 -.1491E+02   .9999999 -.0001132 -.0000020
T 4582 19 .1518435E+11   3400001E-01  .2301E+02 -.2477E+02   .9999999  .0002379 -.0001029
T 4583 19 .1518499E+11   3400021E-01  .1043E+02 -.2496E+02   .9999999  .0000304 -.0004737
T 4584 19 .1518160E+11   3400015E-01 -.1411E+02 -.3941E+02   .9999997 -.0007008 -.0002965
T 4585 19 .1518302E+11   3400013E-01 -.5671E+01  .1748E+01   .9999999 -.0001358  .0001479
T 4586 19 .1518426E+11   3400014E-01 -.4935E+02  .2215E+02   .9999999 -.0000687  .0001623
T 4587 19 .1518203E+11   3400002E-01 -.3575E+01 -.3871E+02   .9999999 -.0001118 -.0002692
T 4588 19 .1518294E+11   3400008E-01  .6859E+01 -.6662E+02   .9999999 -.0001142 -.0002805
T 4589 19 .1518397E+11   3400010E-01 -.9704E+01 -.4409E+02   .9999999  .0000302 -.0003320
T 4590 19 .1518305E+11   3400014E-01  .8154E+01  .8125E+01   .9999999  .0002271  .0000761
T 4591 19 .1518271E+11   3400018E-01  .8416E+01  .3604E+01   .9999999  .0000271 -.0000521
T 4592 19 .1518262E+11   3400012E-01  .1259E+02  .1788E+02   .9999999  .0003348  .0000726
T 4593 19 .1518231E+11   3400017E-01  .1386E+02  .2310E+02   .9999999  .0000940  .0001176
T 4594 19 .1518133E+11   3400013E-01 -.7148E+01  .2788E+02   .9999999 -.0000127  .0002051
T 4595 19 .1518339E+11   3400020E-01 -.4999E+01 -.2506E+02   .9999999  .0000109 -.0002422
T 4596 19 .1517971E+11   3400007E-01 -.2222E+02 -.1098E+02   .9999999 -.0001785 -.0000302
T 4597 19 .1518076E+11   3400003E-01  .5831E+01  .2094E+02   .9999999 -.0000924  .0002428
T 4598 19 .1518363E+11   3400009E-01  .1869E+03 -.2934E+02   .9999937  .0033182 -.0012809
T 4599 19 .1518275E+11   3400006E-01  .2505E+02 -.2508E+02   .9999999  .0003025 -.0002094
T 4600 19 .1518064E+11   3400005E-01 -.2359E+02 -.2931E+02   .9999999 -.0001564 -.0001627
T 4601 19 .1518215E+11   3400017E-01  .3633E+02  .7347E+01   .9999999  .0000331 -.0001988
T 4602 19 .1518005E+11   3400009E-01 -.2751E+01 -.1679E+02   .9999999 -.0000300 -.0001101
T 4603 19 .1518228E+11   3400018E-01 -.3206E+02 -.6171E+02   .9999999 -.0001921 -.0004128
T 4604 19 .1518447E+11   3400007E-01 -.2675E+02  .3798E+02   .9999998 -.0003716  .0005156
T 4605 19 .1518105E+11   3400021E-01 -.1048E+02 -.1950E+02   .9999999 -.0000374  .0000271
T 4606 19 .1518117E+11   3400021E-01 -.3386E+02 -.6873E+01   .9999999 -.0002094 -.0002451
T 4607 19 .1518291E+11   3400008E-01  .2055E+02  .3336E+02   .9999999 -.0001374  .0004130
T 4608 19 .1518439E+11   3400017E-01  .1967E+02  .5287E+02   .9999999  .0002327  .0002021
T 4609 19 .1517984E+11   3400004E-01  .1244E+01 -.2464E+02   .9999999  .0000801  .0000240
T 4610 19 .1518256E+11   3400004E-01  .3491E+02 -.5763E+01   .9999999  .0002453  .0000986
T 4611 19 .1518198E+11   3400013E-01 -.3277E+02 -.1603E+02   .9999999 -.0000626 -.0001909
T 4612 19 .1518324E+11   3400001E-01 -.4076E+02 -.1037E+02   .9999999 -.0001771 -.0002317
T 4613 19 .1518300E+11   3400000E-01  .3057E+01  .2919E+02   .9999999  .0001181  .0000456
T 4614 19 .1518155E+11   3400014E-01  .2796E+02  .4704E+02   .9999999  .0002894  .0002824
T 4615 19 .1518124E+11   3400009E-01  .5888E+02  .1179E+02   .9999999  .0004180  .0002107
T 4616 19 .1518388E+11   3400022E-01 -.1338E+01 -.1019E+01   .9999999 -.0000588 -.0000251
T 4617 19 .1518463E+11   3400012E-01 -.1087E+01  .4323E+02   .9999999  .0000949  .0002274
T 4618 19 .1518283E+11   3400005E-01  .5504E+02 -.2507E+02   .9999997  .0007351 -.0001755
T 4619 19 .1518139E+11   3400019E-01 -.7816E+01 -.4649E+01   .9999999 -.0000602  .0000314
T 4620 19 .1518168E+11   3400020E-01  .3056E+02 -.7692E+01   .9999999  .0002757 -.0002299
T 4621 19 .1518295E+11   3400010E-01 -.6705E+01  .1139E+01   .9999999  .0000382 -.0000550
T 4622 19 .1518309E+11   3400022E-01 -.5476E+01  .2014E+01   .9999999  .0001485  .0000387
T 4623 19 .1518474E+11   3400019E-01 -.4396E+02 -.6457E+01   .9999999 -.0003877  .0000787
T 4624 19 .1518267E+11   3400001E-01  .3193E+02  .1130E+02   .9999999  .0000431  .0000798
T 4625 19 .1518383E+11   3400001E-01  .1436E+02  .3188E+02   .9999999 -.0000941  .0003643
T 4626 19 .1518341E+11   3400017E-01 -.2485E+02 -.3728E+02   .9999999 -.0002646 -.0002148
T 4627 19 .1518244E+11   3400005E-01  .4634E+01  .5222E+02   .9999999  .0000764  .0003051
T 4628 19 .1518316E+11   3400005E-01 -.1773E+02 -.4039E+01   .9999999 -.0000578  .0000745
T 4629 19 .1518244E+11   3400016E-01 -.5963E+01 -.5437E+01   .9999998 -.0005774 -.0001062
T 4630 19 .1518312E+11   3400023E-01 -.1431E+02  .3437E+01   .9999999  .0001097  .0002147
T 4631 19 .1518332E+11   3400018E-01 -.2689E+02 -.2582E+02   .9999999 -.0002752 -.0003524
T 4632 19 .1518348E+11   3400001E-01 -.3578E+02  .2447E+02   .9999999 -.0002393  .0000606
T 4633 19 .1518213E+11   3400014E-01  .9050E+01  .9394E+00   .9999999 -.0000074 -.0001079
T 4634 19 .1518181E+11   3400020E-01  .2157E+02  .1926E+02   .9999999  .0002754  .0000915
T 4635 19 .1518313E+11   3400007E-01  .3329E+02  .1515E+02   .9999999  .0002141 -.0000756
T 4636 19 .1518107E+11   3400012E-01  .2755E+02 -.2725E+02   .9999999  .0002095 -.0001812
T 4637 19 .1518334E+11   3400013E-01  .2378E+02 -.4357E+02   .9999999  .0002309 -.0003571
T 4638 19 .1518319E+11   3400019E-01  .7585E+02 -.2054E+02   .9999999  .0004073 -.0001235
T 4639 19 .1518520E+11   3400020E-01 -.2817E+02  .2732E+02   .9999999 -.0001700  .0002453
T 4640 19 .1518111E+11   3400009E-01  .3007E+02  .3589E+02   .9999999  .0001364  .0003465
T 4641 19 .1518299E+11   3400023E-01 -.6108E+02 -.2811E+02   .9999997 -.0007213 -.0002845
T 4642 19 .1518167E+11   3400020E-01 -.3876E+02 -.3307E+02   .9999999 -.0003590 -.0000988
T 4643 19 .1518260E+11   3400013E-01 -.1127E+02  .1113E+03   .9999997 -.0001348  .0007737
T 4644 19 .1518219E+11   3400007E-01  .9339E+01  .1128E+03   .9999998  .0001471  .0006312
T 4645 19 .1518083E+11   3400012E-01 -.4682E+00 -.1180E+02   .9999999  .0001032 -.0000296
T 4646 19 .1518129E+11   3400019E-01 -.1982E+02  .9112E+01   .9999999 -.0001965  .0001178
T 4647 19 .1518332E+11   3400022E-01  .1035E+02 -.1697E+02   .9999999  .0000036 -.0000109
T 4648 19 .1518257E+11   3400016E-01  .5684E+01 -.6478E+02   .9999996  .0003690 -.0008715
T 4649 19 .1518242E+11   3400016E-01  .5156E+02  .1084E+02   .9999999  .0004362  .0002251
T 4650 19 .1518330E+11   3400009E-01  .1843E+02  .1301E+02   .9999999 -.0001295  .0003575
T 4651 19 .1518364E+11   3400018E-01  .1509E+03 -.5560E+02   .9999996  .0008345 -.0003957
T 4652 19 .1518202E+11   3400021E-01 -.7151E+01  .1252E+02   .9999999 -.0000241  .0000371
T 4653 19 .1518285E+11   3400009E-01 -.3152E+01 -.2733E+02   .9999999  .0000535 -.0000318
T 4654 19 .1518329E+11   3400014E-01  .4467E+02 -.6262E+02   .9999999  .0002073 -.0003820
T 4655 19 .1518279E+11   3400016E-01  .2702E+02 -.7641E+01   .9999999  .0003114  .0000943
T 4656 19 .1518163E+11   3400014E-01 -.3090E+02 -.1784E+02   .9999999 -.0003411 -.0002278
T 4657 19 .1518362E+11   3400021E-01  .7569E+02 -.5982E+02   .9999998  .0005825 -.0003125
T 4658 19 .1518055E+11   3400016E-01 -.2939E+01  .1072E+03   .9999997 -.0000231  .0008108
T 4659 19 .1518261E+11   3400005E-01  .2103E+02 -.2926E+01   .9999999  .0002496  .0000907
T 4660 19 .1518336E+11   3400014E-01 -.3315E+02 -.2144E+02   .9999998 -.0000229 -.0006770
T 4661 19 .1518266E+11   3400019E-01 -.4286E+01  .2442E+02   .9999999 -.0000881  .0002367
T 4662 19 .1518462E+11   3400020E-01  .2523E+02  .7221E+02   .9999999  .0002802  .0004020
T 4663 19 .1518074E+11   3400022E-01  .3179E+02 -.6460E+02   .9999995  .0005122 -.0008984
T 4664 19 .1518276E+11   3400015E-01 -.2199E+02  .5293E+02   .9999999 -.0002137  .0001581
T 4665 19 .1518101E+11   3400012E-01  .3671E+02 -.2373E+02   .9999999  .0000188 -.0001820
T 4666 19 .1518321E+11   3400020E-01 -.5058E+01  .1458E+02   .9999999 -.0000591  .0000576
T 4667 19 .1518181E+11   3400021E-01 -.1845E+02  .1273E+02   .9999999  .0000953  .0000961
T 4668 19 .1518407E+11   3400000E-01 -.2163E+02  .2038E+02   .9999999 -.0001388 -.0001441
T 4669 19 .1518296E+11   3400008E-01 -.1840E+02 -.1005E+02   .9999999 -.0000092 -.0001777
T 4670 19 .1518098E+11   3400019E-01  .4870E+02  .2635E+02   .9999999  .0004252  .0000114
T 4671 19 .1518208E+11   3400017E-01 -.5198E+02 -.3782E+02   .9999999 -.0004141 -.0001336
T 4672 19 .1518111E+11   3400006E-01 -.1736E+02  .4375E+02   .9999999 -.0001104  .0001726
T 4673 19 .1518455E+11   3400015E-01 -.3482E+02  .2846E+02   .9999999 -.0003564  .0000542
T 4674 19 .1518515E+11   3400019E-01 -.7165E+01  .3464E+02   .9999999 -.0001257  .0003918
T 4675 19 .1518247E+11   3400011E-01 -.4082E+01  .4970E+01   .9999999  .0000156  .0004067
T 4676 19 .1518564E+11   3400014E-01  .4449E+02 -.2854E+02   .9999999  .0003270  .0000721
T 4677 19 .1518436E+11   3400008E-01 -.1120E+02  .4434E+02   .9999999 -.0001320  .0002316
T 4678 19 .1518401E+11   3400019E-01 -.5034E+01 -.1708E+02   .9999999  .0001273 -.0000953
T 4679 19 .1518144E+11   3400022E-01  .2089E+01  .1264E+02   .9999999  .0000084  .0001690
T 4680 19 .1518160E+11   3400000E-01 -.2390E+01  .1645E+02   .9999999  .0002116  .0002785
T 4681 19 .1518430E+11   3400012E-01 -.1281E+02 -.2241E+02   .9999999 -.0001053 -.0001427
T 4682 19 .1518284E+11   3400008E-01  .4459E+02 -.1547E+01   .9999999  .0003165 -.0000007
T 4683 19 .1518534E+11   3400008E-01  .7861E+01  .6953E+01   .9999999  .0001175  .0000651
T 4684 19 .1518315E+11   3400022E-01  .4304E+01 -.1420E+01   .9999999  .0000654  .0002227
T 4685 19 .1518101E+11   3400017E-01 -.1852E+02  .5052E+02   .9999999 -.0001400  .0003544
T 4686 19 .1518168E+11   3400015E-01 -.7457E+01 -.2082E+02   .9999999 -.0000221 -.0002229
T 4687 19 .1518326E+11   3400009E-01  .1584E+02  .2806E+01   .9999999  .0000874  .0000994
T 4688 19 .1518120E+11   3400001E-01 -.1951E+02  .2056E+02   .9999999  .0000729  .0004361
T 4689 19 .1518312E+11   3400003E-01  .1203E+03  .2286E+02   .9999998  .0006264  .0002031
T 4690 19 .1518184E+11   3400020E-01  .5520E+02  .1729E+02   .9999999  .0003965 -.0002054
T 4691 19 .1518340E+11   3400014E-01  .1454E+02  .4394E+02   .9999999  .0002231  .0000498
T 4692 19 .1518434E+11   3400014E-01  .6173E+02  .3678E+02   .9999999  .0002077  .0002720
T 4693 19 .1518037E+11   3400002E-01 -.4710E+02 -.1704E+01   .9999999 -.0001266 -.0000651
T 4694 19 .1518323E+11   3400022E-01 -.7837E+01 -.1997E+01   .9999999  .0000225 -.0001428
T 4695 19 .1518226E+11   3400011E-01 -.1178E+02 -.1203E+02   .9999999 -.0000412  .0000806
T 4696 19 .1517976E+11   3400004E-01  .1083E+02  .1298E+02   .9999999  .0000474 -.0000412
T 4697 19 .1518324E+11   3400017E-01 -.8348E+00 -.4088E+02   .9999999 -.0001004 -.0001770
T 4698 19 .1518257E+11   3400008E-01 -.2600E+01  .5077E+02   .9999999 -.0000270  .0005121
T 4699 19 .1518322E+11   3400018E-01  .9176E+00  .1918E+02   .9999999 -.0001218 -.0001935
T 4700 19 .1518134E+11   3400022E-01  .5719E+01 -.2086E+02   .9999999 -.0000413 -.0002112
T 4701 19 .1518459E+11   3400019E-01  .1180E+02  .5210E+02   .9999999  .0001742  .0001703
T 4702 19 .1518242E+11   3400022E-01  .2206E+02 -.2082E+02   .9999999  .0001695 -.0000064
T 4703 19 .1518436E+11   3400004E-01  .2683E+02 -.3096E+01   .9999999  .0004418 -.0001364
T 4704 19 .1518359E+11   3400018E-01 -.3574E+02 -.1359E+02   .9999999 -.0003362 -.0001750
T 4705 19 .1518360E+11   3400014E-01 -.1461E+02  .3117E+02   .9999999  .0000909  .0001923
T 4706 19 .1518294E+11   3400016E-01 -.1881E+01 -.2730E+02   .9999999 -.0001214 -.0001875
T 4707 19 .1518345E+11   3400010E-01  .4714E+00  .1224E+02   .9999999 -.0000213  .0000029
T 4708 19 .1518314E+11   3400021E-01 -.2296E+02 -.1823E+02   .9999999 -.0002114 -.0001265
T 4709 19 .1518238E+11   3400019E-01 -.2026E+02 -.2262E+02   .9999999 -.0001377 -.0001558
T 4710 19 .1518304E+11   3400001E-01  .5702E+01 -.1537E+02   .9999999  .0004437 -.0001887
T 4711 19 .1518290E+11   3400001E-01  .3146E+01  .2108E+02   .9999999 -.0000041  .0000969
T 4712 19 .1518494E+11   3400018E-01 -.4542E+01  .3260E+02   .9999999 -.0000166  .0001661
T 4713 19 .1518318E+11   3400008E-01 -.4495E+01  .3151E+01   .9999999  .0001233 -.0000104
T 4714 19 .1518302E+11   3400018E-01 -.9401E+01  .1213E+02   .9999999 -.0001013  .0001926
T 4715 19 .1518291E+11   3400000E-01  .2517E+02 -.1669E+02   .9999999 -.0000057 -.0001758
T 4716 19 .1518410E+11   3400022E-01 -.1314E+02  .6682E+01   .9999999  .0000179  .0000673
T 4717 19 .1518208E+11   3400023E-01 -.3240E+02 -.1290E+02   .9999999 -.0002902  .0001497
T 4718 19 .1518106E+11   3400002E-01  .3885E+01  .3391E+01   .9999999  .0000237 -.0000265
T 4719 19 .1518223E+11   3400007E-01  .8830E+01 -.3931E+01   .9999999  .0001093  .0000955
T 4720 19 .1518341E+11   3400022E-01  .2574E+02 -.6882E+02   .9999998 -.0002421 -.0006527
T 4721 19 .1518377E+11   3400015E-01  .1103E+01 -.2588E+02   .9999999 -.0000472 -.0001822
T 4722 19 .1518200E+11   3400004E-01  .8864E+02 -.1461E+02   .9999998  .0005864 -.0003006
T 4723 19 .1518316E+11   3400015E-01 -.1451E+02 -.2571E+02   .9999999  .0000581 -.0001853
T 4724 19 .1518311E+11   3400021E-01 -.3711E+02 -.4074E+02   .9999999 -.0000263 -.0001753
T 4725 19 .1518158E+11   3400015E-01  .6898E+02 -.5187E+02   .9999999  .0002609 -.0002383
T 4726 19 .1518123E+11   3400018E-01  .3809E+02  .4257E+02   .9999999  .0002245  .0003552
T 4727 19 .1518275E+11   3400021E-01 -.3624E+01 -.1193E+02   .9999999 -.0000587 -.0001105
T 4728 19 .1518136E+11   3400018E-01 -.2004E+02 -.3199E+02   .9999999 -.0000121 -.0002989
T 4729 19 .1518199E+11   3400005E-01  .5048E+02 -.7187E+01   .9999999  .0002458 -.0001492
T 4730 19 .1518141E+11   3400008E-01 -.5842E+01  .2572E+02   .9999999 -.0000286  .0001253
T 4731 19 .1518111E+11   3400001E-01  .2198E+02  .2351E+02   .9999999 -.0000304  .0001804
T 4732 19 .1518181E+11   3400004E-01 -.4803E+02  .1412E+02   .9999999 -.0000320 -.0000903
T 4733 19 .1518401E+11   3400012E-01 -.4574E+01 -.2035E+02   .9999999 -.0001993 -.0001329
T 4734 19 .1518202E+11   3400015E-01 -.5780E+02  .1078E+02   .9999998 -.0006050 -.0000046
T 4735 19 .1518124E+11   3400005E-01  .6586E+01  .1635E+00   .9999999  .0000715 -.0000689
T 4736 19 .1518177E+11   3400007E-01 -.3821E+02 -.6941E+01   .9999999 -.0002592 -.0001015
T 4737 19 .1518304E+11   3400017E-01  .1422E+03  .1153E+03   .9999983  .0013511  .0012239
T 4738 19 .1518304E+11   3400003E-01  .3895E+00 -.6301E+01   .9999999 -.0000366  .0000084
T 4739 19 .1518500E+11   3400020E-01 -.9320E+02 -.1211E+03   .9999994 -.0005489 -.0009779
T 4740 19 .1518092E+11   3400004E-01 -.1206E+02  .1614E+02   .9999999 -.0000220  .0000313
T 4741 19 .1518178E+11   3400003E-01  .1887E+02  .3274E+02   .9999999  .0000868  .0002039
T 4742 19 .1518446E+11   3400001E-01 -.1446E+02  .3667E+02   .9999999 -.0000002  .0001430
T 4743 19 .1518253E+11   3400013E-01 -.6623E+01  .5630E+00   .9999999  .0000184  .0004032
T 4744 19 .1518322E+11   3400021E-01  .1947E+02 -.6134E+02   .9999999  .0003506 -.0002901
T 4745 19 .1518286E+11   3400021E-01  .1151E+02  .2367E+01   .9999999  .0000262 -.0000751
T 4746 19 .1518221E+11   3400021E-01 -.1867E+02 -.2535E+02   .9999999 -.0001877 -.0001070
T 4747 19 .1518298E+11   3400018E-01 -.3177E+02 -.1270E+02   .9999999 -.0002791 -.0001048
T 4748 19 .1518467E+11   3400015E-01  .6859E+01 -.5690E+02   .9999999  .0003161  .0001236
T 4749 19 .1518048E+11   3400021E-01  .8791E+01 -.6609E+01   .9999999  .0002234  .0000057
T 4750 19 .1518345E+11   3400014E-01  .3793E+02 -.3061E+02   .9999999  .0002196 -.0003815
T 4751 19 .1518547E+11   3400018E-01 -.8871E+01  .1559E+02   .9999999  .0000946  .0000906
T 4752 19 .1518432E+11   3400005E-01  .1694E+02 -.2111E+02   .9999999  .0001241 -.0001074
T 4753 19 .1518355E+11   3400019E-01 -.3188E+01 -.2200E+02   .9999999 -.0000776  .0000199
T 4754 19 .1518279E+11   3400020E-01  .5102E+02 -.7602E+02   .9999999  .0002285 -.0002654
T 4755 19 .1518489E+11   3400009E-01  .7603E+01 -.4383E+02   .9999999  .0000138 -.0004516
T 4756 19 .1518152E+11   3400020E-01  .3431E+02  .3144E+02   .9999999  .0001469  .0001339
T 4757 19 .1518215E+11   3400021E-01 -.4172E+02 -.4330E+02   .9999999 -.0002579 -.0003154
T 4758 19 .1518235E+11   3400016E-01 -.1574E+02  .9757E+02   .9999998 -.0001741  .0006821
T 4759 19 .1518100E+11   3400002E-01 -.4939E+02  .4585E+02   .9999999 -.0002238  .0002485
T 4760 19 .1518291E+11   3400004E-01  .8378E+01  .2373E+02   .9999999  .0000541  .0000572
T 4761 19 .1518331E+11   3400017E-01  .1489E+02  .2143E+02   .9999999  .0001780  .0002927
T 4762 19 .1518317E+11   3400000E-01  .2206E-01 -.1518E+02   .9999999 -.0000437 -.0001620
T 4763 19 .1518427E+11   3400006E-01  .2526E+02  .7182E+01   .9999999  .0000919  .0000100
T 4764 19 .1518205E+11   3400017E-01 -.3801E+02 -.5868E+02   .9999999 -.0002362 -.0003123
T 4765 19 .1518248E+11   3400006E-01 -.4251E+02 -.1883E+02   .9999999 -.0003710 -.0001496
T 4766 19 .1518276E+11   3400008E-01 -.4359E+02  .1552E+02   .9999999 -.0001714 -.0002853
T 4767 19 .1518323E+11   3400018E-01 -.1389E+02 -.5795E+02   .9999999 -.0000964 -.0004921
T 4768 19 .1518185E+11   3400007E-01  .1510E+02  .7091E+01   .9999999  .0003103  .0002596
T 4769 19 .1518222E+11   3400003E-01 -.5874E+02  .4776E+01   .9999999 -.0003688 -.0000988
T 4770 19 .1518318E+11   3400013E-01 -.6281E+01 -.3724E+02   .9999999 -.0001156 -.0004070
T 4771 19 .1518096E+11   3400018E-01  .2298E+02  .2932E+02   .9999999  .0002372  .0000139
T 4772 19 .1518197E+11   3400020E-01 -.1579E+02 -.1157E+02   .9999999 -.0001628 -.0000437
T 4773 19 .1518299E+11   3400008E-01 -.3578E+02 -.7588E+02   .9999997 -.0004031 -.0006321
T 4774 19 .1518215E+11   3400001E-01 -.6898E+01 -.7869E+01   .9999999 -.0000629 -.0000246
T 4775 19 .1518356E+11   3400004E-01  .1918E+02 -.1421E+02   .9999999  .0001802 -.0000812
T 4776 19 .1518230E+11   3400003E-01  .1372E+02  .1128E+02   .9999999 -.0001217  .0001913
T 4777 19 .1518222E+11   3400007E-01 -.3280E+02 -.3940E+02   .9999999 -.0001996 -.0001416
T 4778 19 .1518212E+11   3400006E-01 -.1764E+01 -.2705E+02   .9999999 -.0001267 -.0001674
T 4779 19 .1518291E+11   3400022E-01 -.1954E+02  .6927E-04   .9999999 -.0000397 -.0001179
T 4780 19 .1518219E+11   3400016E-01 -.3385E+02  .3578E+02   .9999998 -.0003848  .0004518
T 4781 19 .1518190E+11   3400020E-01 -.7906E+01  .3363E+02   .9999999  .0000820  .0002216
T 4782 19 .1518216E+11   3400010E-01  .1800E+02 -.2472E+02   .9999999  .0000512 -.0001348
T 4783 19 .1518248E+11   3400021E-01 -.6054E+01  .3187E+02   .9999999 -.0001275  .0002939
T 4784 19 .1518176E+11   3400018E-01  .2300E+02  .5469E+01   .9999999  .0000796 -.0000868
T 4785 19 .1518064E+11   3400018E-01 -.6866E+01 -.2948E+02   .9999999  .0000460 -.0001326
T 4786 19 .1518351E+11   3400012E-01 -.3287E+02 -.2607E+02   .9999999 -.0003239 -.0002429
T 4787 19 .1518181E+11   3400009E-01  .1131E+02  .4876E+00   .9999999  .0001813 -.0000641
T 4788 19 .1518421E+11   3400008E-01  .1283E+01 -.7694E+01   .9999999  .0000015 -.0001461
T 4789 19 .1518256E+11   3400018E-01 -.3219E+02  .2334E+02   .9999999 -.0000037  .0002234
T 4790 19 .1518212E+11   3400002E-01 -.9820E+01 -.1691E+02   .9999999  .0000277 -.0000014
T 4791 19 .1518276E+11   3400009E-01 -.4266E+02  .1406E+02   .9999999 -.0001442  .0000686
T 4792 19 .1518376E+11   3400010E-01 -.1874E+02 -.2980E+02   .9999999 -.0002636 -.0003345
T 4793 19 .1518056E+11   3400006E-01 -.1407E+02 -.1300E+02   .9999999 -.0001121 -.0000851
T 4794 19 .1518197E+11   3400017E-01 -.6074E+00 -.2819E+02   .9999999 -.0003005 -.0000107
T 4795 19 .1518500E+11   3400009E-01 -.1462E+02 -.1240E+02   .9999998 -.0001349  .0005330
T 4796 19 .1518175E+11   3400015E-01 -.5173E+02 -.2963E+02   .9999999 -.0005048 -.0001294
T 4797 19 .1518242E+11   3400022E-01 -.4240E+01 -.6183E+02   .9999999 -.0000503 -.0003113
T 4798 19 .1518303E+11   3400016E-01  .3557E+02  .4084E+02   .9999999  .0001167  .0002337
T 4799 19 .1518289E+11   3400011E-01 -.1918E+02 -.2825E+02   .9999999 -.0001171 -.0003271
T 4800 19 .1518322E+11   3400005E-01  .3750E+02  .1058E+02   .9999999  .0001764 -.0000482
T 4801 19 .1518416E+11   3400006E-01 -.2081E+01 -.1909E+02   .9999999 -.0001138 -.0001746
T 4802 19 .1518291E+11   3400004E-01 -.2865E+02 -.9570E+01   .9999999 -.0001970 -.0000976
T 4803 19 .1518318E+11   3400012E-01 -.1196E+02 -.2266E+02   .9999999 -.0001792  .0001539
T 4804 19 .1518363E+11   3400010E-01 -.4663E+02 -.1734E+02   .9999999 -.0002480 -.0000792
T 4805 19 .1518187E+11   3400023E-01  .6740E+02  .1389E+02   .9999998  .0005237  .0001877
T 4806 19 .1518392E+11   3400003E-01 -.3473E+02  .7754E+01   .9999999 -.0003934  .0001181
T 4807 19 .1518346E+11   3400021E-01 -.2053E+02  .4782E+01   .9999999 -.0001587  .0000060
T 4808 19 .1518216E+11   3400013E-01  .3206E+02 -.1216E+02   .9999999 -.0001619  .0000383
T 4809 19 .1518284E+11   3400018E-01 -.1396E+01 -.4897E+02   .9999999  .0001034 -.0002692
T 4810 19 .1518447E+11   3400004E-01  .4231E+01  .1678E+02   .9999999 -.0000250  .0002448
T 4811 19 .1518349E+11   3400022E-01  .1239E+02 -.2569E+02   .9999999  .0002773  .0001479
T 4812 19 .1518252E+11   3400012E-01  .4422E+02  .9399E+01   .9999999  .0002435  .0000605
T 4813 19 .1518196E+11   3400005E-01 -.1797E+02 -.5134E+02   .9999999 -.0002183 -.0001985
T 4814 19 .1518277E+11   3400023E-01 -.3077E+02 -.1875E+02   .9999999 -.0002179 -.0000382
T 4815 19 .1518124E+11   3400009E-01 -.1980E+02 -.5285E+02   .9999999 -.0001563 -.0003695
T 4816 19 .1518344E+11   3400017E-01  .7684E+01 -.4335E+01   .9999999  .0000670 -.0000245
T 4817 19 .1518050E+11   3400020E-01 -.4655E+02 -.3060E+02   .9999999 -.0002404 -.0001610
T 4818 19 .1518271E+11   3400016E-01 -.1753E+01 -.2815E+02   .9999999 -.0000258 -.0003350
T 4819 19 .1518160E+11   3400023E-01  .3442E+02 -.2268E+02   .9999999  .0003894 -.0001102
T 4820 19 .1518258E+11   3400013E-01 -.6211E+01 -.1502E+02   .9999999 -.0000282 -.0001847
T 4821 19 .1518318E+11   3400008E-01 -.1229E+02  .4969E+01   .9999999  .0001113  .0001587
T 4822 19 .1518205E+11   3400022E-01  .3357E+02  .3009E+01   .9999999  .0002305 -.0000122
T 4823 19 .1518346E+11   3400016E-01  .2154E+02 -.3908E+02   .9999999  .0002870 -.0000756
T 4824 19 .1518169E+11   3400014E-01  .1961E+02  .5514E+02   .9999999 -.0000125  .0003196
T 4825 19 .1518388E+11   3400003E-01  .7375E+01  .3476E+02   .9999999  .0001605  .0002662
T 4826 19 .1518295E+11   3400010E-01 -.3116E+02 -.1971E+02   .9999999 -.0002384 -.0000744
T 4827 19 .1518073E+11   3400013E-01 -.3090E+02  .4506E+02   .9999999 -.0003047  .0002379
T 4828 19 .1518314E+11   3400023E-01  .1703E+02 -.2656E+02   .9999999  .0000856 -.0001959
T 4829 19 .1518181E+11   3400023E-01 -.2208E+02 -.4017E+02   .9999999 -.0001008 -.0002650
T 4830 19 .1518172E+11   3400020E-01 -.3355E+02  .2786E+02   .9999999 -.0001814  .0002435
T 4831 19 .1518345E+11   3400012E-01  .6651E+01  .6069E+02   .9999999 -.0000182  .0004389
T 4832 19 .1518171E+11   3400018E-01  .3754E+02 -.1102E+02   .9999999  .0002023  .0000041
T 4833 19 .1518320E+11   3400002E-01 -.3319E+02 -.3672E+02   .9999999 -.0003437 -.0001197
T 4834 19 .1518476E+11   3400001E-01 -.8128E+01  .1394E+02   .9999999  .0000109  .0001229
T 4835 19 .1518340E+11   3400009E-01 -.1855E+02  .1376E+02   .9999999 -.0000506  .0004508
T 4836 19 .1518178E+11   3400006E-01  .4552E+02 -.3439E+02   .9999997  .0004181 -.0006167
T 4837 19 .1518267E+11   3400021E-01 -.1557E+02 -.1996E+02   .9999999  .0000670 -.0002337
T 4838 19 .1518083E+11   3400021E-01  .1917E+02  .5064E+02   .9999999  .0000454  .0004005
T 4839 19 .1518239E+11   3400018E-01 -.2969E+02 -.4401E+01   .9999999 -.0000873  .0000791
T 4840 19 .1518330E+11   3400014E-01 -.2823E+02 -.5446E+02   .9999999 -.0001703 -.0002921
T 4841 19 .1518248E+11   3400020E-01 -.2994E+02 -.1305E+01   .9999999 -.0000997 -.0000186
T 4842 19 .1518301E+11   3400003E-01 -.3880E+01 -.1343E+02   .9999999 -.0002079 -.0001158
T 4843 19 .1518358E+11   3400018E-01  .1808E+02 -.4651E+02   .9999999 -.0000034 -.0003905
T 4844 19 .1518295E+11   3400006E-01 -.3081E+02 -.2519E+02   .9999999 -.0004099 -.0000848
T 4845 19 .1518168E+11   3400011E-01 -.1224E+02 -.6180E+01   .9999999 -.0002366 -.0001154
T 4846 19 .1518202E+11   3400017E-01  .9853E+01 -.9232E+02   .9999997 -.0000239 -.0008168
T 4847 19 .1518341E+11   3400017E-01 -.5946E+01  .3366E+02   .9999999 -.0000839  .0001452
T 4848 19 .1518060E+11   3400007E-01  .2268E+02  .1844E+02   .9999999  .0001911  .0000903
T 4849 19 .1518451E+11   3400018E-01 -.4528E+02 -.5421E+02   .9999999 -.0002387 -.0004797
T 4850 19 .1518290E+11   3400005E-01  .7883E+01 -.5077E+01   .9999999  .0001575 -.0000080
T 4851 19 .1518008E+11   3400001E-01  .4197E+02  .7900E+01   .9999999  .0004652 -.0000163
T 4852 19 .1518143E+11   3400004E-01  .3159E+02  .4305E+02   .9999999 -.0000046  .0002648
T 4853 19 .1518158E+11   3400009E-01  .2517E+02  .2698E+02   .9999999 -.0001388  .0000847
T 4854 19 .1518372E+11   3400019E-01  .7717E+00 -.4109E+02   .9999999  .0000458 -.0002316
T 4855 19 .1518266E+11   3400001E-01  .1467E+03 -.8518E+02   .9999996  .0007026 -.0004876
T 4856 19 .1518465E+11   3400011E-01 -.8196E+01  .7667E+01   .9999999 -.0000246  .0000011
T 4857 19 .1518229E+11   3400012E-01 -.4618E+02 -.7973E+01   .9999999 -.0003849 -.0000525
T 4858 19 .1518321E+11   3400010E-01 -.9331E+00  .1759E+02   .9999999 -.0002101 -.0000326
T 4859 19 .1518315E+11   3400021E-01  .1925E+02  .7510E+01   .9999999  .0001096  .0000536
T 4860 19 .1518376E+11   3400009E-01 -.2742E+02 -.5524E+01   .9999999 -.0002761 -.0000858
T 4861 19 .1518264E+11   3400006E-01  .2478E+02  .2787E+02   .9999999  .0001706  .0001230
T 4862 19 .1518228E+11   3400010E-01 -.3616E+02  .1437E+02   .9999999 -.0003034  .0001932
T 4863 19 .1518353E+11   3400000E-01 -.3061E+02  .3611E+02   .9999999 -.0003716  .0001930
T 4864 19 .1518189E+11   3400007E-01  .1744E+02  .2426E+02   .9999999 -.0000337  .0002795
T 4865 19 .1518122E+11   3400022E-01  .3177E+02 -.3589E+02   .9999999  .0001760 -.0001897
T 4866 19 .1518519E+11   3400003E-01  .4773E+02  .7184E+01   .9999999  .0003498  .0002511
T 4867 19 .1518068E+11   3400019E-01  .1273E+02  .3191E+02   .9999999  .0001931  .0002091
T 4868 19 .1518309E+11   3400000E-01 -.3742E+02  .7916E+01   .9999999 -.0002406  .0000190
T 4869 19 .1518299E+11   3400015E-01 -.3393E+02  .1383E+02   .9999999 -.0002619  .0001441
T 4870 19 .1518046E+11   3400001E-01  .2219E+02 -.3114E+02   .9999998  .0005218 -.0002909
T 4871 19 .1518413E+11   3400007E-01 -.2211E+02 -.1328E+03   .9999996 -.0001329 -.0008641
T 4872 19 .1518261E+11   3400008E-01  .3850E+02 -.7557E+02   .9999998  .0003730 -.0004621
T 4873 19 .1518050E+11   3400019E-01 -.2082E+01 -.6770E+01   .9999999  .0000095 -.0000301
T 4874 19 .1518259E+11   3400004E-01  .2413E+02 -.5698E+02   .9999999  .0001390 -.0003014
T 4875 19 .1518433E+11   3400000E-01  .1335E+02  .1424E+02   .9999999 -.0000186  .0001365
T 4876 19 .1518267E+11   3400013E-01  .3821E+00 -.6182E+01   .9999999  .0000872  .0000126
T 4877 19 .1518173E+11   3400004E-01  .1761E+02 -.3871E+02   .9999999  .0000249 -.0002513
T 4878 19 .1518391E+11   3400011E-01  .3295E+01 -.2905E+01   .9999999 -.0000186  .0000887
T 4879 19 .1518268E+11   3400008E-01  .1389E+02 -.5024E+02   .9999999 -.0002469 -.0003352
T 4880 19 .1518178E+11   3400018E-01  .2501E+02  .4524E+02   .9999999  .0001365  .0002536
T 4881 19 .1518324E+11   3400001E-01 -.1601E+02 -.4015E+01   .9999999 -.0002275 -.0000749
T 4882 19 .1518271E+11   3400021E-01 -.1986E+02  .5169E+02   .9999999 -.0000361  .0003730
T 4883 19 .1518232E+11   3400003E-01 -.3459E+02 -.1194E+02   .9999998 -.0003024 -.0005977
T 4884 19 .1518429E+11   3400020E-01 -.7051E+03 -.4002E+03   .9999931 -.0031978 -.0018777
T 4885 19 .1518301E+11   3400003E-01 -.7421E+01 -.1146E+02   .9999999 -.0000325  .0001254
T 4886 19 .1518442E+11   3400018E-01 -.1256E+02 -.2964E+02   .9999999  .0000231 -.0001610
T 4887 19 .1518194E+11   3400017E-01 -.2409E+02 -.3736E+02   .9999999 -.0001062 -.0002210
T 4888 19 .1518323E+11   3400019E-01 -.1871E+02 -.4595E+02   .9999999 -.0001209 -.0005234
T 4889 19 .1518193E+11   3400001E-01 -.7163E+02  .3589E+02   .9999996 -.0006225  .0005957
T 4890 19 .1518396E+11   3400014E-01 -.1603E+01  .3761E+02   .9999999  .0000672  .0004360
T 4891 19 .1518271E+11   3400018E-01 -.1181E+02 -.2798E+01   .9999999 -.0001808 -.0000021
T 4892 19 .1518185E+11   3400017E-01  .1785E+02 -.7354E+01   .9999999  .0000945  .0000936
T 4893 19 .1518343E+11   3400021E-01 -.3764E+02 -.1072E+02   .9999999 -.0004326  .0000702
T 4894 19 .1518411E+11   3400021E-01  .2194E+02 -.3330E+02   .9999999  .0002385 -.0001249
T 4895 19 .1518249E+11   3400011E-01  .4354E+02 -.3403E+01   .9999999  .0003472 -.0000414
T 4896 19 .1518125E+11   3400016E-01  .5772E+02  .7937E+02   .9999998  .0003792  .0005915
T 4897 19 .1518255E+11   3400015E-01 -.1095E+02  .1273E+02   .9999999 -.0000954  .0001910
T 4898 19 .1518280E+11   3400002E-01  .5602E+01  .1411E+02   .9999999  .0001623  .0000806
T 4899 19 .1518475E+11   3400010E-01 -.2416E+02 -.3168E+02   .9999999 -.0002246 -.0003013
T 4900 19 .1518212E+11   3400000E-01 -.7838E+01 -.1087E+02   .9999999 -.0001528 -.0000945
T 4901 19 .1518301E+11   3400004E-01 -.1062E+02 -.1850E+02   .9999999  .0005015 -.0002035
T 4902 19 .1518316E+11   3400022E-01 -.4119E+01 -.8420E+01   .9999999 -.0000631 -.0000047
T 4903 19 .1518359E+11   3400012E-01 -.4569E+02  .3016E+02   .9999999 -.0002801  .0001961
T 4904 19 .1518347E+11   3400007E-01 -.6890E+01  .4483E+02   .9999999 -.0001241  .0003005
T 4905 19 .1518431E+11   3400006E-01  .2585E+02 -.4102E+02   .9999999  .0004162  .0000543
T 4906 19 .1518254E+11   3400014E-01  .2506E+02 -.1157E+02   .9999999  .0001867 -.0000020
T 4907 19 .1518385E+11   3400012E-01  .1258E+02  .2751E+02   .9999999 -.0000138  .0001549
T 4908 19 .1518268E+11   3400017E-01  .2728E+02  .2258E+02   .9999999  .0003375  .0002664
T 4909 19 .1518406E+11   3400008E-01 -.4865E+02  .7774E+01   .9999999 -.0002910  .0000197
T 4910 19 .1518042E+11   3400010E-01  .3789E+02 -.1147E+02   .9999999  .0000542 -.0000800
T 4911 19 .1518423E+11   3400013E-01 -.1942E+02  .4274E+02   .9999999  .0000055  .0003493
T 4912 19 .1518246E+11   3400010E-01 -.8491E+02  .9428E+02   .9999997 -.0005665  .0004987
T 4913 19 .1518306E+11   3400021E-01  .1263E+02  .3486E+02   .9999999 -.0000497  .0002842
T 4914 19 .1518177E+11   3400022E-01 -.4413E+02  .2232E+00   .9999999 -.0002627  .0000452
T 4915 19 .1518412E+11   3400023E-01 -.7426E+02  .2445E+02   .9999999 -.0004596 -.0000463
T 4916 19 .1518265E+11   3400019E-01  .1207E+02 -.3216E+02   .9999999  .0000771 -.0001533
T 4917 19 .1518204E+11   3400010E-01  .2399E+02  .4694E+02   .9999999  .0001902  .0003120
T 4918 19 .1518469E+11   3400004E-01  .1049E+02 -.2552E+02   .9999999  .0001435 -.0002776
T 4919 19 .1518352E+11   3400000E-01  .2839E+02  .5327E+02   .9999999  .0002816  .0004406
T 4920 19 .1518258E+11   3400019E-01 -.3482E+02  .9681E+01   .9999998 -.0002074 -.0006212
T 4921 19 .1518280E+11   3400015E-01  .3630E+01 -.1138E+02   .9999999  .0000738 -.0000465
T 4922 19 .1518292E+11   3400010E-01  .3135E+01  .2697E+02   .9999999 -.0000077  .0003200
T 4923 19 .1518235E+11   3400002E-01  .9304E+02  .6765E+02   .9999999  .0002193  .0004319
T 4924 19 .1518264E+11   3400001E-01 -.1347E+02 -.5249E+02   .9999999 -.0001441 -.0005193
T 4925 19 .1518292E+11   3400007E-01  .1392E+03 -.1524E+02   .9999997  .0007270 -.0003237
T 4926 19 .1518356E+11   3400014E-01 -.1113E+02 -.2384E+02   .9999999 -.0001731  .0000406
T 4927 19 .1518336E+11   3400007E-01  .1029E+02  .1555E+02   .9999999  .0000282 -.0000085
T 4928 19 .1518215E+11   3400022E-01  .4090E+01 -.3261E+02   .9999999  .0000081 -.0001577
T 4929 19 .1518362E+11   3400013E-01  .2271E+02  .4397E+02   .9999999  .0003247  .0001879
T 4930 19 .1518208E+11   3400007E-01 -.3972E+02 -.6133E+02   .9999998 -.0004914 -.0002522
T 4931 19 .1518219E+11   3400015E-01 -.1365E+02  .1809E+02   .9999999 -.0001424  .0000675
T 4932 19 .1518227E+11   3400010E-01 -.3078E+02 -.1889E+02   .9999999 -.0001120 -.0000798
T 4933 19 .1518366E+11   3400005E-01 -.1231E+02 -.5676E+01   .9999999  .0000535  .0000384
T 4934 19 .1518458E+11   3400000E-01 -.6956E+01 -.2661E+02   .9999999 -.0000077 -.0002290
T 4935 19 .1518163E+11   3400015E-01 -.2628E+02 -.2666E+02   .9999999 -.0001137 -.0001388
T 4936 19 .1518288E+11   3400003E-01  .4308E+02  .5034E+01   .9999999  .0004224  .0000456
T 4937 19 .1518403E+11   3400005E-01  .1735E+02 -.4420E+02   .9999999 -.0000820 -.0002298
T 4938 19 .1518275E+11   3400013E-01  .7583E+02 -.2610E+02   .9999999  .0003682 -.0001722
T 4939 19 .1518185E+11   3400006E-01  .5218E+02  .1530E+02   .9999999  .0003727  .0000096
T 4940 19 .1518452E+11   3400012E-01  .5936E+01  .9071E+01   .9999999  .0000808  .0002224
T 4941 19 .1518393E+11   3400010E-01  .2434E+02  .1378E+02   .9999999  .0001550  .0001843
T 4942 19 .1518406E+11   3400006E-01 -.9424E+01 -.1964E+02   .9999999 -.0000464 -.0004231
T 4943 19 .1518469E+11   3400013E-01 -.2159E+02  .7054E+01   .9999999 -.0001184 -.0000767
T 4944 19 .1518235E+11   3400022E-01  .1861E+01  .1133E+02   .9999999  .0000200 -.0001417
T 4945 19 .1518121E+11   3400012E-01 -.4114E+02  .2476E+02   .9999999 -.0003715  .0001498
T 4946 19 .1518318E+11   3400020E-01  .2238E+02 -.7982E+01   .9999999  .0000971 -.0001952
T 4947 19 .1518106E+11   3400020E-01 -.2725E+02 -.2521E+02   .9999999 -.0000988  .0000396
T 4948 19 .1518378E+11   3400006E-01  .1533E+02  .5395E+02   .9999999  .0003525  .0003940
T 4949 19 .1518191E+11   3400013E-01  .1375E+02 -.9837E+01   .9999999  .0000870 -.0000006
T 4950 19 .1518177E+11   3400010E-01  .4211E+02  .2522E+01   .9999999  .0003123 -.0000867
T 4951 19 .1518169E+11   3400001E-01  .4159E+01  .2453E+01   .9999999  .0000214  .0003271
T 4952 19 .1518388E+11   3400014E-01 -.5009E+01  .8536E+01   .9999999 -.0000480  .0000471
T 4953 19 .1518382E+11   3400021E-01  .8974E+01  .5887E+01   .9999999  .0000749  .0000044
T 4954 19 .1518347E+11   3400018E-01  .1844E+02 -.1613E+02   .9999999  .0000099  .0000474
T 4955 19 .1518237E+11   3400015E-01 -.1315E+01  .1768E+02   .9999999 -.0000256  .0001873
T 4956 19 .1518372E+11   3400004E-01 -.7365E+01  .1236E+03   .9999996 -.0001347  .0009285
T 4957 19 .1518279E+11   3400021E-01  .2564E+02 -.4847E+01   .9999999  .0002536  .0000380
T 4958 19 .1518260E+11   3400003E-01  .1274E+02 -.2112E+02   .9999999  .0001270 -.0001588
T 4959 19 .1518246E+11   3400017E-01 -.3977E+01 -.6173E+01   .9999999  .0000358  .0000772
T 4960 19 .1518185E+11   3400003E-01  .5430E+01 -.2715E+02   .9999999  .0001773  .0001741
T 4961 19 .1518331E+11   3400012E-01 -.1146E+02  .1444E+02   .9999999 -.0000257  .0002986
T 4962 19 .1518308E+11   3400003E-01  .1694E+02  .2976E+02   .9999999  .0000413  .0000942
T 4963 19 .1518373E+11   3400010E-01 -.3128E+02  .1758E+02   .9999999 -.0003435  .0001113
T 4964 19 .1518196E+11   3400005E-01  .2681E+02  .6603E+01   .9999999  .0002132 -.0000364
T 4965 19 .1518354E+11   3400011E-01 -.1534E+02  .3703E+02   .9999999 -.0000802  .0002213
T 4966 19 .1517904E+11   3400012E-01 -.5321E+02 -.1473E+02   .9999999 -.0001862  .0001864
T 4967 19 .1518052E+11   3400013E-01  .7300E+01  .3695E+02   .9999999 -.0000692  .0002022
T 4968 19 .1518419E+11   3400021E-01 -.1334E+02 -.1606E+02   .9999999  .0000911 -.0001536
T 4969 19 .1518343E+11   3400001E-01  .5289E+01  .1598E+01   .9999999  .0000525  .0000026
T 4970 19 .1518129E+11   3400012E-01  .3485E+02  .1135E+02   .9999999  .0004061  .0002890
T 4971 19 .1518471E+11   3400001E-01 -.5625E+02 -.6042E+01   .9999998 -.0005745 -.0003045
T 4972 19 .1518366E+11   3400017E-01 -.6397E+02  .2597E+02   .9999999 -.0003599  .0001419
T 4973 19 .1518264E+11   3400022E-01  .1133E+01  .2395E+01   .9999999  .0001267 -.0000932
T 4974 19 .1518193E+11   3400001E-01 -.1527E+01 -.5395E+02   .9999999 -.0001754 -.0001240
T 4975 19 .1518478E+11   3400003E-01 -.5431E+02 -.2508E+02   .9999999 -.0004144 -.0000284
T 4976 19 .1518072E+11   3400001E-01 -.1910E+02 -.9206E+01   .9999999 -.0000277 -.0001306
T 4977 19 .1518253E+11   3400019E-01 -.4056E+01 -.7874E+01   .9999999 -.0001372  .0000483
T 4978 19 .1518123E+11   3400006E-01 -.1020E+02  .1877E+02   .9999999 -.0000512  .0001114
T 4979 19 .1518251E+11   3400014E-01  .4770E+01  .1455E+02   .9999999 -.0000712 -.0000736
T 4980 19 .1518375E+11   3400012E-01 -.3653E+02 -.2732E+01   .9999999 -.0001602 -.0001499
T 4981 19 .1518397E+11   3400016E-01  .3439E+02 -.2910E+02   .9999999  .0002656 -.0002925
T 4982 19 .1518385E+11   3400019E-01 -.9522E+01  .6490E+02   .9999998 -.0001127  .0005784
T 4983 19 .1518099E+11   3400011E-01 -.8153E+01  .6932E+01   .9999999 -.0000513  .0000219
T 4984 19 .1518356E+11   3400014E-01 -.3750E+01 -.7248E+01   .9999999 -.0000942 -.0002062
T 4985 19 .1518292E+11   3400006E-01 -.2302E+02 -.4787E+02   .9999999 -.0000318 -.0001972
T 4986 19 .1518291E+11   3400013E-01 -.1084E+02 -.2196E+02   .9999999 -.0001380 -.0000064
T 4987 19 .1518308E+11   3400021E-01 -.8452E+01 -.1890E+02   .9999999  .0000207 -.0001711
T 4988 19 .1518363E+11   3400011E-01 -.1013E+03  .1582E+02   .9999997 -.0007593  .0000172
T 4989 19 .1518176E+11   3400018E-01  .3256E+02 -.4440E+02   .9999999  .0000766 -.0003129
T 4990 19 .1518305E+11   3400016E-01 -.1443E+02  .3635E+02   .9999999 -.0001813  .0001530
T 4991 19 .1518396E+11   3400018E-01  .4940E+02 -.3622E+02   .9999999  .0001932 -.0003645
T 4992 19 .1518520E+11   3400017E-01 -.1610E+02 -.3583E+02   .9999999 -.0001224 -.0001969
T 4993 19 .1518098E+11   3400014E-01 -.4539E+02 -.1505E+02   .9999996 -.0008418 -.0001890
T 4994 19 .1518278E+11   3400018E-01  .2662E+02  .1784E+01   .9999999  .0002727  .0000887
T 4995 19 .1518210E+11   3400004E-01  .1408E+01 -.3252E+02   .9999999  .0000765 -.0000953
T 4996 19 .1518403E+11   3400008E-01 -.5632E+01  .6031E+02   .9999999  .0000039  .0002736
T 4997 19 .1518307E+11   3400014E-01  .1863E+02 -.4141E+02   .9999999  .0001917 -.0001756
T 4998 19 .1518194E+11   3400016E-01 -.1828E+02  .7751E+01   .9999999 -.0000195 -.0000143
T 4999 19 .1518279E+11   3400018E-01 -.6406E+01 -.6161E+01   .9999999 -.0001710 -.0000862
T 5000 19 .1518266E+11   3400004E-01 -.1229E+02 -.2953E+02   .9999999 -.0000869 -.0000562
T 5001 19 .1518165E+11   3400001E-01 -.1680E+02  .1621E+02   .9999999 -.0001347  .0002088
T 5002 19 .1518172E+11   3400016E-01  .2406E+02 -.2358E+02   .9999999  .0001663 -.0001467
T 5003 19 .1518160E+11   3400018E-01 -.7262E+00 -.7250E+01   .9999999 -.0000257  .0000506
T 5004 19 .1518235E+11   3400014E-01  .6908E+01 -.3148E+02   .9999999 -.0000388 -.0003876
T 5005 19 .1518380E+11   3400004E-01 -.9155E+01  .2810E+02   .9999999 -.0000203  .0001571
T 5006 19 .1518254E+11   3400016E-01 -.8849E+01  .1685E+02   .9999999  .0000928  .0000517
T 5007 19 .1518277E+11   3400005E-01  .1624E+02 -.3609E+02   .9999999  .0001897 -.0002133
T 5008 19 .1518040E+11   3400015E-01 -.5419E+01  .4075E+02   .9999999 -.0000682  .0001582
T 5009 19 .1518454E+11   3400017E-01  .3583E+00  .2014E+02   .9999999 -.0001662 -.0000306
T 5010 19 .1518285E+11   3400006E-01  .2343E+01  .2473E+02   .9999999  .0000377  .0003057
T 5011 19 .1518126E+11   3400021E-01 -.1464E+02  .1745E+02   .9999999 -.0000966  .0000798
T 5012 19 .1518246E+11   3400018E-01 -.1808E+02  .2813E+02   .9999999 -.0002839  .0002360
T 5013 19 .1518428E+11   3400004E-01  .6931E+02  .2233E+02   .9999999  .0004033  .0002131
T 5014 19 .1518216E+11   3400020E-01  .1050E+02  .4535E+00   .9999999  .0000721  .0000457
T 5015 19 .1518278E+11   3400023E-01 -.2894E+02 -.1948E+02   .9999999 -.0002853 -.0002591
T 5016 19 .1518302E+11   3400010E-01  .4510E+02 -.1047E+03   .9999987  .0004862 -.0015381
T 5017 19 .1518192E+11   3400020E-01 -.3755E+02  .5622E+01   .9999999 -.0003007  .0000607
T 5018 19 .1518258E+11   3400006E-01  .1186E+01 -.3124E+02   .9999999  .0000013 -.0003448
T 5019 19 .1518220E+11   3400017E-01 -.4349E+01  .4158E+02   .9999999  .0001412  .0003121
T 5020 19 .1518106E+11   3400022E-01  .5785E+02 -.1785E+03   .9999971  .0010471 -.0021787
T 5021 19 .1518172E+11   3400015E-01 -.1909E+02  .3838E+00   .9999999 -.0001116  .0000234
T 5022 19 .1518380E+11   3400020E-01  .7359E+02 -.1528E+03   .9999991  .0007219 -.0010917
T 5023 19 .1518092E+11   3400016E-01  .1213E+02 -.1184E+02   .9999999  .0001159 -.0000510
T 5024 19 .1518225E+11   3400007E-01  .2728E+01  .1051E+02   .9999999 -.0001664  .0000851
T 5025 19 .1518288E+11   3400005E-01  .4537E+01 -.9629E+01   .9999999  .0000273  .0000546
T 5026 19 .1518171E+11   3400021E-01 -.8207E+02  .1289E+02   .9999998 -.0005695 -.0000040
T 5027 19 .1518303E+11   3400004E-01 -.2762E+02  .3503E+02   .9999999 -.0001519  .0001538
T 5028 19 .1518275E+11   3400020E-01 -.1926E+02  .4226E+02   .9999999 -.0003275  .0003956
T 5029 19 .1518289E+11   3400022E-01 -.4298E+02 -.1721E+02   .9999999 -.0002518 -.0000447
T 5030 19 .1518329E+11   3400021E-01 -.5331E+02  .6927E+02   .9999997 -.0005133  .0005500
T 5031 19 .1518314E+11   3400018E-01 -.2036E+02 -.3083E+02   .9999999 -.0000030 -.0001368
T 5032 19 .1518334E+11   3400008E-01  .1609E+02  .2198E+02   .9999999  .0001297  .0002005
T 5033 19 .1518398E+11   3400017E-01 -.2833E+02 -.2538E+02   .9999999 -.0000787 -.0000016
T 5034 19 .1518191E+11   3400012E-01 -.1103E+02  .1922E+02   .9999999 -.0001213 -.0000555
T 5035 19 .1518256E+11   3400022E-01 -.8954E+01  .1752E+02   .9999999 -.0000595  .0002245
T 5036 19 .1518091E+11   3400019E-01 -.1653E+02  .3091E+02   .9999999 -.0001549  .0000940
T 5037 19 .1518466E+11   3400010E-01 -.4226E+02  .3698E+02   .9999999 -.0003117  .0002802
T 5038 19 .1518338E+11   3400016E-01  .3396E+02 -.2204E+02   .9999999  .0001869 -.0003168
T 5039 19 .1518364E+11   3400000E-01  .4585E+01 -.1584E+02   .9999999  .0001231 -.0000807
T 5040 19 .1518401E+11   3400001E-01 -.2188E+02 -.4258E+02   .9999999 -.0004226 -.0003071
T 5041 19 .1518417E+11   3400005E-01 -.7751E+01  .2995E+02   .9999999 -.0003364  .0002791
T 5042 19 .1518280E+11   3400010E-01 -.1366E+02  .9388E+01   .9999999 -.0001531  .0002040
T 5043 19 .1518470E+11   3400002E-01 -.1307E+02 -.3457E+02   .9999999 -.0001879 -.0003274
T 5044 19 .1518317E+11   3400020E-01 -.5659E+01 -.7362E+01   .9999999 -.0000660 -.0001437
T 5045 19 .1518311E+11   3400017E-01 -.8207E+02  .9453E+01   .9999998 -.0006176  .0000265
T 5046 19 .1518203E+11   3400005E-01 -.4063E+02  .4302E+02   .9999999 -.0002672  .0003260
T 5047 19 .1518144E+11   3400022E-01 -.7247E+01  .2059E+01   .9999999  .0003268 -.0000252
T 5048 19 .1518007E+11   3400011E-01  .7772E+01 -.5176E+02   .9999998 -.0001659 -.0005403
T 5049 19 .1518210E+11   3400017E-01  .8366E+01  .3400E+02   .9999999  .0000507  .0002668
T 5050 19 .1518441E+11   3400010E-01 -.8906E+01  .3201E+02   .9999999 -.0001298  .0000783
T 5051 19 .1518347E+11   3400005E-01 -.3011E+02  .2677E+02   .9999999 -.0001931  .0002332
T 5052 19 .1518553E+11   3400013E-01  .4437E+02 -.2337E+02   .9999999  .0002018 -.0002143
T 5053 19 .1518255E+11   3400004E-01 -.3413E+02  .3203E+02   .9999999 -.0003813  .0001112
T 5054 19 .1518314E+11   3400013E-01 -.3750E+02  .1453E+02   .9999999 -.0003283 -.0000685
T 5055 19 .1518159E+11   3400013E-01  .2688E+01 -.1715E+02   .9999999  .0000453 -.0000615
T 5056 19 .1518207E+11   3400001E-01 -.6035E+01 -.2541E+02   .9999999  .0000179 -.0003082
T 5057 19 .1518237E+11   3400019E-01 -.2980E+02 -.3007E+01   .9999999 -.0003137  .0001651
T 5058 19 .1518085E+11   3400008E-01  .2569E+01 -.4330E+01   .9999999  .0000089 -.0000596
T 5059 19 .1518248E+11   3400011E-01 -.2912E+02 -.7429E+01   .9999999 -.0002435 -.0001242
T 5060 19 .1518133E+11   3400015E-01 -.1286E+02  .3923E+02   .9999999 -.0000513  .0003711
T 5061 19 .1518267E+11   3400014E-01  .2522E+02  .9347E+00   .9999999  .0001599  .0000396
T 5062 19 .1518434E+11   3400005E-01 -.2485E+02 -.1471E+02   .9999999 -.0001586 -.0002842
T 5063 19 .1518432E+11   3400001E-01 -.3975E+01 -.7635E+01   .9999999  .0000406 -.0000476
T 5064 19 .1518184E+11   3400018E-01 -.3205E+02 -.4522E+02   .9999999  .0001098 -.0004084
T 5065 19 .1518357E+11   3400022E-01 -.3172E+02  .3072E+02   .9999999 -.0003158  .0002846
T 5066 19 .1518177E+11   3400022E-01  .2584E+02  .6687E+01   .9999999  .0001960  .0000658
T 5067 19 .1518264E+11   3400022E-01  .2538E+00  .2079E+02   .9999999 -.0001068  .0000120
T 5068 19 .1518197E+11   3400016E-01 -.1836E+02  .5976E+01   .9999999 -.0001583  .0001007
T 5069 19 .1518154E+11   3400021E-01 -.2135E+02 -.6347E+01   .9999999 -.0001442 -.0002640
T 5070 19 .1518417E+11   3400013E-01 -.3817E+02 -.5213E+01   .9999999 -.0003431 -.0002051
T 5071 19 .1518156E+11   3400021E-01 -.7053E+02 -.4540E+02   .9999999 -.0003543 -.0002557
T 5072 19 .1518287E+11   3400003E-01 -.1541E+02  .3436E+02   .9999999  .0000002  .0003779
T 5073 19 .1518108E+11   3400000E-01  .7417E+02  .1146E+02   .9999998  .0006848  .0000639
T 5074 19 .1518203E+11   3400002E-01  .3426E+02 -.2145E+02   .9999999  .0001247 -.0002016
T 5075 19 .1518346E+11   3400018E-01  .3121E+01  .1256E+02   .9999999  .0000890  .0000946
T 5076 19 .1518121E+11   3400023E-01  .5235E+02  .1895E+02   .9999990  .0013867  .0002885
T 5077 19 .1518312E+11   3400014E-01  .5545E+02 -.2921E+00   .9999999  .0003055 -.0001471
T 5078 19 .1518325E+11   3400015E-01 -.4035E+00 -.2211E+01   .9999999  .0001045 -.0000471
T 5079 19 .1518227E+11   3400008E-01 -.4262E+02  .8459E+01   .9999999 -.0002489 -.0000184
T 5080 19 .1518129E+11   3400001E-01 -.4137E+02 -.9330E+01   .9999999 -.0002818  .0000156
T 5081 19 .1518421E+11   3400003E-01  .1770E+02  .1614E+02   .9999999  .0002173  .0000228
T 5082 19 .1518298E+11   3400000E-01 -.4076E+02  .9850E+02   .9999998 -.0000041  .0006252
T 5083 19 .1518233E+11   3400020E-01  .1520E+02 -.2822E+02   .9999999  .0002253 -.0002594
T 5084 19 .1518507E+11   3400008E-01 -.6474E+01  .2300E+01   .9999999  .0000023  .0002529
T 5085 19 .1518252E+11   3400006E-01 -.5966E+02 -.7313E+01   .9999999 -.0005369 -.0000477
T 5086 19 .1518268E+11   3400022E-01 -.2973E+02 -.4027E+01   .9999999 -.0000908  .0000685
T 5087 19 .1518310E+11   3400016E-01 -.2048E+03  .3881E+03   .9999968 -.0011900  .0022216
T 5088 19 .1518149E+11   3400001E-01  .5152E+01 -.2398E+02   .9999999  .0000353 -.0002137
T 5089 19 .1518115E+11   3400017E-01  .3611E+02  .4136E+02   .9999999  .0002255  .0003324
T 5090 19 .1518247E+11   3400014E-01 -.3528E+02 -.1219E+02   .9999999 -.0000595 -.0000784
T 5091 19 .1518116E+11   3400005E-01 -.2395E+01  .2640E+02   .9999999  .0001010  .0000428
T 5092 19 .1518094E+11   3400003E-01  .4358E+02  .3041E+02   .9999999  .0002918  .0002482
T 5093 19 .1518084E+11   3400022E-01  .1297E+02 -.2077E+02   .9999999  .0001754 -.0000963
T 5094 19 .1518430E+11   3400022E-01 -.1403E+02 -.7360E+01   .9999999 -.0000146 -.0000458
T 5095 19 .1518229E+11   3400010E-01 -.3883E+02 -.2196E+02   .9999999 -.0003078 -.0001837
T 5096 19 .1518345E+11   3400020E-01 -.3920E+02 -.1832E+02   .9999999 -.0002526 -.0000272
T 5097 19 .1518131E+11   3400012E-01  .4004E+02  .1139E+02   .9999999  .0001885  .0001130
T 5098 19 .1518231E+11   3400020E-01 -.6328E+02 -.2020E+02   .9999999 -.0004496 -.0001120
T 5099 19 .1518198E+11   3400011E-01  .3388E+02  .8812E+01   .9999999  .0001367  .0001468
T 5100 19 .1518326E+11   3400014E-01 -.3278E+03 -.2991E+03   .9999755 -.0068115 -.0016359
T 5101 19 .1518267E+11   3400002E-01  .1656E+02  .2170E+02   .9999999  .0000915  .0000639
T 5102 19 .1518113E+11   3400018E-01  .1186E+02  .7690E+01   .9999999 -.0000964  .0000475
T 5103 19 .1518476E+11   3400004E-01  .2578E+02 -.8200E+01   .9999999  .0002891  .0000879
T 5104 19 .1518336E+11   3400007E-01 -.1018E+03 -.1692E+03   .9999986 -.0009049 -.0014182
T 5105 19 .1518510E+11   3400019E-01  .1906E+02  .3173E+02   .9999999  .0002591  .0003680
T 5106 19 .1518232E+11   3400017E-01 -.1492E+02  .3329E+02   .9999999 -.0000601  .0002571
T 5107 19 .1518136E+11   3400009E-01 -.7433E+02 -.1482E+02   .9999998 -.0005522 -.0002083
T 5108 19 .1518287E+11   3400004E-01 -.2910E+02  .3683E+00   .9999999 -.0002241 -.0000013
T 5109 19 .1518349E+11   3400021E-01  .1035E+02 -.3320E+01   .9999999 -.0000713 -.0000612
T 5110 19 .1518373E+11   3400001E-01  .4154E+02  .3914E+02   .9999999 -.0000367  .0001133
T 5111 19 .1518164E+11   3400022E-01 -.1481E+02 -.4296E+02   .9999999 -.0000808 -.0003886
T 5112 19 .1518278E+11   3400020E-01 -.2643E+02  .9985E+01   .9999999 -.0002312  .0000869
T 5113 19 .1518093E+11   3400021E-01  .2212E+02 -.2694E+02   .9999999 -.0000148 -.0001448
T 5114 19 .1518349E+11   3400019E-01 -.4601E+01  .2366E+02   .9999999  .0000585  .0002792
T 5115 19 .1518197E+11   3400009E-01  .2353E+02 -.5879E+01   .9999999  .0002012 -.0000243
T 5116 19 .1518240E+11   3400013E-01  .5443E+02 -.2221E+02   .9999999  .0002792 -.0001919
T 5117 19 .1518404E+11   3400022E-01  .3643E+02  .1710E+02   .9999999  .0002713  .0000659
T 5118 19 .1518462E+11   3400015E-01 -.4277E+01 -.2138E+02   .9999999  .0002498 -.0001234
T 5119 19 .1518089E+11   3400014E-01  .4121E+02  .3905E+02   .9999999  .0003307  .0001827
T 5120 19 .1518393E+11   3400014E-01 -.1295E+02  .6684E+02   .9999999 -.0002224  .0003672
T 5121 19 .1518234E+11   3400022E-01  .7321E+02 -.4674E+02   .9999999  .0003630 -.0004067
T 5122 19 .1518169E+11   3400018E-01  .1796E+03 -.1893E+03   .9999983  .0012063 -.0014112
T 5123 19 .1518341E+11   3400012E-01  .1129E+03 -.3259E+02   .9999999  .0004771 -.0001604
T 5124 19 .1518470E+11   3400010E-01 -.1296E+02  .3354E+01   .9999999 -.0002460  .0000511
T 5125 19 .1518408E+11   3400020E-01 -.1302E+01 -.3996E+02   .9999999 -.0000088 -.0003624
T 5126 19 .1518138E+11   3400020E-01 -.3129E+02 -.3108E+02   .9999999 -.0002197 -.0000525
T 5127 19 .1518025E+11   3400012E-01 -.3266E+02 -.5556E+02   .9999999 -.0003691 -.0002712
T 5128 19 .1518361E+11   3400012E-01  .1671E+02 -.2483E+02   .9999999 -.0000542 -.0001116
T 5129 19 .1518303E+11   3400018E-01  .1512E+02 -.4190E+01   .9999999  .0001279 -.0002291
T 5130 19 .1517981E+11   3400022E-01 -.2743E+02  .3143E+02   .9999999 -.0000690  .0002640
T 5131 19 .1518147E+11   3400005E-01 -.5084E+02  .3944E+02   .9999999 -.0004110  .0002077
T 5132 19 .1518461E+11   3400003E-01  .2126E+02 -.6008E+01   .9999999  .0001550  .0000521
T 5133 19 .1518366E+11   3400008E-01 -.2119E+02  .2431E+02   .9999999  .0000864  .0001052
T 5134 19 .1518101E+11   3400019E-01 -.2492E+02  .1595E+02   .9999999 -.0003768  .0001527
T 5135 19 .1518401E+11   3400023E-01  .1696E+02  .1021E+02   .9999999  .0001356  .0001713
T 5136 19 .1518232E+11   3400006E-01 -.1009E+02  .3483E+02   .9999999 -.0000690  .0000533
T 5137 19 .1518398E+11   3400003E-01  .1211E+03  .9502E+01   .9999997  .0007964  .0000593
T 5138 19 .1518493E+11   3400013E-01 -.2431E+02 -.2783E+02   .9999999 -.0001510 -.0000705
T 5139 19 .1518334E+11   3400007E-01  .1995E+02  .1064E+02   .9999999  .0003742  .0001852
T 5140 19 .1518275E+11   3400016E-01 -.9637E+01 -.3383E+02   .9999998 -.0000297 -.0005510
T 5141 19 .1518324E+11   3400006E-01  .7321E+01 -.2072E+02   .9999999  .0000510 -.0002061
T 5142 19 .1518275E+11   3400007E-01  .1659E+02 -.4457E+02   .9999999  .0000865 -.0003306
T 5143 19 .1518177E+11   3400020E-01 -.5167E+02 -.4559E+02   .9999998 -.0004316 -.0004469
T 5144 19 .1518304E+11   3400011E-01  .5303E+02  .1298E+03   .9999998  .0001511  .0006166
T 5145 19 .1518301E+11   3400010E-01 -.2206E+02  .1044E+03   .9999998 -.0004350  .0004974
T 5146 19 .1518213E+11   3400017E-01  .3734E+01  .1275E+02   .9999999  .0000599  .0000336
T 5147 19 .1518212E+11   3400000E-01  .6658E+01 -.2488E+02   .9999999  .0000278 -.0001748
T 5148 19 .1518375E+11   3400010E-01  .3457E+02 -.2819E+02   .9999999  .0004433 -.0002196
T 5149 19 .1518138E+11   3400021E-01 -.8309E+01  .2796E+02   .9999999 -.0000248  .0001591
T 5150 19 .1518202E+11   3400008E-01  .5835E+02  .1265E+02   .9999999  .0001137 -.0000616
T 5151 19 .1518401E+11   3400018E-01 -.8144E+01 -.3329E+02   .9999999 -.0000909 -.0001456
T 5152 19 .1518311E+11   3400011E-01  .4360E+01  .2372E+02   .9999999  .0000229  .0000289
T 5153 19 .1518358E+11   3400022E-01 -.2011E+02  .1539E+02   .9999999 -.0000321  .0001408
T 5154 19 .1518234E+11   3400015E-01 -.1372E+03  .3077E+02   .9999997 -.0007777  .0001750
T 5155 19 .1518193E+11   3400016E-01 -.1278E+01  .3540E+02   .9999999  .0000428  .0002256
T 5156 19 .1518402E+11   3400020E-01  .1659E+01  .1742E+02   .9999999  .0001185 -.0000286
T 5157 19 .1518196E+11   3400017E-01 -.1073E+02  .1172E+02   .9999999  .0001098  .0001655
T 5158 19 .1518265E+11   3400019E-01 -.3922E+02 -.1364E+02   .9999999 -.0000997  .0000280
T 5159 19 .1518217E+11   3400021E-01 -.2798E+02  .2576E+02   .9999999 -.0001357  .0001028
T 5160 19 .1518168E+11   3400021E-01 -.3079E+02  .2793E+02   .9999999 -.0001614  .0000023
T 5161 19 .1518354E+11   3400009E-01 -.2771E+02 -.1607E+02   .9999999 -.0000813 -.0000183
T 5162 19 .1518364E+11   3400021E-01  .7457E+02 -.5911E+02   .9999999  .0002888 -.0003257
T 5163 19 .1517980E+11   3400000E-01 -.5177E+02 -.6944E+02   .9999999 -.0000767 -.0003857
T 5164 19 .1518447E+11   3400020E-01  .4359E+02 -.6479E+02   .9999998  .0003157 -.0004936
T 5165 19 .1518166E+11   3400013E-01  .6003E+02  .2525E+02   .9999999  .0001672  .0000459
T 5166 19 .1518180E+11   3400003E-01 -.1090E+02  .5167E+02   .9999998 -.0002905  .0004732
T 5167 19 .1518262E+11   3400002E-01  .1594E+02 -.1534E+02   .9999999  .0000854 -.0000507
T 5168 19 .1518198E+11   3400009E-01  .6505E+00 -.2253E+02   .9999999 -.0000758 -.0001393
T 5169 19 .1518309E+11   3400017E-01 -.7245E+01  .4733E+02   .9999999  .0003525  .0004010
T 5170 19 .1518305E+11   3400022E-01 -.1124E+03 -.1721E+02   .9999999 -.0004598  .0000553
T 5171 19 .1518267E+11   3400022E-01  .1740E+02 -.4045E+02   .9999999  .0001852 -.0004715
T 5172 19 .1518311E+11   3400001E-01 -.3069E+02  .3013E+02   .9999999 -.0001867  .0002337
T 5173 19 .1518065E+11   3400019E-01 -.7532E+00  .5260E+01   .9999999  .0001968 -.0000189
T 5174 19 .1518338E+11   3400018E-01 -.7576E+01 -.6193E+02   .9999999 -.0000257 -.0002836
T 5175 19 .1518441E+11   3400008E-01 -.1046E+01  .1900E+02   .9999999 -.0000675  .0003462
T 5176 19 .1518475E+11   3400021E-01 -.4249E+02  .2017E+02   .9999999 -.0003171  .0002291
T 5177 19 .1518258E+11   3400008E-01  .4053E+02 -.2710E+02   .9999999  .0001330 -.0000721
T 5178 19 .1518300E+11   3400022E-01  .3418E+02 -.5246E+02   .9999999  .0002253 -.0002814
T 5179 19 .1518242E+11   3400003E-01  .1258E+02 -.3447E+01   .9999999  .0000629  .0001205
T 5180 19 .1518147E+11   3400016E-01  .5513E+02 -.9259E+01   .9999999  .0003113 -.0000679
T 5181 19 .1518320E+11   3400020E-01  .7547E+01  .7428E+02   .9999999 -.0000734  .0004193
T 5182 19 .1518082E+11   3400010E-01 -.9016E+02 -.1959E+02   .9999998 -.0006029 -.0001450
T 5183 19 .1518224E+11   3400020E-01 -.6500E+02 -.1058E+03   .9999997 -.0006140 -.0005564
T 5184 19 .1518369E+11   3400014E-01  .3483E+01 -.7303E+02   .9999999 -.0000131 -.0005115
T 5185 19 .1518336E+11   3400013E-01 -.1456E+01 -.4106E+02   .9999999 -.0001343 -.0003040
T 5186 19 .1518156E+11   3400010E-01  .2871E+02 -.3530E+02   .9999999  .0002515 -.0003534
T 5187 19 .1518246E+11   3400017E-01  .1505E+01  .7223E+01   .9999999 -.0000269  .0001040
T 5188 19 .1518099E+11   3400017E-01 -.1020E+02  .3236E+01   .9999999  .0000730 -.0000050
T 5189 19 .1518284E+11   3400020E-01  .4197E+02 -.2165E+02   .9999999  .0003479 -.0000052
T 5190 19 .1518376E+11   3400020E-01  .2655E+02  .4902E+01   .9999999  .0003018  .0000989
T 5191 19 .1518281E+11   3400007E-01 -.2589E+01 -.2141E+02   .9999999  .0000909 -.0001481
T 5192 19 .1518165E+11   3400015E-01  .2946E+02 -.3849E+02   .9999999  .0002039 -.0000368
T 5193 19 .1518110E+11   3400001E-01  .2293E+02 -.6130E+02   .9999999  .0002065 -.0003752
T 5194 19 .1518328E+11   3400008E-01 -.2702E+02 -.3425E+02   .9999999 -.0002019 -.0002373
T 5195 19 .1518158E+11   3400021E-01  .1902E+02 -.3273E+02   .9999999  .0001455 -.0001265
T 5196 19 .1518213E+11   3400009E-01 -.2051E+01  .1280E+02   .9999999 -.0000833  .0000397
T 5197 19 .1518227E+11   3400013E-01 -.2377E+02 -.2156E+02   .9999999 -.0002532 -.0001112
T 5198 19 .1518225E+11   3400001E-01 -.4525E+01  .4989E+02   .9999999 -.0005388  .0000188
T 5199 19 .1518291E+11   3400012E-01  .2300E+02  .2881E+02   .9999999  .0001119  .0003620
T 5200 19 .1518350E+11   3400007E-01  .1225E+02 -.1904E+02   .9999999  .0000207  .0000050
T 5201 19 .1518409E+11   3400020E-01 -.1668E+02  .5200E+02   .9999999 -.0002083  .0002894
T 5202 19 .1518147E+11   3400008E-01 -.1035E+03  .2537E+02   .9999998 -.0006208  .0000378
T 5203 19 .1518183E+11   3400012E-01 -.7095E+01 -.2512E+02   .9999999 -.0000636 -.0001512
T 5204 19 .1518100E+11   3400017E-01  .1702E+02  .2920E+02   .9999999  .0002823  .0002829
T 5205 19 .1518167E+11   3400022E-01  .2566E+02 -.2411E+02   .9999999  .0000784 -.0001809
T 5206 19 .1518313E+11   3400006E-01 -.4579E+02  .6320E+02   .9999999 -.0001176  .0003080
T 5207 19 .1518382E+11   3400015E-01 -.1587E+02  .3469E+02   .9999999 -.0000685  .0004233
T 5208 19 .1518425E+11   3400018E-01 -.1059E+02  .9042E+01   .9999999 -.0001455  .0000644
T 5209 19 .1518180E+11   3400001E-01  .6280E+01 -.3588E+01   .9999999  .0002156 -.0000881
T 5210 19 .1518019E+11   3400021E-01  .9717E+01 -.8997E+01   .9999999  .0000632 -.0000007
T 5211 19 .1518227E+11   3400014E-01 -.2443E+02 -.3000E+01   .9999999 -.0001978  .0000867
T 5212 19 .1518363E+11   3400019E-01  .4612E+02  .4824E+02   .9999999  .0003898  .0002002
T 5213 19 .1518387E+11   3400010E-01  .1246E+02  .1295E+02   .9999999 -.0004223 -.0000161
T 5214 19 .1518262E+11   3400007E-01 -.2619E+02 -.2765E+02   .9999999 -.0001247 -.0002311
T 5215 19 .1518309E+11   3400023E-01 -.5494E+02 -.5573E+01   .9999999 -.0002623  .0000324
T 5216 19 .1518388E+11   3400003E-01 -.4975E+02 -.2909E+02   .9999999 -.0004013 -.0001671
T 5217 19 .1518145E+11   3400004E-01  .1460E+02 -.1652E+02   .9999999  .0000321 -.0000806
T 5218 19 .1518397E+11   3400018E-01 -.2971E+02  .3376E+02   .9999999 -.0001722  .0000564
T 5219 19 .1518332E+11   3400019E-01 -.5926E+01  .1165E+02   .9999999  .0000517 -.0001237
T 5220 19 .1518349E+11   3400021E-01  .3158E+01 -.5124E+01   .9999999  .0000590  .0000247
T 5221 19 .1518273E+11   3400013E-01 -.1124E+03 -.2966E+03   .9999965 -.0007850 -.0025156
T 5222 19 .1518193E+11   3400010E-01 -.3137E+01 -.3621E+02   .9999999  .0000800 -.0001825
T 5223 19 .1518168E+11   3400017E-01 -.1522E+03 -.6238E+01   .9999997 -.0007859  .0000806
T 5224 19 .1518283E+11   3400020E-01 -.3819E+01  .6921E+01   .9999999  .0001156  .0000574
T 5225 19 .1518348E+11   3400019E-01 -.2354E+02  .1734E+02   .9999999 -.0001471  .0001516
T 5226 19 .1518486E+11   3400003E-01 -.1523E+02 -.4664E+02   .9999999 -.0002078 -.0003431
T 5227 19 .1518192E+11   3400003E-01  .1560E+03 -.1520E+03   .9999990  .0010441 -.0010031
T 5228 19 .1518396E+11   3400021E-01  .2272E+03  .2500E+03   .9999984  .0010974  .0013776
T 5229 19 .1518244E+11   3400016E-01 -.2712E+01 -.2276E+02   .9999999 -.0000009 -.0002291
T 5230 19 .1518169E+11   3400021E-01 -.1984E+02  .7049E+01   .9999999 -.0000774 -.0000664
T 5231 19 .1518324E+11   3400021E-01  .1561E+02  .1007E+02   .9999999  .0003059 -.0003112
T 5232 19 .1518266E+11   3400016E-01  .3708E+02  .2367E+01   .9999999  .0002055  .0001465
T 5233 19 .1518421E+11   3400012E-01 -.4656E+02 -.2221E+02   .9999999 -.0001812 -.0002471
T 5234 19 .1518366E+11   3400005E-01 -.3662E+01 -.8770E+01   .9999999 -.0000498 -.0000576
T 5235 19 .1518071E+11   3400022E-01  .4106E+02 -.1697E+02   .9999999  .0001854 -.0000135
T 5236 19 .1518412E+11   3400013E-01  .2919E+01  .1746E+02   .9999999 -.0001357  .0002008
T 5237 19 .1518373E+11   3400011E-01  .1175E+01 -.9192E+01   .9999999 -.0000608 -.0000946
T 5238 19 .1518138E+11   3400018E-01  .3780E+02  .2112E+02   .9999999  .0002548  .0001678
T 5239 19 .1518341E+11   3400005E-01  .3207E+02  .5344E+02   .9999999  .0001900  .0002041
T 5240 19 .1518188E+11   3400016E-01  .1284E+02  .1312E+02   .9999999 -.0000297  .0001317
T 5241 19 .1518285E+11   3400020E-01  .3331E+02  .4004E+02   .9999999  .0002678  .0003111
T 5242 19 .1518217E+11   3400010E-01 -.6413E+01 -.2642E+01   .9999999  .0000030 -.0001696
T 5243 19 .1518476E+11   3400002E-01 -.7204E+01 -.2344E+02   .9999999 -.0000664 -.0002404
T 5244 19 .1518423E+11   3400022E-01 -.4814E+02  .3282E+02   .9999999 -.0004181 -.0000524
T 5245 19 .1518311E+11   3400017E-01  .4742E+02  .5261E+01   .9999999  .0003364  .0000198
T 5246 19 .1518511E+11   3400005E-01  .4988E+02 -.3004E+02   .9999999  .0004528 -.0000180
T 5247 19 .1518316E+11   3400005E-01  .4186E+02 -.9392E+01   .9999999  .0001105 -.0000420
T 5248 19 .1518151E+11   3400008E-01 -.1014E+02  .2829E+02   .9999999 -.0000182  .0001247
T 5249 19 .1518319E+11   3400019E-01  .2189E+02  .1502E+02   .9999999  .0001795  .0001183
T 5250 19 .1518243E+11   3400005E-01  .1972E+03 -.1459E+02   .9999990  .0014133 -.0001597
T 5251 19 .1517964E+11   3400021E-01 -.7184E+01 -.1485E+02   .9999999  .0001677  .0001440
T 5252 19 .1518222E+11   3400020E-01 -.1818E+02  .3716E+02   .9999999 -.0001788  .0002400
T 5253 19 .1518300E+11   3400018E-01 -.3028E+02 -.1203E+02   .9999999 -.0002238  .0000263
T 5254 19 .1518405E+11   3400008E-01  .4365E+02 -.3563E+02   .9999999  .0004732 -.0000902
T 5255 19 .1518147E+11   3400020E-01 -.3429E+02 -.2693E+02   .9999999 -.0002335 -.0001130
T 5256 19 .1518049E+11   3400012E-01  .1029E+02  .1204E+02   .9999999  .0001047  .0002117
T 5257 19 .1518315E+11   3400018E-01 -.4017E+02  .3416E+00   .9999999  .0000011 -.0001407
T 5258 19 .1518180E+11   3400022E-01 -.3700E+02 -.4937E+02   .9999998 -.0003623 -.0005752
T 5259 19 .1518349E+11   3400022E-01 -.2426E+02 -.1461E+02   .9999999 -.0000535 -.0000512
T 5260 19 .1518247E+11   3400014E-01  .2446E+02 -.2176E+02   .9999999 -.0000017  .0000282
T 5261 19 .1518317E+11   3400006E-01  .1494E+02 -.3173E+02   .9999999  .0001447 -.0000587
T 5262 19 .1518186E+11   3400006E-01  .7219E+01  .6954E+01   .9999999  .0001624 -.0000762
T 5263 19 .1518165E+11   3400017E-01  .3420E+02  .4878E+01   .9999999  .0002731  .0000570
T 5264 19 .1518234E+11   3400018E-01  .2974E+01 -.6105E+01   .9999999  .0004591  .0002051
T 5265 19 .1518111E+11   3400020E-01  .3523E+01 -.3015E+02   .9999999 -.0000459 -.0001562
T 5266 19 .1518293E+11   3400003E-01 -.4306E+01  .8287E+02   .9999999  .0002859  .0004360
T 5267 19 .1518181E+11   3400017E-01 -.1474E+02 -.9124E+01   .9999999 -.0001926 -.0002066
T 5268 19 .1518158E+11   3400002E-01  .1771E+02 -.1112E+02   .9999999  .0001105 -.0001228
T 5269 19 .1518431E+11   3400017E-01 -.1645E+02 -.3207E+02   .9999999 -.0000562 -.0001447
T 5270 19 .1518360E+11   3400021E-01  .1595E+02  .2653E+02   .9999999  .0000498  .0001434
T 5271 19 .1518336E+11   3400013E-01 -.2849E+02  .1092E+02   .9999999 -.0001572  .0002032
T 5272 19 .1518228E+11   3400014E-01  .3551E+02  .7588E+02   .9999998  .0001872  .0005962
T 5273 19 .1518266E+11   3400003E-01  .6630E+01  .8086E+01   .9999999  .0001028  .0002578
T 5274 19 .1518403E+11   3400016E-01 -.1331E+02  .4636E+02   .9999999 -.0000948  .0002156
T 5275 19 .1518309E+11   3400001E-01 -.4352E+01  .2154E+02   .9999999 -.0001447  .0000238
T 5276 19 .1518191E+11   3400006E-01  .3098E+01  .5517E+00   .9999999 -.0000364  .0000691
T 5277 19 .1518306E+11   3400009E-01 -.2618E+02 -.1442E+02   .9999999 -.0000930 -.0001282
T 5278 19 .1518248E+11   3400014E-01 -.2024E+02 -.2786E+02   .9999999  .0001645 -.0004596
T 5279 19 .1518247E+11   3400001E-01  .3759E+02  .9440E+00   .9999999  .0003073 -.0001278
T 5280 19 .1518230E+11   3400021E-01 -.2086E+02  .3890E+01   .9999999 -.0002524 -.0001060
T 5281 19 .1518253E+11   3400019E-01  .6461E+01  .8331E+01   .9999999 -.0000599  .0000507
T 5282 19 .1518204E+11   3400021E-01 -.1238E+02  .1864E+02   .9999999 -.0000355  .0000873
T 5283 19 .1518223E+11   3400016E-01 -.1864E+02  .5247E+01   .9999999 -.0002111 -.0000289
T 5284 19 .1518267E+11   3400009E-01  .3571E+02 -.1187E+02   .9999999  .0002227 -.0001781
T 5285 19 .1518427E+11   3400017E-01  .2443E+02 -.3778E+02   .9999999  .0000362 -.0003423
T 5286 19 .1518285E+11   3400006E-01  .4210E+01 -.1910E+02   .9999999  .0001351 -.0000871
T 5287 19 .1518363E+11   3400016E-01  .5814E+01 -.3784E+01   .9999999  .0002294  .0000466
T 5288 19 .1518315E+11   3400003E-01 -.1438E+02  .2114E+02   .9999999 -.0001080  .0000843
T 5289 19 .1518411E+11   3400007E-01  .8620E+02  .4413E+02   .9999999  .0003821 -.0000972
T 5290 19 .1518401E+11   3400020E-01  .8752E+01  .1943E+02   .9999999  .0000855  .0000331
T 5291 19 .1518325E+11   3400013E-01 -.2700E+02  .4572E+02   .9999999 -.0000317  .0002553
T 5292 19 .1518127E+11   3400006E-01 -.7107E+02 -.1537E+02   .9999999 -.0004752 -.0001085
T 5293 19 .1518335E+11   3400003E-01 -.1806E+02  .8906E+01   .9999999 -.0000501  .0002842
T 5294 19 .1518091E+11   3400019E-01  .1536E+02  .1751E+02   .9999999  .0001153 -.0000547
T 5295 19 .1518310E+11   3400018E-01  .1037E+02  .2086E+02   .9999999  .0001375  .0001301
T 5296 19 .1518325E+11   3400000E-01 -.5162E+02 -.6508E+01   .9999999 -.0003329 -.0001061
T 5297 19 .1518154E+11   3400017E-01 -.1145E+03  .3540E+02   .9999999 -.0003786  .0000120
T 5298 19 .1518174E+11   3400010E-01  .6488E+02  .8112E+02   .9999999  .0003934  .0003712
T 5299 19 .1518053E+11   3400005E-01  .4787E+03  .1187E+03   .9999910  .0040685  .0012224
T 5300 19 .1518219E+11   3400000E-01  .3151E+01 -.4115E+02   .9999999  .0001422 -.0001776
T 5301 19 .1518373E+11   3400009E-01  .3497E+02 -.4394E+02   .9999999  .0001879 -.0003467
T 5302 19 .1518193E+11   3400002E-01  .4629E+01 -.7651E+01   .9999999 -.0000384 -.0002308
T 5303 19 .1518194E+11   3400019E-01  .1476E+02 -.1720E+01   .9999999  .0000792 -.0000498
T 5304 19 .1518304E+11   3400023E-01  .5958E+02  .2463E+02   .9999999  .0002024  .0002528
T 5305 19 .1518323E+11   3400006E-01  .3394E+01  .9562E+01   .9999999  .0001675  .0002146
T 5306 19 .1518250E+11   3400013E-01  .4634E+02  .3038E+01   .9999999  .0002962  .0000355
T 5307 19 .1518502E+11   3400008E-01 -.1708E+02 -.1257E+02   .9999999 -.0000071  .0000315
T 5308 19 .1518333E+11   3400000E-01  .6802E+02  .1178E+03   .9999994  .0006441  .0009101
T 5309 19 .1518310E+11   3400017E-01 -.1176E+02 -.7790E+01   .9999999 -.0000957 -.0002347
T 5310 19 .1518212E+11   3400012E-01  .1930E+02  .1190E+02   .9999999  .0004623 -.0002303
T 5311 19 .1518279E+11   3400023E-01  .1849E+02 -.5178E+02   .9999999 -.0001004 -.0005233
T 5312 19 .1518229E+11   3400004E-01  .8988E+01  .1001E+01   .9999999 -.0001111 -.0001516
T 5313 19 .1518244E+11   3400013E-01  .3038E+02  .7002E+01   .9999999  .0001427  .0001290
T 5314 19 .1518432E+11   3400001E-01  .1087E+03 -.9475E+01   .9999997  .0007484 -.0001114
T 5315 19 .1518389E+11   3400002E-01 -.1314E+02  .1917E+02   .9999999 -.0000172  .0000742
T 5316 19 .1518135E+11   3400010E-01 -.1044E+02  .2121E+02   .9999999 -.0000482  .0001202
T 5317 19 .1518384E+11   3400009E-01  .3100E+02  .4424E+02   .9999999  .0001988  .0003536
T 5318 19 .1518156E+11   3400021E-01  .4113E+02  .4359E+01   .9999999  .0002708 -.0000340
T 5319 19 .1518557E+11   3400010E-01  .3833E+00  .4932E+02   .9999999 -.0002436  .0003198
T 5320 19 .1518063E+11   3400006E-01  .3832E+01  .2237E+02   .9999999  .0001552  .0000528
T 5321 19 .1518249E+11   3400006E-01 -.6952E+01 -.4057E+02   .9999999 -.0000196 -.0002901
T 5322 19 .1518233E+11   3400011E-01  .1888E+02  .1005E+02   .9999999  .0001787  .0000804
T 5323 19 .1517995E+11   3400022E-01 -.1829E+02  .1110E+02   .9999999 -.0001269  .0000121
T 5324 19 .1518311E+11   3400022E-01  .2602E+02 -.3303E+02   .9999999  .0000918 -.0001827
T 5325 19 .1518178E+11   3400011E-01  .3559E+02 -.2731E+02   .9999999  .0004135 -.0001089
T 5326 19 .1518156E+11   3400018E-01 -.1383E+01 -.1420E+01   .9999999  .0000997  .0001878
T 5327 19 .1518208E+11   3400022E-01  .3630E+02 -.7523E+01   .9999999  .0003828 -.0001837
T 5328 19 .1518054E+11   3400000E-01 -.5087E+02  .2550E+01   .9999999 -.0002833 -.0000376
T 5329 19 .1518216E+11   3400002E-01  .1582E+02  .4761E+02   .9999998  .0003212  .0005105
T 5330 19 .1518430E+11   3400002E-01  .3129E+01  .4491E+02   .9999999  .0000995  .0003324
T 5331 19 .1518197E+11   3400016E-01  .1496E+02  .6259E+01   .9999999 -.0001217 -.0000298
T 5332 19 .1518225E+11   3400022E-01 -.1334E+03  .7932E+01   .9999994 -.0010547 -.0002221
T 5333 19 .1518215E+11   3400010E-01  .2452E+02 -.9628E+01   .9999999  .0001134 -.0000582
T 5334 19 .1518311E+11   3400006E-01 -.5986E+01 -.1459E+02   .9999999 -.0001831 -.0001933
T 5335 19 .1518228E+11   3400001E-01 -.4852E+02 -.1055E+03   .9999991 -.0005422 -.0011910
T 5336 19 .1518186E+11   3400014E-01  .1279E+02  .3537E+02   .9999999  .0001339  .0002002
T 5337 19 .1518239E+11   3400016E-01  .3245E-01 -.3073E+02   .9999999 -.0000693 -.0000969
T 5338 19 .1518195E+11   3400004E-01  .3869E+02  .2481E+02   .9999999  .0004509  .0000681
T 5339 19 .1518401E+11   3400017E-01 -.4531E+02  .3864E+02   .9999999 -.0002964  .0001274
T 5340 19 .1518440E+11   3400003E-01 -.5321E+02  .2628E+02   .9999999 -.0002538  .0001226
T 5341 19 .1518214E+11   3400010E-01  .1373E+02  .5929E+02   .9999999  .0002533  .0003606
T 5342 19 .1518424E+11   3400001E-01  .3381E+01 -.7314E+02   .9999999  .0000531 -.0004017
T 5343 19 .1518137E+11   3400016E-01  .6495E+02 -.1951E+02   .9999998  .0004310 -.0003801
T 5344 19 .1518308E+11   3400020E-01  .1721E+02  .1963E+01   .9999999 -.0000259  .0000200
T 5345 19 .1518273E+11   3400015E-01 -.1007E+01  .1836E+02   .9999999 -.0002982  .0000662
T 5346 19 .1518142E+11   3400021E-01 -.8360E+01 -.3274E+02   .9999999 -.0000329 -.0001536
T 5347 19 .1518335E+11   3400010E-01 -.2807E+02 -.1191E+02   .9999999 -.0001581 -.0000552
T 5348 19 .1518182E+11   3400014E-01 -.6307E+02  .1458E+02   .9999999 -.0002744 -.0000817
T 5349 19 .1518436E+11   3400020E-01 -.3991E+01 -.2879E+02   .9999999  .0000263 -.0003135
T 5350 19 .1518256E+11   3400020E-01 -.3023E+01 -.3626E+01   .9999999 -.0000600  .0001016
T 5351 19 .1518308E+11   3400009E-01  .6032E+02  .1029E+02   .9999999  .0002855  .0000637
T 5352 19 .1518243E+11   3400020E-01 -.2784E+02 -.1750E+02   .9999999 -.0002936 -.0000314
T 5353 19 .1518277E+11   3400015E-01 -.1079E+02  .3905E+02   .9999999 -.0000165  .0003910
T 5354 19 .1518074E+11   3400021E-01  .1554E+01 -.2788E+02   .9999999  .0000950 -.0003311
T 5355 19 .1518165E+11   3400019E-01  .7780E+01  .1047E+02   .9999999  .0001777 -.0002963
T 5356 19 .1518406E+11   3400003E-01 -.4159E+00 -.2042E+02   .9999999  .0000699  .0000043
T 5357 19 .1518265E+11   3400010E-01 -.3393E+03 -.7881E+02   .9999977 -.0020839 -.0004376
T 5358 19 .1518115E+11   3400008E-01  .1434E+02  .6908E+02   .9999999  .0002915  .0002669
T 5359 19 .1518366E+11   3400020E-01  .2286E+02  .1431E+02   .9999999  .0001560 -.0000491
T 5360 19 .1518422E+11   3400008E-01  .2023E+03 -.2319E+02   .9999997  .0008086 -.0002084
T 5361 19 .1518396E+11   3400014E-01  .3621E+01  .9602E+00   .9999999  .0001614  .0000061
T 5362 19 .1518357E+11   3400021E-01 -.3355E+02 -.7865E+01   .9999999 -.0001769 -.0001067
T 5363 19 .1518205E+11   3400007E-01  .6189E+01 -.8399E+01   .9999999 -.0000510 -.0000155
T 5364 19 .1518446E+11   3400014E-01  .5929E+02 -.3615E+02   .9999999  .0003872 -.0001765
T 5365 19 .1518141E+11   3400014E-01 -.4232E+02 -.1805E+01   .9999999 -.0004123  .0000938
T 5366 19 .1518223E+11   3400020E-01 -.5572E+01  .3254E+02   .9999999 -.0000703  .0001702
T 5367 19 .1518128E+11   3400020E-01  .1096E+02 -.3907E+02   .9999999  .0000356 -.0003687
T 5368 19 .1518091E+11   3400001E-01  .7615E+01  .4945E+02   .9999999  .0000736  .0003039
T 5369 19 .1518157E+11   3400006E-01 -.1990E+02 -.3107E+02   .9999999 -.0000193 -.0003407
T 5370 19 .1518374E+11   3400016E-01  .2593E+02 -.1552E+02   .9999999  .0002698 -.0002167
T 5371 19 .1518140E+11   3400022E-01 -.1989E+02 -.3852E+01   .9999999 -.0001912 -.0001181
T 5372 19 .1518285E+11   3400016E-01 -.1226E+02  .3644E+02   .9999999 -.0001078  .0002373
T 5373 19 .1518365E+11   3400001E-01  .9476E+02  .5927E+02   .9999997  .0005542  .0004755
T 5374 19 .1518185E+11   3400021E-01  .1965E+02  .1644E+02   .9999999  .0003785  .0001713
T 5375 19 .1518354E+11   3400018E-01  .9134E+01 -.6785E+02   .9999999  .0001058 -.0003676
T 5376 19 .1518272E+11   3400000E-01  .5516E+01  .5085E+02   .9999999 -.0001720  .0003061
T 5377 19 .1518223E+11   3400021E-01 -.2160E+02  .1295E+02   .9999999 -.0004286  .0001859
T 5378 19 .1518303E+11   3400007E-01 -.1678E+02 -.3546E+02   .9999999 -.0002629 -.0004216
T 5379 19 .1518297E+11   3400016E-01  .1116E+03  .7088E+02   .9999996  .0007005  .0004774
T 5380 19 .1518318E+11   3400018E-01 -.3462E+02 -.2198E+02   .9999999 -.0002775 -.0000615
T 5381 19 .1518166E+11   3400007E-01  .6931E+01 -.5700E+00   .9999999  .0000742 -.0000183
T 5382 19 .1518172E+11   3400015E-01 -.5054E+01 -.3533E+02   .9999999  .0000542 -.0002600
T 5383 19 .1518169E+11   3400007E-01 -.3596E+02  .4512E+02   .9999999 -.0003095  .0002648
T 5384 19 .1518198E+11   3400019E-01 -.4405E+02 -.2127E+02   .9999999 -.0002880 -.0002063
T 5385 19 .1518336E+11   3400019E-01  .2111E+02 -.2788E+01   .9999999 -.0000502 -.0000967
T 5386 19 .1518239E+11   3400013E-01  .4047E+02  .6718E+02   .9999999  .0002429  .0004270
T 5387 19 .1518321E+11   3400019E-01  .1064E+02  .2854E+02   .9999999 -.0000492  .0001254
T 5388 19 .1518407E+11   3400021E-01  .1118E+02 -.3934E+01   .9999999 -.0000895 -.0004934
T 5389 19 .1518418E+11   3400022E-01 -.6412E+01  .3297E+02   .9999999 -.0000381  .0002308
T 5390 19 .1518291E+11   3400020E-01 -.2756E+02 -.1346E+02   .9999999 -.0002811 -.0001749
T 5391 19 .1518262E+11   3400021E-01 -.2468E+01  .2206E+02   .9999999 -.0000200  .0002531
T 5392 19 .1518496E+11   3400021E-01 -.2192E+02 -.3546E+02   .9999999 -.0001361 -.0000407
T 5393 19 .1518245E+11   3400010E-01  .2189E+01  .3816E+01   .9999999  .0001167 -.0000213
T 5394 19 .1518170E+11   3400005E-01  .7334E+01  .4239E-01   .9999999  .0000368 -.0000489
T 5395 19 .1518381E+11   3400006E-01  .1875E+02  .1495E+02   .9999999  .0000534  .0001349
T 5396 19 .1518382E+11   3400003E-01  .4616E+02 -.3508E+01   .9999999  .0003682  .0000672
T 5397 19 .1518202E+11   3400017E-01  .2110E+02  .2003E+02   .9999999  .0000434  .0000758
T 5398 19 .1517982E+11   3400003E-01  .2279E+02 -.1525E+02   .9999999  .0002888 -.0000067
T 5399 19 .1518211E+11   3400020E-01  .1743E+02 -.1040E+03   .9999999  .0000993 -.0005136
T 5400 19 .1518226E+11   3400014E-01 -.9512E+01 -.3318E+02   .9999999 -.0000200 -.0001342
T 5401 19 .1518460E+11   3400011E-01 -.2247E+02  .1639E+02   .9999999  .0000084  .0002176
T 5402 19 .1518132E+11   3400004E-01  .5871E+01 -.2660E+02   .9999999 -.0000388 -.0001853
T 5403 19 .1518141E+11   3400018E-01  .5849E+01 -.3507E+02   .9999999 -.0001890 -.0004336
T 5404 19 .1518286E+11   3400019E-01  .1434E+02 -.1566E+02   .9999999  .0000033 -.0001914
T 5405 19 .1518363E+11   3400020E-01  .1946E+01  .1923E+02   .9999999 -.0000406  .0001102
T 5406 19 .1518195E+11   3400021E-01  .9492E+01  .3146E+02   .9999999  .0000621  .0001855
T 5407 19 .1518355E+11   3400015E-01 -.1086E+02  .1995E+01   .9999999 -.0000088 -.0000033
T 5408 19 .1518281E+11   3400013E-01 -.2060E+02  .1747E+01   .9999999 -.0002605  .0001917
T 5409 19 .1518106E+11   3400009E-01  .2409E+02 -.6521E+02   .9999999  .0003604 -.0003785
T 5410 19 .1518283E+11   3400012E-01  .7781E+00  .1569E+02   .9999999 -.0001736 -.0000197
T 5411 19 .1518191E+11   3400019E-01  .1608E+02 -.2517E+02   .9999999  .0001273 -.0003490
T 5412 19 .1518360E+11   3400019E-01  .3853E+02  .9685E+01   .9999999  .0002681 -.0001220
T 5413 19 .1518291E+11   3400010E-01  .3576E+02  .2607E+02   .9999999  .0002315  .0003485
T 5414 19 .1518279E+11   3400022E-01 -.9835E+01 -.2947E+01   .9999999 -.0000213 -.0001637
T 5415 19 .1518387E+11   3400017E-01 -.2408E+02 -.4385E+02   .9999999 -.0001622 -.0004476
T 5416 19 .1518269E+11   3400019E-01 -.1134E+02  .1337E+02   .9999999 -.0000743  .0000566
T 5417 19 .1518343E+11   3400021E-01  .2972E+02 -.7841E+02   .9999995  .0004712 -.0008465
T 5418 19 .1517962E+11   3400013E-01  .3271E+02 -.9430E+02   .9999998  .0002353 -.0006095
T 5419 19 .1518095E+11   3400004E-01 -.9904E+03 -.5667E+03   .9999833 -.0050251 -.0028433
T 5420 19 .1518376E+11   3400005E-01  .1371E+02 -.1283E+02   .9999999  .0001501 -.0000459
T 5421 19 .1518072E+11   3400008E-01 -.5550E+01  .3820E+01   .9999999  .0000195 -.0002274
T 5422 19 .1518259E+11   3400008E-01  .1875E+03  .5942E+02   .9999990  .0013375  .0003942
T 5423 19 .1518202E+11   3400000E-01 -.9378E+01  .5170E+01   .9999993 -.0001930  .0011719
T 5424 19 .1518139E+11   3400014E-01  .1042E+02 -.5866E+02   .9999999  .0001786 -.0004116
T 5425 19 .1518341E+11   3400022E-01 -.3394E+02  .4560E+02   .9999999 -.0002149  .0000643
T 5426 19 .1518099E+11   3400015E-01 -.5720E+02  .3072E+02   .9999999 -.0004898  .0001246
T 5427 19 .1518345E+11   3400020E-01 -.6094E+02  .1765E+02   .9999999 -.0001997  .0000580
T 5428 19 .1518141E+11   3400008E-01 -.1428E+02 -.8249E+01   .9999999 -.0000450 -.0002186
T 5429 19 .1518167E+11   3400005E-01 -.1418E+02 -.4393E+01   .9999999 -.0001361  .0000617
T 5430 19 .1518352E+11   3400022E-01  .2143E+02 -.2454E+02   .9999999  .0003567 -.0003081
T 5431 19 .1518162E+11   3400007E-01  .3171E+02  .1047E+02   .9999999  .0001722  .0000377
T 5432 19 .1518220E+11   3400017E-01 -.7182E+01 -.8968E+01   .9999999 -.0001879 -.0000127
T 5433 19 .1518059E+11   3400019E-01 -.1307E+01 -.6376E+02   .9999999 -.0000921 -.0003269
T 5434 19 .1518260E+11   3400011E-01 -.1135E+02 -.2190E+02   .9999999 -.0000254  .0001279
T 5435 19 .1518360E+11   3400022E-01  .3691E+02 -.5140E+02   .9999999  .0001695 -.0003354
T 5436 19 .1518129E+11   3400021E-01 -.2346E+02 -.1163E+02   .9999999 -.0002573  .0000347
T 5437 19 .1518244E+11   3400021E-01 -.1397E+02  .4738E+01   .9999999 -.0000016 -.0000122
T 5438 19 .1518102E+11   3400014E-01 -.7071E+02 -.4046E+02   .9999999 -.0002303 -.0004198
T 5439 19 .1518233E+11   3400011E-01  .3379E+02  .1010E+02   .9999999  .0003013  .0002168
T 5440 19 .1518243E+11   3400015E-01 -.3221E+01  .1081E+02   .9999999 -.0001788  .0000101
T 5441 19 .1518362E+11   3400018E-01 -.4268E+02 -.2990E+02   .9999999 -.0000851 -.0000811
T 5442 19 .1518240E+11   3400021E-01  .3063E+02 -.1531E+02   .9999999  .0004646 -.0000658
T 5443 19 .1518084E+11   3400022E-01 -.7641E+02 -.2919E+01   .9999999 -.0004317  .0001602
T 5444 19 .1518190E+11   3400006E-01  .3886E+01  .2665E+02   .9999999 -.0000107  .0000939
T 5445 19 .1518207E+11   3400023E-01 -.2604E+02  .1373E+01   .9999999 -.0001766 -.0000819
T 5446 19 .1518296E+11   3400008E-01 -.1823E+02 -.2306E+00   .9999999 -.0000973 -.0000222
T 5447 19 .1518132E+11   3400010E-01 -.6530E+02  .1237E+02   .9999999 -.0005285  .0001284
T 5448 19 .1518189E+11   3400012E-01  .4624E+02 -.1363E+03   .9999989  .0005327 -.0013662
T 5449 19 .1518166E+11   3400015E-01 -.2375E+02 -.4604E+02   .9999999 -.0002779 -.0002681
T 5450 19 .1518443E+11   3400000E-01 -.1689E+01 -.2492E+02   .9999999  .0000306 -.0000832
T 5451 19 .1518407E+11   3400004E-01  .1179E+03 -.2514E+02   .9999999  .0003688 -.0002215
T 5452 19 .1518311E+11   3400004E-01 -.1425E+02 -.1005E+02   .9999999  .0000144 -.0001439
T 5453 19 .1518247E+11   3400000E-01  .1782E+02 -.1990E+02   .9999999 -.0001237  .0001801
T 5454 19 .1518300E+11   3400008E-01  .3660E+02 -.1994E+01   .9999999  .0001740 -.0000810
T 5455 19 .1518414E+11   3400021E-01  .1202E+02 -.5101E+01   .9999999  .0000802 -.0000215
T 5456 19 .1518247E+11   3400016E-01 -.5843E+02 -.6860E+02   .9999999 -.0002954 -.0003617
T 5457 19 .1518214E+11   3400006E-01  .1698E+02 -.4431E+01   .9999999  .0000805 -.0003578
T 5458 19 .1518188E+11   3400012E-01  .1045E+02  .2308E+00   .9999999  .0000471 -.0001252
T 5459 19 .1518397E+11   3400014E-01  .4493E+01 -.2250E+02   .9999999  .0000546 -.0001633
T 5460 19 .1518374E+11   3400006E-01  .4058E+02 -.7823E+01   .9999999  .0000421 -.0001431
T 5461 19 .1518316E+11   3400010E-01  .6660E-01  .9047E+02   .9999998  .0000899  .0005471
T 5462 19 .1518243E+11   3400020E-01  .3175E+01  .3312E+02   .9999999  .0001159  .0001551
T 5463 19 .1518048E+11   3400003E-01  .3639E+02 -.2439E+02   .9999999  .0001356 -.0001584
T 5464 19 .1518174E+11   3400017E-01  .2927E+02 -.8713E+01   .9999999  .0004207  .0001607
T 5465 19 .1518198E+11   3400007E-01 -.1579E+02  .2666E+02   .9999999 -.0000942 -.0000071
T 5466 19 .1518171E+11   3400011E-01 -.2373E+02 -.3441E+02   .9999999 -.0003237 -.0001855
T 5467 19 .1518229E+11   3400016E-01  .6038E+02  .2393E+02   .9999999  .0003941  .0001241
T 5468 19 .1518200E+11   3400017E-01 -.2577E+02 -.1156E+02   .9999999  .0000127 -.0000553
T 5469 19 .1518188E+11   3400018E-01  .5015E+01 -.2035E+02   .9999999  .0000493 -.0003290
T 5470 19 .1518426E+11   3400017E-01  .1178E+02  .2039E+02   .9999999  .0001468  .0000764
T 5471 19 .1518381E+11   3400019E-01 -.9869E+01  .2827E+02   .9999999  .0000943  .0001698
T 5472 19 .1518353E+11   3400021E-01  .6204E+01 -.2232E+02   .9999999 -.0000261 -.0000069
T 5473 19 .1518329E+11   3400002E-01 -.2299E+02 -.3704E+02   .9999999 -.0003302 -.0002943
T 5474 19 .1518467E+11   3400010E-01 -.1425E+02 -.6700E+01   .9999999 -.0000137 -.0000855
T 5475 19 .1518156E+11   3400014E-01 -.1457E+01 -.3187E+02   .9999999  .0000109 -.0002616
T 5476 19 .1518252E+11   3400018E-01 -.8146E+01 -.3949E+02   .9999999 -.0000253 -.0002460
T 5477 19 .1518303E+11   3400013E-01  .2185E+02  .8320E+01   .9999999  .0002555 -.0000272
T 5478 19 .1518246E+11   3400000E-01  .4171E+02 -.8319E+02   .9999998  .0001738 -.0005248
T 5479 19 .1518485E+11   3400001E-01 -.2412E+02  .2881E+00   .9999999 -.0001206  .0000514
T 5480 19 .1518391E+11   3400010E-01 -.9291E+01 -.8312E+01   .9999999 -.0002387 -.0001631
T 5481 19 .1518259E+11   3400021E-01 -.1045E+02 -.2107E+02   .9999999 -.0002278 -.0000722
T 5482 19 .1518235E+11   3400012E-01 -.2382E+02  .3303E+01   .9999999 -.0002812  .0000375
T 5483 19 .1518427E+11   3400022E-01  .1065E+02 -.6324E+02   .9999999 -.0000012 -.0003582
T 5484 19 .1518306E+11   3400016E-01  .1560E+02  .2104E+02   .9999999  .0000302  .0001506
T 5485 19 .1518027E+11   3400022E-01  .2679E+02  .9491E+02   .9999999  .0001072  .0003469
T 5486 19 .1518343E+11   3400001E-01  .2901E+00 -.7121E+01   .9999999 -.0000923  .0000573
T 5487 19 .1518218E+11   3400022E-01 -.6153E+02 -.2911E+02   .9999999 -.0004201 -.0000900
T 5488 19 .1518273E+11   3400004E-01 -.5997E+02  .3223E+02   .9999998 -.0005871  .0003428
T 5489 19 .1518304E+11   3400011E-01  .3772E+02  .3366E+01   .9999999  .0003375  .0000295
T 5490 19 .1518478E+11   3400006E-01  .1188E+02 -.7835E+02   .9999997  .0001161 -.0007205
T 5491 19 .1518253E+11   3400010E-01  .4573E+01  .4232E+02   .9999999 -.0000226  .0001129
T 5492 19 .1518213E+11   3400018E-01 -.3081E+02 -.6132E+01   .9999999 -.0001738  .0000235
T 5493 19 .1518172E+11   3400010E-01 -.8817E+01  .1819E+02   .9999999 -.0002138  .0001432
T 5494 19 .1518156E+11   3400018E-01  .3593E+01 -.1475E+01   .9999999  .0000919  .0000769
T 5495 19 .1518201E+11   3400001E-01  .9241E+01 -.1657E+02   .9999999  .0001573 -.0003344
T 5496 19 .1518393E+11   3400000E-01  .2493E+02 -.7866E+01   .9999999  .0000046 -.0000012
T 5497 19 .1518302E+11   3400013E-01  .1699E+02  .4329E+01   .9999999  .0000423 -.0000006
T 5498 19 .1518348E+11   3400016E-01 -.8690E+01 -.2871E+02   .9999999 -.0001597 -.0002045
T 5499 19 .1518439E+11   3400019E-01  .2500E+02  .1346E+02   .9999999  .0000672  .0000124
T 5500 19 .1518213E+11   3400014E-01 -.6304E+00 -.2374E+02   .9999999 -.0000012 -.0002468
T 5501 19 .1518216E+11   3400004E-01 -.2283E+02 -.3491E+01   .9999999 -.0000800  .0001026
T 5502 19 .1518298E+11   3400017E-01  .2916E+00  .3626E+02   .9999999 -.0000357  .0001366
T 5503 19 .1518161E+11   3400021E-01  .1340E+02  .3414E+02   .9999999  .0000296  .0003393
T 5504 19 .1518243E+11   3400016E-01 -.2562E+02 -.6510E+01   .9999999 -.0002303  .0000947
T 5505 19 .1518116E+11   3400017E-01 -.2811E+02  .2953E+02   .9999999 -.0002864  .0003842
T 5506 19 .1518331E+11   3400022E-01  .2353E+02  .6881E+01   .9999999  .0002173  .0001050
T 5507 19 .1518116E+11   3400016E-01 -.5456E+02  .3485E+02   .9999999 -.0004930  .0000896
T 5508 19 .1518196E+11   3400023E-01 -.3600E+01 -.2955E+02   .9999999  .0000489 -.0001425
T 5509 19 .1518229E+11   3400021E-01 -.3233E+02  .2243E+02   .9999999 -.0003703  .0001354
T 5510 19 .1518330E+11   3400006E-01  .1779E+02 -.1143E+02   .9999999  .0002386 -.0000850
T 5511 19 .1518265E+11   3400022E-01 -.4564E+02  .5307E+02   .9999999 -.0003387  .0001403
T 5512 19 .1518524E+11   3400006E-01  .2733E+02  .8585E+01   .9999999  .0002480  .0000913
T 5513 19 .1518176E+11   3400018E-01 -.2799E+02 -.2194E+02   .9999999 -.0002680 -.0002696
T 5514 19 .1518231E+11   3400009E-01  .4768E+01 -.1548E+00   .9999999  .0001741 -.0000926
T 5515 19 .1518168E+11   3400019E-01 -.1670E+02  .1430E+02   .9999999 -.0001990  .0001597
T 5516 19 .1518184E+11   3400023E-01  .5080E+02  .4900E+02   .9999999  .0003314  .0003973
T 5517 19 .1518178E+11   3400002E-01  .1618E+02 -.2159E+02   .9999999  .0000764 -.0003155
T 5518 19 .1518483E+11   3400019E-01 -.1344E+03  .3628E+02   .9999979 -.0020031  .0005067
T 5519 19 .1518437E+11   3400015E-01 -.4762E+01  .4785E+01   .9999999  .0000994 -.0004127
T 5520 19 .1518197E+11   3400006E-01 -.4882E+02 -.6167E+01   .9999999 -.0002929  .0001531
T 5521 19 .1518291E+11   3400005E-01  .4088E+02 -.2435E+02   .9999999  .0002091 -.0003138
T 5522 19 .1518314E+11   3400019E-01  .8253E+01  .7718E+01   .9999999  .0001329 -.0000447
T 5523 19 .1518184E+11   3400022E-01  .4436E+02  .1020E+02   .9999999  .0003491  .0001664
T 5524 19 .1518374E+11   3400019E-01 -.1514E+02 -.1113E+01   .9999999 -.0002511  .0001068
T 5525 19 .1518290E+11   3400000E-01 -.5157E+01 -.1108E+01   .9999999 -.0001729 -.0000612
T 5526 19 .1518128E+11   3400023E-01  .1074E+01 -.2237E+02   .9999999 -.0000179 -.0002161
T 5527 19 .1518199E+11   3400016E-01 -.6212E+01 -.2424E+02   .9999999  .0000910 -.0001048
T 5528 19 .1518181E+11   3400008E-01 -.1504E+02  .6597E+02   .9999998 -.0001587  .0006698
T 5529 19 .1518140E+11   3400000E-01 -.7426E+00  .1674E+02   .9999999  .0001943  .0001280
T 5530 19 .1518404E+11   3400003E-01  .2034E+02 -.1369E+02   .9999999  .0002125 -.0000699
T 5531 19 .1518525E+11   3400009E-01  .3479E+02  .2647E+02   .9999999  .0002345  .0000538
T 5532 19 .1518409E+11   3400023E-01 -.2422E+02  .1348E+02   .9999999 -.0004408  .0000793
T 5533 19 .1518203E+11   3400018E-01 -.4635E+02 -.1903E+02   .9999999 -.0003755 -.0002670
T 5534 19 .1518362E+11   3400010E-01  .3153E+02  .5492E+01   .9999999  .0003619  .0001004
T 5535 19 .1518434E+11   3400014E-01  .1376E+01  .6709E+02   .9999999  .0000228  .0003678
T 5536 19 .1518372E+11   3400015E-01  .2088E+02 -.3436E+02   .9999999  .0001283 -.0002401
T 5537 19 .1518326E+11   3400016E-01  .2918E+00 -.4027E+01   .9999999  .0000580 -.0001436
T 5538 19 .1518252E+11   3400022E-01  .1093E+02  .1237E+02   .9999999  .0000222  .0000220
T 5539 19 .1517996E+11   3400009E-01  .3490E+02 -.3488E+02   .9999999  .0003568 -.0002745
T 5540 19 .1518309E+11   3400015E-01 -.3784E+01 -.3397E+02   .9999999 -.0000194 -.0002777
T 5541 19 .1518282E+11   3400005E-01  .8583E+02 -.2222E+01   .9999999  .0005068 -.0001235
T 5542 19 .1518398E+11   3400002E-01 -.2026E+02 -.1886E+02   .9999999 -.0001103 -.0001224
T 5543 19 .1518303E+11   3400000E-01  .1747E+01 -.1480E+02   .9999999 -.0000056 -.0001082
T 5544 19 .1518346E+11   3400002E-01  .1054E+01  .1267E+01   .9999999 -.0001266  .0000284
T 5545 19 .1518244E+11   3400021E-01  .3948E+02 -.2771E+02   .9999999  .0004351 -.0002934
T 5546 19 .1518216E+11   3400018E-01 -.9762E+01  .4346E+02   .9999999 -.0000798  .0003841
T 5547 19 .1518039E+11   3400017E-01 -.4364E+02 -.1989E+02   .9999999 -.0002594 -.0003158
T 5548 19 .1518217E+11   3400017E-01 -.1520E+02  .5204E+01   .9999999 -.0001597  .0000079
T 5549 19 .1518269E+11   3400013E-01  .4782E+01  .2937E+02   .9999999  .0000996  .0002728
T 5550 19 .1518279E+11   3400004E-01  .4558E+02  .1358E+02   .9999999  .0002337  .0000754
T 5551 19 .1518268E+11   3400022E-01 -.4001E+02  .9568E+01   .9999999 -.0001973 -.0000667
T 5552 19 .1518429E+11   3400021E-01 -.5269E+01  .2713E+02   .9999999  .0000769  .0000278
T 5553 19 .1518263E+11   3400009E-01  .1389E+02 -.3356E+02   .9999999  .0002302 -.0003450
T 5554 19 .1518339E+11   3400013E-01 -.8322E+01  .7248E+01   .9999999 -.0000651  .0000801
T 5555 19 .1518157E+11   3400007E-01  .7550E+01 -.4697E+02   .9999999 -.0000994 -.0004801
T 5556 19 .1518234E+11   3400016E-01 -.1738E+02 -.1069E+02   .9999999 -.0000174  .0000306
T 5557 19 .1518327E+11   3400011E-01  .1245E+02  .1844E+02   .9999999 -.0000138 -.0000863
T 5558 19 .1518282E+11   3400019E-01 -.7575E+01 -.4330E+01   .9999999 -.0001098 -.0001066
T 5559 19 .1518315E+11   3400004E-01 -.2136E+02  .5406E+02   .9999999 -.0001222  .0004512
T 5560 19 .1518242E+11   3400021E-01  .3676E+02  .1719E+02   .9999999  .0000625  .0000964
T 5561 19 .1518246E+11   3400013E-01  .1975E+03  .2126E+03   .9999986  .0012436  .0010967
T 5562 19 .1518377E+11   3400006E-01  .7262E+01 -.2944E+02   .9999999  .0000768 -.0001047
T 5563 19 .1518198E+11   3400022E-01  .4776E+02 -.2934E+02   .9999999  .0001577 -.0002576
T 5564 19 .1518373E+11   3400016E-01  .1055E+02  .2239E+02   .9999999  .0000970  .0000323
T 5565 19 .1518403E+11   3400013E-01 -.2105E+02 -.1346E+02   .9999999 -.0001098 -.0001272
T 5566 19 .1518585E+11   3400011E-01 -.1619E+02  .1883E+02   .9999999  .0000320  .0003083
T 5567 19 .1518447E+11   3400013E-01  .3841E+02 -.3354E+02   .9999999  .0002625 -.0002776
T 5568 19 .1518270E+11   3400012E-01 -.1384E+02 -.6040E+01   .9999999 -.0001129 -.0000699
T 5569 19 .1518029E+11   3400008E-01 -.5418E+02  .1950E+02   .9999999 -.0002790  .0001415
T 5570 19 .1518368E+11   3400004E-01  .1289E+02  .2696E+02   .9999999  .0004039  .0000693
T 5571 19 .1518324E+11   3400018E-01  .9474E+01  .3350E+02   .9999999  .0001993  .0001844
T 5572 19 .1518311E+11   3400006E-01 -.1709E+02 -.3482E+02   .9999999 -.0001452 -.0001399
T 5573 19 .1518426E+11   3400017E-01  .2418E+02 -.5550E+02   .9999999  .0001558 -.0002380
T 5574 19 .1518325E+11   3400019E-01  .3379E+02 -.2814E+02   .9999999  .0002242 -.0001417
T 5575 19 .1518118E+11   3400007E-01 -.1219E+02 -.2560E+02   .9999999 -.0001210 -.0003288
T 5576 19 .1518192E+11   3400005E-01 -.1417E+02  .1361E+02   .9999999  .0001238 -.0001070
T 5577 19 .1518272E+11   3400001E-01  .1734E+02  .6103E+01   .9999999  .0000434  .0000830
T 5578 19 .1518207E+11   3400023E-01  .2818E+01 -.7932E+00   .9999997 -.0005477 -.0004899
T 5579 19 .1518122E+11   3400001E-01 -.6363E+02  .5308E+02   .9999999 -.0003150  .0002561
T 5580 19 .1518164E+11   3400010E-01  .9582E+01 -.3364E+02   .9999999  .0001257 -.0002420
T 5581 19 .1518354E+11   3400013E-01 -.3685E+02  .3595E+02   .9999999 -.0002607  .0001612
T 5582 19 .1518565E+11   3400019E-01 -.3289E+02 -.3089E+02   .9999999 -.0002514 -.0002063
T 5583 19 .1518216E+11   3400019E-01  .1138E+01 -.3184E+01   .9999999 -.0000793  .0000274
T 5584 19 .1518288E+11   3400001E-01 -.4537E+02  .1191E+02   .9999999 -.0003342  .0001735
T 5585 19 .1518268E+11   3400009E-01  .7272E+01 -.8792E+01   .9999999  .0001216 -.0000893
T 5586 19 .1518187E+11   3400001E-01  .2432E+02  .7278E+02   .9999787 -.0024412  .0060464
T 5587 19 .1518205E+11   3400007E-01  .1321E+02  .2297E+02   .9999999  .0000687  .0001154
T 5588 19 .1518193E+11   3400020E-01 -.1816E+02 -.2340E+02   .9999999 -.0002413 -.0001985
T 5589 19 .1518337E+11   3400010E-01 -.7735E+01  .3308E+02   .9999999  .0000446  .0001290
T 5590 19 .1518312E+11   3400006E-01  .5822E+01  .3869E+02   .9999999 -.0000230  .0004201
T 5591 19 .1518290E+11   3400015E-01  .1146E+01 -.7904E+01   .9999999 -.0000294  .0000856
T 5592 19 .1518393E+11   3400020E-01 -.1803E+02 -.1224E+02   .9999999 -.0000546 -.0001428
T 5593 19 .1518241E+11   3400013E-01 -.6834E+01  .1113E+02   .9999999 -.0002373 -.0000112
T 5594 19 .1518342E+11   3400014E-01  .3758E+02 -.3540E+02   .9999998  .0005052 -.0002414
T 5595 19 .1518211E+11   3400009E-01 -.2995E+02 -.1918E+02   .9999999 -.0001083 -.0001560
T 5596 19 .1518365E+11   3400008E-01  .3110E+01 -.2428E+02   .9999999  .0000254  .0000040
T 5597 19 .1518307E+11   3400000E-01 -.9781E+00  .1044E+02   .9999999 -.0001604  .0002745
T 5598 19 .1518607E+11   3400011E-01  .1605E+02 -.5259E+01   .9999999  .0001804  .0000262
T 5599 19 .1518534E+11   3400019E-01  .2462E+03  .7371E+02   .9999986  .0016189  .0003604
T 5600 19 .1518159E+11   3400008E-01  .1913E+02 -.6090E+01   .9999999  .0000608 -.0003747
T 5601 19 .1518325E+11   3400019E-01  .4199E+02  .1728E+02   .9999999  .0002064  .0002499
T 5602 19 .1518463E+11   3400020E-01  .5018E+01 -.1044E+02   .9999999  .0001713 -.0000653
T 5603 19 .1518305E+11   3400022E-01  .4767E+02  .1117E+01   .9999999  .0003907  .0001342
T 5604 19 .1518215E+11   3400007E-01 -.5539E+01 -.2257E+02   .9999999  .0000208 -.0001586
T 5605 19 .1518149E+11   3400018E-01  .3269E+02  .1122E+02   .9999999  .0000930  .0000253
T 5606 19 .1518273E+11   3400019E-01  .4296E+02 -.3474E+02   .9999999  .0001550 -.0002336
T 5607 19 .1518361E+11   3400016E-01 -.1974E+02  .5236E+02   .9999999 -.0001454  .0004017
T 5608 19 .1518335E+11   3400008E-01  .6035E+02 -.1073E+02   .9999999  .0003092 -.0002084
T 5609 19 .1518262E+11   3400021E-01 -.3944E+02  .1061E+02   .9999999 -.0001947  .0001839
T 5610 19 .1518310E+11   3400020E-01  .1089E+02 -.2651E+02   .9999999  .0001157 -.0001768
T 5611 19 .1518143E+11   3400014E-01  .6749E+01 -.1752E+02   .9999999  .0000831 -.0001007
T 5612 19 .1518270E+11   3400015E-01  .5285E+01 -.3511E+01   .9999999  .0001013  .0000111
T 5613 19 .1518210E+11   3400017E-01  .1295E+02 -.5003E+02   .9999999  .0002779 -.0003569
T 5614 19 .1518292E+11   3400022E-01 -.2084E+02 -.2768E+01   .9999999 -.0000843 -.0000547
T 5615 19 .1518343E+11   3400006E-01  .4623E+02  .3371E+02   .9999998  .0005053  .0004151
T 5616 19 .1518406E+11   3400022E-01 -.4071E+02 -.3325E+02   .9999999 -.0003085 -.0001984
T 5617 19 .1518173E+11   3400021E-01 -.2951E+02  .2776E+02   .9999999 -.0002118  .0002743
T 5618 19 .1518323E+11   3400018E-01  .2968E+02  .1321E+02   .9999999  .0003209  .0001426
T 5619 19 .1518262E+11   3400007E-01  .1649E+01 -.7933E+01   .9999999  .0001053 -.0001677
T 5620 19 .1518298E+11   3400016E-01 -.4561E+02 -.2139E+02   .9999998 -.0004973  .0002710
T 5621 19 .1518287E+11   3400007E-01  .3889E+02  .1607E+02   .9999999  .0001332  .0001274
T 5622 19 .1518299E+11   3400014E-01 -.6411E+01 -.3559E+01   .9999999 -.0000348 -.0000381
T 5623 19 .1518131E+11   3400022E-01  .3331E+02 -.1255E+00   .9999999 -.0001993  .0000287
T 5624 19 .1518294E+11   3400001E-01  .2491E+02  .1227E+02   .9999999  .0002414  .0001441
T 5625 19 .1518371E+11   3400017E-01  .3034E+02 -.2874E+01   .9999999  .0002877 -.0000509
T 5626 19 .1518237E+11   3400011E-01 -.4936E+00  .1449E+01   .9999999  .0000382 -.0000308
T 5627 19 .1518383E+11   3400022E-01 -.2040E+02 -.6690E+01   .9999999 -.0001021  .0002108
T 5628 19 .1518112E+11   3400005E-01 -.6329E+01 -.1896E+02   .9999999 -.0001307 -.0001113
T 5629 19 .1518330E+11   3400008E-01  .1449E+02 -.6931E+01   .9999999  .0000323  .0001216
T 5630 19 .1518242E+11   3400022E-01 -.2205E+02 -.4973E+02   .9999999 -.0000413 -.0003689
T 5631 19 .1518438E+11   3400010E-01 -.1423E+01 -.9814E+01   .9999999  .0000324  .0000294
T 5632 19 .1517868E+11   3400014E-01 -.1118E+02 -.2734E+00   .9999999  .0000038 -.0000472
T 5633 19 .1518196E+11   3400002E-01  .1515E+02 -.9453E+00   .9999999  .0003950 -.0000372
T 5634 19 .1518250E+11   3400023E-01  .1432E+02 -.6915E+00   .9999999  .0000788  .0002519
T 5635 19 .1518272E+11   3400015E-01 -.2705E+01  .1276E+02   .9999999 -.0000434 -.0000187
T 5636 19 .1518283E+11   3400005E-01 -.2083E+02  .2449E+02   .9999999 -.0002525  .0002037
T 5637 19 .1518164E+11   3400004E-01 -.1441E+02 -.4138E+02   .9999999 -.0000424 -.0002561
T 5638 19 .1518365E+11   3400012E-01 -.1950E+02  .4450E+01   .9999999 -.0004801 -.0000076
T 5639 19 .1518325E+11   3400023E-01 -.9316E+01  .1679E+02   .9999999 -.0000431 -.0000816
T 5640 19 .1518428E+11   3400011E-01  .2443E+02 -.6004E+02   .9999999  .0002092 -.0001327
T 5641 19 .1518211E+11   3400015E-01 -.6067E+02 -.2029E+02   .9999999 -.0003894 -.0003155
T 5642 19 .1518318E+11   3400023E-01 -.1543E+00  .1248E+02   .9999999 -.0000167  .0001530
T 5643 19 .1518319E+11   3400019E-01 -.3260E+02 -.1878E+00   .9999999 -.0004843  .0002435
T 5644 19 .1518303E+11   3400019E-01  .6910E+01 -.1869E+02   .9999999  .0000759 -.0002076
T 5645 19 .1518073E+11   3400004E-01 -.9579E+01 -.1588E+02   .9999999 -.0001805 -.0004204
T 5646 19 .1517988E+11   3400018E-01  .1189E+02  .4235E+01   .9999999  .0001344  .0000371
T 5647 19 .1518448E+11   3400018E-01  .2717E+01 -.4521E+02   .9999999  .0000175 -.0000331
T 5648 19 .1518142E+11   3400022E-01  .2478E+02  .5472E+02   .9999999  .0000784  .0003289
T 5649 19 .1518268E+11   3400016E-01 -.8401E+01  .4148E+01   .9999999  .0001136 -.0000934
T 5650 19 .1518377E+11   3400016E-01 -.3899E+01  .1242E+02   .9999999  .0000084  .0002225
T 5651 19 .1518206E+11   3400017E-01  .2644E+02 -.1830E+02   .9999999  .0002986  .0000935
T 5652 19 .1518374E+11   3400008E-01 -.1534E+02  .3244E+02   .9999999  .0000077  .0002985
T 5653 19 .1518425E+11   3400006E-01 -.7722E+01  .1076E+03   .9999997 -.0002377  .0007931
T 5654 19 .1518043E+11   3400017E-01  .2401E+02 -.3446E+02   .9999999  .0000457 -.0001789
T 5655 19 .1518418E+11   3400009E-01 -.1765E+02  .9192E+01   .9999999 -.0001736  .0001693
T 5656 19 .1518378E+11   3400013E-01  .1243E+02 -.4292E+02   .9999999  .0002473 -.0003816
T 5657 19 .1518105E+11   3400008E-01  .7182E+01 -.7106E+01   .9999999 -.0000659 -.0001749
T 5658 19 .1518308E+11   3400004E-01  .9766E+01 -.1494E+02   .9999999 -.0000498 -.0000035
T 5659 19 .1518348E+11   3400004E-01  .3240E+02 -.5776E+02   .9999997  .0003691 -.0006268
T 5660 19 .1518280E+11   3400021E-01  .2413E+02  .2268E+02   .9999999  .0000139  .0000399
T 5661 19 .1518158E+11   3400016E-01  .2615E+02 -.1251E+02   .9999999  .0002683 -.0001713
T 5662 19 .1518141E+11   3400006E-01 -.2463E+02  .9779E+01   .9999999 -.0002175 -.0000300
T 5663 19 .1518234E+11   3400000E-01 -.1279E+02  .3993E+01   .9999999 -.0000517  .0000331
T 5664 19 .1518172E+11   3400013E-01 -.5172E+02 -.6152E+02   .9999998 -.0003531 -.0004605
T 5665 19 .1518294E+11   3400020E-01 -.1676E+02 -.4506E+02   .9999999 -.0000214 -.0003425
T 5666 19 .1518459E+11   3400018E-01  .3151E+02 -.4916E+02   .9999999  .0002511 -.0004487
T 5667 19 .1518226E+11   3400005E-01  .1046E+02 -.6697E+02   .9999998  .0000391 -.0005653
T 5668 19 .1518371E+11   3400004E-01  .1104E+02  .2631E+02   .9999999  .0001232  .0002489
T 5669 19 .1518203E+11   3400018E-01  .9793E+00 -.3957E+01   .9999999 -.0001834  .0001361
T 5670 19 .1518095E+11   3400001E-01 -.1170E+02  .1223E+02   .9999999 -.0001388  .0000484
T 5671 19 .1518168E+11   3400010E-01  .3772E+01  .7853E+02   .9999999  .0000998  .0001567
T 5672 19 .1517945E+11   3400017E-01  .1907E+02 -.9628E+01   .9999999  .0001869 -.0002188
T 5673 19 .1518158E+11   3400017E-01  .1118E+02 -.2085E+02   .9999999  .0001862 -.0001348
T 5674 19 .1518128E+11   3400018E-01 -.2164E+02  .2514E+02   .9999999  .0001697  .0001836
T 5675 19 .1518277E+11   3400021E-01 -.5964E+02  .2196E+00   .9999999 -.0002932 -.0000572
T 5676 19 .1518446E+11   3400022E-01 -.2657E+01 -.2536E+02   .9999999  .0000639 -.0003471
T 5677 19 .1518273E+11   3400019E-01  .3257E+02 -.3276E+02   .9999999  .0000818 -.0001424
T 5678 19 .1518481E+11   3400012E-01 -.3930E+02 -.2690E+01   .9999999 -.0000775 -.0000129
T 5679 19 .1518268E+11   3400022E-01 -.2160E+02 -.9911E+01   .9999999 -.0001598  .0001188
T 5680 19 .1518295E+11   3400001E-01 -.1728E+02 -.3781E+01   .9999999 -.0001728 -.0002235
T 5681 19 .1518207E+11   3400004E-01  .4801E+02  .4831E+01   .9999999  .0002281 -.0000669
T 5682 19 .1518188E+11   3400016E-01  .4593E+02  .3865E+02   .9999999  .0001898  .0001759
T 5683 19 .1518176E+11   3400012E-01 -.4191E+02  .8096E+01   .9999999 -.0001002  .0000066
T 5684 19 .1518270E+11   3400021E-01 -.9354E+01 -.6240E+02   .9999999 -.0000352 -.0003451
T 5685 19 .1518308E+11   3400015E-01 -.4541E+02 -.6131E+02   .9999998 -.0001907 -.0005588
T 5686 19 .1518237E+11   3400003E-01  .5384E+02 -.6085E+02   .9999999  .0002944 -.0003163
T 5687 19 .1518319E+11   3400006E-01  .1686E+02 -.7458E+00   .9999999  .0001925 -.0001228
T 5688 19 .1518238E+11   3400016E-01 -.3719E+02 -.1651E+03   .9999926 -.0008529 -.0037416
T 5689 19 .1518078E+11   3400005E-01  .4211E+02  .5254E+01   .9999999  .0001693  .0000440
T 5690 19 .1518322E+11   3400020E-01  .8554E+01 -.1651E+02   .9999999 -.0000889 -.0001208
T 5691 19 .1518108E+11   3400018E-01  .3976E+02  .8295E+00   .9999999  .0002186 -.0000884
T 5692 19 .1518222E+11   3400019E-01  .1092E+02 -.3473E+02   .9999999 -.0000866 -.0000833
T 5693 19 .1518242E+11   3400007E-01 -.1129E+02  .1167E+02   .9999999 -.0000471  .0001091
T 5694 19 .1518408E+11   3400018E-01  .1784E+02 -.3208E+02   .9999999  .0001731 -.0003220
T 5695 19 .1518242E+11   3400022E-01  .5272E+02 -.2703E+02   .9999999  .0002543 -.0003091
T 5696 19 .1518175E+11   3400020E-01 -.1902E+02 -.1210E+02   .9999999 -.0000941 -.0000482
T 5697 19 .1518297E+11   3400016E-01 -.2342E+01  .2052E+02   .9999999  .0000452  .0000955
T 5698 19 .1518182E+11   3400015E-01  .1059E+02  .7947E+02   .9999999  .0003378  .0003785
T 5699 19 .1518314E+11   3400008E-01  .5647E+02  .9438E+01   .9999999  .0002663 -.0001714
T 5700 19 .1518138E+11   3400014E-01  .3576E+02 -.4048E+01   .9999999  .0001819  .0000972
T 5701 19 .1518319E+11   3400021E-01  .1403E+02  .1471E+02   .9999999 -.0001020  .0000457
T 5702 19 .1518133E+11   3400011E-01  .3255E+02 -.4400E+01   .9999999  .0001323  .0000135
T 5703 19 .1518431E+11   3400022E-01 -.9758E+01 -.6975E+01   .9999999 -.0001972  .0000709
T 5704 19 .1518196E+11   3400005E-01  .5960E+02  .6275E+02   .9999999  .0002346  .0002185
T 5705 19 .1518365E+11   3400000E-01 -.1820E+01 -.3177E+02   .9999999 -.0001227 -.0002310
T 5706 19 .1518338E+11   3400021E-01 -.5084E+01  .1049E+02   .9999999  .0000901  .0001314
T 5707 19 .1518260E+11   3400021E-01  .2993E+02  .1254E+02   .9999999  .0003948  .0002190
T 5708 19 .1518264E+11   3400001E-01  .9731E+01  .3969E+02   .9999999  .0004028  .0000857
T 5709 19 .1518323E+11   3400010E-01 -.1344E+02  .4615E+01   .9999999 -.0000049  .0000662
T 5710 19 .1518333E+11   3400022E-01 -.5250E+02 -.1661E+03   .9999990 -.0005824 -.0012985
T 5711 19 .1518192E+11   3400019E-01 -.1198E+03  .2680E+02   .9999992 -.0012182  .0003418
T 5712 19 .1518451E+11   3400008E-01  .4682E+01  .1380E+02   .9999999 -.0001357  .0001567
T 5713 19 .1518114E+11   3400000E-01  .2873E+02  .5251E+01   .9999999  .0002222  .0001301
T 5714 19 .1518234E+11   3400007E-01 -.1932E+01 -.3430E+02   .9999999 -.0000208 -.0001294
T 5715 19 .1518288E+11   3400021E-01  .4620E+01  .8223E+01   .9999999 -.0000026 -.0000405
T 5716 19 .1518253E+11   3400016E-01  .2948E+02  .2064E+02   .9999998  .0004875  .0003512
T 5717 19 .1518378E+11   3400001E-01 -.2586E+02  .5224E+02   .9999999 -.0001667  .0003007
T 5718 19 .1518299E+11   3400012E-01  .8515E+01  .6270E+01   .9999999  .0000395  .0001445
T 5719 19 .1518488E+11   3400004E-01  .3761E+01  .3132E+02   .9999999  .0000957  .0002880
T 5720 19 .1518136E+11   3400019E-01  .4536E+02 -.3247E+02   .9999999  .0003863 -.0003468
T 5721 19 .1518292E+11   3400018E-01  .1021E+02  .1227E+02   .9999999 -.0002220 -.0000017
T 5722 19 .1518183E+11   3400012E-01  .8281E+02 -.2354E+02   .9999997  .0007754 -.0000140
T 5723 19 .1518217E+11   3400020E-01  .1709E+02 -.1171E+02   .9999999  .0000644 -.0000772
T 5724 19 .1518284E+11   3400017E-01 -.2776E+02  .5008E+00   .9999999 -.0002199 -.0000578
T 5725 19 .1518263E+11   3400007E-01  .2748E+02  .3563E+01   .9999999  .0000340 -.0000138
T 5726 19 .1518248E+11   3400011E-01  .3716E+02  .4825E+02   .9999999  .0000878  .0002568
T 5727 19 .1518236E+11   3400017E-01 -.2284E+02 -.3786E+02   .9999999 -.0000648 -.0002685
T 5728 19 .1518088E+11   3400017E-01 -.9813E+01  .5314E+02   .9999999  .0001620  .0004531
T 5729 19 .1518343E+11   3400003E-01  .1354E+02 -.1959E+02   .9999999  .0000941 -.0001077
T 5730 19 .1518187E+11   3400020E-01  .4300E+00  .4972E+02   .9999999 -.0001261  .0002766
T 5731 19 .1518375E+11   3400006E-01  .7552E+01 -.2963E+01   .9999998  .0000041 -.0005524
T 5732 19 .1518265E+11   3400019E-01 -.3489E+02 -.1036E+02   .9999999 -.0000975 -.0000776
T 5733 19 .1518239E+11   3400004E-01  .1714E+02  .1316E+02   .9999999  .0001260  .0000995
T 5734 19 .1518243E+11   3400023E-01 -.4122E+02 -.1968E+02   .9999999 -.0002993  .0001643
T 5735 19 .1518321E+11   3400023E-01 -.7779E+02 -.1006E+02   .9999997 -.0006953 -.0001369
T 5736 19 .1518200E+11   3400016E-01  .3126E+02  .1656E+02   .9999999  .0001178 -.0000084
T 5737 19 .1518317E+11   3400012E-01 -.3689E+02  .4029E+02   .9999999 -.0000846  .0002496
T 5738 19 .1518159E+11   3400007E-01 -.1247E+03  .7546E+01   .9999996 -.0008408  .0001024
T 5739 19 .1518168E+11   3400016E-01  .2979E+02  .6718E+01   .9999998  .0005212  .0002806
T 5740 19 .1518404E+11   3400020E-01  .7122E+01  .2273E+02   .9999999 -.0000393  .0000225
T 5741 19 .1518298E+11   3400000E-01  .2492E+02 -.2931E+02   .9999999  .0002126 -.0001045
T 5742 19 .1518342E+11   3400013E-01  .3514E+02  .1821E+02   .9999999  .0003475  .0002716
T 5743 19 .1518255E+11   3400013E-01  .6778E+02 -.3827E+02   .9999998  .0004204 -.0004627
T 5744 19 .1518251E+11   3400016E-01  .6482E+01  .2805E+02   .9999999 -.0000861  .0002659
T 5745 19 .1518262E+11   3400018E-01 -.5596E+02 -.1267E+02   .9999999 -.0003708 -.0001676
T 5746 19 .1518146E+11   3400014E-01  .1318E+02  .7448E+02   .9999999 -.0000499  .0005347
T 5747 19 .1518196E+11   3400004E-01 -.1314E+02 -.1733E+02   .9999999 -.0001377 -.0000999
T 5748 19 .1518258E+11   3400023E-01  .1209E+02  .9719E+01   .9999999 -.0000368  .0001299
T 5749 19 .1518376E+11   3400004E-01 -.2289E+02 -.5668E+02   .9999999  .0000248 -.0001886
T 5750 19 .1518287E+11   3400009E-01  .1052E+02  .4824E+02   .9999999  .0002128  .0003285
T 5751 19 .1518144E+11   3400012E-01 -.2516E+02 -.8419E+01   .9999999 -.0000766  .0001241
T 5752 19 .1518315E+11   3400021E-01  .4942E+02 -.3360E+02   .9999998  .0003387 -.0004789
T 5753 19 .1518170E+11   3400019E-01  .2717E+02  .4694E+02   .9999999  .0000055  .0002232
T 5754 19 .1518209E+11   3400014E-01 -.4993E+02  .3868E+01   .9999998 -.0006678 -.0000354
T 5755 19 .1518437E+11   3400010E-01  .2223E+01  .3662E+02   .9999999 -.0001930  .0001901
T 5756 19 .1518182E+11   3400009E-01  .1787E+02  .3692E+01   .9999999 -.0001607  .0001175
T 5757 19 .1518288E+11   3400010E-01  .5948E+01 -.6899E+01   .9999999  .0000579 -.0000657
T 5758 19 .1518256E+11   3400020E-01 -.3379E+02 -.1412E+02   .9999999 -.0002219  .0000471
T 5759 19 .1518292E+11   3400011E-01 -.1611E+02  .1597E+02   .9999998  .0005281  .0001622
T 5760 19 .1518432E+11   3400010E-01 -.1112E+01 -.2559E+02   .9999999 -.0000068 -.0002115
T 5761 19 .1518042E+11   3400004E-01 -.2068E+02  .1183E+02   .9999999 -.0001570  .0000265
T 5762 19 .1518214E+11   3400021E-01  .4346E+01  .2112E+02   .9999999 -.0000091 -.0000489
T 5763 19 .1518366E+11   3400012E-01 -.7970E+01 -.1327E+02   .9999999  .0000178 -.0000713
T 5764 19 .1518040E+11   3400000E-01 -.3207E+02  .1589E+02   .9999999 -.0002517  .0001846
T 5765 19 .1518144E+11   3400008E-01 -.2839E+02 -.4252E+02   .9999999 -.0001218  .0000484
T 5766 19 .1518378E+11   3400020E-01 -.1306E+02 -.3346E+00   .9999999 -.0000679  .0000004
T 5767 19 .1517993E+11   3400004E-01 -.5613E+01  .1027E+01   .9999999  .0000361  .0001304
T 5768 19 .1518275E+11   3400015E-01 -.2696E+02 -.2732E+02   .9999999  .0000566 -.0000179
T 5769 19 .1518377E+11   3400022E-01  .3433E+01  .3698E+02   .9999999 -.0001079 -.0000889
T 5770 19 .1518394E+11   3400020E-01  .3370E+02  .4058E-01   .9999999 -.0000347 -.0001509
T 5771 19 .1518257E+11   3400008E-01 -.1532E+02  .1534E+02   .9999999 -.0001970 -.0000433
T 5772 19 .1518386E+11   3400014E-01  .6521E+01 -.7739E+02   .9999999 -.0003084 -.0003157
T 5773 19 .1518337E+11   3400015E-01  .2341E+02 -.2413E+02   .9999999  .0001785 -.0001983
T 5774 19 .1518334E+11   3400019E-01  .1802E+02 -.9959E+00   .9999999  .0001446  .0000827
T 5775 19 .1518323E+11   3400014E-01  .1874E+02 -.6906E+02   .9999999  .0001138 -.0003912
T 5776 19 .1518017E+11   3400004E-01 -.4307E+01 -.9848E+01   .9999999  .0000164 -.0001292
T 5777 19 .1518242E+11   3400022E-01  .2643E+02 -.3985E+02   .9999999  .0002660 -.0002817
T 5778 19 .1518437E+11   3400014E-01 -.4483E+02 -.3272E+02   .9999999 -.0002076 -.0001853
T 5779 19 .1518337E+11   3400008E-01 -.1956E+02 -.4990E+02   .9999999 -.0002137 -.0003873
T 5780 19 .1518221E+11   3400007E-01  .4863E+02 -.1084E+02   .9999999  .0002702  .0000687
T 5781 19 .1518161E+11   3400014E-01 -.4667E+02 -.6160E+02   .9999999 -.0002829 -.0002270
T 5782 19 .1518199E+11   3400016E-01 -.1294E+03 -.2067E+03   .9999994 -.0004901 -.0009542
T 5783 19 .1518291E+11   3400013E-01  .1776E+02  .7555E+01   .9999999  .0001679  .0001533
T 5784 19 .1517938E+11   3400022E-01  .3543E+02 -.4417E+01   .9999999  .0002339 -.0000217
T 5785 19 .1518414E+11   3400014E-01 -.2247E+02 -.2275E+02   .9999999 -.0003080 -.0003217
T 5786 19 .1518303E+11   3400021E-01 -.3846E+01  .1280E+02   .9999999 -.0000176 -.0000290
T 5787 19 .1518481E+11   3400010E-01 -.4485E+02 -.1141E+02   .9999998 -.0005984  .0001531
T 5788 19 .1518313E+11   3400015E-01  .1785E+02 -.4198E+02   .9999999  .0001180 -.0002640
T 5789 19 .1518209E+11   3400001E-01 -.1156E+02  .4570E+01   .9999999 -.0000764  .0001619
T 5790 19 .1518064E+11   3400010E-01 -.5493E+02  .4065E+01   .9999999 -.0004894  .0002132
T 5791 19 .1518134E+11   3400011E-01  .5162E+00  .1135E+01   .9999999 -.0000567  .0002863
T 5792 19 .1518301E+11   3400001E-01  .5995E+02  .3272E+02   .9999998  .0005135  .0001925
T 5793 19 .1518444E+11   3400020E-01  .1018E+03 -.2964E+03   .9999990  .0004281 -.0013710
T 5794 19 .1518234E+11   3400019E-01 -.1284E+02  .5249E+02   .9999999 -.0000915  .0002934
T 5795 19 .1518223E+11   3400011E-01  .1033E+02 -.3188E+02   .9999999  .0001011 -.0003606
T 5796 19 .1518238E+11   3400007E-01 -.2625E+02  .3738E+02   .9999999 -.0002278  .0001116
T 5797 19 .1518125E+11   3400022E-01 -.2411E+02  .2271E+02   .9999999 -.0000094  .0002706
T 5798 19 .1518311E+11   3400012E-01  .2516E+02  .1454E+02   .9999999  .0003203  .0003005
T 5799 19 .1518086E+11   3400003E-01 -.1901E+02  .9355E+00   .9999999 -.0000916  .0001996
T 5800 19 .1518337E+11   3400013E-01  .2099E+02  .3464E+01   .9999999  .0001719 -.0000102
T 5801 19 .1518024E+11   3400022E-01 -.2623E+02 -.9713E+01   .9999999 -.0002991 -.0001720
T 5802 19 .1518465E+11   3400014E-01 -.2964E+02  .2018E+02   .9999999 -.0001297  .0000862
T 5803 19 .1518299E+11   3400019E-01  .2757E+02  .6651E+01   .9999999  .0003220  .0000579
T 5804 19 .1518400E+11   3400019E-01 -.2211E+02 -.2543E+02   .9999999 -.0002997 -.0002299
T 5805 19 .1518291E+11   3400021E-01 -.1771E+02 -.2353E+02   .9999999 -.0001322  .0000641
T 5806 19 .1518288E+11   3400007E-01 -.2125E+02  .4573E+01   .9999999 -.0000517 -.0000504
T 5807 19 .1518179E+11   3400019E-01  .7595E+01  .4758E+02   .9999999  .0000573  .0002544
T 5808 19 .1518262E+11   3400014E-01 -.3991E+02  .1285E+02   .9999999 -.0001836  .0000842
T 5809 19 .1518277E+11   3400011E-01 -.1923E+02 -.1035E+02   .9999999  .0000070 -.0000810
T 5810 19 .1518452E+11   3400022E-01  .1281E+02  .6108E+01   .9999999 -.0000749  .0001879
T 5811 19 .1518224E+11   3400005E-01 -.2412E+02 -.4467E+02   .9999999 -.0000555 -.0001554
T 5812 19 .1518369E+11   3400008E-01 -.4080E+01 -.7623E+01   .9999999 -.0000576 -.0001241
T 5813 19 .1518236E+11   3400019E-01 -.4069E+02 -.1536E+02   .9999999 -.0003736 -.0001354
T 5814 19 .1518275E+11   3400005E-01 -.2629E+02  .2480E+02   .9999999 -.0001444  .0001194
T 5815 19 .1518299E+11   3400023E-01 -.1592E+02 -.5067E+02   .9999999 -.0001698 -.0003293
T 5816 19 .1518162E+11   3400004E-01  .1446E+02  .1762E+02   .9999999 -.0000522  .0003104
T 5817 19 .1518344E+11   3400023E-01  .9315E+01 -.5040E+02   .9999999  .0001232 -.0002866
T 5818 19 .1518276E+11   3400006E-01 -.1688E+02  .1848E+02   .9999999 -.0001877  .0002512
T 5819 19 .1518348E+11   3400016E-01 -.3210E+02 -.2438E+01   .9999999 -.0000619 -.0000269
T 5820 19 .1518122E+11   3400020E-01  .5477E+01  .2192E+02   .9999999  .0001381  .0000202
T 5821 19 .1518347E+11   3400014E-01 -.1783E+02  .2312E+02   .9999999 -.0001287  .0000821
T 5822 19 .1518091E+11   3400011E-01  .7698E+01 -.9616E+01   .9999999 -.0000369 -.0002650
T 5823 19 .1518484E+11   3400019E-01  .1047E+02  .4242E+01   .9999999  .0002213 -.0000171
T 5824 19 .1518228E+11   3400000E-01  .8103E+01 -.1858E+02   .9999999  .0001056  .0000304
T 5825 19 .1518328E+11   3400003E-01  .3626E+02  .2666E+01   .9999999  .0003845 -.0001662
T 5826 19 .1518132E+11   3400000E-01 -.9418E+02  .1742E+02   .9999996 -.0008721  .0000642
T 5827 19 .1518360E+11   3400022E-01  .1028E+02  .6331E+01   .9999999  .0000828 -.0002678
T 5828 19 .1518112E+11   3400006E-01 -.1560E+02  .1858E+02   .9999999  .0000082  .0000988
T 5829 19 .1518205E+11   3400019E-01 -.1030E+02  .3643E+02   .9999999  .0000664  .0002212
T 5830 19 .1518413E+11   3400023E-01  .2569E+02 -.4709E+01   .9999999  .0001700  .0000423
T 5831 19 .1518316E+11   3400019E-01 -.1421E+02 -.1796E+02   .9999999 -.0001185 -.0001167
T 5832 19 .1518302E+11   3400007E-01  .1788E+02  .2145E+02   .9999999 -.0003512  .0003269
T 5833 19 .1518343E+11   3400009E-01 -.6199E+02 -.3140E+02   .9999999 -.0003335 -.0001786
T 5834 19 .1518264E+11   3400000E-01  .1430E+02 -.2870E+02   .9999999 -.0000679 -.0000357
T 5835 19 .1518318E+11   3400008E-01 -.2009E+03  .6786E+02   .9999996 -.0006824  .0005391
T 5836 19 .1518174E+11   3400010E-01  .2286E+01  .1104E+02   .9999999  .0000872  .0002539
T 5837 19 .1518392E+11   3400008E-01  .3998E+02  .9904E+02   .9999998  .0002653  .0005926
T 5838 19 .1518298E+11   3400020E-01  .5091E+02 -.6665E+02   .9999999  .0002002 -.0003746
T 5839 19 .1518450E+11   3400002E-01 -.9039E+01  .2312E+02   .9999999 -.0001035  .0000861
T 5840 19 .1518241E+11   3400016E-01 -.6980E+01  .3041E+02   .9999999  .0000210  .0000471
T 5841 19 .1518130E+11   3400016E-01  .3053E+02 -.1945E+02   .9999999  .0002174 -.0001289
T 5842 19 .1518059E+11   3400009E-01 -.4723E+02  .1058E+03   .9999997 -.0003362  .0007339
T 5843 19 .1518197E+11   3400022E-01  .5102E+02  .3596E+02   .9999999  .0003365  .0002864
T 5844 19 .1518165E+11   3400013E-01 -.1531E+02 -.8930E+01   .9999999 -.0001722 -.0000585
T 5845 19 .1518164E+11   3400020E-01 -.4002E+02  .5480E+02   .9999999 -.0003493  .0003895
T 5846 19 .1518034E+11   3400022E-01  .2166E+02  .3740E+02   .9999999  .0001463  .0002452
T 5847 19 .1518367E+11   3400015E-01  .1942E+01 -.3650E+01   .9999999  .0000100 -.0000545
T 5848 19 .1518545E+11   3400015E-01 -.2175E+02 -.6803E+02   .9999998  .0000336 -.0005625
T 5849 19 .1518267E+11   3400021E-01  .4096E+00  .4470E+02   .9999999 -.0001919  .0002941
T 5850 19 .1518247E+11   3400003E-01 -.1686E+02 -.3823E+02   .9999999 -.0002368 -.0002137
T 5851 19 .1518543E+11   3400003E-01  .2643E+02  .1901E+02   .9999999  .0000530  .0002544
T 5852 19 .1518348E+11   3400016E-01 -.8940E+01 -.1812E+02   .9999999  .0000207 -.0000175
T 5853 19 .1517969E+11   3400023E-01  .2589E+02 -.7708E+01   .9999999  .0001811  .0000852
T 5854 19 .1518334E+11   3400012E-01 -.4885E+01  .2524E+02   .9999999 -.0001683 -.0000293
T 5855 19 .1518303E+11   3400005E-01 -.4901E+00  .1827E+02   .9999999 -.0001188 -.0000909
T 5856 19 .1518100E+11   3400015E-01  .5916E+02 -.4314E+02   .9999999  .0002768 -.0001342
T 5857 19 .1518130E+11   3400005E-01 -.1602E+01  .1487E+01   .9999999  .0001077 -.0000762
T 5858 19 .1518304E+11   3400021E-01  .1240E+02  .1312E+02   .9999999  .0000593  .0000024
T 5859 19 .1518152E+11   3400010E-01  .1845E+02  .4771E+02   .9999999  .0000818  .0003684
T 5860 19 .1518333E+11   3400014E-01  .7269E+01  .3274E+02   .9999999  .0000422  .0002264
T 5861 19 .1518252E+11   3400010E-01 -.1758E+02 -.1724E+02   .9999999 -.0001441 -.0002087
T 5862 19 .1518336E+11   3400009E-01 -.1775E+02 -.3778E+02   .9999999 -.0001943 -.0001764
T 5863 19 .1518335E+11   3400008E-01 -.7466E+01  .5108E+01   .9999999  .0000887 -.0001276
T 5864 19 .1518168E+11   3400014E-01 -.2093E+02 -.1865E+02   .9999999 -.0000251 -.0002630
T 5865 19 .1518465E+11   3400021E-01 -.1556E+02  .5279E+02   .9999999 -.0000834  .0002689
T 5866 19 .1518408E+11   3400019E-01  .1030E+02 -.2882E+02   .9999999  .0001423 -.0002415
T 5867 19 .1518292E+11   3400002E-01 -.5336E+01 -.3049E+02   .9999999 -.0001225 -.0001221
T 5868 19 .1518417E+11   3400017E-01 -.1660E+02 -.3986E+02   .9999999 -.0002971 -.0003137
T 5869 19 .1518361E+11   3400021E-01  .5496E+01 -.2257E+02   .9999999  .0000684 -.0002079
T 5870 19 .1518327E+11   3400020E-01 -.5141E+01  .2680E+02   .9999999 -.0000366  .0001051
T 5871 19 .1518023E+11   3400008E-01  .1506E+02  .9733E+01   .9999999  .0001437  .0000691
T 5872 19 .1518471E+11   3400012E-01  .2505E+02  .3724E+02   .9999999  .0001426  .0000748
T 5873 19 .1518351E+11   3400004E-01  .7237E+02 -.5478E+02   .9999999  .0004840 -.0000787
T 5874 19 .1518333E+11   3400021E-01  .2790E+02  .2079E+02   .9999999  .0003416  .0000916
T 5875 19 .1518256E+11   3400010E-01 -.3688E+02 -.2257E+02   .9999999 -.0003201 -.0002434
T 5876 19 .1518247E+11   3400001E-01  .3673E+02 -.6539E+02   .9999989  .0007334 -.0012767
T 5877 19 .1518406E+11   3400001E-01  .8300E+02  .2842E+02   .9999996  .0008069  .0003404
T 5878 19 .1518102E+11   3400016E-01  .1917E+02 -.5009E+02   .9999999  .0000239 -.0002422
T 5879 19 .1518221E+11   3400017E-01  .3309E+02 -.1359E+02   .9999999  .0002846 -.0001722
T 5880 19 .1518340E+11   3400022E-01  .2515E+02 -.3470E+02   .9999999  .0003568 -.0003598
T 5881 19 .1518275E+11   3400021E-01 -.5319E+01 -.4391E+01   .9999999 -.0000101  .0000636
T 5882 19 .1518268E+11   3400009E-01 -.2449E+02 -.2297E+02   .9999999 -.0002481 -.0000134
T 5883 19 .1518110E+11   3400005E-01 -.1763E+02 -.3991E+01   .9999999 -.0000377 -.0000045
T 5884 19 .1518479E+11   3400003E-01  .2286E+02  .3670E+02   .9999999  .0002307  .0002242
T 5885 19 .1518314E+11   3400001E-01 -.3634E+01  .5536E+02   .9999999 -.0001729  .0003555
T 5886 19 .1518359E+11   3400015E-01 -.1098E+01  .3355E+02   .9999999 -.0000509  .0002933
T 5887 19 .1518140E+11   3400021E-01  .1982E+02  .2286E+02   .9999999  .0002195  .0001325
T 5888 19 .1518311E+11   3400007E-01  .8829E+01  .2996E+02   .9999999  .0001347  .0001976
T 5889 19 .1518139E+11   3400018E-01 -.4659E+01  .1122E+02   .9999999 -.0000109  .0001271
T 5890 19 .1518291E+11   3400006E-01 -.1282E+02  .2677E+02   .9999999  .0000272  .0000219
T 5891 19 .1518325E+11   3400012E-01 -.1738E+02 -.1893E+02   .9999999 -.0001692 -.0000524
T 5892 19 .1518575E+11   3400019E-01 -.1750E+02  .6449E+02   .9999999 -.0000573  .0004942
T 5893 19 .1518075E+11   3400023E-01  .3275E+02  .2038E+01   .9999999  .0002785  .0000422
T 5894 19 .1518358E+11   3400016E-01 -.5812E+02 -.1309E+02   .9999999 -.0002923  .0000495
T 5895 19 .1518297E+11   3400007E-01 -.2252E+02  .5343E+02   .9999999 -.0001194  .0005089
T 5896 19 .1518301E+11   3400016E-01 -.3130E+02  .1980E+01   .9999999 -.0002580 -.0001457
T 5897 19 .1518370E+11   3400007E-01 -.4168E+00  .1444E+02   .9999999  .0000448  .0002084
T 5898 19 .1518305E+11   3400011E-01  .4674E+02 -.5276E+02   .9999999  .0001645 -.0004097
T 5899 19 .1518140E+11   3400002E-01  .6114E+01  .1434E+02   .9999999  .0004434  .0000675
T 5900 19 .1518166E+11   3400009E-01  .1112E+02 -.1300E+02   .9999999 -.0000540 -.0000565
T 5901 19 .1518385E+11   3400001E-01  .3337E+02 -.1940E+02   .9999999  .0002411 -.0000421
T 5902 19 .1518369E+11   3400020E-01  .3585E+01 -.3318E+02   .9999999  .0000275 -.0003055
T 5903 19 .1518237E+11   3400023E-01  .1339E+02 -.5888E+01   .9999999  .0001664  .0000714
T 5904 19 .1518184E+11   3400002E-01 -.1361E+02  .1921E+02   .9999999 -.0000672 -.0000775
T 5905 19 .1518229E+11   3400016E-01 -.9465E+01  .1066E+02   .9999999 -.0003190 -.0000821
T 5906 19 .1518202E+11   3400006E-01  .3009E+02  .6757E+01   .9999999  .0003602 -.0002194
T 5907 19 .1518397E+11   3400006E-01  .2938E+02 -.4687E+02   .9999999  .0001983 -.0001452
T 5908 19 .1518125E+11   3400008E-01  .1260E+02 -.2387E+01   .9999999  .0004571 -.0002291
T 5909 19 .1518328E+11   3400011E-01  .4001E+02  .4242E+02   .9999999  .0002462  .0002698
T 5910 19 .1518198E+11   3400022E-01 -.2360E+02 -.5568E+02   .9999999 -.0002976 -.0002384
T 5911 19 .1518319E+11   3400022E-01 -.1534E+02 -.1884E+02   .9999999 -.0001824 -.0001332
T 5912 19 .1518116E+11   3400020E-01  .2929E+02  .1194E+01   .9999999  .0001469 -.0000762
T 5913 19 .1518350E+11   3400002E-01  .2000E+02 -.2735E+02   .9999999  .0000628 -.0001186
T 5914 19 .1518240E+11   3400015E-01 -.2221E+01 -.6799E+00   .9999999  .0001146  .0000655
T 5915 19 .1518290E+11   3400013E-01  .1349E+02 -.3048E+02   .9999999  .0000620 -.0004347
T 5916 19 .1518230E+11   3400013E-01 -.2136E+02 -.2165E+02   .9999999 -.0002535 -.0002488
T 5917 19 .1518261E+11   3400009E-01 -.1100E+02 -.3860E+02   .9999999 -.0001989 -.0003071
T 5918 19 .1518184E+11   3400013E-01 -.4489E+01 -.4766E+02   .9999999 -.0000790 -.0002372
T 5919 19 .1518305E+11   3400017E-01  .6964E+01  .2648E+02   .9999999  .0002178  .0003162
T 5920 19 .1518283E+11   3400018E-01  .7676E+01 -.2488E+02   .9999999  .0001559 -.0000484
T 5921 19 .1518286E+11   3400016E-01 -.8239E+01 -.4272E+02   .9999999 -.0000214 -.0003741
T 5922 19 .1518289E+11   3400010E-01 -.9547E+01 -.2148E+02   .9999999 -.0001476 -.0000847
T 5923 19 .1518087E+11   3400010E-01 -.3007E+02  .8101E+02   .9999998  .0000785  .0005429
T 5924 19 .1518238E+11   3400013E-01 -.3138E+02  .7100E+01   .9999996 -.0007484 -.0004202
T 5925 19 .1518399E+11   3400022E-01 -.1542E+02  .1596E+02   .9999999 -.0002845  .0001117
T 5926 19 .1518000E+11   3400018E-01  .4242E+02 -.7537E+02   .9999998  .0002983 -.0005649
T 5927 19 .1518306E+11   3400016E-01  .2021E+01  .5142E+02   .9999999 -.0000405  .0003949
T 5928 19 .1518359E+11   3400002E-01 -.2420E+02  .1913E+01   .9999999 -.0001540 -.0000159
T 5929 19 .1518391E+11   3400022E-01 -.3458E+01 -.2939E+02   .9999999 -.0000420  .0000103
T 5930 19 .1518421E+11   3400015E-01 -.1478E+02 -.3413E+02   .9999999 -.0000555 -.0004468
T 5931 19 .1518367E+11   3400010E-01  .8818E+01  .3102E+02   .9999999  .0000411  .0000984
T 5932 19 .1518321E+11   3400020E-01 -.3636E+01 -.1244E+01   .9999999 -.0000920 -.0000172
T 5933 19 .1518272E+11   3400009E-01 -.2632E+02 -.1801E+02   .9999999 -.0003347 -.0000377
T 5934 19 .1518347E+11   3400013E-01  .1314E+02  .3413E+02   .9999999  .0001244  .0002417
T 5935 19 .1518472E+11   3400015E-01  .2274E+02 -.1110E+02   .9999999  .0001530 -.0000383
T 5936 19 .1518333E+11   3400015E-01  .2908E+02 -.1740E+02   .9999999  .0001486 -.0002272
T 5937 19 .1518236E+11   3400017E-01  .1999E+02  .3384E+02   .9999999 -.0000225  .0000488
T 5938 19 .1518297E+11   3400001E-01 -.1441E+02  .1062E+01   .9999999 -.0000537 -.0000189
T 5939 19 .1518243E+11   3400011E-01 -.1910E+02  .6737E+01   .9999999 -.0002829 -.0000964
T 5940 19 .1518439E+11   3400011E-01  .2264E+02  .2756E+02   .9999999  .0002833  .0000828
T 5941 19 .1518282E+11   3400021E-01 -.1991E+02 -.6462E+02   .9999999 -.0002668 -.0003249
T 5942 19 .1518215E+11   3400001E-01 -.2294E+02  .2477E+02   .9999999 -.0000726  .0000820
T 5943 19 .1518293E+11   3400018E-01  .1799E+02 -.1991E+02   .9999999  .0001549 -.0001743
T 5944 19 .1518140E+11   3400014E-01  .6111E+02  .3882E+02   .9999996  .0008793  .0002147
T 5945 19 .1518042E+11   3400022E-01  .2647E+02 -.3141E+02   .9999999  .0001789 -.0003110
T 5946 19 .1518098E+11   3400016E-01  .2927E+02 -.4217E+02   .9999999  .0003363 -.0000957
T 5947 19 .1518197E+11   3400016E-01 -.1508E+02  .3352E+02   .9999999 -.0001662  .0002866
T 5948 19 .1518228E+11   3400022E-01 -.4002E+02 -.2940E+02   .9999999 -.0002725 -.0001995
T 5949 19 .1518435E+11   3400017E-01 -.1338E+02  .2909E+02   .9999999 -.0000044  .0003390
T 5950 19 .1518301E+11   3400012E-01  .1178E+02 -.7761E+01   .9999999  .0001083  .0000129
T 5951 19 .1518279E+11   3400011E-01 -.7346E+00  .2987E+01   .9999999  .0000679  .0001009
T 5952 19 .1518187E+11   3400003E-01  .4607E+02 -.8155E+01   .9999999  .0003161  .0000100
T 5953 19 .1518319E+11   3400005E-01  .2876E+02 -.3669E+02   .9999999  .0002567 -.0000791
T 5954 19 .1518304E+11   3400015E-01 -.1061E+02 -.2976E+03   .9999991 -.0001197 -.0013179
T 5955 19 .1518163E+11   3400011E-01 -.2971E+02 -.2714E+02   .9999999 -.0003433 -.0001396
T 5956 19 .1518297E+11   3400005E-01  .2445E+01  .2894E+02   .9999999 -.0001250 -.0000379
T 5957 19 .1517982E+11   3400016E-01  .1215E+02 -.4243E+02   .9999999  .0000165 -.0003845
T 5958 19 .1518123E+11   3400020E-01  .6150E+01 -.4121E+02   .9999999 -.0000176 -.0003816
T 5959 19 .1518212E+11   3400001E-01 -.6209E+01  .2046E+01   .9999999 -.0000302  .0001669
T 5960 19 .1518361E+11   3400016E-01 -.6421E+02 -.3308E+02   .9999995 -.0009535 -.0000912
T 5961 19 .1518278E+11   3400016E-01 -.7282E+01 -.4944E+02   .9999999  .0000159 -.0002843
T 5962 19 .1518114E+11   3400023E-01  .4229E+02  .4238E+02   .9999999  .0003310 -.0000390
T 5963 19 .1518398E+11   3400001E-01 -.9272E+00 -.2364E+02   .9999999 -.0003033 -.0000061
T 5964 19 .1518255E+11   3400022E-01  .1122E+02  .8644E+01   .9999999 -.0001371  .0001027
T 5965 19 .1518274E+11   3400016E-01  .9897E+01  .2824E+02   .9999999 -.0002035  .0001687
T 5966 19 .1518103E+11   3400019E-01 -.2230E+02  .4606E+01   .9999999 -.0001921  .0000880
T 5967 19 .1518224E+11   3400013E-01  .4752E+01  .6267E+02   .9999999 -.0003743  .0003580
T 5968 19 .1518257E+11   3400006E-01 -.4250E+02 -.2992E+01   .9999999 -.0001966 -.0001731
T 5969 19 .1518203E+11   3400002E-01 -.4950E+02 -.1604E+02   .9999999 -.0002037 -.0001557
T 5970 19 .1518267E+11   3400023E-01 -.4622E+02  .1587E+02   .9999999 -.0003681  .0001365
T 5971 19 .1518433E+11   3400022E-01  .1384E+02  .8366E+01   .9999999  .0000195  .0001119
T 5972 19 .1518183E+11   3400003E-01  .2350E+02 -.3291E+02   .9999999  .0001278 -.0002050
T 5973 19 .1518208E+11   3400002E-01 -.8254E+01 -.9703E+01   .9999999 -.0000302 -.0000116
T 5974 19 .1518401E+11   3400006E-01 -.3341E+02 -.7807E+00   .9999999 -.0002692  .0001068
T 5975 19 .1518287E+11   3400004E-01  .3365E+02  .4201E+02   .9999999  .0000971  .0003041
T 5976 19 .1518251E+11   3400002E-01  .2478E+01  .2999E+02   .9999999 -.0000036  .0002998
T 5977 19 .1518193E+11   3400008E-01  .2603E+02 -.1592E+02   .9999999 -.0002544 -.0001897
T 5978 19 .1518236E+11   3400022E-01  .1888E+02 -.7080E+01   .9999999  .0000438 -.0000238
T 5979 19 .1518312E+11   3400019E-01  .1988E+02  .4751E+01   .9999999  .0001205 -.0000416
T 5980 19 .1518211E+11   3400013E-01  .4236E+02 -.3107E+02   .9999999  .0004067 -.0002381
T 5981 19 .1518127E+11   3400021E-01 -.3640E+02  .1878E+02   .9999999 -.0004736  .0001455
T 5982 19 .1518170E+11   3400006E-01 -.2049E+02  .7650E+00   .9999999 -.0002333 -.0001646
T 5983 19 .1518136E+11   3400009E-01 -.1876E+02  .1829E+02   .9999999 -.0002548  .0000257
T 5984 19 .1518365E+11   3400015E-01 -.1960E+02 -.4702E+02   .9999999 -.0000122 -.0002636
T 5985 19 .1518235E+11   3400007E-01  .5044E+02 -.7281E+01   .9999999  .0003179 -.0000779
T 5986 19 .1518306E+11   3400007E-01  .7537E+01 -.4780E+02   .9999998 -.0000658 -.0006506
T 5987 19 .1518289E+11   3400019E-01  .1184E+02  .5133E+01   .9999999  .0000671  .0001395
T 5988 19 .1518355E+11   3400019E-01  .1321E+02 -.9241E+01   .9999999  .0000327 -.0001000
T 5989 19 .1518276E+11   3400020E-01 -.2707E+02  .1911E+02   .9999999 -.0002260  .0002610
T 5990 19 .1518389E+11   3400016E-01  .2301E+02 -.3300E+02   .9999999  .0002416 -.0003347
T 5991 19 .1518312E+11   3400018E-01 -.2756E+02 -.4274E+02   .9999999 -.0001541 -.0003985
T 5992 19 .1518368E+11   3400015E-01 -.6177E-01  .5192E+02   .9999999 -.0000175  .0003804
T 5993 19 .1518239E+11   3400009E-01 -.5621E+02 -.6133E+01   .9999999 -.0003132  .0000266
T 5994 19 .1518280E+11   3400009E-01  .7213E+02  .9913E+02   .9999991  .0009777  .0009295
T 5995 19 .1518270E+11   3400018E-01 -.5748E+02  .1059E+02   .9999999 -.0004727  .0001417
T 5996 19 .1518264E+11   3400016E-01  .3205E+02  .1983E+01   .9999999  .0002358 -.0000815
T 5997 19 .1518318E+11   3400020E-01 -.1909E+02 -.8051E+01   .9999999 -.0001711 -.0001055
T 5998 19 .1518156E+11   3400002E-01  .2562E+02  .8933E+02   .9999978  .0003499  .0020872
T 5999 19 .1518410E+11   3400011E-01  .1637E+02  .5139E+02   .9999999  .0000852  .0002974
T 6000 19 .1518415E+11   3400016E-01  .3956E+02  .2162E+02   .9999999 -.0000622 -.0002034
T 6001 19 .1518504E+11   3400017E-01 -.2474E+02  .2557E+02   .9999999 -.0003221  .0002984
T 6002 19 .1518288E+11   3400010E-01 -.8581E+01 -.1582E+02   .9999999  .0000046 -.0000686
T 6003 19 .1518396E+11   3400009E-01  .1376E+02 -.5087E+02   .9999999  .0001953 -.0003529
T 6004 19 .1518425E+11   3400020E-01 -.4533E+02  .2152E+02   .9999999 -.0002966  .0001388
T 6005 19 .1518279E+11   3400008E-01  .1287E+02 -.4541E+02   .9999999  .0002009 -.0002971
T 6006 19 .1518185E+11   3400000E-01  .4816E+02  .2781E+02   .9999999  .0003582  .0002103
T 6007 19 .1518228E+11   3400013E-01 -.2476E+02  .2311E+02   .9999996 -.0008552  .0003942
T 6008 19 .1518249E+11   3400020E-01 -.1785E+01  .4128E+02   .9999999  .0001057  .0003264
T 6009 19 .1518209E+11   3400020E-01 -.5381E+02  .7926E+01   .9999999 -.0003511  .0002398
T 6010 19 .1518165E+11   3400017E-01  .1369E+02  .2062E+02   .9999999  .0001612  .0001081
T 6011 19 .1518215E+11   3400001E-01  .2912E+01 -.1015E+02   .9999999  .0000433  .0000426
T 6012 19 .1518166E+11   3400017E-01  .1438E+02  .7731E+01   .9999999  .0001119 -.0000072
T 6013 19 .1518388E+11   3400020E-01 -.7755E+02 -.5233E+02   .9999999 -.0003138 -.0002329
T 6014 19 .1518340E+11   3400020E-01 -.2345E+02 -.1897E+02   .9999999 -.0001937  .0002296
T 6015 19 .1518217E+11   3400003E-01 -.2563E+02  .2229E+02   .9999999 -.0001998  .0000276
T 6016 19 .1518523E+11   3400017E-01  .9751E+01  .1276E+02   .9999999 -.0000855  .0000817
T 6017 19 .1518062E+11   3400016E-01 -.2416E+02 -.9724E+01   .9999999 -.0004032 -.0000178
T 6018 19 .1518080E+11   3400006E-01  .1499E+02 -.5862E+01   .9999999  .0001854 -.0000234
T 6019 19 .1518375E+11   3400009E-01 -.2647E+02 -.3225E+02   .9999999 -.0002961 -.0002103
T 6020 19 .1518364E+11   3400007E-01 -.6662E+02  .2006E+02   .9999998 -.0005476  .0002889
T 6021 19 .1518324E+11   3400011E-01  .7295E+01  .3142E+02   .9999999  .0001335  .0001561
T 6022 19 .1518243E+11   3400023E-01  .4058E+02  .2528E+02   .9999999  .0002946  .0002318
T 6023 19 .1518184E+11   3400022E-01 -.1393E+02  .3552E+02   .9999999 -.0002168  .0001613
T 6024 19 .1518310E+11   3400018E-01 -.3237E+02 -.1715E+02   .9999999 -.0003221 -.0000386
T 6025 19 .1518339E+11   3400002E-01  .8163E+01 -.2187E+02   .9999999  .0002299  .0000664
T 6026 19 .1518243E+11   3400022E-01 -.4859E+01 -.6144E+02   .9999999 -.0000007 -.0000610
T 6027 19 .1518446E+11   3400004E-01  .5893E+02  .1386E+02   .9999999  .0004397  .0000033
T 6028 19 .1518253E+11   3400012E-01 -.1733E+02 -.2778E+02   .9999999  .0000375  .0001094
T 6029 19 .1518046E+11   3400000E-01  .2310E+02 -.5016E+02   .9999999  .0002184 -.0002438
T 6030 19 .1518487E+11   3400014E-01 -.2838E+00 -.1361E+02   .9999999 -.0000352  .0000056
T 6031 19 .1518204E+11   3400022E-01 -.7780E+01  .1902E+01   .9999999 -.0000197 -.0000152
T 6032 19 .1518341E+11   3400010E-01 -.1040E+02 -.1490E+02   .9999999 -.0001745 -.0004185
T 6033 19 .1518214E+11   3400009E-01  .2771E+02 -.2894E+02   .9999999  .0001948 -.0002465
T 6034 19 .1518327E+11   3400020E-01 -.1439E+02 -.2187E+02   .9999999 -.0001537  .0000363
T 6035 19 .1518223E+11   3400008E-01  .2814E+02  .5403E+01   .9999999  .0002060 -.0000033
T 6036 19 .1518246E+11   3400018E-01 -.7848E+01  .7554E+02   .9999999  .0000312  .0004270
T 6037 19 .1518191E+11   3400016E-01 -.1018E+02 -.1304E+02   .9999999  .0000534 -.0000488
T 6038 19 .1518202E+11   3400014E-01 -.2710E+02 -.3193E+01   .9999999 -.0001538  .0001226
T 6039 19 .1518419E+11   3400022E-01 -.2297E+02 -.1278E+03   .9999995 -.0001619 -.0009918
T 6040 19 .1518147E+11   3400006E-01  .5543E+01 -.1969E+02   .9999999  .0000434 -.0003117
T 6041 19 .1518372E+11   3400021E-01  .4262E+02  .9907E+00   .9999999  .0001091  .0000257
T 6042 19 .1518309E+11   3400010E-01 -.1473E+02 -.3657E+02   .9999999 -.0002129 -.0001902
T 6043 19 .1518506E+11   3400003E-01  .4040E+01  .2144E+02   .9999999  .0001224  .0001733
T 6044 19 .1518257E+11   3400008E-01 -.3021E+02  .3009E+02   .9999999 -.0002153  .0001473
T 6045 19 .1518375E+11   3400018E-01 -.3427E+02 -.1342E+03   .9999995 -.0001311 -.0009858
T 6046 19 .1518119E+11   3400021E-01 -.2310E+02  .1015E+02   .9999999 -.0001371  .0001531
T 6047 19 .1518323E+11   3400010E-01 -.2217E+01 -.4151E+02   .9999999  .0000224 -.0001384
T 6048 19 .1518124E+11   3400001E-01 -.1670E+02  .6776E+02   .9999999 -.0001124  .0004032
T 6049 19 .1518187E+11   3400012E-01  .8946E+01 -.5403E+02   .9999999  .0002027 -.0004058
T 6050 19 .1518234E+11   3400014E-01  .5474E+02 -.3481E+02   .9999999  .0002453 -.0001834
T 6051 19 .1518193E+11   3400017E-01  .2121E+02 -.5421E+02   .9999999  .0001495 -.0004612
T 6052 19 .1518437E+11   3400023E-01  .3213E+02  .1709E+02   .9999999  .0002178 -.0000800
T 6053 19 .1518263E+11   3400021E-01 -.3734E+02  .3308E+02   .9999999 -.0002688  .0001715
T 6054 19 .1518101E+11   3400019E-01  .2355E+02 -.4748E+02   .9999999  .0000427 -.0001319
T 6055 19 .1518401E+11   3400008E-01  .1831E+02  .4212E+02   .9999999  .0001646  .0003110
T 6056 19 .1518111E+11   3400015E-01  .2797E+01 -.3862E+02   .9999999  .0000305 -.0002580
T 6057 19 .1518404E+11   3400012E-01  .2058E+01  .2281E+02   .9999999  .0000638  .0000132
T 6058 19 .1518265E+11   3400017E-01  .3567E+02  .3060E+02   .9999999  .0003382  .0001216
T 6059 19 .1518497E+11   3400012E-01 -.1038E+02 -.1839E+02   .9999999 -.0002358 -.0000879
T 6060 19 .1518228E+11   3400019E-01 -.2454E+02  .8543E+01   .9999999 -.0000926 -.0000235
T 6061 19 .1518399E+11   3400016E-01  .2107E+02 -.1855E+02   .9999999  .0000285  .0000347
T 6062 19 .1518231E+11   3400016E-01  .2167E+02  .7528E+02   .9999999  .0002377  .0002315
T 6063 19 .1518220E+11   3400016E-01  .2865E+02  .4935E+02   .9999999  .0003646  .0002777
T 6064 19 .1518418E+11   3400022E-01 -.1098E+02  .5984E+01   .9999999 -.0001977 -.0000526
T 6065 19 .1518287E+11   3400004E-01  .8099E+01 -.4199E+02   .9999999  .0000454 -.0001318
T 6066 19 .1518358E+11   3400017E-01 -.5802E+01 -.7808E+01   .9999999 -.0000709  .0000765
T 6067 19 .1518059E+11   3400008E-01  .9703E+01 -.2878E+02   .9999999  .0001579 -.0002786
T 6068 19 .1518408E+11   3400021E-01 -.2934E+02  .1702E+02   .9999999 -.0001945  .0001249
T 6069 19 .1518169E+11   3400016E-01  .1752E+02 -.8646E+01   .9999999 -.0001653 -.0002491
T 6070 19 .1518329E+11   3400020E-01 -.4415E+02  .5330E+02   .9999999 -.0002240  .0000364
T 6071 19 .1518379E+11   3400015E-01 -.7040E+01  .3414E+00   .9999999 -.0000473 -.0000629
T 6072 19 .1518277E+11   3400013E-01  .1689E+02  .6408E+02   .9999999  .0001430  .0004008
T 6073 19 .1518137E+11   3400004E-01  .2119E+02  .9661E+00   .9999999  .0001311  .0000204
T 6074 19 .1518468E+11   3400011E-01 -.4663E+02  .6936E+02   .9999999 -.0003705  .0001723
T 6075 19 .1518330E+11   3400006E-01 -.5832E+02 -.2144E+02   .9999999 -.0004101  .0000710
T 6076 19 .1518227E+11   3400019E-01 -.3585E+02  .1566E+02   .9999999 -.0001107 -.0000737
T 6077 19 .1518289E+11   3400016E-01 -.8326E+01 -.1845E+02   .9999999 -.0003376 -.0001127
T 6078 19 .1518292E+11   3400010E-01  .3879E+02 -.2724E+02   .9999999  .0002502 -.0000563
T 6079 19 .1518228E+11   3400017E-01  .1129E+02 -.5972E+02   .9999999 -.0000289 -.0004197
T 6080 19 .1518252E+11   3400014E-01 -.5028E-01 -.5805E+02   .9999999  .0001318 -.0003391
T 6081 19 .1518209E+11   3400021E-01  .5222E+02 -.5232E+02   .9999999  .0003592 -.0003692
T 6082 19 .1518308E+11   3400009E-01  .9770E+02  .7070E+02   .9999998  .0004708  .0004028
T 6083 19 .1518304E+11   3400013E-01  .2027E+02  .1601E+02   .9999999 -.0000168 -.0001106
T 6084 19 .1518267E+11   3400005E-01  .1565E+01  .3904E+01   .9999999  .0000083  .0000647
T 6085 19 .1518121E+11   3400020E-01  .1247E+02 -.4115E+02   .9999999 -.0002899 -.0001440
T 6086 19 .1518261E+11   3400010E-01  .2617E+02  .7982E+01   .9999999  .0002856 -.0000019
T 6087 19 .1518180E+11   3400015E-01  .3020E+02 -.2981E+02   .9999999  .0001442 -.0000339
T 6088 19 .1518400E+11   3400015E-01  .6199E+01  .1047E+02   .9999999 -.0000652  .0001321
T 6089 19 .1518341E+11   3400009E-01  .1074E+02 -.2614E+02   .9999999 -.0000729 -.0002396
T 6090 19 .1518465E+11   3400018E-01  .1051E+02 -.1304E+02   .9999999  .0000051 -.0001015
T 6091 19 .1518341E+11   3400000E-01  .1712E+02 -.1307E+02   .9999999  .0000160 -.0001038
T 6092 19 .1518421E+11   3400005E-01  .4196E+01 -.3161E+02   .9999999  .0000286 -.0003661
T 6093 19 .1518242E+11   3400001E-01  .1218E+02 -.4186E+02   .9999999  .0000957 -.0002731
T 6094 19 .1518280E+11   3400001E-01  .5235E+02 -.2967E+02   .9999999  .0003595 -.0001941
T 6095 19 .1518362E+11   3400021E-01  .9693E+01  .9878E+01   .9999999 -.0000503 -.0000652
T 6096 19 .1518496E+11   3400009E-01 -.1296E+02  .6523E+01   .9999999 -.0001534  .0000718
T 6097 19 .1518326E+11   3400022E-01 -.3854E+01 -.3309E+02   .9999999  .0002332 -.0001761
T 6098 19 .1518270E+11   3400021E-01 -.4245E+02  .3241E+02   .9999998 -.0006142  .0001404
T 6099 19 .1518351E+11   3400005E-01 -.2101E+02 -.2102E+02   .9999999 -.0002056 -.0001526
T 6100 19 .1518156E+11   3400012E-01  .1235E+02  .2438E+02   .9999999  .0000792  .0001033
T 6101 19 .1518356E+11   3400019E-01  .7635E+01  .2539E+02   .9999999  .0001002  .0001775
T 6102 19 .1518405E+11   3400004E-01 -.2105E+02 -.1313E+02   .9999999 -.0001149 -.0001873
T 6103 19 .1518261E+11   3400014E-01 -.2835E+02  .6174E+02   .9999999 -.0002329  .0004445
T 6104 19 .1518153E+11   3400021E-01 -.3964E+02 -.5994E+02   .9999998 -.0002923 -.0005412
T 6105 19 .1518201E+11   3400022E-01 -.7990E+02  .4240E+02   .9999999 -.0003977  .0002270
T 6106 19 .1518357E+11   3400022E-01  .2954E+02 -.1676E+02   .9999999  .0001265 -.0000156
T 6107 19 .1518342E+11   3400012E-01 -.2257E+02 -.1137E+02   .9999999 -.0000610 -.0001655
T 6108 19 .1518104E+11   3400013E-01 -.1467E+02  .7832E+01   .9999999 -.0000710 -.0000076
T 6109 19 .1518346E+11   3400010E-01 -.2719E+02  .4904E+02   .9999999 -.0002931  .0003891
T 6110 19 .1518246E+11   3400013E-01 -.3294E+02 -.4912E+02   .9999999 -.0004094 -.0002948
T 6111 19 .1518270E+11   3400013E-01  .3302E+01 -.4768E+01   .9999999 -.0000964 -.0002738
T 6112 19 .1518363E+11   3400008E-01 -.2171E+03  .4484E+03   .9999945 -.0014794  .0029821
T 6113 19 .1518177E+11   3400000E-01  .1277E+02 -.1211E+02   .9999999  .0004242 -.0001728
T 6114 19 .1518195E+11   3400011E-01 -.4755E+01  .1638E+01   .9999999  .0000419  .0003526
T 6115 19 .1518396E+11   3400016E-01  .8951E+01 -.3574E+02   .9999999  .0001457 -.0001728
T 6116 19 .1518072E+11   3400014E-01  .2505E+01  .9528E+01   .9999999  .0000471  .0001333
T 6117 19 .1518344E+11   3400019E-01  .7033E+01 -.1723E+02   .9999999 -.0000352  .0001518
T 6118 19 .1518197E+11   3400003E-01 -.1791E+02 -.5868E+01   .9999999 -.0001553 -.0000463
T 6119 19 .1518114E+11   3400014E-01 -.1746E+02  .2032E+01   .9999999 -.0001469  .0001483
T 6120 19 .1518272E+11   3400022E-01  .5836E+02 -.9239E+01   .9999999  .0003841  .0000225
T 6121 19 .1518281E+11   3400019E-01  .2424E+02 -.6321E+01   .9999999  .0001527 -.0000375
T 6122 19 .1518288E+11   3400023E-01  .2386E+02  .2984E+02   .9999999  .0001151  .0002525
T 6123 19 .1518453E+11   3400003E-01  .6471E+02  .2490E+03   .9999995  .0006507  .0008213
T 6124 19 .1518085E+11   3400005E-01 -.3598E+02 -.1788E+01   .9999999 -.0001383  .0000003
T 6125 19 .1518216E+11   3400013E-01  .1892E+02  .2621E+02   .9999999  .0001418  .0002192
T 6126 19 .1518219E+11   3400015E-01  .3136E+01  .2239E+02   .9999999 -.0001632  .0003225
T 6127 19 .1518152E+11   3400007E-01 -.4898E+02 -.2203E+02   .9999999 -.0003105  .0000289
T 6128 19 .1518165E+11   3400011E-01  .5579E+01  .1306E+03   .9999994  .0000417  .0010608
T 6129 19 .1518280E+11   3400022E-01  .1292E+01 -.3254E+02   .9999999  .0001872 -.0001174
T 6130 19 .1518270E+11   3400007E-01 -.4601E+02  .6195E+02   .9999999 -.0001742  .0003972
T 6131 19 .1518219E+11   3400021E-01  .2791E+02  .5045E+02   .9999999  .0001540  .0004459
T 6132 19 .1518317E+11   3400004E-01 -.9297E+02 -.1063E+02   .9999999 -.0004922 -.0000464
T 6133 19 .1518251E+11   3400017E-01  .1395E+02 -.7462E+01   .9999998  .0004553 -.0004976
T 6134 19 .1518146E+11   3400015E-01 -.4719E+02 -.5709E+01   .9999999 -.0004259 -.0000001
T 6135 19 .1518258E+11   3400001E-01  .5090E+02 -.1266E+02   .9999999  .0002610 -.0004022
T 6136 19 .1518392E+11   3400006E-01  .3751E+02  .2864E+02   .9999999  .0000614  .0000735
T 6137 19 .1518358E+11   3400011E-01  .2881E+01 -.1896E+02   .9999999 -.0000381 -.0001369
T 6138 19 .1518278E+11   3400022E-01 -.5690E+02 -.4502E+01   .9999999 -.0004295 -.0000713
T 6139 19 .1518214E+11   3400010E-01  .1655E+02  .1158E+02   .9999999  .0001457  .0000114
T 6140 19 .1518313E+11   3400020E-01 -.3214E+02  .3336E+01   .9999999 -.0001965  .0000133
T 6141 19 .1518382E+11   3400008E-01  .3235E+02 -.1953E+02   .9999999  .0003309 -.0001548
T 6142 19 .1518024E+11   3400012E-01  .9432E+01  .4656E+01   .9999999 -.0000086 -.0000041
T 6143 19 .1518308E+11   3400016E-01 -.2789E+02 -.1320E+02   .9999999 -.0002699 -.0002757
T 6144 19 .1518383E+11   3400008E-01 -.9191E+01  .2009E+02   .9999999  .0001957 -.0000122
T 6145 19 .1518347E+11   3400020E-01  .8875E+00 -.3945E+02   .9999999  .0001311 -.0001394
T 6146 19 .1518365E+11   3400014E-01 -.1297E+01  .1782E+02   .9999999 -.0000035  .0002990
T 6147 19 .1518419E+11   3400014E-01 -.6778E+01 -.7293E+01   .9999999 -.0001249  .0000851
T 6148 19 .1518290E+11   3400004E-01 -.3460E+02 -.1185E+01   .9999999 -.0001400 -.0001777
T 6149 19 .1518468E+11   3400011E-01  .2419E+02  .1707E+02   .9999999  .0001627  .0000688
T 6150 19 .1518181E+11   3400010E-01 -.2674E+02  .3249E+02   .9999999 -.0003181  .0002981
T 6151 19 .1518353E+11   3400021E-01  .2929E+02  .3820E+02   .9999999  .0001252  .0002612
T 6152 19 .1518254E+11   3400016E-01  .5536E+01  .1921E+02   .9999999 -.0000902  .0000080
T 6153 19 .1518298E+11   3400005E-01  .3116E+02  .3849E+01   .9999999  .0004682  .0000273
T 6154 19 .1518209E+11   3400015E-01 -.2569E+01  .1182E+02   .9999999 -.0000204  .0001664
T 6155 19 .1517977E+11   3400019E-01  .1782E+02  .2212E+01   .9999999  .0001613  .0000998
T 6156 19 .1518240E+11   3400019E-01 -.3256E+02  .3236E+02   .9999999 -.0001560  .0001546
T 6157 19 .1518129E+11   3400018E-01 -.1280E+02  .1776E+02   .9999999 -.0000439  .0000131
T 6158 19 .1518435E+11   3400019E-01 -.5821E+01  .6777E+01   .9999999  .0001239  .0000701
T 6159 19 .1518415E+11   3400014E-01  .9730E+01  .9165E+01   .9999999  .0003273 -.0000071
T 6160 19 .1518235E+11   3400004E-01  .2308E+02  .1604E+02   .9999999  .0000496  .0000696
T 6161 19 .1518407E+11   3400002E-01 -.1672E+02  .7670E+01   .9999999 -.0001989  .0002016
T 6162 19 .1518358E+11   3400008E-01 -.2554E+02  .1173E+02   .9999999 -.0001273 -.0000053
T 6163 19 .1518228E+11   3400019E-01  .2760E+02  .4768E+01   .9999999  .0001768  .0000871
T 6164 19 .1518135E+11   3400003E-01 -.1903E+02  .4680E+02   .9999999 -.0000716  .0003569
T 6165 19 .1517982E+11   3400019E-01 -.1370E+02  .3538E+02   .9999999 -.0000413  .0001683
T 6166 19 .1518220E+11   3400016E-01 -.1250E+02 -.1044E+02   .9999999  .0000147  .0000208
T 6167 19 .1518264E+11   3400021E-01 -.2864E+02  .5731E+01   .9999999 -.0002141  .0002110
T 6168 19 .1518327E+11   3400019E-01 -.9553E+02  .1517E+03   .9999986 -.0008447  .0014379
T 6169 19 .1518292E+11   3400017E-01  .4768E+02 -.5686E+02   .9999999  .0004229 -.0003032
T 6170 19 .1518205E+11   3400011E-01  .1596E+02  .3091E+02   .9999999 -.0001338  .0003568
T 6171 19 .1518530E+11   3400020E-01  .2611E+02  .2044E+02   .9999999  .0002764  .0001725
T 6172 19 .1518366E+11   3400010E-01  .4349E+02  .9797E+01   .9999999  .0003473  .0001414
T 6173 19 .1518352E+11   3400020E-01  .2414E+02  .3054E+01   .9999999  .0003260  .0001446
T 6174 19 .1518441E+11   3400019E-01 -.2183E+01 -.7610E+01   .9999999  .0000117  .0000750
T 6175 19 .1518469E+11   3400011E-01  .6691E+01 -.1630E+02   .9999999  .0001785 -.0000158
T 6176 19 .1518253E+11   3400017E-01 -.1977E+01 -.6351E+01   .9999999  .0000836  .0000108
T 6177 19 .1518378E+11   3400016E-01  .8423E+01  .2323E+02   .9999999  .0000785  .0000714
T 6178 19 .1518066E+11   3400011E-01  .1108E+02 -.5363E+01   .9999999  .0002187  .0000806
T 6179 19 .1518374E+11   3400011E-01 -.5011E+02 -.5127E+02   .9999998 -.0004595 -.0003261
T 6180 19 .1518239E+11   3400007E-01  .1268E+02  .6561E+01   .9999999  .0000897 -.0001100
T 6181 19 .1518303E+11   3400002E-01  .3170E+02 -.3964E+02   .9999999  .0001693 -.0001454
T 6182 19 .1518268E+11   3400022E-01 -.8249E+02  .2554E+01   .9999999 -.0004711 -.0000201
T 6183 19 .1518394E+11   3400014E-01  .2008E+02 -.1044E+02   .9999999 -.0000388 -.0001141
T 6184 19 .1518090E+11   3400020E-01  .2173E+02  .6045E+02   .9999999 -.0000254  .0004164
T 6185 19 .1518079E+11   3400015E-01  .1259E+02 -.3970E+02   .9999999 -.0001254 -.0003925
T 6186 19 .1518023E+11   3400013E-01 -.2143E+01 -.1132E+02   .9999999 -.0000616 -.0001139
T 6187 19 .1518254E+11   3400022E-01 -.1272E+02 -.3391E+02   .9999999 -.0002185 -.0001981
T 6188 19 .1518329E+11   3400020E-01  .5167E+02 -.5819E+02   .9999999  .0002955 -.0003043
T 6189 19 .1518264E+11   3400013E-01  .6802E+01 -.3463E+02   .9999999  .0000424 -.0002601
T 6190 19 .1518252E+11   3400011E-01  .4407E+02  .4145E+02   .9999999  .0001423 -.0000048
T 6191 19 .1518373E+11   3400008E-01 -.2683E+02  .1206E+02   .9999999 -.0001733  .0000482
T 6192 19 .1517991E+11   3400013E-01  .1809E+02 -.8400E+00   .9999999  .0001044 -.0000312
T 6193 19 .1518373E+11   3400005E-01  .3668E+02 -.2370E+02   .9999999  .0003776 -.0002034
T 6194 19 .1518167E+11   3400003E-01 -.6794E+01 -.1362E+02   .9999999 -.0000324  .0000130
T 6195 19 .1518343E+11   3400011E-01  .5668E+02 -.9049E+02   .9999999  .0002651 -.0003123
T 6196 19 .1518316E+11   3400022E-01  .1721E+02 -.1162E+02   .9999999  .0001213 -.0002432
T 6197 19 .1518172E+11   3400006E-01 -.3382E+02  .1370E+02   .9999999 -.0001123  .0001703
T 6198 19 .1518233E+11   3400003E-01 -.6222E+01 -.1727E+02   .9999999 -.0000739 -.0001713
T 6199 19 .1518106E+11   3400008E-01  .2445E+02  .6619E+02   .9999999  .0000666  .0001527
T 6200 19 .1518135E+11   3400011E-01 -.1029E+02 -.2539E+02   .9999999 -.0001869  .0000089
T 6201 19 .1518533E+11   3400019E-01  .3478E+02  .3751E+01   .9999999  .0000754 -.0001324
T 6202 19 .1518364E+11   3400004E-01 -.1747E+02 -.3880E+02   .9999999 -.0000649 -.0002719
T 6203 19 .1517995E+11   3400015E-01 -.3166E+02 -.2595E+02   .9999999 -.0002631 -.0004588
T 6204 19 .1518376E+11   3400018E-01  .9410E+01 -.6642E+02   .9999999  .0000086 -.0003142
T 6205 19 .1518394E+11   3400011E-01  .4036E+02  .9727E+01   .9999999  .0004772  .0001128
T 6206 19 .1518184E+11   3400017E-01 -.2212E+02  .1806E+02   .9999999 -.0001206  .0001326
T 6207 19 .1518186E+11   3400017E-01 -.1503E+02  .5480E+02   .9999999 -.0000838  .0003276
T 6208 19 .1518334E+11   3400017E-01 -.3956E+02  .1376E+02   .9999999 -.0001609  .0000298
T 6209 19 .1518317E+11   3400003E-01  .5489E+02  .1753E+02   .9999999  .0002758  .0001970
T 6210 19 .1518200E+11   3400019E-01  .2552E+02  .2903E+02   .9999999  .0003452  .0004068
T 6211 19 .1518395E+11   3400019E-01  .8166E+02 -.4274E+02   .9999999  .0004256 -.0002065
T 6212 19 .1518389E+11   3400006E-01  .3951E+01 -.5086E+02   .9999999 -.0000424 -.0003275
T 6213 19 .1518227E+11   3400005E-01  .8015E+02  .1904E+02   .9999999  .0003420  .0000309
T 6214 19 .1518236E+11   3400003E-01  .4714E+01  .4313E+02   .9999999 -.0000198  .0003005
T 6215 19 .1518237E+11   3400021E-01 -.3958E+02 -.4439E+01   .9999999 -.0001134 -.0000722
T 6216 19 .1518389E+11   3400009E-01 -.1011E+02 -.1908E+01   .9999999 -.0002521 -.0000521
T 6217 19 .1518304E+11   3400011E-01 -.2786E+02  .4213E+02   .9999999 -.0002526  .0002933
T 6218 19 .1518277E+11   3400011E-01 -.1771E+02 -.2912E+00   .9999999 -.0000132  .0000674
T 6219 19 .1518309E+11   3400022E-01  .1851E+02 -.1457E+02   .9999999  .0001908 -.0001275
T 6220 19 .1518064E+11   3400018E-01 -.1775E+02 -.2555E+02   .9999999 -.0000299 -.0002416
T 6221 19 .1518294E+11   3400010E-01  .1442E+02  .5132E+01   .9999999  .0002325  .0000267
T 6222 19 .1518155E+11   3400003E-01  .2718E+01 -.4088E+02   .9999999 -.0001394 -.0004509
T 6223 19 .1518350E+11   3400005E-01  .5676E+01  .3372E+02   .9999999 -.0000367  .0002762
T 6224 19 .1518362E+11   3400009E-01  .5516E+02  .6457E+01   .9999999  .0004965  .0000525
T 6225 19 .1518314E+11   3400022E-01  .3403E+02  .1848E+02   .9999998  .0005511 -.0000214
T 6226 19 .1518081E+11   3400010E-01  .6956E+02  .8184E+01   .9999999  .0004688  .0000994
T 6227 19 .1518127E+11   3400016E-01 -.3334E+01  .2858E+02   .9999999 -.0000335  .0003269
T 6228 19 .1518207E+11   3400002E-01  .7249E+01 -.1984E+02   .9999999 -.0000544 -.0002499
T 6229 19 .1518249E+11   3400021E-01 -.6235E+02 -.7935E+01   .9999999 -.0004649 -.0000443
T 6230 19 .1518115E+11   3400014E-01  .7778E+02  .2811E+02   .9999998  .0005000  .0002518
T 6231 19 .1518330E+11   3400010E-01 -.4054E+02  .1913E+02   .9999999 -.0003104  .0000642
T 6232 19 .1518223E+11   3400017E-01  .1235E+02  .2651E+02   .9999999 -.0000842  .0002041
T 6233 19 .1518375E+11   3400017E-01 -.4470E+02  .5385E+02   .9999999 -.0002577  .0003960
T 6234 19 .1518351E+11   3400017E-01  .7764E+01 -.2150E+02   .9999999  .0000034 -.0001762
T 6235 19 .1518513E+11   3400022E-01 -.5856E+02  .6991E+02   .9999990 -.0010876  .0008708
T 6236 19 .1518353E+11   3400013E-01 -.2482E+02 -.3668E+00   .9999999 -.0000892  .0000490
T 6237 19 .1518298E+11   3400007E-01  .1654E+02 -.4030E+02   .9999998  .0002402 -.0005156
T 6238 19 .1518270E+11   3400021E-01 -.8086E+02 -.5273E+01   .9999999 -.0003384 -.0000318
T 6239 19 .1518253E+11   3400002E-01  .2461E+01 -.2875E+01   .9999999 -.0000326 -.0000745
T 6240 19 .1518246E+11   3400019E-01 -.4704E+02 -.6647E+01   .9999999 -.0001725 -.0002143
T 6241 19 .1518381E+11   3400021E-01  .1068E+02 -.3516E+02   .9999999  .0002052 -.0001863
T 6242 19 .1518181E+11   3400016E-01 -.6184E+01  .3781E+01   .9999999  .0000159 -.0000222
T 6243 19 .1518294E+11   3400013E-01 -.3726E+02 -.1606E+02   .9999998 -.0005265 -.0002667
T 6244 19 .1517986E+11   3400021E-01 -.3834E+02  .4579E+02   .9999999 -.0001605  .0002273
T 6245 19 .1518168E+11   3400004E-01 -.4253E+02 -.1001E+02   .9999999 -.0004140 -.0001382
T 6246 19 .1518248E+11   3400014E-01  .1985E+02 -.5619E+02   .9999997  .0002163 -.0006740
T 6247 19 .1518270E+11   3400020E-01 -.4029E+02  .2285E+02   .9999999 -.0004548 -.0000047
T 6248 19 .1518262E+11   3400005E-01  .5629E+01 -.3212E+00   .9999999 -.0002674  .0000169
T 6249 19 .1518388E+11   3400004E-01 -.6773E+01  .7861E+01   .9999999 -.0000197  .0002717
T 6250 19 .1518500E+11   3400021E-01  .3947E+02  .5130E+02   .9999999  .0001545  .0001538
T 6251 19 .1518435E+11   3400009E-01 -.2010E+02  .3335E+02   .9999999 -.0001808  .0002616
T 6252 19 .1518201E+11   3400001E-01 -.5619E+02  .9128E+02   .9999997 -.0005677  .0005786
T 6253 19 .1518122E+11   3400017E-01 -.4130E+02 -.5378E+01   .9999999 -.0003170 -.0001009
T 6254 19 .1518393E+11   3400001E-01 -.7424E+01  .1975E+02   .9999999 -.0000741  .0001896
T 6255 19 .1518289E+11   3400017E-01 -.2631E+02 -.2111E+02   .9999999 -.0001784 -.0001533
T 6256 19 .1518369E+11   3400016E-01 -.2416E+01  .5153E-02   .9999999 -.0000351 -.0001090
T 6257 19 .1518258E+11   3400010E-01 -.5378E+02 -.1868E+02   .9999999 -.0002574 -.0001984
T 6258 19 .1518339E+11   3400000E-01 -.4181E+02  .3500E+02   .9999999 -.0003468  .0002722
T 6259 19 .1518365E+11   3400020E-01  .6442E+02  .8037E+01   .9999999  .0003155  .0001591
T 6260 19 .1518482E+11   3400022E-01  .3315E+01 -.1965E+02   .9999999 -.0000115 -.0001491
T 6261 19 .1518141E+11   3400002E-01 -.1312E+02 -.1328E+02   .9999999 -.0002060 -.0003418
T 6262 19 .1518292E+11   3400018E-01  .6495E+02  .8176E+02   .9999999  .0003339  .0003878
T 6263 19 .1518235E+11   3400012E-01  .5684E+02 -.3432E+01   .9999999  .0002874  .0000906
T 6264 19 .1518097E+11   3400013E-01  .1640E+02 -.2722E+02   .9999999  .0000713  .0000250
T 6265 19 .1518364E+11   3400000E-01 -.1950E+02 -.6932E+01   .9999999 -.0000234 -.0000149
T 6266 19 .1518238E+11   3400023E-01  .2487E+01 -.6221E+01   .9999999 -.0001269 -.0001332
T 6267 19 .1518196E+11   3400020E-01 -.3543E+02  .1275E+02   .9999999 -.0002113 -.0002173
T 6268 19 .1518506E+11   3400009E-01 -.2820E+02  .4573E+02   .9999999 -.0001231  .0003467
T 6269 19 .1518301E+11   3400017E-01  .1213E+02 -.6599E+01   .9999999  .0001151 -.0000813
T 6270 19 .1518247E+11   3400014E-01 -.9596E+01  .3264E+02   .9999999 -.0001943  .0001973
T 6271 19 .1518263E+11   3400006E-01  .3301E+01  .1070E+02   .9999999  .0000211  .0002053
T 6272 19 .1518576E+11   3400001E-01 -.2288E+02  .5308E+02   .9999999 -.0001418  .0003604
T 6273 19 .1518178E+11   3400012E-01  .3531E+01  .1336E+03   .9999990  .0001379  .0014147
T 6274 19 .1518400E+11   3400009E-01  .1301E+02  .3015E+02   .9999999  .0001619  .0004623
T 6275 19 .1518342E+11   3400020E-01  .1621E+02  .2810E+02   .9999999  .0000681 -.0001743
T 6276 19 .1518120E+11   3400019E-01 -.3630E+02 -.4517E+02   .9999999 -.0002369 -.0004796
T 6277 19 .1518450E+11   3400007E-01 -.7526E+02  .3066E+02   .9999998 -.0006071  .0001923
T 6278 19 .1518327E+11   3400019E-01  .6167E+02 -.1628E+03   .9999995  .0003833 -.0008763
T 6279 19 .1517990E+11   3400014E-01 -.4966E+01 -.6818E+01   .9999999 -.0000256 -.0001118
T 6280 19 .1518229E+11   3400022E-01  .7785E+01 -.4187E+01   .9999999  .0000166  .0000909
T 6281 19 .1518174E+11   3400015E-01  .1585E+02 -.7014E+00   .9999999 -.0000893 -.0001279
T 6282 19 .1518092E+11   3400023E-01  .1375E+02  .1318E+02   .9999999  .0001508  .0002228
T 6283 19 .1518245E+11   3400020E-01 -.1892E+02  .3747E+02   .9999999  .0000111  .0002245
T 6284 19 .1518328E+11   3400014E-01 -.9097E+01 -.1590E+01   .9999999 -.0001501  .0000694
T 6285 19 .1518354E+11   3400022E-01 -.4670E+02 -.3011E+02   .9999999 -.0003117 -.0001062
T 6286 19 .1518410E+11   3400022E-01  .2259E+02 -.1173E+02   .9999999  .0001799 -.0001906
T 6287 19 .1518309E+11   3400013E-01 -.1321E+02  .1174E+02   .9999997  .0001650  .0006944
T 6288 19 .1518273E+11   3400014E-01 -.1635E+01  .1044E+02   .9999999  .0000686 -.0000880
T 6289 19 .1518293E+11   3400001E-01 -.1837E+02  .1708E+02   .9999999  .0003720 -.0003253
T 6290 19 .1518193E+11   3400020E-01  .1482E+01 -.3911E+02   .9999999 -.0000113 -.0001704
T 6291 19 .1518079E+11   3400022E-01  .3629E+02  .4823E+01   .9999999  .0002164  .0000060
T 6292 19 .1518019E+11   3400010E-01  .1080E+02  .1215E+02   .9999999 -.0000474  .0000410
T 6293 19 .1518200E+11   3400007E-01  .2345E+02 -.1817E-01   .9999999 -.0000615 -.0001506
T 6294 19 .1518305E+11   3400000E-01  .6553E+02 -.8483E+01   .9999999  .0003992  .0000899
T 6295 19 .1518177E+11   3400005E-01 -.2553E+02 -.7100E+00   .9999999 -.0002232  .0000004
T 6296 19 .1518068E+11   3400021E-01  .7436E+01  .5059E+01   .9999999  .0001058 -.0000020
T 6297 19 .1518288E+11   3400018E-01 -.9432E+00  .1007E+02   .9999999  .0000937 -.0000732
T 6298 19 .1518317E+11   3400012E-01  .3696E+02 -.3097E+02   .9999999  .0001307 -.0000938
T 6299 19 .1518386E+11   3400000E-01 -.6866E+01 -.1696E+01   .9999999 -.0000892  .0000530
T 6300 19 .1518159E+11   3400022E-01  .2191E+02  .2769E+01   .9999999  .0000333  .0001834
T 6301 19 .1518209E+11   3400016E-01 -.4886E+02 -.1716E+01   .9999999 -.0001760 -.0000086
T 6302 19 .1518290E+11   3400013E-01 -.2034E+02  .1256E+01   .9999999 -.0002480  .0000575
T 6303 19 .1518393E+11   3400000E-01  .2884E+01 -.2566E+02   .9999999 -.0001157 -.0000124
T 6304 19 .1518350E+11   3400014E-01 -.3621E+02 -.1004E+02   .9999999 -.0002841 -.0000811
T 6305 19 .1518274E+11   3400009E-01 -.3861E+01 -.9311E+01   .9999999 -.0000982 -.0000175
T 6306 19 .1518125E+11   3400018E-01  .5062E+00 -.2248E+02   .9999999  .0000157 -.0002700
T 6307 19 .1518281E+11   3400006E-01  .1983E+01 -.7026E+02   .9999999  .0000285 -.0004603
T 6308 19 .1518470E+11   3400002E-01 -.1719E+02 -.6214E+01   .9999999  .0000128 -.0001168
T 6309 19 .1518261E+11   3400016E-01 -.2134E+01 -.1313E+02   .9999999 -.0001547 -.0000458
T 6310 19 .1518247E+11   3400021E-01  .2588E+02 -.1804E+02   .9999999  .0001989 -.0001099
T 6311 19 .1518328E+11   3400010E-01 -.1346E+02  .1401E+02   .9999999 -.0001574  .0000215
T 6312 19 .1518447E+11   3400018E-01  .1124E+02 -.2580E+02   .9999999  .0002557 -.0001559
T 6313 19 .1518254E+11   3400002E-01 -.1606E+02 -.2839E+02   .9999999 -.0001657 -.0002821
T 6314 19 .1518362E+11   3400013E-01 -.3723E+01 -.3189E+02   .9999999 -.0000621 -.0002735
T 6315 19 .1518237E+11   3400011E-01  .3249E+02 -.6004E+00   .9999999  .0002255 -.0000614
T 6316 19 .1518111E+11   3400019E-01 -.2845E+02 -.1120E+02   .9999999 -.0001280 -.0000635
T 6317 19 .1518173E+11   3400023E-01 -.1452E+02 -.4718E+01   .9999999 -.0000139 -.0001982
T 6318 19 .1518446E+11   3400011E-01  .4770E+00 -.3207E+02   .9999999  .0000049 -.0003936
T 6319 19 .1518132E+11   3400014E-01  .3262E+01 -.1179E+02   .9999999  .0000400 -.0000779
T 6320 19 .1518541E+11   3400011E-01  .1248E+02  .4443E+02   .9999999  .0000980  .0004818
T 6321 19 .1518217E+11   3400017E-01  .1779E+02  .8322E+01   .9999999  .0002125  .0000901
T 6322 19 .1518327E+11   3400014E-01  .7438E+01 -.2717E+02   .9999999  .0003987  .0001507
T 6323 19 .1518183E+11   3400017E-01  .1965E+02  .1829E+02   .9999999  .0001849  .0001712
T 6324 19 .1518373E+11   3400017E-01  .1510E+02  .4282E+02   .9999999  .0001404  .0004351
T 6325 19 .1518076E+11   3400008E-01 -.8327E+02 -.5682E+01   .9999999 -.0002799  .0000162
T 6326 19 .1518291E+11   3400011E-01 -.2136E+02 -.3834E+02   .9999999 -.0001743 -.0001920
T 6327 19 .1518370E+11   3400012E-01 -.2539E+02  .1393E+02   .9999999 -.0002370 -.0000248
T 6328 19 .1518202E+11   3400007E-01  .1725E+02  .4228E+02   .9999999  .0000125  .0000996
T 6329 19 .1518117E+11   3400017E-01  .8717E+01  .8502E+00   .9999999 -.0000442  .0000134
T 6330 19 .1518308E+11   3400019E-01 -.1440E+02 -.7201E+01   .9999999 -.0001407  .0001620
T 6331 19 .1518209E+11   3400000E-01 -.2601E+01  .8914E+01   .9999999 -.0001158  .0001993
T 6332 19 .1518236E+11   3400020E-01  .2065E+02 -.2087E+02   .9999999  .0000365 -.0001027
T 6333 19 .1518208E+11   3400017E-01  .2993E+02 -.1678E+02   .9999999 -.0000306  .0000391
T 6334 19 .1518534E+11   3400005E-01 -.6576E+02  .2510E+02   .9999997 -.0007494 -.0000354
T 6335 19 .1518405E+11   3400005E-01 -.3002E+02 -.4341E+01   .9999999 -.0001938 -.0001095
T 6336 19 .1518418E+11   3400013E-01  .1719E+02 -.1404E+02   .9999999  .0002784 -.0000241
T 6337 19 .1518317E+11   3400000E-01 -.1786E+02  .2230E+02   .9999999 -.0001703 -.0000236
T 6338 19 .1518215E+11   3400007E-01  .4193E+01 -.8483E+01   .9999999  .0001468 -.0002265
T 6339 19 .1518232E+11   3400020E-01 -.3747E+02  .5488E+01   .9999999 -.0001678  .0002137
T 6340 19 .1518397E+11   3400006E-01 -.8191E+02 -.8307E+02   .9999998 -.0004959 -.0004923
T 6341 19 .1518419E+11   3400015E-01 -.1937E+02  .3324E+01   .9999999 -.0001002  .0001897
T 6342 19 .1518218E+11   3400021E-01  .2348E+02  .6002E+01   .9999999  .0001606  .0000333
T 6343 19 .1518286E+11   3400011E-01  .1500E+02 -.3775E+02   .9999999 -.0000111 -.0002920
T 6344 19 .1517987E+11   3400016E-01  .5849E+01 -.1467E+02   .9999999 -.0001192 -.0001185
T 6345 19 .1518368E+11   3400006E-01  .7321E+00 -.2316E+02   .9999999  .0000240 -.0000993
T 6346 19 .1518138E+11   3400020E-01  .5595E+01 -.3361E+02   .9999999 -.0000262 -.0003270
T 6347 19 .1518443E+11   3400001E-01  .1187E+02 -.2204E+01   .9999999  .0001836 -.0000337
T 6348 19 .1518186E+11   3400011E-01 -.3897E+02  .3420E+01   .9999999 -.0002789  .0000088
T 6349 19 .1518409E+11   3400004E-01  .4318E+01 -.3782E+02   .9999999  .0000494 -.0000591
T 6350 19 .1518279E+11   3400018E-01 -.2202E+02 -.3833E+02   .9999999 -.0001386 -.0002869
T 6351 19 .1518127E+11   3400009E-01  .3521E+01  .6677E+01   .9999999  .0001091  .0001427
T 6352 19 .1518050E+11   3400017E-01  .1409E+01 -.2076E+02   .9999999 -.0000501 -.0000717
T 6353 19 .1518411E+11   3400005E-01 -.4457E+02 -.6424E+02   .9999998 -.0003527 -.0004228
T 6354 19 .1518345E+11   3400014E-01  .2704E+02 -.7153E+01   .9999998  .0005565  .0000655
T 6355 19 .1518112E+11   3400016E-01  .4785E+01 -.6682E+01   .9999999 -.0001135  .0000785
T 6356 19 .1518188E+11   3400000E-01  .1544E+01  .6307E+02   .9999998 -.0000694  .0006656
T 6357 19 .1518247E+11   3400001E-01  .2735E+02  .9806E+01   .9999999  .0001798 -.0000133
T 6358 19 .1518076E+11   3400019E-01 -.3592E+01  .6715E+02   .9999999 -.0001184  .0004570
T 6359 19 .1518322E+11   3400021E-01  .4150E+02  .7897E+02   .9999999  .0002589  .0004537
T 6360 19 .1518345E+11   3400006E-01  .5305E+01  .2415E+02   .9999999 -.0001105  .0002019
T 6361 19 .1518238E+11   3400008E-01  .3450E+01  .6654E+01   .9999999 -.0001104  .0001145
T 6362 19 .1518285E+11   3400003E-01 -.1915E+02 -.8833E+01   .9999999  .0001099 -.0000278
T 6363 19 .1518304E+11   3400022E-01  .4662E+02  .4799E+02   .9999999  .0001583  .0004124
T 6364 19 .1518353E+11   3400001E-01  .2268E+02 -.1001E+02   .9999999  .0000672 -.0000427
T 6365 19 .1518373E+11   3400001E-01 -.9145E+00 -.2031E+02   .9999999 -.0001809 -.0002449
T 6366 19 .1518202E+11   3400008E-01 -.3835E+02 -.2899E+02   .9999997 -.0004882 -.0006779
T 6367 19 .1518280E+11   3400018E-01  .1206E+02 -.3643E+02   .9999999  .0001580 -.0002111
T 6368 19 .1518294E+11   3400010E-01 -.3125E+02  .1609E+02   .9999999 -.0001619  .0000940
T 6369 19 .1518138E+11   3400014E-01  .3662E+02  .3214E+02   .9999999  .0003405  .0002112
T 6370 19 .1518199E+11   3400000E-01 -.3897E+01 -.3069E+02   .9999999 -.0001328 -.0002593
T 6371 19 .1518395E+11   3400003E-01  .4487E+02  .2630E+02   .9999999  .0003342  .0000748
T 6372 19 .1518313E+11   3400011E-01 -.4288E+02  .6233E+02   .9999999 -.0002847  .0004218
T 6373 19 .1518247E+11   3400022E-01 -.1166E+03  .7310E+02   .9999996 -.0008150  .0004795
T 6374 19 .1518286E+11   3400001E-01  .1201E+02  .2615E+02   .9999999 -.0000532  .0000913
T 6375 19 .1518219E+11   3400018E-01 -.6053E+01 -.8452E+01   .9999999 -.0000329 -.0001456
T 6376 19 .1518194E+11   3400021E-01 -.1615E+01 -.2198E+01   .9999999  .0000497 -.0001672
T 6377 19 .1518121E+11   3400000E-01  .8729E+01 -.5599E+02   .9999999  .0000222 -.0002643
T 6378 19 .1518259E+11   3400004E-01 -.3977E+01 -.5086E+00   .9999999 -.0000229 -.0001619
T 6379 19 .1518189E+11   3400014E-01 -.4943E+02 -.3657E+02   .9999998 -.0004272 -.0004692
T 6380 19 .1518306E+11   3400014E-01  .8954E+02  .1786E+02   .9999997  .0007287  .0002626
T 6381 19 .1518342E+11   3400017E-01  .6645E+00  .2465E+02   .9999999 -.0000206  .0002603
T 6382 19 .1518369E+11   3400016E-01 -.2344E+01  .5494E+01   .9999999  .0000357 -.0000065
T 6383 19 .1518250E+11   3400017E-01  .5587E+02  .1732E+02   .9999999  .0003804  .0000497
T 6384 19 .1518512E+11   3400001E-01 -.1932E+02 -.3094E+02   .9999999 -.0000360 -.0001881
T 6385 19 .1518223E+11   3400014E-01 -.8845E+00 -.3509E+02   .9999999 -.0000936 -.0002249
T 6386 19 .1518436E+11   3400009E-01  .1670E+02 -.1523E+02   .9999999  .0002392  .0001652
T 6387 19 .1518518E+11   3400012E-01 -.6283E+02 -.4981E+02   .9999999 -.0005028  .0001689
T 6388 19 .1518567E+11   3400020E-01 -.5770E+01  .4416E+01   .9999999  .0000290  .0001299
T 6389 19 .1518180E+11   3400003E-01 -.1063E+02  .3590E+01   .9999999  .0001046  .0000014
T 6390 19 .1518407E+11   3400003E-01 -.2156E+02 -.6071E+01   .9999999 -.0001901 -.0000366
T 6391 19 .1518224E+11   3400020E-01  .1353E+02 -.3218E+02   .9999999  .0000030 -.0003471
T 6392 19 .1518266E+11   3400017E-01  .4672E+02  .6022E+02   .9999999  .0002871  .0002194
T 6393 19 .1518269E+11   3400022E-01  .2428E+02 -.1937E+02   .9999999  .0001171  .0001115
T 6394 19 .1518174E+11   3400010E-01  .7507E+02  .1170E+02   .9999999  .0002979  .0002738
T 6395 19 .1518156E+11   3400022E-01  .9697E+01  .6966E+00   .9999999  .0002127  .0002481
T 6396 19 .1518049E+11   3400015E-01  .2537E+02 -.3950E+01   .9999999  .0002671  .0000506
T 6397 19 .1518455E+11   3400011E-01  .1713E+02  .5846E+01   .9999999  .0000935  .0000612
T 6398 19 .1518286E+11   3400002E-01 -.2495E+01 -.2988E+02   .9999999 -.0000417 -.0002020
T 6399 19 .1518411E+11   3400022E-01  .1217E+02  .9631E+01   .9999999  .0000515  .0000276
T 6400 19 .1518239E+11   3400006E-01 -.1077E+02 -.5012E+02   .9999999 -.0000622 -.0003730
T 6401 19 .1518343E+11   3400002E-01  .1526E+02 -.4585E+01   .9999999  .0001234 -.0000768
T 6402 19 .1518358E+11   3400000E-01  .2010E+02 -.2354E+02   .9999999  .0002559 -.0002266
T 6403 19 .1518338E+11   3400022E-01 -.2220E+02 -.3555E+01   .9999999 -.0004584  .0001116
T 6404 19 .1518289E+11   3400019E-01  .4221E+02 -.8017E+01   .9999999  .0003216 -.0001059
T 6405 19 .1518080E+11   3400016E-01  .4175E+02 -.5992E+02   .9999999  .0001296 -.0002698
T 6406 19 .1518304E+11   3400021E-01  .1294E+02  .1283E+02   .9999999  .0000661 -.0000781
T 6407 19 .1518445E+11   3400010E-01 -.1520E+02  .1159E+02   .9999999 -.0002485  .0004420
T 6408 19 .1518198E+11   3400015E-01  .5503E+01  .8246E+01   .9999999  .0002187  .0000712
T 6409 19 .1518210E+11   3400019E-01  .4031E+02  .3748E+02   .9999999  .0003105  .0001735
T 6410 19 .1518382E+11   3400010E-01 -.6254E+00  .2086E+02   .9999996  .0002245  .0008747
T 6411 19 .1518363E+11   3400020E-01  .2548E+01 -.7709E+01   .9999999  .0000166  .0000624
T 6412 19 .1518351E+11   3400013E-01  .1821E+02 -.4069E+02   .9999999 -.0002067 -.0001664
T 6413 19 .1518250E+11   3400019E-01 -.4799E+02  .3104E+02   .9999999 -.0002126  .0001683
T 6414 19 .1518340E+11   3400021E-01 -.1182E+02  .1830E+02   .9999999 -.0000834  .0001781
T 6415 19 .1518484E+11   3400019E-01  .5065E+01  .1224E+01   .9999999 -.0000553 -.0001032
T 6416 19 .1518261E+11   3400003E-01  .1358E+01 -.1669E+02   .9999999  .0000192 -.0001246
T 6417 19 .1518246E+11   3400022E-01  .1959E+02 -.2050E+02   .9999999  .0004290 -.0001060
T 6418 19 .1518298E+11   3400008E-01  .4371E+02 -.1398E+01   .9999999  .0003419  .0000595
T 6419 19 .1518027E+11   3400023E-01  .1677E+02 -.3191E+02   .9999999  .0002259 -.0001733
T 6420 19 .1518338E+11   3400021E-01 -.3394E+02 -.8209E+01   .9999999 -.0001604  .0000022
T 6421 19 .1518333E+11   3400019E-01 -.3919E+02 -.5147E+01   .9999999 -.0001273  .0000726
T 6422 19 .1518186E+11   3400018E-01  .1157E+02  .7462E+01   .9999999  .0002570 -.0000842
T 6423 19 .1518347E+11   3400018E-01  .3131E+02  .3201E+02   .9999999  .0004450  .0002331
T 6424 19 .1518347E+11   3400020E-01  .4600E+01  .5831E+01   .9999999  .0000516  .0001992
T 6425 19 .1518322E+11   3400013E-01  .1527E+01  .3346E+02   .9999999 -.0000495  .0001640
T 6426 19 .1518207E+11   3400016E-01  .6577E+02  .2893E+02   .9999998  .0005032  .0002367
T 6427 19 .1518236E+11   3400016E-01  .3382E+02  .9528E+01   .9999999  .0001516  .0001793
T 6428 19 .1518345E+11   3400019E-01  .1084E+02 -.3761E+02   .9999999  .0000421 -.0004344
T 6429 19 .1518203E+11   3400011E-01 -.1803E+02  .1689E+02   .9999999 -.0003636  .0000131
T 6430 19 .1518401E+11   3400000E-01 -.2031E+01  .2137E+01   .9999999  .0001221  .0001015
T 6431 19 .1518333E+11   3400006E-01  .3215E+02 -.4418E+02   .9999999  .0001156 -.0003191
T 6432 19 .1518361E+11   3400021E-01  .1438E+01  .1024E+02   .9999999 -.0000167  .0001414
T 6433 19 .1518189E+11   3400011E-01  .7980E+00 -.3653E+02   .9999999 -.0000742 -.0001364
T 6434 19 .1518253E+11   3400021E-01  .1517E+02  .4861E+02   .9999999 -.0000206  .0002276
T 6435 19 .1518260E+11   3400005E-01  .5944E+02 -.1017E+02   .9999999  .0002397  .0000073
T 6436 19 .1518481E+11   3400012E-01 -.9582E+01  .6479E+02   .9999992 -.0003694  .0012331
T 6437 19 .1518309E+11   3400011E-01 -.9917E+01 -.3768E+02   .9999999 -.0001064 -.0003865
T 6438 19 .1518155E+11   3400022E-01 -.7526E+02  .1471E+02   .9999999 -.0004850  .0000919
T 6439 19 .1518479E+11   3400007E-01 -.8014E+01 -.3454E+01   .9999999 -.0002204  .0001560
T 6440 19 .1518161E+11   3400003E-01  .1233E+01  .1562E+02   .9999999  .0000118  .0002148
T 6441 19 .1518261E+11   3400013E-01  .3386E+02 -.2175E+02   .9999999  .0000955 -.0002907
T 6442 19 .1518359E+11   3400009E-01 -.1624E+02  .3894E+02   .9999999  .0000278  .0002105
T 6443 19 .1518296E+11   3400018E-01 -.2733E+02  .1041E+01   .9999999 -.0001168  .0000627
T 6444 19 .1518114E+11   3400021E-01 -.6291E+01 -.2266E+02   .9999999 -.0000825 -.0000881
T 6445 19 .1518465E+11   3400020E-01  .1942E+02  .1664E+02   .9999999 -.0000109  .0000910
T 6446 19 .1518314E+11   3400014E-01  .5487E+01  .2160E+02   .9999999  .0001478  .0002653
T 6447 19 .1518451E+11   3400019E-01 -.1614E+02 -.2637E+02   .9999999 -.0000522  .0000222
T 6448 19 .1518229E+11   3400017E-01  .1770E+02  .2976E+02   .9999999  .0002242  .0001265
T 6449 19 .1518229E+11   3400023E-01  .1307E+02 -.1096E+02   .9999999  .0001231  .0000104
T 6450 19 .1518414E+11   3400017E-01  .4541E+02  .2376E+02   .9999999  .0003175  .0002096
T 6451 19 .1518161E+11   3400021E-01 -.1142E+02  .2890E+02   .9999999 -.0000079  .0001980
T 6452 19 .1518280E+11   3400015E-01 -.4769E+02  .4991E+02   .9999999 -.0002053  .0002277
T 6453 19 .1518092E+11   3400016E-01  .3569E+02  .4228E+02   .9999999  .0001591  .0004597
T 6454 19 .1518315E+11   3400016E-01  .9989E+02  .2934E+02   .9999999  .0004721  .0001864
T 6455 19 .1518156E+11   3400000E-01  .7808E+01  .4400E+02   .9999999  .0000011  .0002934
T 6456 19 .1518259E+11   3400014E-01 -.2114E+02 -.7494E+01   .9999999 -.0002051 -.0000786
T 6457 19 .1518251E+11   3400016E-01 -.1891E+02  .8468E+01   .9999999 -.0001310  .0001716
T 6458 19 .1518326E+11   3400003E-01 -.1521E+00  .2574E+01   .9999999  .0001115  .0000829
T 6459 19 .1518357E+11   3400019E-01  .1904E+02  .9067E+02   .9999997  .0001547  .0007034
T 6460 19 .1518132E+11   3400002E-01  .8746E+00  .3061E+01   .9999999 -.0001146  .0000663
T 6461 19 .1518359E+11   3400020E-01 -.6431E+01 -.3012E+02   .9999999 -.0001902 -.0002045
T 6462 19 .1518062E+11   3400012E-01  .4501E+02  .5125E+02   .9999997  .0006396  .0005105
T 6463 19 .1518249E+11   3400016E-01 -.5027E+02 -.1455E+02   .9999998 -.0004839 -.0003828
T 6464 19 .1518331E+11   3400003E-01 -.1884E+02 -.1129E+02   .9999999 -.0001902  .0000101
T 6465 19 .1518083E+11   3400018E-01 -.2128E+02  .2389E+02   .9999999 -.0003433  .0000288
T 6466 19 .1518245E+11   3400005E-01  .4051E+02  .5957E+01   .9999999  .0003073  .0001067
T 6467 19 .1518284E+11   3400020E-01 -.9253E+01  .8349E+01   .9999999 -.0000747 -.0000182
T 6468 19 .1518235E+11   3400010E-01 -.2884E+02 -.2958E+02   .9999999 -.0000486 -.0001798
T 6469 19 .1518511E+11   3400014E-01  .9087E+00 -.2112E+02   .9999999  .0000870 -.0001609
T 6470 19 .1518405E+11   3400006E-01  .4117E+01  .3852E+02   .9999999 -.0000133  .0003324
T 6471 19 .1518358E+11   3400000E-01  .7278E+01  .1250E+02   .9999999  .0000302  .0000887
T 6472 19 .1518188E+11   3400003E-01  .4617E+01  .2539E+02   .9999999  .0000909  .0001391
T 6473 19 .1518322E+11   3400009E-01  .3059E+02 -.2499E+02   .9999999  .0001262 -.0001208
T 6474 19 .1518384E+11   3400014E-01  .2075E+02 -.3349E+02   .9999999  .0003255 -.0001571
T 6475 19 .1518321E+11   3400008E-01  .5766E-01 -.1862E+02   .9999999 -.0002154  .0000632
T 6476 19 .1518097E+11   3400013E-01 -.2142E+01 -.3872E+02   .9999999 -.0000880 -.0000001
T 6477 19 .1518181E+11   3400014E-01 -.6510E+02  .2419E+02   .9999998 -.0005350  .0002415
T 6478 19 .1517988E+11   3400003E-01  .2187E+02  .2795E+02   .9999999  .0002063  .0001968
T 6479 19 .1518315E+11   3400014E-01 -.2391E+02  .4322E+01   .9999999 -.0002029  .0001623
T 6480 19 .1518333E+11   3400018E-01  .5397E+01  .5899E+01   .9999999  .0000967 -.0000582
T 6481 19 .1518272E+11   3400012E-01  .8653E+01  .5692E+01   .9999999  .0002096  .0001558
T 6482 19 .1518314E+11   3400005E-01  .1462E+02  .1300E+02   .9999999  .0000724  .0000691
T 6483 19 .1518271E+11   3400012E-01 -.7523E+01  .3628E+01   .9999999 -.0002123 -.0000394
T 6484 19 .1518062E+11   3400014E-01  .7169E+01  .3787E+00   .9999999 -.0001339 -.0000943
T 6485 19 .1518262E+11   3400010E-01 -.3761E+02 -.4996E+02   .9999999 -.0002027 -.0002399
T 6486 19 .1518358E+11   3400021E-01  .2902E+01  .2284E+01   .9999999 -.0000955  .0001513
T 6487 19 .1518153E+11   3400017E-01  .4614E+01 -.1952E+01   .9999999  .0000440  .0001198
T 6488 19 .1518358E+11   3400019E-01  .4098E+02  .3003E+02   .9999999  .0001939  .0002477
T 6489 19 .1518242E+11   3400006E-01  .1277E+02 -.3182E+01   .9999999  .0001056  .0001627
T 6490 19 .1518319E+11   3400004E-01 -.6456E+02 -.1252E+03   .9999986 -.0006549 -.0015461
T 6491 19 .1518229E+11   3400021E-01 -.4530E+02  .2761E+02   .9999999  .0000163  .0003485
T 6492 19 .1518406E+11   3400004E-01 -.2420E+02  .5284E+02   .9999999 -.0002815  .0003752
T 6493 19 .1518131E+11   3400017E-01  .2747E+01 -.1294E+02   .9999999  .0000050 -.0000276
T 6494 19 .1518215E+11   3400018E-01 -.2834E+01  .1557E+02   .9999999  .0000171  .0001726
T 6495 19 .1518163E+11   3400016E-01 -.5039E+02  .9310E+01   .9999999 -.0003523 -.0001162
T 6496 19 .1518244E+11   3400011E-01 -.1381E+03 -.4676E+02   .9999995 -.0009373 -.0002211
T 6497 19 .1518166E+11   3400021E-01 -.1586E+02 -.8599E+02   .9999997 -.0001870 -.0007438
T 6498 19 .1518176E+11   3400013E-01 -.5701E+01 -.1333E+02   .9999999 -.0001100 -.0000258
T 6499 19 .1518435E+11   3400018E-01 -.1523E+02  .5905E+01   .9999999 -.0002071  .0002775
T 6500 19 .1518337E+11   3400005E-01  .3678E+02  .4672E+00   .9999999  .0003346 -.0000627
T 6501 19 .1518257E+11   3400001E-01 -.1209E+02  .1962E+02   .9999999 -.0000540  .0000848
T 6502 19 .1518337E+11   3400015E-01 -.7397E+01  .2409E+01   .9999999 -.0001501 -.0000459
T 6503 19 .1518365E+11   3400017E-01  .8772E+00 -.5175E+02   .9999999 -.0000440 -.0001544
T 6504 19 .1518323E+11   3400011E-01 -.6490E+02 -.2224E+02   .9999995 -.0002936 -.0009791
T 6505 19 .1518350E+11   3400007E-01  .1163E+02 -.1288E+02   .9999999 -.0000126 -.0001110
T 6506 19 .1518162E+11   3400012E-01  .6393E+02  .4217E+02   .9999999  .0003903  .0003069
T 6507 19 .1518066E+11   3400009E-01  .1694E+02  .3009E+01   .9999999 -.0000410  .0001447
T 6508 19 .1518337E+11   3400012E-01 -.5387E+01  .3146E+02   .9999999  .0000728  .0001012
T 6509 19 .1518079E+11   3400001E-01  .3598E+02 -.3191E+02   .9999999 -.0000143 -.0000763
T 6510 19 .1518111E+11   3400006E-01  .1350E+03  .3147E+02   .9999999  .0003981 -.0001765
T 6511 19 .1518438E+11   3400008E-01 -.8447E+01 -.3011E+02   .9999999 -.0001527 -.0001905
T 6512 19 .1518025E+11   3400000E-01 -.8795E+02 -.1069E+02   .9999998 -.0005785 -.0002354
T 6513 19 .1518364E+11   3400016E-01  .9895E+01  .3088E+02   .9999997  .0007076  .0001956
T 6514 19 .1518313E+11   3400004E-01  .1877E+02 -.1710E+02   .9999999  .0000735 -.0001995
T 6515 19 .1518128E+11   3400021E-01  .4238E+02  .5787E+02   .9999999  .0002934  .0003350
T 6516 19 .1518247E+11   3400003E-01  .1537E+01 -.1282E+02   .9999999 -.0000664 -.0000124
T 6517 19 .1518069E+11   3400006E-01  .1788E+02 -.1182E+03   .9999997  .0000399 -.0007584
T 6518 19 .1518250E+11   3400010E-01 -.3262E+02 -.5436E+01   .9999999 -.0002557  .0000570
T 6519 19 .1518288E+11   3400014E-01 -.2840E+02 -.4584E+02   .9999999 -.0001345 -.0002331
T 6520 19 .1518383E+11   3400002E-01 -.5093E+02 -.9973E+01   .9999999 -.0003858  .0000490
T 6521 19 .1518448E+11   3400001E-01 -.7739E+01  .2069E+02   .9999999 -.0000992  .0001750
T 6522 19 .1518233E+11   3400008E-01 -.5019E+02  .1032E+02   .9999999 -.0003051  .0002217
T 6523 19 .1518365E+11   3400012E-01  .4114E+02 -.2813E+02   .9999999  .0001660 -.0004287
T 6524 19 .1518202E+11   3400009E-01 -.1661E+02  .3470E+02   .9999999 -.0001626  .0003279
T 6525 19 .1518333E+11   3400000E-01 -.1093E+02 -.2769E+02   .9999999 -.0000749 -.0002077
T 6526 19 .1518186E+11   3400007E-01  .6049E+02  .1995E+02   .9999999  .0002635  .0001604
T 6527 19 .1517999E+11   3400013E-01  .3002E+02 -.7602E+01   .9999999  .0002901  .0000596
T 6528 19 .1518366E+11   3400019E-01  .3962E+02  .7909E+01   .9999999  .0003480 -.0000580
T 6529 19 .1518143E+11   3400000E-01 -.8024E+00  .1771E+02   .9999999 -.0000214  .0002998
T 6530 19 .1518231E+11   3400020E-01 -.2662E+02 -.1248E+02   .9999999 -.0001469 -.0000727
T 6531 19 .1518093E+11   3400009E-01  .7102E+02 -.1490E+01   .9999999  .0005324 -.0000194
T 6532 19 .1518296E+11   3400008E-01  .1962E+02  .3095E+02   .9999999  .0000554  .0003909
T 6533 19 .1518199E+11   3400022E-01 -.1393E+02  .4386E+02   .9999999 -.0001277  .0003370
T 6534 19 .1518442E+11   3400007E-01 -.3896E+02 -.4726E+02   .9999998 -.0003242 -.0004607
T 6535 19 .1518540E+11   3400010E-01 -.2179E+01 -.1442E+02   .9999999  .0000658  .0000842
T 6536 19 .1518410E+11   3400023E-01 -.5880E+01 -.2294E+02   .9999999 -.0000796 -.0001392
T 6537 19 .1518431E+11   3400020E-01  .1754E+01  .3539E+02   .9999999  .0000539  .0000673
T 6538 19 .1518431E+11   3400008E-01  .1748E+01 -.1065E+02   .9999999  .0000323 -.0000621
T 6539 19 .1518366E+11   3400010E-01  .4850E+02 -.1726E+02   .9999999  .0003824 -.0001125
T 6540 19 .1518376E+11   3400001E-01  .2335E+02 -.6863E+01   .9999999  .0003351  .0003325
T 6541 19 .1518184E+11   3400017E-01  .3157E+01 -.1870E+02   .9999999  .0000591 -.0001874
T 6542 19 .1518073E+11   3400002E-01 -.4943E+02 -.3118E+02   .9999998 -.0005431 -.0004460
T 6543 19 .1518080E+11   3400005E-01 -.2129E+02  .1478E+02   .9999999 -.0001923  .0000143
T 6544 19 .1518186E+11   3400001E-01  .4740E+02  .3180E+02   .9999999 -.0001133  .0004448
T 6545 19 .1518306E+11   3400022E-01  .3357E+02 -.2442E+01   .9999999  .0001976 -.0003064
T 6546 19 .1518387E+11   3400000E-01  .1373E+02 -.1235E+02   .9999999  .0000491 -.0000186
T 6547 19 .1518387E+11   3400021E-01 -.2389E+01 -.2585E+02   .9999999  .0000777 -.0002630
T 6548 19 .1518290E+11   3400019E-01  .3165E+02 -.2254E+02   .9999999  .0001906  .0000356
T 6549 19 .1518424E+11   3400011E-01  .1569E+01  .2032E+02   .9999999  .0000935  .0002391
T 6550 19 .1518104E+11   3400002E-01 -.2325E+02  .1054E+02   .9999999 -.0000456  .0003335
T 6551 19 .1518275E+11   3400007E-01  .3112E+02  .5296E+02   .9999999  .0003051  .0002193
T 6552 19 .1518249E+11   3400016E-01 -.1966E+02  .1207E+01   .9999999 -.0000687 -.0000557
T 6553 19 .1518173E+11   3400004E-01 -.1046E+02 -.2909E+01   .9999999 -.0000979 -.0002284
T 6554 19 .1518256E+11   3400015E-01  .1149E+02 -.1030E+03   .9999999  .0000179 -.0003610
T 6555 19 .1518080E+11   3400020E-01 -.2371E+02 -.1081E+02   .9999999 -.0002191 -.0001043
T 6556 19 .1518284E+11   3400014E-01 -.9931E+01  .9918E+02   .9999986 -.0013524  .0010302
T 6557 19 .1518280E+11   3400014E-01 -.3340E+02 -.4231E+02   .9999999 -.0001738 -.0003449
T 6558 19 .1518218E+11   3400021E-01 -.2751E+02 -.3316E+02   .9999999 -.0000629 -.0002485
T 6559 19 .1518233E+11   3400002E-01 -.9812E+01 -.2719E+01   .9999999 -.0000539 -.0001041
T 6560 19 .1518245E+11   3400015E-01 -.9867E+02 -.6197E+02   .9999998 -.0004631 -.0003267
T 6561 19 .1518122E+11   3400001E-01  .1731E+02  .7839E+01   .9999999 -.0000095  .0001549
T 6562 19 .1518257E+11   3400014E-01 -.2218E+02  .2184E+02   .9999999 -.0001314  .0001546
T 6563 19 .1518266E+11   3400014E-01 -.1252E+02  .1614E+02   .9999999 -.0001963  .0002096
T 6564 19 .1518304E+11   3400020E-01 -.1716E+02  .4505E+02   .9999999 -.0000886  .0003284
T 6565 19 .1518265E+11   3400020E-01  .6486E+02  .8780E+02   .9999996  .0005099  .0006881
T 6566 19 .1518043E+11   3400019E-01 -.7183E+01 -.1900E+02   .9999999 -.0001032 -.0001629
T 6567 19 .1518309E+11   3400017E-01 -.9256E+01 -.1670E+02   .9999999 -.0000786  .0000132
T 6568 19 .1518223E+11   3400015E-01 -.1465E+02  .1636E+02   .9999999 -.0001611 -.0000540
T 6569 19 .1518201E+11   3400011E-01  .3790E+02  .1860E+02   .9999999  .0001523  .0001272
T 6570 19 .1518294E+11   3400011E-01  .1265E+02  .2087E+02   .9999999  .0001153 -.0001076
T 6571 19 .1518085E+11   3400017E-01 -.1482E+01 -.7861E+01   .9999999 -.0000896  .0000121
T 6572 19 .1518306E+11   3400019E-01 -.4831E+02 -.4427E+02   .9999999 -.0003078 -.0001543
T 6573 19 .1518257E+11   3400017E-01 -.2519E+01 -.5833E+02   .9999999  .0000265 -.0003645
T 6574 19 .1518337E+11   3400012E-01  .7529E+01  .3075E+02   .9999999 -.0001121  .0002234
T 6575 19 .1518311E+11   3400001E-01  .1883E+02 -.4268E+02   .9999999 -.0000019 -.0002117
T 6576 19 .1518183E+11   3400004E-01 -.3025E+02  .2526E+02   .9999999 -.0002438  .0002056
T 6577 19 .1518444E+11   3400021E-01 -.2696E+00  .4510E+01   .9999999  .0000162  .0001835
T 6578 19 .1518299E+11   3400011E-01  .8704E+01  .7813E+02   .9999999  .0000913  .0003454
T 6579 19 .1518081E+11   3400019E-01 -.1050E+02  .1084E+02   .9999999  .0001256  .0001275
T 6580 19 .1518308E+11   3400018E-01 -.2712E+02 -.1517E+02   .9999999 -.0002399  .0000086
T 6581 19 .1518284E+11   3400003E-01 -.3874E+02 -.5363E+01   .9999999 -.0002733 -.0000733
T 6582 19 .1518229E+11   3400020E-01  .3777E+01  .1766E+02   .9999999  .0001011  .0000273
T 6583 19 .1518118E+11   3400000E-01  .5960E+02  .1472E+01   .9999999  .0002866 -.0000343
T 6584 19 .1518383E+11   3400022E-01  .1939E+02 -.8660E+01   .9999999  .0002255 -.0000209
T 6585 19 .1518405E+11   3400007E-01 -.3766E+01 -.4136E+02   .9999999  .0000671 -.0002614
T 6586 19 .1518158E+11   3400018E-01  .6008E+02  .2854E+02   .9999985  .0005940  .0016119
T 6587 19 .1518319E+11   3400003E-01 -.4033E+02 -.6590E+02   .9999999 -.0001687 -.0003024
T 6588 19 .1518121E+11   3400004E-01  .1066E+02 -.1600E+02   .9999999  .0000242 -.0000385
T 6589 19 .1518276E+11   3400003E-01 -.9190E+01  .3986E+01   .9999999  .0000494  .0000106
T 6590 19 .1518384E+11   3400003E-01  .6343E+01  .8712E+01   .9999999 -.0002311  .0003624
T 6591 19 .1518320E+11   3400013E-01 -.1541E+02 -.9401E+01   .9999999 -.0001926 -.0000639
T 6592 19 .1518262E+11   3400005E-01  .3896E+02  .1042E+02   .9999999  .0003009  .0001006
T 6593 19 .1518336E+11   3400001E-01  .1719E+03  .2226E+02   .9999984  .0017841  .0003319
T 6594 19 .1518187E+11   3400021E-01  .1714E+02 -.1047E+02   .9999999  .0001350 -.0000090
T 6595 19 .1518254E+11   3400021E-01  .1239E+02 -.6864E+01   .9999999  .0001692 -.0001110
T 6596 19 .1518370E+11   3400022E-01 -.6235E+02 -.3438E+02   .9999999 -.0004691 -.0000498
T 6597 19 .1518425E+11   3400022E-01  .1292E+02  .1235E+02   .9999999  .0000912  .0003011
T 6598 19 .1518417E+11   3400019E-01  .1469E+02 -.4561E+02   .9999999 -.0000606 -.0003937
T 6599 19 .1518180E+11   3400020E-01 -.3175E+02  .3639E+02   .9999999 -.0002438  .0004435
T 6600 19 .1518156E+11   3400002E-01 -.5791E+02 -.4857E+01   .9999999 -.0003033  .0000461
T 6601 19 .1518163E+11   3400015E-01 -.1376E+03  .2225E+03   .9999997 -.0003081  .0007100
T 6602 19 .1518232E+11   3400011E-01  .2060E+02  .3953E+02   .9999999 -.0000793  .0003939
T 6603 19 .1518358E+11   3400019E-01 -.2168E+02 -.1916E+02   .9999999 -.0002128 -.0001294
T 6604 19 .1518234E+11   3400011E-01  .1044E+01 -.2204E+02   .9999999  .0000890 -.0001690
T 6605 19 .1518335E+11   3400022E-01 -.1233E+02 -.1481E+02   .9999999 -.0002374  .0000195
T 6606 19 .1518226E+11   3400011E-01 -.1050E+02  .9879E+01   .9999999 -.0001213  .0000481
T 6607 19 .1518201E+11   3400002E-01  .2601E+02 -.1331E+01   .9999999  .0000927 -.0000834
T 6608 19 .1518359E+11   3400007E-01 -.5390E+02  .4082E+02   .9999998 -.0005412  .0003961
T 6609 19 .1518259E+11   3400009E-01 -.1887E+02 -.1103E+02   .9999999 -.0001667 -.0001728
T 6610 19 .1518198E+11   3400019E-01  .1528E+02 -.7218E+01   .9999999 -.0000361 -.0000873
T 6611 19 .1518410E+11   3400010E-01  .5825E+02 -.6016E+02   .9999998  .0003470 -.0004999
T 6612 19 .1518089E+11   3400019E-01 -.4998E+02 -.1789E+02   .9999998 -.0004194 -.0005429
T 6613 19 .1518342E+11   3400020E-01 -.5242E+02  .2697E+02   .9999999 -.0001128  .0002863
T 6614 19 .1518330E+11   3400013E-01  .1939E+02 -.1019E+02   .9999999  .0000792  .0000088
T 6615 19 .1518418E+11   3400001E-01  .3154E+02 -.1941E+02   .9999999  .0002506  .0000373
T 6616 19 .1518349E+11   3400011E-01  .4463E+02 -.9095E+02   .9999997  .0004214 -.0006275
T 6617 19 .1518409E+11   3400008E-01  .8637E+01  .6091E+02   .9999999  .0000737  .0003844
T 6618 19 .1518361E+11   3400009E-01 -.1011E+02  .4602E+02   .9999999  .0003021  .0000541
T 6619 19 .1518294E+11   3400021E-01  .1500E+02 -.6060E+02   .9999999  .0000122 -.0004041
T 6620 19 .1518182E+11   3400022E-01  .8437E+01 -.3187E+02   .9999999  .0000615 -.0003770
T 6621 19 .1518382E+11   3400020E-01  .2730E+02 -.2424E+02   .9999999  .0000546 -.0000351
T 6622 19 .1518237E+11   3400020E-01 -.2900E+02 -.1459E+01   .9999999  .0000038  .0000572
T 6623 19 .1518282E+11   3400021E-01  .3990E+01  .4085E+02   .9999999 -.0000190  .0003413
T 6624 19 .1518288E+11   3400000E-01  .7198E+02 -.8121E+02   .9999998  .0004205 -.0004684
T 6625 19 .1518337E+11   3400002E-01 -.2225E+02 -.2391E+02   .9999999 -.0001960  .0001585
T 6626 19 .1518228E+11   3400007E-01 -.9382E+02  .1045E+02   .9999999 -.0004834 -.0000652
T 6627 19 .1518248E+11   3400016E-01 -.5112E+02  .6599E+02   .9999996 -.0005436  .0006940
T 6628 19 .1518357E+11   3400022E-01 -.1031E+02 -.2660E+02   .9999999  .0001215 -.0000454
T 6629 19 .1518059E+11   3400002E-01  .8642E+01  .3264E+01   .9999999  .0002572 -.0000136
T 6630 19 .1518339E+11   3400019E-01  .1293E+02 -.3839E+02   .9999999  .0001079 -.0003147
T 6631 19 .1518185E+11   3400018E-01  .4043E+01 -.1878E+02   .9999999 -.0000627 -.0002626
T 6632 19 .1518317E+11   3400002E-01 -.1607E+01  .2926E+02   .9999999  .0000237  .0001834
T 6633 19 .1518228E+11   3400021E-01  .2379E+01  .6034E+02   .9999999  .0000746  .0003444
T 6634 19 .1518238E+11   3400008E-01  .5544E+02 -.3607E+02   .9999998  .0005100 -.0002874
T 6635 19 .1518181E+11   3400016E-01  .1280E+02  .5365E+02   .9999999 -.0000015  .0002294
T 6636 19 .1518189E+11   3400011E-01 -.1792E+02  .1117E+02   .9999999 -.0001297  .0000921
T 6637 19 .1518254E+11   3400004E-01 -.2041E+02 -.1518E+02   .9999999 -.0000138 -.0000286
T 6638 19 .1518205E+11   3400016E-01 -.2160E+02 -.3355E+02   .9999999 -.0002583 -.0002744
T 6639 19 .1518118E+11   3400002E-01 -.4200E+02 -.3319E+01   .9999999 -.0003652 -.0002321
T 6640 19 .1518420E+11   3400021E-01 -.2234E+02 -.2389E+02   .9999999 -.0000766 -.0002122
T 6641 19 .1518208E+11   3400021E-01 -.6576E+01  .2312E+01   .9999999  .0001192 -.0001304
T 6642 19 .1518300E+11   3400020E-01 -.2636E+02 -.4821E+02   .9999999 -.0002779 -.0000246
T 6643 19 .1518128E+11   3400022E-01 -.4414E+02  .1361E+03   .9999999 -.0002178  .0004069
T 6644 19 .1518147E+11   3400020E-01  .5349E+02 -.2854E+02   .9999999  .0003536 -.0003030
T 6645 19 .1518346E+11   3400012E-01 -.6540E+00  .4655E+02   .9999999  .0000330  .0004086
T 6646 19 .1518099E+11   3400008E-01 -.2059E+03  .4766E+02   .9999997 -.0006923  .0002721
T 6647 19 .1518326E+11   3400019E-01 -.8322E+01 -.5060E+02   .9999999 -.0001119 -.0004497
T 6648 19 .1518349E+11   3400020E-01 -.2920E+02  .1837E+02   .9999999 -.0001510  .0000850
T 6649 19 .1518110E+11   3400019E-01 -.4525E+02 -.6360E+01   .9999999 -.0002828 -.0000647
T 6650 19 .1518326E+11   3400015E-01  .5540E+01  .2178E+02   .9999999 -.0003178  .0001036
T 6651 19 .1518094E+11   3400017E-01  .6060E+02 -.3387E+02   .9999999  .0003950 -.0003510
T 6652 19 .1518180E+11   3400021E-01 -.7858E+01 -.3426E+02   .9999999 -.0002487 -.0003700
T 6653 19 .1518131E+11   3400017E-01 -.2612E+02 -.7447E+02   .9999998 -.0003647 -.0005382
T 6654 19 .1518168E+11   3400021E-01 -.5078E+01  .1059E+01   .9999999  .0000613  .0000015
T 6655 19 .1518193E+11   3400020E-01 -.6558E+02 -.5839E+02   .9999998 -.0005914 -.0002475
T 6656 19 .1518300E+11   3400015E-01  .1758E+01  .4881E+02   .9999998  .0001198  .0006151
T 6657 19 .1518185E+11   3400008E-01  .8519E+01  .1558E+03   .9999997 -.0000400  .0007227
T 6658 19 .1518320E+11   3400018E-01  .3965E+02 -.1581E+01   .9999999  .0003117 -.0000132
T 6659 19 .1518503E+11   3400006E-01  .1210E+02 -.2583E+02   .9999999  .0000622  .0000242
T 6660 19 .1518197E+11   3400016E-01  .2270E+02 -.9846E+02   .9999998  .0001983 -.0006140
T 6661 19 .1518309E+11   3400008E-01  .5450E+02 -.8653E+01   .9999998  .0003984  .0003827
T 6662 19 .1518266E+11   3400013E-01 -.1424E+02 -.2612E+02   .9999999 -.0001104 -.0000964
T 6663 19 .1518151E+11   3400000E-01 -.7151E+01 -.2320E+02   .9999999  .0000971 -.0002495
T 6664 19 .1518172E+11   3400010E-01  .3642E+02  .9924E+01   .9999999  .0001259  .0000297
T 6665 19 .1518250E+11   3400018E-01  .5846E+01  .5185E+02   .9999999  .0000696  .0002053
T 6666 19 .1518105E+11   3400017E-01 -.1318E+03  .3448E+02   .9999996 -.0008410  .0002257
T 6667 19 .1518126E+11   3400021E-01  .8047E+01 -.9590E+00   .9999999  .0002064 -.0000764
T 6668 19 .1518471E+11   3400003E-01  .3560E+01  .2836E+01   .9999999  .0001155 -.0001198
T 6669 19 .1518348E+11   3400018E-01 -.2014E+02 -.6683E+01   .9999999 -.0002174 -.0001596
T 6670 19 .1518409E+11   3400007E-01 -.1118E+02 -.2568E+02   .9999999  .0000105 -.0000170
T 6671 19 .1518311E+11   3400014E-01  .2668E+02 -.1890E+01   .9999999 -.0000686 -.0002122
T 6672 19 .1518331E+11   3400021E-01  .7074E+01 -.1489E+02   .9999999 -.0000887 -.0001123
T 6673 19 .1518162E+11   3400016E-01 -.3579E+02  .1448E+02   .9999999 -.0001519  .0000861
T 6674 19 .1518434E+11   3400004E-01 -.2728E+02 -.1280E+02   .9999999 -.0001116  .0000642
T 6675 19 .1518199E+11   3400006E-01 -.1386E+02  .1226E+03   .9999999 -.0002934  .0003696
T 6676 19 .1518247E+11   3400014E-01  .2396E+02  .1322E+02   .9999999  .0001163 -.0000043
T 6677 19 .1518253E+11   3400015E-01 -.2833E+02  .7371E+01   .9999999 -.0003085 -.0000546
T 6678 19 .1518440E+11   3400019E-01 -.1391E+02 -.2131E+02   .9999999 -.0002651 -.0000751
T 6679 19 .1518277E+11   3400013E-01  .5099E+02 -.1027E+02   .9999999  .0003044 -.0000353
T 6680 19 .1518042E+11   3400012E-01  .3553E+02  .2754E+02   .9999999  .0001539  .0002152
T 6681 19 .1518304E+11   3400019E-01 -.1093E+02 -.6378E+01   .9999999 -.0001621 -.0000370
T 6682 19 .1518154E+11   3400021E-01 -.6499E+02  .1493E+02   .9999998 -.0005225  .0001803
T 6683 19 .1518246E+11   3400014E-01  .6514E+00  .8127E+01   .9999999  .0000297  .0000828
T 6684 19 .1518394E+11   3400001E-01  .2546E+02 -.2273E+02   .9999999  .0000763 -.0000990
T 6685 19 .1518312E+11   3400022E-01 -.1274E+02 -.1286E+02   .9999999  .0000336 -.0002323
T 6686 19 .1518236E+11   3400009E-01  .1887E+01 -.3937E+01   .9999999 -.0000535 -.0000068
T 6687 19 .1518284E+11   3400015E-01  .3625E+02  .2098E+02   .9999999  .0002639  .0000382
T 6688 19 .1518136E+11   3400016E-01 -.1135E+02 -.1586E+01   .9999999 -.0001014 -.0001541
T 6689 19 .1518180E+11   3400013E-01 -.1524E+02 -.2617E+02   .9999999 -.0001014 -.0000701
T 6690 19 .1518020E+11   3400010E-01 -.1259E+02 -.2284E+02   .9999999  .0000796 -.0001406
T 6691 19 .1518447E+11   3400020E-01  .5744E+00 -.1272E+02   .9999999 -.0000247 -.0001007
T 6692 19 .1518267E+11   3400006E-01  .3232E+02  .2610E+02   .9999999  .0001806  .0002913
T 6693 19 .1518060E+11   3400018E-01 -.2671E+02 -.5301E+02   .9999999 -.0001866 -.0003668
T 6694 19 .1518302E+11   3400010E-01 -.1942E+02  .2411E+02   .9999998  .0001019  .0006525
T 6695 19 .1518218E+11   3400015E-01  .4880E+02  .4408E+01   .9999999  .0004670 -.0000438
T 6696 19 .1518201E+11   3400023E-01  .2221E+02  .9383E+01   .9999999 -.0000587  .0001079
T 6697 19 .1518400E+11   3400023E-01 -.4684E+01 -.9039E+02   .9999997  .0001471 -.0006956
T 6698 19 .1518204E+11   3400019E-01  .3829E+02 -.5181E+01   .9999999  .0003522 -.0002587
T 6699 19 .1518307E+11   3400009E-01  .2783E+02 -.4835E+01   .9999998  .0005549 -.0001384
T 6700 19 .1518256E+11   3400015E-01  .5375E+02 -.5243E+01   .9999999  .0002859  .0000029
T 6701 19 .1518248E+11   3400018E-01 -.1073E+01 -.6717E+01   .9999999 -.0000272 -.0000258
T 6702 19 .1518409E+11   3400002E-01 -.5598E+00  .1553E+02   .9999999  .0000151  .0000147
T 6703 19 .1518215E+11   3400009E-01  .3068E+02  .6609E+01   .9999999  .0003044 -.0001964
T 6704 19 .1518097E+11   3400004E-01  .1776E+02 -.7489E+02   .9999999  .0000318 -.0003600
T 6705 19 .1518166E+11   3400005E-01  .2087E+02 -.3668E+02   .9999999  .0000259 -.0002848
T 6706 19 .1518378E+11   3400022E-01  .1361E+02 -.5628E+02   .9999999  .0000410 -.0002731
T 6707 19 .1518160E+11   3400012E-01 -.5347E+02 -.1815E+01   .9999998 -.0005861 -.0000030
T 6708 19 .1518271E+11   3400020E-01  .1858E+02  .5344E+02   .9999998  .0000721  .0006574
T 6709 19 .1518195E+11   3400006E-01 -.6539E+01 -.3456E+02   .9999999 -.0001043 -.0003077
T 6710 19 .1518187E+11   3400021E-01  .2725E+02 -.1904E+02   .9999999  .0005144 -.0000480
T 6711 19 .1518428E+11   3400010E-01 -.2343E+02 -.1526E+02   .9999999 -.0001071  .0000903
T 6712 19 .1518033E+11   3400007E-01 -.1569E+01  .1123E+02   .9999999  .0000328  .0000165
T 6713 19 .1518222E+11   3400021E-01  .1658E+03  .2523E+02   .9999997  .0007726  .0002448
T 6714 19 .1518032E+11   3400016E-01 -.7046E+02  .6354E+01   .9999998 -.0005244  .0001663
T 6715 19 .1518242E+11   3400013E-01 -.4887E+02  .3112E+02   .9999997 -.0004717  .0005297
T 6716 19 .1518354E+11   3400012E-01  .1452E+02  .3819E+01   .9999999  .0001434  .0001227
T 6717 19 .1518213E+11   3400022E-01 -.5272E+01  .4049E+02   .9999999 -.0001783  .0001937
T 6718 19 .1518196E+11   3400016E-01  .3836E+01 -.4239E+02   .9999998  .0001744 -.0005627
T 6719 19 .1518284E+11   3400021E-01 -.1316E+01 -.3584E+02   .9999999 -.0001154 -.0002012
T 6720 19 .1518282E+11   3400009E-01 -.9218E+01 -.2319E+02   .9999999 -.0000522 -.0000884
T 6721 19 .1518218E+11   3400010E-01  .1580E+02 -.5119E+02   .9999999 -.0001448 -.0003307
T 6722 19 .1518215E+11   3400003E-01 -.2822E+02 -.1170E+02   .9999999 -.0002297  .0000476
T 6723 19 .1518225E+11   3400005E-01 -.3415E+02  .1371E+02   .9999999 -.0001776  .0000504
T 6724 19 .1518370E+11   3400011E-01  .3046E+02  .6650E+01   .9999999  .0003720  .0000136
T 6725 19 .1518294E+11   3400016E-01  .1459E+00  .1053E+02   .9999999  .0000004  .0002997
T 6726 19 .1518257E+11   3400021E-01 -.1855E+02  .3366E+02   .9999999  .0000823  .0003182
T 6727 19 .1518230E+11   3400000E-01  .6060E+01 -.1716E+02   .9999999  .0001586 -.0000188
T 6728 19 .1518169E+11   3400006E-01  .8493E+02  .5805E+02   .9999999  .0004169  .0003077
T 6729 19 .1518217E+11   3400003E-01  .4986E+02  .1507E+02   .9999999  .0001020  .0001797
T 6730 19 .1518281E+11   3400019E-01 -.5654E+02 -.8894E+02   .9999999 -.0001875 -.0004244
T 6731 19 .1518001E+11   3400006E-01  .2875E+02 -.3692E+02   .9999999  .0002385 -.0003195
T 6732 19 .1518218E+11   3400010E-01 -.3183E+02 -.1706E+02   .9999999 -.0002220 -.0000774
T 6733 19 .1518239E+11   3400014E-01  .1309E+00  .3383E+01   .9999999 -.0001828 -.0001103
T 6734 19 .1518298E+11   3400010E-01  .2019E+01 -.2816E+02   .9999999 -.0000639 -.0003426
T 6735 19 .1518140E+11   3400020E-01  .9160E+01  .2806E+02   .9999999 -.0002111  .0002927
T 6736 19 .1518369E+11   3400015E-01  .2072E+02  .2836E+02   .9999999  .0002251  .0002178
T 6737 19 .1518219E+11   3400017E-01  .5002E+01  .2923E+02   .9999999 -.0000191  .0001646
T 6738 19 .1518168E+11   3400022E-01  .1467E+02 -.4932E+02   .9999999  .0000776 -.0002857
T 6739 19 .1518355E+11   3400019E-01  .1188E+03  .1918E+03   .9999994  .0005439  .0009432
T 6740 19 .1518157E+11   3400021E-01  .3190E+01 -.2221E+01   .9999999  .0001732  .0000121
T 6741 19 .1518464E+11   3400017E-01  .6910E+01  .3124E+01   .9999999 -.0000140 -.0001476
T 6742 19 .1518183E+11   3400019E-01 -.3312E+02  .2099E+01   .9999999  .0000456  .0001073
T 6743 19 .1518397E+11   3400009E-01 -.5216E+02  .1121E+02   .9999999 -.0004497  .0000780
T 6744 19 .1518213E+11   3400020E-01  .1435E+02 -.1499E+02   .9999999  .0000825 -.0000320
T 6745 19 .1518347E+11   3400006E-01 -.3466E+01  .3721E+02   .9999999 -.0000139  .0002410
T 6746 19 .1518099E+11   3400017E-01 -.2207E+02  .7052E+01   .9999999 -.0002509  .0000413
T 6747 19 .1518381E+11   3400004E-01  .2993E+02 -.8721E+00   .9999999  .0000145 -.0000002
T 6748 19 .1518165E+11   3400011E-01 -.9516E+01 -.8488E+01   .9999999  .0000143 -.0000825
T 6749 19 .1518362E+11   3400018E-01 -.4239E+02  .5067E+01   .9999999  .0000725  .0001988
T 6750 19 .1518147E+11   3400012E-01  .1539E+02 -.1139E+01   .9999999  .0001228 -.0000689
T 6751 19 .1518230E+11   3400011E-01  .5444E+01 -.1739E+01   .9999999  .0000306  .0000718
T 6752 19 .1518286E+11   3400013E-01  .8086E+01 -.5888E+02   .9999999  .0002047 -.0002671
T 6753 19 .1518234E+11   3400002E-01 -.1408E+02 -.2184E+01   .9999999 -.0001216 -.0000282
T 6754 19 .1518136E+11   3400018E-01 -.2678E+02  .3260E+01   .9999999 -.0000872  .0000001
T 6755 19 .1518399E+11   3400022E-01  .2531E+02  .2414E+02   .9999999 -.0000733  .0002603
T 6756 19 .1518300E+11   3400017E-01 -.1884E+02 -.7146E+02   .9999999 -.0001907 -.0003728
T 6757 19 .1518311E+11   3400021E-01 -.4353E+02  .4523E+02   .9999998 -.0005663  .0003887
T 6758 19 .1518429E+11   3400009E-01  .2696E+02  .3589E+02   .9999999  .0000749  .0003117
T 6759 19 .1518238E+11   3400020E-01  .2941E+02 -.4819E+01   .9999999  .0001006 -.0001231
T 6760 19 .1518295E+11   3400001E-01  .3236E+02 -.7154E+02   .9999999  .0002226 -.0004008
T 6761 19 .1518313E+11   3400020E-01  .5739E+02 -.8424E+01   .9999999  .0003755 -.0000739
T 6762 19 .1518254E+11   3400013E-01  .2588E+01  .2028E+02   .9999999  .0001219  .0001476
T 6763 19 .1518097E+11   3400019E-01  .4872E+01 -.2123E+02   .9999999 -.0000661 -.0002124
T 6764 19 .1518098E+11   3400014E-01  .9168E+01  .1119E+01   .9999999 -.0000134 -.0000894
T 6765 19 .1517987E+11   3400017E-01  .3037E+02 -.1337E+02   .9999999  .0001234 -.0001590
T 6766 19 .1518165E+11   3400011E-01 -.1100E+02 -.4184E+02   .9999999 -.0000321 -.0004136
T 6767 19 .1518313E+11   3400017E-01  .1642E+03 -.4481E+02   .9999996  .0008104 -.0003232
T 6768 19 .1518324E+11   3400020E-01 -.2217E+02  .1585E+02   .9999999 -.0001978 -.0000023
T 6769 19 .1518103E+11   3400005E-01 -.8517E+01 -.3437E+02   .9999998  .0002622 -.0005223
T 6770 19 .1518267E+11   3400021E-01  .2852E+02  .1694E+02   .9999999  .0000450 -.0000596
T 6771 19 .1518274E+11   3400021E-01 -.1678E+02  .2458E+02   .9999999 -.0001193  .0001041
T 6772 19 .1518400E+11   3400020E-01 -.3255E+02  .3523E+02   .9999999 -.0001259  .0001630
T 6773 19 .1518168E+11   3400015E-01 -.1431E+02  .3382E+02   .9999999  .0002232  .0000751
T 6774 19 .1518307E+11   3400012E-01  .2544E+01 -.6623E+02   .9999999  .0000078 -.0004950
T 6775 19 .1518126E+11   3400004E-01  .1522E+02  .1073E+02   .9999999  .0001124  .0001718
T 6776 19 .1518285E+11   3400011E-01  .1714E+02  .9341E+01   .9999999  .0001796 -.0000233
T 6777 19 .1518115E+11   3400019E-01 -.5931E+01 -.1634E+02   .9999999  .0001490 -.0001367
T 6778 19 .1518185E+11   3400022E-01  .1803E+02 -.3507E+02   .9999999  .0001694 -.0002931
T 6779 19 .1518483E+11   3400013E-01  .4389E+01  .7873E+01   .9999999 -.0001683  .0002368
T 6780 19 .1518233E+11   3400008E-01 -.3688E+02  .1330E+02   .9999998 -.0005349  .0001791
T 6781 19 .1518314E+11   3400017E-01 -.4695E+01 -.5032E+02   .9999999  .0000092 -.0005209
T 6782 19 .1518177E+11   3400003E-01 -.2513E+02  .7819E+01   .9999999 -.0001865 -.0002074
T 6783 19 .1518293E+11   3400009E-01 -.2110E+02 -.1704E+02   .9999999 -.0001611 -.0001998
T 6784 19 .1518361E+11   3400006E-01 -.7076E+02 -.1503E+03   .9999992 -.0006079 -.0011532
T 6785 19 .1518507E+11   3400016E-01 -.3066E+02  .1471E+01   .9999999 -.0001480  .0001258
T 6786 19 .1518257E+11   3400009E-01  .1694E+02 -.2630E+01   .9999999  .0002270 -.0000583
T 6787 19 .1518261E+11   3400010E-01  .5070E+02  .1335E+02   .9999999  .0000348  .0002209
T 6788 19 .1518412E+11   3400018E-01  .2920E+01 -.5079E+02   .9999999  .0001132 -.0003685
T 6789 19 .1518285E+11   3400010E-01  .5320E+02  .3510E+02   .9999999  .0004405  .0002912
T 6790 19 .1518153E+11   3400011E-01  .2448E+02 -.5731E+02   .9999999  .0001078 -.0005196
T 6791 19 .1518253E+11   3400015E-01 -.1262E+02  .2062E+02   .9999999  .0000339  .0002355
T 6792 19 .1518466E+11   3400013E-01 -.1102E+02  .4481E+01   .9999999 -.0000941  .0000422
T 6793 19 .1518107E+11   3400011E-01  .2324E+02 -.2378E+02   .9999999 -.0000619 -.0001183
T 6794 19 .1518145E+11   3400003E-01 -.2666E+03  .5227E+02   .9999995 -.0009953  .0001527
T 6795 19 .1518304E+11   3400009E-01 -.7009E+01  .1377E+02   .9999999 -.0000468  .0001987
T 6796 19 .1518280E+11   3400015E-01 -.2970E+02  .1804E+02   .9999999 -.0001123 -.0000752
T 6797 19 .1518064E+11   3400008E-01  .1034E+02  .3135E+02   .9999999  .0002421  .0002022
T 6798 19 .1518198E+11   3400009E-01 -.3822E+02  .8573E+02   .9999998 -.0002642  .0006048
T 6799 19 .1518346E+11   3400003E-01  .1775E+02  .5245E+00   .9999999  .0001471  .0001201
T 6800 19 .1518104E+11   3400017E-01 -.1944E+01  .7175E+02   .9999999  .0000561  .0004388
T 6801 19 .1518347E+11   3400010E-01  .7310E+01  .2587E+02   .9999999  .0000126  .0000513
T 6802 19 .1518264E+11   3400008E-01  .3051E+02 -.1884E+01   .9999999  .0002876  .0001736
T 6803 19 .1518245E+11   3400017E-01 -.1767E+02  .1564E+02   .9999999 -.0001144  .0001818
T 6804 19 .1518213E+11   3400006E-01  .7171E+02  .2384E+02   .9999999  .0004558  .0001821
T 6805 19 .1518384E+11   3400020E-01 -.5152E+02 -.7077E+02   .9999998 -.0004088 -.0005399
T 6806 19 .1518148E+11   3400012E-01  .9484E+01  .3604E+01   .9999999  .0002183 -.0000210
T 6807 19 .1518084E+11   3400020E-01  .1453E+02 -.1680E+01   .9999999  .0001583  .0000701
T 6808 19 .1518203E+11   3400001E-01 -.7429E+01  .4989E+00   .9999999  .0000832  .0001449
T 6809 19 .1518283E+11   3400005E-01  .2871E+02 -.8704E+02   .9999999  .0002380 -.0003540
T 6810 19 .1518317E+11   3400005E-01  .5495E+01  .7635E+02   .9999999 -.0000346  .0003313
T 6811 19 .1518281E+11   3400008E-01  .5381E+01  .2295E+02   .9999999 -.0000098  .0003768
T 6812 19 .1517901E+11   3400020E-01  .1302E+02 -.4642E+02   .9999999  .0000385 -.0002344
T 6813 19 .1518272E+11   3400019E-01  .5846E+01 -.5092E+01   .9999999 -.0000277 -.0001419
T 6814 19 .1518275E+11   3400000E-01 -.2962E+02  .1404E+02   .9999999 -.0002525  .0000742
T 6815 19 .1518190E+11   3400010E-01  .5832E+01 -.2481E+02   .9999999  .0000819 -.0000136
T 6816 19 .1518322E+11   3400005E-01  .1278E+02  .4759E+01   .9999999  .0001694 -.0001151
T 6817 19 .1518117E+11   3400001E-01  .2711E+02 -.4869E+01   .9999999  .0001577 -.0000556
T 6818 19 .1518118E+11   3400005E-01 -.1782E+02 -.1484E+02   .9999999  .0000054 -.0000624
T 6819 19 .1518394E+11   3400019E-01  .3332E+02 -.9978E+01   .9999999  .0002670 -.0000592
T 6820 19 .1518408E+11   3400018E-01 -.6741E+02 -.3745E+02   .9999999 -.0003457 -.0002473
T 6821 19 .1518163E+11   3400018E-01  .3045E+02  .2832E+02   .9999999  .0002051  .0003667
T 6822 19 .1518186E+11   3400007E-01 -.1438E+02  .3076E+02   .9999999  .0000560  .0001741
T 6823 19 .1518176E+11   3400017E-01  .2124E+02 -.4838E+01   .9999999 -.0002352  .0000758
T 6824 19 .1518357E+11   3400022E-01 -.1935E+02 -.2983E+01   .9999999 -.0002428  .0000944
T 6825 19 .1518268E+11   3400019E-01 -.2327E+02 -.2119E+02   .9999999 -.0002118 -.0000784
T 6826 19 .1518302E+11   3400013E-01  .1210E+03 -.2278E+02   .9999999  .0004967 -.0002124
T 6827 19 .1518157E+11   3400015E-01  .6153E+01  .8431E+01   .9999999  .0001266 -.0001564
T 6828 19 .1518052E+11   3400018E-01  .5325E+01  .2158E+02   .9999999 -.0000284  .0002015
T 6829 19 .1518413E+11   3400022E-01 -.1888E+02  .2038E+02   .9999999 -.0003077 -.0000784
T 6830 19 .1518332E+11   3400021E-01 -.1618E+02  .1681E+02   .9999999 -.0001628  .0002437
T 6831 19 .1518423E+11   3400019E-01  .5415E+02  .8542E+01   .9999999  .0003133  .0002002
T 6832 19 .1518299E+11   3400010E-01  .1177E+02  .2388E+02   .9999999  .0001502  .0002304
T 6833 19 .1518289E+11   3400015E-01 -.5573E+01 -.6942E+01   .9999999 -.0001505  .0000180
T 6834 19 .1518196E+11   3400005E-01  .2035E+01 -.5514E+02   .9999999 -.0000475 -.0005110
T 6835 19 .1518224E+11   3400021E-01  .2791E+02  .1612E+02   .9999999  .0001986 -.0000542
T 6836 19 .1518185E+11   3400006E-01 -.8869E+01  .3137E+02   .9999999 -.0000378  .0001210
T 6837 19 .1518275E+11   3400017E-01  .7155E+01  .5248E+02   .9999999  .0001023  .0005016
T 6838 19 .1518371E+11   3400017E-01 -.4098E+02  .4119E+02   .9999999 -.0002265  .0001459
T 6839 19 .1518559E+11   3400008E-01  .2214E+02  .1070E+02   .9999999  .0000973  .0000350
T 6840 19 .1518412E+11   3400013E-01 -.6463E+02  .1434E+02   .9999999 -.0004531  .0000222
T 6841 19 .1518060E+11   3400018E-01 -.1924E+02 -.1037E+03   .9999998  .0001358 -.0005385
T 6842 19 .1518443E+11   3400013E-01 -.4193E+01 -.2094E+02   .9999999 -.0002251 -.0001088
T 6843 19 .1518294E+11   3400012E-01 -.5305E+02 -.3556E+02   .9999999 -.0002792 -.0002644
T 6844 19 .1518360E+11   3400019E-01 -.2760E+02 -.2774E+02   .9999999 -.0001384 -.0002349
T 6845 19 .1518162E+11   3400010E-01  .2864E+02 -.9788E-01   .9999999  .0000484 -.0001317
T 6846 19 .1518304E+11   3400010E-01 -.3605E+02 -.5438E+02   .9999999 -.0003642 -.0001934
T 6847 19 .1518327E+11   3400021E-01 -.5826E+02 -.6017E+01   .9999962 -.0027224  .0005357
T 6848 19 .1518146E+11   3400001E-01 -.3014E+02  .1567E+02   .9999998 -.0007011 -.0000302
T 6849 19 .1518299E+11   3400022E-01  .1024E+01 -.4710E+02   .9999999  .0001212 -.0003802
T 6850 19 .1518089E+11   3400005E-01  .3415E+01 -.1303E+02   .9999999  .0000031 -.0000523
T 6851 19 .1518241E+11   3400016E-01  .3302E+00  .1060E+02   .9999999  .0000494  .0000261
T 6852 19 .1518326E+11   3400015E-01 -.5291E+01 -.6524E+01   .9999999 -.0003929 -.0001441
T 6853 19 .1518226E+11   3400001E-01 -.3443E+01  .1429E+02   .9999999 -.0001240  .0002331
T 6854 19 .1518304E+11   3400008E-01  .2467E+02 -.5716E+02   .9999999  .0001868 -.0003705
T 6855 19 .1518250E+11   3400007E-01 -.1731E+02  .9166E+01   .9999999  .0000308 -.0000828
T 6856 19 .1518329E+11   3400001E-01  .2939E+02 -.2406E+02   .9999999  .0002199 -.0001490
T 6857 19 .1518061E+11   3400016E-01  .2300E+02 -.1393E+02   .9999999  .0003320  .0000575
T 6858 19 .1518209E+11   3400018E-01 -.1541E+02 -.3027E+02   .9999999 -.0000853 -.0003550
T 6859 19 .1518312E+11   3400012E-01 -.3625E+02  .2005E+02   .9999999 -.0003788  .0001221
T 6860 19 .1518351E+11   3400020E-01  .9150E+01 -.1773E+01   .9999999  .0000064 -.0000425
T 6861 19 .1518061E+11   3400013E-01 -.1433E+02  .8713E+01   .9999999 -.0001829 -.0000624
T 6862 19 .1518310E+11   3400022E-01 -.3404E+01 -.1025E+01   .9999999 -.0000130 -.0000354
T 6863 19 .1518365E+11   3400018E-01  .2884E+02 -.2955E+02   .9999998  .0004816 -.0003100
T 6864 19 .1518332E+11   3400014E-01 -.4333E+01  .2128E+00   .9999999 -.0000804 -.0001436
T 6865 19 .1518333E+11   3400018E-01 -.2837E+02  .5999E+00   .9999999 -.0003027  .0000150
T 6866 19 .1518311E+11   3400008E-01 -.1318E+02 -.1821E+02   .9999999 -.0001031 -.0002624
T 6867 19 .1518285E+11   3400008E-01  .2397E+02 -.5240E+02   .9999999 -.0000819 -.0001575
T 6868 19 .1518059E+11   3400009E-01 -.1525E+01  .2888E+01   .9999999 -.0000669 -.0000718
T 6869 19 .1518225E+11   3400002E-01 -.3292E+02 -.2376E+02   .9999999 -.0001480 -.0000856
T 6870 19 .1518294E+11   3400020E-01  .1983E+02 -.1685E+02   .9999999  .0001366 -.0001398
T 6871 19 .1518133E+11   3400021E-01  .1605E+02 -.4849E+01   .9999999  .0003935 -.0002939
T 6872 19 .1518223E+11   3400002E-01 -.2334E+01 -.3930E+01   .9999999 -.0000846 -.0000341
T 6873 19 .1518392E+11   3400003E-01  .2462E+02 -.4822E+01   .9999999  .0001742 -.0000090
T 6874 19 .1518178E+11   3400020E-01  .1100E+02 -.1280E+03   .9999997  .0001385 -.0007814
T 6875 19 .1518210E+11   3400018E-01  .1733E+02  .3433E+02   .9999999 -.0001379  .0002179
T 6876 19 .1518246E+11   3400020E-01 -.3163E+02 -.1925E+02   .9999999 -.0003469  .0001663
T 6877 19 .1518295E+11   3400016E-01 -.5262E+02  .9697E+01   .9999999 -.0005113  .0001177
T 6878 19 .1518252E+11   3400007E-01  .3311E+01  .3974E+02   .9999999  .0000075  .0005256
T 6879 19 .1518388E+11   3400017E-01 -.1580E+01  .4121E+02   .9999999 -.0000325  .0001653
T 6880 19 .1518234E+11   3400008E-01 -.4491E+02 -.3218E+02   .9999998 -.0006086  .0000559
T 6881 19 .1518431E+11   3400011E-01 -.6230E+02 -.4240E+02   .9999998 -.0003298 -.0004496
T 6882 19 .1518408E+11   3400020E-01 -.3941E+02 -.2797E+02   .9999998 -.0005150 -.0002107
T 6883 19 .1518332E+11   3400002E-01  .5573E+01  .1742E+02   .9999999  .0001464 -.0000734
T 6884 19 .1518294E+11   3400019E-01  .3210E+02 -.2756E+02   .9999999  .0002364 -.0001822
T 6885 19 .1518357E+11   3400005E-01 -.2516E+02  .3278E+01   .9999999 -.0002418  .0001720
T 6886 19 .1518365E+11   3400022E-01 -.1125E+02 -.4188E+02   .9999999 -.0000934 -.0003571
T 6887 19 .1518144E+11   3400021E-01 -.3643E+02 -.1290E+02   .9999999 -.0003099 -.0000448
T 6888 19 .1518296E+11   3400020E-01 -.5606E+01  .7337E+01   .9999999  .0000940 -.0001872
T 6889 19 .1518420E+11   3400001E-01  .2361E+02  .2727E+02   .9999999  .0000633  .0001753
T 6890 19 .1518203E+11   3400012E-01 -.2292E+01 -.2202E+02   .9999999  .0000785 -.0001671
T 6891 19 .1518401E+11   3400016E-01 -.1011E+01 -.1712E+02   .9999999 -.0000008 -.0001146
T 6892 19 .1518242E+11   3400001E-01 -.2891E+01  .1142E+02   .9999999 -.0000182  .0000890
T 6893 19 .1518504E+11   3400000E-01 -.6032E+02 -.1565E+02   .9999999 -.0004372 -.0002506
T 6894 19 .1518335E+11   3400017E-01  .8527E+02  .3437E+02   .9999998  .0006777  .0001804
T 6895 19 .1518302E+11   3400017E-01  .7551E+01  .4373E+02   .9999999 -.0000193  .0003090
T 6896 19 .1518345E+11   3400021E-01 -.2692E+02 -.2280E+02   .9999999 -.0000425 -.0003515
T 6897 19 .1518233E+11   3400020E-01  .1201E+02 -.3790E+02   .9999999  .0002599 -.0004085
T 6898 19 .1518237E+11   3400020E-01  .2678E+02 -.2010E+02   .9999999  .0001476 -.0000941
T 6899 19 .1518283E+11   3400006E-01  .2161E+02  .1316E+02   .9999999 -.0001064  .0000941
T 6900 19 .1518060E+11   3400018E-01  .1586E+02 -.3725E+01   .9999999 -.0000041  .0000023
T 6901 19 .1518447E+11   3400017E-01  .7650E+01 -.1017E+02   .9999999 -.0000859  .0000791
T 6902 19 .1518106E+11   3400011E-01 -.2467E+02 -.4797E+02   .9999999 -.0002582 -.0002438
T 6903 19 .1518329E+11   3400022E-01  .9822E+00 -.5110E+01   .9999999 -.0000560 -.0001060
T 6904 19 .1518348E+11   3400010E-01 -.7471E+02 -.2640E+02   .9999999 -.0004613 -.0001535
T 6905 19 .1518376E+11   3400018E-01  .1347E+02  .2474E+01   .9999999  .0001582  .0000411
T 6906 19 .1518013E+11   3400013E-01 -.3110E+02  .2858E+01   .9999999 -.0001230 -.0000487
T 6907 19 .1518374E+11   3400018E-01  .2794E+02 -.1880E+02   .9999999  .0001438  .0000347
T 6908 19 .1518483E+11   3400017E-01 -.1748E+02 -.5004E+02   .9999999 -.0000310 -.0004680
T 6909 19 .1518427E+11   3400012E-01  .4082E+01 -.3477E+01   .9999999 -.0000365 -.0000332
T 6910 19 .1518345E+11   3400015E-01  .6430E+01  .1412E+02   .9999999  .0000149  .0000877
T 6911 19 .1518176E+11   3400007E-01 -.5713E+01  .1861E+02   .9999999 -.0000074  .0004177
T 6912 19 .1518135E+11   3400020E-01  .1912E+02 -.9847E-02   .9999999  .0001967  .0001272
T 6913 19 .1518199E+11   3400011E-01  .8840E+01 -.2032E+02   .9999999  .0000875 -.0001419
T 6914 19 .1518260E+11   3400006E-01 -.1313E+02  .5571E+01   .9999999 -.0001626  .0001850
T 6915 19 .1518390E+11   3400008E-01  .4036E+02  .2690E+02   .9999999  .0002943  .0001622
T 6916 19 .1518316E+11   3400011E-01 -.1938E+02  .4384E+02   .9999999 -.0002077  .0004923
T 6917 19 .1518391E+11   3400015E-01 -.1121E+01 -.1938E+02   .9999999  .0000672 -.0001493
T 6918 19 .1517992E+11   3400014E-01  .2136E+02  .8628E+02   .9999999  .0002442  .0003976
T 6919 19 .1517983E+11   3400016E-01 -.4269E+02  .6435E+01   .9999999 -.0002372  .0000460
T 6920 19 .1518431E+11   3400008E-01 -.4588E+02  .8842E+01   .9999999 -.0002829  .0000798
T 6921 19 .1518283E+11   3400016E-01  .1427E+02 -.3627E+02   .9999999  .0003861 -.0002847
T 6922 19 .1518114E+11   3400013E-01  .2939E+01  .3863E+02   .9999999  .0000641  .0004798
T 6923 19 .1518498E+11   3400014E-01  .6323E+02  .5167E+02   .9999998  .0005639  .0002972
T 6924 19 .1518356E+11   3400001E-01 -.1902E+02 -.1306E+02   .9999999 -.0000612 -.0001002
T 6925 19 .1518362E+11   3400017E-01 -.1556E+02  .5419E+01   .9999999 -.0000182  .0000100
T 6926 19 .1518351E+11   3400019E-01  .2365E+02  .7319E+01   .9999999  .0000613 -.0000213
T 6927 19 .1518047E+11   3400021E-01 -.1146E+02 -.3767E+02   .9999999 -.0001935 -.0002581
T 6928 19 .1518295E+11   3400014E-01 -.6275E+02 -.1961E+02   .9999999 -.0002026 -.0001184
T 6929 19 .1518228E+11   3400011E-01 -.1323E+02 -.9244E+02   .9999998 -.0000845 -.0006001
T 6930 19 .1518385E+11   3400020E-01  .3860E+02 -.1261E+02   .9999999  .0003418  .0000188
T 6931 19 .1518396E+11   3400006E-01  .1184E+02 -.5479E+01   .9999999 -.0002722  .0000021
T 6932 19 .1518066E+11   3400016E-01  .2459E+02  .6685E+02   .9999999  .0000716  .0004930
T 6933 19 .1518329E+11   3400022E-01  .2212E+02  .1487E+02   .9999999  .0000561 -.0000186
T 6934 19 .1518217E+11   3400003E-01 -.4289E+01 -.5454E+01   .9999999  .0002582  .0000144
T 6935 19 .1518349E+11   3400013E-01  .7901E+02 -.1176E+02   .9999999  .0005187  .0001460
T 6936 19 .1518210E+11   3400017E-01 -.1542E+02  .2110E+02   .9999999 -.0000774  .0000207
T 6937 19 .1518179E+11   3400023E-01 -.5138E+01  .1787E+02   .9999999 -.0002020  .0002021
T 6938 19 .1518516E+11   3400008E-01  .1824E+02  .1031E+02   .9999999 -.0001196  .0000321
T 6939 19 .1518183E+11   3400005E-01 -.9167E+01  .2338E+02   .9999999 -.0002462 -.0000176
T 6940 19 .1518238E+11   3400012E-01  .7567E+02  .1374E+02   .9999999  .0004423  .0001343
T 6941 19 .1518194E+11   3400014E-01  .2905E+02  .1432E+02   .9999999  .0002112  .0004003
T 6942 19 .1518160E+11   3400018E-01 -.1075E+02 -.1477E+03   .9999995  .0001664 -.0009821
T 6943 19 .1518316E+11   3400022E-01  .1701E+02  .1239E+02   .9999999 -.0000254  .0001626
T 6944 19 .1518398E+11   3400006E-01 -.6046E+02 -.3614E+02   .9999999 -.0002390 -.0000090
T 6945 19 .1518188E+11   3400008E-01 -.2523E+02  .3929E+01   .9999999 -.0001458 -.0000676
T 6946 19 .1518365E+11   3400022E-01 -.2183E+02  .3285E+02   .9999999 -.0002065  .0000704
T 6947 19 .1518263E+11   3400012E-01 -.4020E+01  .5601E+01   .9999999 -.0003213  .0003805
T 6948 19 .1518242E+11   3400017E-01  .4819E+01 -.2844E+02   .9999999 -.0000216 -.0000337
T 6949 19 .1518121E+11   3400020E-01 -.7088E+02 -.1655E+02   .9999999 -.0000448 -.0003730
T 6950 19 .1518177E+11   3400015E-01 -.4863E+01 -.7224E+01   .9999999  .0000530  .0000205
T 6951 19 .1518244E+11   3400018E-01  .1709E+02  .1783E+02   .9999999  .0000589 -.0000364
T 6952 19 .1518264E+11   3400003E-01 -.3414E+01 -.3981E+02   .9999999 -.0001334 -.0003764
T 6953 19 .1518335E+11   3400018E-01 -.4566E+01 -.8497E+02   .9999998 -.0000271 -.0005496
T 6954 19 .1518177E+11   3400018E-01  .1610E+02 -.3521E+02   .9999999  .0000531 -.0002524
T 6955 19 .1518307E+11   3400021E-01  .9967E+00  .3239E+01   .9999999  .0000154  .0001624
T 6956 19 .1518260E+11   3400012E-01 -.1047E+00 -.1496E+02   .9999999 -.0000199 -.0001434
T 6957 19 .1518325E+11   3400012E-01  .2812E+02 -.6245E+01   .9999999  .0002901 -.0000861
T 6958 19 .1518283E+11   3400000E-01  .4296E+02  .1124E+02   .9999999  .0002620  .0000044
T 6959 19 .1518274E+11   3400000E-01  .5505E+01 -.9008E+01   .9999999 -.0001056 -.0002001
T 6960 19 .1518177E+11   3400007E-01  .1451E+02  .1796E+02   .9999999 -.0000430 -.0000501
T 6961 19 .1518424E+11   3400003E-01 -.1790E+02  .2030E+02   .9999999 -.0000714  .0001959
T 6962 19 .1518385E+11   3400003E-01 -.4420E+01 -.5418E+02   .9999999  .0000005 -.0002756
T 6963 19 .1518306E+11   3400008E-01 -.8366E+01  .3493E+02   .9999999 -.0001000  .0003355
T 6964 19 .1518256E+11   3400009E-01  .3492E+00 -.4556E+01   .9999999 -.0000720 -.0000113
T 6965 19 .1518062E+11   3400007E-01  .5815E+02 -.3782E+01   .9999999  .0002820  .0000384
T 6966 19 .1518304E+11   3400018E-01 -.6813E+01  .7064E+01   .9999999  .0001014 -.0001837
T 6967 19 .1518120E+11   3400014E-01  .7622E+01  .3226E+02   .9999999  .0001256  .0001193
T 6968 19 .1518231E+11   3400014E-01 -.1960E+02 -.5175E+02   .9999999 -.0001423 -.0002615
T 6969 19 .1518297E+11   3400008E-01  .5738E+02 -.4328E+02   .9999999  .0003241 -.0002225
T 6970 19 .1518255E+11   3400017E-01 -.1314E+02 -.4880E+01   .9999999 -.0000046  .0001875
T 6971 19 .1518143E+11   3400003E-01 -.2565E+02  .2612E+02   .9999999 -.0003611  .0000264
T 6972 19 .1518230E+11   3400019E-01 -.1430E+02  .4307E+02   .9999999 -.0001858  .0004055
T 6973 19 .1518180E+11   3400005E-01 -.1487E+02  .2610E+02   .9999999  .0000477  .0000705
T 6974 19 .1518083E+11   3400022E-01  .2943E+02  .7682E+02   .9999999  .0002341  .0003537
T 6975 19 .1518244E+11   3400018E-01  .1145E+02 -.1096E+02   .9999999  .0001545 -.0001085
T 6976 19 .1518222E+11   3400022E-01 -.1336E+03  .2217E+03   .9999993 -.0004843  .0010356
T 6977 19 .1518346E+11   3400008E-01 -.2101E+02 -.3477E+02   .9999999 -.0000575 -.0001945
T 6978 19 .1518207E+11   3400016E-01  .6492E+02 -.1151E+01   .9999999  .0002765  .0000208
T 6979 19 .1518219E+11   3400018E-01  .3667E+02 -.5005E+02   .9999999  .0002013 -.0002485
T 6980 19 .1518272E+11   3400020E-01  .1770E+02  .2158E+02   .9999999  .0002174  .0001970
T 6981 19 .1518230E+11   3400021E-01  .1164E+02 -.7655E+01   .9999999  .0001701  .0000053
T 6982 19 .1518184E+11   3400000E-01 -.3618E+01  .7296E+02   .9999999  .0001385  .0004423
T 6983 19 .1518229E+11   3400020E-01 -.2196E+02 -.5598E+02   .9999998 -.0002271 -.0005075
T 6984 19 .1518219E+11   3400002E-01  .4505E+02 -.4907E+02   .9999999  .0001646 -.0001439
T 6985 19 .1518355E+11   3400020E-01  .6897E+01  .1435E+02   .9999999  .0001590  .0004222
T 6986 19 .1518090E+11   3400020E-01 -.1195E+01 -.3953E+02   .9999999  .0001353 -.0001249
T 6987 19 .1518539E+11   3400013E-01  .2014E+02  .3689E+02   .9999999  .0002020  .0002325
T 6988 19 .1518058E+11   3400017E-01 -.9160E+01 -.1174E+02   .9999999 -.0001145 -.0001148
T 6989 19 .1518211E+11   3400001E-01  .1525E+02  .9648E+01   .9999999  .0003507  .0001237
T 6990 19 .1518122E+11   3400016E-01  .7175E+00 -.3109E+02   .9999999  .0003349 -.0002197
T 6991 19 .1518214E+11   3400018E-01  .5228E+01  .1391E+02   .9999999  .0001129 -.0000171
T 6992 19 .1518327E+11   3400016E-01 -.4994E+02 -.1909E+01   .9999999 -.0004363  .0000973
T 6993 19 .1518180E+11   3400018E-01 -.2298E+02  .1340E+02   .9999999 -.0002398  .0000021
T 6994 19 .1518164E+11   3400014E-01  .7271E+02 -.1836E+02   .9999999  .0005039  .0000589
T 6995 19 .1518125E+11   3400009E-01 -.3825E+01 -.3593E+02   .9999999  .0000619 -.0002501
T 6996 19 .1518096E+11   3400002E-01 -.1267E+02  .6556E+01   .9999999 -.0001634  .0000621
T 6997 19 .1518210E+11   3400006E-01 -.1579E+02  .3854E+02   .9999999 -.0000781  .0002730
T 6998 19 .1518099E+11   3400007E-01  .1724E+02 -.6106E+02   .9999999  .0000887 -.0004928
T 6999 19 .1518436E+11   3400018E-01  .4561E+01 -.2720E+02   .9999999  .0001070 -.0001554
T 7000 19 .1518282E+11   3400001E-01  .2060E+02  .8397E+01   .9999999  .0000859 -.0001347
T 7001 19 .1518404E+11   3400005E-01  .2053E+02 -.1429E+02   .9999999  .0001698 -.0003605
T 7002 19 .1518091E+11   3400017E-01  .8056E+02  .2516E+02   .9999999  .0003387 -.0000603
T 7003 19 .1518200E+11   3400018E-01  .1902E+02 -.5241E+02   .9999999  .0000575 -.0004101
T 7004 19 .1518425E+11   3400021E-01 -.3523E+02 -.9573E+01   .9999999 -.0002596 -.0000452
T 7005 19 .1518353E+11   3400014E-01  .1806E+02 -.2304E+02   .9999999  .0001397 -.0002010
T 7006 19 .1518265E+11   3400019E-01 -.1752E+02 -.6056E+01   .9999999 -.0001826 -.0001334
T 7007 19 .1518466E+11   3400012E-01 -.8642E+01 -.5934E+01   .9999999 -.0001440 -.0001981
T 7008 19 .1518446E+11   3400016E-01 -.2831E+02 -.4653E+02   .9999999 -.0000460 -.0003319
T 7009 19 .1518277E+11   3400013E-01 -.2908E+02 -.4138E+02   .9999999  .0000601 -.0004189
T 7010 19 .1518173E+11   3400021E-01  .5385E+02  .2570E+02   .9999998  .0004742  .0003282
T 7011 19 .1518188E+11   3400016E-01  .2120E+02 -.3740E+02   .9999999 -.0002729  .0002231
T 7012 19 .1518285E+11   3400005E-01 -.1609E+02 -.1223E+02   .9999999 -.0001077  .0000608
T 7013 19 .1518368E+11   3400019E-01 -.4051E+02 -.5209E+02   .9999999 -.0001969 -.0004037
T 7014 19 .1518270E+11   3400007E-01 -.3720E+02  .4103E+02   .9999999 -.0002460  .0002629
T 7015 19 .1518167E+11   3400008E-01  .1431E+02 -.2371E+02   .9999999  .0002315  .0000146
T 7016 19 .1518243E+11   3400005E-01 -.3404E+01 -.1824E+01   .9999999 -.0000418  .0000177
T 7017 19 .1518178E+11   3400022E-01 -.2602E+02  .8117E+01   .9999999 -.0001837 -.0000111
T 7018 19 .1518018E+11   3400001E-01 -.3857E+00 -.5474E+01   .9999999  .0000465  .0000713
T 7019 19 .1518207E+11   3400002E-01 -.5340E+02  .1646E+02   .9999999 -.0002973  .0001660
T 7020 19 .1518408E+11   3400007E-01 -.1892E+01 -.2744E+01   .9999999 -.0000218 -.0000396
T 7021 19 .1518232E+11   3400018E-01 -.1059E+02 -.1873E+02   .9999999 -.0000784 -.0001317
T 7022 19 .1518282E+11   3400016E-01  .2458E+02 -.1028E+02   .9999999  .0001832 -.0001547
T 7023 19 .1518229E+11   3400021E-01  .9071E+01 -.2508E+02   .9999999  .0001211 -.0001829
T 7024 19 .1518125E+11   3400020E-01 -.6908E+01  .8631E+02   .9999999  .0000315  .0002006
T 7025 19 .1518324E+11   3400001E-01 -.1862E+01  .5907E+01   .9999999 -.0000640  .0001435
T 7026 19 .1518200E+11   3400001E-01  .1822E+02  .1887E+02   .9999999  .0002053  .0000899
T 7027 19 .1518269E+11   3400012E-01 -.6687E+02 -.3180E+02   .9999999 -.0003349 -.0001129
T 7028 19 .1518307E+11   3400011E-01  .2460E+02  .3767E+02   .9999999  .0001945  .0003136
T 7029 19 .1518184E+11   3400018E-01 -.8127E+00  .4596E+01   .9999999 -.0000193 -.0000646
T 7030 19 .1518343E+11   3400021E-01 -.2189E+02  .7307E+01   .9999999 -.0004581 -.0001421
T 7031 19 .1518183E+11   3400006E-01 -.2895E+01  .2294E+02   .9999999  .0001535  .0003178
T 7032 19 .1518215E+11   3400020E-01 -.1135E+02  .3903E+02   .9999999 -.0001041  .0001136
T 7033 19 .1518239E+11   3400022E-01 -.2131E+02 -.8034E+01   .9999999  .0000332 -.0000516
T 7034 19 .1518289E+11   3400014E-01 -.2607E+02  .9492E+01   .9999999  .0000405 -.0000556
T 7035 19 .1518238E+11   3400021E-01 -.9587E+00 -.1251E+02   .9999999  .0000320 -.0001132
T 7036 19 .1518258E+11   3400000E-01  .2213E+02  .4389E+02   .9999999  .0001375  .0002343
T 7037 19 .1518463E+11   3400000E-01 -.2843E+02 -.2019E+01   .9999999 -.0000741  .0002699
T 7038 19 .1518402E+11   3400015E-01 -.2787E+02 -.3902E+01   .9999999 -.0001621 -.0000423
T 7039 19 .1518361E+11   3400011E-01  .1797E+01  .2699E+02   .9999999  .0000795  .0002313
T 7040 19 .1518366E+11   3400018E-01  .5344E+02  .1355E+02   .9999998  .0005190  .0002528
T 7041 19 .1518258E+11   3400018E-01  .7398E+02 -.4941E+02   .9999999  .0004750 -.0001836
T 7042 19 .1518424E+11   3400006E-01  .3447E+02  .2469E+01   .9999999  .0001488  .0000545
T 7043 19 .1518190E+11   3400019E-01  .1159E+02  .2222E+02   .9999999  .0001043  .0002971
T 7044 19 .1518326E+11   3400009E-01  .3843E+02  .7096E+02   .9999998  .0002555  .0004996
T 7045 19 .1518387E+11   3400018E-01 -.4181E+02  .3545E+02   .9999999 -.0001952  .0003580
T 7046 19 .1518160E+11   3400018E-01 -.1863E+02  .1806E+02   .9999999 -.0000432  .0001286
T 7047 19 .1518413E+11   3400015E-01  .1300E+02 -.6982E+01   .9999999 -.0000173 -.0002130
T 7048 19 .1518092E+11   3400014E-01  .3219E+02 -.1654E+02   .9999999  .0001505 -.0000978
T 7049 19 .1518089E+11   3400019E-01  .5621E+02  .5109E+01   .9999999  .0002741  .0000209
T 7050 19 .1518114E+11   3400007E-01  .3637E+02  .2327E+02   .9999999  .0003384 -.0000469
T 7051 19 .1518244E+11   3400009E-01 -.1653E+02 -.1332E+01   .9999999 -.0001221 -.0002084
T 7052 19 .1518281E+11   3400013E-01  .3940E+02 -.1669E+02   .9999999  .0002696 -.0001328
T 7053 19 .1518276E+11   3400019E-01 -.8173E+02 -.2794E+02   .9999999 -.0003608 -.0001833
T 7054 19 .1518416E+11   3400014E-01 -.1286E+02 -.5666E+01   .9999999  .0001219  .0000574
T 7055 19 .1518325E+11   3400015E-01 -.6651E+02  .3374E+02   .9999999 -.0003425  .0000784
T 7056 19 .1518344E+11   3400022E-01 -.4028E+02  .4064E+01   .9999999 -.0002774  .0000465
T 7057 19 .1518426E+11   3400011E-01 -.2329E+01 -.3397E+02   .9999999  .0001069 -.0001707
T 7058 19 .1518345E+11   3400018E-01 -.3724E+02  .2667E+01   .9999999 -.0003740 -.0000036
T 7059 19 .1518468E+11   3400001E-01  .9555E+02 -.1532E+01   .9999998  .0006182 -.0001419
T 7060 19 .1518387E+11   3400005E-01  .1389E+02 -.8168E+02   .9999999  .0000137 -.0004846
T 7061 19 .1518089E+11   3400004E-01 -.3576E+02 -.8365E+01   .9999999 -.0000542 -.0001911
T 7062 19 .1518368E+11   3400020E-01  .1943E+02  .7024E+02   .9999998  .0000567  .0006066
T 7063 19 .1518234E+11   3400012E-01  .1675E+02 -.8773E+01   .9999999 -.0000360 -.0001866
T 7064 19 .1518205E+11   3400020E-01 -.2549E+02 -.3734E+02   .9999999 -.0001728 -.0001644
T 7065 19 .1518080E+11   3400010E-01 -.4171E+02  .4890E+01   .9999999 -.0002706  .0000535
T 7066 19 .1518096E+11   3400023E-01 -.6055E+02  .5115E+02   .9999999 -.0002959  .0003190
T 7067 19 .1518328E+11   3400019E-01 -.5156E+02  .1048E+02   .9999999 -.0004504 -.0000900
T 7068 19 .1518311E+11   3400015E-01  .1739E+01  .2674E+00   .9999999 -.0000740  .0001289
T 7069 19 .1518108E+11   3400005E-01  .1904E+02  .6133E+02   .9999999  .0000662  .0003578
T 7070 19 .1518112E+11   3400010E-01 -.8748E+01 -.2913E+02   .9999999 -.0001169 -.0001561
T 7071 19 .1518024E+11   3400021E-01 -.4244E+02  .3727E+02   .9999999 -.0001787  .0000975
T 7072 19 .1518290E+11   3400011E-01 -.1033E+03  .7351E+01   .9999998 -.0006640  .0000364
T 7073 19 .1518290E+11   3400016E-01  .2115E+02 -.1476E+02   .9999999  .0001440  .0000274
T 7074 19 .1518210E+11   3400013E-01 -.4455E+02 -.4070E+01   .9999999 -.0004093  .0000244
T 7075 19 .1518107E+11   3400014E-01  .1168E+02  .4078E+02   .9999999 -.0000003  .0000865
T 7076 19 .1518148E+11   3400005E-01 -.6236E+01 -.7287E+00   .9999999  .0001127  .0000747
T 7077 19 .1518511E+11   3400011E-01  .5447E+01 -.2197E+02   .9999999  .0000504 -.0000764
T 7078 19 .1518509E+11   3400020E-01 -.2795E+02  .2848E+02   .9999999 -.0001238  .0002304
T 7079 19 .1518277E+11   3400012E-01  .7055E+02 -.6794E+01   .9999998  .0006550  .0000766
T 7080 19 .1518026E+11   3400012E-01 -.1866E+02 -.3123E+02   .9999999 -.0000257 -.0001884
T 7081 19 .1518303E+11   3400020E-01  .1496E+02 -.5375E+01   .9999999  .0002219 -.0000643
T 7082 19 .1518261E+11   3400022E-01 -.1252E+01  .3834E+01   .9999999  .0000611 -.0000468
T 7083 19 .1518040E+11   3400017E-01  .1357E+01 -.3641E+02   .9999999 -.0000667 -.0001190
T 7084 19 .1518275E+11   3400004E-01 -.9474E+01 -.2256E+02   .9999999 -.0000579 -.0000626
T 7085 19 .1518259E+11   3400010E-01 -.1352E+00 -.7247E+01   .9999999 -.0000790  .0001131
T 7086 19 .1518514E+11   3400023E-01  .2319E+02 -.7424E+01   .9999999  .0001973 -.0000692
T 7087 19 .1518206E+11   3400017E-01 -.1793E+02  .2273E+01   .9999999 -.0001355 -.0000869
T 7088 19 .1518260E+11   3400006E-01 -.2213E+02  .1098E+02   .9999999 -.0001411  .0000294
T 7089 19 .1518249E+11   3400016E-01  .4146E+02  .3819E+02   .9999999  .0002479  .0002813
T 7090 19 .1518193E+11   3400006E-01  .4829E+02 -.3659E+02   .9999999  .0003287 -.0002615
T 7091 19 .1518324E+11   3400020E-01 -.5330E+02  .7097E+01   .9999999 -.0002700  .0000114
T 7092 19 .1518439E+11   3400000E-01  .1786E+01 -.9179E+01   .9999999  .0001827  .0002002
T 7093 19 .1518257E+11   3400008E-01  .2254E+03  .5533E+02   .9999999  .0002030  .0001951
T 7094 19 .1518264E+11   3400001E-01 -.2848E+02  .2454E+02   .9999999 -.0001451  .0003037
T 7095 19 .1518293E+11   3400009E-01 -.1266E+02 -.1713E+01   .9999999  .0000593 -.0000321
T 7096 19 .1518222E+11   3400002E-01  .5927E+02  .1081E+02   .9999999  .0002644 -.0000189
T 7097 19 .1518340E+11   3400010E-01  .2090E+02 -.1156E+02   .9999999  .0002962  .0001861
T 7098 19 .1518225E+11   3400003E-01  .1025E+02 -.1094E+02   .9999999  .0000452 -.0001079
T 7099 19 .1518234E+11   3400020E-01 -.1497E+02 -.1087E+02   .9999999  .0000593 -.0001320
T 7100 19 .1518241E+11   3400010E-01 -.2430E+02 -.9070E+00   .9999999 -.0002372  .0000198
T 7101 19 .1518102E+11   3400009E-01  .3098E+01 -.1571E+02   .9999999  .0001748  .0001529
T 7102 19 .1518318E+11   3400017E-01  .5390E+02  .8683E+02   .9999997  .0004864  .0006190
T 7103 19 .1518186E+11   3400014E-01 -.1728E+02 -.1405E+02   .9999999 -.0002497 -.0000575
T 7104 19 .1518204E+11   3400007E-01 -.2331E+02  .1294E+02   .9999999 -.0001324  .0001825
T 7105 19 .1518420E+11   3400002E-01  .7505E+01 -.7782E+01   .9999999 -.0000417 -.0001026
T 7106 19 .1518306E+11   3400003E-01 -.1076E+01  .5134E+02   .9999999  .0000254  .0003536
T 7107 19 .1518190E+11   3400003E-01  .5243E+01 -.2601E+02   .9999999  .0000898 -.0002691
T 7108 19 .1518310E+11   3400002E-01 -.3050E+02 -.2150E+02   .9999999 -.0003120 -.0001256
T 7109 19 .1518301E+11   3400020E-01 -.3917E+00  .1653E+02   .9999999 -.0001073  .0001842
T 7110 19 .1518267E+11   3400012E-01  .2063E+01  .5061E+02   .9999999  .0000986  .0002780
T 7111 19 .1518084E+11   3400015E-01 -.3245E+01 -.1079E+02   .9999999 -.0001698 -.0001078
T 7112 19 .1518262E+11   3400002E-01  .2443E+02  .5951E+01   .9999999  .0000886  .0000880
T 7113 19 .1518139E+11   3400012E-01  .2405E+02  .6437E+01   .9999999  .0002370 -.0001271
T 7114 19 .1518084E+11   3400012E-01  .1450E+02  .1105E+02   .9999999  .0001414  .0001131
T 7115 19 .1518104E+11   3400001E-01  .2459E+02  .2121E+02   .9999999  .0002596  .0000373
T 7116 19 .1518119E+11   3400022E-01  .8015E+02 -.5542E+02   .9999999  .0004436 -.0001884
T 7117 19 .1518278E+11   3400019E-01  .5949E+01  .1174E+02   .9999999  .0000337  .0001364
T 7118 19 .1518403E+11   3400009E-01 -.3774E+02 -.1024E+02   .9999999 -.0001855  .0000455
T 7119 19 .1518322E+11   3400013E-01 -.7110E+02  .6969E+01   .9999999 -.0005197  .0001636
T 7120 19 .1518177E+11   3400013E-01  .1352E+02 -.5252E+02   .9999999  .0001220 -.0003595
T 7121 19 .1518271E+11   3400000E-01 -.4205E+01  .1089E+02   .9999999 -.0002510  .0000671
T 7122 19 .1518153E+11   3400022E-01  .5860E+02  .3414E+02   .9999997  .0008302  .0000286
T 7123 19 .1518369E+11   3400021E-01 -.5741E+01 -.1072E+02   .9999999  .0000263  .0002149
T 7124 19 .1518210E+11   3400008E-01  .3587E+01 -.2676E+02   .9999999  .0000654 -.0001459
T 7125 19 .1518408E+11   3400011E-01 -.4516E+02 -.9635E+00   .9999999 -.0002795  .0000211
T 7126 19 .1518356E+11   3400022E-01  .7731E+01 -.6012E+01   .9999998  .0005491  .0000954
T 7127 19 .1518313E+11   3400005E-01 -.2190E+02 -.9054E+02   .9999999 -.0000589 -.0004540
T 7128 19 .1518405E+11   3400003E-01  .3589E+02 -.1287E+02   .9999999  .0005099 -.0000688
T 7129 19 .1518346E+11   3400018E-01  .2531E+02  .2192E+02   .9999999  .0002163  .0000499
T 7130 19 .1518189E+11   3400022E-01  .2041E+02  .3949E+02   .9999999  .0000540  .0004597
T 7131 19 .1518345E+11   3400012E-01  .1943E+02  .2580E+02   .9999999  .0000119  .0001506
T 7132 19 .1518279E+11   3400021E-01  .1818E+02 -.1159E+03   .9999995  .0001727 -.0010120
T 7133 19 .1518331E+11   3400022E-01 -.1471E+02 -.4647E+01   .9999999 -.0002147 -.0000558
T 7134 19 .1518474E+11   3400021E-01 -.1610E+02  .1569E+02   .9999999 -.0001222 -.0000654
T 7135 19 .1518249E+11   3400001E-01  .1872E+02  .3015E+02   .9999999  .0000784  .0003061
T 7136 19 .1518090E+11   3400022E-01 -.3185E+02  .1233E+01   .9999999 -.0003293 -.0002281
T 7137 19 .1518231E+11   3400002E-01 -.5512E+02 -.2877E+02   .9999999 -.0004010 -.0002215
T 7138 19 .1518167E+11   3400014E-01 -.1607E+02 -.3332E+02   .9999999 -.0001960 -.0002333
T 7139 19 .1518247E+11   3400010E-01  .1678E+02 -.3023E+01   .9999999  .0001432  .0000334
T 7140 19 .1518496E+11   3400012E-01  .2240E+02  .6059E+01   .9999999  .0003475 -.0001327
T 7141 19 .1518165E+11   3400013E-01  .6992E+01  .8271E+01   .9999999  .0000981  .0001430
T 7142 19 .1518213E+11   3400009E-01  .9527E+01  .1129E+02   .9999999  .0000269 -.0000357
T 7143 19 .1518236E+11   3400005E-01 -.2471E+02 -.1857E+02   .9999999 -.0002089 -.0001207
T 7144 19 .1518244E+11   3400019E-01 -.1618E+02 -.4974E+00   .9999999  .0000377  .0000709
T 7145 19 .1518235E+11   3400000E-01 -.3424E+01  .8306E+01   .9999999  .0000937  .0000370
T 7146 19 .1518229E+11   3400017E-01 -.3182E+02 -.9064E+01   .9999999 -.0004172  .0000661
T 7147 19 .1518261E+11   3400011E-01 -.5282E+01  .9870E+01   .9999999 -.0001428  .0000843
T 7148 19 .1518269E+11   3400002E-01 -.9701E+01 -.3992E+02   .9999999  .0000318 -.0002046
T 7149 19 .1518230E+11   3400013E-01 -.6728E+00  .4115E+02   .9999999  .0000912  .0002525
T 7150 19 .1518519E+11   3400010E-01  .5077E+01 -.3097E+01   .9999999  .0000485  .0000126
T 7151 19 .1518067E+11   3400016E-01 -.2948E+02  .5315E+01   .9999999 -.0003138 -.0000065
T 7152 19 .1518118E+11   3400003E-01  .3951E+01 -.3101E+02   .9999999 -.0000420 -.0002911
T 7153 19 .1518223E+11   3400016E-01 -.3702E+02  .3275E+02   .9999999 -.0001913  .0001450
T 7154 19 .1518304E+11   3400014E-01 -.1358E+02 -.1940E+02   .9999999 -.0000169 -.0000518
T 7155 19 .1518388E+11   3400004E-01 -.1949E+02  .9523E+01   .9999999 -.0000781  .0000014
T 7156 19 .1517959E+11   3400021E-01  .1954E+02 -.2568E+02   .9999999  .0002116 -.0003629
T 7157 19 .1518425E+11   3400010E-01 -.3248E+01 -.2709E+02   .9999999  .0000463 -.0002503
T 7158 19 .1518264E+11   3400020E-01 -.1345E+03 -.6165E+02   .9999996 -.0008688 -.0002189
T 7159 19 .1518375E+11   3400011E-01  .5316E+01 -.1950E+02   .9999999  .0000251 -.0001800
T 7160 19 .1518298E+11   3400011E-01 -.3301E+02  .8544E+02   .9999997 -.0002915  .0006710
T 7161 19 .1518112E+11   3400003E-01 -.8147E+02 -.2592E+02   .9999999 -.0004399 -.0003218
T 7162 19 .1518543E+11   3400003E-01 -.2931E+02  .3754E+02   .9999999 -.0002274  .0002210
T 7163 19 .1518366E+11   3400020E-01  .7097E+01 -.8194E+01   .9999999 -.0001066  .0000281
T 7164 19 .1518214E+11   3400019E-01 -.1993E+02  .1064E+03   .9999998 -.0002172  .0006032
T 7165 19 .1518444E+11   3400019E-01  .6823E+02 -.1730E+01   .9999999  .0003148 -.0000992
T 7166 19 .1518444E+11   3400007E-01 -.2841E+02 -.3536E+02   .9999999 -.0004672 -.0002044
T 7167 19 .1518017E+11   3400013E-01 -.1891E+02  .3153E+00   .9999999 -.0000277 -.0000338
T 7168 19 .1517995E+11   3400001E-01  .1134E+01 -.1292E+02   .9999999  .0000812  .0000362
T 7169 19 .1518389E+11   3400010E-01  .2911E+02 -.4373E+02   .9999999  .0002031 -.0004713
T 7170 19 .1518347E+11   3400020E-01 -.1479E+03 -.1135E+03   .9999988 -.0012280 -.0009705
T 7171 19 .1518358E+11   3400004E-01 -.1338E+02 -.1466E+02   .9999999 -.0000818 -.0000856
T 7172 19 .1518246E+11   3400016E-01  .9819E+01 -.1077E+02   .9999999 -.0000469 -.0000486
T 7173 19 .1518334E+11   3400011E-01  .3580E+02 -.6294E+01   .9999999  .0003878  .0000038
T 7174 19 .1518279E+11   3400009E-01 -.1169E+02 -.1888E+02   .9999999  .0000120 -.0001797
T 7175 19 .1518355E+11   3400009E-01 -.1868E+02  .2140E+02   .9999999 -.0000279  .0005420
T 7176 19 .1518348E+11   3400015E-01  .1577E+02 -.7869E+02   .9999999  .0001341 -.0004576
T 7177 19 .1518305E+11   3400008E-01  .1360E+02  .2880E+02   .9999999  .0002228  .0003280
T 7178 19 .1518319E+11   3400014E-01 -.4495E+02  .6208E+02   .9999998 -.0004356  .0003921
T 7179 19 .1518268E+11   3400019E-01  .1506E+02  .3543E+01   .9999999  .0000983 -.0000226
T 7180 19 .1518297E+11   3400000E-01  .2129E+02 -.6263E+01   .9999999  .0001644 -.0000254
T 7181 19 .1518161E+11   3400000E-01 -.7593E+02  .5062E+01   .9999999 -.0004191  .0001383
T 7182 19 .1518282E+11   3400011E-01 -.1367E+02 -.2485E+00   .9999999 -.0001529 -.0000657
T 7183 19 .1518127E+11   3400020E-01 -.2492E+02 -.2218E+02   .9999999  .0001964  .0002150
T 7184 19 .1518316E+11   3400016E-01 -.1333E+02 -.1897E+02   .9999999 -.0000962 -.0002255
T 7185 19 .1518495E+11   3400003E-01  .5636E+02 -.3804E+02   .9999999  .0003205 -.0001566
T 7186 19 .1518351E+11   3400012E-01 -.2343E+02 -.9791E+02   .9999997 -.0002049 -.0007058
T 7187 19 .1518434E+11   3400015E-01  .2133E+01 -.1789E+02   .9999999 -.0000370 -.0001602
T 7188 19 .1518120E+11   3400002E-01  .7811E+01  .2170E+02   .9999999  .0001247  .0001379
T 7189 19 .1518284E+11   3400006E-01  .8810E+02  .7073E+01   .9999999  .0004607 -.0001527
T 7190 19 .1518337E+11   3400022E-01 -.1075E+02 -.6572E+01   .9999999 -.0001865 -.0001130
T 7191 19 .1517998E+11   3400018E-01  .1571E+02 -.6716E+02   .9999999  .0000723 -.0003946
T 7192 19 .1518038E+11   3400006E-01 -.1009E+03  .2297E+01   .9999996 -.0009220  .0000069
T 7193 19 .1518595E+11   3400005E-01  .1548E+02 -.3067E+02   .9999999  .0001051 -.0001024
T 7194 19 .1518160E+11   3400019E-01  .1631E+01 -.1146E+02   .9999999  .0001503 -.0001320
T 7195 19 .1518172E+11   3400015E-01 -.3618E+02 -.1248E+03   .9999999 -.0001521 -.0004345
T 7196 19 .1518379E+11   3400003E-01  .1255E+02  .6488E+01   .9999999  .0001718 -.0001733
T 7197 19 .1518128E+11   3400000E-01 -.2505E+02  .2710E+01   .9999999 -.0002091  .0001083
T 7198 19 .1518455E+11   3400012E-01  .2137E+02 -.9171E+01   .9999999 -.0001247  .0001320
T 7199 19 .1518312E+11   3400020E-01  .6184E+02 -.2642E+02   .9999999  .0004753 -.0001087
T 7200 19 .1518117E+11   3400022E-01 -.4339E+01  .2774E+02   .9999999  .0000626  .0000157
T 7201 19 .1518345E+11   3400014E-01 -.2950E+01  .1489E+02   .9999999  .0001089  .0001338
T 7202 19 .1518260E+11   3400007E-01 -.1402E+02 -.1297E+02   .9999999  .0000362 -.0002315
T 7203 19 .1518205E+11   3400007E-01 -.1638E+02 -.5062E+02   .9999999 -.0001609 -.0002548
T 7204 19 .1518274E+11   3400018E-01 -.2362E+02  .3207E+02   .9999999 -.0001861  .0002547
T 7205 19 .1518300E+11   3400021E-01  .1705E+02  .1661E+02   .9999999  .0001931  .0000966
T 7206 19 .1518250E+11   3400020E-01 -.4819E+02  .5627E+02   .9999999 -.0003816  .0003901
T 7207 19 .1518430E+11   3400009E-01 -.2787E+02 -.4127E+02   .9999999 -.0001238 -.0003613
T 7208 19 .1518566E+11   3400009E-01 -.1568E+03 -.8621E+02   .9999994 -.0009252 -.0005846
T 7209 19 .1518374E+11   3400009E-01  .1221E+03 -.7484E+02   .9999988  .0012686 -.0008513
T 7210 19 .1518356E+11   3400009E-01  .8852E+01  .3527E+02   .9999999  .0001190  .0003560
T 7211 19 .1518368E+11   3400006E-01  .2331E+02  .4383E+02   .9999999  .0002330  .0004600
T 7212 19 .1518324E+11   3400023E-01  .3509E+02  .7232E+02   .9999999  .0002127  .0002909
T 7213 19 .1518404E+11   3400020E-01  .4481E+02  .2394E+01   .9999999  .0003773  .0003185
T 7214 19 .1518188E+11   3400004E-01 -.2393E+02  .1022E+02   .9999999 -.0002197  .0000274
T 7215 19 .1518215E+11   3400013E-01  .1236E+02 -.3321E+02   .9999999 -.0000028 -.0002363
T 7216 19 .1518323E+11   3400016E-01 -.3254E+01  .1506E+02   .9999999 -.0000031  .0000322
T 7217 19 .1518207E+11   3400018E-01 -.1177E+02  .2720E+02   .9999999 -.0000358  .0002247
T 7218 19 .1518146E+11   3400021E-01  .2108E+02  .1858E+02   .9999999  .0001683  .0001227
T 7219 19 .1518383E+11   3400020E-01  .1489E+02  .6159E+01   .9999999  .0001836  .0000069
T 7220 19 .1518255E+11   3400018E-01 -.1072E+02  .2218E+02   .9999999 -.0000890  .0002180
T 7221 19 .1518284E+11   3400008E-01  .3682E+01 -.4663E+02   .9999999 -.0000240 -.0001560
T 7222 19 .1518083E+11   3400011E-01  .1986E+02  .3898E+01   .9999999  .0003139 -.0000237
T 7223 19 .1518205E+11   3400004E-01  .2814E+02  .1077E+02   .9999999  .0001195  .0002157
T 7224 19 .1518189E+11   3400008E-01  .1217E+02 -.5337E+01   .9999999  .0001659 -.0000424
T 7225 19 .1518173E+11   3400002E-01  .5464E+01 -.2780E+02   .9999999  .0002162 -.0001957
T 7226 19 .1518386E+11   3400008E-01 -.3462E+02  .4820E+02   .9999999 -.0001417  .0001267
T 7227 19 .1518253E+11   3400007E-01 -.1154E+02 -.3510E+02   .9999999 -.0000733 -.0002229
T 7228 19 .1518252E+11   3400022E-01  .3736E+02 -.1596E+02   .9999999  .0002197 -.0001797
T 7229 19 .1518215E+11   3400017E-01  .3147E+02 -.2471E+02   .9999999  .0002213 -.0001797
T 7230 19 .1518286E+11   3400008E-01  .1110E+02  .5795E+02   .9999999 -.0000365  .0005283
T 7231 19 .1518394E+11   3400003E-01 -.8239E+01  .2190E+02   .9999999  .0000389 -.0000390
T 7232 19 .1518340E+11   3400000E-01 -.1140E+02  .3016E+02   .9999999 -.0001639  .0002854
T 7233 19 .1518403E+11   3400014E-01 -.8672E+01 -.3381E+01   .9999999 -.0001079  .0001555
T 7234 19 .1518162E+11   3400019E-01  .3989E+02  .6340E+02   .9999999  .0002483  .0004530
T 7235 19 .1518207E+11   3400015E-01  .3636E+01  .4345E+01   .9999999  .0001783  .0001535
T 7236 19 .1518255E+11   3400014E-01  .2962E+02  .5313E-01   .9999999  .0001643 -.0000372
T 7237 19 .1518203E+11   3400015E-01  .8195E+02  .1182E+03   .9999989  .0007238  .0012823
T 7238 19 .1518332E+11   3400007E-01  .5974E+01 -.5471E+01   .9999999 -.0000100  .0000443
T 7239 19 .1518224E+11   3400012E-01  .2238E+02 -.3293E+01   .9999999  .0000469 -.0000202
T 7240 19 .1518282E+11   3400022E-01  .5344E+01  .3238E+02   .9999999 -.0000697  .0001675
T 7241 19 .1518074E+11   3400006E-01 -.1917E+02 -.1341E+02   .9999999 -.0003149 -.0001421
T 7242 19 .1518316E+11   3400005E-01  .4957E+02 -.6639E+01   .9999999  .0001718  .0000139
T 7243 19 .1518370E+11   3400014E-01 -.6977E+01 -.6472E+01   .9999999 -.0002888  .0000279
T 7244 19 .1518215E+11   3400005E-01  .1239E+02 -.1509E+02   .9999999  .0001162 -.0000070
T 7245 19 .1518271E+11   3400003E-01 -.1750E+02 -.2150E+00   .9999999 -.0000415 -.0000991
T 7246 19 .1518047E+11   3400021E-01  .1779E+02  .3374E+02   .9999999  .0000769  .0000475
T 7247 19 .1518320E+11   3400014E-01  .8888E+01 -.1846E+02   .9999999 -.0000164 -.0002030
T 7248 19 .1518482E+11   3400020E-01  .1588E+02  .4023E+02   .9999999  .0000270  .0002475
T 7249 19 .1518517E+11   3400019E-01 -.1957E+02 -.6840E+01   .9999999 -.0001247  .0000387
T 7250 19 .1518264E+11   3400020E-01  .1792E+02 -.2701E+02   .9999999  .0002798 -.0002735
T 7251 19 .1518108E+11   3400003E-01 -.1183E+02 -.3528E+02   .9999999 -.0000613 -.0001032
T 7252 19 .1518346E+11   3400002E-01 -.1975E+02 -.6229E+02   .9999999 -.0002049 -.0003042
T 7253 19 .1518312E+11   3400005E-01  .2227E+02  .2352E+02   .9999999  .0002238  .0002522
T 7254 19 .1518210E+11   3400000E-01 -.3174E+02  .6663E+02   .9999998 -.0004055  .0004244
T 7255 19 .1518263E+11   3400012E-01  .3505E+02  .3140E+02   .9999999  .0000668  .0001194
T 7256 19 .1518078E+11   3400021E-01  .4075E+02 -.5938E+02   .9999998  .0003929 -.0004055
T 7257 19 .1518321E+11   3400014E-01 -.3182E+02 -.4629E+02   .9999999 -.0002359 -.0003168
T 7258 19 .1518239E+11   3400021E-01 -.1924E+02  .1599E+02   .9999999  .0001656 -.0000120
T 7259 19 .1518410E+11   3400022E-01  .1352E+01  .7338E+01   .9999999  .0000562  .0001630
T 7260 19 .1518312E+11   3400012E-01  .3242E+02  .3238E+00   .9999999  .0002390  .0001088
T 7261 19 .1518214E+11   3400016E-01  .2612E+02 -.5774E+02   .9999999  .0002150 -.0003778
T 7262 19 .1518360E+11   3400018E-01 -.7482E+01  .8610E+02   .9999998 -.0001420  .0006712
T 7263 19 .1518362E+11   3400020E-01 -.1220E+02 -.1138E+02   .9999999 -.0000928 -.0000136
T 7264 19 .1518307E+11   3400007E-01 -.1767E+02 -.3863E+02   .9999999 -.0001488 -.0000228
T 7265 19 .1518241E+11   3400001E-01  .1098E+02  .5219E+02   .9999999  .0000312  .0003304
T 7266 19 .1518330E+11   3400010E-01  .1214E+02  .1377E+02   .9999999  .0000565  .0000904
T 7267 19 .1518180E+11   3400022E-01  .5933E+02  .4873E+02   .9999998  .0005751  .0002673
T 7268 19 .1518452E+11   3400013E-01 -.6413E+01  .8315E+01   .9999999 -.0000534  .0001784
T 7269 19 .1518204E+11   3400009E-01  .2117E+02 -.2787E+02   .9999999  .0001096 -.0002077
T 7270 19 .1518177E+11   3400015E-01  .7004E+01 -.1580E+02   .9999999  .0000324 -.0000433
T 7271 19 .1518098E+11   3400003E-01  .3481E+02  .5141E+02   .9999999  .0001938  .0002681
T 7272 19 .1518313E+11   3400010E-01 -.6820E+01  .3525E+02   .9999999 -.0001163  .0002455
T 7273 19 .1518304E+11   3400023E-01 -.4517E+02  .2843E+02   .9999999 -.0004222  .0001071
T 7274 19 .1518252E+11   3400001E-01  .2497E+02  .7098E+01   .9999999  .0002595  .0001242
T 7275 19 .1518040E+11   3400013E-01  .4838E+02  .1397E+01   .9999999  .0002448 -.0000259
T 7276 19 .1518387E+11   3400013E-01  .8238E+02 -.1469E+03   .9999998  .0003685 -.0005596
T 7277 19 .1518317E+11   3400008E-01  .1016E+03 -.2382E+02   .9999999  .0003945 -.0000781
T 7278 19 .1518279E+11   3400010E-01 -.5520E+02  .5254E+01   .9999999 -.0003315  .0000263
T 7279 19 .1518287E+11   3400019E-01 -.1851E+02 -.5445E+02   .9999999 -.0001974 -.0003660
T 7280 19 .1518366E+11   3400021E-01 -.8657E+02 -.4853E+01   .9999997 -.0007305  .0000821
T 7281 19 .1518182E+11   3400005E-01  .6855E+01  .1904E+02   .9999999  .0001727  .0000625
T 7282 19 .1518212E+11   3400022E-01 -.2571E+02 -.4514E+02   .9999999 -.0003255 -.0003488
T 7283 19 .1518374E+11   3400011E-01  .3303E+02 -.1206E+02   .9999999  .0002257 -.0002416
T 7284 19 .1518411E+11   3400003E-01  .8529E+02 -.2429E+02   .9999999  .0004925 -.0000434
T 7285 19 .1518462E+11   3400020E-01  .3951E+02 -.3590E+02   .9999998  .0004942 -.0002899
T 7286 19 .1518267E+11   3400007E-01  .2669E+02  .1005E+01   .9999999 -.0000912 -.0000286
T 7287 19 .1518206E+11   3400001E-01 -.3824E+02  .1211E+03   .9999986 -.0002453  .0016414
T 7288 19 .1518131E+11   3400016E-01  .6720E+01 -.1678E+02   .9999999  .0000671 -.0000641
T 7289 19 .1518312E+11   3400019E-01 -.6139E+02  .2767E+02   .9999999 -.0001580  .0002527
T 7290 19 .1518254E+11   3400020E-01  .6103E+01 -.6057E+02   .9999999 -.0000060 -.0003879
T 7291 19 .1518248E+11   3400021E-01 -.4103E+02 -.3910E+01   .9999999 -.0001769  .0001148
T 7292 19 .1518334E+11   3400009E-01  .1744E+02  .1150E+02   .9999999  .0000166  .0001954
T 7293 19 .1518366E+11   3400000E-01 -.3434E+01 -.2936E+02   .9999999 -.0001099 -.0001813
T 7294 19 .1518238E+11   3400021E-01  .1865E+02  .1808E+02   .9999999  .0000570  .0001799
T 7295 19 .1518459E+11   3400010E-01  .4703E+01 -.3129E+02   .9999999 -.0000156 -.0001994
T 7296 19 .1517997E+11   3400019E-01  .9890E+01  .4893E+02   .9999999  .0001421  .0004805
T 7297 19 .1518374E+11   3400018E-01 -.3718E+02  .6496E+01   .9999999 -.0003173  .0001690
T 7298 19 .1518225E+11   3400005E-01 -.1198E+01 -.9568E+01   .9999999 -.0000846 -.0000446
T 7299 19 .1518340E+11   3400015E-01  .3741E+02  .3510E+02   .9999999  .0002652  .0004674
T 7300 19 .1518401E+11   3400009E-01 -.1081E+02  .3505E+02   .9999999 -.0001144  .0003364
T 7301 19 .1518283E+11   3400012E-01  .1004E+02 -.2430E+01   .9999999  .0002725 -.0000488
T 7302 19 .1518314E+11   3400005E-01 -.2415E+02 -.1951E+02   .9999999  .0000982 -.0001438
T 7303 19 .1518319E+11   3400007E-01  .4905E+02 -.9509E+01   .9999999  .0003674  .0000272
T 7304 19 .1518179E+11   3400013E-01  .4168E+02 -.9476E+02   .9999999  .0001862 -.0004927
T 7305 19 .1518242E+11   3400014E-01 -.2170E+02 -.4136E+02   .9999999 -.0001843 -.0002411
T 7306 19 .1518263E+11   3400019E-01 -.5455E+01  .2237E+02   .9999999  .0000148  .0002568
T 7307 19 .1518452E+11   3400020E-01 -.1350E+02  .6100E+02   .9999999  .0002096 -.0001585
T 7308 19 .1518377E+11   3400021E-01  .7531E+01  .7884E+01   .9999999  .0003218 -.0000383
T 7309 19 .1518408E+11   3400008E-01  .1219E+03 -.2827E+02   .9999998  .0004965 -.0003754
T 7310 19 .1518303E+11   3400014E-01  .1295E+02  .6767E+02   .9999999  .0000912  .0003220
T 7311 19 .1518381E+11   3400010E-01  .6561E+02 -.7522E+02   .9999999  .0004155 -.0002869
T 7312 19 .1518474E+11   3400002E-01  .2470E+02  .7291E+01   .9999999  .0002930  .0002388
T 7313 19 .1518218E+11   3400005E-01  .6099E+02  .5121E+02   .9999999  .0003420  .0002998
T 7314 19 .1518290E+11   3400000E-01 -.5392E+02  .1653E+01   .9999999 -.0004400  .0001722
T 7315 19 .1518200E+11   3400014E-01  .2594E+02 -.1026E+03   .9999998  .0002293 -.0005997
T 7316 19 .1518024E+11   3400012E-01 -.3136E+02  .3012E+02   .9999999 -.0002185  .0001994
T 7317 19 .1518306E+11   3400010E-01  .3926E+01  .3361E+02   .9999999  .0000258  .0003048
T 7318 19 .1518300E+11   3400002E-01  .2108E+02  .5913E+01   .9999999  .0001962 -.0000124
T 7319 19 .1518351E+11   3400006E-01 -.1907E+01  .4140E+02   .9999999  .0001501  .0003476
T 7320 19 .1518322E+11   3400021E-01 -.3045E+02  .3102E+02   .9999999 -.0001482  .0000895
T 7321 19 .1518192E+11   3400016E-01  .2650E+02  .7646E+02   .9999999  .0000293  .0004194
T 7322 19 .1518288E+11   3400022E-01 -.2304E+01 -.2839E+02   .9999999  .0000404 -.0002610
T 7323 19 .1518136E+11   3400001E-01 -.1563E+02  .1262E+02   .9999999  .0000216  .0000672
T 7324 19 .1518310E+11   3400007E-01 -.1234E+02  .7901E+01   .9999999 -.0000511  .0000163
T 7325 19 .1518206E+11   3400020E-01  .1265E+02 -.1419E+02   .9999999 -.0000870 -.0001325
T 7326 19 .1518100E+11   3400002E-01 -.1918E+02 -.1826E+01   .9999999 -.0000766 -.0000030
T 7327 19 .1518281E+11   3400003E-01  .4577E+02 -.1322E+02   .9999999  .0002851 -.0000731
T 7328 19 .1518141E+11   3400014E-01  .1337E+02  .1808E+02   .9999999  .0002599 -.0000779
T 7329 19 .1518182E+11   3400012E-01  .5081E+01  .5626E+01   .9999999  .0000321  .0000553
T 7330 19 .1518276E+11   3400009E-01  .5886E+01 -.7088E+01   .9999999  .0000066  .0000588
T 7331 19 .1518040E+11   3400020E-01 -.1997E+02 -.2063E+02   .9999999 -.0001006 -.0000550
T 7332 19 .1518240E+11   3400001E-01 -.5232E+01  .3496E+01   .9999999  .0000235  .0000389
T 7333 19 .1518430E+11   3400000E-01 -.4071E+02 -.1625E+02   .9999999 -.0002839 -.0000302
T 7334 19 .1518349E+11   3400017E-01 -.2713E+02 -.1710E+02   .9999999 -.0000624 -.0002898
T 7335 19 .1518541E+11   3400013E-01 -.1591E+02  .4586E+01   .9999999 -.0001501  .0000605
T 7336 19 .1518072E+11   3400020E-01 -.3270E+02 -.1298E+02   .9999999 -.0004914  .0000088
T 7337 19 .1518419E+11   3400018E-01  .3163E+02  .3563E+01   .9999999  .0001519 -.0001060
T 7338 19 .1518372E+11   3400022E-01  .7862E+02 -.6140E+02   .9999998  .0005304 -.0001897
T 7339 19 .1518211E+11   3400009E-01  .1382E+03  .8883E+01   .9999997  .0007880  .0000770
T 7340 19 .1518338E+11   3400008E-01  .3553E+02  .2334E+02   .9999999  .0002909  .0001127
T 7341 19 .1518000E+11   3400012E-01 -.1951E+02  .1441E+02   .9999999 -.0001242  .0000324
T 7342 19 .1518391E+11   3400008E-01 -.1526E+02 -.1474E+03   .9999994 -.0001551 -.0010457
T 7343 19 .1518148E+11   3400018E-01  .1221E+02  .1697E+02   .9999999 -.0001693  .0001807
T 7344 19 .1518204E+11   3400000E-01  .3308E+02 -.2364E+02   .9999999  .0001516 -.0003071
T 7345 19 .1518498E+11   3400008E-01  .7976E+01  .1086E+02   .9999999  .0001876 -.0000407
T 7346 19 .1518533E+11   3400016E-01 -.1321E+02 -.2327E+02   .9999999 -.0000298 -.0001288
T 7347 19 .1518196E+11   3400015E-01  .2480E+02 -.6339E+02   .9999999  .0002220 -.0003495
T 7348 19 .1518179E+11   3400010E-01 -.1422E+02 -.2548E+02   .9999999 -.0001153 -.0000438
T 7349 19 .1518343E+11   3400014E-01  .9523E+01 -.3343E+02   .9999999  .0001938  .0002172
T 7350 19 .1518284E+11   3400010E-01  .1170E+01 -.1231E+02   .9999999  .0000417 -.0001257
T 7351 19 .1518370E+11   3400017E-01  .5314E+02  .1102E+03   .9999997  .0003584  .0007283
T 7352 19 .1518236E+11   3400001E-01  .1599E+02 -.8665E+02   .9999999  .0000859 -.0003733
T 7353 19 .1518192E+11   3400006E-01 -.2109E+02 -.6588E+01   .9999999 -.0002550 -.0000478
T 7354 19 .1518141E+11   3400008E-01 -.4465E+01 -.4134E+02   .9999999 -.0001234 -.0004283
T 7355 19 .1518241E+11   3400003E-01  .6489E+01 -.1076E+02   .9999999 -.0000594 -.0001116
T 7356 19 .1518090E+11   3400012E-01  .9022E+01 -.9471E+01   .9999999 -.0001204  .0001751
T 7357 19 .1518248E+11   3400012E-01 -.6378E+01 -.1432E+02   .9999999 -.0001292  .0000030
T 7358 19 .1518303E+11   3400021E-01  .1666E+02  .6418E+01   .9999999  .0000187  .0000469
T 7359 19 .1518075E+11   3400020E-01  .2216E+03  .2710E+03   .9999978  .0012112  .0017270
T 7360 19 .1518457E+11   3400007E-01  .4322E+02 -.1994E+02   .9999999  .0001363 -.0004062
T 7361 19 .1518230E+11   3400020E-01  .3671E+02 -.1220E+02   .9999999  .0000533  .0000040
T 7362 19 .1518105E+11   3400020E-01  .3476E+02  .3159E+01   .9999999  .0004023  .0000165
T 7363 19 .1518215E+11   3400005E-01  .5722E+02  .7406E+02   .9999998  .0003678  .0005575
T 7364 19 .1518141E+11   3400018E-01  .2538E+02 -.1188E+02   .9999999  .0001216 -.0001238
T 7365 19 .1518274E+11   3400015E-01 -.2945E+02  .3054E+01   .9999999 -.0002851 -.0000854
T 7366 19 .1518141E+11   3400022E-01 -.2090E+02 -.3626E+02   .9999999 -.0000693 -.0002955
T 7367 19 .1518016E+11   3400011E-01  .1665E+02 -.2020E+02   .9999999 -.0001317 -.0001275
T 7368 19 .1518202E+11   3400022E-01 -.3926E+02  .6491E+01   .9999999 -.0002617 -.0001007
T 7369 19 .1518397E+11   3400010E-01  .1353E+02  .1916E+02   .9999999  .0000405  .0001151
T 7370 19 .1518295E+11   3400013E-01  .2414E+02 -.1807E+02   .9999999  .0002983 -.0001762
T 7371 19 .1518455E+11   3400016E-01 -.1282E+02  .3862E+02   .9999999 -.0001611  .0003597
T 7372 19 .1518262E+11   3400013E-01  .2163E+02 -.7230E+02   .9999999  .0000819 -.0001516
T 7373 19 .1518360E+11   3400011E-01  .2240E+02  .1420E+02   .9999999  .0000783  .0000077
T 7374 19 .1518201E+11   3400011E-01 -.1369E+01  .2427E+02   .9999999 -.0000229  .0001542
T 7375 19 .1518294E+11   3400011E-01 -.9959E+01 -.1850E+02   .9999999 -.0000526  .0000066
T 7376 19 .1518438E+11   3400021E-01 -.5881E+01 -.4413E+02   .9999999 -.0000340 -.0001392
T 7377 19 .1518385E+11   3400001E-01  .1537E+03  .7803E+02   .9999989  .0013617  .0006586
T 7378 19 .1518030E+11   3400015E-01 -.1086E+04 -.9854E+03   .9999384 -.0083396 -.0073227
T 7379 19 .1518165E+11   3400001E-01  .4064E+01 -.1801E+02   .9999999  .0000814 -.0001290
T 7380 19 .1518481E+11   3400016E-01  .2005E+02 -.4348E+00   .9999999  .0001331  .0000398
T 7381 19 .1518335E+11   3400005E-01 -.6316E+01  .5415E+01   .9999999  .0000797  .0001996
T 7382 19 .1518026E+11   3400006E-01  .1396E+02  .3006E+02   .9999999  .0000863  .0000565
T 7383 19 .1518184E+11   3400015E-01  .6191E+02 -.3240E+02   .9999999  .0002974 -.0003053
T 7384 19 .1518189E+11   3400009E-01  .2215E-01  .6272E+00   .9999999 -.0001302 -.0000294
T 7385 19 .1518319E+11   3400016E-01 -.1420E+02  .3533E+01   .9999999 -.0002903 -.0000803
T 7386 19 .1518262E+11   3400012E-01  .1493E+02  .2058E+02   .9999999  .0001163  .0002756
T 7387 19 .1518169E+11   3400019E-01  .3157E+02 -.2903E+02   .9999998  .0004521 -.0003405
T 7388 19 .1518329E+11   3400005E-01  .1644E+02 -.3025E+02   .9999999 -.0000841 -.0002515
T 7389 19 .1518272E+11   3400006E-01  .1156E+02  .8482E+01   .9999999 -.0000340  .0000933
T 7390 19 .1518336E+11   3400004E-01 -.1207E+02  .7709E+01   .9999999 -.0000359  .0000218
T 7391 19 .1518378E+11   3400000E-01 -.1030E+02  .1459E+02   .9999999 -.0001624  .0001530
T 7392 19 .1518246E+11   3400000E-01 -.1598E+02 -.4703E+01   .9999999  .0000612 -.0000014
T 7393 19 .1518363E+11   3400001E-01 -.4772E+02  .2658E+01   .9999999 -.0003097  .0001181
T 7394 19 .1518306E+11   3400003E-01  .3118E+02  .1017E+02   .9999999  .0001496 -.0001091
T 7395 19 .1518351E+11   3400002E-01 -.3680E+02  .3475E+02   .9999999 -.0003104  .0003091
T 7396 19 .1518196E+11   3400015E-01  .3628E+01  .4967E+01   .9999999 -.0001825  .0000738
T 7397 19 .1518172E+11   3400018E-01 -.2545E+00  .8544E+01   .9999999 -.0000721  .0000378
T 7398 19 .1518484E+11   3400003E-01  .1707E+01 -.1054E+02   .9999999 -.0000156 -.0002754
T 7399 19 .1518311E+11   3400020E-01  .1842E+02 -.1748E+02   .9999999  .0000484 -.0003433
T 7400 19 .1518374E+11   3400019E-01 -.2118E+02 -.4588E+02   .9999999  .0001885 -.0004578
T 7401 19 .1518327E+11   3400021E-01  .2426E+02  .4582E+01   .9999999  .0001805 -.0000786
T 7402 19 .1518355E+11   3400007E-01  .1659E+02 -.1545E+02   .9999999  .0000834 -.0000096
T 7403 19 .1518347E+11   3400020E-01  .4560E+02 -.1690E+02   .9999999  .0002305 -.0001147
T 7404 19 .1518396E+11   3400020E-01  .2236E+02 -.1523E+02   .9999999  .0002095 -.0001230
T 7405 19 .1518247E+11   3400022E-01  .6523E+01 -.3801E+01   .9999999  .0000465  .0000146
T 7406 19 .1518308E+11   3400021E-01 -.5308E+01  .2826E+02   .9999999 -.0001256  .0005254
T 7407 19 .1518051E+11   3400002E-01  .2629E+01 -.7415E+02   .9999999 -.0000243 -.0003514
T 7408 19 .1518054E+11   3400013E-01 -.5533E+02 -.2247E+02   .9999998 -.0006620 -.0000908
T 7409 19 .1518222E+11   3400000E-01  .2279E+02  .1222E+01   .9999999  .0002663 -.0000050
T 7410 19 .1518211E+11   3400008E-01 -.1005E+02  .6693E+01   .9999999 -.0000189  .0000461
T 7411 19 .1518111E+11   3400020E-01 -.1924E+02 -.1899E+02   .9999999 -.0000305 -.0001658
T 7412 19 .1518344E+11   3400001E-01 -.2213E+00 -.1062E+02   .9999999 -.0001538 -.0002422
T 7413 19 .1518259E+11   3400000E-01  .2516E+02  .3247E+02   .9999999  .0001160  .0000864
T 7414 19 .1518078E+11   3400012E-01  .3298E+02  .1806E+02   .9999999  .0001589  .0000867
T 7415 19 .1518338E+11   3400021E-01 -.4076E+02 -.4921E+02   .9999999 -.0002999 -.0003936
T 7416 19 .1518382E+11   3400013E-01  .1032E+02  .3478E+02   .9999999  .0001947  .0001606
T 7417 19 .1518417E+11   3400017E-01  .2862E+02  .1118E+02   .9999999  .0000878 -.0000121
T 7418 19 .1518225E+11   3400007E-01  .3588E+02  .1695E+02   .9999999  .0000208 -.0000734
T 7419 19 .1518264E+11   3400001E-01  .1660E+01 -.4351E+02   .9999999 -.0002218 -.0001029
T 7420 19 .1518358E+11   3400017E-01 -.1346E+02  .1404E+02   .9999999  .0000376  .0002732
T 7421 19 .1518111E+11   3400004E-01  .1417E+01  .1431E+02   .9999999 -.0001340  .0002111
T 7422 19 .1518368E+11   3400022E-01 -.4151E+02 -.2209E+02   .9999999 -.0003038 -.0001507
T 7423 19 .1518240E+11   3400004E-01  .1444E+02  .4653E+02   .9999999  .0000850  .0002539
T 7424 19 .1518164E+11   3400022E-01  .1415E+02  .1875E+01   .9999999  .0002135  .0001044
T 7425 19 .1518262E+11   3400010E-01 -.3787E+02 -.3822E+02   .9999999 -.0003395 -.0003984
T 7426 19 .1518187E+11   3400018E-01  .3283E+02  .1108E+01   .9999999 -.0000156 -.0000537
T 7427 19 .1518046E+11   3400001E-01  .1880E+02  .2644E+02   .9999999  .0001664  .0001498
T 7428 19 .1518371E+11   3400020E-01  .1983E+02  .9073E+01   .9999999  .0001879  .0000522
T 7429 19 .1518407E+11   3400021E-01  .4944E+02  .2346E+02   .9999999  .0003282  .0002437
T 7430 19 .1518370E+11   3400022E-01 -.1373E+01  .1026E+02   .9999999  .0000486  .0000038
T 7431 19 .1518182E+11   3400022E-01 -.2907E+02  .1950E+02   .9999999 -.0001989  .0000510
T 7432 19 .1518356E+11   3400012E-01 -.2331E+02  .9703E+01   .9999999 -.0002903  .0002807
T 7433 19 .1518161E+11   3400018E-01  .1145E+01  .1233E+02   .9999999  .0002738  .0001566
T 7434 19 .1518162E+11   3400007E-01  .4228E+02 -.2594E+02   .9999998  .0005439  .0000841
T 7435 19 .1518405E+11   3400021E-01 -.6030E+02 -.1485E+02   .9999999 -.0004675 -.0002810
T 7436 19 .1518309E+11   3400001E-01  .5301E+01 -.9922E+01   .9999999  .0000153 -.0000367
T 7437 19 .1518346E+11   3400002E-01 -.2445E+02 -.9352E+01   .9999999 -.0001444 -.0001265
T 7438 19 .1518286E+11   3400014E-01  .4477E+00 -.1735E+02   .9999999  .0002141 -.0002263
T 7439 19 .1518341E+11   3400000E-01 -.3402E+02 -.2947E+02   .9999999 -.0000638 -.0001325
T 7440 19 .1518302E+11   3400023E-01  .2302E+02  .3358E+02   .9999999  .0000119  .0002346
T 7441 19 .1518265E+11   3400006E-01  .6231E+02  .4571E+01   .9999993  .0011814 -.0001188
T 7442 19 .1518144E+11   3400012E-01  .2799E+02 -.1215E+03   .9999997  .0003428 -.0007330
T 7443 19 .1518331E+11   3400003E-01 -.1333E+02  .1658E+02   .9999999  .0000363  .0001275
T 7444 19 .1518232E+11   3400018E-01 -.3564E+02 -.1036E+02   .9999999 -.0002629  .0000228
T 7445 19 .1518280E+11   3400018E-01  .5742E+02 -.2178E+00   .9999999  .0003576  .0000009
T 7446 19 .1518076E+11   3400006E-01  .9494E+01  .6651E+02   .9999999 -.0000833  .0002443
T 7447 19 .1518244E+11   3400018E-01  .3037E+02  .2477E+02   .9999999  .0003901  .0000074
T 7448 19 .1518390E+11   3400022E-01  .2854E+02  .7100E+01   .9999999  .0001236  .0000744
T 7449 19 .1518492E+11   3400005E-01  .1625E+02  .5072E+02   .9999999  .0002359  .0002915
T 7450 19 .1518197E+11   3400015E-01  .3062E+02 -.1163E+02   .9999999  .0002282 -.0000242
T 7451 19 .1518283E+11   3400004E-01  .2758E+02 -.1351E+01   .9999999  .0001072  .0000303
T 7452 19 .1518166E+11   3400004E-01 -.5068E+02  .3032E+02   .9999999 -.0002086  .0000373
T 7453 19 .1518136E+11   3400007E-01  .7375E+01 -.6004E+02   .9999999  .0000762 -.0004435
T 7454 19 .1518189E+11   3400008E-01 -.1851E+01 -.1671E+02   .9999999 -.0000199  .0000556
T 7455 19 .1518356E+11   3400011E-01  .2340E+02  .4305E+01   .9999999  .0001182  .0002435
T 7456 19 .1518238E+11   3400014E-01 -.1374E+02 -.2743E+01   .9999999 -.0002345 -.0003544
T 7457 19 .1518357E+11   3400019E-01  .2027E+01 -.2618E+02   .9999999  .0001506 -.0001930
T 7458 19 .1518227E+11   3400006E-01  .3685E+02  .1786E+02   .9999999  .0001575 -.0001105
T 7459 19 .1518163E+11   3400015E-01  .2759E+02 -.3432E+01   .9999999  .0001381 -.0000034
T 7460 19 .1518493E+11   3400004E-01  .3718E+02 -.4892E+02   .9999998  .0004149 -.0003992
T 7461 19 .1518187E+11   3400007E-01 -.2695E+02  .4400E+01   .9999999 -.0001683  .0000627
T 7462 19 .1518294E+11   3400012E-01 -.1272E+03 -.5272E+02   .9999997 -.0007518 -.0003326
T 7463 19 .1518228E+11   3400019E-01  .3024E+02  .3829E+02   .9999999  .0002144  .0000817
T 7464 19 .1518386E+11   3400015E-01  .6380E+01 -.2062E+02   .9999999 -.0002156 -.0001363
T 7465 19 .1518539E+11   3400000E-01  .8229E+01  .3826E+02   .9999999  .0000240  .0001279
T 7466 19 .1518381E+11   3400004E-01 -.6897E+01 -.2360E+02   .9999999  .0000424 -.0000836
T 7467 19 .1518242E+11   3400018E-01 -.2148E+02 -.1337E+02   .9999999 -.0001721 -.0000288
T 7468 19 .1518205E+11   3400000E-01  .5694E+02  .1203E+02   .9999999  .0004050  .0000612
T 7469 19 .1518197E+11   3400022E-01  .5887E+02 -.2684E+02   .9999999  .0001091 -.0000156
T 7470 19 .1518398E+11   3400002E-01  .7556E+02  .7164E+02   .9999994  .0007075  .0007908
T 7471 19 .1518118E+11   3400017E-01  .3636E+01  .2070E+01   .9999999  .0000847  .0000273
T 7472 19 .1518244E+11   3400022E-01  .2133E+02  .3289E+02   .9999999  .0001148  .0001106
T 7473 19 .1518375E+11   3400014E-01 -.8841E+01  .2348E+02   .9999999 -.0000926  .0001380
T 7474 19 .1518364E+11   3400020E-01  .1535E+02  .2118E+02   .9999999  .0001505  .0002199
T 7475 19 .1518097E+11   3400019E-01  .1149E+02  .2266E+02   .9999999  .0001249  .0001396
T 7476 19 .1518232E+11   3400012E-01 -.1503E+02 -.1766E+02   .9999999 -.0000980 -.0001554
T 7477 19 .1518437E+11   3400022E-01  .1669E+02 -.2026E+02   .9999999  .0001859 -.0002015
T 7478 19 .1518223E+11   3400019E-01  .1585E+01  .3071E+02   .9999998 -.0002493  .0006134
T 7479 19 .1518249E+11   3400018E-01 -.3616E+02 -.2382E+02   .9999999 -.0000856 -.0000825
T 7480 19 .1518272E+11   3400019E-01 -.8377E+01 -.1076E+02   .9999999 -.0001474 -.0001196
T 7481 19 .1518232E+11   3400016E-01 -.1052E+02 -.3574E+02   .9999999 -.0001089 -.0003297
T 7482 19 .1518108E+11   3400022E-01 -.2940E+02 -.1284E+02   .9999999 -.0000178 -.0002188
T 7483 19 .1518284E+11   3400012E-01  .6223E+02 -.2539E+02   .9999998  .0004526 -.0003601
T 7484 19 .1518280E+11   3400011E-01  .6300E+01  .1397E+01   .9999999 -.0000112 -.0001002
T 7485 19 .1518281E+11   3400003E-01 -.2774E+02  .1663E+02   .9999999  .0000286  .0002754
T 7486 19 .1518322E+11   3400015E-01 -.1695E+02 -.1595E+02   .9999999 -.0000586 -.0001767
T 7487 19 .1518020E+11   3400018E-01  .1450E+02 -.2149E+01   .9999999  .0001426  .0000336
T 7488 19 .1518150E+11   3400020E-01  .3392E+01 -.1713E+02   .9999999  .0000365  .0000642
T 7489 19 .1518262E+11   3400011E-01  .1822E+02 -.2853E+02   .9999999 -.0000041  .0000412
T 7490 19 .1518190E+11   3400017E-01  .4326E+02 -.2243E+02   .9999999  .0000939 -.0002155
T 7491 19 .1518179E+11   3400001E-01  .2767E+02  .1515E+02   .9999999  .0002813  .0000203
T 7492 19 .1518277E+11   3400012E-01  .3786E+02  .3246E+02   .9999999  .0002120  .0002130
T 7493 19 .1518372E+11   3400006E-01  .6779E+01 -.3425E+01   .9999999 -.0000959 -.0003457
T 7494 19 .1518373E+11   3400020E-01 -.2057E+02 -.1488E+01   .9999999 -.0001667  .0001115
T 7495 19 .1518385E+11   3400016E-01 -.1459E+02  .2264E+02   .9999999 -.0000451  .0002863
T 7496 19 .1518309E+11   3400003E-01  .2837E+00 -.1644E+02   .9999999 -.0001113 -.0004319
T 7497 19 .1518309E+11   3400013E-01 -.4031E+02 -.1441E+02   .9999999 -.0001124 -.0001672
T 7498 19 .1518349E+11   3400003E-01 -.1997E+01  .2501E+02   .9999999 -.0000245  .0001166
T 7499 19 .1518288E+11   3400010E-01  .8031E+00  .1319E+02   .9999999  .0000485  .0000877
T 7500 19 .1518073E+11   3400005E-01 -.9614E+01 -.4004E+02   .9999999 -.0000333 -.0002615
T 7501 19 .1518151E+11   3400014E-01 -.2078E+02  .2609E+02   .9999999 -.0001909  .0001921
T 7502 19 .1518325E+11   3400011E-01  .2088E+02 -.1501E+02   .9999999  .0000230 -.0001517
T 7503 19 .1518274E+11   3400004E-01  .4810E+02  .4761E+02   .9999999  .0002338  .0002581
T 7504 19 .1518266E+11   3400010E-01 -.2204E+02  .3729E+02   .9999999 -.0002496  .0002075
T 7505 19 .1518301E+11   3400018E-01  .8175E+01 -.3095E+02   .9999999  .0002121 -.0002149
T 7506 19 .1518359E+11   3400021E-01 -.9456E+01  .2784E+02   .9999999  .0003075 -.0000067
T 7507 19 .1518498E+11   3400021E-01  .7790E+01 -.3378E+02   .9999999  .0000202 -.0002351
T 7508 19 .1518468E+11   3400023E-01 -.3337E+02 -.2924E+02   .9999999 -.0002872 -.0002175
T 7509 19 .1518293E+11   3400005E-01 -.8016E+02  .8971E+02   .9999997 -.0006625  .0004834
T 7510 19 .1518193E+11   3400019E-01  .9133E+01  .5482E+01   .9999999  .0000560  .0000860
T 7511 19 .1518245E+11   3400016E-01  .1261E+02 -.1375E+01   .9999999 -.0000110  .0001401
T 7512 19 .1518366E+11   3400004E-01 -.6730E+01 -.7303E+02   .9999999  .0001490 -.0002122
T 7513 19 .1518116E+11   3400022E-01 -.3183E+02  .6602E+02   .9999999 -.0001448  .0003599
T 7514 19 .1518264E+11   3400012E-01  .3601E+02  .1091E+02   .9999999  .0002349  .0000784
T 7515 19 .1518165E+11   3400010E-01 -.3293E+00 -.1527E+01   .9999999 -.0000017 -.0000657
T 7516 19 .1518317E+11   3400009E-01 -.6791E+01  .8863E+00   .9999999 -.0000483  .0001033
T 7517 19 .1518197E+11   3400003E-01  .3101E+02 -.6869E+01   .9999999  .0000668 -.0001064
T 7518 19 .1518471E+11   3400021E-01 -.2699E+01 -.1470E+02   .9999999 -.0001008 -.0003416
T 7519 19 .1518432E+11   3400004E-01  .3969E+02 -.9731E-01   .9999999  .0003084 -.0000346
T 7520 19 .1518291E+11   3400005E-01 -.4577E+02  .4654E+02   .9999999 -.0002869  .0000430
T 7521 19 .1518297E+11   3400008E-01 -.6540E+01  .2765E+02   .9999999 -.0001790 -.0000352
T 7522 19 .1518428E+11   3400020E-01  .6030E+01 -.7427E+02   .9999999  .0000955 -.0004470
T 7523 19 .1518180E+11   3400018E-01 -.5908E+02 -.1503E+02   .9999999 -.0001577  .0000170
T 7524 19 .1518404E+11   3400020E-01 -.2666E+01  .4884E+01   .9999999  .0000955 -.0000958
T 7525 19 .1518388E+11   3400015E-01 -.2370E+02 -.2113E+01   .9999999 -.0001841 -.0001213
T 7526 19 .1518088E+11   3400020E-01  .1226E+02 -.1545E+02   .9999999 -.0000750  .0000217
T 7527 19 .1518380E+11   3400022E-01  .2515E+02 -.4954E+01   .9999999  .0001915  .0000147
T 7528 19 .1518065E+11   3400022E-01  .1805E+02 -.1275E+03   .9999996  .0002500 -.0008624
T 7529 19 .1518301E+11   3400015E-01  .7503E+01 -.3838E+02   .9999999  .0001496 -.0002131
T 7530 19 .1518243E+11   3400003E-01 -.2773E+02 -.3467E+02   .9999999 -.0000783 -.0003922
T 7531 19 .1518273E+11   3400015E-01  .1715E+01  .2964E+02   .9999999  .0000442  .0001272
T 7532 19 .1518266E+11   3400014E-01  .5395E+01 -.3097E+02   .9999999  .0000416 -.0003007
T 7533 19 .1518154E+11   3400021E-01  .1090E+02 -.4428E+02   .9999999 -.0002442 -.0001810
T 7534 19 .1518463E+11   3400006E-01  .1174E+02  .4083E+01   .9999999 -.0000634  .0000177
T 7535 19 .1518231E+11   3400011E-01 -.4614E+02 -.5627E+02   .9999998 -.0002756 -.0004864
T 7536 19 .1518379E+11   3400015E-01  .1261E+02 -.3207E+02   .9999999  .0002071 -.0001787
T 7537 19 .1518390E+11   3400009E-01  .1136E+02  .1917E+02   .9999999  .0000513  .0001879
T 7538 19 .1518212E+11   3400014E-01  .1902E+02  .6016E+02   .9999999  .0001221  .0004206
T 7539 19 .1518303E+11   3400022E-01 -.1663E+02 -.3669E+01   .9999999 -.0002712  .0000212
T 7540 19 .1518447E+11   3400013E-01 -.3957E+02 -.3320E+01   .9999999 -.0003350 -.0001475
T 7541 19 .1518240E+11   3400007E-01  .9878E+01  .2164E+02   .9999999  .0001070  .0001146
T 7542 19 .1518371E+11   3400008E-01 -.6004E+02 -.1238E+02   .9999999 -.0004001 -.0001140
T 7543 19 .1518038E+11   3400013E-01  .2080E+02 -.2598E+01   .9999999  .0001820 -.0000565
T 7544 19 .1518170E+11   3400007E-01  .1514E+02 -.6634E+01   .9999999  .0001581 -.0000268
T 7545 19 .1518092E+11   3400001E-01  .1700E+02 -.2398E+02   .9999999  .0001875 -.0001857
T 7546 19 .1518196E+11   3400016E-01  .6706E+01  .2528E+02   .9999999 -.0000893  .0002007
T 7547 19 .1518424E+11   3400009E-01  .6929E+01  .3415E+02   .9999999 -.0000241  .0000662
T 7548 19 .1518283E+11   3400019E-01 -.5286E+02 -.8239E+01   .9999999 -.0001705 -.0000399
T 7549 19 .1518246E+11   3400010E-01 -.3612E+01 -.7834E+02   .9999998  .0000101 -.0006071
T 7550 19 .1518278E+11   3400022E-01 -.3213E+02 -.2577E+02   .9999999 -.0001170 -.0002089
T 7551 19 .1518178E+11   3400001E-01 -.6640E+01  .6481E+01   .9999999 -.0000247 -.0000328
T 7552 19 .1518197E+11   3400000E-01  .1543E+02  .1045E+02   .9999999  .0002160  .0002526
T 7553 19 .1518295E+11   3400014E-01  .1758E+02  .1281E+02   .9999999  .0004807  .0002111
T 7554 19 .1518409E+11   3400003E-01  .2980E+02 -.2317E+02   .9999999  .0001530 -.0001361
T 7555 19 .1518231E+11   3400021E-01  .1027E+03  .2727E+03   .9999986  .0004613  .0015920
T 7556 19 .1518150E+11   3400017E-01 -.6439E+00 -.1615E+02   .9999999 -.0001393 -.0001785
T 7557 19 .1518167E+11   3400011E-01  .2178E+02 -.2481E+02   .9999999  .0000547  .0000087
T 7558 19 .1518325E+11   3400013E-01  .5490E+02 -.5357E+02   .9999999  .0001424 -.0003818
T 7559 19 .1518294E+11   3400021E-01  .3579E+02  .4756E+01   .9999999  .0003119  .0000907
T 7560 19 .1518485E+11   3400011E-01  .3968E+02 -.2932E+02   .9999999  .0002992 -.0002431
T 7561 19 .1518281E+11   3400008E-01  .1072E+02  .6037E+02   .9999999  .0000687  .0003618
T 7562 19 .1518140E+11   3400020E-01 -.2416E+02 -.3817E+02   .9999999 -.0001275 -.0003894
T 7563 19 .1518107E+11   3400013E-01 -.2366E+02 -.1445E+02   .9999999 -.0001222  .0000582
T 7564 19 .1518203E+11   3400006E-01 -.1154E+02 -.4958E+02   .9999999 -.0001610 -.0002674
T 7565 19 .1518320E+11   3400006E-01 -.1249E+02 -.3545E+01   .9999999 -.0000450  .0000451
T 7566 19 .1518278E+11   3400007E-01  .1488E+01 -.2777E+02   .9999999  .0001351 -.0002158
T 7567 19 .1518433E+11   3400022E-01  .8545E+01 -.2033E+02   .9999999  .0000861 -.0002943
T 7568 19 .1518201E+11   3400013E-01 -.2678E+02 -.2332E+02   .9999999 -.0000039 -.0001272
T 7569 19 .1518239E+11   3400008E-01  .1079E+02 -.2393E+02   .9999999  .0002655 -.0003410
T 7570 19 .1518386E+11   3400008E-01 -.2793E+02  .3592E+02   .9999999  .0000882  .0001839
T 7571 19 .1518267E+11   3400019E-01  .2020E+02  .5059E+02   .9999999  .0002697  .0001558
T 7572 19 .1518362E+11   3400022E-01  .3123E+01 -.6904E+02   .9999999 -.0000212 -.0004841
T 7573 19 .1518345E+11   3400018E-01  .1988E+03 -.3398E+03   .9999992  .0007504 -.0010024
T 7574 19 .1518354E+11   3400017E-01  .3670E+01 -.3271E+01   .9999999 -.0000423 -.0000885
T 7575 19 .1518214E+11   3400006E-01 -.8176E+02  .4499E+02   .9999997 -.0006413  .0003954
T 7576 19 .1518210E+11   3400014E-01  .2187E+02  .7828E+02   .9999999  .0000387  .0004477
T 7577 19 .1518240E+11   3400006E-01  .3271E+01  .1374E+02   .9999999 -.0000561  .0002253
T 7578 19 .1518225E+11   3400021E-01  .2988E+02 -.2158E+01   .9999999  .0002389 -.0000953
T 7579 19 .1518307E+11   3400019E-01  .3326E+02  .8114E+02   .9999999  .0001436  .0004746
T 7580 19 .1518190E+11   3400007E-01  .5972E+00 -.9900E+01   .9999999  .0000738 -.0000684
T 7581 19 .1518260E+11   3400010E-01 -.1015E+02  .2176E+02   .9999999 -.0000018  .0000902
T 7582 19 .1518520E+11   3400017E-01  .5085E+02  .7511E+01   .9999999  .0003290  .0000517
T 7583 19 .1518232E+11   3400015E-01  .3819E+02  .5261E+02   .9999999  .0002399  .0002916
T 7584 19 .1518317E+11   3400021E-01 -.3003E+02  .3969E+02   .9999999 -.0001240  .0002517
T 7585 19 .1518276E+11   3400003E-01  .2702E+02  .1386E+02   .9999999  .0001738  .0001062
T 7586 19 .1518259E+11   3400012E-01 -.1578E+02 -.3734E+02   .9999999 -.0002861 -.0003015
T 7587 19 .1518257E+11   3400023E-01 -.3017E+02 -.3348E+02   .9999999 -.0001287 -.0001936
T 7588 19 .1518411E+11   3400014E-01  .3121E+02  .3349E+02   .9999999  .0001646  .0002100
T 7589 19 .1518120E+11   3400009E-01  .3404E+02 -.5093E+02   .9999999  .0002508 -.0002284
T 7590 19 .1518438E+11   3400015E-01  .1714E+02  .1943E+01   .9999999  .0000904 -.0000432
T 7591 19 .1518229E+11   3400019E-01 -.1758E+02  .1817E+02   .9999997  .0001963  .0007734
T 7592 19 .1518170E+11   3400014E-01  .2369E+02  .4890E+01   .9999999  .0001735 -.0000117
T 7593 19 .1518201E+11   3400015E-01  .4189E+02 -.3885E+02   .9999999  .0003402 -.0002291
T 7594 19 .1518181E+11   3400015E-01 -.4503E+02  .2817E+02   .9999999 -.0003812  .0001432
T 7595 19 .1518199E+11   3400003E-01  .2637E+00  .4974E+02   .9999999  .0001854  .0003344
T 7596 19 .1518325E+11   3400008E-01 -.5261E+01 -.3403E+02   .9999995 -.0000535 -.0009670
T 7597 19 .1518315E+11   3400021E-01 -.4663E+01 -.1430E+02   .9999999 -.0000044 -.0001918
T 7598 19 .1518106E+11   3400019E-01 -.3202E+02  .2196E+01   .9999999 -.0001699  .0000314
T 7599 19 .1518276E+11   3400017E-01  .2128E+02  .2565E+01   .9999999  .0000548 -.0000011
T 7600 19 .1518396E+11   3400015E-01  .7148E+02  .7265E+01   .9999999  .0003642 -.0000940
T 7601 19 .1518276E+11   3400004E-01  .4319E+02  .2062E+02   .9999999  .0001420  .0000966
T 7602 19 .1518267E+11   3400012E-01 -.3039E+02 -.2009E+02   .9999999 -.0003535 -.0001721
T 7603 19 .1518163E+11   3400019E-01  .8718E+01 -.3217E+02   .9999998 -.0001565 -.0005600
T 7604 19 .1518322E+11   3400011E-01 -.2514E+02  .7962E+01   .9999999 -.0001584  .0000987
T 7605 19 .1518158E+11   3400000E-01  .1901E+02 -.1873E+01   .9999999  .0001502 -.0000978
T 7606 19 .1518183E+11   3400007E-01  .1911E+02  .1263E+02   .9999999  .0000737  .0001292
T 7607 19 .1518249E+11   3400019E-01 -.9401E+01  .3755E+02   .9999999  .0001112  .0002245
T 7608 19 .1518290E+11   3400014E-01 -.2013E+02 -.4473E+02   .9999999 -.0001170 -.0003701
T 7609 19 .1518249E+11   3400021E-01  .1499E+02 -.3852E+02   .9999999  .0001092 -.0003082
T 7610 19 .1518303E+11   3400014E-01  .1869E+02 -.5008E+01   .9999999  .0000423 -.0000579
T 7611 19 .1518346E+11   3400006E-01  .1015E+02  .1843E+01   .9999999  .0000649 -.0001319
T 7612 19 .1518312E+11   3400005E-01 -.1178E+02  .4048E+02   .9999999 -.0002717  .0001889
T 7613 19 .1518307E+11   3400011E-01  .2692E+02  .2304E+02   .9999999  .0003208  .0002573
T 7614 19 .1518225E+11   3400014E-01  .6129E+02  .2667E+02   .9999999  .0002245  .0002657
T 7615 19 .1518152E+11   3400021E-01  .2327E+01 -.2011E+02   .9999999  .0001763 -.0002455
T 7616 19 .1518233E+11   3400011E-01  .1349E+02  .6298E+01   .9999999  .0000700 -.0000544
T 7617 19 .1518303E+11   3400021E-01 -.1159E+02 -.1686E+02   .9999999 -.0001065  .0000198
T 7618 19 .1518242E+11   3400001E-01 -.7514E+02  .1925E+02   .9999999 -.0004262  .0000511
T 7619 19 .1518308E+11   3400021E-01  .1625E+02  .4597E+01   .9999999  .0001231 -.0000272
T 7620 19 .1518350E+11   3400017E-01  .2321E+02 -.4450E+02   .9999999 -.0000776 -.0003283
T 7621 19 .1518201E+11   3400012E-01  .2464E+02  .5089E+00   .9999999  .0001449 -.0000576
T 7622 19 .1518331E+11   3400019E-01 -.4041E+02 -.3812E+02   .9999999 -.0002430 -.0000696
T 7623 19 .1518272E+11   3400016E-01  .8818E+01 -.4157E+02   .9999999 -.0000180 -.0002037
T 7624 19 .1518140E+11   3400010E-01  .2234E+02 -.1128E+02   .9999999 -.0000334 -.0003126
T 7625 19 .1518416E+11   3400011E-01 -.6129E+01  .1425E+02   .9999999 -.0001114  .0002741
T 7626 19 .1518301E+11   3400021E-01  .3276E+02  .7251E+01   .9999999  .0003273  .0000240
T 7627 19 .1518235E+11   3400020E-01  .1656E+02  .5216E+02   .9999999  .0001278  .0003949
T 7628 19 .1518408E+11   3400003E-01  .3488E+02 -.1808E+02   .9999999  .0002253 -.0000452
T 7629 19 .1518086E+11   3400016E-01  .1363E+02  .7868E+01   .9999999  .0000900  .0001090
T 7630 19 .1518171E+11   3400019E-01  .2502E+02  .1941E+02   .9999999  .0000337  .0001707
T 7631 19 .1518205E+11   3400009E-01 -.1600E+02  .4503E+02   .9999999 -.0001332  .0003176
T 7632 19 .1518264E+11   3400003E-01  .2266E+02 -.3349E+02   .9999999  .0001841 -.0004094
T 7633 19 .1518364E+11   3400008E-01  .4040E+02 -.5981E+01   .9999999  .0003265  .0002386
T 7634 19 .1518342E+11   3400013E-01  .3482E+02 -.1453E+02   .9999999 -.0000292 -.0000038
T 7635 19 .1518272E+11   3400016E-01 -.5660E+02 -.7743E+01   .9999999 -.0004497 -.0001141
T 7636 19 .1518338E+11   3400004E-01 -.5883E+01  .2611E+02   .9999999 -.0000115 -.0000031
T 7637 19 .1518129E+11   3400022E-01 -.7560E+01 -.5742E+02   .9999999 -.0002317 -.0004619
T 7638 19 .1518026E+11   3400007E-01  .2504E+02 -.1823E+02   .9999999  .0002946  .0000354
T 7639 19 .1518357E+11   3400019E-01 -.7437E+01  .9485E+01   .9999999 -.0001106 -.0000821
T 7640 19 .1518067E+11   3400015E-01  .2114E+00 -.1468E+02   .9999999 -.0001895 -.0001173
T 7641 19 .1518303E+11   3400006E-01 -.2089E+02 -.5671E+02   .9999999 -.0000581 -.0004844
T 7642 19 .1518498E+11   3400019E-01  .5978E+02 -.1135E+02   .9999999  .0004695  .0000331
T 7643 19 .1518152E+11   3400012E-01  .1471E+02  .5497E+02   .9999999 -.0000061  .0003353
T 7644 19 .1518267E+11   3400001E-01  .3704E+02  .2310E+02   .9999999  .0000925  .0001118
T 7645 19 .1518306E+11   3400000E-01 -.8941E+01  .4264E+02   .9999999 -.0001755  .0003288
T 7646 19 .1518159E+11   3400009E-01 -.2264E+02  .2838E+02   .9999999 -.0002234  .0001541
T 7647 19 .1518200E+11   3400008E-01  .2899E+02  .2122E+02   .9999999  .0000340 -.0000476
T 7648 19 .1518205E+11   3400003E-01  .1241E+01  .5652E+02   .9999999  .0000274  .0001550
T 7649 19 .1518181E+11   3400010E-01  .3802E+02 -.3706E-01   .9999998  .0005674  .0000983
T 7650 19 .1518318E+11   3400004E-01  .1230E+03  .6328E+01   .9999999  .0003539 -.0000305
T 7651 19 .1518060E+11   3400000E-01  .2712E+02 -.3555E+01   .9999999  .0000928 -.0000990
T 7652 19 .1518362E+11   3400022E-01 -.1043E+02 -.1885E+02   .9999999  .0000554 -.0002251
T 7653 19 .1518214E+11   3400019E-01  .2384E+02  .1084E+02   .9999999  .0002479  .0001195
T 7654 19 .1518199E+11   3400014E-01 -.4752E+02  .1525E+01   .9999999 -.0003365  .0000893
T 7655 19 .1518334E+11   3400012E-01  .5886E+00  .3218E+02   .9999999  .0002061  .0002181
T 7656 19 .1518273E+11   3400016E-01  .1555E+02  .6927E+00   .9999999  .0000868 -.0000554
T 7657 19 .1518108E+11   3400015E-01  .8803E+00  .3811E+02   .9999999  .0000696  .0001883
T 7658 19 .1518029E+11   3400000E-01 -.1975E+02 -.4791E+02   .9999999 -.0000245 -.0003067
T 7659 19 .1518363E+11   3400011E-01 -.2471E+02  .3985E+01   .9999999 -.0001383  .0000829
T 7660 19 .1518091E+11   3400022E-01 -.2587E+02  .3790E+01   .9999999 -.0001954  .0000023
T 7661 19 .1518352E+11   3400019E-01  .1464E+02 -.4655E+02   .9999999  .0001918 -.0004780
T 7662 19 .1518162E+11   3400015E-01 -.1358E+02 -.9138E+01   .9999999 -.0001153  .0000167
T 7663 19 .1518375E+11   3400022E-01  .3113E+02  .6746E+01   .9999999  .0002993  .0001893
T 7664 19 .1518114E+11   3400014E-01  .6132E+02  .1305E+02   .9999999  .0004273  .0000772
T 7665 19 .1518162E+11   3400021E-01  .4826E+02 -.2786E+02   .9999999  .0002963 -.0002242
T 7666 19 .1518163E+11   3400003E-01 -.2882E+02 -.1290E+02   .9999999 -.0000175 -.0000461
T 7667 19 .1518508E+11   3400021E-01  .1937E+02  .7947E+01   .9999999  .0000870 -.0000193
T 7668 19 .1518321E+11   3400002E-01  .3987E+02 -.2307E+01   .9999999  .0002301 -.0000338
T 7669 19 .1518530E+11   3400022E-01  .5805E+02  .1126E+02   .9999999  .0005082 -.0001905
T 7670 19 .1518205E+11   3400022E-01  .3072E+02 -.3456E+02   .9999999  .0001958 -.0001792
T 7671 19 .1518317E+11   3400009E-01 -.4024E+02  .3151E+02   .9999999 -.0002745  .0002490
T 7672 19 .1518420E+11   3400019E-01  .8815E+02  .3535E+02   .9999999  .0003868  .0001104
T 7673 19 .1518107E+11   3400022E-01 -.5677E+02 -.5517E+02   .9999999 -.0003138 -.0002955
T 7674 19 .1518260E+11   3400021E-01  .5963E+02  .1061E+02   .9999999  .0003373  .0002330
T 7675 19 .1518317E+11   3400018E-01 -.1865E+02  .1594E+02   .9999999  .0000549  .0000621
T 7676 19 .1518295E+11   3400008E-01  .7312E+01 -.2647E+02   .9999999  .0000720 -.0000362
T 7677 19 .1518086E+11   3400023E-01  .3034E+02  .3241E+01   .9999999  .0002096 -.0000818
T 7678 19 .1518137E+11   3400005E-01 -.5337E+01  .2952E+02   .9999999 -.0001108  .0000562
T 7679 19 .1518311E+11   3400014E-01  .2271E+02  .2826E+02   .9999999  .0001400  .0002241
T 7680 19 .1518241E+11   3400016E-01  .4403E+02 -.2430E+02   .9999999  .0001711 -.0003163
T 7681 19 .1518345E+11   3400015E-01  .1969E+02 -.1744E+01   .9999999  .0003408 -.0002519
T 7682 19 .1518258E+11   3400005E-01  .4196E+02  .1636E+02   .9999999  .0003315  .0001132
T 7683 19 .1518230E+11   3400019E-01  .1526E+02  .6121E+01   .9999999 -.0000100  .0000669
T 7684 19 .1518394E+11   3400007E-01  .7969E+01  .1418E+02   .9999999  .0001611  .0002470
T 7685 19 .1518224E+11   3400013E-01 -.5018E+01  .3373E+02   .9999999  .0000459  .0001686
T 7686 19 .1518112E+11   3400004E-01  .1835E+02  .2584E+02   .9999999  .0001826  .0001320
T 7687 19 .1518333E+11   3400017E-01  .1572E+02  .5254E+02   .9999999  .0000434  .0004832
T 7688 19 .1518328E+11   3400017E-01  .3927E+02  .4264E+01   .9999999  .0002794 -.0000687
T 7689 19 .1518114E+11   3400011E-01 -.1126E+02  .1336E+02   .9999999 -.0000572  .0000746
T 7690 19 .1518196E+11   3400014E-01  .1501E+01  .1474E+02   .9999999  .0000326  .0000313
T 7691 19 .1518518E+11   3400023E-01 -.1650E+02  .2251E+02   .9999999 -.0000826  .0000187
T 7692 19 .1518296E+11   3400014E-01  .4266E+02 -.9368E+01   .9999999  .0002927 -.0000872
T 7693 19 .1518138E+11   3400013E-01 -.2814E+02  .1782E+02   .9999999 -.0000375  .0002482
T 7694 19 .1518342E+11   3400017E-01  .8844E+02 -.5106E+02   .9999998  .0005477 -.0003825
T 7695 19 .1518361E+11   3400008E-01 -.1329E+02  .1547E+02   .9999999 -.0001740  .0001683
T 7696 19 .1518219E+11   3400019E-01 -.3378E+00 -.8794E+00   .9999999  .0000347 -.0000407
T 7697 19 .1518201E+11   3400021E-01 -.4371E+02  .2282E+02   .9999999 -.0000839 -.0000760
T 7698 19 .1518255E+11   3400013E-01  .2175E+02  .5375E+01   .9999999  .0000572 -.0000906
T 7699 19 .1518269E+11   3400007E-01  .5795E+02 -.3077E+02   .9999999  .0004294 -.0002103
T 7700 19 .1518143E+11   3400014E-01  .9261E+01 -.3077E+01   .9999999  .0000400  .0001423
T 7701 19 .1518266E+11   3400012E-01 -.3464E+02  .4204E+02   .9999999 -.0002695  .0003719
T 7702 19 .1518452E+11   3400008E-01 -.4058E+02 -.2194E+01   .9999999 -.0003871 -.0001051
T 7703 19 .1518198E+11   3400016E-01  .1885E+02 -.2967E+01   .9999999 -.0000502 -.0002605
T 7704 19 .1518379E+11   3400021E-01  .4736E+02  .3240E+02   .9999999  .0004775  .0002068
T 7705 19 .1518374E+11   3400002E-01  .2933E+02 -.4362E+02   .9999999  .0000523 -.0002359
T 7706 19 .1518101E+11   3400020E-01 -.2583E+01  .2012E+02   .9999999 -.0000224  .0001097
T 7707 19 .1518423E+11   3400014E-01  .4571E+02  .2191E+02   .9999999  .0002497  .0001362
T 7708 19 .1518536E+11   3400000E-01  .2490E+01  .3665E+02   .9999999  .0000698  .0001314
T 7709 19 .1518356E+11   3400019E-01 -.8470E+01  .5269E+02   .9999999 -.0001108  .0001571
T 7710 19 .1518232E+11   3400016E-01 -.2631E+02  .2008E+01   .9999999 -.0001722  .0000794
T 7711 19 .1518309E+11   3400005E-01 -.9364E+02 -.6434E+02   .9999994 -.0009265 -.0005562
T 7712 19 .1518108E+11   3400017E-01 -.4274E+01 -.3493E+01   .9999999 -.0001631  .0001242
T 7713 19 .1518268E+11   3400010E-01  .2331E+02  .1650E+02   .9999999  .0001769  .0002610
T 7714 19 .1518303E+11   3400010E-01 -.4491E+02 -.3276E+02   .9999999 -.0000188  .0002862
T 7715 19 .1518174E+11   3400019E-01 -.2510E+02 -.4370E+02   .9999999 -.0001537 -.0002270
T 7716 19 .1518208E+11   3400003E-01  .1609E+02 -.3160E+02   .9999999 -.0000679 -.0001057
T 7717 19 .1518289E+11   3400022E-01  .1549E+02  .2357E+01   .9999999 -.0000455  .0000616
T 7718 19 .1518234E+11   3400020E-01 -.4853E+01  .6873E+02   .9999999 -.0000871  .0005111
T 7719 19 .1518214E+11   3400019E-01  .2123E+02  .3195E+02   .9999999  .0002378  .0000898
T 7720 19 .1518405E+11   3400008E-01  .1158E+02  .2605E+02   .9999999 -.0000336 -.0000454
T 7721 19 .1518219E+11   3400002E-01  .2634E+02 -.3545E+02   .9999999  .0002612  .0000176
T 7722 19 .1518078E+11   3400015E-01 -.6436E+02 -.5425E+01   .9999999 -.0004433 -.0001026
T 7723 19 .1518229E+11   3400022E-01 -.1066E+02 -.3115E+02   .9999999 -.0000721 -.0001684
T 7724 19 .1518265E+11   3400000E-01  .8185E+01  .1224E+02   .9999998  .0003451 -.0004360
T 7725 19 .1518178E+11   3400001E-01 -.2415E+01 -.3070E+02   .9999999 -.0000129 -.0002279
T 7726 19 .1518234E+11   3400013E-01  .8805E+01  .6896E+01   .9999999 -.0000318 -.0000250
T 7727 19 .1518235E+11   3400016E-01 -.5512E+01  .3549E+02   .9999999 -.0001381  .0002328
T 7728 19 .1518222E+11   3400004E-01  .2638E+01  .1865E+02   .9999999 -.0000990  .0000378
T 7729 19 .1518189E+11   3400021E-01 -.2348E+00  .1293E+02   .9999999 -.0000649  .0001327
T 7730 19 .1518188E+11   3400013E-01  .9141E+01  .1924E+02   .9999999  .0001498  .0001746
T 7731 19 .1518300E+11   3400020E-01 -.3440E+02  .3964E+02   .9999999 -.0002221  .0002213
T 7732 19 .1517999E+11   3400011E-01  .4512E+01  .1053E+02   .9999999 -.0001013  .0000066
T 7733 19 .1518205E+11   3400020E-01 -.2689E+01  .4000E+02   .9999999  .0000884  .0001445
T 7734 19 .1518414E+11   3400004E-01 -.1124E+02  .1133E+02   .9999999 -.0001296  .0000665
T 7735 19 .1518336E+11   3400018E-01 -.1501E+00 -.4215E+02   .9999999 -.0000758 -.0002695
T 7736 19 .1518073E+11   3400019E-01 -.1385E+02  .4004E+02   .9999999 -.0000190  .0002187
T 7737 19 .1518296E+11   3400001E-01  .3205E+02  .2898E+02   .9999999  .0001620  .0002518
T 7738 19 .1518429E+11   3400019E-01 -.8267E+02 -.2376E+02   .9999999 -.0003234 -.0002223
T 7739 19 .1518111E+11   3400002E-01  .1201E+02 -.3944E+02   .9999999  .0000482 -.0001239
T 7740 19 .1518166E+11   3400009E-01  .6383E+01  .7503E+01   .9999999  .0000431  .0001487
T 7741 19 .1518144E+11   3400017E-01 -.4862E+02 -.1903E+01   .9999999 -.0002090 -.0000175
T 7742 19 .1518416E+11   3400012E-01  .2863E+02  .3685E+02   .9999997 -.0000056  .0007554
T 7743 19 .1518272E+11   3400016E-01 -.2217E+02  .2010E+02   .9999999 -.0001663  .0002566
T 7744 19 .1518276E+11   3400003E-01 -.3513E+02 -.4528E+01   .9999999 -.0003590 -.0000027
T 7745 19 .1518223E+11   3400011E-01  .5264E+02 -.4682E+02   .9999999  .0003017 -.0003602
T 7746 19 .1518145E+11   3400022E-01  .1466E+02 -.6294E+01   .9999999 -.0000927  .0001289
T 7747 19 .1518210E+11   3400016E-01  .1848E+02  .1319E+02   .9999999  .0002625 -.0002361
T 7748 19 .1518221E+11   3400007E-01  .2130E+02  .2026E+02   .9999999  .0000785 -.0000712
T 7749 19 .1518327E+11   3400017E-01 -.8566E+01  .3676E+01   .9999999 -.0000839  .0000444
T 7750 19 .1518266E+11   3400011E-01 -.3100E+02  .8164E+01   .9999999 -.0002476  .0000183
T 7751 19 .1518108E+11   3400016E-01  .1344E+02 -.1445E+02   .9999999  .0000035  .0000326
T 7752 19 .1518238E+11   3400022E-01 -.3783E+02  .1240E+02   .9999999 -.0001412 -.0000373
T 7753 19 .1518321E+11   3400009E-01  .2456E+02  .2675E+02   .9999999  .0003168  .0002326
T 7754 19 .1518194E+11   3400009E-01  .3791E+02  .3144E+02   .9999999  .0003965  .0002555
T 7755 19 .1518361E+11   3400013E-01  .6945E+00 -.1756E+02   .9999999  .0000842 -.0001119
T 7756 19 .1518328E+11   3400013E-01 -.4116E+02 -.1133E+01   .9999999 -.0002740  .0002552
T 7757 19 .1518159E+11   3400006E-01  .3866E+02  .7514E+02   .9999998  .0003114  .0006306
T 7758 19 .1518191E+11   3400013E-01 -.2345E+02 -.3455E+01   .9999999 -.0001004  .0000234
T 7759 19 .1518082E+11   3400000E-01  .2183E+02  .6884E+00   .9999999  .0001309  .0000403
T 7760 19 .1518214E+11   3400008E-01  .5039E+01 -.3790E+02   .9999999  .0000227 -.0001921
T 7761 19 .1518199E+11   3400008E-01  .2628E+01 -.4014E+02   .9999999  .0000017 -.0001338
T 7762 19 .1518262E+11   3400013E-01  .3121E+02  .6511E+01   .9999999  .0003438 -.0002005
T 7763 19 .1518351E+11   3400019E-01 -.3044E+02 -.5133E+01   .9999999 -.0003663  .0000207
T 7764 19 .1518350E+11   3400008E-01  .9270E+01  .1487E+02   .9999999 -.0000540  .0000907
T 7765 19 .1518276E+11   3400006E-01 -.6509E+02  .3086E+02   .9999999 -.0003101  .0002391
T 7766 19 .1518391E+11   3400006E-01 -.4116E+02  .6291E+02   .9999999 -.0003805  .0002797
T 7767 19 .1518338E+11   3400004E-01  .1761E+02  .1592E+02   .9999997 -.0004555  .0006044
T 7768 19 .1518292E+11   3400015E-01  .1069E+02  .1955E+02   .9999999  .0002127  .0000322
T 7769 19 .1518312E+11   3400013E-01 -.1499E+02  .5115E+02   .9999999 -.0000761  .0003380
T 7770 19 .1518480E+11   3400018E-01  .8178E+01 -.2780E+02   .9999999 -.0001182 -.0002725
T 7771 19 .1518168E+11   3400015E-01 -.1309E+02 -.4491E+02   .9999999 -.0001319 -.0003583
T 7772 19 .1518144E+11   3400012E-01  .2062E+02 -.1011E+02   .9999999  .0002278 -.0001294
T 7773 19 .1518175E+11   3400022E-01 -.6884E+01 -.7241E+01   .9999999 -.0000442  .0001304
T 7774 19 .1518324E+11   3400014E-01 -.3932E+02  .9757E+01   .9999999 -.0002914  .0001780
T 7775 19 .1518359E+11   3400002E-01 -.6151E+02 -.4240E+02   .9999999 -.0004126 -.0002404
T 7776 19 .1518124E+11   3400006E-01  .2717E+01  .3407E+02   .9999999 -.0001009  .0000020
T 7777 19 .1518257E+11   3400022E-01  .2165E+02  .1037E+02   .9999999  .0003535 -.0001059
T 7778 19 .1518266E+11   3400012E-01 -.7311E+00 -.6451E+01   .9999999 -.0001736  .0000302
T 7779 19 .1518315E+11   3400002E-01  .8714E+01 -.8755E+01   .9999999  .0001023 -.0000130
T 7780 19 .1518088E+11   3400008E-01 -.8827E+01 -.3264E+02   .9999999  .0001152 -.0001172
T 7781 19 .1518394E+11   3400010E-01 -.1896E+02  .3462E+02   .9999999 -.0000913  .0000794
T 7782 19 .1518477E+11   3400007E-01 -.4742E+02 -.1012E+02   .9999999 -.0002314 -.0001598
T 7783 19 .1518263E+11   3400001E-01 -.5442E+02  .3422E+02   .9999999 -.0005008  .0001675
T 7784 19 .1518308E+11   3400003E-01  .2401E+02 -.2880E+02   .9999999  .0001206 -.0004066
T 7785 19 .1518183E+11   3400019E-01 -.7645E+01  .1945E+02   .9999999 -.0000334  .0000775
T 7786 19 .1518144E+11   3400008E-01 -.8962E+02  .3561E+02   .9999998 -.0006320  .0003069
T 7787 19 .1518232E+11   3400005E-01 -.1281E+02 -.7427E+02   .9999999 -.0000970 -.0004336
T 7788 19 .1518148E+11   3400020E-01  .1044E+01  .3410E+02   .9999999 -.0001914  .0002605
T 7789 19 .1518205E+11   3400019E-01 -.6497E+01  .1456E+01   .9999999  .0002257  .0000927
T 7790 19 .1518192E+11   3400006E-01  .1322E+01  .1984E+02   .9999999  .0000072  .0001004
T 7791 19 .1518187E+11   3400006E-01 -.9944E+02 -.7162E+01   .9999999 -.0004635 -.0000136
T 7792 19 .1518303E+11   3400016E-01  .1038E+02 -.1914E+02   .9999999  .0001014 -.0000663
T 7793 19 .1518259E+11   3400015E-01  .1004E+02 -.1093E+02   .9999999  .0002569 -.0000539
T 7794 19 .1518329E+11   3400002E-01 -.2829E+02  .2816E+02   .9999999 -.0000483  .0001626
T 7795 19 .1518232E+11   3400019E-01 -.1846E+00  .7184E+00   .9999999  .0004611 -.0001004
T 7796 19 .1518265E+11   3400014E-01  .3678E+01  .7057E+01   .9999999  .0000032 -.0001322
T 7797 19 .1517998E+11   3400017E-01 -.1894E+02 -.3714E+02   .9999999  .0000711 -.0001970
T 7798 19 .1518388E+11   3400006E-01 -.2690E+02 -.3572E+02   .9999999 -.0001334 -.0002067
T 7799 19 .1518322E+11   3400010E-01  .7135E+02  .3217E+02   .9999998  .0004747  .0003218
T 7800 19 .1518168E+11   3400003E-01 -.9372E+02 -.3015E+02   .9999997 -.0007557 -.0003501
T 7801 19 .1518179E+11   3400022E-01  .2967E+01  .5852E+02   .9999999 -.0000215  .0004567
T 7802 19 .1518083E+11   3400011E-01  .5207E+02 -.9321E+01   .9999999  .0004053 -.0001495
T 7803 19 .1518274E+11   3400013E-01  .9046E+01  .8725E+01   .9999999  .0000743  .0000290
T 7804 19 .1518272E+11   3400004E-01 -.1785E+02 -.4439E+02   .9999999 -.0001405 -.0002884
T 7805 19 .1518213E+11   3400000E-01  .7969E+01 -.1486E+02   .9999999 -.0000198 -.0001328
T 7806 19 .1518317E+11   3400002E-01  .6663E+02 -.1650E+02   .9999999  .0005157 -.0001194
T 7807 19 .1518112E+11   3400004E-01  .1363E+01  .4926E+01   .9999999 -.0000864  .0001310
T 7808 19 .1518194E+11   3400019E-01 -.6717E+02  .1054E+02   .9999998 -.0005585  .0001013
T 7809 19 .1518384E+11   3400016E-01  .2238E+02  .1086E+02   .9999999  .0000542 -.0000378
T 7810 19 .1518391E+11   3400021E-01  .3588E+02 -.2334E+02   .9999999  .0001835 -.0000940
T 7811 19 .1518313E+11   3400016E-01 -.5157E+02 -.1281E+02   .9999999 -.0002226 -.0000416
T 7812 19 .1518190E+11   3400016E-01  .1261E+02  .2096E+02   .9999999  .0000322  .0001254
T 7813 19 .1518164E+11   3400012E-01 -.6366E+02  .1148E+02   .9999997 -.0007454  .0001056
T 7814 19 .1518440E+11   3400021E-01  .2356E+02 -.8795E+01   .9999999  .0002160  .0001716
T 7815 19 .1518163E+11   3400014E-01  .3063E+02 -.8282E+02   .9999999  .0001456 -.0003063
T 7816 19 .1518341E+11   3400016E-01  .3997E+01  .7043E+01   .9999999  .0000155 -.0001640
T 7817 19 .1518195E+11   3400022E-01 -.1376E+02 -.1153E+02   .9999999 -.0000945 -.0000404
T 7818 19 .1518119E+11   3400020E-01  .1924E+02 -.2922E+02   .9999999  .0002641 -.0001861
T 7819 19 .1518241E+11   3400011E-01  .2274E+02  .2183E+02   .9999999  .0002167 -.0000233
T 7820 19 .1518274E+11   3400021E-01  .5081E+01 -.1643E+02   .9999999  .0001062 -.0000615
T 7821 19 .1518120E+11   3400013E-01 -.8169E+01 -.7038E+01   .9999999 -.0000814 -.0000116
T 7822 19 .1518150E+11   3400010E-01  .9914E+01  .7654E+01   .9999999  .0001137 -.0001468
T 7823 19 .1518340E+11   3400009E-01 -.4843E+01  .1108E+02   .9999999 -.0001273  .0000839
T 7824 19 .1518443E+11   3400019E-01  .2457E-01 -.3249E+02   .9999999  .0000135 -.0002155
T 7825 19 .1518185E+11   3400022E-01 -.2185E+02  .2703E+02   .9999999  .0001196  .0002282
T 7826 19 .1518119E+11   3400008E-01  .2747E+02  .3941E+02   .9999999 -.0000185 -.0001002
T 7827 19 .1518170E+11   3400012E-01 -.1063E+02  .1546E+02   .9999999 -.0001454  .0002035
T 7828 19 .1518261E+11   3400002E-01 -.1532E+02 -.3446E+02   .9999999  .0000499 -.0003116
T 7829 19 .1518139E+11   3400000E-01 -.4117E+02 -.1163E+02   .9999999 -.0004232 -.0000155
T 7830 19 .1518257E+11   3400002E-01 -.1141E+02  .1518E+02   .9999999 -.0001132  .0002055
T 7831 19 .1518240E+11   3400003E-01  .1391E+01 -.9409E+01   .9999999 -.0000277 -.0001921
T 7832 19 .1518228E+11   3400006E-01  .2136E+02 -.2952E+02   .9999999 -.0000081  .0000224
T 7833 19 .1518407E+11   3400006E-01 -.5756E+01 -.7559E+02   .9999999 -.0000367 -.0002662
T 7834 19 .1518146E+11   3400010E-01  .7521E+01 -.3140E+02   .9999999  .0002364 -.0002179
T 7835 19 .1518366E+11   3400007E-01  .4378E+02  .1916E+02   .9999999  .0004101 -.0000792
T 7836 19 .1518382E+11   3400007E-01  .9572E+01  .2933E+02   .9999999  .0000552  .0004241
T 7837 19 .1518220E+11   3400020E-01 -.3810E+02 -.1850E+02   .9999999 -.0002774 -.0003063
T 7838 19 .1518286E+11   3400014E-01  .1241E+02 -.7256E+01   .9999999  .0002270 -.0003000
T 7839 19 .1518140E+11   3400019E-01  .5290E+02 -.6968E+02   .9999997  .0004683 -.0006442
T 7840 19 .1517998E+11   3400020E-01  .1540E+02  .2532E+02   .9999999  .0001278  .0000123
T 7841 19 .1518398E+11   3400010E-01 -.2916E+01  .2384E+02   .9999999  .0000030  .0000776
T 7842 19 .1518348E+11   3400011E-01  .2378E+02  .2366E+02   .9999999  .0002712  .0000417
T 7843 19 .1517914E+11   3400021E-01 -.2248E+02 -.2849E+02   .9999999 -.0001221 -.0003628
T 7844 19 .1518095E+11   3400011E-01  .1415E+02  .7634E+02   .9999999  .0000196  .0004180
T 7845 19 .1518082E+11   3400020E-01  .8259E+02  .1407E+02   .9999998  .0005934  .0000668
T 7846 19 .1518101E+11   3400019E-01 -.6196E+02  .2788E+02   .9999998 -.0005689 -.0000050
T 7847 19 .1518333E+11   3400001E-01  .1942E+02  .1137E+02   .9999999  .0002084  .0000699
T 7848 19 .1518249E+11   3400023E-01 -.4323E+02  .7290E+02   .9999998 -.0003425  .0004737
T 7849 19 .1518285E+11   3400015E-01 -.3497E+02 -.9812E+01   .9999999 -.0003382  .0000567
T 7850 19 .1518159E+11   3400016E-01  .3997E+02  .8591E+01   .9999999  .0002825 -.0001580
T 7851 19 .1518483E+11   3400002E-01 -.1802E+02  .8114E+01   .9999999 -.0001121  .0000316
T 7852 19 .1518136E+11   3400013E-01 -.1724E+01 -.4514E+02   .9999999  .0001143 -.0001806
T 7853 19 .1518396E+11   3400018E-01 -.3389E+02  .7289E+01   .9999999 -.0000747  .0000461
T 7854 19 .1518070E+11   3400021E-01  .2046E+02  .1794E+02   .9999999 -.0000520  .0000982
T 7855 19 .1518225E+11   3400007E-01 -.1516E+02 -.1653E+02   .9999999 -.0001311 -.0000422
T 7856 19 .1518328E+11   3400003E-01 -.3992E+02  .6898E+01   .9999999 -.0003208 -.0000798
T 7857 19 .1518140E+11   3400022E-01 -.2207E+02 -.3323E+02   .9999999 -.0000930  .0000507
T 7858 19 .1518143E+11   3400010E-01  .4597E+02 -.2011E+01   .9999999  .0003431 -.0001494
T 7859 19 .1518353E+11   3400004E-01 -.2291E+02 -.4776E+02   .9999999 -.0002111 -.0003805
T 7860 19 .1518383E+11   3400001E-01 -.3687E+02 -.7843E+01   .9999999 -.0003946 -.0001003
T 7861 19 .1518259E+11   3400011E-01  .1441E+02  .9828E+01   .9999999  .0002660  .0001236
T 7862 19 .1518444E+11   3400021E-01 -.4343E+02  .1264E+02   .9999999 -.0003761  .0001549
T 7863 19 .1518096E+11   3400015E-01 -.1539E+02  .5518E+01   .9999999 -.0003490  .0001384
T 7864 19 .1518211E+11   3400019E-01 -.3197E+01 -.1601E+02   .9999999  .0000301 -.0000929
T 7865 19 .1518062E+11   3400010E-01 -.4337E+02  .1919E+02   .9999999 -.0001458  .0001212
T 7866 19 .1518360E+11   3400018E-01  .6649E+02 -.1041E+03   .9999995  .0004133 -.0009633
T 7867 19 .1518320E+11   3400019E-01  .2311E+02  .9082E+01   .9999999  .0001063  .0000427
T 7868 19 .1518372E+11   3400020E-01 -.2373E+02  .2871E+02   .9999999 -.0001809  .0000331
T 7869 19 .1518363E+11   3400006E-01 -.2005E+02  .1016E+02   .9999999 -.0001413  .0000075
T 7870 19 .1518195E+11   3400008E-01 -.4116E+02 -.2878E+02   .9999999 -.0002817 -.0001323
T 7871 19 .1518345E+11   3400007E-01  .1381E+02 -.5914E+01   .9999999 -.0000736 -.0001087
T 7872 19 .1518307E+11   3400020E-01  .3384E+02 -.1694E+01   .9999999  .0001022  .0001461
T 7873 19 .1518266E+11   3400021E-01  .1768E+02  .3750E+02   .9999999  .0000894  .0002529
T 7874 19 .1518361E+11   3400016E-01 -.7173E+00  .2190E+02   .9999999 -.0000028  .0002893
T 7875 19 .1518393E+11   3400007E-01  .4829E+02  .1727E+02   .9999999  .0004800  .0001242
T 7876 19 .1518172E+11   3400008E-01 -.1180E+01 -.4145E+02   .9999999 -.0003046 -.0002478
T 7877 19 .1518194E+11   3400012E-01  .2874E+02 -.5612E+02   .9999999  .0001499  .0000007
T 7878 19 .1518121E+11   3400023E-01  .4427E+02 -.1623E+02   .9999999  .0002977  .0002422
T 7879 19 .1518369E+11   3400008E-01  .8015E+00 -.5127E+02   .9999999  .0001740 -.0004235
T 7880 19 .1518290E+11   3400016E-01  .3655E+02  .2700E+02   .9999999  .0002110  .0002542
T 7881 19 .1518351E+11   3400015E-01  .1157E+02 -.4455E+02   .9999999  .0000158 -.0001653
T 7882 19 .1518202E+11   3400020E-01 -.4245E+02 -.5655E+01   .9999999 -.0005105 -.0001546
T 7883 19 .1518234E+11   3400002E-01  .2138E+02 -.4038E+02   .9999999  .0000821 -.0003704
T 7884 19 .1518271E+11   3400003E-01 -.1980E+02  .3328E+01   .9999999 -.0002041 -.0000077
T 7885 19 .1518284E+11   3400004E-01  .5601E+01  .1592E+02   .9999999 -.0000240 -.0000240
T 7886 19 .1518048E+11   3400012E-01 -.2463E+02 -.3222E+01   .9999999 -.0001675  .0000093
T 7887 19 .1518100E+11   3400006E-01 -.1297E+02 -.3179E+02   .9999999 -.0000004 -.0001316
T 7888 19 .1518233E+11   3400023E-01 -.4201E+01  .3532E+02   .9999999 -.0000602  .0002120
T 7889 19 .1518127E+11   3400004E-01 -.2268E+02  .1171E+02   .9999999 -.0004045  .0001710
T 7890 19 .1518119E+11   3400009E-01  .4657E+01 -.4240E+01   .9999999  .0000198 -.0001498
T 7891 19 .1518394E+11   3400020E-01  .5776E+01  .1035E+02   .9999999  .0004134 -.0000977
T 7892 19 .1518301E+11   3400001E-01 -.5861E+02  .3768E+01   .9999993 -.0011823  .0000691
T 7893 19 .1518175E+11   3400020E-01  .1116E+02  .1814E+02   .9999999 -.0001094  .0001527
T 7894 19 .1518377E+11   3400022E-01  .5762E+01  .2198E+02   .9999999  .0000507  .0001511
T 7895 19 .1518527E+11   3400006E-01  .4060E+02 -.1237E+02   .9999999  .0002308 -.0001401
T 7896 19 .1518269E+11   3400022E-01 -.3150E+02 -.2870E+02   .9999997 -.0000561 -.0007109
T 7897 19 .1518300E+11   3400016E-01 -.2678E+01  .4873E+00   .9999999 -.0000338 -.0000716
T 7898 19 .1518289E+11   3400019E-01 -.9791E+01 -.2518E+01   .9999999 -.0001067 -.0001239
T 7899 19 .1518325E+11   3400017E-01 -.4202E+02  .3702E+02   .9999999 -.0002921  .0002405
T 7900 19 .1518254E+11   3400005E-01 -.2772E+01 -.5418E+02   .9999999 -.0000652 -.0003416
T 7901 19 .1518325E+11   3400020E-01  .5073E+02  .9648E+01   .9999999  .0003910  .0000367
T 7902 19 .1518283E+11   3400021E-01  .7970E+02 -.5701E+01   .9999998  .0005592 -.0001694
T 7903 19 .1518266E+11   3400009E-01 -.1932E+02 -.2032E+02   .9999999 -.0001682 -.0001321
T 7904 19 .1518225E+11   3400001E-01 -.1558E+02 -.5908E+01   .9999999  .0001605 -.0001581
T 7905 19 .1518392E+11   3400022E-01  .8097E+01 -.2189E+02   .9999999 -.0000577 -.0001604
T 7906 19 .1518419E+11   3400019E-01  .3002E+02  .8318E+01   .9999999  .0001365  .0000186
T 7907 19 .1518269E+11   3400003E-01  .4770E+01  .4973E+01   .9999999  .0000248 -.0000165
T 7908 19 .1518220E+11   3400018E-01 -.9822E+01  .1439E+02   .9999999 -.0000293  .0000501
T 7909 19 .1518419E+11   3400008E-01 -.2800E+02 -.7156E+01   .9999999 -.0000629 -.0001197
T 7910 19 .1518265E+11   3400014E-01  .1433E+02  .4902E+02   .9999999 -.0000574  .0001594
T 7911 19 .1518241E+11   3400022E-01  .2572E+02  .1135E+02   .9999999  .0002608  .0002923
T 7912 19 .1518227E+11   3400022E-01  .2838E+02 -.3066E+01   .9999999  .0003744  .0000408
T 7913 19 .1518159E+11   3400018E-01  .6632E+01 -.4862E+01   .9999999  .0000621 -.0002105
T 7914 19 .1518220E+11   3400018E-01  .2339E+00 -.2290E+02   .9999999  .0000333 -.0000278
T 7915 19 .1518372E+11   3400021E-01 -.3423E+01 -.2792E+02   .9999999  .0000251 -.0001201
T 7916 19 .1518134E+11   3400011E-01 -.1325E+02 -.2056E+02   .9999999 -.0000506 -.0000351
T 7917 19 .1518422E+11   3400005E-01 -.3579E+01  .2066E+02   .9999999 -.0000420  .0000232
T 7918 19 .1518174E+11   3400005E-01  .1345E+02  .9045E+01   .9999999  .0001066  .0000457
T 7919 19 .1518522E+11   3400003E-01 -.1447E+01 -.4552E+02   .9999999  .0000596 -.0002157
T 7920 19 .1518279E+11   3400002E-01 -.7473E+01  .3835E+02   .9999999 -.0000425  .0002813
T 7921 19 .1518264E+11   3400005E-01  .7018E+01  .9471E+01   .9999999  .0000315  .0000281
T 7922 19 .1518078E+11   3400010E-01  .3310E+01  .7961E+01   .9999999  .0001038  .0000571
T 7923 19 .1518237E+11   3400000E-01 -.2413E+02 -.2618E+02   .9999999 -.0003813 -.0001335
T 7924 19 .1518252E+11   3400022E-01 -.8408E+02 -.5596E+02   .9999993 -.0008393 -.0008346
T 7925 19 .1518164E+11   3400018E-01  .5174E+02 -.1500E+02   .9999999  .0003087 -.0000630
T 7926 19 .1518180E+11   3400014E-01  .3011E+02  .5199E+02   .9999999  .0003469  .0002884
T 7927 19 .1518472E+11   3400015E-01 -.2787E+01 -.1056E+02   .9999999  .0002969 -.0001262
T 7928 19 .1518377E+11   3400004E-01 -.5878E+01  .1931E+02   .9999999 -.0000647  .0003780
T 7929 19 .1518258E+11   3400010E-01 -.1926E+02  .4515E+01   .9999999  .0000563  .0001369
T 7930 19 .1518374E+11   3400015E-01  .3468E+02  .1074E+02   .9999999  .0002778 -.0000895
T 7931 19 .1518223E+11   3400014E-01 -.1189E+02  .3079E+01   .9999999  .0000379 -.0001648
T 7932 19 .1518085E+11   3400021E-01  .6392E+01  .4017E+02   .9999999  .0000596  .0003187
T 7933 19 .1518222E+11   3400017E-01 -.4663E+02  .8013E+02   .9999999 -.0002665  .0004774
T 7934 19 .1518116E+11   3400004E-01 -.1249E+02  .1226E+02   .9999999  .0001162  .0000623
T 7935 19 .1518408E+11   3400016E-01  .7240E+00  .1166E+02   .9999999  .0000497  .0000138
T 7936 19 .1518111E+11   3400022E-01  .9356E+02  .1877E+02   .9999999  .0003180  .0000604
T 7937 19 .1518294E+11   3400022E-01  .5680E+02  .1221E+02   .9999999  .0002989  .0000222
T 7938 19 .1518257E+11   3400017E-01 -.2439E+01 -.2674E+02   .9999999  .0000517 -.0003517
T 7939 19 .1517911E+11   3400014E-01 -.1923E+02  .1827E+02   .9999999 -.0001483  .0001254
T 7940 19 .1518237E+11   3400012E-01  .1410E+01 -.6629E+02   .9999998  .0001348 -.0005405
T 7941 19 .1518190E+11   3400007E-01 -.3536E+03  .3534E+03   .9999888 -.0033471  .0033390
T 7942 19 .1518364E+11   3400016E-01 -.1963E+02 -.1336E+02   .9999999 -.0002388 -.0000131
T 7943 19 .1518182E+11   3400020E-01 -.4841E+02 -.7312E+01   .9999999 -.0003743 -.0001709
T 7944 19 .1518299E+11   3400005E-01 -.3746E+01  .1195E+01   .9999999 -.0001832 -.0000202
T 7945 19 .1518201E+11   3400023E-01 -.2827E+02 -.7514E+01   .9999999 -.0001090 -.0001459
T 7946 19 .1518140E+11   3400001E-01  .1452E+01 -.2112E+02   .9999999 -.0000518 -.0002077
T 7947 19 .1518019E+11   3400010E-01 -.1837E+02  .3828E+02   .9999999 -.0000723  .0002866
T 7948 19 .1518289E+11   3400004E-01  .3397E+02 -.1590E+02   .9999999  .0001452 -.0002614
T 7949 19 .1518234E+11   3400020E-01 -.2847E+02 -.8483E+01   .9999999 -.0001558 -.0001129
T 7950 19 .1518361E+11   3400015E-01  .3419E+01  .1752E+02   .9999999  .0000246 -.0000107
T 7951 19 .1518311E+11   3400014E-01 -.2058E+02  .1840E+01   .9999999 -.0003691 -.0000728
T 7952 19 .1518365E+11   3400021E-01 -.3720E+02  .2882E+00   .9999998 -.0006318 -.0000983
T 7953 19 .1518462E+11   3400000E-01  .1420E+02 -.3388E+01   .9999999  .0001420 -.0000908
T 7954 19 .1518151E+11   3400010E-01  .1809E+02  .3883E+02   .9999999  .0002130  .0004276
T 7955 19 .1518114E+11   3400020E-01  .4300E+02 -.4249E+02   .9999999  .0001904 -.0002427
T 7956 19 .1518216E+11   3400008E-01  .2183E+01  .4479E+02   .9999999  .0001041  .0003480
T 7957 19 .1518322E+11   3400022E-01 -.9110E+01  .1578E+02   .9999999 -.0003134  .0002634
T 7958 19 .1518121E+11   3400010E-01  .4514E+01  .3236E+02   .9999999 -.0000875  .0002211
T 7959 19 .1518153E+11   3400011E-01  .2895E+01  .2590E+02   .9999999  .0001404  .0002134
T 7960 19 .1518276E+11   3400011E-01 -.3432E+02  .3070E+02   .9999999 -.0000102  .0002379
T 7961 19 .1518435E+11   3400013E-01 -.5909E+02 -.3078E+02   .9999999 -.0004259  .0000882
T 7962 19 .1518415E+11   3400017E-01 -.6370E+02  .4146E+02   .9999999 -.0001971  .0001162
T 7963 19 .1518379E+11   3400003E-01  .1894E+01 -.6335E+01   .9999999 -.0000968 -.0002074
T 7964 19 .1518302E+11   3400020E-01 -.6313E+01  .7705E+02   .9999998 -.0000920  .0006689
T 7965 19 .1518167E+11   3400004E-01 -.3288E+02  .1642E+02   .9999999 -.0001276 -.0000034
T 7966 19 .1518104E+11   3400005E-01  .2890E+01 -.9051E+01   .9999999  .0000139 -.0001202
T 7967 19 .1518319E+11   3400006E-01  .2945E+02 -.2783E+02   .9999999  .0002257 -.0002040
T 7968 19 .1518368E+11   3400021E-01  .3480E+01 -.5138E+02   .9999999  .0002262 -.0002229
T 7969 19 .1518072E+11   3400012E-01  .1095E+02  .1435E+02   .9999998  .0005497  .0000348
T 7970 19 .1518272E+11   3400001E-01 -.1257E+02  .1830E+02   .9999999 -.0000540  .0000260
T 7971 19 .1518446E+11   3400000E-01  .7486E+01  .2277E+02   .9999999  .0000852  .0002402
T 7972 19 .1518276E+11   3400007E-01 -.3522E+02  .5902E+02   .9999999 -.0002301  .0002961
T 7973 19 .1518566E+11   3400000E-01  .2337E+02  .2213E+02   .9999999  .0001544  .0002348
T 7974 19 .1518283E+11   3400019E-01 -.7856E+01  .1077E+02   .9999999 -.0001014  .0002244
T 7975 19 .1518288E+11   3400022E-01 -.3627E+02 -.2052E+02   .9999999 -.0001331  .0000540
T 7976 19 .1518161E+11   3400002E-01  .3197E+02  .1640E+02   .9999999  .0004757  .0002030
T 7977 19 .1518248E+11   3400018E-01  .2099E+02 -.3337E+02   .9999999  .0000695 -.0001548
T 7978 19 .1518086E+11   3400018E-01 -.1823E+02  .8193E+01   .9999999 -.0002356  .0000291
T 7979 19 .1518075E+11   3400023E-01 -.2234E+01 -.2167E+02   .9999999  .0000249 -.0000686
T 7980 19 .1518044E+11   3400021E-01  .2000E+02 -.4078E+02   .9999999  .0001042 -.0004413
T 7981 19 .1518245E+11   3400020E-01  .4638E+01 -.2024E+01   .9999999  .0000274 -.0000509
T 7982 19 .1518370E+11   3400018E-01 -.4318E+01  .4352E+01   .9999999 -.0000546  .0000033
T 7983 19 .1518225E+11   3400011E-01 -.1312E+02 -.5660E+02   .9999999 -.0001988 -.0004544
T 7984 19 .1518245E+11   3400012E-01 -.9670E+01  .1632E+02   .9999999 -.0000466  .0000549
T 7985 19 .1518214E+11   3400014E-01 -.6593E+02 -.7724E+02   .9999998 -.0003829 -.0005340
T 7986 19 .1518083E+11   3400015E-01  .3053E+02  .2497E+02   .9999999  .0001419 -.0000756
T 7987 19 .1518195E+11   3400016E-01  .1256E+02  .3932E+02   .9999999 -.0001040  .0002752
T 7988 19 .1518091E+11   3400010E-01  .4257E+02 -.9351E+02   .9999999  .0002922 -.0004590
T 7989 19 .1518493E+11   3400010E-01  .8169E+01  .1176E+02   .9999999  .0000865  .0001708
T 7990 19 .1518320E+11   3400013E-01 -.1814E+02  .2085E+02   .9999999 -.0001059  .0002702
T 7991 19 .1518231E+11   3400003E-01  .2819E+01 -.7805E+01   .9999999 -.0001383 -.0000399
T 7992 19 .1518306E+11   3400017E-01 -.5506E+02 -.4431E+02   .9999997 -.0006989 -.0001670
T 7993 19 .1518296E+11   3400010E-01 -.2894E+02  .1646E+02   .9999999 -.0001889  .0001249
T 7994 19 .1518482E+11   3400001E-01 -.1903E+02  .1031E+02   .9999999 -.0000825  .0000098
T 7995 19 .1518277E+11   3400018E-01 -.2634E+02 -.3670E+01   .9999999 -.0000020 -.0001043
T 7996 19 .1518226E+11   3400002E-01 -.2637E+02 -.1466E+02   .9999999 -.0000924  .0001745
T 7997 19 .1518175E+11   3400003E-01 -.9474E+01 -.1200E+02   .9999999 -.0000622  .0000476
T 7998 19 .1518088E+11   3400018E-01 -.1839E+02  .1264E+02   .9999999 -.0001111 -.0000019
T 7999 19 .1518400E+11   3400022E-01 -.1104E+02  .1270E+02   .9999999 -.0002801  .0001774
T 8000 19 .1518144E+11   3400004E-01 -.5043E+01  .6154E+02   .9999996  .0000714  .0008552
T 8001 19 .1518176E+11   3400023E-01 -.1026E+02 -.4326E+02   .9999999 -.0001521 -.0003943
T 8002 19 .1518318E+11   3400016E-01 -.1517E+02  .4741E+02   .9999999 -.0002953  .0000332
T 8003 19 .1518191E+11   3400011E-01  .4652E+02 -.6409E+01   .9999999  .0003660  .0001166
T 8004 19 .1518337E+11   3400012E-01 -.1082E+03 -.9411E+02   .9999978 -.0016361 -.0013027
T 8005 19 .1518158E+11   3400003E-01 -.3206E+02  .9560E+01   .9999999 -.0001245 -.0000843
T 8006 19 .1518202E+11   3400020E-01 -.1932E+02 -.3007E+02   .9999999 -.0001328 -.0000625
T 8007 19 .1518289E+11   3400012E-01 -.4491E+01  .3001E+02   .9999999 -.0000229 -.0000472
T 8008 19 .1518373E+11   3400004E-01  .3718E+02  .6764E+01   .9999999  .0002049 -.0000230
T 8009 19 .1518355E+11   3400019E-01 -.3409E+02 -.6617E+01   .9999999 -.0001765  .0000970
T 8010 19 .1518249E+11   3400021E-01  .5473E+01 -.5925E+01   .9999999  .0000215 -.0000457
T 8011 19 .1518468E+11   3400010E-01 -.1368E+01 -.3447E+00   .9999999 -.0003700  .0000006
T 8012 19 .1518364E+11   3400019E-01 -.6111E+01  .4070E+02   .9999999 -.0001798  .0003049
T 8013 19 .1518144E+11   3400006E-01  .2015E+02 -.2320E+02   .9999999  .0000313 -.0000918
T 8014 19 .1518242E+11   3400015E-01  .1461E+02 -.1175E+02   .9999999  .0000545 -.0003107
T 8015 19 .1518315E+11   3400018E-01 -.1934E+01 -.3070E+02   .9999999  .0000432 -.0003726
T 8016 19 .1518140E+11   3400016E-01 -.3136E+02 -.1126E+01   .9999999 -.0002560 -.0000162
T 8017 19 .1518265E+11   3400018E-01 -.4457E+02  .3810E+02   .9999996 -.0005900  .0006018
T 8018 19 .1518329E+11   3400019E-01 -.6422E+01  .9164E+02   .9999999  .0000798  .0004599
T 8019 19 .1518073E+11   3400019E-01  .2196E+02  .2697E+01   .9999999  .0002475  .0000963
T 8020 19 .1518183E+11   3400013E-01  .3082E+02  .4233E+02   .9999999 -.0000333  .0003527
T 8021 19 .1518190E+11   3400017E-01  .2437E+01  .2575E+00   .9999999  .0000205  .0000884
T 8022 19 .1518118E+11   3400021E-01 -.6635E+01 -.3046E+02   .9999999  .0001624 -.0000641
T 8023 19 .1518279E+11   3400015E-01  .5957E+02 -.8539E+01   .9999999  .0003011  .0001005
T 8024 19 .1518315E+11   3400017E-01  .7107E+02 -.7103E+01   .9999999  .0003827 -.0002241
T 8025 19 .1518331E+11   3400010E-01 -.1560E+02  .4161E+02   .9999998 -.0004524  .0003174
T 8026 19 .1518187E+11   3400016E-01  .2115E+02 -.6048E+01   .9999999  .0001152  .0000580
T 8027 19 .1518236E+11   3400013E-01  .3083E+02  .8499E+01   .9999999  .0001875  .0001479
T 8028 19 .1518267E+11   3400023E-01 -.8093E+02 -.9722E+02   .9999998 -.0003656 -.0004499
T 8029 19 .1518444E+11   3400000E-01 -.2342E+01  .3269E+02   .9999999 -.0000518  .0001758
T 8030 19 .1518255E+11   3400006E-01 -.1583E+01 -.5523E+02   .9999999 -.0000441 -.0003678
T 8031 19 .1518087E+11   3400022E-01  .3882E+01  .1302E+02   .9999999  .0000781  .0000767
T 8032 19 .1518151E+11   3400012E-01  .4721E+02 -.2507E+02   .9999999  .0003203 -.0001098
T 8033 19 .1518324E+11   3400020E-01  .1131E+02 -.1171E+03   .9999998  .0000454 -.0006293
T 8034 19 .1518198E+11   3400022E-01  .3295E+02 -.1172E+02   .9999999  .0001875 -.0001097
T 8035 19 .1518234E+11   3400008E-01 -.3990E+02  .2230E+02   .9999999  .0001976 -.0001307
T 8036 19 .1518217E+11   3400021E-01  .1525E+02  .1153E+02   .9999999 -.0000524  .0001135
T 8037 19 .1518139E+11   3400009E-01  .1772E+02 -.1177E+02   .9999999  .0003581 -.0001375
T 8038 19 .1518327E+11   3400000E-01 -.3658E+02 -.4411E+02   .9999999 -.0001340 -.0002849
T 8039 19 .1518075E+11   3400019E-01 -.3024E+02  .1692E+01   .9999999 -.0001977 -.0000255
T 8040 19 .1518170E+11   3400015E-01  .1651E+02  .2330E+01   .9999999  .0001480  .0002196
T 8041 19 .1518255E+11   3400013E-01  .1245E+02  .6250E+01   .9999999 -.0000636  .0001706
T 8042 19 .1518280E+11   3400003E-01 -.1429E+03 -.2500E+02   .9999996 -.0008502  .0000651
T 8043 19 .1518345E+11   3400017E-01  .7801E+02  .8777E+02   .9999997  .0005074  .0005521
T 8044 19 .1518180E+11   3400001E-01  .6223E+01 -.1090E+02   .9999999  .0001995  .0000301
T 8045 19 .1518380E+11   3400014E-01 -.1891E+01 -.3796E+02   .9999999  .0000261 -.0002522
T 8046 19 .1518303E+11   3400018E-01 -.2157E+02  .1185E+02   .9999999 -.0002933  .0000962
T 8047 19 .1518183E+11   3400017E-01  .3147E+02  .4456E+02   .9999999  .0001979  .0002819
T 8048 19 .1518424E+11   3400019E-01 -.2266E+02  .3530E+02   .9999999 -.0004042  .0001985
T 8049 19 .1518359E+11   3400020E-01 -.1756E+02  .6375E+02   .9999999 -.0001019  .0004646
T 8050 19 .1518274E+11   3400003E-01  .9888E+01  .2625E+02   .9999999  .0000094  .0003131
T 8051 19 .1518303E+11   3400007E-01 -.3589E+02 -.1682E+01   .9999999  .0002227 -.0000551
T 8052 19 .1518267E+11   3400016E-01  .1310E+02 -.3150E+02   .9999999  .0000871 -.0002189
T 8053 19 .1518508E+11   3400018E-01  .1825E+01  .2564E+02   .9999999 -.0000462  .0001597
T 8054 19 .1518171E+11   3400004E-01 -.3066E+02 -.1953E+02   .9999999  .0000263 -.0000633
T 8055 19 .1518414E+11   3400013E-01  .1287E+02  .1398E+02   .9999999 -.0000073  .0001717
T 8056 19 .1518235E+11   3400022E-01  .2016E+02 -.5433E+02   .9999998  .0003025 -.0004894
T 8057 19 .1518396E+11   3400022E-01  .5982E+02  .1958E+01   .9999999  .0003754 -.0000387
T 8058 19 .1518246E+11   3400008E-01  .2148E+02 -.8503E+01   .9999999  .0002652 -.0000332
T 8059 19 .1518388E+11   3400017E-01 -.2265E+02 -.8551E+01   .9999999 -.0002054  .0000142
T 8060 19 .1518355E+11   3400016E-01  .1661E+02 -.3760E+02   .9999999  .0002236 -.0004033
T 8061 19 .1518425E+11   3400017E-01  .1058E+02 -.2279E+02   .9999999  .0002369 -.0001017
T 8062 19 .1518227E+11   3400019E-01  .2846E+02  .1210E+03   .9999997  .0001819  .0008098
T 8063 19 .1518138E+11   3400021E-01 -.2129E+02 -.3093E+02   .9999999 -.0000849 -.0001469
T 8064 19 .1518328E+11   3400015E-01  .3249E+02 -.2909E+02   .9999999  .0003555 -.0002348
T 8065 19 .1518248E+11   3400004E-01 -.1574E+02 -.4521E+02   .9999999  .0000175 -.0002209
T 8066 19 .1518148E+11   3400001E-01  .7973E+01  .3688E+02   .9999999 -.0000381  .0002671
T 8067 19 .1518254E+11   3400022E-01  .8599E+02  .1102E+02   .9999998  .0006734  .0001413
T 8068 19 .1518314E+11   3400015E-01  .2801E+01  .2578E+02   .9999999  .0001398  .0004200
T 8069 19 .1518200E+11   3400021E-01  .4091E+01 -.1249E+02   .9999999  .0001788 -.0000537
T 8070 19 .1518122E+11   3400008E-01  .2314E+02  .4274E+01   .9999999  .0001427 -.0000515
T 8071 19 .1518222E+11   3400004E-01 -.2458E+02  .5572E+01   .9999999 -.0000597  .0000658
T 8072 19 .1518053E+11   3400009E-01  .5207E+02  .1088E+02   .9999999  .0002717  .0002090
T 8073 19 .1518223E+11   3400008E-01  .1901E+02 -.2429E+01   .9999999  .0003023 -.0001320
T 8074 19 .1518209E+11   3400013E-01 -.3646E+02 -.1634E+02   .9999999  .0000147  .0001502
T 8075 19 .1518449E+11   3400013E-01 -.1104E+02  .4777E+02   .9999998 -.0000349  .0005844
T 8076 19 .1518550E+11   3400010E-01  .2350E+02 -.2871E+01   .9999999  .0000353  .0000632
T 8077 19 .1518350E+11   3400010E-01 -.1072E+02 -.4404E+01   .9999999 -.0000847 -.0002192
T 8078 19 .1518237E+11   3400022E-01  .9265E+02 -.7205E+02   .9999995  .0007027 -.0006422
T 8079 19 .1518228E+11   3400011E-01 -.4463E+02  .3534E+02   .9999999 -.0002033 -.0000039
T 8080 19 .1518193E+11   3400011E-01 -.3983E+02  .9700E+01   .9999999 -.0004672 -.0000606
T 8081 19 .1518149E+11   3400021E-01  .2521E+02 -.5301E+01   .9999999  .0001224  .0000998
T 8082 19 .1518208E+11   3400017E-01  .4410E+02 -.5603E+02   .9999999  .0003670 -.0003786
T 8083 19 .1518121E+11   3400010E-01 -.1969E+02 -.1548E+01   .9999999 -.0001371  .0000087
T 8084 19 .1518042E+11   3400008E-01  .2020E+02 -.2396E+02   .9999999 -.0000467 -.0003265
T 8085 19 .1518093E+11   3400006E-01  .1623E+02  .1563E+02   .9999999  .0001685  .0000814
T 8086 19 .1518117E+11   3400023E-01 -.4386E+01 -.5363E+02   .9999999 -.0000606 -.0001645
T 8087 19 .1518347E+11   3400017E-01 -.1009E+02 -.3178E+02   .9999999  .0002149 -.0001306
T 8088 19 .1518125E+11   3400018E-01  .1330E+02  .1660E+02   .9999999  .0000422  .0001257
T 8089 19 .1518463E+11   3400020E-01  .2914E+02 -.1788E+02   .9999999  .0002116 -.0001008
T 8090 19 .1518317E+11   3400017E-01 -.1445E+01 -.9777E+02   .9999999  .0000982 -.0004039
T 8091 19 .1518208E+11   3400021E-01 -.5180E+01 -.2515E+02   .9999999 -.0000606 -.0001299
T 8092 19 .1518299E+11   3400008E-01  .1001E+01 -.1472E+02   .9999999  .0001054 -.0000322
T 8093 19 .1518173E+11   3400009E-01 -.9558E+02  .6468E+02   .9999998 -.0005789  .0004026
T 8094 19 .1518281E+11   3400022E-01 -.5344E+02  .4205E+01   .9999999 -.0002920  .0001139
T 8095 19 .1518438E+11   3400019E-01  .1897E+02  .1767E+02   .9999999  .0001960  .0001576
T 8096 19 .1517978E+11   3400004E-01 -.7133E+02  .2944E+01   .9999999 -.0004491 -.0001274
T 8097 19 .1518415E+11   3400001E-01  .1764E+02  .4320E+02   .9999999  .0002727  .0003205
T 8098 19 .1518081E+11   3400020E-01  .1033E+02 -.1872E+02   .9999999  .0001894 -.0001000
T 8099 19 .1518364E+11   3400014E-01 -.1970E+02 -.1063E+02   .9999999  .0000230 -.0000050
T 8100 19 .1518326E+11   3400010E-01  .1083E+03 -.2346E+00   .9999999  .0004935  .0002171
T 8101 19 .1518182E+11   3400021E-01  .2602E+02  .1650E+02   .9999999  .0002478  .0002075
T 8102 19 .1518218E+11   3400011E-01 -.1626E+02  .4504E+02   .9999999 -.0000745  .0004866
T 8103 19 .1518247E+11   3400008E-01  .4631E+02 -.8947E+01   .9999999  .0004683  .0001808
T 8104 19 .1518308E+11   3400008E-01 -.2004E+02  .1267E+02   .9999999 -.0001218  .0000799
T 8105 19 .1518474E+11   3400013E-01  .2205E+01  .5051E+01   .9999999 -.0000778  .0000417
T 8106 19 .1518030E+11   3400011E-01  .5185E+01 -.1578E+02   .9999999  .0001285  .0001817
T 8107 19 .1518322E+11   3400020E-01 -.2379E+02  .6564E+02   .9999999 -.0000800  .0004806
T 8108 19 .1518320E+11   3400012E-01 -.1644E+02  .3454E+01   .9999999 -.0002073 -.0000065
T 8109 19 .1518273E+11   3400017E-01  .6247E+02  .4714E+01   .9999999  .0002935  .0001287
T 8110 19 .1518327E+11   3400023E-01  .2540E+02 -.2754E+02   .9999999  .0000022 -.0002562
T 8111 19 .1518292E+11   3400016E-01  .1786E+01  .1636E+02   .9999999 -.0000157  .0001420
T 8112 19 .1518143E+11   3400017E-01 -.3552E+02  .1423E+01   .9999999 -.0000481  .0000465
T 8113 19 .1518259E+11   3400008E-01  .9274E+01  .3973E+02   .9999999  .0001086  .0002124
T 8114 19 .1518105E+11   3400011E-01  .4288E+02 -.6730E+01   .9999995  .0008456  .0004806
T 8115 19 .1518534E+11   3400007E-01 -.2816E+01  .7993E+01   .9999999  .0001657  .0001297
T 8116 19 .1518340E+11   3400011E-01  .1394E+01  .7910E+01   .9999999  .0000378  .0000669
T 8117 19 .1518346E+11   3400009E-01 -.2050E+02  .2549E+02   .9999999 -.0000794  .0001991
T 8118 19 .1518221E+11   3400019E-01 -.2098E+03  .2786E+02   .9999993 -.0011316  .0003366
T 8119 19 .1518328E+11   3400006E-01 -.4285E+02  .2883E+01   .9999999 -.0003330 -.0000073
T 8120 19 .1518245E+11   3400018E-01 -.2705E+02  .1248E+02   .9999999 -.0001586  .0000447
T 8121 19 .1518162E+11   3400012E-01  .2420E+01 -.1135E+02   .9999999 -.0001483  .0001374
T 8122 19 .1518184E+11   3400014E-01 -.3152E+02 -.1087E+02   .9999999 -.0002277  .0000345
T 8123 19 .1518213E+11   3400022E-01  .1188E+02 -.3291E+01   .9999999  .0000839 -.0002292
T 8124 19 .1518227E+11   3400007E-01  .3512E+02  .2829E+02   .9999999  .0002871  .0001260
T 8125 19 .1518182E+11   3400021E-01  .1636E+02 -.3217E+02   .9999999  .0000310 -.0000864
T 8126 19 .1518373E+11   3400016E-01  .3858E+02  .7251E+02   .9999999  .0003786  .0003859
T 8127 19 .1518351E+11   3400006E-01  .4830E+02 -.3631E+02   .9999999  .0002131 -.0002131
T 8128 19 .1518125E+11   3400017E-01  .2496E+02  .3316E+01   .9999999  .0001694  .0001383
T 8129 19 .1518252E+11   3400016E-01  .2343E+02 -.3537E+02   .9999999  .0001726 -.0000809
T 8130 19 .1518288E+11   3400006E-01 -.1155E+02 -.2528E+02   .9999999  .0000775 -.0002156
T 8131 19 .1518350E+11   3400021E-01 -.4637E+02  .1335E+02   .9999999 -.0003884  .0002011
T 8132 19 .1518135E+11   3400005E-01 -.1648E+02  .3108E+02   .9999999 -.0000709  .0001603
T 8133 19 .1518330E+11   3400002E-01 -.7322E+02 -.5578E+01   .9999999 -.0004966  .0000034
T 8134 19 .1518113E+11   3400011E-01  .1781E+02  .2376E+01   .9999999  .0001722 -.0000066
T 8135 19 .1518295E+11   3400005E-01  .5997E+01 -.1553E+02   .9999999  .0001226 -.0001511
T 8136 19 .1518210E+11   3400021E-01 -.3616E+02 -.2581E+02   .9999999 -.0001758 -.0001621
T 8137 19 .1518457E+11   3400004E-01 -.1389E+02 -.1462E+02   .9999999 -.0000538 -.0000329
T 8138 19 .1518201E+11   3400004E-01 -.2290E+02 -.1976E+01   .9999999 -.0002685  .0002171
T 8139 19 .1518391E+11   3400010E-01  .4071E+02 -.5423E+02   .9999999  .0003036 -.0002005
T 8140 19 .1518047E+11   3400021E-01  .4252E+01 -.2003E+02   .9999999  .0000010 -.0001883
T 8141 19 .1518027E+11   3400021E-01 -.1326E+02  .2627E+02   .9999999  .0000154  .0001246
T 8142 19 .1518022E+11   3400020E-01  .5093E+01  .1184E+02   .9999999  .0002910  .0000595
T 8143 19 .1518344E+11   3400009E-01  .2503E+02  .5757E+02   .9999999  .0002789  .0002816
T 8144 19 .1518307E+11   3400021E-01 -.1426E+02  .2129E+01   .9999999 -.0000075  .0000806
T 8145 19 .1518351E+11   3400008E-01  .2930E+02 -.2899E+02   .9999999  .0000771 -.0001943
T 8146 19 .1518309E+11   3400021E-01 -.2840E+02  .9794E+02   .9999997 -.0001158  .0007370
T 8147 19 .1518358E+11   3400011E-01 -.3408E+02 -.8317E+01   .9999999 -.0004208  .0000244
T 8148 19 .1518214E+11   3400016E-01  .2266E+02 -.1918E+02   .9999999  .0001513 -.0000112
T 8149 19 .1518271E+11   3400012E-01  .1907E+02 -.1653E+02   .9999999  .0001850 -.0000927
T 8150 19 .1518161E+11   3400007E-01  .1736E+02  .1830E+02   .9999999  .0001093  .0000593
T 8151 19 .1518345E+11   3400011E-01 -.5304E+02  .2604E+02   .9999999 -.0004753  .0002659
T 8152 19 .1518308E+11   3400020E-01  .2896E+02  .1280E+02   .9999999  .0001412 -.0000243
T 8153 19 .1518373E+11   3400010E-01 -.2677E+02  .1483E+02   .9999999 -.0001410  .0002524
T 8154 19 .1518462E+11   3400013E-01 -.1839E+02  .3155E+02   .9999999  .0001216  .0001033
T 8155 19 .1518243E+11   3400008E-01 -.8836E+02 -.3382E+02   .9999995 -.0009812 -.0002023
T 8156 19 .1518229E+11   3400022E-01  .1322E+02  .3519E+02   .9999999  .0000750  .0003629
T 8157 19 .1518189E+11   3400017E-01 -.3269E+02  .2949E+01   .9999999 -.0002049  .0001414
T 8158 19 .1518424E+11   3400011E-01  .2202E+01  .1681E+01   .9999999  .0000098  .0002613
T 8159 19 .1518272E+11   3400005E-01  .7571E+01  .1077E+02   .9999999 -.0000573  .0000927
T 8160 19 .1518245E+11   3400014E-01 -.3805E+02 -.5487E+01   .9999999 -.0000934 -.0004784
T 8161 19 .1518120E+11   3400010E-01  .2661E+02 -.5457E+02   .9999999  .0001877 -.0003834
T 8162 19 .1518317E+11   3400008E-01 -.7192E+01 -.5072E+01   .9999999 -.0000214  .0000926
T 8163 19 .1518313E+11   3400002E-01  .1522E+02  .5709E+02   .9999999  .0001154  .0001417
T 8164 19 .1518309E+11   3400008E-01  .2446E+02  .1776E+02   .9999999  .0000717  .0000862
T 8165 19 .1518375E+11   3400016E-01 -.4525E+02  .4346E+02   .9999999 -.0003347  .0001461
T 8166 19 .1518209E+11   3400005E-01  .1265E+02  .2837E+02   .9999999  .0002345  .0001151
T 8167 19 .1518219E+11   3400018E-01 -.7348E+01  .9254E+01   .9999999 -.0000295  .0000260
T 8168 19 .1518246E+11   3400009E-01 -.1293E+02 -.2645E+02   .9999998  .0005789 -.0002580
T 8169 19 .1518163E+11   3400021E-01 -.6637E+01  .1879E+02   .9999999 -.0002306  .0000281
T 8170 19 .1518216E+11   3400022E-01 -.5094E+02 -.1931E+02   .9999999 -.0004047 -.0001458
T 8171 19 .1518002E+11   3400020E-01  .2720E+01  .3299E+02   .9999999 -.0000433  .0003103
T 8172 19 .1518342E+11   3400011E-01  .3944E+01  .7323E+01   .9999999 -.0000303 -.0001467
T 8173 19 .1518155E+11   3400020E-01 -.1241E+03  .3038E+02   .9999995 -.0009647  .0002328
T 8174 19 .1518290E+11   3400012E-01  .2126E+02 -.1389E+02   .9999999  .0001286 -.0001670
T 8175 19 .1518191E+11   3400004E-01  .2428E+02 -.7394E+01   .9999999  .0002419 -.0001421
T 8176 19 .1518157E+11   3400015E-01  .1023E+02 -.2647E+02   .9999999  .0001152 -.0000486
T 8177 19 .1518305E+11   3400005E-01  .7093E+02 -.4606E+02   .9999998  .0006069 -.0002428
T 8178 19 .1518338E+11   3400007E-01 -.1488E+02  .4241E+02   .9999999  .0000976  .0003382
T 8179 19 .1518248E+11   3400000E-01  .3672E+02 -.1247E+02   .9999999  .0002187  .0002160
T 8180 19 .1518126E+11   3400019E-01 -.2871E+02 -.2713E+02   .9999999 -.0002730  .0000215
T 8181 19 .1518305E+11   3400006E-01  .5716E+02 -.3521E+02   .9999999  .0004064 -.0002086
T 8182 19 .1518271E+11   3400023E-01  .1228E+02  .1778E+02   .9999999 -.0000563  .0001149
T 8183 19 .1518196E+11   3400018E-01  .2870E+02  .2177E+02   .9999999  .0003662  .0001748
T 8184 19 .1518309E+11   3400016E-01 -.7198E+01 -.7766E+01   .9999999 -.0001239 -.0000869
T 8185 19 .1518510E+11   3400022E-01  .7108E+01 -.9079E+01   .9999999 -.0000332  .0000222
T 8186 19 .1518202E+11   3400002E-01  .9468E+01  .7455E+02   .9999998 -.0000868  .0005929
T 8187 19 .1518370E+11   3400014E-01 -.1335E+02 -.6143E+01   .9999999 -.0001658  .0000778
T 8188 19 .1518442E+11   3400002E-01 -.1378E+02 -.5383E+01   .9999999 -.0001767 -.0000857
T 8189 19 .1518339E+11   3400021E-01 -.1375E+02  .1617E+02   .9999999 -.0000103  .0000739
T 8190 19 .1518292E+11   3400014E-01  .7113E+01  .2265E+02   .9999999  .0000239  .0002377
T 8191 19 .1518519E+11   3400020E-01  .2072E+02 -.1114E+02   .9999999  .0002693 -.0001246
T 8192 19 .1518236E+11   3400019E-01  .5518E+02  .1283E+02   .9999999  .0002630  .0000787
T 8193 19 .1518189E+11   3400013E-01  .1988E+02 -.9038E+01   .9999999  .0000135 -.0001003
T 8194 19 .1518308E+11   3400000E-01  .2137E+02  .4467E+02   .9999999  .0001487  .0000734
T 8195 19 .1518248E+11   3400000E-01  .4956E+01  .3511E+02   .9999999  .0000290  .0002068
T 8196 19 .1518289E+11   3400007E-01  .2091E+02 -.1557E+02   .9999999  .0000284 -.0000160
T 8197 19 .1518245E+11   3400020E-01 -.4902E+02 -.6570E+01   .9999999 -.0003832 -.0000841
T 8198 19 .1518358E+11   3400020E-01  .3892E+02  .2245E+02   .9999999  .0001837  .0002652
T 8199 19 .1518236E+11   3400000E-01 -.4769E+02  .5261E+01   .9999999 -.0000552  .0000284
T 8200 19 .1518315E+11   3400007E-01 -.7604E+02 -.3974E+02   .9999999 -.0003537 -.0001519
T 8201 19 .1518095E+11   3400008E-01  .6152E+01  .3772E+02   .9999999 -.0003143  .0000891
T 8202 19 .1518335E+11   3400012E-01 -.7693E+02 -.4002E+02   .9999999 -.0004386 -.0001753
T 8203 19 .1518421E+11   3400007E-01 -.7659E+02 -.5088E+02   .9999997 -.0007191 -.0002609
T 8204 19 .1518359E+11   3400009E-01 -.2531E+02  .2808E+02   .9999999  .0000534  .0002426
T 8205 19 .1518307E+11   3400020E-01 -.3893E+02 -.4230E+02   .9999999 -.0003216 -.0002063
T 8206 19 .1518481E+11   3400004E-01 -.3947E+02  .6204E+02   .9999999 -.0001627  .0002270
T 8207 19 .1518289E+11   3400011E-01 -.4318E+01  .3420E+02   .9999999 -.0001381  .0001034
T 8208 19 .1518361E+11   3400016E-01 -.1914E+02  .5095E+02   .9999999 -.0000560  .0003571
T 8209 19 .1518209E+11   3400008E-01 -.1114E+02  .1552E+02   .9999999 -.0000793  .0000621
T 8210 19 .1518209E+11   3400004E-01 -.1409E+02  .5333E+02   .9999999  .0000537  .0003333
T 8211 19 .1518204E+11   3400018E-01  .2337E+01 -.4709E+01   .9999999 -.0001823  .0000806
T 8212 19 .1518035E+11   3400002E-01  .1900E+01 -.2972E+02   .9999999  .0000181 -.0002015
T 8213 19 .1518291E+11   3400016E-01  .3548E+02  .3545E+02   .9999999  .0003040  .0000767
T 8214 19 .1518477E+11   3400017E-01 -.3030E+02 -.4463E+02   .9999999 -.0003609 -.0002216
T 8215 19 .1518290E+11   3400013E-01  .3335E+02 -.1593E+01   .9999999  .0002017 -.0001752
T 8216 19 .1518252E+11   3400020E-01 -.1187E+02  .3491E+02   .9999999 -.0000171  .0002852
T 8217 19 .1518175E+11   3400011E-01 -.4825E+01 -.1548E+01   .9999999 -.0000814  .0000658
T 8218 19 .1518175E+11   3400000E-01 -.4178E+02  .7307E+01   .9999999 -.0003895  .0002746
T 8219 19 .1518106E+11   3400019E-01  .5270E+01  .1421E+02   .9999999  .0002484 -.0001161
T 8220 19 .1518280E+11   3400009E-01 -.2258E+02 -.1152E+02   .9999999 -.0002280 -.0000689
T 8221 19 .1518273E+11   3400013E-01 -.2861E+02  .5873E+02   .9999999 -.0001651  .0003940
T 8222 19 .1518415E+11   3400019E-01 -.3142E+02 -.2098E+02   .9999999 -.0000572  .0000196
T 8223 19 .1518160E+11   3400022E-01  .1586E+01  .2133E+02   .9999999 -.0001086  .0000681
T 8224 19 .1518290E+11   3400019E-01  .1952E+02  .4786E+01   .9999999  .0002949 -.0000875
T 8225 19 .1518380E+11   3400014E-01  .2278E+02  .1613E+02   .9999999  .0001781 -.0000356
T 8226 19 .1518383E+11   3400012E-01  .8539E+01  .7892E+01   .9999999 -.0000046 -.0000064
T 8227 19 .1518215E+11   3400008E-01  .8597E+02 -.3953E+01   .9999999  .0005406  .0000733
T 8228 19 .1518193E+11   3400022E-01 -.5543E+02  .1863E+02   .9999999 -.0002490  .0000917
T 8229 19 .1518146E+11   3400006E-01  .2148E+02 -.4419E+01   .9999999  .0001527 -.0000744
T 8230 19 .1518226E+11   3400021E-01  .6248E+02 -.2057E+02   .9999999  .0003529 -.0001636
T 8231 19 .1518279E+11   3400011E-01  .1049E+02  .1833E+02   .9999999 -.0000960  .0003592
T 8232 19 .1518191E+11   3400014E-01 -.1876E+02 -.2851E+02   .9999999 -.0001383 -.0001404
T 8233 19 .1518297E+11   3400001E-01  .1303E+02 -.7519E+01   .9999999  .0001398  .0000676
T 8234 19 .1518276E+11   3400015E-01  .2848E+02  .3843E+02   .9999999  .0002091  .0002734
T 8235 19 .1518335E+11   3400014E-01  .3105E+02  .2104E+02   .9999999  .0002433  .0001724
T 8236 19 .1518283E+11   3400011E-01 -.7043E+01 -.1776E+02   .9999999 -.0000869 -.0001217
T 8237 19 .1518340E+11   3400013E-01  .5766E+01 -.2082E+02   .9999999 -.0000465 -.0000687
T 8238 19 .1518360E+11   3400013E-01 -.1690E+01  .5901E+00   .9999999 -.0000774 -.0000787
T 8239 19 .1518268E+11   3400009E-01  .2810E+02  .2389E+02   .9999999  .0001140  .0001012
T 8240 19 .1518446E+11   3400009E-01  .6286E+02 -.8747E+01   .9999999  .0003117 -.0000390
T 8241 19 .1518227E+11   3400021E-01 -.8633E+01  .3725E+02   .9999999 -.0000330  .0003508
T 8242 19 .1518394E+11   3400002E-01 -.1751E+02 -.3038E+02   .9999999 -.0001841 -.0002398
T 8243 19 .1518408E+11   3400018E-01 -.4439E+02 -.1205E+02   .9999999 -.0003260 -.0000935
T 8244 19 .1518270E+11   3400023E-01  .6097E+01 -.4896E+02   .9999999  .0000445 -.0003266
T 8245 19 .1518149E+11   3400018E-01 -.3530E+02  .2328E+02   .9999999 -.0003676  .0000706
T 8246 19 .1518306E+11   3400016E-01  .2772E+02 -.5602E+02   .9999999  .0002917 -.0004555
T 8247 19 .1518302E+11   3400016E-01  .1054E+03  .2321E+02   .9999998  .0005941  .0000983
T 8248 19 .1518381E+11   3400002E-01 -.2979E+02  .1643E+02   .9999999 -.0001132 -.0001059
T 8249 19 .1518139E+11   3400015E-01 -.6620E+01  .4032E+02   .9999999 -.0001351  .0001611
T 8250 19 .1518176E+11   3400014E-01  .6313E+01 -.1124E+02   .9999998  .0001486 -.0005876
T 8251 19 .1518443E+11   3400021E-01 -.2285E+02  .2747E+02   .9999999 -.0002995  .0001653
T 8252 19 .1518230E+11   3400022E-01 -.9310E+01  .4356E+00   .9999999  .0000042  .0000896
T 8253 19 .1518184E+11   3400001E-01 -.6038E+02  .6748E+02   .9999998 -.0004323  .0004984
T 8254 19 .1518098E+11   3400018E-01  .3431E+02  .1145E+02   .9999999  .0002915  .0001867
T 8255 19 .1518124E+11   3400016E-01 -.1834E+02 -.4051E+02   .9999999 -.0002568 -.0002752
T 8256 19 .1518325E+11   3400011E-01 -.7318E+01 -.2835E+02   .9999999 -.0000566 -.0003010
T 8257 19 .1518338E+11   3400021E-01 -.4470E+01  .2955E+02   .9999999  .0000084  .0002035
T 8258 19 .1518262E+11   3400005E-01 -.5355E+01  .5423E+02   .9999999 -.0000505  .0000477
T 8259 19 .1518178E+11   3400011E-01 -.6251E+01  .7436E+01   .9999999 -.0000386 -.0001442
T 8260 19 .1518274E+11   3400005E-01  .2158E+02 -.1144E+02   .9999999  .0001886 -.0001224
T 8261 19 .1518257E+11   3400020E-01 -.5316E+02 -.1128E+02   .9999999 -.0002652 -.0001576
T 8262 19 .1518401E+11   3400002E-01 -.5389E+01 -.5606E+01   .9999999 -.0000907  .0000465
T 8263 19 .1518140E+11   3400016E-01 -.4470E+02 -.4058E+02   .9999988 -.0005632 -.0014646
T 8264 19 .1518122E+11   3400013E-01 -.4040E+02 -.7315E+01   .9999999 -.0001567 -.0000990
T 8265 19 .1518246E+11   3400011E-01  .4355E+01 -.3465E+02   .9999999  .0001157 -.0002169
T 8266 19 .1518162E+11   3400012E-01  .1138E+00 -.3123E+02   .9999999  .0000002 -.0001707
T 8267 19 .1517954E+11   3400009E-01  .7112E+02  .6450E+01   .9999999  .0002235 -.0000610
T 8268 19 .1518323E+11   3400021E-01 -.1588E+03  .7593E+02   .9999996 -.0008421  .0004227
T 8269 19 .1518228E+11   3400004E-01 -.3443E+02 -.2924E+02   .9999999 -.0003089 -.0003189
T 8270 19 .1518037E+11   3400019E-01  .7804E+01 -.6637E+01   .9999999  .0001466  .0000333
T 8271 19 .1518159E+11   3400017E-01 -.7192E+01 -.2557E+02   .9999999  .0000961 -.0001318
T 8272 19 .1518235E+11   3400017E-01 -.5575E+01  .6285E+02   .9999999  .0000144  .0003458
T 8273 19 .1518242E+11   3400015E-01 -.3476E+01  .6686E+01   .9999999 -.0000207 -.0000895
T 8274 19 .1518180E+11   3400016E-01  .4460E+01 -.4831E+02   .9999999 -.0000872 -.0003840
T 8275 19 .1518356E+11   3400004E-01 -.6370E+01 -.1194E+02   .9999999 -.0000327 -.0001629
T 8276 19 .1518278E+11   3400022E-01 -.2921E+02  .2065E+02   .9999999 -.0003389  .0001954
T 8277 19 .1518239E+11   3400016E-01 -.2836E+02 -.1365E+02   .9999999 -.0002512 -.0001374
T 8278 19 .1518304E+11   3400003E-01 -.3127E+02  .2259E+02   .9999999 -.0003209  .0003459
T 8279 19 .1518390E+11   3400009E-01  .7330E+01 -.6044E+02   .9999999  .0000786 -.0002783
T 8280 19 .1518463E+11   3400013E-01 -.4274E+01  .4944E+01   .9999999  .0003225 -.0000003
T 8281 19 .1518440E+11   3400011E-01 -.4737E+01  .1465E+02   .9999999 -.0001166 -.0000808
T 8282 19 .1518236E+11   3400005E-01 -.4294E+02  .9035E+00   .9999999 -.0003548  .0000579
T 8283 19 .1518272E+11   3400009E-01  .6449E+00  .6250E+00   .9999999 -.0000534 -.0000470
T 8284 19 .1518244E+11   3400022E-01 -.1716E+02 -.1142E+02   .9999999 -.0002555  .0000362
T 8285 19 .1518389E+11   3400022E-01 -.5231E+01 -.4739E+02   .9999999  .0000255 -.0003648
T 8286 19 .1518425E+11   3400021E-01  .1665E+02  .1849E+02   .9999999  .0002018  .0002375
T 8287 19 .1518331E+11   3400015E-01  .3652E+02 -.7816E+02   .9999999  .0002343 -.0004580
T 8288 19 .1518420E+11   3400013E-01 -.1216E+02 -.6753E+00   .9999999 -.0000050 -.0001750
T 8289 19 .1518212E+11   3400012E-01 -.2797E+02  .2419E+02   .9999999 -.0002074  .0002645
T 8290 19 .1518248E+11   3400017E-01  .3439E+01 -.5169E+02   .9999999 -.0001165 -.0003794
T 8291 19 .1518146E+11   3400021E-01 -.7910E+02  .7412E+02   .9999999 -.0003937  .0003296
T 8292 19 .1518327E+11   3400000E-01 -.1637E+02 -.1486E+02   .9999999  .0000987  .0000771
T 8293 19 .1518211E+11   3400013E-01 -.2361E+01 -.1239E+01   .9999999 -.0001808  .0000966
T 8294 19 .1518263E+11   3400020E-01 -.1142E+02  .7070E+02   .9999998  .0001723  .0006226
T 8295 19 .1518247E+11   3400018E-01 -.1961E+01 -.1990E+02   .9999999  .0000665 -.0002763
T 8296 19 .1518392E+11   3400023E-01 -.2030E+02 -.1363E+01   .9999999 -.0000367 -.0000514
T 8297 19 .1518367E+11   3400005E-01 -.2245E+02  .1862E+02   .9999999 -.0000209  .0001490
T 8298 19 .1518406E+11   3400020E-01  .4375E+02  .5545E+00   .9999999  .0002578 -.0000286
T 8299 19 .1518246E+11   3400013E-01  .1783E+03  .1564E+02   .9999992  .0012612 -.0000419
T 8300 19 .1518268E+11   3400013E-01  .6432E+00 -.1238E+02   .9999999 -.0001379 -.0000200
T 8301 19 .1518266E+11   3400007E-01  .2816E+02 -.7550E+01   .9999999  .0001898  .0000446
T 8302 19 .1518255E+11   3400019E-01  .1759E+02 -.1077E+02   .9999999  .0001782 -.0003641
T 8303 19 .1518178E+11   3400021E-01  .1949E+02 -.3517E+01   .9999999  .0001972  .0000650
T 8304 19 .1518221E+11   3400020E-01  .1725E+02  .2080E+02   .9999999  .0000602  .0002605
T 8305 19 .1518249E+11   3400014E-01 -.4825E+02 -.1884E+02   .9999999 -.0002163  .0001210
T 8306 19 .1518170E+11   3400015E-01 -.1597E+02  .1138E+02   .9999999  .0000124  .0001107
T 8307 19 .1518219E+11   3400019E-01  .3521E+02 -.1497E+02   .9999999  .0002938 -.0000548
T 8308 19 .1518253E+11   3400015E-01 -.1300E+02  .3465E+02   .9999999  .0000576 -.0000739
T 8309 19 .1518404E+11   3400023E-01 -.3961E+02 -.4722E+02   .9999989 -.0002255 -.0014878
T 8310 19 .1518269E+11   3400011E-01  .6037E+00 -.4407E+02   .9999999 -.0002648 -.0002053
T 8311 19 .1518252E+11   3400012E-01 -.3059E+02  .4011E+02   .9999999  .0001272  .0003439
T 8312 19 .1518223E+11   3400021E-01  .2012E+02  .3618E+02   .9999999  .0002543  .0001974
T 8313 19 .1518179E+11   3400019E-01  .3868E+01  .2837E+02   .9999999 -.0001054  .0000647
T 8314 19 .1518326E+11   3400021E-01 -.7221E+01  .3167E+02   .9999999 -.0002379  .0003535
T 8315 19 .1518185E+11   3400017E-01 -.1368E+02 -.4036E+02   .9999999 -.0000810 -.0001637
T 8316 19 .1518347E+11   3400005E-01 -.2289E+02 -.1614E+02   .9999999 -.0002651 -.0002274
T 8317 19 .1518243E+11   3400020E-01  .4060E+02  .2139E+02   .9999999  .0003950  .0002529
T 8318 19 .1518321E+11   3400001E-01  .6299E+02 -.1376E+02   .9999999  .0004730 -.0000377
T 8319 19 .1518218E+11   3400015E-01 -.4809E+02 -.3841E+02   .9999999 -.0004012 -.0001977
T 8320 19 .1518275E+11   3400022E-01 -.4267E+02  .1490E+02   .9999999 -.0004379  .0002901
T 8321 19 .1518340E+11   3400011E-01  .4280E+02 -.2643E+02   .9999998  .0005282 -.0003101
T 8322 19 .1518429E+11   3400015E-01 -.1688E+02  .1312E+02   .9999999 -.0000275 -.0000161
T 8323 19 .1518275E+11   3400017E-01 -.1188E+03 -.1313E+03   .9999993 -.0009124 -.0007194
T 8324 19 .1518364E+11   3400022E-01 -.3091E+02 -.3342E+02   .9999999 -.0001247 -.0002040
T 8325 19 .1518162E+11   3400010E-01 -.2097E+02 -.9486E+00   .9999999  .0000555 -.0000690
T 8326 19 .1518199E+11   3400011E-01  .1563E+02 -.2158E+02   .9999999  .0001208 -.0000996
T 8327 19 .1518448E+11   3400008E-01  .3968E+02  .1812E+01   .9999999  .0001551 -.0000463
T 8328 19 .1517917E+11   3400009E-01 -.2688E+02  .6162E+01   .9999999 -.0001679 -.0001150
T 8329 19 .1518324E+11   3400015E-01 -.4672E+02 -.1903E+02   .9999999 -.0002328 -.0001158
T 8330 19 .1518346E+11   3400021E-01  .2371E+02 -.1513E+02   .9999999  .0000415 -.0002071
T 8331 19 .1518496E+11   3400006E-01 -.2733E+01 -.1661E+02   .9999998  .0005780 -.0002410
T 8332 19 .1518217E+11   3400016E-01  .4575E+01  .3864E+02   .9999999  .0000099  .0003437
T 8333 19 .1518250E+11   3400009E-01 -.4032E+02 -.3316E+02   .9999999 -.0003217 -.0001326
T 8334 19 .1518315E+11   3400003E-01  .3207E+02  .1906E+02   .9999999  .0002465  .0001969
T 8335 19 .1518296E+11   3400013E-01  .1265E+02 -.1052E+02   .9999999  .0001225 -.0002127
T 8336 19 .1518262E+11   3400012E-01 -.2062E+02  .1316E+02   .9999999 -.0000230  .0001413
T 8337 19 .1518406E+11   3400004E-01  .6614E+01  .1608E+02   .9999999  .0002112  .0001041
T 8338 19 .1518357E+11   3400001E-01 -.1139E+02  .1481E+02   .9999999  .0000203  .0003444
T 8339 19 .1518380E+11   3400022E-01 -.2109E+02 -.3472E+01   .9999999 -.0003021 -.0001786
T 8340 19 .1518408E+11   3400017E-01  .1977E+02 -.4333E+02   .9999999  .0001882 -.0003165
T 8341 19 .1518298E+11   3400004E-01 -.2527E+02 -.2638E+02   .9999999 -.0002173 -.0002578
T 8342 19 .1518192E+11   3400009E-01  .1215E+02 -.1118E+02   .9999999 -.0000473 -.0000227
T 8343 19 .1518322E+11   3400013E-01  .2021E+02 -.3117E+02   .9999999  .0001478 -.0002615
T 8344 19 .1518408E+11   3400002E-01 -.3705E+02  .1111E+02   .9999999 -.0003810 -.0000064
T 8345 19 .1518277E+11   3400008E-01 -.3634E+02 -.1344E+02   .9999999 -.0002616 -.0002116
T 8346 19 .1518105E+11   3400004E-01  .2609E+02 -.3708E+02   .9999999  .0001133 -.0004328
T 8347 19 .1518347E+11   3400017E-01  .8798E+01 -.6685E+02   .9999997 -.0000335 -.0008297
T 8348 19 .1518297E+11   3400000E-01 -.3473E+01 -.1515E+02   .9999999  .0001450 -.0001021
T 8349 19 .1518031E+11   3400014E-01  .2233E+02  .2029E+02   .9999999  .0001038  .0000843
T 8350 19 .1518315E+11   3400004E-01  .9876E+02 -.2090E+02   .9999997  .0007275 -.0001097
T 8351 19 .1518310E+11   3400004E-01  .3411E+02  .9156E-01   .9999999  .0002174 -.0005004
T 8352 19 .1518282E+11   3400002E-01 -.2787E+02 -.2780E+01   .9999999 -.0002866 -.0000026
T 8353 19 .1518204E+11   3400017E-01 -.1709E+02 -.1166E+02   .9999999 -.0002425 -.0000640
T 8354 19 .1518169E+11   3400015E-01  .3077E+01  .1004E+02   .9999999  .0000975  .0000779
T 8355 19 .1518353E+11   3400019E-01  .3085E+02  .5039E+02   .9999998  .0001372  .0005574
T 8356 19 .1518216E+11   3400019E-01  .1182E+03  .1040E+03   .9999997  .0006003  .0004709
T 8357 19 .1518329E+11   3400000E-01 -.5929E+02 -.2149E+02   .9999999 -.0003715 -.0002425
T 8358 19 .1518380E+11   3400009E-01 -.4676E+01  .1550E+02   .9999999 -.0001409  .0000779
T 8359 19 .1518517E+11   3400015E-01 -.1824E+01 -.1059E+02   .9999999  .0000750 -.0003962
T 8360 19 .1518207E+11   3400014E-01  .1760E+01 -.3208E+02   .9999999  .0001077 -.0002413
T 8361 19 .1518271E+11   3400010E-01 -.2715E+02  .3263E+02   .9999999  .0000000  .0001753
T 8362 19 .1518145E+11   3400012E-01  .2640E+02 -.1641E+02   .9999999  .0000201 -.0000807
T 8363 19 .1518141E+11   3400001E-01 -.1288E+02  .1854E+02   .9999999 -.0000758  .0001498
T 8364 19 .1518324E+11   3400021E-01  .5452E+02 -.2572E+02   .9999999  .0003343  .0000097
T 8365 19 .1518359E+11   3400019E-01  .5522E+01 -.1603E+02   .9999999  .0003054 -.0000671
T 8366 19 .1518023E+11   3400019E-01  .7695E+02  .1723E+02   .9999998  .0006481  .0000554
T 8367 19 .1518261E+11   3400023E-01  .2246E+02 -.4367E+01   .9999999  .0000582  .0000254
T 8368 19 .1518230E+11   3400018E-01 -.9402E+01 -.4750E+02   .9999999 -.0000411 -.0004424
T 8369 19 .1518459E+11   3400012E-01  .5506E+01 -.2878E+02   .9999999 -.0000153 -.0001846
T 8370 19 .1518418E+11   3400017E-01 -.2113E+02 -.1448E+02   .9999999 -.0002060 -.0000628
T 8371 19 .1518103E+11   3400010E-01 -.5098E+02  .5177E+01   .9999999 -.0004224 -.0000502
T 8372 19 .1518382E+11   3400003E-01 -.1864E+02 -.4169E+02   .9999999 -.0001379 -.0003243
T 8373 19 .1518186E+11   3400008E-01 -.2562E+02  .1861E+02   .9999999 -.0002001 -.0001276
T 8374 19 .1518209E+11   3400013E-01 -.1619E+02 -.1068E+02   .9999999 -.0002034 -.0001265
T 8375 19 .1518297E+11   3400006E-01  .3012E+01  .3031E+02   .9999999 -.0001877  .0001433
T 8376 19 .1518055E+11   3400014E-01  .4250E+00  .4918E+02   .9999998  .0002070  .0006076
T 8377 19 .1518215E+11   3400002E-01 -.8724E+01  .9020E+01   .9999999 -.0000736  .0002379
T 8378 19 .1518427E+11   3400020E-01 -.6200E+01 -.1923E+02   .9999999 -.0002332 -.0001340
T 8379 19 .1518300E+11   3400021E-01  .4767E+02  .2835E+02   .9999999  .0003298  .0002067
T 8380 19 .1518305E+11   3400000E-01 -.1814E+01  .3546E+02   .9999999  .0000148  .0003359
T 8381 19 .1518152E+11   3400012E-01 -.1063E+02 -.1392E+02   .9999999 -.0001169 -.0001695
T 8382 19 .1518254E+11   3400004E-01  .7225E+01 -.5665E+01   .9999999 -.0001579  .0001095
T 8383 19 .1518082E+11   3400004E-01  .4686E+02  .3510E+02   .9999999  .0003685 -.0001027
T 8384 19 .1518456E+11   3400012E-01 -.3779E+02 -.6124E+02   .9999999 -.0001690 -.0002942
T 8385 19 .1518486E+11   3400002E-01 -.1444E+01 -.1261E+02   .9999999 -.0000505 -.0002940
T 8386 19 .1518354E+11   3400013E-01 -.4360E+02 -.9511E+01   .9999999 -.0002572 -.0001668
T 8387 19 .1518347E+11   3400012E-01  .1136E+01 -.5770E+02   .9999999  .0000313 -.0002836
T 8388 19 .1518211E+11   3400014E-01  .1520E+02 -.7531E+02   .9999999  .0001335 -.0002465
T 8389 19 .1518390E+11   3400008E-01  .6258E+01  .3011E+02   .9999999  .0000446  .0000131
T 8390 19 .1518432E+11   3400013E-01  .7960E+02 -.2485E+02   .9999999  .0004522 -.0001832
T 8391 19 .1518244E+11   3400021E-01 -.2646E+02  .3927E+00   .9999999 -.0002115 -.0000142
T 8392 19 .1518108E+11   3400002E-01 -.3023E+02 -.3316E+02   .9999999 -.0000669 -.0003186
T 8393 19 .1518396E+11   3400012E-01 -.2731E+01 -.4013E+02   .9999999  .0000653 -.0003002
T 8394 19 .1518124E+11   3400022E-01 -.2389E+02  .1728E+02   .9999999 -.0002425  .0000486
T 8395 19 .1518255E+11   3400008E-01  .1591E+02  .4766E+02   .9999999  .0001012  .0002319
T 8396 19 .1518353E+11   3400012E-01 -.9453E+01  .2475E+02   .9999999 -.0000264  .0001801
T 8397 19 .1518358E+11   3400020E-01  .2681E+03 -.2172E+03   .9999979  .0014883 -.0014163
T 8398 19 .1518223E+11   3400009E-01 -.6297E+02  .1016E+02   .9999998 -.0006223  .0000784
T 8399 19 .1518253E+11   3400011E-01 -.1065E+03 -.2622E+02   .9999998 -.0005401 -.0001275
T 8400 19 .1518309E+11   3400003E-01  .4761E+02  .3075E+02   .9999999  .0001588  .0002774
T 8401 19 .1518261E+11   3400000E-01  .3958E+02  .2468E+02   .9999999  .0003929  .0002221
T 8402 19 .1518234E+11   3400011E-01  .2438E+02 -.1546E+01   .9999999  .0004021 -.0000501
T 8403 19 .1518249E+11   3400000E-01  .7028E+02 -.2351E+02   .9999999  .0004214 -.0000855
T 8404 19 .1518325E+11   3400017E-01  .4129E+01  .3680E+01   .9999999  .0000429  .0000013
T 8405 19 .1518430E+11   3400012E-01  .1002E+02  .7327E+01   .9999999  .0000701  .0000437
T 8406 19 .1518320E+11   3400022E-01  .1418E+01 -.2181E+01   .9999999  .0000654  .0001322
T 8407 19 .1518140E+11   3400007E-01  .3112E+02  .2731E+01   .9999999  .0001896  .0000375
T 8408 19 .1518239E+11   3400019E-01 -.1403E+02 -.1085E+02   .9999999 -.0000372 -.0000321
T 8409 19 .1518081E+11   3400011E-01  .6358E+01 -.1055E+02   .9999999 -.0000419  .0000751
T 8410 19 .1518113E+11   3400016E-01 -.5972E+01  .4383E+02   .9999999 -.0001867  .0002519
T 8411 19 .1518162E+11   3400013E-01  .3210E+02 -.3304E+01   .9999999  .0000018 -.0001061
T 8412 19 .1518240E+11   3400020E-01  .1822E+02  .4278E+02   .9999999  .0000991  .0004630
T 8413 19 .1518391E+11   3400020E-01 -.1935E+02  .1179E+02   .9999999  .0000430  .0001565
T 8414 19 .1518175E+11   3400005E-01 -.6345E+02 -.4363E+01   .9999999 -.0002623 -.0002166
T 8415 19 .1518240E+11   3400016E-01 -.3964E+00  .1004E+02   .9999999  .0000466  .0001718
T 8416 19 .1518250E+11   3400022E-01  .2976E+02  .5252E+01   .9999999  .0003230  .0000534
T 8417 19 .1518207E+11   3400001E-01 -.1047E+02 -.1711E+02   .9999999 -.0001347 -.0002793
T 8418 19 .1518171E+11   3400007E-01 -.1052E+02  .4356E+02   .9999999 -.0001255  .0002965
T 8419 19 .1518219E+11   3400018E-01 -.3832E+02  .2055E+02   .9999999 -.0002669  .0001676
T 8420 19 .1518175E+11   3400022E-01  .6705E+01 -.9982E+01   .9999999  .0000039 -.0001259
T 8421 19 .1518294E+11   3400021E-01  .4772E+01  .6798E+01   .9999999 -.0000540  .0002135
T 8422 19 .1518302E+11   3400015E-01  .3335E+01  .8549E+02   .9999999  .0001420  .0004549
T 8423 19 .1518259E+11   3400014E-01 -.8320E+02 -.2112E+02   .9999999 -.0002755  .0000839
T 8424 19 .1518286E+11   3400008E-01 -.3997E+02  .3852E+02   .9999998 -.0002484  .0005110
T 8425 19 .1518200E+11   3400012E-01 -.7702E+01  .1325E+02   .9999999 -.0001501  .0001587
T 8426 19 .1518135E+11   3400012E-01  .2014E+01 -.2372E+02   .9999999  .0001403 -.0001589
T 8427 19 .1518239E+11   3400008E-01 -.6158E+01 -.4241E+00   .9999999  .0000420 -.0001324
T 8428 19 .1518337E+11   3400006E-01  .2685E+02 -.3224E+01   .9999997  .0007059  .0002252
T 8429 19 .1518198E+11   3400016E-01 -.2607E+02  .6818E+01   .9999999 -.0002584  .0000659
T 8430 19 .1518158E+11   3400011E-01  .4116E+02 -.2640E+02   .9999999  .0002765 -.0001458
T 8431 19 .1518383E+11   3400021E-01 -.6435E+01 -.3056E+02   .9999999 -.0000350 -.0002971
T 8432 19 .1518265E+11   3400012E-01  .1117E+02 -.3515E+02   .9999999  .0002327 -.0003135
T 8433 19 .1518151E+11   3400020E-01  .9856E+02  .1503E+02   .9999998  .0006752  .0001433
T 8434 19 .1518139E+11   3400008E-01 -.4166E-02 -.2594E+02   .9999999 -.0000222 -.0001927
T 8435 19 .1518260E+11   3400014E-01  .3516E+02  .3451E+02   .9999999  .0001728  .0001182
T 8436 19 .1518065E+11   3400011E-01 -.6348E+02 -.1024E+02   .9999999 -.0003202 -.0000301
T 8437 19 .1518365E+11   3400010E-01  .1830E+02  .1255E+02   .9999999  .0000711  .0000553
T 8438 19 .1518385E+11   3400014E-01  .3551E+01  .6423E+02   .9999999 -.0000216  .0004673
T 8439 19 .1518258E+11   3400019E-01 -.4929E+02  .3584E+02   .9999998 -.0004443  .0003649
T 8440 19 .1518452E+11   3400003E-01 -.2211E+02  .3481E+02   .9999999 -.0002858  .0003029
T 8441 19 .1518214E+11   3400004E-01 -.1617E+01  .4118E+02   .9999999 -.0001661  .0001580
T 8442 19 .1518167E+11   3400017E-01 -.6525E+01  .2227E+02   .9999999 -.0000118  .0002591
T 8443 19 .1518031E+11   3400007E-01  .1340E+02 -.7558E+01   .9999999  .0002808 -.0002262
T 8444 19 .1518269E+11   3400004E-01 -.3068E+01 -.2030E+02   .9999999  .0001359 -.0001022
T 8445 19 .1518288E+11   3400004E-01  .1795E+01 -.1576E+02   .9999999  .0001231 -.0000844
T 8446 19 .1518192E+11   3400019E-01 -.7748E+01 -.4516E+02   .9999999 -.0000317 -.0004114
T 8447 19 .1518191E+11   3400018E-01 -.1111E+01 -.4945E+01   .9999999 -.0000837  .0000895
T 8448 19 .1518211E+11   3400021E-01  .9451E+02 -.1645E+01   .9999999  .0004581 -.0001023
T 8449 19 .1518257E+11   3400022E-01 -.1421E+02  .6753E+01   .9999999 -.0001106 -.0000899
T 8450 19 .1518390E+11   3400002E-01  .2857E+00 -.1529E+02   .9999999 -.0000462 -.0001802
T 8451 19 .1518366E+11   3400017E-01  .1770E+02 -.1120E+02   .9999999  .0000576 -.0001494
T 8452 19 .1518291E+11   3400004E-01 -.8137E+01 -.1170E+02   .9999999 -.0001248 -.0000986
T 8453 19 .1518322E+11   3400022E-01  .1465E+02  .2817E+02   .9999999  .0001461  .0002825
T 8454 19 .1518238E+11   3400001E-01  .1983E+02 -.2734E+02   .9999999  .0004638 -.0000058
T 8455 19 .1518208E+11   3400011E-01 -.1597E+02  .1145E+02   .9999999 -.0001269  .0000776
T 8456 19 .1518137E+11   3400008E-01 -.2427E+02  .3482E+02   .9999999 -.0001113  .0002302
T 8457 19 .1518230E+11   3400021E-01  .7605E+01 -.1675E+02   .9999999  .0000382 -.0000921
T 8458 19 .1518163E+11   3400000E-01 -.2702E+02  .1302E+02   .9999999 -.0002198 -.0001328
T 8459 19 .1518064E+11   3400010E-01 -.2037E+02 -.3143E+02   .9999999  .0000814 -.0001868
T 8460 19 .1518096E+11   3400007E-01 -.6312E+01  .4485E+01   .9999999  .0000776 -.0000833
T 8461 19 .1518011E+11   3400016E-01 -.3395E+02 -.2935E+01   .9999999 -.0001400 -.0000184
T 8462 19 .1518339E+11   3400006E-01  .3121E+02  .1302E+02   .9999999  .0001234  .0001386
T 8463 19 .1518162E+11   3400014E-01 -.3970E+01  .8494E+01   .9999999 -.0000968  .0000944
T 8464 19 .1518538E+11   3400006E-01 -.3783E+02 -.3727E+02   .9999999 -.0001804 -.0002226
T 8465 19 .1518277E+11   3400019E-01  .1588E+02 -.3975E+01   .9999999  .0001482 -.0001137
T 8466 19 .1518273E+11   3400018E-01 -.1434E+02  .5281E+02   .9999999  .0000975  .0002594
T 8467 19 .1518326E+11   3400016E-01 -.3274E+01  .1428E+02   .9999999  .0000681  .0001750
T 8468 19 .1518383E+11   3400004E-01  .2130E+02  .1610E+02   .9999999 -.0000034 -.0000254
T 8469 19 .1518335E+11   3400020E-01 -.9502E+00 -.9923E+00   .9999999  .0000253 -.0000125
T 8470 19 .1518291E+11   3400013E-01  .2298E+02 -.1903E+02   .9999999  .0001539 -.0002300
T 8471 19 .1518150E+11   3400018E-01  .7347E+02  .4894E+02   .9999999  .0004124  .0003088
T 8472 19 .1518250E+11   3400015E-01  .6839E+00 -.4881E+02   .9999999  .0000561 -.0001974
T 8473 19 .1518301E+11   3400022E-01  .6474E+01 -.1239E+02   .9999999  .0001264  .0000459
T 8474 19 .1518368E+11   3400010E-01 -.1566E+02 -.4281E+02   .9999999 -.0000998 -.0003899
T 8475 19 .1518212E+11   3400016E-01  .3104E+01 -.3052E+00   .9999999  .0002593  .0001022
T 8476 19 .1518157E+11   3400010E-01  .2337E+02 -.2385E+02   .9999999  .0002049 -.0000595
T 8477 19 .1518292E+11   3400007E-01 -.3605E+02 -.2452E+02   .9999999 -.0003426 -.0002289
T 8478 19 .1518086E+11   3400001E-01  .1863E+02  .5699E+02   .9999999  .0001205  .0003227
T 8479 19 .1518228E+11   3400021E-01  .7547E+01 -.2819E+02   .9999999  .0001585 -.0000956
T 8480 19 .1518253E+11   3400012E-01  .6202E+02  .3243E+02   .9999999  .0005045  .0001623
T 8481 19 .1518438E+11   3400017E-01 -.2589E+02 -.1508E+02   .9999999 -.0002794 -.0001029
T 8482 19 .1518144E+11   3400004E-01 -.4488E+02  .6264E+02   .9999999 -.0001977  .0003625
T 8483 19 .1518108E+11   3400008E-01  .1263E+02  .3020E+02   .9999999  .0003638  .0002240
T 8484 19 .1518349E+11   3400007E-01 -.1398E+02  .8633E+01   .9999999 -.0000466  .0001512
T 8485 19 .1518419E+11   3400019E-01 -.1830E+02  .1244E+02   .9999999 -.0001120  .0001324
T 8486 19 .1518171E+11   3400018E-01  .8170E+01  .8300E+01   .9999999  .0001651 -.0000319
T 8487 19 .1518110E+11   3400009E-01 -.7094E+00  .3877E+01   .9999999  .0001851  .0002461
T 8488 19 .1518421E+11   3400020E-01 -.5835E+02  .4637E+02   .9999999 -.0004284  .0001881
T 8489 19 .1518167E+11   3400001E-01 -.6506E+01 -.6622E+02   .9999996 -.0000070 -.0008820
T 8490 19 .1518218E+11   3400022E-01 -.2913E+02  .1476E+02   .9999999 -.0001346  .0000747
T 8491 19 .1518349E+11   3400002E-01  .1376E+02  .1426E+00   .9999999  .0003752  .0003040
T 8492 19 .1518186E+11   3400019E-01  .1564E+02  .1438E+02   .9999999  .0000084  .0000828
T 8493 19 .1518284E+11   3400022E-01  .1283E+02 -.7721E+01   .9999999  .0002246 -.0001285
T 8494 19 .1518206E+11   3400016E-01 -.2422E+02 -.2111E+02   .9999999 -.0001621 -.0001615
T 8495 19 .1518546E+11   3400017E-01 -.3596E+02 -.1564E+02   .9999999 -.0002764 -.0001681
T 8496 19 .1518185E+11   3400009E-01  .2580E+02  .3999E+02   .9999999  .0002073  .0002708
T 8497 19 .1518303E+11   3400007E-01  .2130E+01 -.1472E+00   .9999999 -.0001470  .0000516
T 8498 19 .1518202E+11   3400012E-01 -.2841E+02 -.3804E+02   .9999999 -.0001854 -.0002349
T 8499 19 .1518342E+11   3400015E-01  .2878E+02  .7338E+02   .9999999  .0003146  .0002651
T 8500 19 .1518493E+11   3400003E-01  .3401E+02 -.1178E+02   .9999999  .0002173 -.0000626
T 8501 19 .1518267E+11   3400011E-01  .2160E+01  .1076E+02   .9999999  .0000481  .0002572
T 8502 19 .1518459E+11   3400007E-01 -.1386E+02  .5263E+02   .9999999 -.0001424  .0003240
T 8503 19 .1518274E+11   3400005E-01 -.1105E+02  .4336E+02   .9999999 -.0001403  .0003320
T 8504 19 .1518344E+11   3400000E-01  .1985E+02 -.1508E+02   .9999999 -.0001224  .0000359
T 8505 19 .1518327E+11   3400015E-01  .1678E+02 -.1690E+02   .9999999  .0002287  .0000839
T 8506 19 .1518414E+11   3400013E-01 -.3282E+02 -.1990E+02   .9999999 -.0002130 -.0001003
T 8507 19 .1518367E+11   3400006E-01 -.2761E+02 -.5433E+02   .9999996 -.0006152 -.0006472
T 8508 19 .1518237E+11   3400014E-01  .3811E+02 -.6392E+02   .9999999  .0002615 -.0004377
T 8509 19 .1518084E+11   3400014E-01 -.3680E+02  .1764E+01   .9999999 -.0002601 -.0000726
T 8510 19 .1518304E+11   3400019E-01 -.9910E+01  .1604E+02   .9999999 -.0002136 -.0000504
T 8511 19 .1518182E+11   3400004E-01  .1029E+01  .2082E+02   .9999999  .0000392  .0002491
T 8512 19 .1518435E+11   3400015E-01 -.4563E+02  .1710E+02   .9999999 -.0002365  .0001725
T 8513 19 .1518409E+11   3400014E-01  .8265E+01  .2141E+02   .9999999  .0000337  .0000929
T 8514 19 .1518268E+11   3400022E-01  .1722E+02  .2899E+02   .9999999  .0001422  .0001687
T 8515 19 .1518108E+11   3400015E-01  .1168E+02  .2361E+02   .9999999 -.0000041  .0003582
T 8516 19 .1518165E+11   3400017E-01 -.3950E+02 -.1359E+02   .9999999 -.0003191 -.0000626
T 8517 19 .1518288E+11   3400003E-01  .7817E+02 -.9231E+02   .9999997  .0003629 -.0006639
T 8518 19 .1518408E+11   3400002E-01  .3799E+02 -.2023E+02   .9999999  .0002767 -.0004273
T 8519 19 .1518318E+11   3400006E-01 -.2031E+02  .4984E+02   .9999999 -.0000287  .0004200
T 8520 19 .1518536E+11   3400007E-01 -.2717E+02 -.2453E+02   .9999999 -.0002613 -.0002101
T 8521 19 .1518399E+11   3400016E-01  .1676E+01  .7921E+01   .9999999  .0000057  .0003374
T 8522 19 .1518402E+11   3400009E-01 -.1321E+02  .1970E+02   .9999999  .0000533  .0000308
T 8523 19 .1518325E+11   3400000E-01  .2823E+02 -.5105E+02   .9999999  .0001346 -.0003384
T 8524 19 .1518249E+11   3400018E-01 -.5138E+01  .2604E+02   .9999999  .0000799  .0000768
T 8525 19 .1518124E+11   3400017E-01 -.1705E+02  .1266E+02   .9999999 -.0002299  .0000389
T 8526 19 .1518302E+11   3400009E-01 -.1384E+02 -.1488E+02   .9999999 -.0000765 -.0001193
T 8527 19 .1518144E+11   3400011E-01 -.2655E+02 -.6364E+02   .9999998 -.0003260 -.0004950
T 8528 19 .1518332E+11   3400016E-01  .5893E+02  .2999E+02   .9999999  .0003990 -.0000556
T 8529 19 .1518366E+11   3400014E-01 -.1392E+02  .8611E+02   .9999998  .0000569  .0006410
T 8530 19 .1518243E+11   3400002E-01 -.3522E+01 -.1945E+02   .9999999 -.0000828 -.0001952
T 8531 19 .1518413E+11   3400022E-01  .1756E+02 -.9052E+01   .9999999  .0000877  .0000053
T 8532 19 .1518394E+11   3400016E-01  .7856E+00 -.1657E+02   .9999999 -.0000971 -.0000454
T 8533 19 .1518190E+11   3400022E-01  .1171E+02 -.8347E+01   .9999999 -.0001424 -.0002016
T 8534 19 .1518313E+11   3400012E-01 -.5925E+00 -.8717E+01   .9999999 -.0000118 -.0000669
T 8535 19 .1518185E+11   3400014E-01  .3593E+02  .1945E+02   .9999999  .0001930 -.0000701
T 8536 19 .1518173E+11   3400021E-01 -.6258E+01 -.1476E+02   .9999999  .0000282 -.0001587
T 8537 19 .1518364E+11   3400017E-01 -.2957E+02  .4757E+02   .9999999 -.0001669  .0003665
T 8538 19 .1518274E+11   3400008E-01  .2750E+02  .1354E+02   .9999999  .0002450 -.0001526
T 8539 19 .1518212E+11   3400022E-01 -.3588E+02  .5269E+01   .9999999 -.0003702 -.0000656
T 8540 19 .1518357E+11   3400009E-01  .2112E+02  .2988E+02   .9999999  .0001618  .0003032
T 8541 19 .1518394E+11   3400018E-01 -.1172E+02  .3736E+02   .9999999 -.0002129  .0002575
T 8542 19 .1518116E+11   3400013E-01  .1678E+02  .4129E+02   .9999999 -.0000252  .0002583
T 8543 19 .1518391E+11   3400021E-01 -.2770E+02  .3008E+02   .9999999  .0000544  .0001535
T 8544 19 .1518195E+11   3400012E-01  .1029E+01 -.1140E+02   .9999999  .0000469 -.0002468
T 8545 19 .1518368E+11   3400012E-01 -.3137E+01  .5146E+01   .9999999  .0000524 -.0001650
T 8546 19 .1518210E+11   3400007E-01 -.3901E+02 -.4370E+02   .9999998 -.0003674 -.0004342
T 8547 19 .1518352E+11   3400012E-01 -.1457E+02 -.4268E+01   .9999999 -.0002000  .0001245
T 8548 19 .1518233E+11   3400012E-01 -.1139E+02 -.2017E+02   .9999999 -.0002712 -.0002045
T 8549 19 .1518208E+11   3400009E-01 -.1800E+02  .3393E+02   .9999999 -.0003358 -.0000180
T 8550 19 .1518192E+11   3400011E-01  .4260E+01  .1860E+00   .9999999  .0001598 -.0000324
T 8551 19 .1518237E+11   3400002E-01 -.2205E+02  .1915E+02   .9999999 -.0002924  .0000770
T 8552 19 .1518485E+11   3400002E-01 -.1900E+02  .3512E+02   .9999999  .0000244  .0003268
T 8553 19 .1518188E+11   3400009E-01 -.5746E+01 -.4976E+02   .9999999 -.0003126 -.0001142
T 8554 19 .1518349E+11   3400015E-01  .4564E+00 -.9498E+00   .9999999 -.0000038  .0000520
T 8555 19 .1518228E+11   3400017E-01  .8648E+02  .3465E+02   .9999998  .0005706  .0003378
T 8556 19 .1518298E+11   3400003E-01  .1059E+03  .7360E+01   .9999996  .0008261 -.0001378
T 8557 19 .1518305E+11   3400011E-01  .5373E+02  .1922E+02   .9999999  .0002208  .0000512
T 8558 19 .1518290E+11   3400020E-01 -.6606E+02  .1312E+03   .9999997 -.0003678  .0007484
T 8559 19 .1518103E+11   3400019E-01  .3515E+01  .2082E+02   .9999999 -.0001178  .0000997
T 8560 19 .1518202E+11   3400017E-01 -.4696E+01 -.3122E+02   .9999999 -.0000787 -.0003206
T 8561 19 .1518488E+11   3400013E-01 -.8798E+02 -.1145E+03   .9999996 -.0005640 -.0006423
T 8562 19 .1518113E+11   3400001E-01  .3731E+02  .1753E+02   .9999999  .0002624  .0002076
T 8563 19 .1518166E+11   3400018E-01  .6797E+01  .7532E+01   .9999999  .0000156 -.0001067
T 8564 19 .1518244E+11   3400009E-01 -.2380E+02 -.3285E+02   .9999999 -.0002783 -.0001542
T 8565 19 .1518200E+11   3400001E-01  .1400E+02  .3579E+02   .9999999 -.0000425  .0000662
T 8566 19 .1518148E+11   3400009E-01  .1152E+01  .4069E+02   .9999999  .0000430  .0001909
T 8567 19 .1518200E+11   3400019E-01 -.2476E+01 -.3022E+01   .9999999 -.0000999 -.0000791
T 8568 19 .1518412E+11   3400016E-01  .4862E+01  .1726E+02   .9999999  .0000089  .0000448
T 8569 19 .1518196E+11   3400017E-01 -.2326E+02  .1430E+02   .9999999 -.0003168  .0001529
T 8570 19 .1518477E+11   3400017E-01  .2398E+02 -.1339E+02   .9999999  .0000020 -.0002331
T 8571 19 .1518308E+11   3400006E-01 -.2129E+01 -.5435E+02   .9999999 -.0000592 -.0004874
T 8572 19 .1518297E+11   3400006E-01 -.1725E+02 -.9780E+00   .9999999  .0000065 -.0001719
T 8573 19 .1518251E+11   3400020E-01  .2691E+02 -.8352E+02   .9999999  .0002994 -.0004507
T 8574 19 .1518259E+11   3400022E-01 -.3140E+02  .1040E+02   .9999999 -.0002433 -.0000554
T 8575 19 .1518334E+11   3400018E-01  .1196E+02  .1493E+02   .9999999  .0001379  .0000015
T 8576 19 .1518403E+11   3400010E-01 -.8050E+01  .4313E+01   .9999999 -.0000683  .0000576
T 8577 19 .1518304E+11   3400002E-01  .2659E+02  .3815E+01   .9999999  .0002954  .0003094
T 8578 19 .1518276E+11   3400011E-01 -.1769E+02 -.2009E+02   .9999999 -.0000643 -.0003220
T 8579 19 .1518374E+11   3400007E-01 -.3033E+02 -.2740E+02   .9999999 -.0001137 -.0003755
T 8580 19 .1518212E+11   3400002E-01  .1008E+02  .6827E+02   .9999999 -.0000651  .0002984
T 8581 19 .1518218E+11   3400020E-01  .1115E+02 -.1845E+02   .9999999  .0000040 -.0002355
T 8582 19 .1518515E+11   3400021E-01 -.3458E+02 -.8971E+02   .9999999 -.0000184 -.0004086
T 8583 19 .1518280E+11   3400023E-01 -.1257E+02 -.7076E+00   .9999999 -.0000516 -.0002009
T 8584 19 .1518236E+11   3400008E-01 -.5206E+00 -.7888E+02   .9999999  .0001829 -.0002143
T 8585 19 .1518162E+11   3400016E-01  .2214E+02  .3209E+02   .9999999 -.0000292  .0001552
T 8586 19 .1518294E+11   3400004E-01  .3645E+02 -.4185E+02   .9999999  .0001365 -.0003881
T 8587 19 .1518314E+11   3400010E-01  .5751E+02 -.2540E+02   .9999999  .0003734 -.0001035
T 8588 19 .1518239E+11   3400003E-01 -.5567E+02 -.7553E+01   .9999999 -.0004939  .0000249
T 8589 19 .1518416E+11   3400009E-01  .2568E+02 -.2626E+02   .9999999  .0001645 -.0001115
T 8590 19 .1518189E+11   3400021E-01 -.1104E+01  .1484E+01   .9999999  .0000067 -.0000771
T 8591 19 .1518344E+11   3400007E-01  .2855E+02 -.7316E+00   .9999999  .0000834 -.0000383
T 8592 19 .1518255E+11   3400004E-01  .1506E+02  .2116E+01   .9999999  .0001449 -.0001848
T 8593 19 .1518268E+11   3400021E-01  .2318E+01  .5486E+02   .9999999 -.0000607  .0001497
T 8594 19 .1518506E+11   3400021E-01 -.9683E+01 -.1455E+02   .9999999 -.0002252 -.0001860
T 8595 19 .1518100E+11   3400015E-01  .4924E+01 -.3663E+02   .9999999 -.0003599 -.0001798
T 8596 19 .1518406E+11   3400006E-01 -.1164E+01  .2218E+01   .9999999  .0000249  .0001825
T 8597 19 .1518240E+11   3400013E-01  .3141E+02  .2113E+02   .9999999  .0005013 -.0000429
T 8598 19 .1518301E+11   3400021E-01 -.3463E+02 -.2399E+02   .9999999 -.0000588 -.0000163
T 8599 19 .1518137E+11   3400007E-01 -.8953E+01 -.3197E+02   .9999999  .0000351 -.0003975
T 8600 19 .1518179E+11   3400017E-01 -.1449E+02  .1755E+02   .9999999 -.0001722  .0000140
T 8601 19 .1518359E+11   3400017E-01 -.3195E+02 -.3151E+02   .9999999 -.0003025 -.0002550
T 8602 19 .1518209E+11   3400010E-01 -.2035E+01 -.1099E+02   .9999999 -.0001771 -.0001400
T 8603 19 .1518329E+11   3400013E-01  .2803E+02  .6045E+02   .9999999  .0001576  .0001709
T 8604 19 .1518363E+11   3400007E-01  .2005E+02 -.2366E+01   .9999999  .0001063  .0000185
T 8605 19 .1518323E+11   3400004E-01  .2172E+02  .9482E+01   .9999999  .0001876  .0000183
T 8606 19 .1518341E+11   3400018E-01 -.2986E+02 -.4032E+02   .9999999 -.0001398 -.0003610
T 8607 19 .1518338E+11   3400011E-01 -.1340E+02  .1489E+02   .9999999 -.0001299  .0001436
T 8608 19 .1518164E+11   3400018E-01  .6211E+01 -.1791E+02   .9999999  .0000490 -.0002080
T 8609 19 .1518466E+11   3400001E-01 -.4686E+01  .3859E+02   .9999999  .0000002  .0002953
T 8610 19 .1518280E+11   3400017E-01 -.3638E+02 -.2013E+02   .9999999 -.0001361 -.0001330
T 8611 19 .1518372E+11   3400017E-01  .9370E+01 -.2469E+02   .9999999  .0001699 -.0001180
T 8612 19 .1518324E+11   3400012E-01 -.2032E+02  .1407E+01   .9999999 -.0001329  .0000305
T 8613 19 .1517957E+11   3400001E-01 -.1817E+02  .1275E+02   .9999999 -.0003407  .0000977
T 8614 19 .1518182E+11   3400015E-01 -.3498E+02  .3931E+01   .9999999  .0003320  .0003481
T 8615 19 .1518474E+11   3400012E-01 -.2064E+01  .2759E+02   .9999999  .0000273  .0002392
T 8616 19 .1518213E+11   3400005E-01  .1878E+02 -.3088E+02   .9999999  .0001444 -.0003574
T 8617 19 .1518267E+11   3400012E-01 -.1500E+02  .2914E+02   .9999996 -.0000942 -.0009144
T 8618 19 .1518171E+11   3400022E-01 -.1418E+02  .3990E+02   .9999999 -.0000712  .0002897
T 8619 19 .1518136E+11   3400005E-01 -.2359E+02 -.3294E+02   .9999999 -.0001375 -.0002747
T 8620 19 .1518277E+11   3400001E-01 -.3488E+02 -.3864E+02   .9999999 -.0002932 -.0001553
T 8621 19 .1518092E+11   3400021E-01 -.1869E+02 -.1449E+02   .9999999 -.0001707 -.0002190
T 8622 19 .1518193E+11   3400020E-01 -.4262E+03 -.2842E+03   .9999875 -.0040225 -.0029817
T 8623 19 .1518116E+11   3400019E-01  .4101E+02  .3118E+01   .9999999  .0001884 -.0001905
T 8624 19 .1518248E+11   3400013E-01  .3538E+01  .1129E+02   .9999999  .0000475  .0000448
T 8625 19 .1518393E+11   3400004E-01 -.2559E+02  .1235E+02   .9999999 -.0000411  .0001620
T 8626 19 .1518305E+11   3400014E-01  .3734E+02 -.1526E+02   .9999999  .0002593 -.0000914
T 8627 19 .1518166E+11   3400020E-01 -.2956E+02 -.1383E+02   .9999999 -.0002759 -.0001160
T 8628 19 .1518096E+11   3400007E-01 -.2311E+02 -.1539E+02   .9999999 -.0000421 -.0000994
T 8629 19 .1518289E+11   3400001E-01  .2684E+01  .6807E+01   .9999999  .0000522 -.0000943
T 8630 19 .1518314E+11   3400021E-01 -.8910E+01 -.5483E+02   .9999998 -.0002965 -.0005352
T 8631 19 .1518375E+11   3400015E-01  .7808E+01  .2235E+02   .9999999 -.0000246  .0003356
T 8632 19 .1518215E+11   3400000E-01  .3836E+02 -.1844E+01   .9999999  .0002019  .0001431
T 8633 19 .1518212E+11   3400017E-01  .3083E+01 -.2681E+01   .9999999  .0000988 -.0000527
T 8634 19 .1518419E+11   3400008E-01 -.3412E+02  .1993E+02   .9999999 -.0002119  .0002553
T 8635 19 .1518161E+11   3400020E-01 -.7206E+02 -.5842E+01   .9999999 -.0005175 -.0000228
T 8636 19 .1518423E+11   3400014E-01 -.1579E+03 -.5622E+02   .9999997 -.0007483 -.0002910
T 8637 19 .1518224E+11   3400017E-01  .1221E+02  .8363E+01   .9999999  .0000002  .0000476
T 8638 19 .1518318E+11   3400019E-01  .1096E+03 -.5939E+02   .9999998  .0006415 -.0000899
T 8639 19 .1518219E+11   3400003E-01  .2399E+02  .1336E+02   .9999999  .0001342  .0000484
T 8640 19 .1518183E+11   3400020E-01  .4947E+02  .5743E+02   .9999999  .0003549  .0003617
T 8641 19 .1518079E+11   3400021E-01 -.4241E+02  .2178E+02   .9999999 -.0002621  .0002176
T 8642 19 .1518366E+11   3400021E-01 -.6884E+02 -.1867E+02   .9999998 -.0006149 -.0000917
T 8643 19 .1518411E+11   3400013E-01  .3396E+00  .4664E+02   .9999999 -.0002339  .0002122
T 8644 19 .1518363E+11   3400015E-01 -.3162E+02  .6854E+02   .9999999 -.0001805  .0004107
T 8645 19 .1517972E+11   3400009E-01  .3393E+02  .6390E+01   .9999999  .0000566 -.0000166
T 8646 19 .1518268E+11   3400000E-01 -.5834E+01 -.4324E+02   .9999999 -.0000364 -.0002824
T 8647 19 .1518162E+11   3400002E-01  .3302E+01 -.5499E+02   .9999999  .0000209 -.0003518
T 8648 19 .1518268E+11   3400003E-01 -.8768E+01 -.1641E+01   .9999999 -.0000492  .0001458
T 8649 19 .1518484E+11   3400010E-01  .2789E+02  .5500E+02   .9999999  .0000892  .0003562
T 8650 19 .1518379E+11   3400012E-01 -.9360E+01 -.1917E+02   .9999999 -.0000016 -.0003003
T 8651 19 .1518252E+11   3400013E-01  .6568E+02  .8744E+01   .9999998  .0005792  .0000252
T 8652 19 .1518143E+11   3400018E-01  .3619E+01 -.9996E+01   .9999999  .0001228  .0000138
T 8653 19 .1518297E+11   3400009E-01  .6442E+01 -.1293E+02   .9999999  .0000541 -.0000701
T 8654 19 .1518129E+11   3400004E-01 -.1800E+02 -.5496E+02   .9999999 -.0000736 -.0003624
T 8655 19 .1518272E+11   3400019E-01 -.1868E+02  .3073E+02   .9999999 -.0002742  .0001361
T 8656 19 .1518471E+11   3400023E-01  .1367E+02  .1436E+01   .9999999  .0001132 -.0000484
T 8657 19 .1518284E+11   3400010E-01 -.3952E+02  .3124E+02   .9999999 -.0004017  .0003212
T 8658 19 .1518176E+11   3400015E-01 -.4702E+02  .6680E+01   .9999998 -.0005568  .0002324
T 8659 19 .1518426E+11   3400022E-01  .1895E+01 -.2505E+02   .9999999  .0000408 -.0002957
T 8660 19 .1518290E+11   3400001E-01  .2996E+02  .1019E+02   .9999999  .0002531  .0001189
T 8661 19 .1518323E+11   3400016E-01  .2412E+02 -.1764E+02   .9999999  .0003822 -.0001129
T 8662 19 .1518303E+11   3400009E-01 -.1207E+02  .2307E+02   .9999999 -.0001929  .0001742
T 8663 19 .1518492E+11   3400006E-01 -.1013E+02  .2382E+02   .9999999 -.0000195  .0000668
T 8664 19 .1518364E+11   3400009E-01 -.3323E+02 -.1934E+02   .9999999 -.0001232 -.0001360
T 8665 19 .1518179E+11   3400010E-01  .7247E+01 -.6274E+01   .9999999  .0002301 -.0000896
T 8666 19 .1518378E+11   3400014E-01  .2177E+02 -.5541E+02   .9999998  .0006562 -.0000123
T 8667 19 .1518404E+11   3400020E-01 -.6921E+01  .9959E+02   .9999999  .0000293  .0004939
T 8668 19 .1518243E+11   3400019E-01 -.2472E+02 -.1151E+02   .9999999 -.0000812 -.0001052
T 8669 19 .1518285E+11   3400008E-01 -.3815E+02 -.2041E+02   .9999999 -.0002612 -.0001333
T 8670 19 .1518257E+11   3400008E-01  .5012E+02  .3503E+02   .9999997  .0004673  .0005512
T 8671 19 .1518103E+11   3400010E-01 -.7980E+02 -.2837E+02   .9999999 -.0005167 -.0001416
T 8672 19 .1518052E+11   3400019E-01 -.2418E+01 -.2219E+02   .9999999 -.0001093 -.0002670
T 8673 19 .1518008E+11   3400005E-01  .4983E+02  .3616E+02   .9999999  .0001833  .0001901
T 8674 19 .1518293E+11   3400000E-01  .1886E+02 -.1544E+02   .9999999  .0002880 -.0003096
T 8675 19 .1518412E+11   3400016E-01  .3694E+02  .1213E+02   .9999999  .0003286  .0001181
T 8676 19 .1518249E+11   3400016E-01 -.2420E+02 -.2175E+02   .9999999 -.0001953 -.0003279
T 8677 19 .1518123E+11   3400019E-01 -.3731E+02 -.4383E+02   .9999999 -.0003427 -.0003540
T 8678 19 .1518427E+11   3400018E-01 -.4217E+02  .4258E+02   .9999999 -.0002374  .0003280
T 8679 19 .1518216E+11   3400012E-01 -.7009E+01 -.1062E+01   .9999999 -.0001475  .0000124
T 8680 19 .1518269E+11   3400017E-01  .9859E+02  .3440E+02   .9999994  .0009862  .0004264
T 8681 19 .1518290E+11   3400021E-01 -.3392E+02 -.5742E+01   .9999999 -.0002790  .0001030
T 8682 19 .1518234E+11   3400021E-01 -.2442E+02 -.1840E+02   .9999999 -.0001557 -.0000136
T 8683 19 .1518288E+11   3400021E-01 -.7216E+01 -.2297E+02   .9999998  .0002285 -.0005285
T 8684 19 .1518362E+11   3400012E-01  .4215E+02  .4046E+02   .9999999  .0001561  .0003240
T 8685 19 .1518240E+11   3400008E-01 -.5135E+02 -.9361E+02   .9999992 -.0005694 -.0010947
T 8686 19 .1518269E+11   3400023E-01 -.1106E+01 -.8943E+01   .9999999 -.0001066 -.0000912
T 8687 19 .1518245E+11   3400010E-01 -.2919E+02 -.9928E+01   .9999999 -.0001366 -.0001257
T 8688 19 .1518320E+11   3400012E-01 -.1472E+01 -.6559E+01   .9999999 -.0000139 -.0000801
T 8689 19 .1518169E+11   3400001E-01  .1756E+02 -.1162E+01   .9999999  .0002238  .0001987
T 8690 19 .1518215E+11   3400012E-01 -.7975E+01 -.3552E+02   .9999999  .0000498 -.0001716
T 8691 19 .1518435E+11   3400006E-01  .1726E+02 -.1754E+02   .9999999  .0001239 -.0001164
T 8692 19 .1518243E+11   3400012E-01  .3128E+02 -.1897E+02   .9999998  .0004392 -.0004393
T 8693 19 .1518336E+11   3400022E-01 -.1975E+02 -.9402E+01   .9999999 -.0001132  .0000856
T 8694 19 .1518335E+11   3400019E-01 -.4437E+02  .1605E+02   .9999999 -.0001970 -.0001642
T 8695 19 .1518216E+11   3400013E-01 -.5393E+01 -.1407E+02   .9999999  .0000769 -.0000788
T 8696 19 .1518450E+11   3400011E-01 -.1271E+02 -.3673E+02   .9999999  .0001087 -.0002081
T 8697 19 .1518105E+11   3400015E-01 -.9002E+01  .1001E+02   .9999999  .0000339  .0001502
T 8698 19 .1518239E+11   3400011E-01 -.2829E+02 -.6246E+01   .9999999 -.0002262 -.0001529
T 8699 19 .1518284E+11   3400023E-01 -.4663E+02  .1411E+00   .9999999 -.0003744 -.0000637
T 8700 19 .1518141E+11   3400017E-01 -.7063E+01  .2938E+01   .9999999 -.0001010 -.0000536
T 8701 19 .1518360E+11   3400013E-01  .4041E+02  .1832E+02   .9999999 -.0000652  .0000511
T 8702 19 .1518283E+11   3400019E-01 -.8613E+02 -.1775E+02   .9999999 -.0004309 -.0000963
T 8703 19 .1518102E+11   3400020E-01 -.2696E+02  .3112E+02   .9999999 -.0002700  .0002438
T 8704 19 .1518021E+11   3400022E-01 -.3066E+02  .1677E+01   .9999999 -.0001823 -.0001204
T 8705 19 .1518267E+11   3400008E-01 -.5302E+02  .2993E+02   .9999999 -.0001426  .0001447
T 8706 19 .1518246E+11   3400010E-01 -.6540E+02  .1417E+03   .9999995 -.0004967  .0009059
T 8707 19 .1518240E+11   3400021E-01  .4464E+01  .8543E+00   .9999999  .0001378  .0000427
T 8708 19 .1518278E+11   3400014E-01  .2501E+02 -.1691E+02   .9999999  .0001253 -.0001785
T 8709 19 .1518193E+11   3400021E-01 -.1885E+02 -.1097E+01   .9999999 -.0004952  .0000934
T 8710 19 .1518234E+11   3400022E-01 -.9547E+02  .2091E+02   .9999997 -.0007186  .0001412
T 8711 19 .1518326E+11   3400018E-01  .3001E+01 -.2159E+02   .9999999  .0003997 -.0002776
T 8712 19 .1518384E+11   3400005E-01  .7781E+01  .4368E+01   .9999999  .0000154  .0001104
T 8713 19 .1518179E+11   3400012E-01 -.4145E+02 -.6720E+02   .9999999 -.0002751 -.0004265
T 8714 19 .1518328E+11   3400017E-01 -.1757E+02  .1582E+02   .9999999 -.0003536  .0002005
T 8715 19 .1518122E+11   3400008E-01 -.4337E+01  .1127E+02   .9999999 -.0000607  .0000154
T 8716 19 .1518308E+11   3400009E-01 -.5408E+02  .1918E+02   .9999999 -.0004520  .0001116
T 8717 19 .1518365E+11   3400009E-01 -.3605E+02  .3436E+02   .9999999 -.0002122  .0001338
T 8718 19 .1518500E+11   3400014E-01  .2459E+02  .3495E+01   .9999999  .0001632 -.0000175
T 8719 19 .1518312E+11   3400009E-01 -.2139E+02  .8893E+01   .9999999 -.0001430  .0000477
T 8720 19 .1518160E+11   3400017E-01  .1020E+03  .1002E+03   .9999997  .0004804  .0005439
T 8721 19 .1518250E+11   3400016E-01  .7847E+02  .3247E+02   .9999997  .0007795  .0000847
T 8722 19 .1518349E+11   3400018E-01 -.5995E+02 -.2464E+02   .9999999 -.0003074 -.0001782
T 8723 19 .1518368E+11   3400021E-01 -.1669E+02  .9521E+01   .9999999 -.0001305 -.0000039
T 8724 19 .1518255E+11   3400014E-01  .1046E+02 -.2775E+00   .9999999  .0000571  .0000393
T 8725 19 .1518355E+11   3400016E-01  .8462E+01 -.6460E+02   .9999999  .0001495 -.0001931
T 8726 19 .1518075E+11   3400019E-01 -.2035E+01 -.2021E+02   .9999999 -.0001327 -.0002164
T 8727 19 .1518190E+11   3400001E-01 -.2732E+02 -.4771E+02   .9999999 -.0002984 -.0003631
T 8728 19 .1518331E+11   3400022E-01 -.8579E+01 -.1051E+02   .9999999 -.0001668 -.0000793
T 8729 19 .1518202E+11   3400022E-01  .2896E+02  .2535E+02   .9999999  .0000148  .0002201
T 8730 19 .1518294E+11   3400018E-01  .9858E+01  .2638E+02   .9999999  .0001084  .0003145
T 8731 19 .1518378E+11   3400007E-01 -.4688E+01  .1840E+02   .9999999  .0000277  .0001510
T 8732 19 .1518255E+11   3400018E-01  .1672E+02  .1053E+02   .9999999  .0001757  .0000273
T 8733 19 .1518207E+11   3400009E-01 -.2616E+01  .2469E+02   .9999999  .0000726  .0001735
T 8734 19 .1518336E+11   3400013E-01  .2939E+02  .7128E+01   .9999999  .0002385 -.0001560
T 8735 19 .1518201E+11   3400021E-01  .8451E+01 -.5549E+02   .9999999 -.0000073 -.0004946
T 8736 19 .1518287E+11   3400021E-01 -.6500E+01  .2324E+02   .9999999  .0001156  .0002273
T 8737 19 .1518388E+11   3400022E-01  .1375E+03  .6004E+02   .9999996  .0007603  .0004402
T 8738 19 .1518234E+11   3400015E-01  .1966E+02  .4583E+01   .9999998  .0001835  .0006520
T 8739 19 .1518344E+11   3400014E-01 -.8337E+02 -.3111E+02   .9999963 -.0025900 -.0008214
T 8740 19 .1518344E+11   3400008E-01 -.1557E+02 -.2612E+02   .9999999 -.0001025 -.0003896
T 8741 19 .1518421E+11   3400002E-01 -.9136E+01  .3406E+01   .9999999 -.0000882  .0000325
T 8742 19 .1518288E+11   3400010E-01 -.2657E+02  .1098E+02   .9999999 -.0003107  .0001023
T 8743 19 .1518333E+11   3400009E-01 -.9318E+01 -.8698E+01   .9999999 -.0001764 -.0001969
T 8744 19 .1518002E+11   3400022E-01 -.1747E+02  .1079E+02   .9999999  .0000008  .0001018
T 8745 19 .1518265E+11   3400014E-01 -.2764E+02 -.2014E+02   .9999999 -.0001956 -.0000575
T 8746 19 .1518186E+11   3400021E-01  .4721E+01 -.6534E+00   .9999999 -.0000579  .0000925
T 8747 19 .1518299E+11   3400009E-01  .6463E+02 -.1603E+02   .9999999  .0004567 -.0000541
T 8748 19 .1518155E+11   3400018E-01  .5057E+01  .1442E+02   .9999999 -.0000340  .0000460
T 8749 19 .1518167E+11   3400011E-01 -.3890E+02  .1268E+02   .9999999 -.0003187  .0001626
T 8750 19 .1518118E+11   3400022E-01  .2089E+02  .4278E+02   .9999999  .0000881  .0001025
T 8751 19 .1518124E+11   3400003E-01 -.1087E+02  .2333E+02   .9999999  .0000292  .0000903
T 8752 19 .1518302E+11   3400022E-01 -.1160E+01  .3290E+02   .9999999  .0000800  .0001232
T 8753 19 .1518285E+11   3400002E-01 -.1336E+02  .3457E+01   .9999999 -.0001113 -.0001124
T 8754 19 .1518258E+11   3400020E-01 -.1765E+02 -.2229E+02   .9999999  .0000664 -.0001458
T 8755 19 .1518353E+11   3400006E-01  .9479E+01 -.3939E+01   .9999999  .0000534 -.0000878
T 8756 19 .1518273E+11   3400022E-01 -.3637E+01 -.8421E+01   .9999999 -.0002890  .0001437
T 8757 19 .1518305E+11   3400011E-01 -.9248E+01  .1116E+02   .9999999 -.0001635 -.0000819
T 8758 19 .1518113E+11   3400022E-01  .1739E+02 -.2772E+02   .9999999 -.0000050 -.0001249
T 8759 19 .1518287E+11   3400009E-01  .2445E+02 -.6049E+02   .9999999  .0001466 -.0004746
T 8760 19 .1518210E+11   3400017E-01  .1860E+02 -.8290E+01   .9999999  .0000801 -.0000096
T 8761 19 .1518288E+11   3400018E-01 -.2575E+01  .4289E+01   .9999999 -.0000626 -.0000830
T 8762 19 .1518129E+11   3400009E-01  .6739E+02 -.1081E+02   .9999999  .0004815 -.0002542
T 8763 19 .1518191E+11   3400020E-01 -.2250E+01 -.3095E+02   .9999999  .0003185 -.0004125
T 8764 19 .1518084E+11   3400021E-01 -.5275E+02 -.2931E+02   .9999996 -.0008535  .0000477
T 8765 19 .1518276E+11   3400009E-01  .7405E+02  .6363E+02   .9999997  .0005753  .0005730
T 8766 19 .1518148E+11   3400021E-01  .9225E+01  .1164E+02   .9999999  .0000043  .0002236
T 8767 19 .1518243E+11   3400022E-01  .2218E+02 -.9882E+01   .9999999  .0002962 -.0001113
T 8768 19 .1518280E+11   3400005E-01  .6106E+02  .6527E+00   .9999999  .0001090  .0000920
T 8769 19 .1518267E+11   3400015E-01  .7658E+02  .2710E+02   .9999999  .0004369  .0002503
T 8770 19 .1518182E+11   3400007E-01 -.6994E+01 -.2780E+02   .9999999 -.0000238 -.0000125
T 8771 19 .1518134E+11   3400006E-01  .5253E+01 -.4119E+01   .9999999  .0000198 -.0001077
T 8772 19 .1518296E+11   3400022E-01  .2780E+02  .9198E+00   .9999999  .0003159 -.0000117
T 8773 19 .1518418E+11   3400005E-01  .7273E+02 -.1499E+02   .9999999  .0005414 -.0000319
T 8774 19 .1518359E+11   3400021E-01 -.2773E+02  .3484E+02   .9999998 -.0004343  .0005193
T 8775 19 .1518296E+11   3400003E-01  .1339E+02  .2941E+02   .9999999  .0000835  .0002271
T 8776 19 .1518170E+11   3400020E-01  .3108E+02  .7540E+01   .9999999  .0001653  .0000694
T 8777 19 .1518170E+11   3400002E-01 -.5974E+02 -.1156E+01   .9999999 -.0003041  .0000087
T 8778 19 .1518334E+11   3400008E-01 -.5449E+03  .2814E+03   .9999737 -.0065188  .0031815
T 8779 19 .1518274E+11   3400014E-01  .3172E+02 -.3344E+02   .9999999  .0002171 -.0003229
T 8780 19 .1518257E+11   3400020E-01  .4101E+02 -.2156E+02   .9999999  .0003550 -.0002342
T 8781 19 .1518076E+11   3400007E-01  .3163E+02  .9436E+02   .9999998  .0001924  .0005218
T 8782 19 .1518107E+11   3400001E-01 -.6436E+02 -.3562E+02   .9999999 -.0003875 -.0002046
T 8783 19 .1518393E+11   3400021E-01  .2974E+02  .2058E+02   .9999999  .0002417 -.0000262
T 8784 19 .1518094E+11   3400008E-01  .8388E+02 -.1088E+02   .9999999  .0005409 -.0000415
T 8785 19 .1518321E+11   3400005E-01 -.2956E+02  .6465E+02   .9999998 -.0004680  .0004792
T 8786 19 .1518096E+11   3400005E-01  .1081E+02  .4794E+02   .9999999 -.0001335  .0003808
T 8787 19 .1518120E+11   3400017E-01  .1549E+02 -.2208E+01   .9999999  .0001708 -.0001212
T 8788 19 .1518123E+11   3400019E-01 -.5761E+00 -.2760E+02   .9999999 -.0001781 -.0001492
T 8789 19 .1518311E+11   3400012E-01 -.2270E+02 -.8889E+01   .9999999 -.0001576 -.0001012
T 8790 19 .1518365E+11   3400020E-01 -.8780E+00 -.3899E+01   .9999999  .0001981  .0000808
T 8791 19 .1518358E+11   3400005E-01 -.6219E+01  .2736E+01   .9999999 -.0001145  .0000254
T 8792 19 .1518024E+11   3400019E-01  .3034E+02  .1274E+02   .9999999  .0003528 -.0000388
T 8793 19 .1518380E+11   3400007E-01 -.1400E+02 -.1110E+02   .9999999 -.0000082 -.0000948
T 8794 19 .1518302E+11   3400006E-01  .2646E+02 -.1349E+02   .9999999  .0003921 -.0002860
T 8795 19 .1518155E+11   3400019E-01  .5262E+00 -.3424E+02   .9999999  .0003818 -.0000169
T 8796 19 .1518175E+11   3400009E-01  .3186E+02 -.4962E+02   .9999999  .0001803 -.0004500
T 8797 19 .1518094E+11   3400010E-01 -.2483E+02 -.4497E+02   .9999999 -.0000959 -.0004119
T 8798 19 .1518216E+11   3400009E-01 -.6830E+01  .2031E+02   .9999999  .0000428  .0001715
T 8799 19 .1518233E+11   3400019E-01  .3799E+02 -.1071E+02   .9999999  .0002548  .0000050
T 8800 19 .1518316E+11   3400019E-01 -.6485E+02 -.9771E+01   .9999999 -.0004351 -.0000945
T 8801 19 .1518369E+11   3400015E-01  .2875E+02  .5997E+00   .9999999  .0003432  .0002011
T 8802 19 .1518469E+11   3400016E-01  .2995E+01  .4027E+02   .9999999  .0000689  .0004764
T 8803 19 .1518177E+11   3400017E-01  .2540E+00 -.4999E+02   .9999998  .0000535 -.0006418
T 8804 19 .1518347E+11   3400012E-01 -.2587E+02 -.2988E+01   .9999999 -.0002268 -.0000213
T 8805 19 .1518100E+11   3400006E-01 -.2421E+02 -.1975E+02   .9999999 -.0000804 -.0001945
T 8806 19 .1518174E+11   3400001E-01  .1565E+02  .1586E+01   .9999999  .0001226  .0001395
T 8807 19 .1518200E+11   3400008E-01 -.5349E+02  .1011E+02   .9999999 -.0002600  .0000135
T 8808 19 .1518204E+11   3400006E-01 -.5526E+02 -.5354E+02   .9999997 -.0005525 -.0004722
T 8809 19 .1518189E+11   3400018E-01  .7982E+01 -.5420E+02   .9999999 -.0000671 -.0004423
T 8810 19 .1518090E+11   3400019E-01  .2676E+02  .2184E+02   .9999999  .0000999  .0000843
T 8811 19 .1518334E+11   3400021E-01 -.1078E+03 -.2881E+02   .9999998 -.0006019 -.0000379
T 8812 19 .1518202E+11   3400010E-01  .6657E+02  .2385E+02   .9999999  .0003758  .0001880
T 8813 19 .1518186E+11   3400006E-01 -.9461E+01 -.3949E+02   .9999999  .0001799 -.0003173
T 8814 19 .1518262E+11   3400017E-01 -.2339E+02 -.4608E+02   .9999999 -.0001023 -.0002606
T 8815 19 .1518354E+11   3400022E-01  .2604E+02 -.2162E+02   .9999999  .0000298 -.0000710
T 8816 19 .1518379E+11   3400006E-01  .1182E+02  .2015E+02   .9999999  .0000742 -.0000551
T 8817 19 .1518259E+11   3400022E-01  .2520E+02 -.7227E+02   .9999999  .0000454 -.0004388
T 8818 19 .1518257E+11   3400020E-01  .7551E+01  .2114E+02   .9999999 -.0001045  .0003509
T 8819 19 .1518217E+11   3400018E-01 -.2214E+01 -.2708E+02   .9999999  .0000806 -.0002782
T 8820 19 .1517916E+11   3400010E-01  .1432E+02 -.3142E+02   .9999999 -.0000701 -.0002422
T 8821 19 .1518234E+11   3400021E-01  .6071E+01 -.6852E+01   .9999999 -.0002420  .0001108
T 8822 19 .1518310E+11   3400017E-01 -.3134E+02  .2053E+02   .9999999 -.0001219 -.0000140
T 8823 19 .1518353E+11   3400001E-01 -.3562E+01 -.5917E+01   .9999999  .0000212 -.0001141
T 8824 19 .1518108E+11   3400015E-01 -.3971E+02  .5906E+02   .9999997 -.0007239  .0003691
T 8825 19 .1518168E+11   3400021E-01 -.3799E+02  .1588E+02   .9999999 -.0002101  .0000467
T 8826 19 .1518441E+11   3400010E-01 -.4590E+02 -.2163E+02   .9999999 -.0001087 -.0001497
T 8827 19 .1518210E+11   3400000E-01  .5510E+01  .3536E+01   .9999999 -.0000409 -.0001267
T 8828 19 .1518277E+11   3400007E-01 -.1847E+02 -.2178E+02   .9999999 -.0002078 -.0003427
T 8829 19 .1518298E+11   3400007E-01 -.6991E+01  .2946E+02   .9999999  .0001737  .0001537
T 8830 19 .1518478E+11   3400003E-01 -.5162E+02 -.2532E+02   .9999999 -.0005036 -.0000224
T 8831 19 .1518200E+11   3400013E-01  .2083E+02 -.2557E+02   .9999999  .0001624 -.0002420
T 8832 19 .1518244E+11   3400017E-01 -.2002E+02  .4289E+01   .9999999 -.0000889 -.0000218
T 8833 19 .1518152E+11   3400010E-01  .7046E+02  .5118E+02   .9999998  .0004371  .0003334
T 8834 19 .1518436E+11   3400020E-01  .2098E+02 -.1420E+02   .9999999  .0000773 -.0001294
T 8835 19 .1518035E+11   3400004E-01 -.1925E+01 -.1042E+02   .9999999 -.0001255 -.0000586
T 8836 19 .1518047E+11   3400013E-01  .2411E+02 -.2168E+02   .9999999  .0000062 -.0001160
T 8837 19 .1518201E+11   3400021E-01  .2877E+02 -.1984E+02   .9999999  .0001217 -.0000930
T 8838 19 .1518255E+11   3400007E-01 -.1426E+02 -.1509E+02   .9999999 -.0000456 -.0001257
T 8839 19 .1518165E+11   3400008E-01 -.3347E+02 -.1147E+02   .9999999 -.0002291 -.0001932
T 8840 19 .1518249E+11   3400012E-01  .8476E+02 -.2894E+02   .9999999  .0002923 -.0000728
T 8841 19 .1518282E+11   3400019E-01  .1055E+02  .9929E+00   .9999999 -.0000154 -.0001513
T 8842 19 .1518318E+11   3400017E-01 -.7835E+01 -.5319E+01   .9999999 -.0001065 -.0001966
T 8843 19 .1518290E+11   3400020E-01  .7048E+01  .5856E+01   .9999999  .0000312 -.0000723
T 8844 19 .1518255E+11   3400015E-01 -.2590E+00  .3307E+02   .9999999  .0001973  .0004420
T 8845 19 .1518211E+11   3400020E-01 -.1862E+02  .5151E+02   .9999999 -.0002065  .0004751
T 8846 19 .1518291E+11   3400002E-01  .1212E+02  .3219E+02   .9999999  .0000624  .0002428
T 8847 19 .1518321E+11   3400023E-01 -.1931E+03 -.2116E+03   .9999971 -.0016916 -.0016870
T 8848 19 .1518318E+11   3400020E-01 -.6724E+01 -.1967E+01   .9999999  .0001521 -.0003895
T 8849 19 .1518292E+11   3400017E-01  .5356E+02  .2197E+02   .9999999  .0002687  .0002237
T 8850 19 .1518121E+11   3400020E-01 -.2163E+01 -.2378E+01   .9999999  .0000716 -.0000569
T 8851 19 .1518447E+11   3400020E-01  .1782E+01  .8193E+00   .9999999 -.0001240 -.0000183
T 8852 19 .1518404E+11   3400012E-01 -.1085E+02  .2699E+02   .9999999 -.0000884  .0001659
T 8853 19 .1518316E+11   3400016E-01 -.1473E+02 -.2319E+02   .9999999  .0000511 -.0002562
T 8854 19 .1518429E+11   3400001E-01  .1868E+02  .5265E+02   .9999999  .0004006  .0002367
T 8855 19 .1518268E+11   3400001E-01 -.2847E+02 -.3246E+02   .9999999 -.0000374 -.0002255
T 8856 19 .1518178E+11   3400004E-01  .2151E+02  .1825E+02   .9999999 -.0000080  .0002066
T 8857 19 .1518324E+11   3400015E-01 -.2620E+02 -.3623E+02   .9999999 -.0000776 -.0002427
T 8858 19 .1518268E+11   3400007E-01  .7604E+01  .1074E+02   .9999999 -.0001263  .0001680
T 8859 19 .1518288E+11   3400016E-01 -.1439E+00 -.4133E+02   .9999999 -.0000653 -.0000447
T 8860 19 .1518196E+11   3400022E-01 -.2162E+02  .1982E+01   .9999999 -.0000832 -.0001768
T 8861 19 .1518054E+11   3400016E-01 -.5726E+02 -.9552E+02   .9999999 -.0002241 -.0004542
T 8862 19 .1518055E+11   3400004E-01 -.4152E+02  .5516E+02   .9999998 -.0004284  .0004340
T 8863 19 .1518238E+11   3400010E-01  .8455E+00 -.9330E+01   .9999999 -.0000397 -.0000808
T 8864 19 .1518054E+11   3400002E-01  .3657E+02 -.4891E+01   .9999999  .0002792  .0001590
T 8865 19 .1518475E+11   3400018E-01 -.1282E+02 -.4049E+02   .9999999 -.0003963 -.0001484
T 8866 19 .1518310E+11   3400019E-01  .3161E+02 -.1396E+02   .9999999  .0004185 -.0000982
T 8867 19 .1518053E+11   3400008E-01 -.4085E+02 -.1162E+01   .9999999 -.0001881 -.0000765
T 8868 19 .1518413E+11   3400016E-01 -.6884E+02  .5003E+02   .9999997 -.0002653  .0007138
T 8869 19 .1518412E+11   3400003E-01 -.6168E+02 -.5765E+00   .9999999 -.0001804 -.0001570
T 8870 19 .1518215E+11   3400001E-01 -.3973E+02  .3520E+02   .9999998 -.0004136  .0004555
T 8871 19 .1518094E+11   3400009E-01  .6879E+01 -.2177E+02   .9999999  .0001116 -.0002101
T 8872 19 .1518218E+11   3400002E-01  .1122E+02 -.3919E+02   .9999999  .0000735 -.0002853
T 8873 19 .1518322E+11   3400022E-01  .2834E+02  .3718E+01   .9999999  .0001142 -.0001570
T 8874 19 .1518265E+11   3400015E-01  .3760E+02  .1978E+01   .9999999  .0004485  .0000852
T 8875 19 .1518050E+11   3400018E-01 -.2406E+01  .3460E+02   .9999999 -.0000576  .0002581
T 8876 19 .1518007E+11   3400019E-01 -.1021E+02  .4697E+02   .9999999 -.0000968  .0004339
T 8877 19 .1518068E+11   3400015E-01 -.3252E+02 -.3351E+02   .9999999 -.0003895 -.0001786
T 8878 19 .1518054E+11   3400003E-01 -.2471E+02  .7997E+01   .9999999 -.0003318  .0001022
T 8879 19 .1518230E+11   3400006E-01  .2247E+02 -.5942E+01   .9999999 -.0000545 -.0001815
T 8880 19 .1518133E+11   3400022E-01  .1203E+01  .5792E+02   .9999999 -.0001285  .0004629
T 8881 19 .1518644E+11   3400019E-01 -.2537E+02  .4000E+02   .9999999 -.0001965  .0003431
T 8882 19 .1518437E+11   3400020E-01 -.6503E+01  .1973E+00   .9999999 -.0000274  .0000373
T 8883 19 .1518413E+11   3400011E-01 -.4359E+02  .5450E+02   .9999999 -.0002123  .0004599
T 8884 19 .1518267E+11   3400011E-01  .2854E+01  .1176E+02   .9999999 -.0000232  .0002507
T 8885 19 .1518392E+11   3400014E-01  .2542E+02  .3351E+02   .9999999  .0001486  .0001476
T 8886 19 .1518243E+11   3400016E-01  .2769E+02 -.1016E+02   .9999999  .0002113 -.0000681
T 8887 19 .1518241E+11   3400004E-01  .1501E+02  .1307E+02   .9999999  .0000601  .0000078
T 8888 19 .1518361E+11   3400008E-01  .1691E+02  .6665E+01   .9999999  .0001449 -.0000536
T 8889 19 .1518292E+11   3400018E-01 -.2779E+02  .7923E+02   .9999998 -.0001974  .0005343
T 8890 19 .1518189E+11   3400022E-01 -.5466E+02 -.3471E+01   .9999999 -.0004325 -.0001084
T 8891 19 .1518136E+11   3400000E-01  .5289E-01 -.6772E+01   .9999999  .0000077 -.0001648
T 8892 19 .1518240E+11   3400005E-01  .8738E+00  .2609E+02   .9999999  .0000470  .0002786
T 8893 19 .1518238E+11   3400023E-01  .1939E+02  .1772E+02   .9999999  .0002088  .0000520
T 8894 19 .1518223E+11   3400016E-01 -.3071E+01  .5519E+01   .9999999  .0000410  .0001668
T 8895 19 .1518144E+11   3400009E-01 -.3804E+02 -.1864E+01   .9999999 -.0002923 -.0001550
T 8896 19 .1518265E+11   3400006E-01 -.1110E+01  .6265E+02   .9999999  .0001509  .0002965
T 8897 19 .1518189E+11   3400018E-01  .1345E+01 -.1706E+01   .9999999 -.0000673 -.0000833
T 8898 19 .1518080E+11   3400019E-01  .2866E+02  .1044E+02   .9999999  .0003218 -.0001626
T 8899 19 .1518419E+11   3400013E-01  .1227E+01  .3497E+02   .9999999 -.0000856  .0002703
T 8900 19 .1518249E+11   3400012E-01 -.7844E+01 -.1523E+01   .9999999 -.0001878 -.0000123
T 8901 19 .1518370E+11   3400015E-01 -.1071E+01  .9076E+01   .9999999 -.0001456 -.0000004
T 8902 19 .1518375E+11   3400020E-01  .2759E+02 -.2172E+01   .9999999  .0002161 -.0001260
T 8903 19 .1518341E+11   3400021E-01 -.2116E+02  .8696E+01   .9999999 -.0000408  .0000683
T 8904 19 .1518251E+11   3400020E-01 -.6648E+01 -.1340E+02   .9999999 -.0002026 -.0000112
T 8905 19 .1518115E+11   3400012E-01  .1803E+02  .1774E+02   .9999999  .0000915  .0001465
T 8906 19 .1518261E+11   3400022E-01  .6697E+01 -.2373E+02   .9999999  .0001225 -.0001652
T 8907 19 .1518293E+11   3400001E-01  .9194E+01  .1225E+02   .9999999 -.0000847 -.0000111
T 8908 19 .1518271E+11   3400004E-01  .3028E+02  .5620E+01   .9999999  .0000410 -.0000414
T 8909 19 .1518299E+11   3400021E-01  .2010E+02 -.1076E+03   .9999998  .0001071 -.0006347
T 8910 19 .1518240E+11   3400020E-01  .2167E+02 -.7088E-01   .9999999  .0001192 -.0000530
T 8911 19 .1518127E+11   3400020E-01  .1672E+02 -.2680E+02   .9999999  .0001647  .0000479
T 8912 19 .1518294E+11   3400012E-01 -.2000E+02 -.1284E+02   .9999999 -.0001532  .0001179
T 8913 19 .1518417E+11   3400000E-01 -.3726E+01  .2538E+02   .9999999 -.0000142  .0001795
T 8914 19 .1518390E+11   3400017E-01 -.5916E+01  .1701E+02   .9999999 -.0002155  .0001506
T 8915 19 .1518214E+11   3400022E-01 -.8415E+01  .1577E+02   .9999999  .0000324  .0000427
T 8916 19 .1518138E+11   3400000E-01  .2647E+02  .2758E+02   .9999998  .0001052  .0005847
T 8917 19 .1518409E+11   3400021E-01  .1546E+02  .1635E+01   .9999999  .0001284 -.0001610
T 8918 19 .1518179E+11   3400018E-01  .2547E+02 -.1479E+03   .9999996 -.0003076 -.0007999
T 8919 19 .1518284E+11   3400009E-01 -.1016E+02  .2599E+02   .9999999 -.0000374  .0002457
T 8920 19 .1518185E+11   3400018E-01  .5803E+01  .3269E+02   .9999999  .0000755  .0001759
T 8921 19 .1518146E+11   3400007E-01  .4042E+02 -.6863E+01   .9999999  .0003342  .0000843
T 8922 19 .1518301E+11   3400007E-01 -.2410E+02 -.9910E+01   .9999999 -.0002686 -.0000099
T 8923 19 .1518277E+11   3400006E-01  .3158E+02 -.1779E+02   .9999999  .0002177 -.0000799
T 8924 19 .1518276E+11   3400002E-01  .3529E+02  .2837E+02   .9999999  .0003057  .0004303
T 8925 19 .1518093E+11   3400017E-01 -.3317E+00  .2954E+01   .9999999 -.0001681 -.0000403
T 8926 19 .1518459E+11   3400003E-01 -.4194E+02 -.6813E+02   .9999999 -.0002496 -.0002349
T 8927 19 .1518207E+11   3400014E-01 -.3919E+01 -.1038E+03   .9999998 -.0000859 -.0005645
T 8928 19 .1518411E+11   3400005E-01  .2340E+02  .1088E+02   .9999999  .0003367  .0000123
T 8929 19 .1518204E+11   3400008E-01  .2862E+02  .7165E+01   .9999999  .0000199 -.0000559
T 8930 19 .1518199E+11   3400011E-01  .3520E+02 -.2092E+02   .9999999  .0001435 -.0003788
T 8931 19 .1518067E+11   3400021E-01  .1122E+02  .1905E+02   .9999999 -.0000214  .0000207
T 8932 19 .1518375E+11   3400013E-01 -.2314E+01  .2610E+02   .9999999 -.0000442  .0001973
T 8933 19 .1518094E+11   3400023E-01 -.6614E+02 -.4219E+02   .9999999 -.0001897 -.0001885
T 8934 19 .1518128E+11   3400020E-01  .1183E+02 -.5042E+02   .9999999  .0000865 -.0003354
T 8935 19 .1518026E+11   3400011E-01  .3819E+02  .8962E+02   .9999997  .0004048  .0006846
T 8936 19 .1518176E+11   3400018E-01  .3165E+01  .2521E+02   .9999999 -.0000010  .0002324
T 8937 19 .1518276E+11   3400012E-01  .6659E+01 -.2483E+02   .9999999 -.0000172 -.0000400
T 8938 19 .1518374E+11   3400012E-01 -.2131E+02  .3221E+02   .9999999 -.0001403  .0001100
T 8939 19 .1518317E+11   3400005E-01 -.1972E+02  .2807E+01   .9999999 -.0000255  .0000409
T 8940 19 .1518444E+11   3400019E-01 -.2095E+02 -.1468E+02   .9999999 -.0001689 -.0001815
T 8941 19 .1518261E+11   3400012E-01 -.4917E+02 -.1045E+02   .9999999 -.0002981 -.0002046
T 8942 19 .1518060E+11   3400010E-01  .1271E+02  .6146E+01   .9999999  .0004728  .0000036
T 8943 19 .1517958E+11   3400012E-01  .4113E+02 -.3467E+02   .9999999  .0002722 -.0002282
T 8944 19 .1518381E+11   3400018E-01 -.1292E+02  .2830E+02   .9999999 -.0000260  .0000887
T 8945 19 .1518458E+11   3400009E-01  .2181E+02  .1244E+02   .9999999  .0003493  .0002066
T 8946 19 .1518289E+11   3400001E-01 -.2012E+02  .1299E+02   .9999999 -.0001875  .0000248
T 8947 19 .1518350E+11   3400013E-01 -.4690E+02  .1374E+02   .9999999 -.0001304  .0001871
T 8948 19 .1518233E+11   3400001E-01 -.1129E+02  .5438E+02   .9999999  .0001618  .0001287
T 8949 19 .1518104E+11   3400022E-01  .2681E+03 -.1425E+03   .9999974  .0020861 -.0009173
T 8950 19 .1518153E+11   3400000E-01 -.7966E+02 -.1481E+01   .9999999 -.0005142 -.0001051
T 8951 19 .1518184E+11   3400009E-01 -.4059E+02  .2851E+02   .9999999 -.0002996  .0001252
T 8952 19 .1518142E+11   3400002E-01 -.1699E+02  .1127E+02   .9999999 -.0000038  .0000354
T 8953 19 .1518303E+11   3400018E-01  .1172E+02 -.2128E+02   .9999999  .0000174 -.0002463
T 8954 19 .1518076E+11   3400002E-01 -.2304E+02  .1712E+02   .9999999 -.0001265 -.0001446
T 8955 19 .1518324E+11   3400006E-01  .5253E+02 -.2369E+02   .9999999  .0002084 -.0001335
T 8956 19 .1518169E+11   3400009E-01  .3016E+02 -.3858E+02   .9999999  .0000341 -.0003320
T 8957 19 .1518530E+11   3400018E-01 -.1762E+02 -.3043E+02   .9999999 -.0000022 -.0000804
T 8958 19 .1518197E+11   3400004E-01 -.8474E+01 -.1834E+01   .9999999 -.0001838 -.0001219
T 8959 19 .1518327E+11   3400002E-01  .3313E+02 -.1919E+02   .9999999  .0001214 -.0002445
T 8960 19 .1518080E+11   3400016E-01  .3384E+02  .5004E+02   .9999999  .0001864  .0002797
T 8961 19 .1518402E+11   3400010E-01 -.1454E+02  .2954E+01   .9999999 -.0000401 -.0000202
T 8962 19 .1518456E+11   3400005E-01  .1246E+02  .1243E+02   .9999999 -.0000125  .0001431
T 8963 19 .1518400E+11   3400011E-01 -.2032E+02  .3059E+02   .9999999 -.0001980  .0002450
T 8964 19 .1518204E+11   3400020E-01 -.3195E+02  .2993E+02   .9999999 -.0002746  .0002061
T 8965 19 .1518140E+11   3400000E-01  .2614E+02 -.1725E+02   .9999999  .0001746 -.0002232
T 8966 19 .1518267E+11   3400014E-01  .8436E+01  .1367E+02   .9999999  .0001137 -.0000307
T 8967 19 .1518349E+11   3400018E-01  .1040E+02  .1038E+01   .9999999  .0000601  .0000792
T 8968 19 .1518245E+11   3400008E-01  .6955E+02  .8741E+02   .9999990  .0010187  .0009778
T 8969 19 .1518231E+11   3400004E-01 -.5648E+02 -.1284E+02   .9999999 -.0002288 -.0002118
T 8970 19 .1518423E+11   3400012E-01 -.1823E+02  .2528E+02   .9999999 -.0001011  .0001437
T 8971 19 .1518209E+11   3400012E-01 -.2110E+02  .7250E+01   .9999999 -.0000180 -.0000518
T 8972 19 .1518312E+11   3400015E-01  .9491E+01  .4227E+02   .9999999  .0000289  .0001594
T 8973 19 .1518178E+11   3400015E-01 -.3553E+02  .7008E+02   .9999999 -.0001345  .0004554
T 8974 19 .1518317E+11   3400005E-01  .3277E+02  .8387E+00   .9999999  .0002026 -.0001555
T 8975 19 .1518218E+11   3400001E-01  .1709E+02  .2339E+01   .9999999  .0000175  .0002116
T 8976 19 .1518385E+11   3400000E-01  .5035E+02  .1579E+02   .9999999  .0002398  .0001361
T 8977 19 .1518110E+11   3400022E-01 -.4137E+01  .3827E+02   .9999999  .0001112  .0002291
T 8978 19 .1518267E+11   3400005E-01  .2099E+01  .5484E+02   .9999999  .0001547  .0004231
T 8979 19 .1518085E+11   3400016E-01 -.1338E+02  .2701E+02   .9999999 -.0002207 -.0000765
T 8980 19 .1518137E+11   3400021E-01  .2586E+02  .1110E+02   .9999999  .0001448 -.0000406
T 8981 19 .1518286E+11   3400008E-01  .1168E+02  .6998E+01   .9999999  .0000961  .0000529
T 8982 19 .1518199E+11   3400006E-01  .1325E+02  .1537E+02   .9999999  .0000114  .0001441
T 8983 19 .1518194E+11   3400013E-01  .4656E+02  .8175E+00   .9999999  .0005136 -.0000131
T 8984 19 .1518156E+11   3400017E-01 -.3320E+02  .1593E+02   .9999999 -.0001697  .0001465
T 8985 19 .1518236E+11   3400004E-01  .4924E+02  .7873E+02   .9999997  .0003908  .0006723
T 8986 19 .1518270E+11   3400002E-01 -.3648E+02  .6040E+02   .9999999 -.0001090  .0004570
T 8987 19 .1518222E+11   3400012E-01 -.2229E+02  .2974E+02   .9999999 -.0001503  .0003474
T 8988 19 .1518316E+11   3400014E-01  .4547E+02 -.2672E+02   .9999999  .0000700 -.0001708
T 8989 19 .1518372E+11   3400022E-01 -.1154E+02 -.2207E+02   .9999999 -.0002175  .0000077
T 8990 19 .1518269E+11   3400001E-01 -.1104E+02 -.7076E+02   .9999999 -.0001033 -.0004992
T 8991 19 .1518317E+11   3400001E-01 -.9099E+01 -.1449E+02   .9999999 -.0000508 -.0001823
T 8992 19 .1518193E+11   3400017E-01  .2561E+02 -.2981E+02   .9999999  .0000827 -.0001185
T 8993 19 .1518426E+11   3400003E-01  .3331E+02 -.6014E+01   .9999999  .0000913  .0000164
T 8994 19 .1518201E+11   3400001E-01 -.5129E+02  .6946E+02   .9999999 -.0002604  .0003571
T 8995 19 .1518321E+11   3400018E-01 -.1158E+01  .1809E+02   .9999999 -.0002158  .0001866
T 8996 19 .1518065E+11   3400000E-01 -.1097E+02  .2081E+02   .9999999 -.0001088  .0000211
T 8997 19 .1518184E+11   3400012E-01  .5499E+01  .5775E+02   .9999999 -.0000603  .0005216
T 8998 19 .1518146E+11   3400019E-01  .2988E+02 -.6107E+02   .9999999  .0001604 -.0005069
T 8999 19 .1518385E+11   3400006E-01  .2856E+02  .1424E+02   .9999999  .0000606  .0001101
T 9000 19 .1518477E+11   3400016E-01  .3072E+02  .3055E+02   .9999998  .0002058  .0005110
T 9001 19 .1518060E+11   3400021E-01  .1674E+03  .3725E+02   .9999996  .0008391  .0003803
T 9002 19 .1518416E+11   3400022E-01 -.1106E+03 -.3933E+02   .9999996 -.0008880  .0001479
T 9003 19 .1518317E+11   3400001E-01  .1254E+02 -.1297E+02   .9999999 -.0000415 -.0000019
T 9004 19 .1518061E+11   3400004E-01  .7604E+01  .1898E+01   .9999999  .0000256  .0000979
T 9005 19 .1518279E+11   3400001E-01 -.3259E+02 -.9983E+01   .9999999 -.0002166 -.0000570
T 9006 19 .1518132E+11   3400018E-01  .3870E+01 -.1477E+02   .9999999  .0000394  .0000194
T 9007 19 .1518183E+11   3400022E-01  .6773E+01  .3181E+02   .9999999 -.0000315  .0001140
T 9008 19 .1518095E+11   3400022E-01 -.7217E+02  .2530E+01   .9999999 -.0003841 -.0000587
T 9009 19 .1518412E+11   3400014E-01 -.7130E+01 -.4397E+02   .9999999 -.0000729 -.0004779
T 9010 19 .1518035E+11   3400019E-01  .2195E+02  .1009E+02   .9999999  .0002872  .0001279
T 9011 19 .1518256E+11   3400017E-01 -.2920E+02 -.1444E+02   .9999999 -.0002813  .0000436
T 9012 19 .1518213E+11   3400019E-01 -.2766E+02  .1942E+02   .9999999 -.0001951  .0001631
T 9013 19 .1518234E+11   3400007E-01  .5080E+00  .7934E+01   .9999999 -.0003808  .0003571
T 9014 19 .1518241E+11   3400013E-01  .5189E+00 -.6151E+01   .9999999  .0000296 -.0001558
T 9015 19 .1518074E+11   3400015E-01  .1500E+02  .9962E+01   .9999999  .0001194  .0001339
T 9016 19 .1518434E+11   3400020E-01 -.6298E+01 -.1160E+03   .9999988 -.0007107 -.0013879
T 9017 19 .1518320E+11   3400017E-01  .2464E+02  .1067E+02   .9999999  .0000070  .0000933
T 9018 19 .1518316E+11   3400000E-01  .4201E+02 -.2253E+02   .9999999  .0002089 -.0000694
T 9019 19 .1518282E+11   3400012E-01 -.3410E+01 -.1167E+01   .9999999 -.0002909 -.0001879
T 9020 19 .1518219E+11   3400000E-01  .5463E+03 -.6124E+03   .9999695  .0049980 -.0060054
T 9021 19 .1518216E+11   3400008E-01 -.3046E+02  .4550E+01   .9999999 -.0001776  .0000688
T 9022 19 .1518360E+11   3400005E-01  .1273E+03  .1174E+01   .9999999  .0003627 -.0000137
T 9023 19 .1518394E+11   3400023E-01  .1189E+02 -.1494E+01   .9999999  .0000232 -.0000601
T 9024 19 .1518316E+11   3400009E-01 -.3295E+02  .4286E+01   .9999999 -.0002370  .0000670
T 9025 19 .1518192E+11   3400009E-01  .5626E+02  .1324E+02   .9999997  .0008018  .0002210
T 9026 19 .1518224E+11   3400005E-01 -.1864E+02 -.2079E+02   .9999999 -.0002186 -.0000718
T 9027 19 .1518091E+11   3400021E-01  .3719E+02 -.1733E+02   .9999999  .0002245 -.0000273
T 9028 19 .1518176E+11   3400012E-01  .1942E+02  .1771E+02   .9999999  .0000304  .0000560
T 9029 19 .1518409E+11   3400019E-01 -.7501E+02 -.1341E+02   .9999999 -.0004861 -.0001867
T 9030 19 .1518083E+11   3400009E-01 -.2225E+02 -.1199E+02   .9999999 -.0001519 -.0000244
T 9031 19 .1518212E+11   3400015E-01 -.8305E+00 -.1642E+02   .9999999 -.0001223 -.0000429
T 9032 19 .1518112E+11   3400021E-01  .4639E+01  .2900E+02   .9999999 -.0001583  .0002073
T 9033 19 .1518112E+11   3400018E-01 -.2549E+02  .2555E+02   .9999999 -.0002892  .0000758
T 9034 19 .1518123E+11   3400016E-01 -.5286E+02 -.1142E+02   .9999999 -.0004573 -.0001326
T 9035 19 .1518201E+11   3400001E-01  .1681E+01  .4232E+02   .9999999 -.0000222  .0003087
T 9036 19 .1518262E+11   3400021E-01  .4288E+02 -.4136E+01   .9999999  .0003330  .0001613
T 9037 19 .1518111E+11   3400019E-01 -.9963E+01 -.1534E+02   .9999999 -.0001099  .0001468
T 9038 19 .1518385E+11   3400013E-01  .9878E+01  .5036E+02   .9999999  .0003056  .0003582
T 9039 19 .1518330E+11   3400004E-01 -.3972E+01  .3964E+02   .9999999 -.0000617  .0002932
T 9040 19 .1518254E+11   3400016E-01  .4300E+01  .3488E+01   .9999999  .0000214  .0000273
T 9041 19 .1518288E+11   3400008E-01  .4146E+01  .3777E+01   .9999999  .0000951  .0001052
T 9042 19 .1518265E+11   3400001E-01  .2708E+02  .1129E+01   .9999999  .0002337  .0000416
T 9043 19 .1518459E+11   3400019E-01  .3025E+02  .1242E+02   .9999999  .0000710  .0002212
T 9044 19 .1518345E+11   3400016E-01  .9163E+01 -.2498E+02   .9999999 -.0003087  .0000445
T 9045 19 .1518254E+11   3400010E-01 -.2586E+02  .1250E+02   .9999999 -.0001053 -.0000222
T 9046 19 .1518379E+11   3400005E-01 -.3403E+01 -.1446E+02   .9999999 -.0000170 -.0001948
T 9047 19 .1518280E+11   3400011E-01 -.4992E+01  .3572E+02   .9999999  .0000638  .0001201
T 9048 19 .1518142E+11   3400003E-01  .2360E+02  .1312E+02   .9999999 -.0001277  .0001346
T 9049 19 .1518155E+11   3400013E-01 -.8705E+01  .3071E+02   .9999999 -.0001820  .0000122
T 9050 19 .1518441E+11   3400023E-01  .4160E+01  .1009E+02   .9999999  .0000889  .0000272
T 9051 19 .1518313E+11   3400002E-01  .8053E+01  .2221E+02   .9999999  .0000029  .0002033
T 9052 19 .1518556E+11   3400022E-01  .3292E+02 -.6934E+01   .9999999  .0002481 -.0000827
T 9053 19 .1518026E+11   3400004E-01 -.3183E+01  .1937E+02   .9999999 -.0001349 -.0000470
T 9054 19 .1518121E+11   3400007E-01  .1611E+03  .5933E+02   .9999992  .0012440  .0002911
T 9055 19 .1518226E+11   3400003E-01 -.2344E+02  .1834E+02   .9999999 -.0001883  .0001185
T 9056 19 .1517993E+11   3400018E-01 -.9051E+01 -.1631E+02   .9999999 -.0001005 -.0000917
T 9057 19 .1518052E+11   3400023E-01  .1388E+02  .5234E+01   .9999999  .0001832 -.0000113
T 9058 19 .1518155E+11   3400001E-01 -.1154E+02 -.2212E+01   .9999999  .0000341  .0000316
T 9059 19 .1518218E+11   3400011E-01 -.1717E+02 -.2807E+02   .9999999 -.0000407 -.0002561
T 9060 19 .1518243E+11   3400007E-01 -.1568E+02 -.2722E+02   .9999999 -.0000037 -.0002102
T 9061 19 .1518252E+11   3400003E-01  .1492E+02  .6357E+02   .9999999  .0000082  .0004323
T 9062 19 .1518334E+11   3400004E-01  .6307E+01 -.2397E+02   .9999999  .0001313 -.0002157
T 9063 19 .1517971E+11   3400021E-01  .2065E+02 -.1308E+01   .9999999  .0000940 -.0000942
T 9064 19 .1518543E+11   3400021E-01 -.2187E+02  .5407E+02   .9999999 -.0003281  .0003450
T 9065 19 .1518288E+11   3400013E-01  .2239E+02 -.3703E-01   .9999999  .0000999  .0000241
T 9066 19 .1518209E+11   3400005E-01  .5432E+01  .8270E+01   .9999999 -.0000322  .0000503
T 9067 19 .1518423E+11   3400018E-01  .2623E+02  .4036E+00   .9999999  .0001746  .0001771
T 9068 19 .1518228E+11   3400015E-01 -.1418E+01 -.3941E+02   .9999999 -.0000291 -.0002593
T 9069 19 .1518190E+11   3400004E-01  .6305E+02 -.1034E+02   .9999997  .0007518 -.0002679
T 9070 19 .1518222E+11   3400001E-01  .9651E+02 -.8100E+02   .9999997  .0005534 -.0005746
T 9071 19 .1518216E+11   3400022E-01 -.6505E+01  .4422E+01   .9999999 -.0000373  .0000205
T 9072 19 .1518253E+11   3400018E-01 -.3584E+01 -.3296E+02   .9999999  .0000197 -.0001678
T 9073 19 .1518537E+11   3400016E-01  .7335E+01  .1897E+02   .9999999  .0001043  .0001186
T 9074 19 .1518087E+11   3400016E-01 -.2337E+02 -.1144E+02   .9999999 -.0002978  .0000337
T 9075 19 .1518118E+11   3400003E-01 -.1393E+02  .9202E+01   .9999999  .0001907  .0000607
T 9076 19 .1518270E+11   3400018E-01 -.1595E+02 -.1521E+02   .9999999 -.0000919 -.0000430
T 9077 19 .1518154E+11   3400010E-01  .1073E+03 -.6038E+01   .9999998  .0006541 -.0000366
T 9078 19 .1518074E+11   3400018E-01  .1913E+02  .1497E+02   .9999999  .0002125  .0001120
T 9079 19 .1518351E+11   3400007E-01  .7962E+01 -.1563E+02   .9999999  .0000354 -.0000834
T 9080 19 .1518175E+11   3400017E-01 -.2039E+02 -.1227E+02   .9999999 -.0000255 -.0000734
T 9081 19 .1518283E+11   3400002E-01 -.5646E+01  .1639E+02   .9999999 -.0001500 -.0000956
T 9082 19 .1518361E+11   3400000E-01  .1922E+02  .3052E+02   .9999999 -.0001836  .0002275
T 9083 19 .1518265E+11   3400016E-01  .2266E+02 -.3707E-01   .9999999 -.0001405 -.0000094
T 9084 19 .1518321E+11   3400010E-01  .2714E+02  .1050E+02   .9999999  .0001878  .0000698
T 9085 19 .1518240E+11   3400015E-01 -.5813E+02 -.7296E+02   .9999995 -.0005310 -.0008393
T 9086 19 .1518268E+11   3400022E-01 -.1155E+02 -.4201E+01   .9999999 -.0000018 -.0000741
T 9087 19 .1518092E+11   3400020E-01  .1528E+02 -.4737E+02   .9999999 -.0000215 -.0003586
T 9088 19 .1518260E+11   3400013E-01  .4606E+00 -.1418E+01   .9999999  .0000348 -.0000986
T 9089 19 .1518173E+11   3400000E-01 -.2565E+00 -.4233E+01   .9999999  .0000240 -.0002659
T 9090 19 .1518248E+11   3400006E-01  .1203E+02  .1879E+02   .9999999 -.0000482  .0001518
T 9091 19 .1518402E+11   3400008E-01 -.2229E+02 -.3976E+02   .9999998 -.0002924 -.0004945
T 9092 19 .1518443E+11   3400015E-01  .1583E+02 -.5908E+01   .9999999  .0002668  .0000055
T 9093 19 .1518278E+11   3400004E-01  .2764E+02 -.1171E+01   .9999999  .0002683  .0000681
T 9094 19 .1518356E+11   3400001E-01  .3334E+02 -.3747E+02   .9999998  .0004991 -.0003582
T 9095 19 .1518435E+11   3400000E-01  .3192E+02 -.8382E+02   .9999999  .0001439 -.0004000
T 9096 19 .1518094E+11   3400013E-01  .2385E+02 -.2078E+02   .9999998  .0004769 -.0003849
T 9097 19 .1518176E+11   3400007E-01  .1598E+02  .4088E+02   .9999999  .0000440  .0001868
T 9098 19 .1518231E+11   3400021E-01 -.2423E+02  .1547E+02   .9999999 -.0001527  .0001318
T 9099 19 .1518222E+11   3400021E-01 -.4018E+02 -.1896E+02   .9999999 -.0002100 -.0000612
T 9100 19 .1518240E+11   3400012E-01  .2218E+02 -.1838E+02   .9999999  .0000232 -.0002033
T 9101 19 .1518171E+11   3400003E-01  .2280E+02 -.1347E+02   .9999999  .0001603  .0001069
T 9102 19 .1518292E+11   3400011E-01 -.4512E+02  .1043E+02   .9999999 -.0002350 -.0000455
T 9103 19 .1518006E+11   3400019E-01  .1126E+02  .3124E+02   .9999999  .0003509  .0001804
T 9104 19 .1518550E+11   3400015E-01 -.1953E+02 -.5378E+01   .9999999 -.0000659 -.0000746
T 9105 19 .1518156E+11   3400002E-01  .2116E+01  .1309E+02   .9999999 -.0002246  .0000522
T 9106 19 .1518204E+11   3400000E-01 -.4204E+02 -.3302E+01   .9999999 -.0003726  .0000094
T 9107 19 .1518293E+11   3400001E-01 -.2777E+02  .3125E+02   .9999999 -.0002914  .0000323
T 9108 19 .1518314E+11   3400003E-01  .4471E+02  .1880E+02   .9999999  .0002487  .0000604
T 9109 19 .1518076E+11   3400022E-01  .9879E+01 -.2014E+02   .9999999  .0001536 -.0001947
T 9110 19 .1518086E+11   3400010E-01 -.6731E+02  .1271E+02   .9999999 -.0004635  .0001011
T 9111 19 .1518365E+11   3400009E-01  .1969E+02  .2353E+02   .9999998  .0006075 -.0001623
T 9112 19 .1518082E+11   3400015E-01  .1007E+01 -.5054E+01   .9999999  .0000844 -.0001590
T 9113 19 .1518008E+11   3400011E-01  .2184E+02 -.7759E+01   .9999999  .0000959 -.0001462
T 9114 19 .1518147E+11   3400005E-01  .2727E+02 -.7900E+01   .9999999  .0002250 -.0000844
T 9115 19 .1518031E+11   3400008E-01  .8835E+01 -.2626E+02   .9999999 -.0000599 -.0000395
T 9116 19 .1518273E+11   3400014E-01 -.2474E+02  .2914E+02   .9999999 -.0000811  .0001423
T 9117 19 .1518144E+11   3400013E-01  .4513E+02 -.6840E+02   .9999999  .0001911 -.0003187
T 9118 19 .1518226E+11   3400002E-01  .2141E+01  .4108E+02   .9999999 -.0001455  .0001770
T 9119 19 .1518085E+11   3400021E-01 -.5060E+02  .5178E+01   .9999998 -.0005631  .0000512
T 9120 19 .1518351E+11   3400018E-01  .7389E+01 -.1986E+02   .9999999  .0001879 -.0001994
T 9121 19 .1518139E+11   3400022E-01 -.1012E+02  .7085E+01   .9999999 -.0001810  .0000040
T 9122 19 .1518339E+11   3400007E-01  .1229E+02 -.1483E+01   .9999999  .0003985 -.0000352
T 9123 19 .1518318E+11   3400009E-01  .3050E+02  .1576E+02   .9999999  .0001875  .0001239
T 9124 19 .1518214E+11   3400023E-01  .2839E+02  .3447E+02   .9999999  .0001665  .0002170
T 9125 19 .1518176E+11   3400007E-01  .8750E+02 -.4730E+02   .9999998  .0005280 -.0003017
T 9126 19 .1518237E+11   3400014E-01  .6917E+01  .2973E+02   .9999999  .0000132  .0001325
T 9127 19 .1518170E+11   3400011E-01 -.2351E+02  .6497E+01   .9999999 -.0001886  .0000586
T 9128 19 .1518216E+11   3400002E-01 -.2326E+02 -.5513E+01   .9999999 -.0001285 -.0002164
T 9129 19 .1518207E+11   3400020E-01  .2717E+02  .1793E+02   .9999999  .0001593  .0001328
T 9130 19 .1518320E+11   3400001E-01  .5059E+01 -.2337E+01   .9999999  .0001490 -.0000505
T 9131 19 .1518475E+11   3400013E-01  .2304E+02  .2725E+02   .9999999  .0001462  .0002619
T 9132 19 .1518218E+11   3400020E-01  .6582E+01  .6594E+01   .9999999  .0000196  .0000029
T 9133 19 .1518280E+11   3400015E-01  .3679E+02  .2368E+00   .9999999  .0003192 -.0000655
T 9134 19 .1518267E+11   3400017E-01  .2977E+02 -.4299E+01   .9999999  .0002160  .0000621
T 9135 19 .1518319E+11   3400007E-01 -.7232E+02  .3122E+02   .9999998 -.0004595  .0003113
T 9136 19 .1518409E+11   3400005E-01  .8698E+02  .4677E+02   .9999999  .0004271  .0002313
T 9137 19 .1518328E+11   3400022E-01  .5408E+01 -.2021E+02   .9999999 -.0000802 -.0004042
T 9138 19 .1518256E+11   3400004E-01 -.3129E+02  .5605E+01   .9999999 -.0002525  .0000703
T 9139 19 .1518273E+11   3400005E-01 -.2279E+02  .8253E+01   .9999999 -.0001641 -.0000252
T 9140 19 .1518382E+11   3400012E-01  .6334E+01  .2008E+02   .9999999  .0001971  .0002723
T 9141 19 .1518228E+11   3400009E-01 -.1422E+02 -.6976E+01   .9999999 -.0000750 -.0001573
T 9142 19 .1518214E+11   3400004E-01  .3020E+02  .2954E+02   .9999999  .0001955  .0002060
T 9143 19 .1518266E+11   3400000E-01 -.1275E+02  .3448E+02   .9999999 -.0001000  .0002006
T 9144 19 .1518298E+11   3400020E-01 -.4234E+02 -.4480E+02   .9999999  .0001699 -.0002471
T 9145 19 .1518537E+11   3400010E-01  .1516E+02 -.1087E+02   .9999999  .0000091 -.0001121
T 9146 19 .1518101E+11   3400018E-01  .6220E+02 -.1363E+00   .9999999  .0003766 -.0000717
T 9147 19 .1518359E+11   3400022E-01  .2905E+02 -.1709E+02   .9999999  .0002915  .0000543
T 9148 19 .1518152E+11   3400018E-01 -.2821E+01  .9066E+01   .9999999  .0002110  .0001358
T 9149 19 .1518165E+11   3400008E-01 -.5933E+02 -.8547E+01   .9999999 -.0004034 -.0001778
T 9150 19 .1518269E+11   3400011E-01 -.2830E+01 -.3835E+02   .9999999  .0000394 -.0000983
T 9151 19 .1518209E+11   3400014E-01 -.3661E+01 -.2781E+02   .9999999  .0000091 -.0000464
T 9152 19 .1518187E+11   3400000E-01  .9783E+01 -.1253E+02   .9999999  .0002411 -.0002513
T 9153 19 .1518188E+11   3400016E-01 -.9400E+01  .6476E+01   .9999999  .0001022  .0002400
T 9154 19 .1518239E+11   3400009E-01  .2463E+02  .6634E+01   .9999999  .0001808  .0000498
T 9155 19 .1518233E+11   3400007E-01  .1806E+01 -.4656E+02   .9999999  .0001540 -.0004476
T 9156 19 .1518446E+11   3400011E-01  .2521E+02  .4745E+02   .9999999  .0001581  .0004934
T 9157 19 .1518217E+11   3400002E-01 -.2401E+02 -.4298E+01   .9999999 -.0001969 -.0001107
T 9158 19 .1518336E+11   3400022E-01  .3950E+02  .2581E+02   .9999999  .0003813  .0001048
T 9159 19 .1518090E+11   3400016E-01 -.1307E+02  .1161E+02   .9999999 -.0000899  .0001224
T 9160 19 .1518390E+11   3400023E-01  .3031E+02  .2545E+02   .9999999  .0002009  .0002291
T 9161 19 .1518188E+11   3400005E-01 -.1181E+02 -.3492E+02   .9999999 -.0001712 -.0002131
T 9162 19 .1518284E+11   3400002E-01 -.4587E+02  .4134E+02   .9999999 -.0004229  .0002106
T 9163 19 .1518195E+11   3400005E-01  .2335E+02  .2923E+01   .9999999  .0001321  .0001029
T 9164 19 .1518313E+11   3400023E-01 -.1597E+02 -.2748E+02   .9999999 -.0000743 -.0001132
T 9165 19 .1518399E+11   3400007E-01 -.4419E+02  .3422E+02   .9999999 -.0000964  .0000875
T 9166 19 .1518230E+11   3400004E-01 -.2221E+01 -.3785E+01   .9999999  .0000957  .0002054
T 9167 19 .1518236E+11   3400017E-01  .4930E+01 -.2506E+02   .9999999 -.0001300 -.0002192
T 9168 19 .1518337E+11   3400022E-01  .1529E+02  .2869E+02   .9999999  .0000464  .0000186
T 9169 19 .1518335E+11   3400017E-01  .2934E+02 -.5849E+02   .9999999  .0001620 -.0005095
T 9170 19 .1518097E+11   3400000E-01  .2765E+02 -.2213E+01   .9999999  .0004132  .0001324
T 9171 19 .1518244E+11   3400014E-01  .4717E+02 -.9082E+02   .9999999  .0002788 -.0003923
T 9172 19 .1518336E+11   3400007E-01 -.5368E+02 -.1699E+01   .9999999 -.0002421 -.0000115
T 9173 19 .1518267E+11   3400010E-01  .5376E+02 -.1188E+02   .9999999  .0003492  .0001564
T 9174 19 .1518270E+11   3400022E-01 -.4693E+02 -.1096E+02   .9999999 -.0004790 -.0000710
T 9175 19 .1518175E+11   3400011E-01  .5596E+01 -.2944E+02   .9999999  .0000656 -.0001851
T 9176 19 .1518186E+11   3400012E-01  .4004E+02  .1333E+01   .9999999  .0002353  .0001399
T 9177 19 .1518067E+11   3400004E-01 -.6109E+00  .1882E+02   .9999999  .0000222  .0002667
T 9178 19 .1518222E+11   3400011E-01 -.3599E+02  .4949E+02   .9999999 -.0003519  .0002712
T 9179 19 .1518237E+11   3400011E-01  .2799E+02  .8300E+01   .9999999  .0001599 -.0000964
T 9180 19 .1518036E+11   3400017E-01 -.1705E+02 -.3828E+02   .9999999 -.0000515 -.0003471
T 9181 19 .1518320E+11   3400002E-01  .3922E+02  .2170E+02   .9999999  .0003116  .0001911
T 9182 19 .1518293E+11   3400022E-01 -.1309E+02  .2057E+02   .9999999 -.0000397  .0001429
T 9183 19 .1518325E+11   3400013E-01 -.1072E+02 -.5129E+02   .9999999 -.0001807 -.0003188
T 9184 19 .1518281E+11   3400007E-01  .9912E+01  .2339E+02   .9999999 -.0001590  .0002336
T 9185 19 .1518378E+11   3400012E-01 -.4240E+01 -.3066E+02   .9999999 -.0000337 -.0000866
T 9186 19 .1518377E+11   3400008E-01 -.6222E+02 -.6147E+02   .9999993 -.0007863 -.0008487
T 9187 19 .1518082E+11   3400015E-01  .1988E+02  .7452E+02   .9999999  .0002145  .0002107
T 9188 19 .1518341E+11   3400000E-01  .1482E+02 -.1074E+02   .9999999  .0001749 -.0000740
T 9189 19 .1518433E+11   3400015E-01 -.7290E+01  .9489E+00   .9999999 -.0003194  .0001957
T 9190 19 .1518108E+11   3400022E-01  .2255E+02 -.6018E+02   .9999999  .0002138 -.0004321
T 9191 19 .1518272E+11   3400002E-01  .2028E+02  .1894E+02   .9999999  .0002709  .0002562
T 9192 19 .1518147E+11   3400021E-01  .6829E+02 -.1003E+03   .9999998  .0003310 -.0006066
T 9193 19 .1518322E+11   3400009E-01 -.2023E+02  .2734E+02   .9999999 -.0000562  .0002535
T 9194 19 .1518356E+11   3400014E-01 -.3750E+02  .3501E+02   .9999999 -.0002667  .0004189
T 9195 19 .1518202E+11   3400003E-01  .3055E+02  .8146E+01   .9999999  .0000551  .0001369
T 9196 19 .1518180E+11   3400019E-01 -.1387E+02  .1559E+01   .9999999 -.0000089 -.0000466
T 9197 19 .1518229E+11   3400017E-01  .3780E+02 -.5652E+02   .9999999  .0002473 -.0003510
T 9198 19 .1518384E+11   3400007E-01  .1801E+02 -.3360E+02   .9999999  .0001253 -.0003189
T 9199 19 .1518138E+11   3400006E-01  .5687E+02 -.9737E+01   .9999998  .0006206 -.0001084
T 9200 19 .1518241E+11   3400004E-01  .3031E+01 -.3762E+02   .9999999 -.0000431 -.0001826
T 9201 19 .1518304E+11   3400016E-01 -.3746E+01  .2369E+02   .9999999 -.0001548  .0002652
T 9202 19 .1518247E+11   3400010E-01 -.1435E+02 -.3962E+02   .9999998  .0000560 -.0005785
T 9203 19 .1518187E+11   3400018E-01  .8849E+01 -.1378E+02   .9999999 -.0001318 -.0002203
T 9204 19 .1518141E+11   3400016E-01 -.1780E+02 -.4465E+02   .9999999  .0000110 -.0002384
T 9205 19 .1518254E+11   3400003E-01  .3070E+02  .3626E+00   .9999999  .0002775  .0001288
T 9206 19 .1518375E+11   3400019E-01  .1577E+01  .2803E+02   .9999999  .0000428  .0000863
T 9207 19 .1518031E+11   3400007E-01 -.2029E+02  .6517E+01   .9999999 -.0002945 -.0000599
T 9208 19 .1518072E+11   3400001E-01  .1300E+02 -.3301E+02   .9999999  .0002414 -.0003825
T 9209 19 .1518137E+11   3400015E-01  .1353E+02 -.2670E+02   .9999999  .0000677 -.0001012
T 9210 19 .1518206E+11   3400022E-01 -.6374E+02 -.1076E+02   .9999998 -.0005802  .0000696
T 9211 19 .1518129E+11   3400015E-01 -.3259E+02  .3318E+02   .9999999 -.0002716  .0001730
T 9212 19 .1517962E+11   3400001E-01  .1024E+02  .3076E+02   .9999999  .0000388  .0002240
T 9213 19 .1518432E+11   3400013E-01 -.6699E+02 -.1415E+02   .9999998 -.0005923 -.0001495
T 9214 19 .1518260E+11   3400004E-01 -.2145E+02  .2926E+02   .9999999  .0000933  .0002000
T 9215 19 .1518243E+11   3400012E-01  .5714E+02 -.3160E+00   .9999999  .0003323  .0001350
T 9216 19 .1518177E+11   3400010E-01 -.1838E+02  .3405E+02   .9999999 -.0001730  .0002587
T 9217 19 .1518536E+11   3400017E-01  .2456E+03  .1618E+03   .9999985  .0015584  .0008083
T 9218 19 .1518180E+11   3400021E-01 -.1112E+02 -.2111E+02   .9999999  .0000435 -.0001619
T 9219 19 .1518181E+11   3400022E-01  .5481E+01 -.9713E+01   .9999999  .0001634 -.0001530
T 9220 19 .1518140E+11   3400020E-01  .9855E+00 -.4770E+02   .9999999  .0000240 -.0002938
T 9221 19 .1518165E+11   3400000E-01  .5664E+01  .5818E+02   .9999999 -.0000024  .0001749
T 9222 19 .1518215E+11   3400010E-01 -.3123E+02  .4473E+02   .9999999 -.0002991  .0002845
T 9223 19 .1518236E+11   3400020E-01  .1642E+01 -.5483E+02   .9999999 -.0000457 -.0004569
T 9224 19 .1518254E+11   3400014E-01  .2568E+02 -.1251E+02   .9999999  .0001926  .0000479
T 9225 19 .1518309E+11   3400021E-01  .1743E+02  .2784E+02   .9999999  .0002181  .0002905
T 9226 19 .1518386E+11   3400006E-01 -.2204E+02 -.4013E+01   .9999999 -.0002337  .0000792
T 9227 19 .1518419E+11   3400023E-01 -.4169E+00  .1399E+02   .9999999 -.0000277  .0000545
T 9228 19 .1518163E+11   3400013E-01  .1385E+02  .3937E+02   .9999999  .0000795  .0002704
T 9229 19 .1518218E+11   3400015E-01 -.1526E+02  .3454E+02   .9999999 -.0001756  .0003838
T 9230 19 .1518136E+11   3400010E-01 -.4694E+02  .1597E+02   .9999999 -.0001644 -.0000839
T 9231 19 .1518229E+11   3400010E-01 -.3348E+02 -.7307E+01   .9999999 -.0003391 -.0001360
T 9232 19 .1518056E+11   3400004E-01  .2482E+02  .4451E+02   .9999999  .0001104  .0001487
T 9233 19 .1518307E+11   3400022E-01  .8702E+00  .1584E+02   .9999999  .0000774  .0001403
T 9234 19 .1518306E+11   3400022E-01  .1280E+02 -.3279E+01   .9999999  .0000432 -.0000590
T 9235 19 .1518119E+11   3400005E-01  .4758E+02  .4766E+02   .9999999  .0001644  .0001989
T 9236 19 .1518333E+11   3400006E-01  .9306E+01  .4196E+02   .9999999  .0000661  .0000896
T 9237 19 .1518302E+11   3400017E-01 -.5122E+01 -.4151E+01   .9999999 -.0001078  .0000271
T 9238 19 .1518465E+11   3400018E-01  .1846E+02 -.6503E+02   .9999998  .0002502 -.0005742
T 9239 19 .1518256E+11   3400010E-01 -.2271E+02 -.2974E+02   .9999999 -.0001598 -.0000857
T 9240 19 .1518148E+11   3400003E-01 -.6516E+01  .3639E+02   .9999999  .0000632  .0002270
T 9241 19 .1518185E+11   3400001E-01 -.8150E+01 -.4661E+02   .9999999  .0000079 -.0004087
T 9242 19 .1518398E+11   3400005E-01  .1070E+02  .2970E+02   .9999999  .0000316  .0000949
T 9243 19 .1518135E+11   3400003E-01  .4834E+01  .4090E+02   .9999999  .0000311  .0002849
T 9244 19 .1518207E+11   3400006E-01 -.1682E+02 -.2411E+02   .9999999 -.0002347  .0000428
T 9245 19 .1518338E+11   3400013E-01 -.4184E+02 -.5128E+02   .9999999 -.0003382 -.0002746
T 9246 19 .1518323E+11   3400010E-01 -.2062E+02  .6049E+01   .9999999 -.0001691 -.0000190
T 9247 19 .1518309E+11   3400005E-01  .1062E+02 -.1515E+01   .9999999  .0002262 -.0000149
T 9248 19 .1518157E+11   3400021E-01 -.4066E+02  .3165E+02   .9999999 -.0003392 -.0000347
T 9249 19 .1518230E+11   3400017E-01  .4528E+01 -.5864E+00   .9999999  .0000002  .0000349
T 9250 19 .1518407E+11   3400018E-01 -.2641E+01  .2575E+02   .9999999 -.0002814  .0002231
T 9251 19 .1518262E+11   3400014E-01 -.5221E+02  .2572E+01   .9999999 -.0002687 -.0000680
T 9252 19 .1518331E+11   3400021E-01 -.1699E+02  .1840E+02   .9999999 -.0000520 -.0000213
T 9253 19 .1518409E+11   3400009E-01  .3302E+01 -.1251E+02   .9999999  .0000724  .0000378
T 9254 19 .1518161E+11   3400014E-01 -.6052E+02  .3863E+02   .9999997 -.0006798  .0002112
T 9255 19 .1518335E+11   3400007E-01 -.2600E+02  .1391E+02   .9999999 -.0001693 -.0003709
T 9256 19 .1518242E+11   3400015E-01  .8403E+02  .7470E+02   .9999997  .0006579  .0004382
T 9257 19 .1518078E+11   3400000E-01 -.4882E+02  .1130E+02   .9999999 -.0002862  .0001121
T 9258 19 .1518252E+11   3400021E-01 -.7999E+01 -.1072E+02   .9999999 -.0001865  .0000558
T 9259 19 .1518355E+11   3400023E-01 -.1827E+02  .4107E+02   .9999999 -.0000630  .0001593
T 9260 19 .1518258E+11   3400009E-01  .4620E+01 -.1148E+02   .9999999  .0001379 -.0001441
T 9261 19 .1518288E+11   3400010E-01 -.9696E+02  .4847E+02   .9999997 -.0006446  .0003547
T 9262 19 .1518358E+11   3400015E-01 -.1692E+02  .3174E+02   .9999999 -.0001441  .0001684
T 9263 19 .1518346E+11   3400013E-01 -.3688E+02 -.3262E+02   .9999999 -.0003242 -.0003446
T 9264 19 .1518265E+11   3400015E-01 -.2307E+02 -.4716E+01   .9999999 -.0000572 -.0000137
T 9265 19 .1518470E+11   3400020E-01 -.8888E+01 -.1617E+02   .9999999 -.0000422 -.0001812
T 9266 19 .1518154E+11   3400016E-01 -.1251E+02 -.2215E+01   .9999999 -.0000820  .0000043
T 9267 19 .1518254E+11   3400009E-01  .2434E+02 -.2486E+02   .9999999  .0002267 -.0001328
T 9268 19 .1518140E+11   3400008E-01 -.4387E+02 -.3192E+02   .9999999 -.0002802 -.0002293
T 9269 19 .1518226E+11   3400019E-01 -.1474E+02 -.7405E+01   .9999999 -.0000843 -.0000773
T 9270 19 .1518292E+11   3400022E-01  .1333E+02 -.8839E+01   .9999999  .0000723  .0000616
T 9271 19 .1518308E+11   3400009E-01 -.9256E+01  .1089E+01   .9999999 -.0001695 -.0000811
T 9272 19 .1518145E+11   3400002E-01  .1146E+02  .6366E+02   .9999999  .0003517  .0002318
T 9273 19 .1518377E+11   3400007E-01  .5957E+01  .3056E+02   .9999999  .0001969 -.0000330
T 9274 19 .1518348E+11   3400006E-01  .1492E+01  .4313E+01   .9999999 -.0000972  .0000706
T 9275 19 .1518276E+11   3400005E-01 -.4189E+02  .4473E+02   .9999999 -.0002072  .0000567
T 9276 19 .1518325E+11   3400018E-01  .3538E+01  .6838E+02   .9999999  .0000590  .0004758
T 9277 19 .1518296E+11   3400016E-01  .3875E+01  .5771E+01   .9999999 -.0000005  .0000527
T 9278 19 .1518447E+11   3400016E-01  .8681E+02  .4145E+01   .9999998  .0004689  .0003176
T 9279 19 .1518133E+11   3400020E-01  .3253E+02 -.1607E+02   .9999999  .0002005  .0000133
T 9280 19 .1518252E+11   3400001E-01  .4031E+02  .3582E+02   .9999999  .0003319  .0000989
T 9281 19 .1518300E+11   3400010E-01 -.2756E+02 -.5902E+01   .9999999  .0000120  .0003464
T 9282 19 .1518389E+11   3400013E-01  .3692E+01  .1714E+02   .9999999  .0002378  .0000946
T 9283 19 .1518217E+11   3400013E-01  .8291E+01  .1735E+02   .9999999 -.0000136  .0003664
T 9284 19 .1517845E+11   3400008E-01 -.3321E+02  .5434E+02   .9999999 -.0002857  .0003756
T 9285 19 .1518166E+11   3400018E-01  .8322E+01 -.3458E+02   .9999999  .0001199 -.0002654
T 9286 19 .1518117E+11   3400018E-01 -.1778E+02 -.2371E+02   .9999999 -.0001922 -.0001438
T 9287 19 .1518232E+11   3400011E-01 -.1912E+02 -.3737E+02   .9999999 -.0000534 -.0003727
T 9288 19 .1518141E+11   3400020E-01  .1086E+02 -.7155E+02   .9999996 -.0000033 -.0009380
T 9289 19 .1518258E+11   3400010E-01  .7346E+02  .9362E+01   .9999998  .0005709 -.0000218
T 9290 19 .1518406E+11   3400014E-01 -.1367E+02  .1539E+02   .9999999 -.0003738  .0001937
T 9291 19 .1518224E+11   3400005E-01  .6930E+01  .1042E+02   .9999999 -.0001238  .0002455
T 9292 19 .1518496E+11   3400021E-01  .8951E+01  .3361E+01   .9999999 -.0001306  .0000291
T 9293 19 .1518165E+11   3400005E-01 -.6245E+02 -.3999E+01   .9999999 -.0004333 -.0001542
T 9294 19 .1518220E+11   3400001E-01 -.1441E+02 -.2428E+02   .9999999 -.0000049 -.0001430
T 9295 19 .1518203E+11   3400001E-01  .8335E+01  .3664E+02   .9999999  .0002102  .0003567
T 9296 19 .1518414E+11   3400008E-01  .3042E+02 -.1323E+02   .9999999  .0004584  .0000103
T 9297 19 .1517999E+11   3400011E-01 -.2840E+02 -.3951E+02   .9999999 -.0002833 -.0002398
T 9298 19 .1518325E+11   3400014E-01 -.3020E+02  .3768E+01   .9999999 -.0000629  .0000083
T 9299 19 .1518243E+11   3400009E-01 -.4452E+02 -.2149E+02   .9999999 -.0002094  .0000354
T 9300 19 .1518187E+11   3400015E-01 -.1166E+02  .8900E+01   .9999999 -.0001358  .0000674
T 9301 19 .1518122E+11   3400013E-01 -.7688E+01 -.2300E+02   .9999999 -.0000130 -.0001461
T 9302 19 .1518179E+11   3400021E-01  .2138E+02  .7156E+01   .9999999  .0002626 -.0000278
T 9303 19 .1518639E+11   3400015E-01 -.2670E+01 -.2603E+02   .9999999  .0000405  .0000139
T 9304 19 .1518365E+11   3400019E-01 -.1923E+02 -.1383E+02   .9999999 -.0001586 -.0001948
T 9305 19 .1518013E+11   3400009E-01 -.8569E+01 -.3649E+02   .9999999 -.0000382 -.0002943
T 9306 19 .1518456E+11   3400021E-01 -.7285E+01  .3033E+02   .9999999 -.0000087  .0001572
T 9307 19 .1518219E+11   3400014E-01  .2102E+02 -.1418E+01   .9999999  .0000837 -.0000409
T 9308 19 .1518362E+11   3400014E-01 -.1182E+02  .3165E+02   .9999999 -.0001190  .0002705
T 9309 19 .1518344E+11   3400017E-01 -.2386E+02  .4978E+01   .9999999 -.0002159 -.0000092
T 9310 19 .1518110E+11   3400017E-01  .3352E+02 -.2343E+02   .9999999  .0001232  .0000068
T 9311 19 .1518199E+11   3400012E-01  .2454E+02 -.3827E+02   .9999999  .0002316 -.0001626
T 9312 19 .1518356E+11   3400021E-01  .3787E+01  .1237E+02   .9999999 -.0000732  .0000216
T 9313 19 .1518312E+11   3400016E-01 -.2397E+01  .1093E+02   .9999999 -.0000993  .0001383
T 9314 19 .1518237E+11   3400022E-01 -.3589E+02  .5280E+01   .9999999 -.0003868  .0002376
T 9315 19 .1518152E+11   3400021E-01  .1355E+02  .9878E+01   .9999999  .0003251  .0000928
T 9316 19 .1518397E+11   3400019E-01  .1348E+02 -.3084E+02   .9999999  .0001152 -.0000510
T 9317 19 .1518394E+11   3400015E-01  .1392E+03  .1286E+03   .9999997  .0005260  .0004793
T 9318 19 .1518099E+11   3400006E-01 -.2145E+02 -.4690E+01   .9999999 -.0000589 -.0001282
T 9319 19 .1518107E+11   3400014E-01 -.6594E+02  .7494E+02   .9999999 -.0003208  .0004402
T 9320 19 .1518259E+11   3400000E-01  .3282E+01  .8393E+01   .9999999 -.0000548  .0000500
T 9321 19 .1518419E+11   3400015E-01 -.3664E+02 -.3006E+02   .9999998 -.0003205 -.0005297
T 9322 19 .1518304E+11   3400012E-01  .2285E+01  .7139E+01   .9999999 -.0000753  .0000035
T 9323 19 .1518056E+11   3400005E-01 -.1205E+02 -.2798E+02   .9999999 -.0000763 -.0001698
T 9324 19 .1518397E+11   3400021E-01  .9474E+01 -.3425E+02   .9999999  .0000173 -.0004961
T 9325 19 .1518224E+11   3400021E-01 -.5641E+01 -.6015E+01   .9999999  .0001169 -.0000314
T 9326 19 .1518362E+11   3400009E-01 -.2999E+02  .2798E+02   .9999999 -.0000990  .0002424
T 9327 19 .1518294E+11   3400018E-01 -.1115E+02 -.1374E+02   .9999999 -.0001024 -.0000205
T 9328 19 .1518213E+11   3400022E-01  .1708E+02  .7653E+01   .9999999  .0000515 -.0000917
T 9329 19 .1518193E+11   3400014E-01 -.2699E+02  .7481E+02   .9999999 -.0002353  .0003973
T 9330 19 .1518176E+11   3400015E-01  .1260E+01  .3101E-01   .9999999 -.0001344  .0000721
T 9331 19 .1518124E+11   3400002E-01 -.3899E-01 -.4149E+02   .9999999 -.0000296 -.0002014
T 9332 19 .1518326E+11   3400006E-01 -.2980E+00  .1427E+02   .9999999 -.0000669  .0002741
T 9333 19 .1518390E+11   3400007E-01  .8403E+01  .3320E+02   .9999999 -.0000563  .0003125
T 9334 19 .1518556E+11   3400015E-01  .2501E+02 -.2659E+02   .9999999  .0001315 -.0001093
T 9335 19 .1518251E+11   3400015E-01  .7459E+02 -.1744E+02   .9999998  .0006252 -.0003166
T 9336 19 .1518448E+11   3400012E-01  .2393E+02  .6531E+02   .9999999  .0000470  .0003687
T 9337 19 .1518126E+11   3400012E-01 -.1302E+02  .3954E+02   .9999999 -.0000805  .0001357
T 9338 19 .1518150E+11   3400020E-01 -.1971E+01 -.2216E+02   .9999999 -.0000284 -.0001740
T 9339 19 .1518294E+11   3400019E-01  .5508E+01  .2411E+02   .9999999  .0001292 -.0001420
T 9340 19 .1518151E+11   3400023E-01  .1117E+02 -.6202E+00   .9999999  .0000394  .0001232
T 9341 19 .1518314E+11   3400008E-01  .1652E+02 -.6862E+01   .9999999  .0001586  .0000911
T 9342 19 .1518208E+11   3400004E-01  .4073E+02  .4907E+02   .9999999  .0003095  .0002865
T 9343 19 .1518382E+11   3400013E-01 -.1301E+02 -.3714E+02   .9999999 -.0001728 -.0001695
T 9344 19 .1518177E+11   3400002E-01  .3716E+02 -.2621E+02   .9999999  .0002504 -.0000842
T 9345 19 .1518413E+11   3400020E-01  .8158E+01 -.3336E+01   .9999999  .0000608 -.0000434
T 9346 19 .1518286E+11   3400019E-01  .6329E+00 -.1803E+03   .9999997 -.0000526 -.0008346
T 9347 19 .1518411E+11   3400019E-01 -.2728E+02 -.1919E+02   .9999999 -.0002074 -.0002408
T 9348 19 .1518335E+11   3400005E-01 -.4517E+02  .1265E+03   .9999998 -.0003564  .0004854
T 9349 19 .1518138E+11   3400005E-01 -.4403E+02 -.2425E+02   .9999999 -.0001556 -.0001367
T 9350 19 .1518342E+11   3400019E-01  .1764E+01  .1930E+02   .9999999  .0000825 -.0002428
T 9351 19 .1518280E+11   3400019E-01  .1497E+02 -.1150E+02   .9999999 -.0001361 -.0000301
T 9352 19 .1518191E+11   3400007E-01  .2258E+01  .2056E+02   .9999999  .0001707  .0000322
T 9353 19 .1518322E+11   3400017E-01 -.2702E+02 -.2254E-01   .9999999 -.0001826 -.0000661
T 9354 19 .1518187E+11   3400013E-01 -.9291E+01 -.3636E+01   .9999999 -.0000830  .0000518
T 9355 19 .1518325E+11   3400021E-01 -.2422E+02  .4868E+02   .9999999 -.0002187  .0001743
T 9356 19 .1518345E+11   3400007E-01  .3744E+02  .3614E+02   .9999999  .0001799  .0001729
T 9357 19 .1518268E+11   3400007E-01 -.6138E+01  .3933E+02   .9999999  .0000214  .0004014
T 9358 19 .1518049E+11   3400017E-01  .1723E+02 -.2269E+02   .9999999  .0000700 -.0004221
T 9359 19 .1518201E+11   3400004E-01 -.5074E+01 -.3213E+02   .9999999 -.0000122 -.0002042
T 9360 19 .1518206E+11   3400000E-01 -.3170E+01  .5485E+01   .9999999 -.0000153 -.0001244
T 9361 19 .1518315E+11   3400007E-01 -.7455E+01  .4822E+01   .9999999 -.0002079  .0000157
T 9362 19 .1518393E+11   3400016E-01 -.2344E+02  .2314E+02   .9999999 -.0001107  .0001046
T 9363 19 .1518265E+11   3400023E-01  .6806E+02  .6067E+01   .9999998  .0006759  .0000914
T 9364 19 .1518280E+11   3400020E-01  .3387E+02 -.1137E+02   .9999999  .0003087 -.0001838
T 9365 19 .1518359E+11   3400013E-01 -.1604E+02  .2074E+02   .9999999 -.0001816  .0000694
T 9366 19 .1518211E+11   3400020E-01 -.2752E+02  .4523E+02   .9999999 -.0001037  .0003282
T 9367 19 .1518291E+11   3400019E-01 -.4565E+02 -.4789E+02   .9999999 -.0001466 -.0004552
T 9368 19 .1518333E+11   3400004E-01 -.1710E+02  .7446E+02   .9999999 -.0002351  .0003012
T 9369 19 .1518493E+11   3400001E-01 -.5499E+01  .2340E+02   .9999999 -.0000553  .0002418
T 9370 19 .1518361E+11   3400020E-01 -.2488E+02 -.2123E+02   .9999999 -.0003520 -.0001325
T 9371 19 .1518161E+11   3400016E-01 -.4733E+01 -.1219E+00   .9999999  .0002930  .0000047
T 9372 19 .1518335E+11   3400011E-01 -.1646E+02 -.3400E+02   .9999999 -.0000656 -.0002562
T 9373 19 .1518228E+11   3400022E-01 -.6045E+02  .3326E+02   .9999994 -.0009578  .0005520
T 9374 19 .1518268E+11   3400010E-01  .4674E+02  .7261E+01   .9999999  .0001860  .0000087
T 9375 19 .1518608E+11   3400017E-01  .2249E+02  .2380E+01   .9999999  .0002114  .0000667
T 9376 19 .1518172E+11   3400005E-01 -.1064E+02 -.2426E+02   .9999999 -.0000182 -.0001352
T 9377 19 .1518173E+11   3400011E-01  .1092E+02 -.1376E+02   .9999999  .0001515 -.0000318
T 9378 19 .1518335E+11   3400017E-01  .9378E+01 -.2448E+02   .9999999  .0000088 -.0004313
T 9379 19 .1518297E+11   3400014E-01 -.3693E+02  .1056E+02   .9999999 -.0001930  .0001234
T 9380 19 .1518193E+11   3400012E-01  .2513E+02  .4047E+02   .9999999  .0001497  .0002380
T 9381 19 .1518385E+11   3400006E-01 -.2838E+02  .2355E+02   .9999999 -.0003473 -.0001359
T 9382 19 .1518257E+11   3400018E-01 -.2252E+02  .3386E+02   .9999999 -.0002325  .0002108
T 9383 19 .1518200E+11   3400012E-01 -.1288E+02 -.3467E+02   .9999999 -.0000019 -.0001280
T 9384 19 .1518362E+11   3400018E-01  .1178E+02  .1712E+02   .9999999 -.0000472 -.0000179
T 9385 19 .1518215E+11   3400006E-01 -.1432E+02  .1102E+02   .9999999 -.0000693  .0000950
T 9386 19 .1518250E+11   3400006E-01  .1156E+02 -.3410E+01   .9999999  .0002031  .0003003
T 9387 19 .1518317E+11   3400017E-01  .9108E+02  .7465E+02   .9999999  .0003701  .0003966
T 9388 19 .1518125E+11   3400011E-01  .2754E+02  .1949E+02   .9999999  .0003331  .0000836
T 9389 19 .1518403E+11   3400008E-01 -.2217E+02 -.1220E+01   .9999999  .0000335 -.0000053
T 9390 19 .1518366E+11   3400016E-01  .3367E+02  .7215E+01   .9999999  .0002502  .0001523
T 9391 19 .1518302E+11   3400020E-01 -.4373E+02  .3379E+02   .9999999 -.0002749  .0003860
T 9392 19 .1518109E+11   3400018E-01 -.3541E+00  .1345E+02   .9999999  .0002966  .0003485
T 9393 19 .1518399E+11   3400001E-01 -.1660E+02 -.5255E+01   .9999999 -.0000412 -.0000216
T 9394 19 .1518363E+11   3400021E-01 -.5757E+00  .2239E+02   .9999999 -.0000665  .0001929
T 9395 19 .1518229E+11   3400008E-01  .3292E+02  .1312E+02   .9999999  .0001546  .0000660
T 9396 19 .1518212E+11   3400011E-01  .7669E+01  .7513E+01   .9999999  .0002018 -.0001490
T 9397 19 .1518097E+11   3400014E-01  .2318E+02  .7616E+02   .9999999  .0000046  .0003187
T 9398 19 .1518232E+11   3400005E-01 -.5309E+02  .2107E+02   .9999997 -.0007130  .0002911
T 9399 19 .1518150E+11   3400017E-01  .9364E+02 -.3909E+02   .9999998  .0005443 -.0002152
T 9400 19 .1518102E+11   3400019E-01  .2778E+02  .4606E+02   .9999999  .0001987  .0000456
T 9401 19 .1518262E+11   3400005E-01 -.1908E+01 -.1406E+02   .9999999 -.0001013 -.0002903
T 9402 19 .1518467E+11   3400001E-01  .3141E+02  .7501E+01   .9999999  .0004319  .0001258
T 9403 19 .1518157E+11   3400009E-01  .9716E+01 -.2530E+02   .9999999  .0000407 -.0001065
T 9404 19 .1518208E+11   3400007E-01 -.5565E+01 -.4432E+01   .9999999 -.0000280 -.0000219
T 9405 19 .1518402E+11   3400000E-01  .3393E+01 -.7089E+01   .9999999 -.0000102 -.0001038
T 9406 19 .1517964E+11   3400021E-01 -.7713E+01 -.7407E+01   .9999999  .0000870 -.0000468
T 9407 19 .1518316E+11   3400017E-01  .1353E+02 -.3877E+02   .9999999  .0000868 -.0002633
T 9408 19 .1518437E+11   3400008E-01  .5024E+02 -.2366E+02   .9999999  .0002183 -.0000463
T 9409 19 .1518134E+11   3400009E-01  .6381E+02  .3560E+02   .9999998  .0004449  .0003517
T 9410 19 .1518187E+11   3400018E-01  .1467E+02  .2021E+02   .9999999  .0000118  .0002862
T 9411 19 .1518238E+11   3400013E-01 -.2099E+02  .3112E+02   .9999999 -.0003495  .0003155
T 9412 19 .1518336E+11   3400022E-01 -.2656E+02 -.1283E+02   .9999999 -.0001975 -.0000795
T 9413 19 .1518189E+11   3400021E-01  .6164E-01 -.8261E+00   .9999999  .0000263 -.0000421
T 9414 19 .1518158E+11   3400008E-01 -.1454E+02  .5915E+02   .9999999  .0002129 -.0002589
T 9415 19 .1518248E+11   3400008E-01  .4078E+01  .6056E+01   .9999999  .0000175  .0000670
T 9416 19 .1518275E+11   3400013E-01 -.3510E+01 -.4172E+01   .9999999 -.0000749 -.0000664
T 9417 19 .1518228E+11   3400007E-01 -.3203E+02 -.2150E+02   .9999999 -.0002636 -.0001720
T 9418 19 .1518302E+11   3400001E-01 -.2327E+01  .1350E+02   .9999999  .0000027  .0003413
T 9419 19 .1518307E+11   3400022E-01 -.1655E+02  .6738E+01   .9999999 -.0003010  .0000262
T 9420 19 .1518142E+11   3400013E-01 -.1015E+02  .2299E+02   .9999999  .0000090  .0001328
T 9421 19 .1518260E+11   3400003E-01 -.1107E+02  .7408E+01   .9999999 -.0000807  .0001363
T 9422 19 .1518086E+11   3400022E-01 -.1288E+02  .3056E+02   .9999999 -.0000266  .0000608
T 9423 19 .1518242E+11   3400022E-01 -.1954E+02  .3239E+02   .9999999 -.0001965  .0003100
T 9424 19 .1518396E+11   3400008E-01  .4198E+02 -.2936E+02   .9999999  .0003135 -.0000309
T 9425 19 .1517913E+11   3400001E-01  .4383E+02 -.1036E+02   .9999999  .0003029 -.0001326
T 9426 19 .1518351E+11   3400014E-01  .9583E+01  .1895E+01   .9999999 -.0000965  .0000096
T 9427 19 .1518328E+11   3400021E-01  .3299E+01 -.3773E+01   .9999999 -.0000336 -.0001272
T 9428 19 .1518314E+11   3400004E-01 -.1411E+02  .3652E+01   .9999999 -.0000330 -.0001286
T 9429 19 .1518278E+11   3400000E-01 -.1713E+02  .3334E+01   .9999999 -.0000487 -.0001074
T 9430 19 .1518332E+11   3400016E-01 -.3782E+02 -.5470E+02   .9999999 -.0002568 -.0002945
T 9431 19 .1518159E+11   3400017E-01 -.3680E+01 -.3203E+02   .9999999  .0000759 -.0001085
T 9432 19 .1518328E+11   3400004E-01 -.1653E+02  .1715E+02   .9999999 -.0000527  .0001402
T 9433 19 .1518082E+11   3400019E-01 -.8788E+01  .4124E+02   .9999999 -.0001833  .0001588
T 9434 19 .1518340E+11   3400008E-01 -.1641E+02  .2521E+02   .9999999 -.0001360  .0001156
T 9435 19 .1518445E+11   3400016E-01 -.2637E+02  .8012E+00   .9999999 -.0002596  .0000450
T 9436 19 .1518379E+11   3400016E-01  .3692E+01 -.4667E+02   .9999999 -.0001664 -.0004171
T 9437 19 .1518141E+11   3400000E-01  .1598E+02  .7291E+02   .9999997  .0000165  .0007434
T 9438 19 .1518273E+11   3400002E-01  .5407E+02  .4917E+02   .9999998  .0004258  .0003937
T 9439 19 .1518240E+11   3400019E-01 -.4742E+02 -.1745E+02   .9999998 -.0005832 -.0000769
T 9440 19 .1518465E+11   3400000E-01  .5172E+01  .4196E+02   .9999999  .0000981  .0004161
T 9441 19 .1518489E+11   3400022E-01  .2483E+02  .1488E+01   .9999999  .0001874  .0000938
T 9442 19 .1518226E+11   3400020E-01 -.1735E+02 -.8532E+01   .9999999 -.0001679 -.0001245
T 9443 19 .1518187E+11   3400022E-01  .5909E+02 -.1532E+02   .9999998  .0005664 -.0002326
T 9444 19 .1518340E+11   3400001E-01 -.1370E+02 -.2262E+02   .9999999 -.0001709 -.0000417
T 9445 19 .1518219E+11   3400016E-01  .3560E+02  .2697E+01   .9999999  .0001528  .0000227
T 9446 19 .1518227E+11   3400016E-01 -.4300E+01 -.4576E+02   .9999999 -.0002278 -.0001535
T 9447 19 .1518129E+11   3400012E-01  .4326E+02 -.2130E+02   .9999999  .0003355 -.0000568
T 9448 19 .1518174E+11   3400004E-01  .6135E+02 -.3579E+02   .9999999  .0004145 -.0000824
T 9449 19 .1518161E+11   3400020E-01  .9851E+01 -.1075E+02   .9999999  .0002020 -.0001502
T 9450 19 .1518400E+11   3400023E-01 -.2740E+01  .8417E+01   .9999999 -.0000499  .0002398
T 9451 19 .1518182E+11   3400019E-01 -.1715E+02 -.2580E+02   .9999999 -.0000328  .0000026
T 9452 19 .1518303E+11   3400008E-01  .3546E+02 -.2594E+02   .9999999  .0002840  .0000600
T 9453 19 .1518162E+11   3400022E-01  .4791E+02  .8161E+01   .9999999  .0002668  .0001497
T 9454 19 .1518330E+11   3400001E-01  .2047E+02 -.8867E+01   .9999999  .0002380  .0000046
T 9455 19 .1518061E+11   3400010E-01  .2558E+02  .1966E+02   .9999999  .0003310  .0000824
T 9456 19 .1518215E+11   3400015E-01 -.1913E+02 -.2323E+03   .9999990 -.0001778 -.0014095
T 9457 19 .1518355E+11   3400007E-01  .1261E+02 -.1388E+02   .9999999  .0001571 -.0001746
T 9458 19 .1518331E+11   3400013E-01  .8656E+00  .1016E+02   .9999999 -.0000116  .0002518
T 9459 19 .1518368E+11   3400013E-01 -.1982E+02  .3990E+02   .9999998 -.0004110  .0004345
T 9460 19 .1518103E+11   3400022E-01  .2833E+02 -.2179E+02   .9999999  .0001965 -.0000733
T 9461 19 .1518202E+11   3400003E-01  .1581E+02 -.2388E+02   .9999999  .0000210 -.0001418
T 9462 19 .1518243E+11   3400004E-01 -.3512E+01 -.3128E+01   .9999999  .0002766  .0001636
T 9463 19 .1518201E+11   3400017E-01  .2744E+02 -.9859E+01   .9999999  .0002738 -.0000708
T 9464 19 .1518356E+11   3400019E-01  .1224E+02  .1757E+02   .9999999  .0000119 -.0000474
T 9465 19 .1518277E+11   3400001E-01  .9282E+01  .2573E+02   .9999999  .0000148  .0001484
T 9466 19 .1518171E+11   3400005E-01  .1907E+02 -.2861E+02   .9999999  .0000146 -.0002797
T 9467 19 .1518164E+11   3400000E-01  .1169E+02 -.4211E+02   .9999999  .0002065 -.0003408
T 9468 19 .1518332E+11   3400020E-01 -.2827E+02 -.2862E+02   .9999999 -.0003370 -.0003298
T 9469 19 .1518091E+11   3400004E-01  .2307E+02  .5136E+01   .9999999  .0002038 -.0000967
T 9470 19 .1518537E+11   3400012E-01  .2459E+01  .4556E+01   .9999999 -.0000498 -.0000577
T 9471 19 .1518445E+11   3400015E-01 -.5551E+02  .1977E+02   .9999999 -.0004163  .0002776
T 9472 19 .1518432E+11   3400013E-01  .1202E+02  .1115E+02   .9999999 -.0002938 -.0003099
T 9473 19 .1518076E+11   3400013E-01 -.2145E+02  .8331E+01   .9999999 -.0003029  .0000049
T 9474 19 .1518362E+11   3400003E-01 -.6675E+01 -.4969E+02   .9999999 -.0001288 -.0004434
T 9475 19 .1518307E+11   3400001E-01 -.4740E+02  .3568E+02   .9999999 -.0002666  .0002369
T 9476 19 .1518262E+11   3400018E-01  .2057E+01 -.6082E+02   .9999999  .0000051 -.0004780
T 9477 19 .1518151E+11   3400016E-01 -.9579E+01 -.2487E+02   .9999999 -.0000399 -.0001982
T 9478 19 .1518237E+11   3400015E-01  .2035E+02  .2209E+02   .9999999  .0001836  .0000897
T 9479 19 .1518139E+11   3400018E-01 -.4540E+02  .2750E+02   .9999999 -.0002182  .0000654
T 9480 19 .1518273E+11   3400006E-01 -.4893E+02  .8701E+01   .9999999 -.0003725 -.0001728
T 9481 19 .1518542E+11   3400015E-01  .2141E+02  .5764E+01   .9999999  .0000389 -.0000464
T 9482 19 .1518106E+11   3400004E-01 -.3339E+02  .4155E+02   .9999999 -.0002136  .0001294
T 9483 19 .1518155E+11   3400006E-01  .2436E+02  .1344E+02   .9999999  .0002523  .0000892
T 9484 19 .1518174E+11   3400015E-01  .5156E+02  .7009E+01   .9999999  .0004502 -.0000650
T 9485 19 .1518312E+11   3400006E-01  .1811E+02 -.4012E+02   .9999999  .0001710 -.0003936
T 9486 19 .1518116E+11   3400017E-01 -.4197E+01  .3067E+02   .9999999 -.0000789  .0000982
T 9487 19 .1518281E+11   3400000E-01  .1656E+02  .1421E+02   .9999999  .0001459  .0001619
T 9488 19 .1518002E+11   3400018E-01  .6847E+02  .5333E+01   .9999998  .0006730  .0000976
T 9489 19 .1518369E+11   3400008E-01 -.1677E+02 -.1153E+02   .9999999 -.0000396 -.0000698
T 9490 19 .1518465E+11   3400005E-01  .4263E+02  .3968E+01   .9999999  .0003861  .0001402
T 9491 19 .1518396E+11   3400020E-01  .3573E+02  .1341E+02   .9999999  .0001235  .0000878
T 9492 19 .1518144E+11   3400014E-01 -.3342E+02  .7261E+01   .9999999 -.0000316  .0000920
T 9493 19 .1518110E+11   3400015E-01 -.2227E+01  .2464E+02   .9999999 -.0001127  .0001447
T 9494 19 .1518374E+11   3400002E-01  .9209E+01 -.2368E+02   .9999999  .0001356 -.0002084
T 9495 19 .1518236E+11   3400005E-01  .1592E+01 -.1439E+02   .9999999  .0000287 -.0000698
T 9496 19 .1518344E+11   3400022E-01  .1044E+03  .7513E+00   .9999998  .0005547 -.0000826
T 9497 19 .1518214E+11   3400018E-01 -.4871E+02 -.3125E+02   .9999999 -.0003683 -.0003106
T 9498 19 .1518159E+11   3400021E-01 -.2193E+01  .5063E+01   .9999999  .0000035 -.0000152
T 9499 19 .1517974E+11   3400008E-01  .3929E+02  .1058E+00   .9999999  .0002066  .0000376
T 9500 19 .1518202E+11   3400016E-01  .6600E+01  .3943E+02   .9999999  .0001835  .0000487
T 9501 19 .1518405E+11   3400001E-01 -.3250E+02 -.5097E+02   .9999999 -.0001948 -.0003283
T 9502 19 .1518351E+11   3400014E-01  .2603E+02  .3330E+02   .9999999  .0003640  .0001933
T 9503 19 .1518490E+11   3400012E-01  .3107E+02  .2124E+02   .9999999  .0001909  .0000480
T 9504 19 .1518167E+11   3400015E-01 -.8867E+01 -.8202E+01   .9999999  .0000845 -.0002060
T 9505 19 .1518185E+11   3400002E-01  .7170E+00  .3552E+02   .9999999 -.0000641  .0001802
T 9506 19 .1518334E+11   3400016E-01  .7110E+02  .2212E+02   .9999999  .0004595  .0000642
T 9507 19 .1518250E+11   3400009E-01 -.6525E+01 -.2801E+02   .9999999 -.0002071 -.0000214
T 9508 19 .1518405E+11   3400008E-01 -.2475E+02  .2359E+01   .9999999 -.0001489  .0000652
T 9509 19 .1518426E+11   3400014E-01 -.2467E+02  .3864E+01   .9999999 -.0003191  .0000536
T 9510 19 .1518501E+11   3400013E-01  .2932E+02 -.8928E+01   .9999998  .0006410  .0000799
T 9511 19 .1518339E+11   3400022E-01 -.8382E+01 -.6010E+01   .9999999 -.0002946  .0001309
T 9512 19 .1518098E+11   3400016E-01  .3038E+01 -.6493E+01   .9999999  .0000116  .0002332
T 9513 19 .1518343E+11   3400009E-01  .2186E+02  .1715E+01   .9999999  .0002297 -.0001755
T 9514 19 .1518245E+11   3400006E-01  .2642E+02  .1899E+02   .9999999  .0002382  .0001875
T 9515 19 .1518224E+11   3400012E-01  .1810E+02  .4527E+02   .9999999  .0001709  .0002093
T 9516 19 .1518253E+11   3400009E-01  .1021E+02  .3558E+02   .9999999  .0002655  .0002733
T 9517 19 .1518288E+11   3400007E-01 -.4193E+02  .4523E+01   .9999999 -.0003452  .0000170
T 9518 19 .1518218E+11   3400021E-01  .4800E+02 -.7680E+01   .9999999  .0001267 -.0001448
T 9519 19 .1518337E+11   3400004E-01 -.7162E+02  .2967E+02   .9999999 -.0004159  .0002157
T 9520 19 .1518341E+11   3400005E-01 -.4041E+01  .8793E+02   .9999998  .0002284  .0005835
T 9521 19 .1518144E+11   3400012E-01 -.2139E+02  .5435E+02   .9999999 -.0001204  .0003937
T 9522 19 .1518198E+11   3400016E-01 -.2498E+01  .6299E+02   .9999999 -.0000152  .0002749
T 9523 19 .1518345E+11   3400020E-01 -.3143E+02 -.1085E+02   .9999999 -.0002403 -.0000633
T 9524 19 .1518203E+11   3400017E-01 -.1401E+02  .1844E+02   .9999999 -.0001794  .0002489
T 9525 19 .1518420E+11   3400009E-01  .2518E+02 -.4135E+01   .9999999  .0002644  .0002119
T 9526 19 .1518468E+11   3400017E-01  .1648E+02 -.3055E+02   .9999999  .0000077 -.0002634
T 9527 19 .1518190E+11   3400010E-01 -.1128E+02  .4708E+01   .9999999  .0000477 -.0000541
T 9528 19 .1518348E+11   3400005E-01  .1640E+02 -.3024E+01   .9999999  .0001184  .0000847
T 9529 19 .1518093E+11   3400002E-01  .1472E+03  .3220E+02   .9999998  .0005737 -.0001378
T 9530 19 .1518077E+11   3400013E-01  .8684E+02  .1840E+03   .9999993  .0004295  .0010625
T 9531 19 .1518146E+11   3400008E-01  .2468E+02 -.1925E+02   .9999999  .0000905 -.0000266
T 9532 19 .1518208E+11   3400009E-01 -.3209E+02 -.4223E+02   .9999999 -.0001114 -.0004159
T 9533 19 .1518374E+11   3400004E-01  .3832E+02 -.3414E+02   .9999999  .0003489 -.0002035
T 9534 19 .1518166E+11   3400013E-01 -.7792E+01  .1210E+02   .9999999  .0000244 -.0000351
T 9535 19 .1518205E+11   3400018E-01 -.1816E+02 -.8611E+01   .9999999 -.0000195 -.0001903
T 9536 19 .1518209E+11   3400016E-01 -.4582E+02 -.2509E+02   .9999999 -.0002262 -.0001253
T 9537 19 .1518415E+11   3400022E-01 -.1623E+02 -.5155E+02   .9999999 -.0001727 -.0004097
T 9538 19 .1518103E+11   3400002E-01 -.2202E+02 -.7789E+01   .9999999 -.0003776  .0000351
T 9539 19 .1518192E+11   3400011E-01 -.3438E+02 -.1750E+02   .9999999 -.0001680 -.0000652
T 9540 19 .1518348E+11   3400011E-01 -.2769E+02 -.2952E+02   .9999999 -.0003675 -.0000628
T 9541 19 .1518289E+11   3400017E-01 -.8169E+02  .6421E+02   .9999997 -.0006175  .0005562
T 9542 19 .1518206E+11   3400014E-01  .3272E+01 -.1858E+02   .9999999  .0000224 -.0001493
T 9543 19 .1518233E+11   3400018E-01 -.3044E+02  .6376E+01   .9999998 -.0005653 -.0000991
T 9544 19 .1518282E+11   3400020E-01 -.8604E+02 -.1595E+02   .9999999 -.0003604 -.0003411
T 9545 19 .1518155E+11   3400008E-01 -.5883E+01  .4162E+02   .9999999 -.0001948  .0003521
T 9546 19 .1518057E+11   3400022E-01 -.5093E+01  .2018E+02   .9999999 -.0001368  .0001470
T 9547 19 .1518348E+11   3400019E-01  .3591E+01 -.4693E+02   .9999999  .0000264 -.0002395
T 9548 19 .1518230E+11   3400008E-01  .4232E+02 -.1131E+01   .9999999  .0002997 -.0000027
T 9549 19 .1518258E+11   3400013E-01 -.3118E+02 -.2612E+02   .9999999 -.0002120 -.0003210
T 9550 19 .1518321E+11   3400022E-01 -.3327E+01 -.7374E+01   .9999999 -.0000998 -.0003051
T 9551 19 .1518351E+11   3400016E-01  .7814E+01 -.2558E+02   .9999999  .0000921 -.0002664
T 9552 19 .1518155E+11   3400010E-01  .3136E+00  .6351E+02   .9999999  .0000150  .0001133
T 9553 19 .1518108E+11   3400018E-01  .5063E+02  .5878E+02   .9999998  .0005467  .0002448
T 9554 19 .1518362E+11   3400014E-01 -.3663E+02 -.1632E+02   .9999999 -.0000232 -.0000250
T 9555 19 .1518074E+11   3400013E-01 -.5652E+02  .1963E+00   .9999999 -.0002995  .0001719
T 9556 19 .1518249E+11   3400021E-01 -.2589E+01  .3167E+02   .9999999 -.0000165  .0002854
T 9557 19 .1518339E+11   3400021E-01 -.1463E+02  .2257E+02   .9999999  .0000189  .0004880
T 9558 19 .1518232E+11   3400001E-01  .1772E+02  .1623E+02   .9999999  .0001931  .0004273
T 9559 19 .1518253E+11   3400022E-01  .3037E+02 -.5842E+02   .9999999  .0001703 -.0004199
T 9560 19 .1518417E+11   3400018E-01 -.1142E+02 -.1162E+03   .9999999  .0001399 -.0004052
T 9561 19 .1518214E+11   3400016E-01 -.3057E+01  .7577E+01   .9999999  .0000414  .0000184
T 9562 19 .1518368E+11   3400008E-01 -.1071E+02 -.2957E+02   .9999999 -.0001517 -.0002703
T 9563 19 .1518269E+11   3400000E-01  .2689E+02 -.1465E+02   .9999999  .0001247  .0000399
T 9564 19 .1518129E+11   3400020E-01 -.4681E+01 -.1763E+02   .9999999 -.0002348  .0000420
T 9565 19 .1518224E+11   3400021E-01 -.4081E+02 -.1214E+02   .9999999 -.0002450 -.0000811
T 9566 19 .1518308E+11   3400008E-01 -.6361E+01 -.1450E+02   .9999999 -.0001463 -.0002116
T 9567 19 .1518219E+11   3400001E-01  .2511E+01 -.2063E+01   .9999999 -.0000572 -.0000830
T 9568 19 .1518169E+11   3400016E-01  .9013E+02 -.1367E+03   .9999998  .0003878 -.0004923
T 9569 19 .1518282E+11   3400013E-01 -.4233E+02  .2699E+02   .9999999 -.0002214  .0000616
T 9570 19 .1518229E+11   3400010E-01  .3075E+02 -.1663E+02   .9999999  .0002408 -.0000477
T 9571 19 .1518260E+11   3400006E-01  .4802E+01  .2612E+02   .9999999  .0001457  .0000918
T 9572 19 .1518044E+11   3400010E-01  .1114E+02 -.1801E+02   .9999999  .0000230 -.0002457
T 9573 19 .1518291E+11   3400017E-01 -.6556E+01  .8064E+00   .9999999 -.0000507  .0001712
T 9574 19 .1518053E+11   3400009E-01  .2669E+02 -.2968E+02   .9999999  .0002024 -.0002704
T 9575 19 .1518366E+11   3400020E-01 -.7600E+02 -.3155E+02   .9999998 -.0005450 -.0002925
T 9576 19 .1518232E+11   3400007E-01  .4746E+00  .3340E+01   .9999999 -.0000273 -.0000086
T 9577 19 .1518265E+11   3400016E-01 -.4081E+02 -.1005E+03   .9999998 -.0000360 -.0006540
T 9578 19 .1518145E+11   3400017E-01 -.9495E+01 -.1495E+02   .9999999 -.0000530  .0000101
T 9579 19 .1518346E+11   3400009E-01  .2264E+02 -.8282E+02   .9999999  .0001806 -.0003463
T 9580 19 .1518256E+11   3400009E-01 -.3558E+02  .2969E+01   .9999999 -.0004395  .0000396
T 9581 19 .1518245E+11   3400008E-01 -.1150E+02  .1106E+02   .9999999 -.0000688 -.0000950
T 9582 19 .1518038E+11   3400013E-01 -.2359E+02 -.3222E+02   .9999999  .0001357 -.0002791
T 9583 19 .1518370E+11   3400020E-01 -.1292E+02  .7303E+02   .9999999 -.0000309  .0002452
T 9584 19 .1518340E+11   3400015E-01 -.7269E+01  .3567E+01   .9999999  .0000656 -.0001652
T 9585 19 .1518289E+11   3400016E-01  .2499E+02 -.2658E+02   .9999999 -.0000409 -.0002372
T 9586 19 .1518303E+11   3400002E-01 -.5752E+02  .7097E+01   .9999999 -.0003593  .0000769
T 9587 19 .1518081E+11   3400012E-01  .8131E+01 -.2124E+02   .9999999  .0002320 -.0003080
T 9588 19 .1518181E+11   3400021E-01  .1658E+02  .3443E+01   .9999999  .0004184  .0001769
T 9589 19 .1518324E+11   3400022E-01 -.7307E+00  .1696E+02   .9999999  .0000406  .0001122
T 9590 19 .1518122E+11   3400022E-01  .8909E+01  .3650E+01   .9999999  .0000765  .0000592
T 9591 19 .1518389E+11   3400008E-01 -.7559E+01 -.6622E+02   .9999998 -.0000940 -.0006534
T 9592 19 .1518353E+11   3400003E-01 -.4300E+01  .3530E+01   .9999999  .0001142 -.0000012
T 9593 19 .1518270E+11   3400003E-01  .6722E+02  .3395E+01   .9999999  .0004708  .0000036
T 9594 19 .1518361E+11   3400016E-01  .3293E+02 -.2032E+02   .9999999  .0002315 -.0001772
T 9595 19 .1518421E+11   3400000E-01  .3082E+02  .3887E+02   .9999999  .0002813  .0002288
T 9596 19 .1518214E+11   3400017E-01  .1265E+02  .9250E+01   .9999999  .0002202 -.0000048
T 9597 19 .1518388E+11   3400004E-01 -.3149E+02 -.2279E+02   .9999999 -.0002671 -.0003953
T 9598 19 .1518415E+11   3400002E-01 -.4261E+02  .4333E+01   .9999999 -.0003673 -.0000340
T 9599 19 .1518306E+11   3400009E-01 -.5275E+02  .2561E+02   .9999998 -.0005411  .0001968
T 9600 19 .1518311E+11   3400010E-01 -.4855E+01  .3045E+02   .9999999 -.0000281  .0002754
T 9601 19 .1518264E+11   3400001E-01  .1933E+02  .4654E+02   .9999999  .0002465  .0002397
T 9602 19 .1518483E+11   3400022E-01  .4492E+01  .2442E+02   .9999999 -.0000096  .0001145
T 9603 19 .1518271E+11   3400016E-01  .6389E+02  .5567E+01   .9999999  .0004035  .0000621
T 9604 19 .1518274E+11   3400005E-01  .6990E+01  .3546E+02   .9999999 -.0000425  .0003445
T 9605 19 .1518339E+11   3400020E-01 -.4981E+01  .1063E+02   .9999999  .0000467  .0000890
T 9606 19 .1518195E+11   3400005E-01 -.6157E+02 -.1028E+02   .9999999 -.0003909 -.0000307
T 9607 19 .1518400E+11   3400004E-01  .3430E+02  .1418E+02   .9999999  .0003444  .0000759
T 9608 19 .1518404E+11   3400014E-01  .3678E+01 -.2111E+02   .9999999 -.0000475 -.0002070
T 9609 19 .1518425E+11   3400016E-01  .3608E+02 -.3644E+02   .9999999  .0002432 -.0002807
T 9610 19 .1518243E+11   3400013E-01 -.3222E+02  .2819E+02   .9999999 -.0003472  .0002897
T 9611 19 .1518591E+11   3400002E-01 -.3314E+02  .1045E+02   .9999999 -.0001348  .0001465
T 9612 19 .1518224E+11   3400017E-01  .3580E+02  .2656E+02   .9999999  .0003163  .0002987
T 9613 19 .1518185E+11   3400017E-01 -.2550E+01  .7842E+01   .9999999  .0002888  .0001334
T 9614 19 .1518367E+11   3400013E-01  .3437E+02 -.2415E+02   .9999999  .0001841 -.0000839
T 9615 19 .1518355E+11   3400009E-01 -.2424E+02  .3270E+02   .9999999 -.0000376  .0002343
T 9616 19 .1518450E+11   3400009E-01  .3542E+01  .2161E+02   .9999999 -.0000306 -.0000580
T 9617 19 .1518334E+11   3400016E-01 -.2670E+02  .5687E+02   .9999999 -.0003304  .0001565
T 9618 19 .1518341E+11   3400008E-01  .2242E+02 -.4244E+02   .9999999  .0001380 -.0003451
T 9619 19 .1518126E+11   3400021E-01  .6775E+01 -.4913E+02   .9999999  .0001494 -.0003045
T 9620 19 .1518407E+11   3400015E-01  .3177E+01 -.7661E+02   .9999978  .0007029 -.0019968
T 9621 19 .1518196E+11   3400005E-01 -.2216E+02 -.5656E+02   .9999999 -.0002640 -.0003689
T 9622 19 .1518171E+11   3400019E-01 -.2782E+01 -.3736E+02   .9999999 -.0000752 -.0002387
T 9623 19 .1518471E+11   3400021E-01  .4482E+02 -.2026E+02   .9999999  .0001316 -.0002577
T 9624 19 .1518184E+11   3400017E-01 -.6388E+02 -.1351E+02   .9999999 -.0005230  .0000913
T 9625 19 .1518201E+11   3400005E-01  .1834E+02  .4915E+02   .9999999  .0002057  .0003207
T 9626 19 .1518315E+11   3400006E-01  .3016E+02 -.2304E+02   .9999999  .0002854 -.0002634
T 9627 19 .1518297E+11   3400001E-01  .1177E+02 -.1476E+00   .9999999  .0000446  .0000090
T 9628 19 .1518093E+11   3400012E-01 -.2157E+02 -.1122E+02   .9999999 -.0001691 -.0001679
T 9629 19 .1518272E+11   3400005E-01 -.3115E+01  .2650E+02   .9999999 -.0001060  .0001355
T 9630 19 .1518114E+11   3400016E-01 -.5500E+02 -.2183E+01   .9999999 -.0004154  .0000214
T 9631 19 .1518335E+11   3400019E-01  .6121E+02 -.8980E+02   .9999998  .0001230 -.0006039
T 9632 19 .1518294E+11   3400002E-01  .1487E+02  .1207E+02   .9999999  .0000062  .0000875
T 9633 19 .1518414E+11   3400022E-01 -.3566E+02  .3139E+02   .9999999 -.0002294  .0001963
T 9634 19 .1518266E+11   3400015E-01  .1135E+02 -.1620E+02   .9999999 -.0000126 -.0001035
T 9635 19 .1518338E+11   3400016E-01  .2418E+02  .7235E+01   .9999999 -.0001248  .0001339
T 9636 19 .1518245E+11   3400020E-01 -.6240E+02 -.5838E+01   .9999999 -.0003554  .0000259
T 9637 19 .1518200E+11   3400007E-01  .4117E+02 -.3947E+02   .9999999  .0002741 -.0002941
T 9638 19 .1518347E+11   3400018E-01 -.2637E+02  .3146E+02   .9999999 -.0002726  .0002611
T 9639 19 .1518344E+11   3400022E-01 -.9086E+02 -.1127E+03   .9999996 -.0004897 -.0008008
T 9640 19 .1518207E+11   3400014E-01  .3317E+01 -.3016E+02   .9999999 -.0000166 -.0002583
T 9641 19 .1518117E+11   3400002E-01  .1547E+02  .1835E+02   .9999999  .0000534  .0002007
T 9642 19 .1518199E+11   3400012E-01 -.2371E+02 -.2889E+02   .9999999 -.0002119 -.0002090
T 9643 19 .1518365E+11   3400013E-01 -.4654E+02 -.5153E+02   .9999999 -.0001635 -.0003151
T 9644 19 .1518128E+11   3400018E-01  .1058E+04  .7773E+03   .9999510  .0079759  .0058590
T 9645 19 .1518253E+11   3400003E-01 -.1112E+01  .2331E+02   .9999999 -.0000063  .0000492
T 9646 19 .1517971E+11   3400021E-01 -.6477E+02 -.1139E+03   .9999998 -.0004490 -.0005363
T 9647 19 .1518460E+11   3400010E-01  .2246E+02 -.3765E+02   .9999999  .0001068 -.0001027
T 9648 19 .1518229E+11   3400020E-01  .1749E+02  .1615E+02   .9999999  .0000839  .0001452
T 9649 19 .1518443E+11   3400010E-01 -.5527E+01 -.3764E+02   .9999999 -.0003570 -.0002869
T 9650 19 .1518274E+11   3400006E-01 -.7281E+01 -.5064E+02   .9999999  .0000234 -.0003753
T 9651 19 .1518197E+11   3400009E-01 -.2161E+02 -.9192E+01   .9999999 -.0004111  .0000278
T 9652 19 .1518369E+11   3400009E-01 -.7330E+02 -.3597E+01   .9999999 -.0003296 -.0000856
T 9653 19 .1518485E+11   3400018E-01  .1041E+03 -.4794E+00   .9999998  .0006317  .0000937
T 9654 19 .1518335E+11   3400008E-01  .5697E+01  .1340E+02   .9999999 -.0000676  .0001253
T 9655 19 .1518370E+11   3400016E-01  .1268E+02 -.4097E+02   .9999999  .0001249 -.0002823
T 9656 19 .1518301E+11   3400014E-01 -.4471E+01 -.3122E+02   .9999999 -.0001384 -.0001458
T 9657 19 .1518316E+11   3400019E-01  .5050E+02 -.4379E+02   .9999999  .0004260 -.0002052
T 9658 19 .1518345E+11   3400021E-01 -.4962E+01 -.5777E+02   .9999999  .0001427 -.0003478
T 9659 19 .1518298E+11   3400009E-01  .4880E+02 -.2758E+01   .9999999  .0003828  .0003891
T 9660 19 .1518153E+11   3400015E-01 -.7101E+02  .2623E+02   .9999994 -.0010876 -.0001910
T 9661 19 .1518173E+11   3400020E-01  .2755E+02 -.2929E+02   .9999999  .0001458 -.0002706
T 9662 19 .1518155E+11   3400023E-01 -.2614E+01 -.3597E+02   .9999999 -.0000249 -.0001916
T 9663 19 .1518355E+11   3400018E-01 -.1149E+02 -.3429E+02   .9999999  .0000212 -.0002528
T 9664 19 .1518285E+11   3400016E-01 -.4691E+02  .2612E+02   .9999999 -.0001944  .0001427
T 9665 19 .1518315E+11   3400013E-01 -.3189E+01 -.2002E+01   .9999999 -.0000593  .0000263
T 9666 19 .1518190E+11   3400022E-01 -.2034E+02 -.1684E+01   .9999999 -.0002706  .0000781
T 9667 19 .1517993E+11   3400011E-01 -.2538E+02 -.6641E-01   .9999999 -.0001846 -.0000934
T 9668 19 .1518158E+11   3400012E-01 -.1200E+03 -.2443E+02   .9999982 -.0018879 -.0003367
T 9669 19 .1518341E+11   3400013E-01 -.3598E+01 -.1230E+02   .9999999 -.0000039 -.0000421
T 9670 19 .1518282E+11   3400014E-01 -.4932E+01 -.9654E+01   .9999996 -.0008499  .0002380
T 9671 19 .1518321E+11   3400011E-01  .2149E+02  .1547E+02   .9999999  .0001704  .0002166
T 9672 19 .1518240E+11   3400013E-01 -.3467E+02 -.2424E+02   .9999999  .0000322 -.0002283
T 9673 19 .1518197E+11   3400014E-01  .3336E+02 -.4219E+02   .9999999  .0003113 -.0000838
T 9674 19 .1518229E+11   3400001E-01 -.3027E+02  .1163E+02   .9999999 -.0001434  .0002930
T 9675 19 .1518219E+11   3400007E-01 -.4860E+02 -.5167E+02   .9999999 -.0000490 -.0004512
T 9676 19 .1518163E+11   3400020E-01 -.2126E+02 -.2052E+02   .9999999 -.0000552 -.0003198
T 9677 19 .1518213E+11   3400004E-01 -.5258E+02  .4109E+02   .9999999 -.0002502  .0001699
T 9678 19 .1518101E+11   3400014E-01 -.2231E+02 -.3467E+02   .9999999 -.0001147 -.0001053
T 9679 19 .1518151E+11   3400006E-01  .9674E+01  .3260E+02   .9999999 -.0000427 -.0000288
T 9680 19 .1518317E+11   3400019E-01  .1186E+01  .1253E+02   .9999999  .0000449  .0000335
T 9681 19 .1518233E+11   3400006E-01 -.3130E+02 -.1611E+01   .9999999 -.0001523  .0001381
T 9682 19 .1518319E+11   3400011E-01 -.1504E+02 -.4198E+02   .9999999 -.0000155 -.0001004
T 9683 19 .1518140E+11   3400014E-01  .1364E+02 -.1638E+02   .9999999  .0000331 -.0001211
T 9684 19 .1518258E+11   3400015E-01 -.3318E+02 -.7919E+01   .9999999 -.0001763  .0002179
T 9685 19 .1518402E+11   3400007E-01 -.1253E+02 -.1585E+02   .9999999 -.0000216 -.0001329
T 9686 19 .1518250E+11   3400014E-01  .5297E+01 -.1389E+02   .9999999 -.0000711 -.0001713
T 9687 19 .1518366E+11   3400008E-01 -.5531E+02 -.2813E+02   .9999999 -.0004332 -.0003032
T 9688 19 .1518215E+11   3400020E-01 -.2902E+02  .3027E+01   .9999999 -.0002410  .0000964
T 9689 19 .1518252E+11   3400013E-01  .1474E+02 -.6055E+02   .9999999 -.0000709 -.0002550
T 9690 19 .1518445E+11   3400012E-01  .4963E+02 -.5569E+02   .9999996  .0006439 -.0006311
T 9691 19 .1518214E+11   3400012E-01  .3927E+02 -.4775E+02   .9999999  .0003859 -.0002655
T 9692 19 .1518226E+11   3400013E-01  .1009E+02  .2796E+01   .9999999  .0001378  .0001633
T 9693 19 .1518226E+11   3400018E-01  .2504E+02  .8065E+01   .9999999  .0004006 -.0000983
T 9694 19 .1518250E+11   3400016E-01  .1618E+02 -.1915E+02   .9999999 -.0000864 -.0001369
T 9695 19 .1518315E+11   3400006E-01 -.2815E+02 -.1367E+02   .9999999  .0000183 -.0001365
T 9696 19 .1518300E+11   3400002E-01  .4035E+02 -.4110E+02   .9999999  .0002195  .0000781
T 9697 19 .1518401E+11   3400013E-01 -.3696E+02  .2674E+01   .9999999 -.0001442  .0001230
T 9698 19 .1518398E+11   3400008E-01  .2492E+00 -.1740E+02   .9999999  .0000361 -.0003408
T 9699 19 .1518216E+11   3400019E-01  .9813E+01 -.9134E+01   .9999999  .0000167 -.0000325
T 9700 19 .1518167E+11   3400018E-01 -.1041E+02 -.3804E+02   .9999999 -.0000688  .0000410
T 9701 19 .1518353E+11   3400001E-01  .7152E+01 -.3532E+02   .9999999  .0001155 -.0001829
T 9702 19 .1517940E+11   3400009E-01  .6383E+01  .3877E+02   .9999999  .0003244  .0001093
T 9703 19 .1518119E+11   3400014E-01 -.3791E+02 -.5835E+02   .9999999 -.0002807 -.0002836
T 9704 19 .1518107E+11   3400007E-01  .3456E+02 -.3670E+02   .9999999  .0003586 -.0003355
T 9705 19 .1518357E+11   3400022E-01  .2373E+03 -.9827E+02   .9999991  .0012688 -.0004538
T 9706 19 .1518250E+11   3400020E-01  .1144E+02  .2151E+02   .9999999  .0003440 -.0002271
T 9707 19 .1518268E+11   3400013E-01  .1145E+02  .1946E+02   .9999999  .0002274  .0000392
T 9708 19 .1518384E+11   3400005E-01  .1419E+02 -.3249E+02   .9999999  .0001867 -.0002029
T 9709 19 .1518267E+11   3400022E-01 -.9870E+01  .4764E+02   .9999999  .0000129  .0002572
T 9710 19 .1518101E+11   3400018E-01 -.1191E+02  .7173E+01   .9999999 -.0000656  .0001293
T 9711 19 .1518044E+11   3400020E-01 -.1593E+02 -.5310E+02   .9999999 -.0002306 -.0002821
T 9712 19 .1518406E+11   3400001E-01  .1541E+02 -.9510E+00   .9999999  .0002573 -.0001537
T 9713 19 .1518086E+11   3400017E-01  .3420E+02  .1954E+02   .9999999  .0002053  .0000046
T 9714 19 .1518242E+11   3400004E-01  .3613E+02 -.1085E+02   .9999999  .0002750 -.0000496
T 9715 19 .1518323E+11   3400018E-01  .1759E+01  .8200E+01   .9999999 -.0000196  .0001987
T 9716 19 .1518315E+11   3400010E-01  .3055E+02 -.1354E+02   .9999999  .0001679 -.0002651
T 9717 19 .1518243E+11   3400021E-01 -.2196E+02  .9297E+01   .9999999 -.0002080  .0001069
T 9718 19 .1518451E+11   3400021E-01  .2817E+02 -.2943E+02   .9999999  .0002412 -.0002236
T 9719 19 .1518379E+11   3400020E-01  .1368E+02  .3698E+02   .9999999  .0002128  .0002918
T 9720 19 .1518219E+11   3400018E-01  .2264E+02 -.3275E+02   .9999999  .0003031 -.0002091
T 9721 19 .1518166E+11   3400014E-01 -.6428E+01  .6370E+01   .9999999 -.0000569  .0001170
T 9722 19 .1518387E+11   3400019E-01 -.1005E+02 -.2541E+02   .9999999 -.0002061 -.0002215
T 9723 19 .1518258E+11   3400020E-01  .7260E+01 -.3061E+02   .9999999 -.0000796 -.0001869
T 9724 19 .1518368E+11   3400005E-01  .8158E+01 -.2238E+02   .9999999  .0001662 -.0002416
T 9725 19 .1518154E+11   3400006E-01 -.8376E+01 -.2632E+02   .9999999 -.0000716 -.0000977
T 9726 19 .1518331E+11   3400004E-01  .1036E+02  .4688E+00   .9999999  .0000724 -.0000480
T 9727 19 .1518192E+11   3400012E-01  .1026E+02 -.9047E+02   .9999998 -.0001434 -.0005327
T 9728 19 .1518259E+11   3400016E-01  .1503E+02 -.4488E+01   .9999999  .0001101 -.0001338
T 9729 19 .1518385E+11   3400013E-01 -.2192E+01  .1119E+01   .9999999 -.0000726 -.0002990
T 9730 19 .1518291E+11   3400018E-01 -.3938E+02  .5006E+01   .9999999 -.0003693 -.0002692
T 9731 19 .1518247E+11   3400009E-01  .1845E+02 -.2238E+01   .9999999  .0001610  .0000937
T 9732 19 .1518233E+11   3400004E-01 -.2268E+01  .1796E+02   .9999999 -.0000497  .0000439
T 9733 19 .1518387E+11   3400000E-01  .4864E+02 -.3075E+00   .9999999  .0002657 -.0000214
T 9734 19 .1518352E+11   3400015E-01 -.4949E+01 -.1328E+02   .9999999 -.0000632 -.0000461
T 9735 19 .1518165E+11   3400017E-01 -.4250E+02  .8524E+01   .9999999 -.0002886  .0000282
T 9736 19 .1518307E+11   3400000E-01 -.1624E+02  .1513E+02   .9999999 -.0000832  .0000800
T 9737 19 .1518256E+11   3400009E-01  .2441E+02  .1189E+02   .9999999  .0001726  .0000431
T 9738 19 .1518364E+11   3400009E-01 -.8132E+02  .1272E+02   .9999990 -.0011870  .0007922
T 9739 19 .1518251E+11   3400020E-01 -.1085E+01 -.1434E+02   .9999999 -.0002589 -.0001238
T 9740 19 .1518084E+11   3400022E-01  .6235E+02 -.2261E-01   .9999998  .0005109 -.0002085
T 9741 19 .1518182E+11   3400015E-01 -.5082E+02 -.5949E+02   .9999999 -.0003576 -.0002926
T 9742 19 .1518122E+11   3400017E-01 -.2108E+02 -.1597E+02   .9999999 -.0001113 -.0001536
T 9743 19 .1518353E+11   3400019E-01 -.1706E+01  .3044E+02   .9999999 -.0000430  .0001381
T 9744 19 .1518252E+11   3400005E-01 -.5827E+01 -.1038E+02   .9999999  .0000281 -.0001195
T 9745 19 .1518264E+11   3400019E-01 -.8203E+01 -.2265E+02   .9999999 -.0002706  .0001687
T 9746 19 .1518438E+11   3400002E-01  .4646E+02 -.7451E+01   .9999998  .0005925  .0000836
T 9747 19 .1518029E+11   3400018E-01  .1667E+02 -.3198E+02   .9999999  .0002283 -.0000296
T 9748 19 .1518241E+11   3400007E-01  .4491E+02  .9909E+02   .9999994  .0004340  .0010511
T 9749 19 .1518233E+11   3400019E-01 -.2258E+02 -.2574E+02   .9999999  .0000025 -.0002148
T 9750 19 .1518437E+11   3400005E-01  .1876E+02 -.7503E+01   .9999999  .0001866  .0000173
T 9751 19 .1518454E+11   3400014E-01  .3261E+02  .4153E+02   .9999999  .0003436  .0001635
T 9752 19 .1518227E+11   3400022E-01 -.8948E+02  .3376E+02   .9999999 -.0004206  .0000876
T 9753 19 .1518345E+11   3400014E-01 -.2776E+01 -.7984E+02   .9999999 -.0000296 -.0004781
T 9754 19 .1518266E+11   3400008E-01 -.6363E+02 -.1329E+02   .9999999 -.0005242 -.0000521
T 9755 19 .1518357E+11   3400013E-01  .5849E+01 -.3411E+02   .9999999  .0000218 -.0002933
T 9756 19 .1518288E+11   3400009E-01  .5181E+02  .2864E+02   .9999999  .0002568  .0001768
T 9757 19 .1518205E+11   3400010E-01 -.3418E+02  .2847E+02   .9999999 -.0002947  .0001271
T 9758 19 .1518249E+11   3400007E-01 -.2766E+02 -.6496E+02   .9999999  .0000156 -.0000506
T 9759 19 .1518219E+11   3400013E-01  .4638E+02  .5747E+02   .9999997  .0004000  .0006124
T 9760 19 .1518098E+11   3400004E-01  .2127E+02 -.2616E+02   .9999999  .0001587 -.0000772
T 9761 19 .1518430E+11   3400001E-01  .2061E+02  .7271E+01   .9999998  .0006220 -.0001476
T 9762 19 .1518324E+11   3400002E-01 -.5245E+01 -.6560E+01   .9999999 -.0001738 -.0000725
T 9763 19 .1518312E+11   3400022E-01 -.8584E+01 -.4256E+02   .9999999 -.0000829 -.0002458
T 9764 19 .1518396E+11   3400019E-01  .2194E+02  .3497E+02   .9999999  .0000079  .0002014
T 9765 19 .1518274E+11   3400017E-01 -.1867E+01 -.1570E+01   .9999999 -.0002448 -.0001703
T 9766 19 .1518169E+11   3400011E-01  .2503E+02  .2246E+02   .9999999  .0002178  .0002438
T 9767 19 .1518201E+11   3400010E-01  .2787E+02  .3158E+02   .9999999  .0001856  .0001495
T 9768 19 .1518266E+11   3400023E-01  .2019E+02 -.2103E+02   .9999999  .0000515 -.0001030
T 9769 19 .1518099E+11   3400005E-01  .1779E+02 -.1750E+02   .9999999  .0002554 -.0001284
T 9770 19 .1518238E+11   3400014E-01 -.7921E+02 -.4032E+02   .9999998 -.0006023 -.0003201
T 9771 19 .1518332E+11   3400009E-01 -.5557E+02  .5854E+02   .9999999 -.0002327  .0002925
T 9772 19 .1518271E+11   3400011E-01 -.3309E+02 -.2779E+02   .9999999 -.0003122 -.0001416
T 9773 19 .1518483E+11   3400000E-01  .4596E+01 -.3086E+02   .9999999 -.0000527 -.0001201
T 9774 19 .1518217E+11   3400016E-01 -.9847E+01  .4839E+02   .9999999 -.0000764  .0003755
T 9775 19 .1518273E+11   3400015E-01 -.2834E+01  .3260E+02   .9999999 -.0000094 -.0000119
T 9776 19 .1518084E+11   3400022E-01 -.1567E+02 -.4504E+02   .9999999 -.0000912 -.0003410
T 9777 19 .1518119E+11   3400018E-01 -.7174E+01  .5571E+01   .9999999  .0001613  .0001623
T 9778 19 .1518184E+11   3400009E-01 -.1247E+02 -.1015E+02   .9999999 -.0001713 -.0000513
T 9779 19 .1518214E+11   3400009E-01  .2003E+02 -.1456E+02   .9999999  .0000457 -.0003133
T 9780 19 .1518232E+11   3400020E-01  .8716E+01 -.5867E+02   .9999999  .0000215 -.0004309
T 9781 19 .1518404E+11   3400002E-01  .6453E+01  .2680E+02   .9999999  .0001502  .0001500
T 9782 19 .1518227E+11   3400022E-01  .3296E+02  .2053E+02   .9999999  .0002671  .0002135
T 9783 19 .1518301E+11   3400017E-01  .3211E+02  .1466E+01   .9999999  .0001405  .0000558
T 9784 19 .1518300E+11   3400005E-01 -.2577E+02  .4543E+02   .9999999 -.0002282  .0003303
T 9785 19 .1518209E+11   3400016E-01 -.3510E+02  .2203E+02   .9999999 -.0003176  .0002632
T 9786 19 .1518289E+11   3400022E-01  .2780E+02 -.2306E+02   .9999999  .0002548 -.0002189
T 9787 19 .1518258E+11   3400011E-01 -.1022E+02 -.4681E+01   .9999999 -.0000171 -.0000024
T 9788 19 .1518251E+11   3400017E-01  .3764E+02 -.3500E+02   .9999999  .0001855 -.0002189
T 9789 19 .1518495E+11   3400001E-01 -.2739E+02  .6000E+02   .9999999 -.0002306  .0003351
T 9790 19 .1518261E+11   3400006E-01  .3195E+02 -.1429E+02   .9999999  .0003032 -.0003045
T 9791 19 .1518253E+11   3400014E-01 -.7078E+02  .4357E+01   .9999999 -.0004717 -.0000951
T 9792 19 .1518346E+11   3400002E-01  .2246E+02 -.1655E+02   .9999999  .0002166 -.0000703
T 9793 19 .1518087E+11   3400010E-01 -.1489E+02 -.2115E+02   .9999999 -.0000153 -.0001234
T 9794 19 .1518110E+11   3400004E-01 -.1697E+02  .4303E+01   .9999999  .0000374 -.0000375
T 9795 19 .1518328E+11   3400000E-01 -.1901E+02  .5503E+01   .9999996 -.0002116 -.0009050
T 9796 19 .1518125E+11   3400006E-01 -.2526E+02  .4988E+02   .9999999 -.0001988  .0003799
T 9797 19 .1518245E+11   3400007E-01  .1491E+02 -.1507E+01   .9999999  .0001436  .0000954
T 9798 19 .1518230E+11   3400011E-01 -.2375E+01  .1871E+02   .9999999  .0002445 -.0001399
T 9799 19 .1518243E+11   3400002E-01 -.8923E+01  .9407E+01   .9999999  .0000484  .0001352
T 9800 19 .1518200E+11   3400023E-01  .3355E+02 -.5507E+01   .9999999  .0001017  .0001175
T 9801 19 .1518267E+11   3400014E-01 -.1586E+03 -.2801E+02   .9999994 -.0010402 -.0001385
T 9802 19 .1518275E+11   3400006E-01  .1527E+02  .8031E+01   .9999999  .0002612  .0000698
T 9803 19 .1518203E+11   3400004E-01  .3689E+01  .7191E+02   .9999999  .0000444  .0003653
T 9804 19 .1518257E+11   3400011E-01 -.4830E+01  .3353E+00   .9999999 -.0001849  .0000353
T 9805 19 .1518135E+11   3400010E-01  .3723E+01  .2595E+02   .9999999  .0001678  .0000648
T 9806 19 .1517970E+11   3400010E-01  .2773E+02 -.9017E+01   .9999999  .0001180  .0000856
T 9807 19 .1518087E+11   3400022E-01  .5597E+01  .5485E+01   .9999999  .0001164 -.0001592
T 9808 19 .1518241E+11   3400012E-01  .1389E+02  .1760E+02   .9999999  .0000159  .0000194
T 9809 19 .1518315E+11   3400021E-01  .1226E+03 -.2129E+03   .9999998  .0003209 -.0006267
T 9810 19 .1518278E+11   3400013E-01 -.6853E+01  .4628E+02   .9999999 -.0000473  .0003704
T 9811 19 .1518192E+11   3400020E-01 -.1036E+02 -.2074E+02   .9999999  .0000484 -.0001341
T 9812 19 .1518217E+11   3400013E-01  .1435E+02 -.8760E+02   .9999997  .0001700 -.0007825
T 9813 19 .1518275E+11   3400017E-01  .2515E+02 -.4340E+02   .9999999  .0001156 -.0002665
T 9814 19 .1518328E+11   3400021E-01  .5978E+02 -.6691E+02   .9999999  .0000949 -.0005169
T 9815 19 .1518267E+11   3400023E-01 -.1789E+02  .6773E+01   .9999999 -.0000385  .0000918
T 9816 19 .1518410E+11   3400018E-01  .1342E+02  .2155E+02   .9999999 -.0000385  .0001238
T 9817 19 .1518019E+11   3400017E-01 -.6681E+01  .2201E+02   .9999999 -.0002156  .0003877
T 9818 19 .1518323E+11   3400016E-01  .2652E+02  .5143E+02   .9999999  .0002355  .0001780
T 9819 19 .1518403E+11   3400015E-01  .5225E+02 -.1365E+02   .9999998  .0006309 -.0001831
T 9820 19 .1518203E+11   3400007E-01  .5815E+02 -.4071E+02   .9999999  .0003955 -.0002612
T 9821 19 .1518193E+11   3400021E-01 -.7993E+02  .4060E+02   .9999997 -.0006516  .0002898
T 9822 19 .1518381E+11   3400006E-01  .2444E+01  .4425E+02   .9999999  .0000501  .0002956
T 9823 19 .1518226E+11   3400018E-01  .6037E+01  .6699E+01   .9999999 -.0000467  .0001651
T 9824 19 .1518211E+11   3400019E-01 -.5571E+02  .2647E+01   .9999999 -.0004070 -.0000557
T 9825 19 .1518226E+11   3400015E-01 -.2774E+02 -.2344E+02   .9999999 -.0002322 -.0000791
T 9826 19 .1518132E+11   3400014E-01  .1788E+02 -.1436E+02   .9999999  .0003492 -.0000922
T 9827 19 .1518364E+11   3400022E-01 -.2294E+02  .3798E+02   .9999999 -.0001523  .0003706
T 9828 19 .1518258E+11   3400016E-01  .2176E+02 -.1443E+02   .9999999  .0000112 -.0000951
T 9829 19 .1518318E+11   3400006E-01  .3284E+02 -.3978E+02   .9999999  .0000742 -.0001586
T 9830 19 .1518159E+11   3400004E-01 -.6760E+02  .1206E+03   .9999997 -.0003005  .0006648
T 9831 19 .1518207E+11   3400007E-01 -.1931E+02 -.4091E+02   .9999999 -.0000425 -.0003210
T 9832 19 .1518238E+11   3400005E-01 -.1328E+02  .1591E+02   .9999999 -.0002621  .0001763
T 9833 19 .1518297E+11   3400006E-01  .3459E+02  .2173E+02   .9999999  .0003745  .0000997
T 9834 19 .1518234E+11   3400007E-01  .4024E+02 -.5082E+01   .9999999  .0002788 -.0001905
T 9835 19 .1518088E+11   3400004E-01  .3668E+02 -.5921E+02   .9999998  .0002598 -.0005568
T 9836 19 .1518435E+11   3400023E-01  .5977E+00 -.2084E+02   .9999999  .0003058  .0001458
T 9837 19 .1518134E+11   3400003E-01  .5421E+00  .1362E+02   .9999999  .0001307  .0000254
T 9838 19 .1518171E+11   3400013E-01  .1598E+02 -.7969E+01   .9999999  .0001421 -.0001807
T 9839 19 .1518190E+11   3400006E-01  .6787E+02 -.6847E+02   .9999997  .0004302 -.0005711
T 9840 19 .1518305E+11   3400022E-01 -.1630E+02 -.2343E+02   .9999999 -.0001188 -.0002045
T 9841 19 .1518232E+11   3400009E-01  .2945E+02  .2154E+02   .9999999  .0003235  .0001747
T 9842 19 .1518245E+11   3400013E-01  .1468E+02  .4090E+02   .9999999  .0001253  .0005224
T 9843 19 .1518225E+11   3400011E-01  .1360E+02 -.7211E+01   .9999999  .0000843  .0003011
T 9844 19 .1518205E+11   3400014E-01 -.1721E+02  .2897E+02   .9999999 -.0000596  .0000181
T 9845 19 .1518250E+11   3400004E-01 -.2061E+02  .2306E+02   .9999999 -.0000054 -.0000038
T 9846 19 .1518169E+11   3400018E-01 -.1122E+02  .1037E+02   .9999999 -.0000347  .0000537
T 9847 19 .1518188E+11   3400000E-01  .6459E+02 -.1603E+02   .9999999  .0004767 -.0000611
T 9848 19 .1518179E+11   3400015E-01  .1893E+02  .3152E+02   .9999999  .0000674  .0002147
T 9849 19 .1518410E+11   3400019E-01  .5425E+01  .2965E+02   .9999999  .0000245  .0002906
T 9850 19 .1518512E+11   3400017E-01  .3373E+02  .2002E+02   .9999999  .0003317  .0001621
T 9851 19 .1518201E+11   3400001E-01 -.4948E+02 -.2004E+02   .9999999 -.0003972 -.0002906
T 9852 19 .1518345E+11   3400015E-01  .4198E+02 -.5908E+02   .9999999 -.0000416 -.0004797
T 9853 19 .1518363E+11   3400011E-01 -.9880E+01 -.9812E+02   .9999994  .0001913 -.0010760
T 9854 19 .1518440E+11   3400013E-01 -.2689E+02 -.5075E+01   .9999999 -.0001796 -.0001130
T 9855 19 .1518126E+11   3400018E-01  .1950E+02  .1412E+02   .9999999  .0000230  .0001401
T 9856 19 .1518351E+11   3400000E-01  .6600E+02  .5123E+02   .9999997  .0007014  .0004029
T 9857 19 .1518331E+11   3400004E-01  .2697E+01 -.4879E+02   .9999999  .0000555 -.0003377
T 9858 19 .1518096E+11   3400005E-01 -.3956E+02  .3303E+02   .9999999 -.0001960  .0003319
T 9859 19 .1518149E+11   3400020E-01  .4669E+02 -.5562E+02   .9999998  .0003475 -.0005040
T 9860 19 .1518052E+11   3400022E-01  .9108E+01  .3194E+02   .9999999 -.0000776  .0002168
T 9861 19 .1518163E+11   3400013E-01  .1062E+03  .3896E+02   .9999999  .0005029  .0001197
T 9862 19 .1518473E+11   3400009E-01 -.2661E+02  .2844E+02   .9999999 -.0002576  .0002518
T 9863 19 .1518182E+11   3400020E-01  .5124E+02 -.2763E+02   .9999999  .0003899 -.0001844
T 9864 19 .1518275E+11   3400017E-01 -.1099E+02  .4863E+02   .9999999 -.0000610  .0003662
T 9865 19 .1518293E+11   3400005E-01 -.9140E+02  .9005E+02   .9999985 -.0009421  .0014226
T 9866 19 .1518097E+11   3400015E-01 -.9811E+01 -.7056E+01   .9999999 -.0000310 -.0001301
T 9867 19 .1518177E+11   3400022E-01 -.6210E+01  .1309E+02   .9999999 -.0000320  .0002415
T 9868 19 .1518164E+11   3400012E-01 -.4017E+01 -.2514E+02   .9999999 -.0000808  .0000201
T 9869 19 .1517980E+11   3400008E-01 -.8165E+01 -.4036E+02   .9999999 -.0000596 -.0004546
T 9870 19 .1518174E+11   3400005E-01 -.2317E+02 -.8939E+01   .9999999 -.0002472 -.0000669
T 9871 19 .1518238E+11   3400019E-01  .4916E+02 -.3950E+02   .9999999  .0002975 -.0001389
T 9872 19 .1518314E+11   3400022E-01  .2691E+02  .2614E+02   .9999999  .0001057  .0001465
T 9873 19 .1518384E+11   3400009E-01 -.1051E+02  .1042E+02   .9999999  .0000200  .0000269
T 9874 19 .1518151E+11   3400009E-01 -.3057E+02 -.4399E+02   .9999999 -.0003090 -.0003821
T 9875 19 .1518176E+11   3400014E-01  .6750E+02  .2273E+02   .9999997  .0005834  .0004586
T 9876 19 .1518308E+11   3400014E-01 -.4151E+02 -.3943E+01   .9999999 -.0002532 -.0001728
T 9877 19 .1518108E+11   3400017E-01 -.6851E+01 -.2183E+02   .9999999 -.0001082 -.0000727
T 9878 19 .1518338E+11   3400000E-01  .2516E+02 -.1809E+02   .9999999  .0000707  .0000901
T 9879 19 .1518428E+11   3400014E-01  .4897E+01 -.1264E+02   .9999999  .0000760 -.0000710
T 9880 19 .1518217E+11   3400015E-01 -.2692E+01 -.2351E+02   .9999999 -.0000077 -.0001850
T 9881 19 .1518265E+11   3400001E-01 -.1475E+03  .1602E+03   .9999993 -.0008326  .0007891
T 9882 19 .1518305E+11   3400017E-01 -.6153E+02  .4958E+02   .9999998 -.0004998  .0003278
T 9883 19 .1518272E+11   3400006E-01  .2804E+02  .1119E+02   .9999999  .0001104  .0000625
T 9884 19 .1518262E+11   3400017E-01  .4575E+02 -.4626E+01   .9999999  .0002737  .0000437
T 9885 19 .1518290E+11   3400002E-01 -.6536E+03  .8109E+03   .9999871 -.0032075  .0039349
T 9886 19 .1518200E+11   3400012E-01  .1406E+02 -.1216E+01   .9999999  .0000711  .0000224
T 9887 19 .1518243E+11   3400010E-01 -.1028E+03  .1047E+02   .9999998 -.0006124  .0000159
T 9888 19 .1518230E+11   3400006E-01 -.6029E+02 -.9715E+02   .9999995 -.0007717 -.0006140
T 9889 19 .1518191E+11   3400002E-01 -.6485E+01 -.2207E+02   .9999999  .0000034 -.0003655
T 9890 19 .1518241E+11   3400012E-01  .2012E+02  .1038E+02   .9999999  .0003517  .0000389
T 9891 19 .1518350E+11   3400017E-01 -.2517E+02  .3765E+02   .9999999 -.0001800  .0001655
T 9892 19 .1518070E+11   3400020E-01  .1155E+02  .3982E+02   .9999999  .0001896  .0002099
T 9893 19 .1518370E+11   3400017E-01  .1479E+03 -.2080E+02   .9999996  .0009339 -.0001366
T 9894 19 .1518365E+11   3400012E-01  .6426E+01  .1235E+02   .9999999  .0001704 -.0000483
T 9895 19 .1518366E+11   3400020E-01 -.4664E+01 -.6666E+01   .9999999 -.0001452 -.0001811
T 9896 19 .1518224E+11   3400009E-01  .3483E+02  .2691E+02   .9999999  .0002725  .0002960
T 9897 19 .1518235E+11   3400013E-01  .1649E+03 -.3885E+02   .9999988  .0015274 -.0003582
T 9898 19 .1518383E+11   3400016E-01 -.2578E+02 -.4458E+01   .9999999 -.0001623 -.0001044
T 9899 19 .1518407E+11   3400014E-01 -.2505E+02 -.1685E+02   .9999999 -.0002043 -.0002020
T 9900 19 .1518291E+11   3400013E-01 -.3141E+03  .2160E+03   .9999968 -.0020799  .0014376
T 9901 19 .1518265E+11   3400001E-01 -.1378E+00 -.2222E+02   .9999999  .0000459 -.0000827
T 9902 19 .1518221E+11   3400018E-01  .5785E+02 -.1424E+02   .9999998  .0006501 -.0000303
T 9903 19 .1518357E+11   3400013E-01  .4484E+02 -.2426E+02   .9999999  .0003966 -.0002493
T 9904 19 .1518204E+11   3400017E-01 -.1106E+02 -.3125E+01   .9999999 -.0000835  .0001324
T 9905 19 .1518143E+11   3400017E-01  .6736E+01 -.6338E+01   .9999999  .0000857 -.0001072
T 9906 19 .1518333E+11   3400002E-01 -.7721E+01 -.2750E+02   .9999999 -.0001041 -.0001230
T 9907 19 .1518317E+11   3400000E-01 -.5106E+02 -.4853E+01   .9999999 -.0003200 -.0000727
T 9908 19 .1518215E+11   3400008E-01  .2448E+02 -.1624E+02   .9999999  .0002104 -.0002069
T 9909 19 .1518238E+11   3400020E-01  .2442E+02  .4177E+01   .9999999  .0002228 -.0000409
T 9910 19 .1518229E+11   3400011E-01  .7330E+01  .1166E+02   .9999999  .0001056  .0000065
T 9911 19 .1518240E+11   3400001E-01  .2927E+02  .9202E+01   .9999999  .0001667  .0000183
T 9912 19 .1518204E+11   3400001E-01  .2177E+02 -.3171E+02   .9999999  .0002072 -.0003457
T 9913 19 .1518287E+11   3400012E-01 -.9200E+02 -.8933E+01   .9999997 -.0007253 -.0000342
T 9914 19 .1518478E+11   3400013E-01  .5831E+02  .2194E+02   .9999999  .0003457  .0000859
T 9915 19 .1518335E+11   3400002E-01  .1310E+02 -.3060E+02   .9999999  .0000860 -.0001905
T 9916 19 .1518153E+11   3400022E-01  .2760E+02 -.2082E+01   .9999999  .0000936 -.0000370
T 9917 19 .1518184E+11   3400015E-01  .6709E+02  .1253E+02   .9999999  .0003418  .0000231
T 9918 19 .1518295E+11   3400022E-01 -.6081E+01  .3440E+02   .9999999 -.0001505  .0001977
T 9919 19 .1518239E+11   3400010E-01  .2410E+02 -.3800E+01   .9999999  .0001549 -.0001829
T 9920 19 .1518324E+11   3400018E-01 -.4912E+02 -.1669E+02   .9999999 -.0001975 -.0001714
T 9921 19 .1518225E+11   3400003E-01 -.4561E+02 -.1125E+02   .9999999 -.0001873 -.0000714
T 9922 19 .1518052E+11   3400015E-01 -.6080E+02 -.3084E+02   .9999997 -.0007761 -.0001281
T 9923 19 .1518459E+11   3400001E-01 -.9961E+01  .5060E+01   .9999999 -.0001799 -.0000386
T 9924 19 .1518269E+11   3400011E-01 -.5452E+01  .2544E+02   .9999999 -.0000116  .0002990
T 9925 19 .1518204E+11   3400012E-01  .7577E+02 -.3072E+02   .9999998  .0005865 -.0002066
T 9926 19 .1518227E+11   3400005E-01  .1926E+02 -.3891E+02   .9999999  .0000470 -.0000790
T 9927 19 .1518325E+11   3400021E-01  .3200E+02 -.5507E+01   .9999999  .0002969 -.0000126
T 9928 19 .1518424E+11   3400018E-01  .3470E+01  .1144E+02   .9999999  .0000141 -.0000096
T 9929 19 .1518031E+11   3400014E-01  .4884E+02 -.2813E+01   .9999999  .0002328 -.0001305
T 9930 19 .1518378E+11   3400016E-01 -.1739E+02  .1813E+02   .9999999 -.0000457  .0001757
T 9931 19 .1518305E+11   3400005E-01  .8445E+01 -.1525E+01   .9999999  .0001792  .0000817
T 9932 19 .1518439E+11   3400018E-01 -.2943E+02 -.1272E+02   .9999999 -.0001671 -.0001252
T 9933 19 .1518396E+11   3400014E-01 -.1465E+01  .2534E+02   .9999999  .0001428  .0000939
T 9934 19 .1518117E+11   3400005E-01 -.4931E+01 -.3289E+02   .9999998 -.0000337 -.0006207
T 9935 19 .1518059E+11   3400014E-01  .1280E+02 -.1004E+02   .9999999 -.0000740 -.0000439
T 9936 19 .1518352E+11   3400002E-01 -.1759E+02  .2430E+02   .9999999 -.0002441  .0000173
T 9937 19 .1518434E+11   3400023E-01  .1003E+02 -.1564E+02   .9999999 -.0000823  .0000705
T 9938 19 .1518271E+11   3400001E-01 -.1817E+02  .2833E+02   .9999999  .0000302  .0001461
T 9939 19 .1518175E+11   3400011E-01 -.2819E+01 -.2359E+02   .9999999 -.0000866 -.0000907
T 9940 19 .1518499E+11   3400004E-01 -.5568E+02  .2332E+02   .9999999 -.0003399  .0001222
T 9941 19 .1518222E+11   3400003E-01  .1294E+01 -.1840E+01   .9999999 -.0001121 -.0002566
T 9942 19 .1517992E+11   3400004E-01  .1127E+03 -.1546E+03   .9999992  .0007549 -.0010377
T 9943 19 .1518241E+11   3400001E-01  .9631E+00 -.1652E+02   .9999999 -.0000567 -.0001555
T 9944 19 .1518339E+11   3400004E-01 -.1517E+02  .2862E+02   .9999999 -.0000728 -.0000132
T 9945 19 .1518213E+11   3400014E-01  .3780E+02  .5171E+01   .9999999  .0002288 -.0000916
T 9946 19 .1518375E+11   3400011E-01  .2811E+02 -.4006E+02   .9999999  .0001769 -.0002317
T 9947 19 .1518462E+11   3400000E-01  .4747E+02  .5216E+02   .9999999  .0003633  .0003502
T 9948 19 .1518406E+11   3400014E-01 -.1766E+02 -.2897E+02   .9999999 -.0002565 -.0002508
T 9949 19 .1518227E+11   3400021E-01  .4885E+00  .5086E+01   .9999999 -.0000547  .0002114
T 9950 19 .1518032E+11   3400010E-01  .2389E+02  .4402E+02   .9999999  .0001297  .0003329
T 9951 19 .1518397E+11   3400000E-01  .7212E+01  .5928E+01   .9999999 -.0001006 -.0001227
T 9952 19 .1518119E+11   3400014E-01 -.8129E+01  .2285E+02   .9999999  .0002230  .0003444
T 9953 19 .1518341E+11   3400014E-01 -.2033E+02 -.6577E+01   .9999999 -.0000574  .0000115
T 9954 19 .1518338E+11   3400014E-01  .9479E+01  .8242E+02   .9999992 -.0001640  .0012393
T 9955 19 .1518254E+11   3400003E-01 -.8246E+00  .3182E+02   .9999999  .0000311  .0001887
T 9956 19 .1518375E+11   3400001E-01 -.3624E+02 -.9486E+01   .9999999 -.0002105  .0000267
T 9957 19 .1518331E+11   3400016E-01 -.2419E+02  .4207E+02   .9999999 -.0001181  .0003703
T 9958 19 .1518134E+11   3400005E-01  .1597E+02  .2369E+02   .9999999  .0001379  .0000836
T 9959 19 .1518126E+11   3400004E-01 -.5341E+02  .5800E+02   .9999999 -.0003488  .0002724
T 9960 19 .1518406E+11   3400022E-01  .7065E+01  .5868E+02   .9999999  .0000006  .0003616
T 9961 19 .1518189E+11   3400023E-01 -.5543E+02  .2929E+02   .9999999 -.0002795  .0001420
T 9962 19 .1518401E+11   3400017E-01  .1232E+02 -.1350E+00   .9999999  .0001523 -.0001471
T 9963 19 .1518245E+11   3400017E-01  .2803E+02 -.1001E+02   .9999999  .0001732 -.0001157
T 9964 19 .1518181E+11   3400020E-01  .7931E+02  .1970E+02   .9999998  .0005085  .0003578
T 9965 19 .1518148E+11   3400002E-01 -.7217E+01  .3082E+02   .9999999 -.0002319  .0001465
T 9966 19 .1518146E+11   3400019E-01  .1126E+02 -.4567E+01   .9999999 -.0001975 -.0000994
T 9967 19 .1518284E+11   3400000E-01  .2924E+02 -.4773E+02   .9999999  .0000793 -.0003111
T 9968 19 .1518507E+11   3400021E-01 -.2355E+02  .5064E+02   .9999999 -.0002671  .0002033
T 9969 19 .1518382E+11   3400008E-01  .1394E+01 -.4629E+00   .9999999 -.0000400  .0000457
T 9970 19 .1518057E+11   3400018E-01 -.3431E+02  .3982E+01   .9999999 -.0002562  .0000381
T 9971 19 .1518259E+11   3400001E-01 -.3974E+01 -.9754E+01   .9999999 -.0000079 -.0001343
T 9972 19 .1518201E+11   3400011E-01  .2675E+02 -.7643E+00   .9999999  .0000997  .0000313
T 9973 19 .1518429E+11   3400015E-01 -.8356E+01  .6375E+01   .9999999  .0001001 -.0000277
T 9974 19 .1518167E+11   3400012E-01  .1008E+02  .1647E+02   .9999999  .0001366  .0000138
T 9975 19 .1518286E+11   3400022E-01 -.4704E+02 -.4509E+01   .9999999 -.0004076 -.0000389
T 9976 19 .1518229E+11   3400004E-01 -.2400E+02 -.2303E+02   .9999999 -.0001024 -.0001401
T 9977 19 .1518246E+11   3400002E-01 -.4464E+02 -.4700E+02   .9999997 -.0005723 -.0005348
T 9978 19 .1518258E+11   3400021E-01 -.2836E+02  .4078E+01   .9999999  .0000627  .0002858
T 9979 19 .1518205E+11   3400002E-01  .9829E+01  .4550E+02   .9999999  .0001394  .0004406
T 9980 19 .1518243E+11   3400001E-01  .1641E+02 -.1635E+02   .9999999  .0001912 -.0002444
T 9981 19 .1518253E+11   3400007E-01  .1882E+01 -.2668E+01   .9999999 -.0000629  .0000861
T 9982 19 .1518440E+11   3400011E-01  .2778E+01 -.1251E+02   .9999999 -.0001469 -.0001040
T 9983 19 .1518240E+11   3400019E-01 -.3462E+02  .1952E+02   .9999999 -.0002273  .0001022
T 9984 19 .1518143E+11   3400017E-01 -.6489E+02  .1788E+02   .9999999 -.0002002 -.0001046
T 9985 19 .1518269E+11   3400007E-01 -.1574E+02 -.2129E+01   .9999999 -.0002643  .0001652
T 9986 19 .1518565E+11   3400021E-01  .2118E+02  .1147E+02   .9999999  .0000589  .0001571
T 9987 19 .1518212E+11   3400022E-01  .2843E+02  .4320E+01   .9999999  .0001080  .0000578
T 9988 19 .1518310E+11   3400017E-01  .1338E+02 -.3332E+01   .9999999  .0000842 -.0001738
T 9989 19 .1518432E+11   3400020E-01  .7364E+02  .6032E+01   .9999999  .0005232 -.0000532
T 9990 19 .1518148E+11   3400020E-01 -.3499E+02 -.7339E+01   .9999999 -.0001101  .0000373
T 9991 19 .1518324E+11   3400015E-01  .4030E+01 -.6968E+01   .9999999  .0000116 -.0000555
T 9992 19 .1518197E+11   3400009E-01  .2394E+02  .1648E+02   .9999999  .0003010 -.0000380
T 9993 19 .1518364E+11   3400015E-01 -.2307E+02  .3062E+02   .9999998 -.0004629  .0005221
T 9994 19 .1518160E+11   3400006E-01 -.9979E+01 -.1922E+01   .9999999 -.0001138  .0001563
T 9995 19 .1518263E+11   3400022E-01 -.1193E+02  .3048E+02   .9999999 -.0002061  .0001707
T 9996 19 .1518105E+11   3400020E-01 -.5747E+00 -.6653E+01   .9999999 -.0000325 -.0001263
T 9997 19 .1518332E+11   3400012E-01 -.7435E+01  .3007E+02   .9999999 -.0001436  .0000036
T 9998 19 .1518236E+11   3400016E-01 -.9274E+01  .1908E+02   .9999999 -.0000556  .0001278
T 9999 19 .1518114E+11   3400001E-01  .1618E+02  .2509E+02   .99