============================== SRIM-2013.00 ==============================
==============================================================================
=================  TRANSMIT.txt : File of Transmitted Ions  ==================
=  This file tabulates the kinetics of ions or atoms leaving the target.     =
=  Column #1: S= Sputtered Atom, B= Backscattered Ion, T= Transmitted Ion.   =
=  Col.#2: Ion Number, Col.#3: Z of atom leaving, Col.#4: Atom energy (eV).  =
=  Col.#5-7: Last location:  X= Depth into target, Y,Z= Transverse axes.     =
=  Col.#8-10: Cosines of final trajectory.                                   =
= *** This data file is in the same format as TRIM.DAT (see manual for uses).=
====== TRIM Calc.=  K(15.2 GeV) ==> Tarcza(  11 um) ==========================
 Ion  Atom   Energy        Depth       Lateral-Position        Atom Direction      
 Numb Numb    (eV)          X(A)        Y(A)       Z(A)      Cos(X)  Cos(Y) Cos(Z) 
T    1 19 .1519304E+11   1100001E-01 -.6365E+01 -.3985E+01   .9999999 -.0001153 -.0000859
T    2 19 .1519175E+11   1100009E-01  .8105E+01 -.1391E+02   .9999999  .0001671 -.0003253
T    3 19 .1519355E+11   1100005E-01  .6097E+01 -.1134E+02   .9999999  .0001410 -.0001502
T    4 19 .1519163E+11   1100022E-01 -.2062E+02  .3516E+01   .9999999 -.0002142  .0000305
T    5 19 .1519150E+11   1100005E-01 -.5863E+01  .2033E+02   .9999999 -.0000418  .0001214
T    6 19 .1519170E+11   1100000E-01  .2390E+01  .9207E+01   .9999999  .0001039  .0003098
T    7 19 .1519316E+11   1100021E-01  .1543E+02 -.1644E+02   .9999999  .0001863 -.0002793
T    8 19 .1519227E+11   1100018E-01 -.2643E+01 -.5028E+01   .9999999 -.0000283 -.0000080
T    9 19 .1519195E+11   1100014E-01  .3886E+01  .1469E+01   .9999999  .0000375 -.0000277
T   10 19 .1519253E+11   1100005E-01 -.1202E+02  .2037E+02   .9999999 -.0001577  .0003215
T   11 19 .1519299E+11   1100014E-01 -.2099E+01  .5547E+01   .9999999 -.0000255  .0001009
T   12 19 .1519313E+11   1100010E-01 -.4388E+01 -.2180E+01   .9999999 -.0001334 -.0000619
T   13 19 .1519278E+11   1100007E-01  .2639E+01 -.6194E+01   .9999999  .0000911 -.0001329
T   14 19 .1519165E+11   1100015E-01  .6495E+01  .1658E+02   .9999999  .0002355  .0003769
T   15 19 .1519256E+11   1100002E-01  .6064E+01 -.1234E+02   .9999999  .0001025 -.0001737
T   16 19 .1519281E+11   1100021E-01 -.5019E+01 -.1030E+02   .9999999 -.0000251 -.0000905
T   17 19 .1519177E+11   1100016E-01  .6386E+00  .7259E+00   .9999999  .0000249 -.0000518
T   18 19 .1519246E+11   1100008E-01 -.3146E+01  .2598E+01   .9999999 -.0000881  .0000714
T   19 19 .1519143E+11   1100011E-01  .2928E+01  .4668E+01   .9999999  .0000005 -.0000179
T   20 19 .1519141E+11   1100006E-01 -.2133E+01  .3997E+01   .9999999 -.0000570  .0000422
T   21 19 .1519409E+11   1100020E-01 -.1095E+03  .5110E+01   .9999993 -.0012117  .0000405
T   22 19 .1519324E+11   1100002E-01  .5769E+00  .5952E+01   .9999999 -.0000022  .0000164
T   23 19 .1519259E+11   1100011E-01 -.3897E+02 -.1496E+02   .9999999 -.0003176 -.0001848
T   24 19 .1519191E+11   1100019E-01 -.2764E+01  .7041E+01   .9999999  .0000361  .0001935
T   25 19 .1519253E+11   1100001E-01 -.5312E+01  .1101E+02   .9999999 -.0000514  .0002189
T   26 19 .1519307E+11   1100020E-01  .8220E+01  .2928E+00   .9999999  .0001210 -.0000462
T   27 19 .1519406E+11   1100016E-01  .6792E-01 -.7487E+01   .9999999 -.0000320 -.0000914
T   28 19 .1519401E+11   1100021E-01 -.6288E+01  .1023E+02   .9999999 -.0000853  .0000754
T   29 19 .1519212E+11   1100001E-01  .3163E+01 -.4072E+01   .9999999  .0000578 -.0000208
T   30 19 .1519273E+11   1100022E-01  .4539E+01 -.8141E+01   .9999999  .0000523 -.0001111
T   31 19 .1519258E+11   1100015E-01 -.6120E+01 -.3492E+00   .9999999 -.0000207  .0000136
T   32 19 .1519332E+11   1100011E-01  .2202E+02  .3184E+01   .9999999  .0004471  .0000066
T   33 19 .1519436E+11   1100020E-01 -.2887E+01  .2487E+01   .9999999 -.0001222  .0000129
T   34 19 .1519191E+11   1100011E-01 -.1126E+02 -.5047E+01   .9999999 -.0001385 -.0000669
T   35 19 .1519260E+11   1100014E-01  .1835E+01  .3445E+01   .9999999  .0001232  .0001305
T   36 19 .1519209E+11   1100005E-01  .8016E+01 -.6387E+01   .9999999  .0000861 -.0000070
T   37 19 .1519263E+11   1100002E-01 -.2617E+02  .3455E+02   .9999998 -.0002926  .0004894
T   38 19 .1519328E+11   1100017E-01 -.2751E+01 -.6512E+01   .9999999 -.0000354 -.0001302
T   39 19 .1519155E+11   1100009E-01  .2664E+01  .1271E+02   .9999999  .0000915  .0002159
T   40 19 .1519237E+11   1100000E-01  .6247E+01 -.1567E+02   .9999999  .0000556 -.0002063
T   41 19 .1519278E+11   1100007E-01  .2737E+02  .2771E+02   .9999999  .0002640  .0002435
T   42 19 .1519162E+11   1100019E-01  .1334E+02  .7778E+01   .9999999  .0000493 -.0000212
T   43 19 .1519384E+11   1100020E-01 -.1618E+02 -.7506E+00   .9999999 -.0001851 -.0001013
T   44 19 .1519091E+11   1100023E-01 -.4312E+00  .3068E+01   .9999999 -.0000161  .0000843
T   45 19 .1519314E+11   1100016E-01  .3789E+01  .2169E+00   .9999999  .0000787 -.0000279
T   46 19 .1519404E+11   1100003E-01  .5979E+01 -.7704E+01   .9999999  .0000945 -.0001926
T   47 19 .1519271E+11   1100018E-01  .1703E+01 -.9506E+01   .9999999 -.0000192 -.0001787
T   48 19 .1519212E+11   1100021E-01  .3767E+01  .1100E+02   .9999999 -.0000363  .0002580
T   49 19 .1519216E+11   1100011E-01 -.9613E+01  .3259E+01   .9999999 -.0000802  .0001631
T   50 19 .1519205E+11   1100016E-01 -.1067E+02  .9476E+00   .9999999 -.0001634 -.0000627
T   51 19 .1519330E+11   1100001E-01 -.3486E+02  .2182E+02   .9999999 -.0003672  .0001882
T   52 19 .1519247E+11   1100006E-01  .7545E+01  .3798E+01   .9999999  .0002124  .0001020
T   53 19 .1519150E+11   1100006E-01  .2038E+02 -.1311E+00   .9999999  .0003270  .0000573
T   54 19 .1519217E+11   1100002E-01 -.1279E+02 -.2767E+01   .9999999 -.0001580  .0000180
T   55 19 .1519259E+11   1100006E-01  .1131E+02 -.1354E+02   .9999999  .0002258  .0000136
T   56 19 .1519318E+11   1100005E-01  .1854E+02  .7418E+00   .9999999  .0002027 -.0000420
T   57 19 .1519219E+11   1100005E-01 -.3083E+00  .9024E+01   .9999999  .0000498  .0001245
T   58 19 .1519116E+11   1100010E-01 -.3475E+02 -.4793E+01   .9999999 -.0002755 -.0000210
T   59 19 .1519235E+11   1100022E-01 -.2161E+01  .6677E+01   .9999999 -.0000362  .0001781
T   60 19 .1519318E+11   1100016E-01 -.4289E+01  .7763E+01   .9999999 -.0000320  .0000649
T   61 19 .1519299E+11   1100007E-01 -.3732E+01  .8327E+00   .9999999 -.0000145  .0000330
T   62 19 .1519334E+11   1100021E-01  .7526E+00  .6646E+01   .9999999 -.0000973  .0000709
T   63 19 .1519259E+11   1100004E-01  .9989E+00  .6246E+00   .9999999 -.0000569  .0000390
T   64 19 .1519265E+11   1100012E-01  .6709E+02  .1793E+02   .9999994  .0010465  .0002420
T   65 19 .1519233E+11   1100004E-01 -.7496E+01  .1280E+02   .9999999 -.0001093  .0001383
T   66 19 .1519336E+11   1100014E-01 -.6133E+01  .1640E+02   .9999999 -.0001955  .0002953
T   67 19 .1519289E+11   1100023E-01 -.1282E+01 -.1588E+01   .9999999 -.0001690  .0000376
T   68 19 .1519233E+11   1100001E-01 -.9380E+01  .8734E+01   .9999999 -.0002871  .0000933
T   69 19 .1519279E+11   1100012E-01 -.5461E+01  .7649E+00   .9999999 -.0000756  .0000000
T   70 19 .1519239E+11   1100016E-01 -.3272E+01  .4009E+01   .9999999 -.0002711  .0002419
T   71 19 .1519316E+11   1100007E-01 -.1165E+02 -.2735E+01   .9999999 -.0001511 -.0000126
T   72 19 .1519324E+11   1100013E-01  .1232E+02  .2054E+01   .9999999  .0003087 -.0000158
T   73 19 .1519238E+11   1100001E-01  .7418E+01  .5083E+01   .9999999  .0000914  .0001261
T   74 19 .1519327E+11   1100018E-01 -.7192E+01 -.6105E+01   .9999999  .0000282 -.0001276
T   75 19 .1519306E+11   1100014E-01  .1268E+02  .5470E+01   .9999999  .0002264  .0001026
T   76 19 .1519136E+11   1100015E-01 -.1067E+02  .1044E+02   .9999999 -.0001551  .0002124
T   77 19 .1519175E+11   1100005E-01 -.8678E+01 -.6873E+01   .9999999 -.0001417 -.0001236
T   78 19 .1519244E+11   1100007E-01 -.2427E+01 -.6523E+01   .9999999 -.0000528 -.0000138
T   79 19 .1519191E+11   1100018E-01  .5793E+01  .3848E+01   .9999999  .0001981 -.0000427
T   80 19 .1519359E+11   1100009E-01  .2154E+01  .1573E+02   .9999999  .0000460  .0002058
T   81 19 .1519213E+11   1100022E-01  .1730E+02 -.2595E+02   .9999999  .0002743 -.0004619
T   82 19 .1519222E+11   1100015E-01  .1977E+02  .9494E+00   .9999999  .0002060  .0000989
T   83 19 .1519254E+11   1100011E-01 -.1826E+02 -.1307E+02   .9999999 -.0001499 -.0003066
T   84 19 .1519421E+11   1100010E-01 -.8298E+00 -.8562E+01   .9999999 -.0000560 -.0001141
T   85 19 .1519072E+11   1100022E-01  .2324E+02 -.1715E+02   .9999999  .0003669 -.0002588
T   86 19 .1519186E+11   1100012E-01 -.1542E+02  .5283E+01   .9999999 -.0001425  .0000509
T   87 19 .1519261E+11   1100009E-01  .4752E+01 -.1096E+02   .9999999  .0000571 -.0000746
T   88 19 .1519332E+11   1100020E-01 -.1274E+00  .1118E+02   .9999999  .0000566  .0001435
T   89 19 .1519268E+11   1100019E-01 -.3599E+01  .2273E+00   .9999999 -.0001250 -.0001861
T   90 19 .1519341E+11   1100020E-01 -.2634E+01  .3234E+02   .9999999 -.0000608  .0004833
T   91 19 .1519356E+11   1100004E-01 -.3646E+01 -.9833E+01   .9999999 -.0000196 -.0001260
T   92 19 .1519350E+11   1100019E-01  .3630E+01  .2238E+01   .9999999  .0000571 -.0000001
T   93 19 .1519220E+11   1100001E-01 -.2358E+00 -.1000E+02   .9999999  .0000214 -.0001779
T   94 19 .1519318E+11   1100001E-01  .3613E+00  .9567E+01   .9999999 -.0001302  .0000636
T   95 19 .1519150E+11   1100017E-01 -.8286E+00  .4084E+00   .9999999  .0000473  .0000267
T   96 19 .1519149E+11   1100019E-01  .2648E+01  .1789E+01   .9999999  .0000600  .0000521
T   97 19 .1519383E+11   1100000E-01  .1433E+02 -.5313E+01   .9999999  .0001388  .0000633
T   98 19 .1519253E+11   1100006E-01  .1817E+02 -.8812E+01   .9999999  .0003679 -.0001321
T   99 19 .1519229E+11   1100004E-01 -.1555E+02  .3639E+01   .9999999 -.0001998  .0001999
T  100 19 .1519316E+11   1100020E-01  .2990E+00  .2380E+01   .9999999  .0000583  .0000361
T  101 19 .1519204E+11   1100001E-01  .2044E+01 -.1713E+02   .9999999 -.0000599 -.0001998
T  102 19 .1519362E+11   1100020E-01 -.4386E+02  .3082E+02   .9999998 -.0005321  .0003270
T  103 19 .1519212E+11   1100004E-01 -.2213E+01 -.5573E+00   .9999999 -.0000107  .0000254
T  104 19 .1519282E+11   1100011E-01 -.8043E+01 -.5319E+01   .9999999 -.0002446 -.0001325
T  105 19 .1519314E+11   1100013E-01 -.1474E+01 -.1851E+01   .9999999  .0000283  .0000412
T  106 19 .1519271E+11   1100018E-01 -.1736E+02  .2477E+01   .9999999 -.0002869  .0000242
T  107 19 .1519187E+11   1100019E-01 -.3082E+01  .3186E+01   .9999999 -.0001171  .0000295
T  108 19 .1519333E+11   1100004E-01 -.2561E+00 -.7898E+01   .9999999  .0000397 -.0002184
T  109 19 .1519110E+11   1100016E-01  .3987E+01 -.2129E+01   .9999999  .0002071  .0000071
T  110 19 .1519265E+11   1100020E-01  .3865E+02  .1118E+02   .9999999  .0004708  .0001291
T  111 19 .1519228E+11   1100010E-01  .1140E+02  .6437E+01   .9999999  .0001659  .0000138
T  112 19 .1519271E+11   1100008E-01  .1388E+02  .2761E+01   .9999999  .0002493  .0000988
T  113 19 .1519230E+11   1100008E-01  .9598E+01 -.3130E+01   .9999999  .0001609 -.0000016
T  114 19 .1519222E+11   1100022E-01 -.2964E+01 -.1341E+02   .9999999 -.0000975 -.0002230
T  115 19 .1519309E+11   1100013E-01 -.6250E+01 -.6087E+01   .9999999 -.0000525 -.0000524
T  116 19 .1519199E+11   1100016E-01  .3854E+01  .1791E+02   .9999999  .0001144  .0002632
T  117 19 .1519412E+11   1100010E-01  .6211E+01  .3590E+01   .9999999  .0001122  .0000312
T  118 19 .1519274E+11   1100009E-01  .3597E+01  .5999E+01   .9999999  .0001493  .0000389
T  119 19 .1519247E+11   1100016E-01 -.1357E+02  .9000E+01   .9999999 -.0001809  .0001681
T  120 19 .1519359E+11   1100011E-01  .1096E+02 -.1544E+02   .9999999  .0001016 -.0001645
T  121 19 .1519326E+11   1100009E-01 -.1567E+02 -.9760E+01   .9999999 -.0002386 -.0001030
T  122 19 .1519330E+11   1100013E-01  .5442E+01 -.6802E+01   .9999999  .0001656 -.0000449
T  123 19 .1519219E+11   1100018E-01  .6522E+01  .1114E+02   .9999999  .0001354  .0001930
T  124 19 .1519259E+11   1100011E-01 -.4060E+00  .1454E+02   .9999999 -.0001543  .0000185
T  125 19 .1519261E+11   1100020E-01 -.1135E+02 -.1791E+02   .9999999 -.0001077 -.0001331
T  126 19 .1519286E+11   1100001E-01 -.4924E+00 -.1531E+02   .9999999 -.0000755 -.0002240
T  127 19 .1519280E+11   1100016E-01  .1353E+02  .4759E+01   .9999999  .0001770  .0000241
T  128 19 .1519188E+11   1100016E-01  .2964E+01  .4016E+01   .9999999 -.0000044  .0000287
T  129 19 .1519229E+11   1100019E-01  .1782E+02  .3024E+01   .9999999  .0002758  .0000496
T  130 19 .1519322E+11   1100009E-01 -.8698E+01  .1664E+02   .9999999 -.0001306  .0002429
T  131 19 .1519232E+11   1100013E-01  .1832E+01  .6155E+01   .9999999  .0000042  .0000883
T  132 19 .1519275E+11   1100004E-01  .3307E+02  .2455E+01   .9999999  .0004078  .0000828
T  133 19 .1519236E+11   1100012E-01 -.8499E+01 -.1419E+02   .9999999 -.0000820 -.0002113
T  134 19 .1519286E+11   1100000E-01  .3200E+01 -.7914E+01   .9999999  .0000555 -.0001146
T  135 19 .1519170E+11   1100010E-01 -.3300E+01  .1214E+02   .9999999 -.0000644  .0001065
T  136 19 .1519267E+11   1100005E-01  .9548E+01 -.8549E+01   .9999999  .0002363 -.0000334
T  137 19 .1519062E+11   1100021E-01 -.3298E+01  .6627E+01   .9999999 -.0000203  .0001028
T  138 19 .1519243E+11   1100016E-01  .1917E+02 -.7477E+01   .9999999  .0002537 -.0001142
T  139 19 .1519254E+11   1100001E-01 -.1166E+01  .1027E+02   .9999999 -.0000746  .0001218
T  140 19 .1519247E+11   1100004E-01 -.4392E+02  .2287E+02   .9999997 -.0006369  .0003687
T  141 19 .1519368E+11   1100016E-01 -.9362E+01  .8980E+01   .9999999 -.0001898  .0001010
T  142 19 .1519457E+11   1100013E-01  .8565E+01 -.1076E+02   .9999999  .0001302 -.0002119
T  143 19 .1519168E+11   1100016E-01 -.9484E+01  .3218E+01   .9999999 -.0001066  .0000740
T  144 19 .1519208E+11   1100020E-01  .3293E+00  .7435E+01   .9999999 -.0000267  .0001515
T  145 19 .1519425E+11   1100006E-01 -.1162E+02  .4368E+01   .9999999 -.0002097 -.0000479
T  146 19 .1519254E+11   1100006E-01  .1414E+02  .8114E+01   .9999999  .0003702  .0002423
T  147 19 .1519229E+11   1100010E-01  .4160E+01 -.5288E+01   .9999999  .0000497 -.0001216
T  148 19 .1519262E+11   1100016E-01 -.8125E+01  .8156E+01   .9999999 -.0001937  .0002179
T  149 19 .1519264E+11   1100001E-01 -.4167E+01  .1088E+02   .9999999 -.0000878  .0002296
T  150 19 .1519313E+11   1100008E-01 -.8120E+00 -.1021E+02   .9999999  .0000598 -.0001293
T  151 19 .1519387E+11   1100018E-01  .9155E+00  .5370E+01   .9999999 -.0000140  .0002029
T  152 19 .1519160E+11   1100021E-01  .2853E+01  .1366E+01   .9999999 -.0000124  .0000252
T  153 19 .1519203E+11   1100020E-01  .4560E+01  .5686E+01   .9999999  .0000435  .0001403
T  154 19 .1519322E+11   1100016E-01 -.9336E+01 -.6707E+01   .9999999 -.0001727 -.0000468
T  155 19 .1519361E+11   1100016E-01  .5818E+01  .5934E+01   .9999999  .0000684  .0000291
T  156 19 .1519206E+11   1100017E-01  .1652E+02  .2360E+00   .9999999  .0003770  .0000325
T  157 19 .1519199E+11   1100008E-01  .3728E+01 -.2624E+01   .9999999  .0000129 -.0000366
T  158 19 .1519332E+11   1100012E-01  .1373E+02  .1222E+02   .9999999  .0002512  .0002301
T  159 19 .1519372E+11   1100018E-01 -.9657E+01 -.1553E+01   .9999999 -.0000180 -.0000293
T  160 19 .1519218E+11   1100000E-01 -.1266E+01 -.1046E+01   .9999999 -.0000555  .0000775
T  161 19 .1519219E+11   1100010E-01  .9691E+01  .1556E+02   .9999999  .0001688  .0001907
T  162 19 .1519248E+11   1100003E-01  .1584E+01 -.8295E+00   .9999999  .0000011 -.0000909
T  163 19 .1519230E+11   1100007E-01  .1631E+02  .1759E+02   .9999999  .0003439  .0001654
T  164 19 .1519326E+11   1100010E-01  .2413E+02  .4555E+01   .9999999  .0004125 -.0000176
T  165 19 .1519348E+11   1100017E-01 -.7193E+01  .6245E+01   .9999999 -.0000469  .0001182
T  166 19 .1519243E+11   1100004E-01 -.8010E+01  .8256E+01   .9999999 -.0001593  .0000571
T  167 19 .1519293E+11   1100020E-01  .2623E+01  .1113E+02   .9999999  .0001024  .0001918
T  168 19 .1519192E+11   1100008E-01  .1055E+02 -.5780E+01   .9999999  .0001200 -.0000603
T  169 19 .1519060E+11   1100017E-01  .1303E+02  .1128E+01   .9999999  .0001910  .0000059
T  170 19 .1519276E+11   1100011E-01 -.7867E+01  .6684E+01   .9999999 -.0001348  .0001487
T  171 19 .1519118E+11   1100009E-01  .1248E+01  .8245E+01   .9999999 -.0000166  .0001809
T  172 19 .1519150E+11   1100001E-01 -.5644E+02 -.8780E+02   .9999981 -.0010489 -.0016553
T  173 19 .1519206E+11   1100001E-01  .1126E+01  .9467E+01   .9999999  .0001311  .0003091
T  174 19 .1519289E+11   1100009E-01  .8248E+01  .2576E+01   .9999999  .0000823 -.0000210
T  175 19 .1519251E+11   1100006E-01 -.3822E+01  .5292E+00   .9999999 -.0001317  .0000157
T  176 19 .1519270E+11   1100002E-01 -.1404E+02 -.3056E+01   .9999999 -.0003196 -.0000093
T  177 19 .1519341E+11   1100002E-01  .3159E+01 -.4902E+01   .9999999  .0000483 -.0001143
T  178 19 .1519254E+11   1100001E-01 -.3663E+01 -.2459E+01   .9999999 -.0000139 -.0000458
T  179 19 .1519083E+11   1100016E-01 -.6905E+01 -.1221E+02   .9999999  .0000192 -.0002294
T  180 19 .1519182E+11   1100021E-01  .9044E+01 -.7043E+00   .9999999  .0000071  .0000653
T  181 19 .1519280E+11   1100009E-01 -.9484E+01 -.1262E+02   .9999999 -.0000827 -.0001180
T  182 19 .1519429E+11   1100000E-01  .1421E+01 -.4819E+01   .9999999  .0000195 -.0001769
T  183 19 .1519260E+11   1100022E-01 -.7682E+01 -.7663E+01   .9999999 -.0002587 -.0001134
T  184 19 .1519242E+11   1100002E-01  .2138E+02  .6969E+01   .9999999  .0002810  .0000249
T  185 19 .1519261E+11   1100018E-01 -.4448E+01 -.1257E+01   .9999999  .0000401  .0000417
T  186 19 .1519187E+11   1100003E-01 -.3074E+01 -.1006E+02   .9999999 -.0001736 -.0000138
T  187 19 .1519348E+11   1100020E-01  .4665E+01  .5015E+01   .9999999  .0000504 -.0000167
T  188 19 .1519265E+11   1100007E-01  .5854E+00  .2636E+01   .9999998 -.0006101 -.0001698
T  189 19 .1519208E+11   1100007E-01 -.6457E+01  .1609E+02   .9999999 -.0001173  .0002452
T  190 19 .1519340E+11   1100006E-01  .1582E+02 -.1113E+02   .9999999  .0002332 -.0002468
T  191 19 .1519324E+11   1100001E-01  .7736E+01 -.8273E+01   .9999999  .0000947 -.0000848
T  192 19 .1519215E+11   1100018E-01 -.2056E+02  .1183E+02   .9999999 -.0002885  .0001502
T  193 19 .1519213E+11   1100019E-01 -.1992E+02  .8457E+02   .9999995 -.0002005  .0009759
T  194 19 .1519327E+11   1100021E-01 -.9858E+01 -.1665E+02   .9999999 -.0001644 -.0001976
T  195 19 .1519250E+11   1100004E-01 -.1348E+02  .3853E+00   .9999999 -.0001756  .0000378
T  196 19 .1519158E+11   1100014E-01 -.3406E+01 -.2570E+00   .9999999 -.0000766 -.0000038
T  197 19 .1519211E+11   1100003E-01 -.1622E+01  .6542E+01   .9999999  .0000122  .0000156
T  198 19 .1519275E+11   1100021E-01 -.5709E+01 -.4029E+01   .9999999 -.0001429  .0000449
T  199 19 .1519251E+11   1100023E-01 -.2219E+01 -.5593E+01   .9999999 -.0000239  .0000701
T  200 19 .1519268E+11   1100022E-01  .1415E+01  .5964E+01   .9999999  .0001283  .0000686
T  201 19 .1519206E+11   1100016E-01  .2465E+02  .4678E+02   .9999997  .0004749  .0006292
T  202 19 .1519196E+11   1100006E-01 -.8833E+01  .2106E+02   .9999999 -.0000694  .0003994
T  203 19 .1519157E+11   1100001E-01 -.3049E+01 -.1385E+02   .9999999 -.0000783 -.0002742
T  204 19 .1519328E+11   1100008E-01  .2276E+01  .2771E+01   .9999999  .0001202  .0001414
T  205 19 .1519274E+11   1100006E-01 -.4815E+01 -.4662E+01   .9999999  .0001078 -.0000501
T  206 19 .1519499E+11   1100019E-01 -.7304E+01  .7461E+00   .9999999 -.0000159 -.0000433
T  207 19 .1519344E+11   1100018E-01  .3349E+02  .6649E+02   .9999997  .0004820  .0005521
T  208 19 .1519236E+11   1100018E-01  .2742E+01 -.7781E+01   .9999999 -.0000221 -.0000590
T  209 19 .1519287E+11   1100005E-01  .1215E+01 -.4453E+01   .9999999 -.0000615  .0000330
T  210 19 .1519203E+11   1100022E-01 -.7026E+01  .1722E+02   .9999999 -.0002047  .0001069
T  211 19 .1519306E+11   1100022E-01 -.1111E+02 -.2896E+01   .9999999 -.0001471 -.0000427
T  212 19 .1519427E+11   1100023E-01  .1275E+01  .3111E+01   .9999999  .0001758  .0000143
T  213 19 .1519302E+11   1100001E-01  .7556E+00 -.2365E+01   .9999999 -.0000452  .0000416
T  214 19 .1519248E+11   1100001E-01  .1757E+02 -.2710E+01   .9999999  .0003602 -.0001467
T  215 19 .1519281E+11   1100011E-01  .2078E+01 -.1161E+02   .9999999 -.0000300 -.0001655
T  216 19 .1519236E+11   1100023E-01  .1184E+01 -.7120E+01   .9999999  .0000674 -.0002652
T  217 19 .1519176E+11   1100020E-01  .1265E+02 -.7157E+01   .9999999  .0001720 -.0000510
T  218 19 .1519220E+11   1100009E-01  .1886E+01  .9997E+01   .9999999 -.0000243  .0001351
T  219 19 .1519259E+11   1100013E-01  .6195E+00 -.4851E+01   .9999999  .0000195 -.0002015
T  220 19 .1519253E+11   1100005E-01  .1374E+02  .9282E+01   .9999999  .0001772  .0002494
T  221 19 .1519200E+11   1100016E-01 -.8998E+01  .6114E+01   .9999999 -.0001451  .0002472
T  222 19 .1519431E+11   1100014E-01 -.5730E+01  .6243E+01   .9999999 -.0002149  .0000708
T  223 19 .1519212E+11   1100023E-01  .8384E+01  .6069E+01   .9999999  .0001616  .0000691
T  224 19 .1519183E+11   1100008E-01  .1434E+01 -.3455E+01   .9999999 -.0001317 -.0003190
T  225 19 .1519246E+11   1100010E-01 -.3076E+01  .4266E+01   .9999999 -.0001037  .0000233
T  226 19 .1519264E+11   1100015E-01  .1320E+02  .1592E+01   .9999999  .0001896  .0000948
T  227 19 .1519325E+11   1100012E-01 -.7090E+01  .3344E+01   .9999999 -.0001573  .0000698
T  228 19 .1519232E+11   1100017E-01  .1111E+01 -.5713E+01   .9999999 -.0000019 -.0000170
T  229 19 .1519375E+11   1100017E-01  .3386E+01  .5396E+01   .9999999  .0001120  .0000640
T  230 19 .1519219E+11   1100013E-01 -.7740E+01  .5162E+01   .9999999 -.0001035  .0001787
T  231 19 .1519306E+11   1100012E-01  .1011E+02  .5795E+01   .9999999  .0001564  .0001071
T  232 19 .1519202E+11   1100021E-01 -.1282E+02  .2795E+02   .9999999 -.0001008  .0002721
T  233 19 .1519311E+11   1100007E-01 -.8174E+01 -.4528E+01   .9999999 -.0001938 -.0000218
T  234 19 .1519201E+11   1100000E-01  .1809E+01 -.6911E+01   .9999999 -.0000200 -.0000734
T  235 19 .1519221E+11   1100007E-01 -.4094E+01  .1592E+01   .9999999 -.0000089  .0000264
T  236 19 .1519337E+11   1100008E-01 -.7611E+01 -.1650E+00   .9999999 -.0004401 -.0000203
T  237 19 .1519260E+11   1100017E-01  .2494E+01  .4472E+01   .9999999 -.0002040 -.0000469
T  238 19 .1519172E+11   1100006E-01  .1693E+01  .1220E+01   .9999999  .0000602  .0000383
T  239 19 .1519265E+11   1100012E-01  .4633E+01  .3595E+00   .9999999  .0001400  .0002002
T  240 19 .1519195E+11   1100008E-01 -.1261E+02 -.6304E+01   .9999999 -.0001452 -.0001405
T  241 19 .1519344E+11   1100003E-01  .7863E+01  .1137E+02   .9999999  .0001033  .0001464
T  242 19 .1519356E+11   1100012E-01  .1357E+02 -.7826E+01   .9999999  .0002820 -.0001491
T  243 19 .1519209E+11   1100003E-01 -.6131E+01  .3214E+01   .9999999 -.0002214  .0001189
T  244 19 .1519185E+11   1100003E-01  .1259E+02  .1813E+02   .9999999  .0001687  .0002167
T  245 19 .1519361E+11   1100019E-01 -.7744E+01  .1067E+02   .9999999 -.0001068  .0001878
T  246 19 .1519222E+11   1100001E-01 -.1394E+02  .6090E+01   .9999999 -.0001089  .0001938
T  247 19 .1519228E+11   1100020E-01  .2258E+01 -.1278E+01   .9999999  .0000779 -.0000592
T  248 19 .1519190E+11   1100003E-01 -.7112E+01  .4526E+01   .9999999 -.0002188  .0000622
T  249 19 .1519171E+11   1100001E-01 -.2549E+01 -.4923E+01   .9999999 -.0001555 -.0001153
T  250 19 .1519339E+11   1100004E-01  .4557E+00  .4021E+01   .9999999 -.0000351  .0001047
T  251 19 .1519319E+11   1100014E-01 -.3191E+01  .5359E+01   .9999999 -.0000732  .0000574
T  252 19 .1519233E+11   1100013E-01 -.3876E+01 -.4661E+01   .9999999 -.0002575 -.0002274
T  253 19 .1519374E+11   1100019E-01  .1229E+01 -.1866E+01   .9999999  .0000192 -.0001050
T  254 19 .1519360E+11   1100015E-01  .1372E+02  .6562E+01   .9999999  .0002670  .0001471
T  255 19 .1519199E+11   1100003E-01  .9000E+01 -.1048E+00   .9999999  .0001015  .0000360
T  256 19 .1519237E+11   1100001E-01 -.6592E+01 -.7715E+01   .9999999 -.0002282 -.0001040
T  257 19 .1519452E+11   1100017E-01  .2267E+02  .2074E+01   .9999999  .0001977  .0001523
T  258 19 .1519184E+11   1100022E-01  .4191E+02 -.3401E+02   .9999998  .0004851 -.0004551
T  259 19 .1519214E+11   1100004E-01 -.5319E+01 -.5972E+01   .9999999 -.0000690 -.0000428
T  260 19 .1519318E+11   1100009E-01  .9827E+02 -.1164E+03   .9999981  .0012952 -.0014452
T  261 19 .1519304E+11   1100018E-01 -.7820E+01  .4468E+01   .9999999 -.0000017  .0000788
T  262 19 .1519376E+11   1100001E-01  .3701E+02  .8712E+01   .9999999  .0003738 -.0001221
T  263 19 .1519360E+11   1100021E-01 -.5248E+01 -.6646E+01   .9999999 -.0001273 -.0000997
T  264 19 .1519217E+11   1100006E-01 -.7237E+01  .3683E+01   .9999999  .0000093 -.0000343
T  265 19 .1519214E+11   1100002E-01 -.9618E+00 -.2747E+01   .9999999 -.0000467 -.0000728
T  266 19 .1519328E+11   1100017E-01  .5581E+01 -.2755E+02   .9999999  .0001511 -.0003196
T  267 19 .1519337E+11   1100018E-01 -.1008E+02  .1927E+02   .9999999 -.0001599  .0002749
T  268 19 .1519332E+11   1100012E-01 -.1790E+02 -.1463E+02   .9999999 -.0002411 -.0001426
T  269 19 .1519245E+11   1100001E-01  .6610E+01  .6804E+01   .9999999  .0000131  .0000629
T  270 19 .1519203E+11   1100020E-01  .1729E+01 -.2864E+01   .9999999  .0000449 -.0000188
T  271 19 .1519205E+11   1100019E-01  .3691E+01 -.1733E+00   .9999999 -.0000005 -.0000405
T  272 19 .1519170E+11   1100010E-01 -.9124E+01  .6178E+01   .9999999 -.0001727  .0001027
T  273 19 .1519390E+11   1100016E-01  .2747E+01  .7798E+01   .9999999 -.0000126  .0001389
T  274 19 .1519274E+11   1100020E-01  .6159E+01 -.2444E+02   .9999998  .0000836 -.0005581
T  275 19 .1519342E+11   1100003E-01 -.8726E+01  .3454E+01   .9999999 -.0000883  .0000103
T  276 19 .1519258E+11   1100012E-01  .2703E+01 -.4602E+01   .9999999  .0000151  .0000687
T  277 19 .1519383E+11   1100018E-01  .5283E+01  .9625E+01   .9999999  .0000223  .0000491
T  278 19 .1519201E+11   1100021E-01 -.5780E+01 -.8365E+01   .9999999 -.0002067 -.0001414
T  279 19 .1519236E+11   1100019E-01 -.4448E+01 -.1648E+01   .9999999 -.0001324 -.0000051
T  280 19 .1519292E+11   1100009E-01  .2202E+01  .3223E+01   .9999999 -.0000333  .0000135
T  281 19 .1519189E+11   1100019E-01  .1349E+02 -.6761E+01   .9999999  .0002254 -.0000945
T  282 19 .1519280E+11   1100008E-01 -.1313E+01  .9409E+01   .9999999 -.0000758  .0001997
T  283 19 .1519214E+11   1100017E-01 -.7595E+01  .6282E+01   .9999999 -.0001929  .0000420
T  284 19 .1519209E+11   1100004E-01  .1970E+01  .9301E+01   .9999999  .0000066  .0001310
T  285 19 .1519303E+11   1100016E-01  .9435E+01  .6180E+01   .9999999  .0001802  .0001219
T  286 19 .1519302E+11   1100020E-01 -.3041E+01 -.5937E+01   .9999999  .0000071 -.0001254
T  287 19 .1519302E+11   1100022E-01  .6182E+00  .1601E+01   .9999999  .0001824  .0000074
T  288 19 .1519356E+11   1100020E-01  .1611E+02  .7926E+00   .9999999  .0002594 -.0000241
T  289 19 .1519226E+11   1100008E-01 -.1518E+01  .6353E+01   .9999999  .0000525  .0000454
T  290 19 .1519282E+11   1100019E-01  .6912E+01 -.1584E+02   .9999999  .0002259 -.0002694
T  291 19 .1519349E+11   1100017E-01 -.6358E+01 -.7102E+01   .9999999 -.0000692 -.0003312
T  292 19 .1519372E+11   1100000E-01  .1191E+02  .2453E+01   .9999999  .0002135 -.0000334
T  293 19 .1519250E+11   1100001E-01 -.1415E+02  .8871E+01   .9999999 -.0002616 -.0000253
T  294 19 .1519334E+11   1100005E-01 -.1081E+02 -.6432E+01   .9999999 -.0001497 -.0001191
T  295 19 .1519285E+11   1100019E-01 -.3860E+01  .5892E+01   .9999999  .0000547 -.0001188
T  296 19 .1519189E+11   1100020E-01 -.2744E+01  .1609E+02   .9999999  .0001533  .0002984
T  297 19 .1519258E+11   1100000E-01 -.2141E+00  .8020E+01   .9999999 -.0000596  .0001553
T  298 19 .1519265E+11   1100021E-01  .1168E+02  .1145E+02   .9999999  .0000920  .0001505
T  299 19 .1519268E+11   1100009E-01 -.1753E+01 -.4640E+01   .9999999  .0000837 -.0000375
T  300 19 .1519288E+11   1100016E-01 -.5593E+01 -.1749E+00   .9999999 -.0000486 -.0000204
T  301 19 .1519243E+11   1100021E-01  .1017E+02 -.8189E+01   .9999999  .0000670 -.0001296
T  302 19 .1519236E+11   1100021E-01 -.1161E+02 -.1180E+01   .9999999 -.0001111 -.0000544
T  303 19 .1519188E+11   1100018E-01  .3035E+01 -.7848E+01   .9999999  .0000301  .0000017
T  304 19 .1519255E+11   1100012E-01  .6608E+01  .9099E+01   .9999999  .0001664  .0000385
T  305 19 .1519284E+11   1100000E-01  .5572E+01 -.9313E+00   .9999999  .0000677 -.0000596
T  306 19 .1519334E+11   1100022E-01 -.3196E+02  .2349E+02   .9999999 -.0002229  .0002630
T  307 19 .1519300E+11   1100019E-01 -.1400E+00 -.7973E+01   .9999999 -.0000329 -.0000122
T  308 19 .1519401E+11   1100017E-01  .5933E+01  .2694E+01   .9999999  .0000581  .0003388
T  309 19 .1519235E+11   1100005E-01  .7587E+01 -.9831E+00   .9999999  .0001289 -.0000902
T  310 19 .1519329E+11   1100004E-01 -.5697E+01  .2177E+01   .9999999 -.0000759 -.0000580
T  311 19 .1519356E+11   1100003E-01 -.1999E+00  .1806E+02   .9999999 -.0000158  .0002605
T  312 19 .1519307E+11   1100018E-01  .3003E+01 -.6092E+00   .9999999  .0000174 -.0000149
T  313 19 .1519236E+11   1100015E-01  .2255E+01  .2967E+01   .9999999  .0000099 -.0000340
T  314 19 .1519313E+11   1100022E-01  .7509E+01 -.7300E+00   .9999999  .0000354  .0000149
T  315 19 .1519227E+11   1100010E-01  .5693E+01 -.9972E+01   .9999999  .0000664 -.0002512
T  316 19 .1519131E+11   1100004E-01  .8337E+01 -.7149E+01   .9999999  .0002459 -.0000940
T  317 19 .1519166E+11   1100013E-01 -.4212E+01  .8383E+00   .9999999  .0000468  .0002018
T  318 19 .1519248E+11   1100020E-01 -.1693E+00  .2159E+02   .9999999  .0000549  .0005234
T  319 19 .1519191E+11   1100005E-01 -.2419E+02  .1157E+01   .9999999 -.0002557  .0001039
T  320 19 .1519259E+11   1100006E-01  .4616E+02  .4741E+02   .9999989  .0010711  .0009869
T  321 19 .1519263E+11   1100011E-01  .1481E+02 -.1986E+01   .9999999  .0002028 -.0001359
T  322 19 .1519286E+11   1100023E-01  .2024E+02 -.2507E+02   .9999998  .0002614 -.0005190
T  323 19 .1519227E+11   1100013E-01 -.3607E+00 -.6756E+01   .9999999  .0002364 -.0003616
T  324 19 .1519308E+11   1100011E-01 -.1555E+01  .2065E+01   .9999999 -.0000120  .0000730
T  325 19 .1519340E+11   1100004E-01 -.4002E+01  .1809E+01   .9999999 -.0000447  .0000724
T  326 19 .1519222E+11   1100018E-01 -.4583E+01 -.5352E+01   .9999999  .0001382 -.0002402
T  327 19 .1519187E+11   1100017E-01 -.5157E+01  .3513E+00   .9999999 -.0000828 -.0000928
T  328 19 .1519329E+11   1100014E-01  .2349E+01  .7720E+01   .9999999  .0000393 -.0000650
T  329 19 .1519291E+11   1100009E-01 -.3364E+01  .1228E+02   .9999999 -.0002066  .0001977
T  330 19 .1519266E+11   1100012E-01 -.1377E+02  .3681E+01   .9999999 -.0002894 -.0000812
T  331 19 .1519149E+11   1100017E-01 -.1637E+02  .5823E+01   .9999999 -.0001554  .0001523
T  332 19 .1519262E+11   1100020E-01 -.2636E+01 -.9887E+01   .9999999 -.0001170 -.0002658
T  333 19 .1519207E+11   1100015E-01 -.6340E+01 -.4612E+01   .9999999 -.0000563 -.0000962
T  334 19 .1519179E+11   1100006E-01  .4208E+01 -.3908E+01   .9999999  .0000204 -.0000128
T  335 19 .1519340E+11   1100005E-01  .3585E+01 -.3950E+01   .9999999  .0000424 -.0000250
T  336 19 .1519255E+11   1100019E-01 -.4206E+00 -.4499E+01   .9999999 -.0001215 -.0000270
T  337 19 .1519485E+11   1100002E-01  .9630E+01  .1249E+02   .9999999  .0001786  .0003475
T  338 19 .1519379E+11   1100005E-01 -.6031E+00  .5235E+00   .9999999 -.0000004 -.0001338
T  339 19 .1519320E+11   1100012E-01 -.1044E+02 -.1313E+02   .9999999 -.0002242 -.0000211
T  340 19 .1519251E+11   1100012E-01  .5048E+01 -.8963E+01   .9999999  .0000598 -.0000901
T  341 19 .1519193E+11   1100015E-01 -.2137E+02  .1748E+02   .9999999 -.0003814  .0002677
T  342 19 .1519338E+11   1100008E-01 -.3377E+01  .5538E+01   .9999999 -.0000778  .0002002
T  343 19 .1519280E+11   1100022E-01  .7753E+01  .2080E+02   .9999999  .0001445  .0000776
T  344 19 .1519394E+11   1100011E-01  .7585E+01  .7960E+01   .9999999  .0001489  .0001603
T  345 19 .1519225E+11   1100020E-01  .8778E+00  .1102E+01   .9999999  .0000054  .0000479
T  346 19 .1519260E+11   1100002E-01  .2052E+01  .1129E+02   .9999999 -.0000200  .0001379
T  347 19 .1519300E+11   1100018E-01  .7295E+01 -.2576E+01   .9999999  .0001485 -.0000083
T  348 19 .1519315E+11   1100018E-01 -.3939E+01  .2302E+00   .9999999 -.0001311  .0001319
T  349 19 .1519296E+11   1100003E-01 -.1484E+02  .1976E+02   .9999999 -.0001865  .0001909
T  350 19 .1519207E+11   1100012E-01  .4051E+01  .6620E+01   .9999999  .0000126  .0000930
T  351 19 .1519205E+11   1100003E-01  .6186E+01 -.1252E+01   .9999999  .0001513 -.0000774
T  352 19 .1519219E+11   1100014E-01  .1694E+02 -.8503E+00   .9999999  .0002938  .0000283
T  353 19 .1519216E+11   1100006E-01 -.3241E+01  .3159E+01   .9999999 -.0001034 -.0001424
T  354 19 .1519345E+11   1100020E-01 -.7369E+00  .2380E+01   .9999999 -.0000574  .0000956
T  355 19 .1519357E+11   1100010E-01 -.2646E+01  .5387E+00   .9999999 -.0000741 -.0000851
T  356 19 .1519291E+11   1100014E-01  .1783E+01  .1521E+01   .9999999  .0001711  .0000521
T  357 19 .1519323E+11   1100020E-01  .8546E+01  .5783E-01   .9999999  .0002181 -.0000033
T  358 19 .1519256E+11   1100017E-01  .1148E+02  .5912E+01   .9999999  .0001010  .0000540
T  359 19 .1519281E+11   1100006E-01  .8209E+01  .6951E+01   .9999999  .0001289  .0001039
T  360 19 .1519268E+11   1100013E-01  .1380E+01  .8155E+00   .9999999  .0000447  .0000529
T  361 19 .1519412E+11   1100011E-01  .6587E+01  .4660E+00   .9999999  .0001566  .0000492
T  362 19 .1519279E+11   1100020E-01 -.4748E+01  .9992E+00   .9999999  .0000020  .0000864
T  363 19 .1519162E+11   1100022E-01 -.4762E+01 -.6803E+01   .9999999 -.0001343 -.0001449
T  364 19 .1519317E+11   1100013E-01 -.4192E+01 -.6828E+01   .9999999 -.0000022 -.0004683
T  365 19 .1519307E+11   1100006E-01  .1559E+00 -.1350E+00   .9999999  .0000611  .0001104
T  366 19 .1519287E+11   1100021E-01 -.9247E+01 -.9810E+01   .9999999 -.0001464 -.0001203
T  367 19 .1519261E+11   1100009E-01 -.1944E+02 -.7897E+01   .9999999 -.0003050 -.0001060
T  368 19 .1519442E+11   1100007E-01 -.8256E+01  .1142E+00   .9999999 -.0001634  .0000116
T  369 19 .1519444E+11   1100018E-01  .1886E+02 -.1216E+02   .9999999  .0002001 -.0002290
T  370 19 .1519323E+11   1100022E-01 -.3839E+00  .1128E+01   .9999999 -.0000243  .0000407
T  371 19 .1519319E+11   1100003E-01  .5894E+00 -.1268E+02   .9999999 -.0000046 -.0001135
T  372 19 .1519183E+11   1100014E-01  .1011E+02  .2983E+00   .9999999  .0000657 -.0000030
T  373 19 .1519370E+11   1100020E-01  .9216E+01 -.1661E+02   .9999999  .0001301 -.0002479
T  374 19 .1519321E+11   1100020E-01  .1241E+01 -.6043E+01   .9999999  .0000325 -.0000410
T  375 19 .1519235E+11   1100017E-01 -.9095E+01  .1537E+02   .9999999 -.0001911  .0002752
T  376 19 .1519270E+11   1100006E-01  .7395E+01  .1504E+02   .9999999 -.0000125  .0002086
T  377 19 .1519356E+11   1100007E-01  .9820E+01 -.5533E+01   .9999999  .0000920 -.0000346
T  378 19 .1519392E+11   1100008E-01  .1979E+02 -.9396E+01   .9999999  .0003169 -.0001231
T  379 19 .1519192E+11   1100008E-01  .5382E+01  .2137E+01   .9999999 -.0000084 -.0000421
T  380 19 .1519222E+11   1100017E-01  .5655E+01 -.9827E+00   .9999999  .0002018  .0000385
T  381 19 .1519344E+11   1100002E-01  .5074E+01 -.2380E+01   .9999999  .0000977 -.0001407
T  382 19 .1519248E+11   1100003E-01 -.3878E+00 -.6936E+01   .9999999 -.0000510 -.0001796
T  383 19 .1519384E+11   1100010E-01 -.1345E+02 -.5054E+01   .9999999 -.0003283  .0000165
T  384 19 .1519173E+11   1100021E-01  .1614E+02 -.2066E+01   .9999999  .0001755 -.0001012
T  385 19 .1519241E+11   1100013E-01 -.1114E+02 -.2613E+01   .9999999 -.0001601 -.0001220
T  386 19 .1519288E+11   1100013E-01 -.7151E+01  .1023E+01   .9999999 -.0000615  .0000489
T  387 19 .1519349E+11   1100001E-01 -.6285E+01 -.2083E+02   .9999999 -.0001963 -.0002820
T  388 19 .1519250E+11   1100016E-01  .3496E+00 -.2014E+02   .9999987  .0001254 -.0016378
T  389 19 .1519285E+11   1100006E-01 -.4199E+01  .1655E+02   .9999999 -.0001307  .0003128
T  390 19 .1519331E+11   1100001E-01  .9150E+00  .7954E+00   .9999999  .0000590  .0000131
T  391 19 .1519285E+11   1100001E-01  .6517E+01 -.4017E+01   .9999999  .0002249 -.0001044
T  392 19 .1519139E+11   1100004E-01 -.6083E+01  .1205E+01   .9999999 -.0001625  .0000304
T  393 19 .1519121E+11   1100022E-01 -.2018E+01 -.1382E+01   .9999999  .0000289  .0000143
T  394 19 .1519407E+11   1100016E-01  .1192E+02 -.1077E+02   .9999999  .0001124 -.0002308
T  395 19 .1519183E+11   1100008E-01  .2496E+02  .3472E+02   .9999999  .0002165  .0003037
T  396 19 .1519265E+11   1100013E-01  .2169E+00  .1210E+02   .9999999  .0000013  .0001555
T  397 19 .1519126E+11   1100007E-01  .1136E+02  .2599E+01   .9999999  .0001347  .0004169
T  398 19 .1519308E+11   1100002E-01  .4712E+01  .8384E+01   .9999999  .0001325  .0001813
T  399 19 .1519260E+11   1100017E-01  .5186E+01  .2705E+02   .9999999  .0001258  .0004952
T  400 19 .1519266E+11   1100006E-01  .7055E+01 -.1739E+01   .9999999  .0002294 -.0000376
T  401 19 .1519266E+11   1100009E-01  .1631E+02 -.1913E+01   .9999999  .0002208  .0001330
T  402 19 .1519372E+11   1100018E-01  .6500E+01  .5554E+01   .9999999  .0000049  .0001147
T  403 19 .1519155E+11   1100013E-01  .7322E-01  .4718E+01   .9999999 -.0000132 -.0000575
T  404 19 .1519327E+11   1100022E-01  .1717E+02 -.2497E+02   .9999999  .0002130 -.0004035
T  405 19 .1519242E+11   1100000E-01  .6475E+01 -.1101E+02   .9999999  .0002190 -.0000548
T  406 19 .1519163E+11   1100015E-01 -.9369E+00 -.1272E+02   .9999999  .0001405 -.0001534
T  407 19 .1519209E+11   1100023E-01 -.6156E+01  .2490E+00   .9999999 -.0000652  .0000976
T  408 19 .1519179E+11   1100008E-01 -.1325E+02 -.2879E+01   .9999999 -.0001955 -.0000341
T  409 19 .1519251E+11   1100012E-01  .6560E+00 -.5142E+01   .9999999  .0000184 -.0000909
T  410 19 .1519306E+11   1100016E-01  .5589E+00 -.9602E+01   .9999999 -.0000861 -.0001365
T  411 19 .1519317E+11   1100020E-01 -.2184E+01 -.5615E+01   .9999999  .0000223 -.0000736
T  412 19 .1519232E+11   1100016E-01  .1281E+02 -.1405E+02   .9999999  .0000880 -.0001134
T  413 19 .1519328E+11   1100019E-01 -.1277E+02 -.4047E+01   .9999999 -.0002417 -.0001197
T  414 19 .1519194E+11   1100015E-01  .1045E+02  .2281E+01   .9999999  .0003535  .0000711
T  415 19 .1519191E+11   1100017E-01  .1851E+01 -.3252E+01   .9999999  .0000238 -.0000241
T  416 19 .1519221E+11   1100023E-01  .7832E+01 -.1256E+02   .9999999 -.0000018 -.0001151
T  417 19 .1519355E+11   1100000E-01 -.5092E+01 -.2829E+00   .9999999 -.0000690  .0000027
T  418 19 .1519317E+11   1100023E-01  .3488E+01 -.1267E+00   .9999999 -.0000627  .0000277
T  419 19 .1519340E+11   1100005E-01  .2267E+01 -.3911E+01   .9999999 -.0000153  .0000070
T  420 19 .1519356E+11   1100022E-01  .3625E+02 -.2146E+02   .9999998  .0005734 -.0002636
T  421 19 .1519192E+11   1100017E-01  .1986E+01 -.1297E+01   .9999999  .0000488 -.0001688
T  422 19 .1519305E+11   1100001E-01  .4656E+00  .5273E+01   .9999999  .0001107  .0000631
T  423 19 .1519108E+11   1100022E-01 -.1391E+01  .7894E+01   .9999999  .0000930  .0001319
T  424 19 .1519290E+11   1100021E-01 -.1278E+02 -.2763E+02   .9999996 -.0004954 -.0007277
T  425 19 .1519378E+11   1100012E-01  .1618E+01  .2558E+01   .9999999 -.0000210  .0000539
T  426 19 .1519356E+11   1100021E-01 -.7470E+01  .2368E+02   .9999999 -.0001263  .0001582
T  427 19 .1519315E+11   1100012E-01  .5869E+01  .4111E+01   .9999999  .0001032  .0000186
T  428 19 .1519229E+11   1100000E-01  .3766E+01 -.1313E-01   .9999999  .0001356 -.0002068
T  429 19 .1519254E+11   1100018E-01  .1125E+01  .6825E+01   .9999999  .0000105  .0000468
T  430 19 .1519341E+11   1100003E-01  .3534E+02  .1717E+02   .9999998  .0005549  .0003316
T  431 19 .1519321E+11   1100022E-01 -.7956E+01 -.2096E+01   .9999999 -.0002561 -.0000278
T  432 19 .1519276E+11   1100019E-01  .1312E+02  .1399E+02   .9999999  .0000290  .0001453
T  433 19 .1519246E+11   1100022E-01  .3942E+01  .4203E+01   .9999999  .0000079  .0000155
T  434 19 .1519298E+11   1100010E-01  .8136E+01 -.5743E+01   .9999999  .0000835 -.0000902
T  435 19 .1519243E+11   1100015E-01 -.1544E+02 -.1750E+01   .9999999 -.0000904 -.0000795
T  436 19 .1519365E+11   1100018E-01  .3244E+01  .6238E+01   .9999999  .0001263  .0002305
T  437 19 .1519212E+11   1100022E-01 -.5196E+01  .8735E+00   .9999999  .0001045 -.0000506
T  438 19 .1519225E+11   1100020E-01 -.6846E+01  .2215E+01   .9999999 -.0000397  .0000876
T  439 19 .1519232E+11   1100002E-01  .3321E+01  .5045E+01   .9999999  .0000617  .0000293
T  440 19 .1519277E+11   1100006E-01 -.2189E-01  .1696E+01   .9999999 -.0001729 -.0000840
T  441 19 .1519273E+11   1100013E-01  .2624E+02  .1929E+02   .9999999  .0002643  .0002701
T  442 19 .1519169E+11   1100022E-01 -.2264E+01  .4364E+01   .9999999 -.0000121  .0000796
T  443 19 .1519295E+11   1100011E-01  .2465E+01 -.1139E+02   .9999999  .0000435 -.0002226
T  444 19 .1519225E+11   1100004E-01  .4083E+01 -.1438E+02   .9999999  .0000557 -.0000026
T  445 19 .1519305E+11   1100021E-01 -.7490E+01  .8954E+01   .9999999 -.0002296  .0004086
T  446 19 .1519304E+11   1100005E-01  .5219E+01  .1040E+02   .9999999 -.0000052  .0001623
T  447 19 .1519195E+11   1100019E-01 -.2472E+02 -.1020E+02   .9999998 -.0005353 -.0001743
T  448 19 .1519162E+11   1100013E-01 -.1261E+02 -.5528E+02   .9999995 -.0001903 -.0009307
T  449 19 .1519357E+11   1100020E-01  .2307E+01 -.2259E+01   .9999999  .0000257  .0000034
T  450 19 .1519265E+11   1100005E-01  .5881E+01  .7184E+00   .9999999  .0000113 -.0000651
T  451 19 .1519397E+11   1100008E-01  .7602E+01 -.1124E+02   .9999999  .0000065 -.0003544
T  452 19 .1519337E+11   1100017E-01 -.1195E+02 -.1157E+02   .9999999 -.0001963 -.0002239
T  453 19 .1519274E+11   1100009E-01 -.6223E+01  .2211E+01   .9999999 -.0000720  .0004314
T  454 19 .1519216E+11   1100005E-01 -.4654E+01 -.8698E+01   .9999999 -.0000941 -.0001954
T  455 19 .1519235E+11   1100013E-01 -.3615E+01 -.6158E+01   .9999999 -.0001851 -.0002536
T  456 19 .1519256E+11   1100021E-01  .7664E+01  .2259E+01   .9999999  .0000192  .0000676
T  457 19 .1519288E+11   1100016E-01  .5988E+01 -.9055E+01   .9999999  .0001197 -.0001824
T  458 19 .1519348E+11   1100018E-01  .5410E+01  .7799E+01   .9999999 -.0000048  .0001236
T  459 19 .1519330E+11   1100022E-01 -.3740E+01 -.3352E+01   .9999999 -.0001474 -.0000808
T  460 19 .1519188E+11   1100012E-01  .3461E+01  .1172E+01   .9999999  .0000301  .0000588
T  461 19 .1519153E+11   1100019E-01 -.4053E+01 -.1610E-01   .9999999 -.0000040  .0001245
T  462 19 .1519259E+11   1100003E-01  .7050E+00 -.9729E+00   .9999999  .0000700  .0000599
T  463 19 .1519255E+11   1100000E-01 -.8533E+01  .7460E+01   .9999999 -.0000235  .0001117
T  464 19 .1519434E+11   1100017E-01  .2954E+01 -.7879E+01   .9999999  .0000909 -.0001727
T  465 19 .1519165E+11   1100016E-01  .7634E+01  .2474E+02   .9999999  .0000970  .0001977
T  466 19 .1519325E+11   1100007E-01  .2547E+01 -.9913E+01   .9999999  .0000381 -.0001148
T  467 19 .1519246E+11   1100022E-01 -.3331E+01  .1135E+01   .9999999  .0000102  .0000221
T  468 19 .1519209E+11   1100015E-01 -.1339E+01  .1268E+01   .9999999 -.0001386 -.0000486
T  469 19 .1519237E+11   1100010E-01  .6045E+01  .8702E+01   .9999999  .0000203  .0001231
T  470 19 .1519252E+11   1100018E-01 -.4190E+00  .6865E+01   .9999999 -.0000072  .0001747
T  471 19 .1519121E+11   1100011E-01  .3864E+02  .3378E+02   .9999996  .0006169  .0006251
T  472 19 .1519250E+11   1100021E-01 -.1269E+02  .7333E+00   .9999999 -.0002232  .0000922
T  473 19 .1519315E+11   1100004E-01  .2164E+01  .4098E+01   .9999999  .0000869  .0000325
T  474 19 .1519418E+11   1100019E-01 -.3912E+00 -.6488E+01   .9999999  .0000191 -.0001031
T  475 19 .1519127E+11   1100019E-01 -.1188E+02 -.2713E+01   .9999999 -.0002502 -.0001600
T  476 19 .1519247E+11   1100011E-01  .1283E+01 -.1099E+02   .9999999 -.0000231 -.0000859
T  477 19 .1519314E+11   1100019E-01  .5737E+02 -.1046E+03   .9999986  .0008223 -.0014887
T  478 19 .1519210E+11   1100016E-01 -.1748E+02 -.1416E+02   .9999999 -.0003086 -.0002044
T  479 19 .1519295E+11   1100016E-01  .1039E+02  .1834E+01   .9999999  .0000418  .0000447
T  480 19 .1519101E+11   1100017E-01 -.4228E+01  .3331E+01   .9999999 -.0000238  .0000574
T  481 19 .1519199E+11   1100018E-01 -.3802E+01 -.1284E+01   .9999999 -.0000007 -.0000090
T  482 19 .1519299E+11   1100013E-01 -.7424E+01 -.6318E+01   .9999999 -.0001012 -.0001376
T  483 19 .1519452E+11   1100019E-01 -.2089E+02  .5479E+01   .9999999 -.0002384  .0000297
T  484 19 .1519210E+11   1100003E-01  .3608E+01  .4286E+01   .9999999 -.0000011  .0000563
T  485 19 .1519315E+11   1100018E-01  .3392E+01 -.6621E+01   .9999999  .0000475 -.0000370
T  486 19 .1519397E+11   1100015E-01 -.2671E+01 -.4274E+01   .9999999  .0000595 -.0000738
T  487 19 .1519311E+11   1100004E-01  .9166E+01  .8496E+01   .9999999  .0001262  .0001081
T  488 19 .1519284E+11   1100005E-01 -.2029E+01 -.1938E+01   .9999999 -.0000741 -.0000839
T  489 19 .1519326E+11   1100005E-01  .7859E+01  .1048E+01   .9999999  .0000483 -.0000301
T  490 19 .1519207E+11   1100000E-01 -.9827E+00 -.2330E+01   .9999999 -.0001085 -.0000654
T  491 19 .1519373E+11   1100017E-01  .9879E+01 -.2010E+01   .9999999  .0003782 -.0000028
T  492 19 .1519353E+11   1100004E-01  .2578E+01  .2804E+01   .9999999  .0000423 -.0000445
T  493 19 .1519332E+11   1100013E-01 -.1386E+02  .2861E+02   .9999996 -.0001282  .0009253
T  494 19 .1519288E+11   1100014E-01 -.1745E+01  .2364E+00   .9999999  .0000430 -.0000109
T  495 19 .1519226E+11   1100020E-01 -.6947E+01  .8604E+01   .9999999 -.0000850  .0003030
T  496 19 .1519297E+11   1100001E-01  .1315E+02 -.1677E+01   .9999999  .0001804 -.0000144
T  497 19 .1519257E+11   1100010E-01  .5657E+01  .1212E+01   .9999999  .0000771  .0000006
T  498 19 .1519185E+11   1100022E-01  .4517E+01 -.1650E+00   .9999999  .0000470  .0000234
T  499 19 .1519310E+11   1100023E-01 -.7341E+01  .1575E+01   .9999999 -.0000856 -.0000783
T  500 19 .1519336E+11   1100022E-01  .1854E+02  .7851E+01   .9999999  .0003004  .0000240
T  501 19 .1519387E+11   1100004E-01 -.3622E+01  .1341E+02   .9999999  .0001314  .0001586
T  502 19 .1519217E+11   1100016E-01 -.5050E+01  .2281E+01   .9999999 -.0001043 -.0000094
T  503 19 .1519347E+11   1100007E-01  .5222E+01 -.5847E+01   .9999999 -.0000020  .0000077
T  504 19 .1519282E+11   1100018E-01  .8871E+01  .2307E+00   .9999999  .0001605  .0000020
T  505 19 .1519224E+11   1100009E-01  .7744E+01  .5399E+01   .9999999  .0001495  .0001327
T  506 19 .1519269E+11   1100017E-01 -.2247E+01  .6802E+01   .9999999 -.0001216  .0001690
T  507 19 .1519116E+11   1100007E-01 -.1265E+02 -.2327E+01   .9999999 -.0001549 -.0000254
T  508 19 .1519290E+11   1100007E-01 -.1471E+01 -.5150E+01   .9999999 -.0000305  .0000808
T  509 19 .1519271E+11   1100021E-01  .1480E+01 -.1549E+02   .9999999  .0000579 -.0002693
T  510 19 .1519182E+11   1100013E-01 -.3222E+01 -.7953E+01   .9999999 -.0001519 -.0003464
T  511 19 .1519242E+11   1100006E-01  .4731E+01 -.4267E+01   .9999999  .0000261  .0000354
T  512 19 .1519300E+11   1100021E-01  .9165E+01  .2955E+02   .9999999  .0001608  .0003667
T  513 19 .1519208E+11   1100001E-01 -.1739E+00 -.1168E+02   .9999999 -.0000094 -.0001558
T  514 19 .1519392E+11   1100009E-01  .2226E+01 -.7921E+01   .9999999  .0000293 -.0000590
T  515 19 .1519160E+11   1100002E-01  .7517E+01  .1123E+02   .9999999  .0000851  .0002287
T  516 19 .1519253E+11   1100020E-01  .7417E+01  .3028E+01   .9999999  .0000785 -.0000174
T  517 19 .1519246E+11   1100003E-01  .4640E+01 -.4218E+01   .9999999  .0000725 -.0001049
T  518 19 .1519291E+11   1100011E-01 -.1158E+01  .7825E+01   .9999999 -.0000245  .0001989
T  519 19 .1519335E+11   1100013E-01 -.8494E+01 -.1728E+00   .9999999 -.0001980 -.0000121
T  520 19 .1519340E+11   1100000E-01 -.1210E+02  .2753E+01   .9999999 -.0000626  .0001192
T  521 19 .1519269E+11   1100015E-01  .2560E+01  .1350E+01   .9999999 -.0001276 -.0000869
T  522 19 .1519297E+11   1100014E-01 -.2921E+01  .1759E+02   .9999998 -.0000701  .0006247
T  523 19 .1519298E+11   1100019E-01 -.2668E+01 -.6539E+01   .9999999 -.0000906 -.0001149
T  524 19 .1519251E+11   1100021E-01  .1808E+02 -.1160E+01   .9999999  .0003572  .0000452
T  525 19 .1519356E+11   1100017E-01  .2331E+01 -.1285E+02   .9999999 -.0001080 -.0001722
T  526 19 .1519272E+11   1100011E-01 -.7726E+00 -.1427E+01   .9999999 -.0000887  .0000789
T  527 19 .1519346E+11   1100022E-01 -.3232E+01  .2927E+02   .9999999 -.0000719  .0003841
T  528 19 .1519392E+11   1100002E-01 -.1027E+02 -.1021E+02   .9999999 -.0000558 -.0001252
T  529 19 .1519291E+11   1100012E-01 -.2083E+01  .1398E+02   .9999999  .0000020  .0003717
T  530 19 .1519333E+11   1100022E-01 -.7261E+01  .2310E+01   .9999999 -.0001614  .0000473
T  531 19 .1519323E+11   1100021E-01 -.2443E+01  .8246E+01   .9999999 -.0001525  .0001880
T  532 19 .1519219E+11   1100009E-01 -.3158E+01 -.3668E+01   .9999999 -.0001400 -.0000980
T  533 19 .1519340E+11   1100012E-01  .2037E+02  .2945E+01   .9999999  .0004104  .0000601
T  534 19 .1519243E+11   1100023E-01  .2478E+01  .7786E+01   .9999999  .0000775  .0001649
T  535 19 .1519211E+11   1100012E-01  .8577E+01 -.2435E+01   .9999999  .0000447 -.0001517
T  536 19 .1519281E+11   1100010E-01  .4842E+01  .1811E+01   .9999999  .0000477  .0000572
T  537 19 .1519226E+11   1100010E-01  .1171E+02  .6211E+01   .9999999  .0001462  .0000394
T  538 19 .1519268E+11   1100014E-01 -.3375E+01 -.8796E+01   .9999999  .0000466 -.0001793
T  539 19 .1519438E+11   1100014E-01  .3737E+00 -.4460E+01   .9999999  .0000569 -.0000528
T  540 19 .1519255E+11   1100016E-01  .1176E+02  .9727E+01   .9999999  .0000872  .0001594
T  541 19 .1519306E+11   1100012E-01 -.1293E+02 -.4318E+01   .9999999 -.0000945 -.0005196
T  542 19 .1519436E+11   1100015E-01  .1128E+02 -.1702E+02   .9999999  .0002413 -.0002362
T  543 19 .1519228E+11   1100001E-01  .5241E+01  .1868E+00   .9999999  .0001063 -.0001074
T  544 19 .1519180E+11   1100016E-01 -.1035E+01 -.2990E+00   .9999999 -.0000041  .0000153
T  545 19 .1519231E+11   1100017E-01 -.1189E+02  .2679E+02   .9999999 -.0001359  .0003048
T  546 19 .1519286E+11   1100001E-01 -.3827E+02  .2569E+02   .9999994 -.0007445  .0008059
T  547 19 .1519330E+11   1100020E-01  .1723E+02 -.3183E+02   .9999998  .0003999 -.0005596
T  548 19 .1519236E+11   1100011E-01  .1837E+02 -.1612E+02   .9999999  .0003000 -.0002905
T  549 19 .1519272E+11   1100011E-01  .2719E+02  .2666E+02   .9999998  .0004627  .0003588
T  550 19 .1519343E+11   1100023E-01 -.5429E+01 -.9098E+01   .9999999 -.0002446 -.0001510
T  551 19 .1519250E+11   1100020E-01 -.7938E+01  .2721E+02   .9999999 -.0001963  .0003419
T  552 19 .1519360E+11   1100018E-01 -.3620E+02 -.3861E+02   .9999999 -.0003760 -.0003358
T  553 19 .1519143E+11   1100022E-01  .3000E+01 -.6677E+01   .9999999  .0001320 -.0001154
T  554 19 .1519305E+11   1100021E-01 -.4085E+01  .1019E+02   .9999999 -.0000509  .0000957
T  555 19 .1519303E+11   1100012E-01  .1106E+01 -.3203E+01   .9999999  .0000228 -.0000130
T  556 19 .1519245E+11   1100013E-01  .2114E+01 -.1021E+02   .9999999 -.0000437 -.0000529
T  557 19 .1519137E+11   1100017E-01  .9180E+01 -.9504E+01   .9999999  .0001090 -.0000973
T  558 19 .1519174E+11   1100022E-01 -.3903E+01 -.3260E+01   .9999999 -.0001272  .0000237
T  559 19 .1519151E+11   1100012E-01 -.2612E+01  .1160E+01   .9999999 -.0000302  .0000378
T  560 19 .1519486E+11   1100018E-01  .2497E+02 -.2660E+01   .9999999  .0002525  .0000059
T  561 19 .1519210E+11   1100011E-01 -.5630E+01  .1139E+02   .9999999 -.0001092  .0001417
T  562 19 .1519240E+11   1100008E-01 -.1515E+02 -.5483E+01   .9999999 -.0003025  .0000365
T  563 19 .1519300E+11   1100023E-01 -.8944E+01  .4141E+01   .9999999 -.0000301  .0001451
T  564 19 .1519289E+11   1100018E-01 -.4460E+01  .8882E+01   .9999999  .0003977  .0002250
T  565 19 .1519150E+11   1100017E-01  .1902E+02 -.5564E+01   .9999999  .0005423 -.0000653
T  566 19 .1519421E+11   1100007E-01  .3241E+01  .9109E+01   .9999999  .0000298  .0002087
T  567 19 .1519197E+11   1100000E-01  .1201E+02  .6245E+01   .9999999  .0001618  .0001619
T  568 19 .1519354E+11   1100017E-01 -.7543E+01 -.1246E+02   .9999999 -.0000828 -.0001852
T  569 19 .1519096E+11   1100017E-01  .3775E+01  .8074E+01   .9999999 -.0000057  .0001455
T  570 19 .1519313E+11   1100014E-01  .1093E+01 -.3501E+01   .9999999 -.0000168 -.0001199
T  571 19 .1519202E+11   1100001E-01 -.5100E+01 -.2401E+01   .9999999 -.0000654 -.0000407
T  572 19 .1519218E+11   1100019E-01  .3152E+01 -.1599E+01   .9999999  .0000141  .0000463
T  573 19 .1519186E+11   1100014E-01  .9213E+01  .4880E+01   .9999999  .0000764  .0001201
T  574 19 .1519249E+11   1100019E-01 -.7001E+01  .2193E+02   .9999999 -.0000585  .0004276
T  575 19 .1519250E+11   1100012E-01 -.9345E+01 -.1363E+02   .9999999 -.0001688 -.0001130
T  576 19 .1519279E+11   1100010E-01 -.1986E+02 -.3580E+01   .9999999 -.0002465 -.0000141
T  577 19 .1519125E+11   1100015E-01  .5277E+01 -.1063E+02   .9999998  .0003519 -.0005802
T  578 19 .1519336E+11   1100009E-01 -.2839E+02 -.8280E+00   .9999999 -.0003604  .0000271
T  579 19 .1519301E+11   1100002E-01  .2830E+01 -.1318E+01   .9999999  .0001011  .0000090
T  580 19 .1519433E+11   1100016E-01 -.6946E+01  .2971E+01   .9999999 -.0000362  .0000748
T  581 19 .1519292E+11   1100003E-01  .2986E+01  .5523E+01   .9999999  .0000753  .0001912
T  582 19 .1519408E+11   1100020E-01 -.3019E+01  .1957E+02   .9999999  .0000241  .0002736
T  583 19 .1519312E+11   1100003E-01 -.9238E+01  .1072E+00   .9999999 -.0001050 -.0000699
T  584 19 .1519065E+11   1100001E-01  .1385E+02  .2206E+02   .9999999  .0001950  .0002486
T  585 19 .1519214E+11   1100001E-01 -.3246E+01 -.9824E+01   .9999999 -.0000157 -.0000335
T  586 19 .1519245E+11   1100006E-01  .1164E+02  .8166E+01   .9999999  .0001053 -.0000016
T  587 19 .1519286E+11   1100016E-01  .9662E+00 -.4188E+01   .9999999  .0000403 -.0000073
T  588 19 .1519233E+11   1100006E-01 -.1684E+01 -.5999E+01   .9999999 -.0000992 -.0001545
T  589 19 .1519169E+11   1100011E-01 -.4426E+01 -.4523E+01   .9999999 -.0000264 -.0001068
T  590 19 .1519266E+11   1100017E-01  .7386E+01 -.1156E+01   .9999999  .0001313  .0000053
T  591 19 .1519266E+11   1100014E-01 -.9051E+01  .1225E+02   .9999999 -.0002061  .0000987
T  592 19 .1519207E+11   1100014E-01  .1196E+01  .7507E+01   .9999999  .0001062  .0000918
T  593 19 .1519254E+11   1100004E-01 -.3373E+01  .5620E+01   .9999999  .0000572  .0000618
T  594 19 .1519204E+11   1100017E-01 -.5090E+01 -.1254E+02   .9999999 -.0000320 -.0002312
T  595 19 .1519332E+11   1100016E-01 -.9510E+01  .7591E+01   .9999999 -.0002003  .0001056
T  596 19 .1519308E+11   1100019E-01 -.1100E+02 -.3846E+01   .9999999 -.0001148  .0000389
T  597 19 .1519396E+11   1100019E-01 -.7726E+01  .3331E+01   .9999999 -.0001418  .0000561
T  598 19 .1519194E+11   1100009E-01 -.7735E+01  .7341E+00   .9999999 -.0001602 -.0000172
T  599 19 .1519286E+11   1100007E-01 -.7048E+01 -.7729E+01   .9999999 -.0001504 -.0001368
T  600 19 .1519361E+11   1100010E-01  .7676E+01 -.3777E+01   .9999996  .0002746 -.0008859
T  601 19 .1519278E+11   1100006E-01  .6443E+01 -.4079E+01   .9999999  .0000812 -.0000880
T  602 19 .1519151E+11   1100003E-01  .2126E+01  .5137E+00   .9999999  .0000589 -.0000944
T  603 19 .1519324E+11   1100000E-01  .1035E+02  .3134E+01   .9999999  .0001192  .0002177
T  604 19 .1519386E+11   1100021E-01  .2870E+01  .3007E+01   .9999999 -.0001627  .0000790
T  605 19 .1519260E+11   1100005E-01 -.3504E+02  .9883E+01   .9999998 -.0005478  .0002075
T  606 19 .1519267E+11   1100006E-01 -.6703E+01 -.5315E+01   .9999999 -.0000414 -.0001528
T  607 19 .1519086E+11   1100021E-01 -.6450E+01  .2228E+01   .9999999 -.0000656  .0000066
T  608 19 .1519165E+11   1100016E-01 -.1265E+02  .7477E+01   .9999999 -.0001516  .0001018
T  609 19 .1519265E+11   1100002E-01 -.3770E+01  .5104E+01   .9999999 -.0000801  .0000532
T  610 19 .1519309E+11   1100007E-01 -.6111E+01 -.2519E+01   .9999999 -.0001039 -.0000751
T  611 19 .1519199E+11   1100020E-01 -.2639E+01 -.2633E+01   .9999999  .0000530  .0001097
T  612 19 .1519298E+11   1100018E-01 -.1419E+01 -.9522E+01   .9999999  .0000753 -.0003149
T  613 19 .1519292E+11   1100020E-01 -.9884E+00  .5703E+01   .9999999 -.0000033  .0000078
T  614 19 .1519294E+11   1100006E-01 -.1396E+01 -.2051E+02   .9999999  .0000411 -.0002988
T  615 19 .1519375E+11   1100007E-01  .1707E+00  .6529E+01   .9999999 -.0000843  .0001363
T  616 19 .1519351E+11   1100021E-01 -.1256E+02  .5515E+01   .9999999 -.0002202  .0001720
T  617 19 .1519305E+11   1100016E-01 -.7317E+01  .4764E+01   .9999999 -.0000884  .0000301
T  618 19 .1519292E+11   1100001E-01 -.1122E+00 -.2379E+01   .9999999  .0000460 -.0000783
T  619 19 .1519141E+11   1100015E-01 -.1125E+02  .1159E+01   .9999999 -.0001737 -.0000593
T  620 19 .1519432E+11   1100021E-01 -.2797E+01 -.1608E+01   .9999999 -.0001498 -.0000130
T  621 19 .1519296E+11   1100021E-01 -.9617E+01  .3033E+02   .9999999 -.0001289  .0003427
T  622 19 .1519212E+11   1100004E-01  .1320E+02 -.2160E+02   .9999999  .0002607 -.0002681
T  623 19 .1519214E+11   1100005E-01  .1780E+01  .3956E+01   .9999999  .0000160  .0000286
T  624 19 .1519187E+11   1100018E-01  .2783E+01 -.8838E+01   .9999999 -.0000438 -.0001521
T  625 19 .1519192E+11   1100022E-01 -.6375E+01  .2251E+01   .9999999 -.0000989  .0000699
T  626 19 .1519128E+11   1100017E-01  .2290E+02  .8987E+01   .9999999  .0002364  .0000405
T  627 19 .1519259E+11   1100016E-01  .7391E+01 -.6738E+01   .9999999  .0001112 -.0002110
T  628 19 .1519379E+11   1100001E-01  .9933E+01 -.1501E+01   .9999999  .0001274 -.0000841
T  629 19 .1519156E+11   1100010E-01 -.1234E+03 -.8227E+02   .9999976 -.0018351 -.0011817
T  630 19 .1519341E+11   1100016E-01  .1375E+02  .9931E+01   .9999999  .0001136  .0000568
T  631 19 .1519257E+11   1100020E-01  .1649E+01  .1116E+02   .9999999  .0000524  .0001506
T  632 19 .1519220E+11   1100023E-01 -.2685E+00 -.7171E+01   .9999999 -.0000628 -.0001669
T  633 19 .1519342E+11   1100021E-01 -.5642E+01  .2663E+01   .9999999 -.0001678 -.0000016
T  634 19 .1519267E+11   1100007E-01 -.1828E+01  .1275E+01   .9999999 -.0000151  .0000651
T  635 19 .1519301E+11   1100015E-01  .2142E+01 -.1354E+02   .9999999  .0000314 -.0001370
T  636 19 .1519410E+11   1100017E-01  .4660E+00  .8090E+01   .9999999 -.0000073  .0000462
T  637 19 .1519258E+11   1100022E-01 -.3358E+01  .2898E+01   .9999999 -.0000556  .0000195
T  638 19 .1519159E+11   1100015E-01 -.1199E+02 -.9705E+01   .9999999 -.0002140 -.0001975
T  639 19 .1519136E+11   1100000E-01  .1915E+02 -.2099E+01   .9999999  .0002989  .0000951
T  640 19 .1519301E+11   1100018E-01 -.1181E+02 -.3735E+01   .9999999 -.0002707  .0000283
T  641 19 .1519258E+11   1100021E-01 -.5026E+02  .1641E+02   .9999998 -.0005455  .0001806
T  642 19 .1519187E+11   1100020E-01 -.1161E+02 -.6577E+01   .9999999 -.0000545 -.0000451
T  643 19 .1519200E+11   1100008E-01 -.6320E+01  .4599E+01   .9999999  .0000142  .0002234
T  644 19 .1519188E+11   1100004E-01  .4060E+01  .2495E+01   .9999999  .0000422 -.0000440
T  645 19 .1519334E+11   1100005E-01  .4060E+01  .9152E+01   .9999999  .0001631  .0001445
T  646 19 .1519240E+11   1100020E-01  .4151E+01  .5038E+00   .9999999  .0001562 -.0000953
T  647 19 .1519299E+11   1100009E-01 -.2016E+01 -.2375E+02   .9999999  .0000669 -.0004441
T  648 19 .1519338E+11   1100018E-01 -.2883E+01  .1751E+01   .9999999 -.0000238  .0000958
T  649 19 .1519130E+11   1100016E-01 -.1084E+01 -.6927E+01   .9999999 -.0002078  .0001243
T  650 19 .1519295E+11   1100019E-01 -.1696E+01 -.4542E+01   .9999999 -.0000107 -.0001029
T  651 19 .1519163E+11   1100005E-01 -.2435E+01 -.1086E+02   .9999964  .0025163 -.0009162
T  652 19 .1519324E+11   1100021E-01 -.3401E+01 -.1870E+02   .9999999 -.0000310 -.0001909
T  653 19 .1519302E+11   1100014E-01  .1840E+00  .9225E+01   .9999999 -.0001239  .0001038
T  654 19 .1519250E+11   1100021E-01  .7136E+01  .1755E+02   .9999999  .0000149  .0004604
T  655 19 .1519292E+11   1100013E-01 -.3393E+01 -.5428E+01   .9999999  .0000626 -.0000420
T  656 19 .1519258E+11   1100004E-01  .4300E+01 -.7722E+01   .9999999  .0001747 -.0000905
T  657 19 .1519263E+11   1100009E-01  .1481E+02  .1188E+02   .9999999 -.0000507  .0002072
T  658 19 .1519248E+11   1100008E-01 -.5809E+01  .4089E+01   .9999999  .0000295  .0000449
T  659 19 .1519282E+11   1100002E-01 -.9792E+01  .2582E+01   .9999999 -.0000824 -.0000179
T  660 19 .1519242E+11   1100022E-01 -.4540E+01  .1214E+01   .9999999 -.0000316 -.0000216
T  661 19 .1519381E+11   1100005E-01  .2884E+01  .4755E+01   .9999999  .0000550 -.0000235
T  662 19 .1519321E+11   1100011E-01  .7359E+01 -.3432E+00   .9999999  .0000400 -.0000350
T  663 19 .1519341E+11   1100023E-01  .5499E+01  .8251E+01   .9999999  .0000991  .0001250
T  664 19 .1519205E+11   1100006E-01  .1136E+02  .6243E+01   .9999999  .0001511  .0000653
T  665 19 .1519296E+11   1100005E-01 -.3838E+01  .4273E+00   .9999999  .0001184  .0000666
T  666 19 .1519305E+11   1100020E-01 -.1045E+01 -.1241E+01   .9999999 -.0000069 -.0000650
T  667 19 .1519219E+11   1100020E-01  .4954E+01  .1049E+02   .9999999 -.0001138  .0000852
T  668 19 .1519407E+11   1100006E-01 -.7851E+00 -.1363E+02   .9999999 -.0000333 -.0001617
T  669 19 .1519186E+11   1100019E-01  .1072E+02  .8204E+01   .9999999  .0001119  .0001208
T  670 19 .1519290E+11   1100017E-01  .2278E+01 -.5016E+01   .9999999 -.0000540 -.0002846
T  671 19 .1519252E+11   1100007E-01 -.1017E+02  .5301E+01   .9999999  .0000048 -.0002068
T  672 19 .1519378E+11   1100011E-01  .3060E+01 -.7608E+01   .9999999 -.0000137 -.0000717
T  673 19 .1519229E+11   1100019E-01 -.6934E+01  .1522E+02   .9999999 -.0000593  .0001203
T  674 19 .1519079E+11   1100006E-01  .1957E+01 -.6441E+01   .9999999  .0001113 -.0000595
T  675 19 .1519350E+11   1100006E-01  .4967E+01 -.3700E+01   .9999999  .0000229 -.0001234
T  676 19 .1519210E+11   1100020E-01 -.1906E+02 -.6877E+01   .9999999 -.0002210 -.0000455
T  677 19 .1519298E+11   1100022E-01  .3926E+01  .6903E+01   .9999999  .0000345  .0001930
T  678 19 .1519266E+11   1100010E-01 -.1040E+02 -.5104E+01   .9999999  .0000037 -.0001058
T  679 19 .1519144E+11   1100009E-01 -.6811E+02 -.2038E+01   .9999996 -.0009408 -.0000389
T  680 19 .1519207E+11   1100013E-01  .4311E+01 -.2487E+02   .9999999  .0001308 -.0003554
T  681 19 .1519151E+11   1100001E-01  .5862E+01 -.9228E+01   .9999999  .0000830 -.0001271
T  682 19 .1519173E+11   1100008E-01 -.1238E+02 -.1320E+02   .9999999 -.0001702 -.0001334
T  683 19 .1519175E+11   1100012E-01  .1154E+01 -.2416E+01   .9999999  .0000226 -.0000124
T  684 19 .1519453E+11   1100016E-01 -.8592E+01 -.1620E+02   .9999999 -.0000822 -.0002640
T  685 19 .1519284E+11   1100005E-01  .1206E+02  .4256E+01   .9999999  .0001635 -.0000484
T  686 19 .1519315E+11   1100022E-01  .1818E+01  .9539E+01   .9999999 -.0000355  .0002114
T  687 19 .1519320E+11   1100017E-01 -.1115E+02  .3587E+00   .9999999 -.0001767  .0000598
T  688 19 .1519242E+11   1100018E-01 -.2669E+01  .5163E+01   .9999999  .0000287  .0000862
T  689 19 .1519233E+11   1100002E-01 -.1396E+01 -.1333E+00   .9999999 -.0000966  .0000217
T  690 19 .1519207E+11   1100019E-01 -.1679E+02  .2040E+02   .9999999 -.0002395  .0003274
T  691 19 .1519374E+11   1100004E-01 -.7747E+00  .8892E+00   .9999999 -.0000114  .0000493
T  692 19 .1519288E+11   1100000E-01 -.6546E+00 -.1507E+02   .9999999  .0000958 -.0001980
T  693 19 .1519235E+11   1100014E-01  .6515E+01 -.1018E+02   .9999999  .0001459 -.0002300
T  694 19 .1519321E+11   1100017E-01  .2243E+02  .1396E+01   .9999999  .0003171  .0000140
T  695 19 .1519243E+11   1100022E-01 -.1949E+02  .1066E+01   .9999999 -.0003641 -.0000753
T  696 19 .1519324E+11   1100001E-01  .4957E+01  .1319E+02   .9999999  .0001185  .0002695
T  697 19 .1519250E+11   1100014E-01  .9153E+01 -.4071E+00   .9999999  .0001424  .0000317
T  698 19 .1519307E+11   1100014E-01 -.8435E+01 -.1510E+01   .9999999 -.0002119 -.0000703
T  699 19 .1519302E+11   1100006E-01  .6534E+02  .4512E+02   .9999997  .0006448  .0004059
T  700 19 .1519213E+11   1100006E-01 -.2532E+02  .1576E+00   .9999999 -.0003455 -.0000501
T  701 19 .1519295E+11   1100020E-01  .2788E+01 -.5675E+01   .9999999  .0000861 -.0000676
T  702 19 .1519338E+11   1100021E-01  .1064E+01 -.6196E+00   .9999999  .0001489 -.0000157
T  703 19 .1519202E+11   1100017E-01  .3777E+02  .5026E+00   .9999996  .0008860 -.0001120
T  704 19 .1519371E+11   1100013E-01  .3355E+01 -.1424E+02   .9999999  .0001339 -.0003101
T  705 19 .1519121E+11   1100005E-01 -.5997E+01 -.9649E+01   .9999999 -.0001280 -.0002634
T  706 19 .1519213E+11   1100004E-01  .1241E+03  .3679E+02   .9999981  .0018265  .0006324
T  707 19 .1519376E+11   1100020E-01 -.1197E+02 -.5306E+01   .9999999 -.0002287 -.0001127
T  708 19 .1519259E+11   1100001E-01 -.1722E+02 -.9058E+01   .9999999 -.0002453 -.0001658
T  709 19 .1519281E+11   1100016E-01  .5361E+01  .2264E+00   .9999999  .0001391 -.0000182
T  710 19 .1519329E+11   1100013E-01 -.1251E+02  .2350E+02   .9999999 -.0003444  .0002211
T  711 19 .1519299E+11   1100001E-01  .2843E+01  .1236E+01   .9999999  .0000383  .0000197
T  712 19 .1519320E+11   1100016E-01  .1079E+02 -.1091E+02   .9999999  .0001354 -.0002315
T  713 19 .1519305E+11   1100017E-01  .7501E+01 -.1544E+01   .9999999  .0001344  .0000103
T  714 19 .1519199E+11   1100012E-01  .7166E+01  .6843E+01   .9999999  .0002539  .0002632
T  715 19 .1519148E+11   1100017E-01 -.6017E-01 -.3621E+02   .9999998  .0001385 -.0006214
T  716 19 .1519195E+11   1100022E-01 -.1207E+02  .1004E+01   .9999999 -.0001085  .0001309
T  717 19 .1519322E+11   1100016E-01 -.3352E+01  .3284E+01   .9999999 -.0001610 -.0000228
T  718 19 .1519254E+11   1100003E-01 -.8296E+01 -.4789E+01   .9999999 -.0001428 -.0000692
T  719 19 .1519249E+11   1100009E-01 -.1196E+02  .4814E+01   .9999999 -.0001406  .0000454
T  720 19 .1519187E+11   1100013E-01 -.4769E+00  .8497E+00   .9999999  .0000184 -.0000354
T  721 19 .1519243E+11   1100012E-01  .1529E+02  .1668E+02   .9999999  .0002864  .0003142
T  722 19 .1519272E+11   1100009E-01  .7666E+01 -.6986E+01   .9999999  .0001304 -.0001193
T  723 19 .1519239E+11   1100011E-01 -.1293E+02 -.6766E+01   .9999999 -.0000668  .0000836
T  724 19 .1519281E+11   1100013E-01  .1629E+01 -.1726E+01   .9999999 -.0000441  .0001448
T  725 19 .1519328E+11   1100012E-01 -.7169E+02  .9237E+01   .9999997 -.0007351  .0001605
T  726 19 .1519120E+11   1100019E-01  .1114E+02 -.2210E+01   .9999999  .0001472 -.0001539
T  727 19 .1519263E+11   1100008E-01  .5121E+00 -.3562E+01   .9999999  .0000793 -.0001124
T  728 19 .1519155E+11   1100017E-01 -.7416E+01 -.5277E+00   .9999999 -.0001254 -.0001817
T  729 19 .1519280E+11   1100007E-01  .6467E+01  .1054E+02   .9999999  .0001781  .0002199
T  730 19 .1519345E+11   1100018E-01 -.1321E+01 -.1161E+02   .9999999  .0001091 -.0001660
T  731 19 .1519178E+11   1100014E-01 -.1154E+01 -.7492E+01   .9999999 -.0000424 -.0002042
T  732 19 .1519224E+11   1100003E-01 -.2268E+02  .4895E+02   .9999997 -.0002993  .0006520
T  733 19 .1519297E+11   1100007E-01 -.4009E+01 -.3065E+01   .9999999 -.0000156 -.0000294
T  734 19 .1519330E+11   1100009E-01  .8056E+01  .1351E+01   .9999999  .0001328  .0001505
T  735 19 .1519200E+11   1100020E-01  .2833E+01  .5853E+01   .9999999  .0001544  .0000667
T  736 19 .1519191E+11   1100013E-01  .6788E+01  .4845E+01   .9999999  .0000409  .0000193
T  737 19 .1519327E+11   1100002E-01  .8269E+01  .4136E+01   .9999999  .0002171  .0000793
T  738 19 .1519236E+11   1100020E-01 -.4213E+01  .6445E+01   .9999999  .0000067  .0001097
T  739 19 .1519314E+11   1100015E-01 -.2712E+02  .2972E+01   .9999999 -.0004341  .0000683
T  740 19 .1519303E+11   1100005E-01 -.4707E+01 -.1376E-01   .9999999 -.0001438  .0000175
T  741 19 .1519197E+11   1100017E-01  .2556E+01  .6656E+01   .9999999  .0000100  .0001077
T  742 19 .1519221E+11   1100015E-01 -.1883E+01 -.5059E+01   .9999999 -.0000559 -.0000274
T  743 19 .1519148E+11   1100020E-01  .4517E+01 -.3589E+00   .9999999 -.0000807 -.0000245
T  744 19 .1519237E+11   1100008E-01 -.2988E+02 -.9428E+01   .9999999 -.0004012 -.0000637
T  745 19 .1519257E+11   1100004E-01 -.1513E+02 -.1551E+02   .9999999 -.0003031 -.0002219
T  746 19 .1519292E+11   1100001E-01  .1469E+01  .5033E+01   .9999999  .0000776  .0000843
T  747 19 .1519275E+11   1100011E-01 -.9128E+01 -.1147E+01   .9999999 -.0002666 -.0001991
T  748 19 .1519322E+11   1100022E-01 -.1648E+01  .5245E+01   .9999999 -.0000956  .0000430
T  749 19 .1519276E+11   1100012E-01  .2169E+01 -.1566E+02   .9999999 -.0000593 -.0002279
T  750 19 .1519312E+11   1100002E-01 -.2007E+01 -.1179E+01   .9999999 -.0001771 -.0000403
T  751 19 .1519169E+11   1100015E-01  .1033E+02 -.8365E+01   .9999999  .0001012 -.0000517
T  752 19 .1519379E+11   1100014E-01  .2264E+01 -.4268E+01   .9999999  .0000324 -.0000137
T  753 19 .1519231E+11   1100020E-01  .8053E+01 -.1763E+02   .9999999  .0001651 -.0002586
T  754 19 .1519350E+11   1100004E-01 -.7825E+00  .1337E+01   .9999999 -.0001956  .0002609
T  755 19 .1519295E+11   1100008E-01 -.2732E+01  .8491E+01   .9999999 -.0000242  .0001000
T  756 19 .1519243E+11   1100019E-01 -.1335E+02  .9632E+01   .9999999 -.0003912  .0002158
T  757 19 .1519313E+11   1100002E-01  .4688E+01  .3848E+00   .9999999  .0000842 -.0000510
T  758 19 .1519216E+11   1100022E-01 -.4441E+01  .6598E+01   .9999999 -.0000592  .0001343
T  759 19 .1519227E+11   1100021E-01  .6339E+01  .3449E+02   .9999999  .0001487  .0004125
T  760 19 .1519244E+11   1100001E-01  .2103E+01  .1136E+02   .9999999  .0001221  .0001159
T  761 19 .1519321E+11   1100007E-01  .6125E+01 -.8151E+01   .9999999  .0000788 -.0001121
T  762 19 .1519189E+11   1100020E-01  .1556E+02 -.3726E+01   .9999999  .0001450 -.0000355
T  763 19 .1519295E+11   1100022E-01 -.1133E+02 -.6773E+01   .9999999 -.0001437 -.0001175
T  764 19 .1519247E+11   1100020E-01 -.1061E+02  .2538E+01   .9999999 -.0001426 -.0000550
T  765 19 .1519165E+11   1100004E-01 -.2453E+02  .1812E+01   .9999998 -.0005760  .0000625
T  766 19 .1519367E+11   1100016E-01  .2759E+01 -.3027E+01   .9999999  .0000210 -.0000957
T  767 19 .1519256E+11   1100016E-01 -.1745E+01  .9292E+01   .9999999 -.0001069  .0000856
T  768 19 .1519139E+11   1100000E-01  .1664E+02 -.1151E+02   .9999999  .0001857 -.0001338
T  769 19 .1519329E+11   1100016E-01 -.1073E+02 -.2135E+02   .9999999 -.0001440 -.0002426
T  770 19 .1519307E+11   1100009E-01 -.2687E+01 -.4766E+01   .9999999 -.0000771 -.0001367
T  771 19 .1519450E+11   1100013E-01 -.4467E+01 -.1626E+02   .9999999 -.0001112 -.0001906
T  772 19 .1519276E+11   1100012E-01  .3309E+01  .3804E+01   .9999999  .0000329  .0001126
T  773 19 .1519332E+11   1100008E-01  .7841E+01 -.3506E+00   .9999999  .0000006  .0001982
T  774 19 .1519310E+11   1100014E-01  .6617E+01 -.8482E+01   .9999999 -.0000043 -.0002064
T  775 19 .1519349E+11   1100017E-01 -.1638E+02 -.7113E+01   .9999999 -.0002418 -.0001784
T  776 19 .1519091E+11   1100018E-01  .1561E+01 -.6281E+01   .9999999  .0000420  .0000415
T  777 19 .1519264E+11   1100020E-01  .4690E+01 -.6684E+01   .9999999  .0001001 -.0000413
T  778 19 .1519371E+11   1100017E-01 -.3459E+01 -.1762E+02   .9999999 -.0000418 -.0002484
T  779 19 .1519377E+11   1100000E-01  .2431E+01  .3690E+01   .9999999  .0001984  .0000536
T  780 19 .1519233E+11   1100011E-01  .8946E+00 -.5743E+00   .9999999  .0000187 -.0000309
T  781 19 .1519264E+11   1100002E-01  .1385E+02 -.3576E+01   .9999999  .0002293 -.0000399
T  782 19 .1519171E+11   1100020E-01  .9373E+01  .6054E+01   .9999999  .0000699 -.0000162
T  783 19 .1519218E+11   1100011E-01  .1928E+02  .6690E+01   .9999999  .0002805  .0000211
T  784 19 .1519256E+11   1100010E-01 -.2045E+02  .7819E+01   .9999999 -.0003708  .0001630
T  785 19 .1519285E+11   1100013E-01 -.9399E+01  .5171E+01   .9999999 -.0001843  .0000716
T  786 19 .1519271E+11   1100021E-01 -.3196E+00 -.7761E+01   .9999999 -.0000123 -.0000225
T  787 19 .1519376E+11   1100015E-01 -.2804E+01 -.1506E+00   .9999999  .0001284  .0000827
T  788 19 .1519322E+11   1100001E-01 -.1211E+01 -.7364E+01   .9999999 -.0000048 -.0000379
T  789 19 .1519272E+11   1100021E-01  .2334E+01  .1148E+02   .9999999  .0000894  .0001290
T  790 19 .1519291E+11   1100017E-01 -.6086E+01  .8281E+01   .9999999 -.0001146  .0001864
T  791 19 .1519430E+11   1100003E-01 -.6100E-02  .7413E+01   .9999999  .0000104  .0000691
T  792 19 .1519180E+11   1100002E-01  .6422E+01  .4174E+01   .9999999  .0000282  .0001136
T  793 19 .1519360E+11   1100008E-01  .8553E+01 -.8015E+01   .9999999  .0000935 -.0001390
T  794 19 .1519235E+11   1100014E-01  .6919E+01 -.7477E+01   .9999999  .0001127  .0000630
T  795 19 .1519306E+11   1100013E-01  .3740E+01  .5690E+01   .9999999  .0000948  .0002995
T  796 19 .1519145E+11   1100022E-01 -.1060E+02 -.4574E+01   .9999999 -.0001412 -.0001180
T  797 19 .1519260E+11   1100016E-01  .2431E+02 -.1643E+02   .9999999  .0002104 -.0002218
T  798 19 .1519165E+11   1100000E-01  .5256E+01  .8096E+01   .9999999  .0001587  .0000977
T  799 19 .1519326E+11   1100000E-01 -.8730E+01  .2482E+01   .9999999 -.0001499  .0001522
T  800 19 .1519255E+11   1100020E-01 -.5441E+01  .2545E+01   .9999999  .0000626  .0002352
T  801 19 .1519407E+11   1100005E-01 -.1251E+01  .4815E+01   .9999999  .0000343  .0000615
T  802 19 .1519341E+11   1100014E-01 -.8219E+01  .7858E+01   .9999999 -.0002384  .0001096
T  803 19 .1519250E+11   1100020E-01 -.3183E+01  .1123E+02   .9999999 -.0001164  .0002668
T  804 19 .1519198E+11   1100022E-01 -.1973E+01  .1033E+01   .9999999  .0000438 -.0000212
T  805 19 .1519433E+11   1100008E-01  .1321E+02 -.3497E+02   .9999999  .0000978 -.0004154
T  806 19 .1519317E+11   1100010E-01  .2557E+01 -.2382E+01   .9999999 -.0000134 -.0001025
T  807 19 .1519264E+11   1100006E-01  .6567E+01  .1092E+02   .9999999  .0000995  .0001221
T  808 19 .1519108E+11   1100020E-01 -.3681E+01 -.1002E+02   .9999999 -.0000389 -.0001274
T  809 19 .1519175E+11   1100016E-01  .1002E+02 -.4326E+00   .9999999  .0001457 -.0000204
T  810 19 .1519170E+11   1100006E-01 -.1446E+01 -.8110E+00   .9999999 -.0000562 -.0000202
T  811 19 .1519312E+11   1100001E-01 -.4205E+01 -.7956E+01   .9999999 -.0002283 -.0000149
T  812 19 .1519215E+11   1100001E-01 -.1309E+02 -.1315E+02   .9999999 -.0002238 -.0002552
T  813 19 .1519255E+11   1100008E-01 -.1273E+02 -.1870E+01   .9999999 -.0001569 -.0001190
T  814 19 .1519181E+11   1100008E-01 -.8867E-01 -.1192E+02   .9999999  .0000012 -.0002271
T  815 19 .1519254E+11   1100021E-01  .4843E+01  .2098E+01   .9999999 -.0002826  .0000377
T  816 19 .1519234E+11   1100017E-01 -.5189E+01  .5064E+01   .9999999 -.0000981 -.0000084
T  817 19 .1519282E+11   1100019E-01 -.4735E+01 -.1618E+01   .9999999  .0000535  .0001139
T  818 19 .1519362E+11   1100014E-01 -.9319E+01 -.5197E+01   .9999999 -.0000454 -.0000864
T  819 19 .1519233E+11   1100010E-01  .4005E+00  .3941E+01   .9999999 -.0000284  .0000783
T  820 19 .1519359E+11   1100006E-01 -.9354E+01  .1408E+02   .9999999 -.0000332  .0001221
T  821 19 .1519332E+11   1100020E-01  .1173E+02  .1235E+02   .9999999  .0003554  .0002045
T  822 19 .1519233E+11   1100018E-01  .3391E+01  .9011E+01   .9999999  .0001051  .0002100
T  823 19 .1519247E+11   1100003E-01 -.6510E+01  .2598E+02   .9999999 -.0002096  .0003795
T  824 19 .1519261E+11   1100023E-01  .4148E+01  .3472E+01   .9999999  .0000773 -.0000018
T  825 19 .1519194E+11   1100014E-01  .5384E+01 -.7807E+00   .9999999  .0001251 -.0000416
T  826 19 .1519268E+11   1100012E-01  .9583E+01  .5814E+01   .9999999  .0002071  .0001585
T  827 19 .1519289E+11   1100004E-01 -.6523E+01  .1579E+02   .9999999 -.0001108  .0002245
T  828 19 .1519221E+11   1100011E-01  .3206E+01  .1891E+01   .9999999  .0000435 -.0000581
T  829 19 .1519284E+11   1100020E-01 -.1267E+01 -.1226E+02   .9999999  .0000317 -.0001199
T  830 19 .1519233E+11   1100012E-01  .4363E+01 -.8565E+01   .9999999  .0000866 -.0000130
T  831 19 .1519125E+11   1100003E-01  .5259E+01  .5006E+01   .9999999  .0000860  .0000940
T  832 19 .1519282E+11   1100007E-01 -.1715E+02 -.6060E+01   .9999999 -.0002688 -.0001781
T  833 19 .1519349E+11   1100011E-01 -.5096E+01  .4073E+01   .9999999  .0000380  .0000671
T  834 19 .1519192E+11   1100015E-01 -.2091E+01 -.5237E+01   .9999999 -.0000084 -.0000744
T  835 19 .1519283E+11   1100014E-01  .1188E+01  .5070E+01   .9999998 -.0005594 -.0000539
T  836 19 .1519334E+11   1100021E-01 -.8012E+01 -.1897E+02   .9999999 -.0002171 -.0002146
T  837 19 .1519265E+11   1100016E-01 -.2519E+01 -.7012E+01   .9999999 -.0000076 -.0001277
T  838 19 .1519255E+11   1100018E-01  .3084E+01  .2073E+01   .9999999 -.0000163  .0000207
T  839 19 .1519227E+11   1100021E-01 -.2511E+02 -.1149E+02   .9999999 -.0003142 -.0000959
T  840 19 .1519278E+11   1100008E-01 -.7998E+01  .9127E+01   .9999999 -.0000477  .0000663
T  841 19 .1519315E+11   1100007E-01 -.4964E+01  .9640E+01   .9999999 -.0000548  .0001341
T  842 19 .1519220E+11   1100014E-01 -.6767E+01  .9385E+01   .9999999 -.0000346  .0002414
T  843 19 .1519205E+11   1100014E-01  .3410E+01 -.1373E+02   .9999999 -.0000661 -.0001803
T  844 19 .1519229E+11   1100007E-01  .1730E+00  .3998E+01   .9999999  .0000185  .0000279
T  845 19 .1519337E+11   1100008E-01 -.7624E+01  .7895E+01   .9999999 -.0000246  .0001728
T  846 19 .1519428E+11   1100021E-01  .1234E+02  .4620E+01   .9999999  .0000704 -.0000310
T  847 19 .1519162E+11   1100011E-01  .2223E+02  .1237E+01   .9999999  .0002311  .0000611
T  848 19 .1519187E+11   1100018E-01 -.4091E+01  .1441E+02   .9999999 -.0000888  .0002860
T  849 19 .1519096E+11   1100004E-01  .5025E+01 -.1054E+02   .9999999  .0001028 -.0001152
T  850 19 .1519195E+11   1100007E-01  .1625E+02  .1309E+00   .9999999  .0001563 -.0000812
T  851 19 .1519434E+11   1100005E-01 -.7036E-01 -.7406E+01   .9999999  .0000834 -.0001954
T  852 19 .1519227E+11   1100007E-01  .6654E+01  .4687E+01   .9999999  .0000749 -.0000448
T  853 19 .1519192E+11   1100023E-01  .4266E+01 -.4064E+01   .9999999 -.0001555 -.0002081
T  854 19 .1519198E+11   1100016E-01  .5091E+01  .2775E+01   .9999999  .0000654 -.0000322
T  855 19 .1519225E+11   1100018E-01  .7080E+01  .8302E+01   .9999999  .0001856  .0001291
T  856 19 .1519295E+11   1100013E-01 -.1262E+02 -.4148E+01   .9999999 -.0002434 -.0001165
T  857 19 .1519344E+11   1100020E-01 -.9636E+01  .6331E+01   .9999999 -.0001519  .0002411
T  858 19 .1519150E+11   1100012E-01 -.8505E+01 -.5481E+01   .9999999 -.0000944  .0000493
T  859 19 .1519103E+11   1100012E-01 -.2554E+01 -.3498E+01   .9999999  .0000362 -.0000580
T  860 19 .1519244E+11   1100021E-01 -.3136E+01  .6934E+01   .9999999 -.0002594  .0001692
T  861 19 .1519306E+11   1100017E-01 -.4606E+01  .1621E+01   .9999999 -.0000263  .0001387
T  862 19 .1519160E+11   1100015E-01 -.4854E+01 -.8021E+01   .9999999 -.0000293 -.0000874
T  863 19 .1519126E+11   1100009E-01  .4041E+01  .2682E+01   .9999999  .0000548  .0001456
T  864 19 .1519319E+11   1100015E-01  .2201E+02 -.4266E+01   .9999999  .0003223 -.0000910
T  865 19 .1519303E+11   1100017E-01 -.2272E+02  .1401E+02   .9999999 -.0002608  .0001542
T  866 19 .1519159E+11   1100019E-01  .6580E+01 -.1146E+02   .9999999  .0002262  .0000303
T  867 19 .1519376E+11   1100014E-01  .6952E+01 -.4540E+01   .9999999  .0003101 -.0002498
T  868 19 .1519272E+11   1100008E-01  .1301E+01 -.5250E+01   .9999999  .0000083 -.0000818
T  869 19 .1519233E+11   1100003E-01  .2492E+01  .1919E+01   .9999999  .0000503  .0001176
T  870 19 .1519148E+11   1100016E-01  .4700E+01 -.3481E+01   .9999999  .0000136 -.0000775
T  871 19 .1519243E+11   1100016E-01  .4632E+00 -.2956E+01   .9999999  .0000384 -.0000402
T  872 19 .1519227E+11   1100004E-01  .2079E+02  .1164E+02   .9999999  .0002217  .0002595
T  873 19 .1519192E+11   1100021E-01  .1524E+02  .7791E+01   .9999999  .0002515  .0001215
T  874 19 .1519421E+11   1100009E-01  .8401E+00 -.3067E+01   .9999999 -.0000245  .0000080
T  875 19 .1519315E+11   1100001E-01 -.1284E+02 -.1357E+01   .9999999 -.0002732 -.0000707
T  876 19 .1519256E+11   1100021E-01  .8914E+01  .8211E+01   .9999999  .0001745  .0001627
T  877 19 .1519270E+11   1100018E-01  .2202E+01  .3001E+01   .9999999 -.0000817  .0000138
T  878 19 .1519276E+11   1100007E-01  .1439E+02  .2277E+01   .9999999  .0001764 -.0000566
T  879 19 .1519273E+11   1100009E-01 -.6387E+01  .1928E+02   .9999999 -.0001398  .0003093
T  880 19 .1519268E+11   1100021E-01 -.1712E+01 -.9012E+01   .9999999 -.0000736 -.0000577
T  881 19 .1519234E+11   1100014E-01 -.7979E-01  .2144E+00   .9999999  .0000533 -.0000123
T  882 19 .1519297E+11   1100006E-01 -.2855E+02 -.3432E+02   .9999998 -.0003627 -.0005115
T  883 19 .1519399E+11   1100022E-01  .4754E+01  .2320E+01   .9999999 -.0000023 -.0000461
T  884 19 .1519303E+11   1100022E-01 -.9238E+00 -.5442E+01   .9999999  .0000434  .0000032
T  885 19 .1519131E+11   1100015E-01 -.2333E+01 -.1159E+01   .9999999  .0000587 -.0000751
T  886 19 .1519325E+11   1100012E-01 -.1360E+01  .1506E+01   .9999999 -.0000557  .0000031
T  887 19 .1519186E+11   1100017E-01  .9649E+01 -.7810E+01   .9999999  .0002006 -.0001783
T  888 19 .1519168E+11   1100017E-01  .5951E+01 -.5368E+01   .9999999  .0000603  .0000217
T  889 19 .1519281E+11   1100013E-01  .5518E+01  .5657E+01   .9999999  .0002396 -.0000697
T  890 19 .1519384E+11   1100007E-01 -.4111E+02 -.1826E+01   .9999997 -.0007550  .0000373
T  891 19 .1519237E+11   1100003E-01  .9642E+01 -.1426E+02   .9999999  .0001283 -.0001842
T  892 19 .1519205E+11   1100020E-01 -.1572E+02 -.2181E+02   .9999999 -.0002020 -.0003651
T  893 19 .1519181E+11   1100003E-01  .8716E+01 -.1324E+01   .9999999  .0000833 -.0000981
T  894 19 .1519345E+11   1100009E-01  .8044E+01  .1584E+02   .9999999  .0000730  .0001456
T  895 19 .1519386E+11   1100014E-01  .9470E+01 -.5609E+00   .9999999  .0001192 -.0000065
T  896 19 .1519290E+11   1100011E-01 -.2400E+01 -.9574E+01   .9999999 -.0000077 -.0002616
T  897 19 .1519231E+11   1100008E-01  .8171E+01  .6797E+01   .9999999  .0000875  .0000804
T  898 19 .1519299E+11   1100007E-01 -.1131E+01 -.8811E+01   .9999999 -.0001299 -.0000217
T  899 19 .1519171E+11   1100016E-01 -.1128E+02 -.5499E+00   .9999999 -.0001010  .0000173
T  900 19 .1519233E+11   1100007E-01 -.2080E+01  .6392E+01   .9999999 -.0000579  .0000128
T  901 19 .1519161E+11   1100018E-01  .4968E+01  .1051E+02   .9999999 -.0000790  .0001407
T  902 19 .1519260E+11   1100017E-01 -.4930E+01 -.3953E+01   .9999999 -.0000970 -.0001207
T  903 19 .1519311E+11   1100017E-01  .2449E+02 -.4750E+01   .9999999  .0001261 -.0001650
T  904 19 .1519149E+11   1100022E-01  .1304E+01 -.7651E+01   .9999999 -.0000356 -.0001392
T  905 19 .1519238E+11   1100012E-01 -.3349E+02 -.3922E+02   .9999999 -.0002720 -.0004543
T  906 19 .1519347E+11   1100018E-01  .1334E+02 -.4330E+01   .9999999  .0002261 -.0000407
T  907 19 .1519243E+11   1100020E-01  .1393E+02 -.2901E+01   .9999999  .0001192  .0000388
T  908 19 .1519410E+11   1100015E-01 -.7350E+00 -.2184E+01   .9999999 -.0000853  .0000728
T  909 19 .1519285E+11   1100001E-01 -.1132E+02  .5526E+01   .9999999 -.0001411  .0000851
T  910 19 .1519237E+11   1100004E-01 -.4017E+01  .1097E+02   .9999999 -.0000893  .0001938
T  911 19 .1519216E+11   1100003E-01  .6149E+01 -.6611E+01   .9999999  .0000746 -.0000519
T  912 19 .1519284E+11   1100022E-01  .7029E+01  .1721E+01   .9999999  .0001048 -.0000164
T  913 19 .1519221E+11   1100022E-01 -.3851E+01  .4948E+01   .9999999 -.0000693  .0000150
T  914 19 .1519156E+11   1100008E-01  .5923E+01 -.5900E+01   .9999999  .0000850 -.0002020
T  915 19 .1519351E+11   1100016E-01  .7517E+01 -.8041E+01   .9999999  .0002400 -.0000304
T  916 19 .1519218E+11   1100003E-01 -.7996E+00 -.1370E+02   .9999999 -.0000211 -.0002862
T  917 19 .1519171E+11   1100012E-01  .1126E+02 -.5763E+01   .9999999  .0002063 -.0001174
T  918 19 .1519190E+11   1100007E-01 -.7376E+01 -.1402E+02   .9999999 -.0001604 -.0002024
T  919 19 .1519307E+11   1100005E-01  .1350E+01 -.5329E+01   .9999999 -.0000096 -.0001118
T  920 19 .1519316E+11   1100018E-01 -.3218E+01 -.9446E+01   .9999999 -.0000129 -.0001364
T  921 19 .1519371E+11   1100011E-01 -.1399E+02 -.3276E+01   .9999999 -.0000889  .0000095
T  922 19 .1519148E+11   1100021E-01 -.2027E+02 -.1207E+02   .9999999 -.0002627 -.0001387
T  923 19 .1519156E+11   1100011E-01 -.9939E+01  .1441E+02   .9999999 -.0001722  .0003029
T  924 19 .1519285E+11   1100023E-01  .6745E+01 -.1431E+02   .9999999  .0000312 -.0002580
T  925 19 .1519356E+11   1100022E-01  .1946E+01  .2777E+00   .9999999 -.0000968  .0000872
T  926 19 .1519146E+11   1100017E-01  .7099E+01 -.5301E+01   .9999999  .0000259 -.0000875
T  927 19 .1519264E+11   1100004E-01  .1082E+02 -.7642E+01   .9999999  .0002533 -.0000921
T  928 19 .1519177E+11   1100003E-01 -.6523E+01  .3512E+01   .9999999 -.0002169 -.0001098
T  929 19 .1519187E+11   1100010E-01 -.6712E+01  .4641E+01   .9999999 -.0000354  .0000443
T  930 19 .1519275E+11   1100020E-01  .1701E+02 -.5891E+01   .9999999  .0001992 -.0000332
T  931 19 .1519243E+11   1100021E-01 -.2716E+01 -.2069E+01   .9999999 -.0000450 -.0001042
T  932 19 .1519318E+11   1100015E-01 -.5458E+01 -.6900E+01   .9999999 -.0000674 -.0000119
T  933 19 .1519303E+11   1100014E-01 -.1030E+02  .9645E+01   .9999999 -.0002026  .0002206
T  934 19 .1519211E+11   1100015E-01 -.3590E+00 -.1164E+01   .9999999 -.0000082  .0000104
T  935 19 .1519252E+11   1100015E-01 -.1515E+02 -.3193E+01   .9999999 -.0001301 -.0000021
T  936 19 .1519312E+11   1100004E-01 -.1349E+02 -.1567E+01   .9999999 -.0001973 -.0000360
T  937 19 .1519493E+11   1100013E-01 -.1186E+02 -.4169E+01   .9999999 -.0001909 -.0000415
T  938 19 .1519276E+11   1100021E-01 -.1916E+01 -.6255E+01   .9999999 -.0000761 -.0000431
T  939 19 .1519291E+11   1100012E-01  .2417E+02 -.3643E+02   .9999998  .0003670 -.0005100
T  940 19 .1519271E+11   1100016E-01  .6127E+01 -.1882E+02   .9999999  .0000881 -.0002562
T  941 19 .1519355E+11   1100013E-01  .1005E+02  .6238E+01   .9999999  .0001253  .0001500
T  942 19 .1519223E+11   1100016E-01  .4739E+01  .1964E+01   .9999999  .0001411 -.0000582
T  943 19 .1519210E+11   1100015E-01 -.7677E+01  .1234E+02   .9999999 -.0001901  .0002418
T  944 19 .1519278E+11   1100009E-01  .3094E+01 -.1167E+02   .9999999  .0000235 -.0001088
T  945 19 .1519221E+11   1100000E-01  .9171E+01  .2439E+01   .9999999  .0000739  .0002042
T  946 19 .1519336E+11   1100004E-01 -.3931E+01  .6755E+01   .9999999 -.0000374 -.0000277
T  947 19 .1519173E+11   1100018E-01  .1649E+02  .6741E+01   .9999999  .0002955  .0000466
T  948 19 .1519318E+11   1100022E-01  .7795E+01  .1410E+02   .9999999  .0000834  .0002027
T  949 19 .1519199E+11   1100003E-01  .4724E+01 -.6467E+01   .9999999  .0001152 -.0001775
T  950 19 .1519209E+11   1100009E-01  .9180E+01  .9111E+01   .9999999  .0000907  .0000759
T  951 19 .1519278E+11   1100000E-01 -.1578E+02  .6533E+01   .9999999 -.0001920  .0000465
T  952 19 .1519312E+11   1100022E-01  .1677E+02 -.1097E+02   .9999999  .0003299 -.0001789
T  953 19 .1519317E+11   1100003E-01  .1628E+02  .8769E+01   .9999999  .0001851  .0000302
T  954 19 .1519351E+11   1100019E-01  .2627E+00 -.2035E+01   .9999999  .0000277 -.0001555
T  955 19 .1519277E+11   1100007E-01  .4440E+01  .8937E+01   .9999999  .0000829  .0000161
T  956 19 .1519421E+11   1100022E-01 -.7640E+01 -.1100E+02   .9999999 -.0001699 -.0000698
T  957 19 .1519225E+11   1100014E-01 -.7941E+01  .7319E+01   .9999999 -.0000302  .0001617
T  958 19 .1519309E+11   1100002E-01 -.2524E+01 -.8248E+01   .9999999 -.0001183 -.0000916
T  959 19 .1519322E+11   1100000E-01 -.2006E+02  .2310E+01   .9999999 -.0004797  .0001018
T  960 19 .1519215E+11   1100011E-01  .6277E+01 -.9528E+00   .9999999  .0000920  .0000056
T  961 19 .1519300E+11   1100007E-01 -.4821E+01  .6243E+01   .9999999 -.0000395  .0001066
T  962 19 .1519098E+11   1100007E-01  .1037E+02 -.5081E+01   .9999999  .0002121 -.0000854
T  963 19 .1519237E+11   1100017E-01  .2582E+02 -.2227E+02   .9999999  .0004932 -.0001508
T  964 19 .1519112E+11   1100001E-01  .7382E+01 -.5034E+01   .9999999  .0001598 -.0000883
T  965 19 .1519211E+11   1100021E-01  .7036E+01  .1307E+01   .9999999  .0001117  .0000281
T  966 19 .1519305E+11   1100009E-01 -.9156E+00  .1031E+02   .9999999  .0000513  .0002479
T  967 19 .1519100E+11   1100020E-01 -.4254E+01 -.2708E+02   .9999999 -.0000898 -.0003950
T  968 19 .1519381E+11   1100004E-01 -.2818E+01  .7914E+01   .9999999 -.0000407  .0000905
T  969 19 .1519268E+11   1100006E-01  .7315E+00 -.3181E+01   .9999999  .0000328 -.0000756
T  970 19 .1519218E+11   1100004E-01 -.1232E+02  .4110E+01   .9999999 -.0001326 -.0000201
T  971 19 .1519226E+11   1100023E-01  .5269E+01  .2333E+01   .9999999 -.0000877  .0001623
T  972 19 .1519167E+11   1100019E-01 -.7158E+01  .1155E+02   .9999999 -.0002010  .0001435
T  973 19 .1519325E+11   1100008E-01 -.9760E+01  .5554E+01   .9999999 -.0001574  .0000390
T  974 19 .1519279E+11   1100009E-01  .7279E+01  .2352E+02   .9999999  .0000817  .0002143
T  975 19 .1519240E+11   1100006E-01 -.4240E+01  .5927E+01   .9999999 -.0000469  .0000830
T  976 19 .1519410E+11   1100011E-01 -.4665E+01  .3195E+01   .9999999 -.0000981  .0001518
T  977 19 .1519260E+11   1100001E-01  .3668E+01 -.3256E+01   .9999999 -.0000293 -.0000735
T  978 19 .1519256E+11   1100001E-01  .1349E+02  .4104E+01   .9999999  .0001733  .0000977
T  979 19 .1519175E+11   1100019E-01  .1566E+02  .9408E+01   .9999999  .0001684  .0001680
T  980 19 .1519133E+11   1100023E-01 -.4811E+01  .1537E+00   .9999999 -.0000841  .0000450
T  981 19 .1519247E+11   1100016E-01 -.1140E+02  .1169E+02   .9999999 -.0001333  .0001524
T  982 19 .1519095E+11   1100001E-01  .4766E+01  .5499E+00   .9999999  .0000928  .0000654
T  983 19 .1519219E+11   1100020E-01 -.1664E+02  .1093E+02   .9999999 -.0002314  .0001049
T  984 19 .1519308E+11   1100011E-01 -.9087E+01 -.9112E+01   .9999999 -.0001089 -.0003167
T  985 19 .1519166E+11   1100016E-01  .3738E+01 -.1653E+02   .9999999 -.0000196 -.0002712
T  986 19 .1519168E+11   1100009E-01  .4230E+01  .4536E+00   .9999999 -.0000390  .0000284
T  987 19 .1519236E+11   1100002E-01 -.3478E+01  .1899E+01   .9999999 -.0000608  .0000778
T  988 19 .1519169E+11   1100016E-01  .2902E+01 -.7293E+01   .9999999  .0001251 -.0002005
T  989 19 .1519169E+11   1100003E-01  .1096E+02 -.3546E+02   .9999998  .0001291 -.0005497
T  990 19 .1519209E+11   1100012E-01 -.4287E+00 -.4306E+01   .9999999  .0000150 -.0001761
T  991 19 .1519304E+11   1100014E-01  .4781E+01  .2349E+01   .9999999  .0000287  .0000466
T  992 19 .1519392E+11   1100011E-01  .1211E+02 -.4395E+01   .9999999  .0001359  .0000542
T  993 19 .1519317E+11   1100017E-01  .1164E+01 -.1283E+01   .9999999  .0000273 -.0001658
T  994 19 .1519200E+11   1100017E-01 -.4246E+01 -.4453E+01   .9999999 -.0000949 -.0000402
T  995 19 .1519133E+11   1100019E-01  .4471E+01 -.1220E+02   .9999999  .0000571 -.0003462
T  996 19 .1519202E+11   1100006E-01 -.1188E+02  .5094E+01   .9999999 -.0002233 -.0000260
T  997 19 .1519316E+11   1100018E-01  .8162E+01 -.2090E+01   .9999999  .0001156 -.0000527
T  998 19 .1519216E+11   1100008E-01  .6702E+01 -.9531E+00   .9999999  .0001069 -.0000876
T  999 19 .1519283E+11   1100013E-01 -.9977E+01 -.5336E+01   .9999999 -.0001153 -.0001613
T 1000 19 .1519225E+11   1100001E-01 -.2224E+02  .1345E+02   .9999999 -.0004918  .0002037
T 1001 19 .1519335E+11   1100003E-01 -.1032E+02 -.2112E+02   .9999999 -.0001878 -.0002189
T 1002 19 .1519237E+11   1100006E-01  .2996E+01 -.3851E+01   .9999999  .0001717 -.0001572
T 1003 19 .1519330E+11   1100019E-01 -.1230E+02  .2336E+00   .9999999 -.0001860  .0000404
T 1004 19 .1519186E+11   1100009E-01  .2128E+02  .2767E+02   .9999999  .0002805  .0003554
T 1005 19 .1519121E+11   1100016E-01  .2101E+00  .1133E+02   .9999999 -.0001436  .0002720
T 1006 19 .1519346E+11   1100003E-01  .1695E+01  .1018E+02   .9999999 -.0000582  .0001505
T 1007 19 .1519332E+11   1100009E-01 -.1048E+02 -.1253E+02   .9999999 -.0000890 -.0002856
T 1008 19 .1519358E+11   1100015E-01 -.8863E+01  .2750E+01   .9999999 -.0001088 -.0000595
T 1009 19 .1519308E+11   1100018E-01  .7768E+00  .9048E+01   .9999999 -.0000004  .0001183
T 1010 19 .1519344E+11   1100016E-01 -.1265E+01  .1058E+02   .9999999  .0000392  .0002244
T 1011 19 .1519368E+11   1100006E-01  .1175E+02  .8937E+01   .9999999  .0000775  .0001438
T 1012 19 .1519303E+11   1100006E-01 -.1538E+02  .1650E+01   .9999999 -.0002092  .0000320
T 1013 19 .1519315E+11   1100005E-01 -.5605E+00 -.1066E+01   .9999999  .0000792  .0000962
T 1014 19 .1519385E+11   1100013E-01  .1618E+02 -.7762E+01   .9999999  .0001877 -.0000811
T 1015 19 .1519299E+11   1100015E-01 -.8929E+01  .7692E+01   .9999999 -.0001161  .0000031
T 1016 19 .1519261E+11   1100021E-01  .2307E+01 -.1010E+02   .9999999 -.0000244 -.0000667
T 1017 19 .1519312E+11   1100016E-01 -.2489E+01  .7244E+01   .9999999 -.0000435  .0000768
T 1018 19 .1519353E+11   1100020E-01  .1190E+02  .1009E+02   .9999999  .0001504  .0000438
T 1019 19 .1519348E+11   1100010E-01 -.1553E+02  .1425E+00   .9999999  .0001280 -.0001241
T 1020 19 .1519207E+11   1100013E-01  .1668E+02  .4299E+01   .9999999  .0002629  .0000032
T 1021 19 .1519305E+11   1100011E-01 -.4031E+01 -.1464E+02   .9999999 -.0000997 -.0001747
T 1022 19 .1519325E+11   1100020E-01  .3473E+01  .1619E+01   .9999999  .0001243  .0000134
T 1023 19 .1519159E+11   1100013E-01  .7194E+02  .3117E+02   .9999995  .0009170  .0003396
T 1024 19 .1519350E+11   1100010E-01  .2709E+02 -.2474E+02   .9999999  .0002546 -.0002379
T 1025 19 .1519192E+11   1100010E-01 -.9835E+01  .2431E+01   .9999999 -.0001118 -.0000909
T 1026 19 .1519204E+11   1100022E-01  .3310E+01 -.1182E+02   .9999999 -.0000873 -.0001098
T 1027 19 .1519228E+11   1100009E-01  .6966E+01 -.1916E+01   .9999999  .0001555  .0000476
T 1028 19 .1519174E+11   1100012E-01 -.6947E+01  .4579E+01   .9999999 -.0001189  .0000661
T 1029 19 .1519228E+11   1100000E-01 -.3717E+01 -.8806E+01   .9999999 -.0001083 -.0002505
T 1030 19 .1519250E+11   1100016E-01 -.1389E+01  .1015E+01   .9999999 -.0000438  .0000167
T 1031 19 .1519200E+11   1100017E-01 -.1091E+01  .5659E+01   .9999999  .0000516  .0000037
T 1032 19 .1519310E+11   1100009E-01  .3293E+01  .2738E+01   .9999999  .0000421  .0001619
T 1033 19 .1519295E+11   1100005E-01 -.1955E+02  .5457E+00   .9999999 -.0002066  .0000202
T 1034 19 .1519213E+11   1100005E-01  .7896E+01  .9436E+01   .9999999  .0001241  .0001369
T 1035 19 .1519317E+11   1100011E-01  .2967E-01  .1656E+01   .9999999  .0000278  .0000235
T 1036 19 .1519221E+11   1100020E-01  .1446E+01 -.2221E+01   .9999999  .0001385  .0000299
T 1037 19 .1519342E+11   1100015E-01 -.1066E+02 -.1612E+02   .9999999 -.0001336 -.0000192
T 1038 19 .1519312E+11   1100012E-01  .4038E+01  .1057E+02   .9999999  .0000702  .0002124
T 1039 19 .1519185E+11   1100008E-01  .4147E+01 -.1179E+02   .9999999  .0000321 -.0001338
T 1040 19 .1519245E+11   1100004E-01  .5144E+01  .4276E+01   .9999999  .0000499  .0000279
T 1041 19 .1519217E+11   1100006E-01  .1960E+01  .6253E+01   .9999999 -.0000989 -.0000156
T 1042 19 .1519360E+11   1100016E-01 -.2462E+01  .7636E+01   .9999999 -.0000104  .0001223
T 1043 19 .1519217E+11   1100016E-01  .4431E+01 -.4288E+01   .9999999  .0001002 -.0000477
T 1044 19 .1519151E+11   1100017E-01  .9121E+00 -.3652E+01   .9999999  .0000710  .0000376
T 1045 19 .1519325E+11   1100006E-01  .1327E+02 -.2230E+01   .9999999  .0000722  .0000364
T 1046 19 .1519357E+11   1100022E-01  .1865E+01  .2275E+01   .9999999 -.0000512 -.0000164
T 1047 19 .1519229E+11   1100000E-01  .8817E+01 -.2683E+01   .9999999  .0001433  .0000068
T 1048 19 .1519219E+11   1100014E-01  .1689E+01 -.1059E+01   .9999999  .0000955 -.0000757
T 1049 19 .1519192E+11   1100016E-01 -.3578E+01  .1650E+01   .9999999 -.0000607  .0000009
T 1050 19 .1519240E+11   1100015E-01 -.7639E+01  .8635E+01   .9999999 -.0002020  .0001681
T 1051 19 .1519262E+11   1100008E-01 -.6858E+01 -.4443E+01   .9999999 -.0001816 -.0001399
T 1052 19 .1519150E+11   1100020E-01  .4967E+01  .1772E+00   .9999999  .0000430  .0000025
T 1053 19 .1519195E+11   1100004E-01  .4559E+01  .1161E+02   .9999999  .0000275  .0000952
T 1054 19 .1519242E+11   1100018E-01  .1072E+02  .5687E+01   .9999999  .0001473  .0000495
T 1055 19 .1519223E+11   1100011E-01 -.6611E+01  .1417E+01   .9999999 -.0000042  .0001024
T 1056 19 .1519238E+11   1100007E-01 -.8190E+01 -.9363E+01   .9999999 -.0000701 -.0001306
T 1057 19 .1519266E+11   1100020E-01  .4382E+01  .7320E+01   .9999999  .0000316  .0001296
T 1058 19 .1519293E+11   1100008E-01  .4714E+01  .2594E+01   .9999999  .0000555  .0000515
T 1059 19 .1519484E+11   1100003E-01 -.1338E+01 -.8640E+01   .9999999  .0000812 -.0000859
T 1060 19 .1519226E+11   1100007E-01  .7985E+01 -.3063E+01   .9999999  .0001224 -.0001096
T 1061 19 .1519256E+11   1100022E-01 -.4044E+01  .4960E+01   .9999999 -.0000542  .0000547
T 1062 19 .1519135E+11   1100022E-01 -.2282E+02 -.1396E+02   .9999999 -.0002523 -.0001457
T 1063 19 .1519284E+11   1100022E-01  .1829E+01  .4235E+01   .9999999 -.0000380  .0000753
T 1064 19 .1519130E+11   1100004E-01  .9638E+01 -.4926E+01   .9999999  .0001020 -.0000616
T 1065 19 .1519189E+11   1100020E-01 -.1241E+02 -.1820E+02   .9999999 -.0002369 -.0003544
T 1066 19 .1519220E+11   1100008E-01  .4666E+01  .9113E+00   .9999999  .0000235 -.0000398
T 1067 19 .1519281E+11   1100012E-01 -.1846E+02 -.1324E+01   .9999999 -.0002930 -.0000657
T 1068 19 .1519207E+11   1100013E-01  .3622E+01  .5658E+01   .9999999  .0000563  .0001070
T 1069 19 .1519292E+11   1100014E-01  .4695E+01  .4323E+01   .9999999  .0000876 -.0000251
T 1070 19 .1519406E+11   1100004E-01  .6981E+01 -.9556E+01   .9999999  .0000417 -.0000300
T 1071 19 .1519181E+11   1100001E-01 -.6220E+01  .2448E+01   .9999999 -.0000679  .0000265
T 1072 19 .1519255E+11   1100010E-01  .6014E+01  .3239E+01   .9999999 -.0000624  .0001256
T 1073 19 .1519082E+11   1100021E-01 -.1516E+02 -.7382E+01   .9999999 -.0003197 -.0001687
T 1074 19 .1519329E+11   1100011E-01 -.9802E+01  .3089E+01   .9999999 -.0002387  .0000472
T 1075 19 .1519203E+11   1100003E-01  .7800E+01 -.8869E-01   .9999999  .0001705  .0000814
T 1076 19 .1519189E+11   1100013E-01 -.5775E+01 -.1147E+02   .9999999 -.0001257 -.0002069
T 1077 19 .1519220E+11   1100008E-01  .3271E+01 -.4492E+01   .9999999  .0000490  .0000093
T 1078 19 .1519338E+11   1100013E-01 -.3662E+00 -.1098E+02   .9999999 -.0000545 -.0002026
T 1079 19 .1519369E+11   1100012E-01 -.5672E+01  .4396E+01   .9999999 -.0000374  .0000500
T 1080 19 .1519270E+11   1100004E-01 -.8838E+00  .1396E+01   .9999999 -.0000500  .0000081
T 1081 19 .1519246E+11   1100006E-01  .4592E+01  .1946E+02   .9999999  .0000392  .0004267
T 1082 19 .1519091E+11   1100004E-01  .1284E+01  .1285E+02   .9999999  .0000401  .0002042
T 1083 19 .1519252E+11   1100014E-01  .7756E+01 -.1210E+02   .9999999  .0001625 -.0002161
T 1084 19 .1519298E+11   1100001E-01  .6434E+01  .9223E+01   .9999999  .0000834  .0001818
T 1085 19 .1519395E+11   1100020E-01 -.9085E+01  .2222E+01   .9999999 -.0000915  .0000365
T 1086 19 .1519161E+11   1100000E-01 -.7420E+00 -.1723E+02   .9999999 -.0000701 -.0002720
T 1087 19 .1519261E+11   1100021E-01  .2157E+01 -.2218E+01   .9999999  .0000019 -.0001221
T 1088 19 .1519344E+11   1100022E-01 -.1001E+02  .4692E+00   .9999999  .0000148  .0000716
T 1089 19 .1519351E+11   1100007E-01 -.4229E+01 -.2490E+02   .9999999 -.0000821 -.0003974
T 1090 19 .1519027E+11   1100000E-01 -.2403E+01  .2303E+01   .9999999  .0000299 -.0000895
T 1091 19 .1519223E+11   1100004E-01  .1623E+02  .3245E+01   .9999999  .0002940 -.0000043
T 1092 19 .1519350E+11   1100018E-01  .5557E+01 -.2415E+01   .9999999  .0001513 -.0000454
T 1093 19 .1519082E+11   1100019E-01 -.2128E+02 -.8626E+01   .9999999 -.0001951 -.0000696
T 1094 19 .1519220E+11   1100022E-01  .8935E+00 -.1143E+02   .9999999  .0001439 -.0002529
T 1095 19 .1519305E+11   1100004E-01  .3083E+01  .1035E+02   .9999999  .0001360  .0001367
T 1096 19 .1519213E+11   1100017E-01 -.7807E+01 -.1298E+02   .9999999 -.0000772 -.0001998
T 1097 19 .1519194E+11   1100018E-01  .3993E+01  .2314E+01   .9999999  .0000707  .0001442
T 1098 19 .1519247E+11   1100023E-01 -.8133E+01 -.4818E+01   .9999999 -.0000947 -.0000698
T 1099 19 .1519228E+11   1100016E-01  .7380E+01  .1232E+02   .9999999  .0000907  .0001894
T 1100 19 .1519322E+11   1100001E-01 -.2296E+01 -.1419E+02   .9999999 -.0000149 -.0002619
T 1101 19 .1519352E+11   1100001E-01 -.6682E+00 -.8563E+00   .9999999 -.0000340  .0000054
T 1102 19 .1519178E+11   1100009E-01  .6068E+01 -.1061E+02   .9999999  .0001096 -.0002695
T 1103 19 .1519288E+11   1100003E-01  .3664E+01 -.9163E+01   .9999999 -.0000273 -.0002300
T 1104 19 .1519215E+11   1100023E-01  .1060E+02  .7364E+00   .9999999  .0001348  .0000736
T 1105 19 .1519191E+11   1100004E-01  .4907E+01  .2941E+01   .9999999  .0000609  .0000739
T 1106 19 .1519158E+11   1100018E-01 -.1503E+01 -.9465E+01   .9999999 -.0000314 -.0002621
T 1107 19 .1519259E+11   1100022E-01 -.1071E+02  .7579E+01   .9999999 -.0001355  .0002217
T 1108 19 .1519264E+11   1100007E-01 -.4848E+01 -.1186E+02   .9999999 -.0000466 -.0002448
T 1109 19 .1519206E+11   1100020E-01  .1204E+01 -.3379E+01   .9999999  .0000687  .0000259
T 1110 19 .1519127E+11   1100015E-01  .3894E+01 -.6217E+01   .9999999  .0000379 -.0002191
T 1111 19 .1519223E+11   1100003E-01 -.1260E+02 -.2121E+02   .9999999 -.0000966 -.0002244
T 1112 19 .1519109E+11   1100006E-01  .7630E+01 -.2888E+01   .9999999  .0000627  .0000568
T 1113 19 .1519336E+11   1100007E-01  .7633E+01 -.8097E+01   .9999999  .0001001 -.0002032
T 1114 19 .1519197E+11   1100023E-01 -.2121E+01  .9384E+00   .9999999  .0000498  .0000984
T 1115 19 .1519150E+11   1100010E-01 -.9390E+01  .2506E+01   .9999999 -.0000162 -.0000585
T 1116 19 .1519222E+11   1100011E-01  .1556E+02 -.7153E+01   .9999999  .0001775 -.0000010
T 1117 19 .1519253E+11   1100015E-01  .5013E+01 -.7057E+01   .9999999  .0001907 -.0000990
T 1118 19 .1519395E+11   1100006E-01 -.5772E+01 -.5187E+00   .9999999  .0000442 -.0000881
T 1119 19 .1519350E+11   1100001E-01  .9320E+00 -.2399E+01   .9999999  .0000478 -.0000893
T 1120 19 .1519227E+11   1100006E-01  .5173E+01 -.8007E+01   .9999999 -.0000645 -.0003301
T 1121 19 .1519273E+11   1100012E-01  .3331E+01  .3302E+01   .9999999  .0000586  .0000410
T 1122 19 .1519280E+11   1100019E-01 -.2120E+02  .9840E+01   .9999999 -.0004439  .0001850
T 1123 19 .1519200E+11   1100006E-01  .9318E-01 -.9801E+00   .9999999 -.0000444 -.0000196
T 1124 19 .1519343E+11   1100013E-01  .1633E+02 -.6860E+01   .9999999  .0002345 -.0001193
T 1125 19 .1519381E+11   1100018E-01 -.2761E+02 -.5425E+01   .9999999 -.0002695 -.0000893
T 1126 19 .1519418E+11   1100011E-01  .1968E+01  .5957E+01   .9999999  .0001357  .0000135
T 1127 19 .1519353E+11   1100016E-01 -.5144E+01 -.9473E+01   .9999999 -.0000377 -.0002170
T 1128 19 .1519309E+11   1100006E-01  .5047E+01  .1399E+01   .9999999  .0001533 -.0000082
T 1129 19 .1519248E+11   1100022E-01  .4215E+01 -.4718E+00   .9999999  .0000894 -.0000216
T 1130 19 .1519208E+11   1100018E-01  .2448E+01 -.1080E+01   .9999999  .0000209 -.0000135
T 1131 19 .1519339E+11   1100015E-01 -.3107E+01  .5711E+01   .9999999 -.0000880  .0000097
T 1132 19 .1519444E+11   1100003E-01 -.2405E+01  .2487E+01   .9999999 -.0000915 -.0001978
T 1133 19 .1519324E+11   1100013E-01  .2032E+01 -.1376E+01   .9999999 -.0000007 -.0000624
T 1134 19 .1519341E+11   1100018E-01 -.6191E+01 -.1351E+02   .9999999 -.0000700 -.0001030
T 1135 19 .1519255E+11   1100013E-01  .4925E+01 -.9303E+01   .9999999  .0002075 -.0000629
T 1136 19 .1519170E+11   1100013E-01 -.1407E+01 -.4651E+01   .9999999 -.0000335 -.0001447
T 1137 19 .1519328E+11   1100013E-01  .3896E+00  .3764E+01   .9999999  .0000737  .0001524
T 1138 19 .1519391E+11   1100022E-01  .1298E+02 -.3634E+01   .9999999  .0002236 -.0000927
T 1139 19 .1519147E+11   1100019E-01 -.9735E+01  .1207E+02   .9999999 -.0001894  .0002597
T 1140 19 .1519196E+11   1100004E-01  .2579E+02 -.2368E+01   .9999999  .0003296 -.0000963
T 1141 19 .1519317E+11   1100020E-01  .1969E+01  .7819E+01   .9999999 -.0000022  .0001399
T 1142 19 .1519133E+11   1100016E-01  .2605E+01 -.3965E+01   .9999999 -.0000274 -.0000708
T 1143 19 .1519310E+11   1100009E-01  .2215E+01  .3133E+02   .9999999  .0000808  .0003425
T 1144 19 .1519445E+11   1100010E-01 -.1714E+02 -.4531E+01   .9999999 -.0002029 -.0000858
T 1145 19 .1519108E+11   1100016E-01  .1052E+02 -.1096E+02   .9999999  .0000894 -.0001376
T 1146 19 .1519173E+11   1100001E-01  .2541E+01 -.9205E+01   .9999999  .0001672 -.0002003
T 1147 19 .1519237E+11   1100008E-01 -.1468E+01  .1963E+02   .9999999 -.0000456  .0002988
T 1148 19 .1519460E+11   1100018E-01 -.8020E+01  .8479E+00   .9999999 -.0000890  .0000310
T 1149 19 .1519129E+11   1100016E-01 -.9169E+00  .1161E+01   .9999999 -.0000437 -.0000324
T 1150 19 .1519338E+11   1100022E-01 -.3579E+00  .4969E+01   .9999999  .0000501  .0002514
T 1151 19 .1519194E+11   1100014E-01  .2569E+01  .4482E+01   .9999999  .0000267  .0001935
T 1152 19 .1519255E+11   1100021E-01 -.4261E+01  .3575E+01   .9999999 -.0001934  .0000172
T 1153 19 .1519374E+11   1100019E-01 -.8547E+01  .2310E+01   .9999999 -.0001233  .0000380
T 1154 19 .1519359E+11   1100015E-01 -.3786E+02 -.7934E+01   .9999999 -.0003737  .0000297
T 1155 19 .1519226E+11   1100008E-01  .2094E+01 -.7291E+00   .9999999  .0000507 -.0000219
T 1156 19 .1519378E+11   1100021E-01  .3447E+01  .1432E+01   .9999999 -.0000143  .0000046
T 1157 19 .1519224E+11   1100007E-01 -.3649E+01  .3959E+01   .9999999 -.0000786  .0000857
T 1158 19 .1519316E+11   1100010E-01  .9542E+01 -.5930E+00   .9999999  .0000211  .0000513
T 1159 19 .1519334E+11   1100002E-01  .2781E+01  .1940E+02   .9999999  .0001491  .0002750
T 1160 19 .1519335E+11   1100020E-01  .1832E+01 -.3580E+01   .9999999  .0000358 -.0000435
T 1161 19 .1519206E+11   1100014E-01 -.2614E+01  .2017E+01   .9999999 -.0000188  .0002583
T 1162 19 .1519352E+11   1100016E-01  .5931E+01 -.1311E+01   .9999999  .0001086 -.0001362
T 1163 19 .1519237E+11   1100017E-01 -.4005E+01 -.1863E+01   .9999999  .0002048  .0002142
T 1164 19 .1519262E+11   1100009E-01 -.1949E+02  .4049E+01   .9999999 -.0002592  .0000953
T 1165 19 .1519390E+11   1100010E-01 -.8462E+01 -.1364E+02   .9999999 -.0001805 -.0001553
T 1166 19 .1519267E+11   1100008E-01 -.4048E+01  .3987E+01   .9999999 -.0001807  .0000964
T 1167 19 .1519351E+11   1100020E-01 -.5658E+01 -.2380E+01   .9999999 -.0000798  .0000015
T 1168 19 .1519187E+11   1100022E-01 -.1091E+02 -.9965E+00   .9999999 -.0002373  .0000108
T 1169 19 .1519357E+11   1100009E-01 -.3148E+01  .8025E+01   .9999999 -.0000733  .0000908
T 1170 19 .1519226E+11   1100005E-01  .7626E+01  .1045E+01   .9999999  .0000291 -.0001007
T 1171 19 .1519297E+11   1100013E-01  .1443E+01 -.7843E+01   .9999999  .0000456 -.0001846
T 1172 19 .1519313E+11   1100015E-01 -.3346E+01  .5565E+01   .9999999 -.0000155  .0002077
T 1173 19 .1519286E+11   1100011E-01  .4298E+01  .1219E+02   .9999999  .0000829  .0000657
T 1174 19 .1519296E+11   1100015E-01 -.8831E+01 -.8079E+01   .9999999 -.0001674 -.0001483
T 1175 19 .1519301E+11   1100003E-01  .6970E+01  .2128E+01   .9999999  .0000419 -.0001706
T 1176 19 .1519303E+11   1100015E-01 -.9153E+01  .6706E+01   .9999999 -.0000795  .0000954
T 1177 19 .1519232E+11   1100020E-01  .1393E+02 -.1933E+01   .9999999  .0002199  .0001268
T 1178 19 .1519295E+11   1100012E-01  .8252E+00 -.4486E+01   .9999999 -.0000874 -.0000971
T 1179 19 .1519308E+11   1100017E-01  .4316E+01  .1469E+01   .9999999 -.0000158 -.0000114
T 1180 19 .1519357E+11   1100018E-01 -.8231E+00  .1056E+02   .9999999 -.0001370  .0002085
T 1181 19 .1519300E+11   1100020E-01 -.3670E+00  .6061E+01   .9999999  .0000074  .0001736
T 1182 19 .1519244E+11   1100009E-01 -.6928E+01 -.5060E+01   .9999999  .0000527 -.0002423
T 1183 19 .1519356E+11   1100011E-01 -.9139E+01 -.4397E+01   .9999999 -.0001271 -.0001520
T 1184 19 .1519293E+11   1100023E-01  .1528E+01 -.1838E+00   .9999999 -.0000130  .0000089
T 1185 19 .1519282E+11   1100018E-01  .2541E+01  .7009E+01   .9999999 -.0000145  .0001929
T 1186 19 .1519276E+11   1100020E-01 -.2576E+01  .1085E+02   .9999999 -.0000443  .0000820
T 1187 19 .1519200E+11   1100021E-01 -.1567E+02 -.3668E+00   .9999999 -.0002184 -.0000006
T 1188 19 .1519300E+11   1100020E-01 -.4211E+01  .5416E+01   .9999999 -.0000862  .0002485
T 1189 19 .1519219E+11   1100014E-01  .4577E+01 -.1305E+02   .9999999  .0001115 -.0001526
T 1190 19 .1519282E+11   1100012E-01 -.5973E+01  .1190E+00   .9999999 -.0000749  .0000684
T 1191 19 .1519239E+11   1100006E-01  .2375E+01 -.3055E+01   .9999999 -.0000410 -.0000940
T 1192 19 .1519419E+11   1100009E-01 -.8672E+01  .1649E+02   .9999999 -.0002005  .0003756
T 1193 19 .1519192E+11   1100007E-01 -.5587E-01  .6012E+01   .9999999 -.0000528  .0001688
T 1194 19 .1519284E+11   1100022E-01  .2490E+01  .3968E+01   .9999999  .0000303 -.0000534
T 1195 19 .1519227E+11   1100014E-01 -.1452E+02  .6006E+01   .9999999 -.0002276  .0001297
T 1196 19 .1519405E+11   1100002E-01  .9551E+01  .2389E+01   .9999999  .0000994 -.0000306
T 1197 19 .1519419E+11   1100015E-01  .1457E+01 -.2484E+01   .9999999 -.0000893 -.0000973
T 1198 19 .1519274E+11   1100010E-01  .3253E+01  .6685E+00   .9999999 -.0000382  .0000211
T 1199 19 .1519248E+11   1100007E-01 -.1245E+02 -.4802E+01   .9999999 -.0001247 -.0000627
T 1200 19 .1519302E+11   1100004E-01  .5078E+01  .5978E+01   .9999999  .0001041  .0000211
T 1201 19 .1519226E+11   1100001E-01 -.1437E+02  .1707E+01   .9999999 -.0001751 -.0000064
T 1202 19 .1519245E+11   1100004E-01  .1287E+02 -.6565E+01   .9999999  .0001697 -.0001323
T 1203 19 .1519240E+11   1100011E-01  .1704E+01  .2987E+01   .9999999 -.0000289  .0001776
T 1204 19 .1519241E+11   1100021E-01  .1364E+02 -.1514E+00   .9999999  .0001419  .0000077
T 1205 19 .1519299E+11   1100014E-01  .7617E+01  .7805E+01   .9999999  .0000525  .0000827
T 1206 19 .1519423E+11   1100020E-01  .3494E+01 -.1034E+02   .9999999 -.0000043 -.0002268
T 1207 19 .1519220E+11   1100022E-01  .1058E+01 -.1401E+02   .9999999 -.0001112 -.0001997
T 1208 19 .1519299E+11   1100006E-01 -.5193E+01 -.1093E+02   .9999999 -.0001243 -.0000923
T 1209 19 .1519361E+11   1100009E-01 -.5696E-01 -.7134E+01   .9999999 -.0000058 -.0001122
T 1210 19 .1519222E+11   1100016E-01  .8917E+01 -.6030E+01   .9999999  .0002324 -.0000310
T 1211 19 .1519225E+11   1100018E-01 -.3814E+01  .5774E+00   .9999999 -.0001340 -.0000175
T 1212 19 .1519225E+11   1100013E-01 -.1006E+02 -.1374E+02   .9999999 -.0000570 -.0001206
T 1213 19 .1519200E+11   1100021E-01 -.5636E+01  .7199E+01   .9999999 -.0000878  .0001461
T 1214 19 .1519298E+11   1100001E-01  .4571E+01 -.7344E+01   .9999999  .0001525 -.0001233
T 1215 19 .1519308E+11   1100021E-01 -.2293E+01  .4082E+01   .9999999 -.0000367  .0001462
T 1216 19 .1519157E+11   1100000E-01  .1190E+02  .4283E+01   .9999999  .0001789  .0001269
T 1217 19 .1519329E+11   1100021E-01  .1181E+02 -.8240E+01   .9999998  .0005636 -.0001193
T 1218 19 .1519187E+11   1100007E-01 -.3000E+01 -.4745E+01   .9999999 -.0000651 -.0000151
T 1219 19 .1519294E+11   1100014E-01  .7649E+01  .1534E+02   .9999999  .0001274  .0002009
T 1220 19 .1519296E+11   1100016E-01  .6732E+01  .1217E+02   .9999999  .0000766  .0001226
T 1221 19 .1519298E+11   1100013E-01 -.2989E+01  .6087E+01   .9999999  .0000728  .0001185
T 1222 19 .1519167E+11   1100006E-01 -.6209E+01 -.2699E+02   .9999999 -.0001631 -.0002108
T 1223 19 .1519308E+11   1100004E-01  .7007E+00  .9434E+00   .9999999  .0000372 -.0000441
T 1224 19 .1519387E+11   1100004E-01  .1832E+02  .1063E+01   .9999999  .0002215  .0000148
T 1225 19 .1519265E+11   1100012E-01 -.4295E+01  .1476E+01   .9999999 -.0001323  .0000990
T 1226 19 .1519176E+11   1100010E-01  .3289E+01 -.5267E+01   .9999999 -.0000165 -.0000312
T 1227 19 .1519221E+11   1100015E-01 -.5070E+01 -.1050E+02   .9999999  .0001121  .0000834
T 1228 19 .1519348E+11   1100003E-01 -.6963E+00 -.9046E+00   .9999999  .0000869  .0000139
T 1229 19 .1519212E+11   1100014E-01  .1319E+02  .5813E+01   .9999999  .0002352  .0000112
T 1230 19 .1519271E+11   1100022E-01 -.3079E+00 -.3083E+01   .9999999 -.0000105 -.0000962
T 1231 19 .1519223E+11   1100020E-01 -.2514E+01  .1505E+00   .9999999 -.0000149  .0000644
T 1232 19 .1519157E+11   1100004E-01  .1299E+02  .1010E+02   .9999999  .0000754  .0001055
T 1233 19 .1519309E+11   1100019E-01 -.3547E+01 -.8895E+00   .9999999 -.0000399 -.0002072
T 1234 19 .1519276E+11   1100007E-01  .1824E+03  .1501E+03   .9999967  .0019301  .0016822
T 1235 19 .1519278E+11   1100009E-01 -.8315E+01  .2475E+01   .9999999 -.0001933  .0000153
T 1236 19 .1519324E+11   1100003E-01  .9921E+01 -.4496E+01   .9999999  .0001418  .0000219
T 1237 19 .1519377E+11   1100011E-01 -.5700E+01  .5528E+01   .9999999 -.0001035  .0000874
T 1238 19 .1519288E+11   1100013E-01 -.1681E+01  .6845E+00   .9999999 -.0000796 -.0001338
T 1239 19 .1519152E+11   1100020E-01  .5176E+00 -.3792E+01   .9999999 -.0000916 -.0000474
T 1240 19 .1519242E+11   1100022E-01  .8982E+00 -.1592E+01   .9999999 -.0000294 -.0000478
T 1241 19 .1519204E+11   1100016E-01 -.1230E+01 -.1153E+02   .9999999  .0000240 -.0001541
T 1242 19 .1519287E+11   1100023E-01  .8520E+00 -.1098E+02   .9999999  .0000736 -.0000962
T 1243 19 .1519342E+11   1100019E-01 -.1199E+02 -.7186E+01   .9999999 -.0001532 -.0000331
T 1244 19 .1519289E+11   1100018E-01  .3336E+01  .3220E+00   .9999999  .0000155 -.0000361
T 1245 19 .1519214E+11   1100019E-01 -.1109E+02 -.6633E+01   .9999999 -.0001656 -.0001027
T 1246 19 .1519391E+11   1100013E-01 -.1040E+01 -.8422E+01   .9999999  .0000439 -.0001249
T 1247 19 .1519271E+11   1100019E-01  .6620E+01 -.1815E+00   .9999999  .0000507 -.0000116
T 1248 19 .1519161E+11   1100004E-01  .2533E+01 -.7115E+01   .9999999 -.0000324 -.0001148
T 1249 19 .1519291E+11   1100022E-01 -.1773E+02  .1986E+01   .9999999 -.0002371  .0000011
T 1250 19 .1519427E+11   1100012E-01 -.1477E+01  .4476E+01   .9999999 -.0001556  .0002687
T 1251 19 .1519240E+11   1100006E-01  .8826E+00  .1976E+01   .9999999  .0000391  .0000101
T 1252 19 .1519210E+11   1100016E-01 -.5291E+01  .2896E+02   .9999999 -.0000700  .0004354
T 1253 19 .1519172E+11   1100002E-01 -.4623E+01 -.2554E+00   .9999999 -.0001327  .0001180
T 1254 19 .1519150E+11   1100010E-01 -.1500E+01  .3885E+01   .9999999  .0000249  .0001575
T 1255 19 .1519260E+11   1100002E-01 -.9421E-01  .1379E+01   .9999999  .0000250  .0000204
T 1256 19 .1519181E+11   1100006E-01  .2751E+01 -.5592E+01   .9999999 -.0000257 -.0000473
T 1257 19 .1519324E+11   1100009E-01  .7330E+01 -.8478E+01   .9999999  .0002647 -.0001609
T 1258 19 .1519258E+11   1100002E-01 -.1079E+02 -.3263E+02   .9999998 -.0002753 -.0005425
T 1259 19 .1519222E+11   1100013E-01 -.1112E+02  .1000E+02   .9999999 -.0001520  .0000944
T 1260 19 .1519200E+11   1100003E-01  .7955E+01  .6602E+01   .9999999 -.0000117  .0001166
T 1261 19 .1519224E+11   1100016E-01  .5382E+01  .3404E+01   .9999999  .0000441  .0001654
T 1262 19 .1519441E+11   1100009E-01  .2535E+01 -.1015E+02   .9999999  .0000149 -.0000781
T 1263 19 .1519240E+11   1100011E-01 -.6398E+01  .8237E+01   .9999999 -.0002170 -.0000117
T 1264 19 .1519227E+11   1100019E-01 -.2278E+01 -.2500E+02   .9999999  .0000541 -.0004026
T 1265 19 .1519235E+11   1100016E-01 -.1284E+02  .2616E+01   .9999999 -.0003544  .0001406
T 1266 19 .1519310E+11   1100015E-01  .1134E+02  .1458E+02   .9999999  .0002333  .0003217
T 1267 19 .1519285E+11   1100021E-01 -.8196E+01  .5094E+01   .9999999 -.0001464  .0001496
T 1268 19 .1519129E+11   1100000E-01 -.8933E+01 -.4597E+00   .9999999 -.0002430 -.0000848
T 1269 19 .1519244E+11   1100022E-01  .5338E+00 -.5027E+01   .9999999 -.0000320 -.0000567
T 1270 19 .1519265E+11   1100007E-01  .7810E+01  .1263E+02   .9999999  .0002782  .0002636
T 1271 19 .1519302E+11   1100016E-01 -.6504E+01  .5703E+01   .9999999 -.0000351  .0001128
T 1272 19 .1519254E+11   1100019E-01 -.3401E+02  .1253E+02   .9999999 -.0004637  .0002170
T 1273 19 .1519336E+11   1100019E-01 -.5926E+01 -.1910E+02   .9999999 -.0000071 -.0001859
T 1274 19 .1519310E+11   1100020E-01  .5989E+01 -.2572E+00   .9999999  .0001809 -.0000118
T 1275 19 .1519254E+11   1100013E-01 -.1036E+01  .2219E+01   .9999999  .0000339  .0000158
T 1276 19 .1519340E+11   1100015E-01  .5585E+01 -.2504E+01   .9999999  .0000815  .0000123
T 1277 19 .1519292E+11   1100007E-01  .3034E+01  .1845E+02   .9999999  .0000394  .0002628
T 1278 19 .1519259E+11   1100022E-01 -.3442E+01 -.8465E+01   .9999999 -.0000591 -.0001538
T 1279 19 .1519355E+11   1100015E-01  .1422E+02  .8316E+01   .9999999  .0002757  .0001319
T 1280 19 .1519329E+11   1100016E-01 -.5678E+01 -.4716E+00   .9999999 -.0000596  .0000662
T 1281 19 .1519279E+11   1100006E-01  .3554E+01  .7325E+01   .9999999 -.0000703  .0000602
T 1282 19 .1519201E+11   1100014E-01  .2842E+01 -.5782E+01   .9999999  .0000167 -.0001170
T 1283 19 .1519111E+11   1100022E-01 -.2516E+01  .4086E+01   .9999999  .0000192  .0000584
T 1284 19 .1519326E+11   1100001E-01 -.3361E+00 -.3055E+01   .9999999  .0000384 -.0000771
T 1285 19 .1519269E+11   1100006E-01 -.7385E+01 -.2126E+00   .9999999 -.0001186 -.0000077
T 1286 19 .1519209E+11   1100004E-01 -.1983E+01 -.9285E+01   .9999999 -.0001383 -.0001820
T 1287 19 .1519307E+11   1100021E-01 -.1025E+02 -.2113E+01   .9999999 -.0000793  .0000290
T 1288 19 .1519373E+11   1100004E-01 -.8491E+01 -.7649E+01   .9999999 -.0001015 -.0002045
T 1289 19 .1519179E+11   1100015E-01 -.1082E+02  .2334E+01   .9999999 -.0001251  .0000614
T 1290 19 .1519190E+11   1100019E-01 -.3101E+01  .1484E+02   .9999999 -.0000228  .0002603
T 1291 19 .1519169E+11   1100013E-01 -.1038E+01 -.2593E+01   .9999999 -.0000852 -.0000763
T 1292 19 .1519248E+11   1100013E-01 -.8995E+01  .2116E+01   .9999999 -.0001655 -.0001522
T 1293 19 .1519141E+11   1100020E-01  .6404E+00  .1336E+02   .9999999 -.0000756  .0001426
T 1294 19 .1519330E+11   1100003E-01 -.7732E+01 -.3763E+01   .9999999 -.0001484 -.0000145
T 1295 19 .1519309E+11   1100008E-01  .9154E+01  .5089E+01   .9999999  .0000834  .0001298
T 1296 19 .1519252E+11   1100010E-01  .2845E+01 -.2968E+01   .9999999  .0001111 -.0000381
T 1297 19 .1519171E+11   1100001E-01 -.2018E+02  .5971E+01   .9999999 -.0002514  .0000626
T 1298 19 .1519341E+11   1100001E-01 -.1155E+02  .4277E+01   .9999999 -.0001746  .0000736
T 1299 19 .1519195E+11   1100017E-01  .7646E+01  .2411E+01   .9999999  .0000753 -.0000014
T 1300 19 .1519352E+11   1100018E-01  .9844E+01  .8022E+01   .9999999  .0001059  .0000453
T 1301 19 .1519350E+11   1100014E-01  .3460E+01  .6278E+01   .9999999  .0000401  .0001073
T 1302 19 .1519332E+11   1100002E-01 -.2329E+01  .8643E+01   .9999999 -.0000867 -.0000230
T 1303 19 .1519332E+11   1100016E-01 -.1359E+02  .1753E+01   .9999999 -.0002393  .0000875
T 1304 19 .1519243E+11   1100015E-01 -.4937E+01  .1259E+02   .9999999 -.0000343  .0002435
T 1305 19 .1519332E+11   1100012E-01  .2864E+01 -.9925E+01   .9999999 -.0000666 -.0001290
T 1306 19 .1519167E+11   1100018E-01  .1486E+02  .1001E+02   .9999999  .0001860  .0001505
T 1307 19 .1519246E+11   1100022E-01 -.3064E+02 -.2993E+01   .9999999 -.0004038 -.0000105
T 1308 19 .1519151E+11   1100000E-01  .1297E+01 -.1715E+02   .9999999  .0000240 -.0002405
T 1309 19 .1519347E+11   1100021E-01 -.3387E+01 -.4484E+01   .9999999 -.0000871 -.0000606
T 1310 19 .1519248E+11   1100019E-01  .5231E+01 -.2120E+00   .9999999 -.0001316  .0002341
T 1311 19 .1519325E+11   1100015E-01 -.4302E+00 -.9890E+01   .9999999  .0000048 -.0002208
T 1312 19 .1519355E+11   1100011E-01 -.5654E+01  .4531E+01   .9999999 -.0000514  .0000605
T 1313 19 .1519164E+11   1100011E-01 -.1365E+02  .6944E+01   .9999999 -.0001697  .0003020
T 1314 19 .1519295E+11   1100001E-01  .4748E+01  .5172E+01   .9999999  .0001782  .0001039
T 1315 19 .1519304E+11   1100011E-01 -.1285E+02  .7958E+01   .9999999 -.0001850  .0000943
T 1316 19 .1519176E+11   1100007E-01  .4813E+01  .1668E+02   .9999999  .0001227  .0002312
T 1317 19 .1519261E+11   1100001E-01  .9959E+01  .1660E+02   .9999999  .0000960  .0002527
T 1318 19 .1519112E+11   1100006E-01  .1162E+02  .7652E+01   .9999999  .0002265  .0001406
T 1319 19 .1519269E+11   1100018E-01  .3255E+00 -.8257E+01   .9999999  .0003040 -.0002068
T 1320 19 .1519142E+11   1100010E-01 -.4808E+01 -.8981E+01   .9999999 -.0002417 -.0001901
T 1321 19 .1519248E+11   1100019E-01  .1702E+01  .1035E+02   .9999999  .0000558  .0001659
T 1322 19 .1519229E+11   1100010E-01  .1759E+02 -.6270E+01   .9999999  .0002619 -.0001366
T 1323 19 .1519189E+11   1100020E-01  .1119E+02 -.2753E+02   .9999999  .0001246 -.0003623
T 1324 19 .1519134E+11   1100019E-01  .1341E+02 -.4770E+01   .9999999  .0001858 -.0000914
T 1325 19 .1519229E+11   1100021E-01 -.7644E+01 -.2282E+01   .9999999 -.0002192  .0000143
T 1326 19 .1519173E+11   1100002E-01 -.5760E+01 -.5497E+00   .9999999 -.0000376  .0000666
T 1327 19 .1519302E+11   1100017E-01 -.1000E+01 -.8954E+01   .9999999 -.0000302 -.0000797
T 1328 19 .1519153E+11   1100001E-01 -.7260E+01 -.8939E+01   .9999999 -.0001099 -.0001312
T 1329 19 .1519291E+11   1100006E-01  .1299E+02 -.4347E+01   .9999999  .0001440 -.0000180
T 1330 19 .1519261E+11   1100005E-01  .3032E+01 -.2914E+01   .9999999  .0000234 -.0000105
T 1331 19 .1519197E+11   1100010E-01 -.1387E+02 -.5036E+01   .9999999 -.0003093 -.0000524
T 1332 19 .1519212E+11   1100001E-01  .7228E+01  .1622E+02   .9999999  .0001260  .0002918
T 1333 19 .1519389E+11   1100001E-01 -.7249E+01 -.4973E+01   .9999999 -.0000588 -.0001017
T 1334 19 .1519347E+11   1100004E-01 -.9036E+01 -.7380E+01   .9999999 -.0001490 -.0001574
T 1335 19 .1519456E+11   1100004E-01 -.2692E+02 -.3166E+01   .9999998 -.0005540 -.0000756
T 1336 19 .1519288E+11   1100018E-01  .1458E+02 -.1337E+02   .9999999  .0001178 -.0001837
T 1337 19 .1519165E+11   1100016E-01 -.8518E+01 -.3827E+01   .9999999 -.0001300 -.0001383
T 1338 19 .1519317E+11   1100022E-01 -.1836E+02 -.2514E+02   .9999999 -.0003017 -.0004109
T 1339 19 .1519261E+11   1100016E-01 -.3111E+01 -.3551E+00   .9999999 -.0000546 -.0000841
T 1340 19 .1519327E+11   1100015E-01 -.6236E+01  .3480E+00   .9999999 -.0001445  .0000168
T 1341 19 .1519236E+11   1100021E-01 -.1337E+02 -.1347E+02   .9999999 -.0002514 -.0003066
T 1342 19 .1519201E+11   1100018E-01 -.1418E+01  .9629E+01   .9999999 -.0000190  .0001373
T 1343 19 .1519280E+11   1100010E-01 -.8631E+01 -.1193E+02   .9999999 -.0000888 -.0000670
T 1344 19 .1519236E+11   1100007E-01  .5849E+01  .1955E+02   .9999997  .0000233  .0007239
T 1345 19 .1519255E+11   1100014E-01 -.1081E+01  .2393E+02   .9999999 -.0000970  .0004738
T 1346 19 .1519300E+11   1100008E-01  .9505E+00 -.4933E+01   .9999999 -.0000170  .0000021
T 1347 19 .1519246E+11   1100011E-01  .3749E+01  .4730E+01   .9999999  .0000904  .0000637
T 1348 19 .1519286E+11   1100022E-01  .4360E+01 -.9523E+01   .9999999 -.0000267 -.0001907
T 1349 19 .1519324E+11   1100001E-01  .1664E+02  .6155E+01   .9999999  .0001692  .0000661
T 1350 19 .1519299E+11   1100016E-01 -.1989E+01  .2105E+02   .9999999  .0001305  .0001285
T 1351 19 .1519318E+11   1100021E-01 -.1917E+02 -.3704E+01   .9999999 -.0002786 -.0000464
T 1352 19 .1519267E+11   1100007E-01 -.2843E+01 -.1604E+02   .9999999 -.0001170 -.0001773
T 1353 19 .1519272E+11   1100012E-01  .8312E+01  .5020E+01   .9999999  .0001305  .0000711
T 1354 19 .1519328E+11   1100020E-01  .2462E+00  .1074E+02   .9999999  .0000432  .0001787
T 1355 19 .1519277E+11   1100019E-01  .1896E+01  .6984E+01   .9999999  .0000385  .0001081
T 1356 19 .1519235E+11   1100022E-01 -.2096E+02  .4952E+01   .9999999 -.0003997  .0000825
T 1357 19 .1519273E+11   1100018E-01  .1533E+01 -.1256E+01   .9999999  .0000026 -.0000343
T 1358 19 .1519236E+11   1100017E-01 -.4673E+01 -.2035E+02   .9999999 -.0001095 -.0002825
T 1359 19 .1519174E+11   1100008E-01 -.3548E+01 -.7846E+01   .9999999 -.0001499 -.0001766
T 1360 19 .1519197E+11   1100004E-01 -.2083E+01  .7548E+01   .9999999 -.0000086  .0000476
T 1361 19 .1519332E+11   1100015E-01 -.3978E+01  .5890E+00   .9999999 -.0000973 -.0001633
T 1362 19 .1519256E+11   1100023E-01  .6236E+01 -.2222E+01   .9999999  .0000893 -.0000880
T 1363 19 .1519240E+11   1100021E-01  .4304E+02 -.2722E+02   .9999999  .0004399 -.0000799
T 1364 19 .1519201E+11   1100002E-01 -.2293E+02 -.4614E+02   .9999997 -.0003575 -.0006782
T 1365 19 .1519262E+11   1100021E-01 -.1115E+02 -.7536E+01   .9999999 -.0000927 -.0002149
T 1366 19 .1519267E+11   1100007E-01 -.7925E+01 -.8218E+01   .9999999 -.0000803 -.0001740
T 1367 19 .1519157E+11   1100011E-01  .7515E+01 -.1120E+02   .9999999  .0000451 -.0001657
T 1368 19 .1519198E+11   1100019E-01  .6704E+01  .7123E+01   .9999999  .0001427  .0001511
T 1369 19 .1519253E+11   1100007E-01  .1501E+02 -.1979E+02   .9999998  .0005401 -.0002364
T 1370 19 .1519303E+11   1100000E-01 -.1945E+00  .4496E+01   .9999999 -.0000289  .0001304
T 1371 19 .1519294E+11   1100018E-01  .3915E+01  .7167E+01   .9999999  .0000302  .0002190
T 1372 19 .1519303E+11   1100005E-01 -.1023E+01  .3428E+01   .9999999 -.0000008  .0001333
T 1373 19 .1519381E+11   1100007E-01 -.1244E+01 -.2186E+02   .9999999 -.0000198 -.0001690
T 1374 19 .1519247E+11   1100010E-01  .7409E+01  .1518E+01   .9999999  .0000406 -.0000057
T 1375 19 .1519375E+11   1100012E-01  .5011E+01  .4620E+01   .9999999  .0000584  .0001138
T 1376 19 .1519333E+11   1100000E-01  .4653E+01  .1731E+01   .9999999  .0001253 -.0000623
T 1377 19 .1519220E+11   1100019E-01  .2339E+01  .1509E+02   .9999999 -.0000535  .0001568
T 1378 19 .1519352E+11   1100005E-01 -.8110E+01 -.2527E+01   .9999999 -.0001207 -.0000136
T 1379 19 .1519241E+11   1100011E-01 -.2634E+02 -.7333E+01   .9999999 -.0002671 -.0001728
T 1380 19 .1519191E+11   1100015E-01 -.5951E+01 -.4987E+01   .9999999 -.0001308 -.0000734
T 1381 19 .1519260E+11   1100000E-01 -.6052E+01 -.8510E+00   .9999999 -.0000998 -.0000722
T 1382 19 .1519269E+11   1100022E-01  .1558E+01 -.2636E+01   .9999999  .0000146 -.0000523
T 1383 19 .1519180E+11   1100012E-01  .2978E+00  .1080E+01   .9999999  .0000037  .0001447
T 1384 19 .1519350E+11   1100016E-01  .8217E+01  .4383E+01   .9999999  .0001855 -.0000316
T 1385 19 .1519431E+11   1100015E-01  .5694E+01  .2377E+01   .9999989  .0012740  .0007747
T 1386 19 .1519274E+11   1100010E-01 -.2484E+01  .5798E+01   .9999999 -.0000528  .0001912
T 1387 19 .1519259E+11   1100017E-01 -.6188E+01  .6581E+01   .9999999 -.0000657  .0000649
T 1388 19 .1519252E+11   1100018E-01  .1889E+02 -.4941E+01   .9999999  .0003208 -.0001433
T 1389 19 .1519292E+11   1100014E-01  .4200E+01  .7479E+01   .9999999  .0000470  .0001201
T 1390 19 .1519352E+11   1100005E-01  .1512E+01  .3338E+02   .9999999 -.0000227  .0004274
T 1391 19 .1519323E+11   1100008E-01  .1892E+02 -.1590E+02   .9999999  .0003074  .0000423
T 1392 19 .1519377E+11   1100021E-01  .6614E+01  .7435E+01   .9999999  .0001286 -.0000458
T 1393 19 .1519272E+11   1100011E-01 -.2001E+01 -.5641E+00   .9999999  .0001283 -.0000505
T 1394 19 .1519259E+11   1100011E-01  .2089E+02 -.1497E+02   .9999999  .0003152 -.0002524
T 1395 19 .1519299E+11   1100019E-01  .1374E+02  .1298E+02   .9999999  .0004978 -.0001783
T 1396 19 .1519138E+11   1100008E-01  .1091E+02 -.9604E+01   .9999999  .0001540 -.0000220
T 1397 19 .1519280E+11   1100017E-01  .1837E+02  .3381E+01   .9999999  .0002226  .0001060
T 1398 19 .1519322E+11   1100010E-01 -.2152E+01  .2090E+01   .9999999  .0001100  .0000521
T 1399 19 .1519266E+11   1100008E-01  .5202E+01  .2582E+01   .9999999  .0000879  .0000724
T 1400 19 .1519234E+11   1100016E-01 -.1865E+01  .3942E+01   .9999999 -.0000923  .0000958
T 1401 19 .1519119E+11   1100008E-01 -.1302E+02  .1637E+02   .9999999 -.0000452  .0001965
T 1402 19 .1519161E+11   1100022E-01  .1457E+02  .8626E+01   .9999999  .0001957  .0002315
T 1403 19 .1519163E+11   1100003E-01  .1191E+02 -.1726E+01   .9999999  .0001345 -.0000051
T 1404 19 .1519291E+11   1100013E-01  .1753E+01 -.1181E+02   .9999999  .0000788 -.0001585
T 1405 19 .1519153E+11   1100021E-01 -.1611E+01  .1388E+02   .9999999 -.0000624  .0002142
T 1406 19 .1519170E+11   1100005E-01  .3647E+01 -.1896E+01   .9999999  .0000245 -.0000152
T 1407 19 .1519324E+11   1100000E-01  .7697E+00 -.9146E+00   .9999999 -.0000490 -.0000579
T 1408 19 .1519265E+11   1100020E-01  .6980E+01  .2190E+01   .9999999  .0001534  .0001148
T 1409 19 .1519289E+11   1100005E-01 -.1745E+02  .3190E+01   .9999999 -.0002649  .0000338
T 1410 19 .1519182E+11   1100001E-01 -.1120E+01  .4190E+01   .9999999  .0000065  .0000417
T 1411 19 .1519197E+11   1100018E-01 -.8059E+01 -.2606E+00   .9999999 -.0000709 -.0000044
T 1412 19 .1519257E+11   1100006E-01 -.6775E+01  .4346E+01   .9999999 -.0000422  .0000921
T 1413 19 .1519451E+11   1100016E-01  .1166E+01 -.4638E+01   .9999999 -.0000207 -.0000961
T 1414 19 .1519194E+11   1100021E-01 -.8314E+01 -.8115E+01   .9999999 -.0002473 -.0001346
T 1415 19 .1519261E+11   1100014E-01 -.4295E+01  .5146E+01   .9999999 -.0001046  .0001832
T 1416 19 .1519309E+11   1100022E-01 -.8130E+01 -.9704E+01   .9999999 -.0003167 -.0001147
T 1417 19 .1519335E+11   1100019E-01  .9029E+01 -.1468E+02   .9999999  .0000061 -.0001849
T 1418 19 .1519197E+11   1100005E-01  .1205E+02  .3122E+01   .9999999  .0000996 -.0000759
T 1419 19 .1519276E+11   1100022E-01 -.1660E+02  .1864E+02   .9999999 -.0002008  .0002809
T 1420 19 .1519200E+11   1100000E-01  .1778E+02  .8243E+00   .9999999  .0002571  .0000700
T 1421 19 .1519229E+11   1100012E-01 -.1412E+02  .3287E+01   .9999999 -.0002002 -.0000836
T 1422 19 .1519298E+11   1100015E-01 -.1992E+02 -.8378E+01   .9999999 -.0003800 -.0001379
T 1423 19 .1519298E+11   1100023E-01 -.8379E+01  .2298E+01   .9999999 -.0003851  .0000704
T 1424 19 .1519221E+11   1100021E-01 -.8583E+01  .6374E+01   .9999999 -.0001132  .0001157
T 1425 19 .1519192E+11   1100019E-01  .1277E+02  .1515E+02   .9999999  .0002129  .0002443
T 1426 19 .1519310E+11   1100010E-01  .1942E+01 -.1493E+02   .9999999  .0000703  .0000048
T 1427 19 .1519394E+11   1100002E-01  .5344E+01 -.1664E+02   .9999999  .0001448 -.0002827
T 1428 19 .1519152E+11   1100022E-01 -.8663E+00 -.4321E+01   .9999999  .0001286 -.0000019
T 1429 19 .1519345E+11   1100014E-01 -.7498E+01  .3717E+01   .9999999 -.0003530  .0000441
T 1430 19 .1519359E+11   1100016E-01 -.5952E+00 -.1234E+02   .9999999  .0001155 -.0001259
T 1431 19 .1519311E+11   1100021E-01 -.3506E+02  .1392E+01   .9999997 -.0008129 -.0000053
T 1432 19 .1519228E+11   1100005E-01 -.5030E+01  .9899E+01   .9999999 -.0000808  .0001417
T 1433 19 .1519272E+11   1100020E-01 -.9937E+01 -.9941E+00   .9999999 -.0001689  .0000057
T 1434 19 .1519255E+11   1100015E-01  .6415E+00 -.4312E+02   .9999998 -.0000263 -.0005920
T 1435 19 .1519273E+11   1100002E-01 -.1900E+02  .1903E+02   .9999999 -.0002873  .0002493
T 1436 19 .1519149E+11   1100007E-01 -.7860E+01  .6112E+01   .9999999 -.0001274  .0000735
T 1437 19 .1519197E+11   1100005E-01  .9910E+01 -.1074E+02   .9999999  .0000620 -.0001650
T 1438 19 .1519236E+11   1100005E-01 -.4121E+01 -.5006E+01   .9999999 -.0000519 -.0000971
T 1439 19 .1519299E+11   1100018E-01  .5048E+01 -.2582E+01   .9999999  .0000286 -.0000071
T 1440 19 .1519393E+11   1100007E-01 -.1676E+02 -.1231E+02   .9999999 -.0002278 -.0002416
T 1441 19 .1519323E+11   1100010E-01  .3082E+01 -.9633E+01   .9999999  .0000747 -.0001332
T 1442 19 .1519329E+11   1100007E-01  .9072E+01  .6765E+01   .9999999  .0001774 -.0000357
T 1443 19 .1519276E+11   1100021E-01 -.4948E+01  .3800E+01   .9999999  .0000514  .0000436
T 1444 19 .1519308E+11   1100009E-01  .6084E+01  .5506E+01   .9999999  .0001824  .0000666
T 1445 19 .1519296E+11   1100019E-01 -.2234E+01  .1364E+02   .9999999 -.0000184  .0000700
T 1446 19 .1519244E+11   1100021E-01  .3773E+01  .3024E+01   .9999999  .0001569  .0000092
T 1447 19 .1519306E+11   1100006E-01  .3623E+01  .4065E+01   .9999999  .0000019  .0000278
T 1448 19 .1519218E+11   1100017E-01  .7831E+01  .3241E+01   .9999999  .0001010 -.0000504
T 1449 19 .1519304E+11   1100002E-01  .5008E+01 -.5360E+01   .9999999  .0000839  .0000017
T 1450 19 .1519215E+11   1100013E-01 -.4617E+02  .6021E+02   .9999992 -.0004855  .0011870
T 1451 19 .1519351E+11   1100018E-01  .1248E+01 -.4718E+01   .9999999  .0000034 -.0000768
T 1452 19 .1519297E+11   1100019E-01  .3049E+01  .5322E+00   .9999999  .0000762 -.0000329
T 1453 19 .1519161E+11   1100017E-01 -.8785E+00  .1128E+02   .9999999  .0000251  .0000627
T 1454 19 .1519238E+11   1100003E-01 -.6385E+01  .9417E+01   .9999999 -.0001954  .0002029
T 1455 19 .1519358E+11   1100005E-01  .5302E+01  .6206E+01   .9999999  .0002442  .0001871
T 1456 19 .1519222E+11   1100010E-01 -.1153E+02 -.1867E+01   .9999999 -.0002162 -.0000316
T 1457 19 .1519279E+11   1100010E-01 -.1748E+02  .2933E+01   .9999999 -.0002275  .0000102
T 1458 19 .1519267E+11   1100020E-01 -.5194E+01 -.1288E+02   .9999999 -.0001142 -.0001256
T 1459 19 .1519183E+11   1100020E-01  .5610E+01 -.2733E+01   .9999999  .0000125  .0000150
T 1460 19 .1519188E+11   1100020E-01  .8953E+01 -.6081E+01   .9999999  .0001820 -.0001130
T 1461 19 .1519076E+11   1100012E-01 -.7859E+01  .1137E+02   .9999999 -.0001271  .0001245
T 1462 19 .1519274E+11   1100000E-01 -.9550E+01 -.2873E+01   .9999999 -.0001444  .0001971
T 1463 19 .1519167E+11   1100007E-01 -.9559E+01  .1831E+01   .9999999 -.0000655 -.0000051
T 1464 19 .1519291E+11   1100002E-01  .2782E+01  .4598E+00   .9999999  .0001084 -.0000370
T 1465 19 .1519251E+11   1100020E-01 -.6252E+01  .5348E+01   .9999999  .0000322  .0001292
T 1466 19 .1519267E+11   1100017E-01 -.4507E+01  .2857E+01   .9999999 -.0001175 -.0000124
T 1467 19 .1519373E+11   1100012E-01  .2970E+01 -.6935E+01   .9999999  .0001384  .0000269
T 1468 19 .1519239E+11   1100019E-01  .1799E+01 -.8570E+01   .9999999  .0000683 -.0000571
T 1469 19 .1519228E+11   1100020E-01 -.3130E+01  .3986E+01   .9999999 -.0000427 -.0000156
T 1470 19 .1519345E+11   1100000E-01  .1611E+02 -.4748E+01   .9999999  .0002935 -.0000359
T 1471 19 .1519279E+11   1100015E-01 -.5349E+01 -.2245E+01   .9999999 -.0000835 -.0000469
T 1472 19 .1519347E+11   1100012E-01  .1491E+01 -.1165E+02   .9999999  .0001042 -.0001789
T 1473 19 .1519084E+11   1100020E-01 -.2124E+01 -.1247E+02   .9999999 -.0001269 -.0001746
T 1474 19 .1519326E+11   1100014E-01  .1249E+02  .8464E+01   .9999999  .0000991  .0000622
T 1475 19 .1519307E+11   1100003E-01  .1352E+01  .5357E+00   .9999999  .0000621  .0000198
T 1476 19 .1519277E+11   1100008E-01  .7854E+01  .8126E+01   .9999999  .0001447  .0000756
T 1477 19 .1519337E+11   1100017E-01 -.1450E+02  .1091E+02   .9999999 -.0002233  .0001190
T 1478 19 .1519171E+11   1100020E-01  .1160E+02 -.3212E+01   .9999999  .0001494  .0000281
T 1479 19 .1519343E+11   1100013E-01 -.1397E+02 -.2627E+02   .9999999 -.0000781 -.0003825
T 1480 19 .1519416E+11   1100016E-01  .1315E+02  .4310E+02   .9999998  .0001425  .0005796
T 1481 19 .1519199E+11   1100023E-01 -.8897E+01  .3528E+01   .9999999 -.0001510  .0000546
T 1482 19 .1519172E+11   1100012E-01  .1025E+02  .1459E+02   .9999999  .0001068  .0002177
T 1483 19 .1519191E+11   1100012E-01  .2085E+02 -.3837E+01   .9999999  .0004388 -.0001293
T 1484 19 .1519227E+11   1100011E-01  .4407E+02  .3742E+02   .9999998  .0004299  .0004810
T 1485 19 .1519226E+11   1100012E-01 -.3736E+01  .6078E+01   .9999999 -.0000671  .0000345
T 1486 19 .1519351E+11   1100017E-01 -.4470E+01  .8542E+00   .9999999 -.0000250  .0000269
T 1487 19 .1519287E+11   1100021E-01  .1044E+02 -.1216E+02   .9999999  .0000856 -.0001998
T 1488 19 .1519365E+11   1100010E-01  .7303E+01 -.8524E+00   .9999999  .0000554 -.0001478
T 1489 19 .1519281E+11   1100013E-01 -.1246E+01 -.2611E+01   .9999999 -.0000378 -.0000014
T 1490 19 .1519264E+11   1100001E-01 -.8903E+01  .1272E+02   .9999999 -.0001509  .0002307
T 1491 19 .1519294E+11   1100008E-01 -.7524E+01 -.5834E+01   .9999999 -.0000943 -.0001689
T 1492 19 .1519257E+11   1100023E-01 -.1040E+02 -.1339E+02   .9999999 -.0001196 -.0001468
T 1493 19 .1519338E+11   1100017E-01  .4803E+01  .1123E+02   .9999999  .0000134  .0002137
T 1494 19 .1519248E+11   1100016E-01 -.2022E+01 -.1194E+02   .9999999 -.0001113 -.0002718
T 1495 19 .1519343E+11   1100021E-01  .3551E+01  .1359E+02   .9999999  .0001447  .0002770
T 1496 19 .1519339E+11   1100019E-01  .6597E+01 -.5532E+01   .9999999 -.0000129 -.0000321
T 1497 19 .1519145E+11   1100016E-01  .1925E+01 -.1116E+02   .9999999 -.0000871 -.0001406
T 1498 19 .1519259E+11   1100017E-01  .1440E+02  .9210E+01   .9999998 -.0001505  .0005433
T 1499 19 .1519355E+11   1100018E-01 -.2051E+02  .1026E+02   .9999999 -.0001710  .0001009
T 1500 19 .1519234E+11   1100014E-01 -.7503E+01  .8482E+02   .9999987 -.0001470  .0015760
T 1501 19 .1519361E+11   1100017E-01  .3969E+01 -.1806E+02   .9999999  .0000739 -.0002531
T 1502 19 .1519357E+11   1100011E-01 -.5901E+01 -.6054E+01   .9999999 -.0000225 -.0000334
T 1503 19 .1519089E+11   1100015E-01 -.1056E+02  .1330E+02   .9999999 -.0002297  .0001661
T 1504 19 .1519299E+11   1100010E-01  .2663E+01 -.8110E+01   .9999999  .0000476 -.0002185
T 1505 19 .1519184E+11   1100011E-01 -.7252E+01 -.1065E+02   .9999999 -.0001367 -.0001731
T 1506 19 .1519291E+11   1100002E-01  .5577E+01  .7729E+00   .9999999  .0001445 -.0000150
T 1507 19 .1519212E+11   1100020E-01 -.3494E+02  .1087E+01   .9999999 -.0002706 -.0001785
T 1508 19 .1519159E+11   1100007E-01  .4189E+01 -.1293E+02   .9999999  .0000692 -.0002232
T 1509 19 .1519370E+11   1100012E-01  .3338E+01  .5750E+01   .9999999  .0001127  .0001221
T 1510 19 .1519305E+11   1100012E-01 -.4558E+00 -.1074E+02   .9999999  .0000041 -.0002053
T 1511 19 .1519221E+11   1100012E-01 -.2908E+02  .6281E+01   .9999995 -.0009704  .0002595
T 1512 19 .1519223E+11   1100016E-01 -.9781E+01  .1438E+02   .9999999 -.0001881  .0001777
T 1513 19 .1519251E+11   1100002E-01  .9606E+01  .7905E+01   .9999999  .0002488  .0000572
T 1514 19 .1519233E+11   1100009E-01 -.9133E+01  .1221E+02   .9999999 -.0002015  .0001631
T 1515 19 .1519245E+11   1100017E-01  .5845E+01  .5354E+01   .9999999  .0002760  .0000967
T 1516 19 .1519293E+11   1100012E-01  .6725E+00 -.3827E+01   .9999999 -.0000152 -.0001373
T 1517 19 .1519223E+11   1100004E-01 -.1185E+02 -.3591E+01   .9999999 -.0001625 -.0001171
T 1518 19 .1519269E+11   1100000E-01  .1405E+02  .2357E+01   .9999999  .0003613 -.0000270
T 1519 19 .1519228E+11   1100019E-01 -.2250E+02  .1506E+02   .9999998 -.0004782  .0003333
T 1520 19 .1519159E+11   1100009E-01  .1251E+00  .6771E+01   .9999999 -.0000361  .0001357
T 1521 19 .1519285E+11   1100023E-01  .3889E+01 -.9533E-01   .9999999  .0001081 -.0000085
T 1522 19 .1519263E+11   1100003E-01 -.3263E+01  .8775E+00   .9999999  .0000441 -.0004780
T 1523 19 .1519282E+11   1100018E-01 -.7202E+00  .1949E+01   .9999999 -.0000940 -.0000171
T 1524 19 .1519295E+11   1100006E-01 -.9541E+01 -.1454E+02   .9999999 -.0001221 -.0002203
T 1525 19 .1519374E+11   1100012E-01  .1137E+02  .5718E+01   .9999999  .0001913  .0001998
T 1526 19 .1519307E+11   1100018E-01 -.5039E+01 -.2041E+01   .9999999  .0000857  .0000151
T 1527 19 .1519179E+11   1100009E-01 -.1029E+02  .1157E+02   .9999999 -.0001319  .0001272
T 1528 19 .1519271E+11   1100016E-01  .1129E+02  .7340E+00   .9999999  .0001102  .0000748
T 1529 19 .1519035E+11   1100017E-01  .5994E+01 -.2522E+02   .9999999  .0001220 -.0004432
T 1530 19 .1519202E+11   1100015E-01  .8347E+01 -.1250E+02   .9999999  .0005275 -.0001030
T 1531 19 .1519183E+11   1100017E-01  .7091E+01 -.6002E+01   .9999999 -.0000277 -.0001136
T 1532 19 .1519221E+11   1100001E-01  .2233E+02 -.1505E+01   .9999999  .0003900  .0001214
T 1533 19 .1519431E+11   1100015E-01 -.1549E+01 -.6812E+01   .9999999 -.0000814 -.0000366
T 1534 19 .1519258E+11   1100017E-01  .1097E+02 -.4283E+01   .9999999  .0001652  .0001407
T 1535 19 .1519198E+11   1100021E-01  .1381E+02  .3433E+01   .9999999  .0002147 -.0001062
T 1536 19 .1519208E+11   1100020E-01 -.1461E+02  .8088E+02   .9999998 -.0002471  .0005779
T 1537 19 .1519197E+11   1100010E-01  .5519E+01 -.2756E+01   .9999999  .0001007 -.0001153
T 1538 19 .1519220E+11   1100007E-01  .1914E+02 -.1629E+02   .9999999  .0003164 -.0002241
T 1539 19 .1519245E+11   1100017E-01  .4449E+01  .3251E+00   .9999999  .0001324 -.0000132
T 1540 19 .1519191E+11   1100002E-01  .4292E+01  .1099E+01   .9999999  .0000793 -.0000413
T 1541 19 .1519231E+11   1100022E-01  .1622E+02 -.3822E+01   .9999999  .0001722 -.0000337
T 1542 19 .1519323E+11   1100022E-01 -.4872E+01  .5971E+01   .9999999 -.0000678  .0001279
T 1543 19 .1519297E+11   1100016E-01 -.1004E+02 -.6293E+01   .9999999 -.0001970 -.0001123
T 1544 19 .1519182E+11   1100010E-01  .4566E+01  .3567E+01   .9999999  .0000102 -.0000014
T 1545 19 .1519362E+11   1100017E-01 -.3014E+01  .1039E+01   .9999999 -.0001375  .0000538
T 1546 19 .1519284E+11   1100002E-01 -.7521E+01 -.1269E+02   .9999999 -.0000711 -.0002429
T 1547 19 .1519289E+11   1100018E-01  .2580E+02 -.2450E+02   .9999999  .0002906 -.0002718
T 1548 19 .1519128E+11   1100022E-01  .1707E+01 -.1899E+02   .9999999 -.0000193 -.0003174
T 1549 19 .1519243E+11   1100011E-01  .1743E+02 -.2351E+01   .9999999  .0003499 -.0001006
T 1550 19 .1519239E+11   1100007E-01 -.2811E-01  .9245E+01   .9999999 -.0001284  .0001639
T 1551 19 .1519242E+11   1100008E-01  .1531E+01 -.4141E+01   .9999999  .0000288  .0000265
T 1552 19 .1519261E+11   1100002E-01 -.3050E+01 -.2061E+01   .9999999 -.0001740 -.0000005
T 1553 19 .1519245E+11   1100015E-01  .1584E+02 -.4540E+02   .9999998  .0002097 -.0006168
T 1554 19 .1519335E+11   1100002E-01  .4588E+01 -.5489E+01   .9999999  .0000233 -.0000236
T 1555 19 .1519181E+11   1100011E-01 -.2080E+01  .4085E+01   .9999999  .0000247  .0000313
T 1556 19 .1519238E+11   1100011E-01 -.4000E+01  .3155E+01   .9999999  .0000197  .0000501
T 1557 19 .1519367E+11   1100007E-01  .8720E+01 -.9752E-01   .9999999  .0002657 -.0000677
T 1558 19 .1519337E+11   1100022E-01 -.2974E+02  .1829E+02   .9999999 -.0003262  .0002367
T 1559 19 .1519365E+11   1100014E-01  .1056E+02 -.8361E+01   .9999999  .0000538 -.0000583
T 1560 19 .1519373E+11   1100003E-01  .9849E+01 -.8123E+01   .9999999  .0001129 -.0001763
T 1561 19 .1519251E+11   1100015E-01 -.1624E+02  .6066E+01   .9999999 -.0001951  .0000473
T 1562 19 .1519201E+11   1100014E-01 -.2049E+02  .5458E+01   .9999999 -.0003234  .0000402
T 1563 19 .1519338E+11   1100013E-01 -.1544E+02 -.5624E+01   .9999999 -.0002982 -.0002107
T 1564 19 .1519308E+11   1100021E-01  .2220E+01  .5494E+01   .9999999 -.0000105 -.0000600
T 1565 19 .1519276E+11   1100020E-01 -.8011E+01  .1685E+01   .9999999 -.0000447  .0001051
T 1566 19 .1519285E+11   1100000E-01  .2840E+01  .4997E+01   .9999999  .0000829  .0000650
T 1567 19 .1519367E+11   1100010E-01 -.1323E+02 -.8240E+01   .9999999 -.0002859 -.0001268
T 1568 19 .1519290E+11   1100021E-01  .1086E+02  .4399E+01   .9999999  .0001122  .0003050
T 1569 19 .1519278E+11   1100012E-01 -.7514E+01  .5077E+01   .9999999 -.0002251  .0000908
T 1570 19 .1519244E+11   1100021E-01 -.3768E+01  .9273E+01   .9999999 -.0000918  .0002645
T 1571 19 .1519263E+11   1100014E-01 -.1484E+01  .4364E+01   .9999999  .0000403  .0001086
T 1572 19 .1519257E+11   1100018E-01 -.1538E+02  .6863E+01   .9999999 -.0002038 -.0000177
T 1573 19 .1519304E+11   1100018E-01  .1571E+01 -.7082E+01   .9999999 -.0001026  .0001725
T 1574 19 .1519247E+11   1100004E-01 -.2136E+01 -.1850E+02   .9999999 -.0000385 -.0003507
T 1575 19 .1519320E+11   1100002E-01 -.4113E+01  .9882E+00   .9999999 -.0000708  .0000532
T 1576 19 .1519336E+11   1100017E-01 -.9897E+01  .7176E+01   .9999999 -.0001075  .0000528
T 1577 19 .1519310E+11   1100014E-01 -.8626E+01  .5203E+01   .9999999 -.0002539  .0001199
T 1578 19 .1519211E+11   1100022E-01 -.1268E+02 -.1428E+02   .9999999 -.0002128 -.0003914
T 1579 19 .1519226E+11   1100016E-01 -.6083E+01 -.1486E+01   .9999999 -.0001812 -.0000657
T 1580 19 .1519360E+11   1100021E-01 -.4743E+00  .1999E+02   .9999999  .0000230  .0001216
T 1581 19 .1519293E+11   1100014E-01  .6483E+02  .7650E+02   .9999995  .0005740  .0008295
T 1582 19 .1519285E+11   1100019E-01 -.1467E+01 -.6666E+01   .9999999  .0000583 -.0000977
T 1583 19 .1519163E+11   1100013E-01  .5954E+01 -.1441E+02   .9999999  .0002586 -.0002489
T 1584 19 .1519338E+11   1100016E-01 -.5646E+01 -.7236E+01   .9999999 -.0000552 -.0001702
T 1585 19 .1519230E+11   1100014E-01 -.8321E+01 -.3647E+01   .9999999 -.0002393 -.0001980
T 1586 19 .1519295E+11   1100005E-01 -.6658E+01  .6193E+01   .9999999 -.0000627 -.0000087
T 1587 19 .1519141E+11   1100004E-01 -.9556E+01  .2816E+01   .9999999 -.0000932 -.0000132
T 1588 19 .1519278E+11   1100013E-01  .1182E+01 -.1319E+02   .9999951  .0007995 -.0030222
T 1589 19 .1519211E+11   1100013E-01 -.1128E+02  .2978E+01   .9999999 -.0001611  .0000479
T 1590 19 .1519267E+11   1100006E-01  .1292E+01  .5715E+01   .9999999  .0001141  .0000457
T 1591 19 .1519178E+11   1100015E-01  .9423E+01 -.2018E+01   .9999999 -.0000362 -.0000196
T 1592 19 .1519226E+11   1100002E-01  .5240E+01 -.3728E+01   .9999999  .0001421 -.0001112
T 1593 19 .1519378E+11   1100021E-01  .1127E+02  .2401E+01   .9999999  .0001254 -.0000075
T 1594 19 .1519279E+11   1100021E-01 -.3286E+01 -.2059E+01   .9999999  .0000277 -.0000021
T 1595 19 .1519200E+11   1100011E-01  .1480E+02 -.4792E+01   .9999999  .0001690  .0000062
T 1596 19 .1519110E+11   1100017E-01 -.3807E+00 -.3768E+01   .9999999  .0000019 -.0001017
T 1597 19 .1519165E+11   1100003E-01 -.2908E+01  .4284E+01   .9999999 -.0001566  .0000624
T 1598 19 .1519242E+11   1100010E-01 -.7426E+01  .1665E+02   .9999999 -.0001895  .0004589
T 1599 19 .1519091E+11   1100022E-01  .8933E+00  .4216E+01   .9999999 -.0000642  .0003039
T 1600 19 .1519287E+11   1100003E-01 -.4725E+00 -.1197E+02   .9999999 -.0002271 -.0000941
T 1601 19 .1519269E+11   1100019E-01  .2057E+01  .6224E+01   .9999999  .0000326  .0000691
T 1602 19 .1519303E+11   1100001E-01 -.1290E+02 -.1672E+02   .9999999 -.0001445 -.0002015
T 1603 19 .1519286E+11   1100004E-01  .1625E+01  .1274E+02   .9999999 -.0000020  .0003060
T 1604 19 .1519267E+11   1100013E-01 -.1575E+02 -.2975E+01   .9999999 -.0002803 -.0000463
T 1605 19 .1519204E+11   1100018E-01  .4730E+01 -.3483E+00   .9999999  .0000119  .0001334
T 1606 19 .1519279E+11   1100003E-01 -.3290E+01  .7787E+00   .9999999 -.0000046  .0000556
T 1607 19 .1519214E+11   1100022E-01  .7296E+00  .7097E+01   .9999999  .0001132  .0000945
T 1608 19 .1519247E+11   1100014E-01  .6483E+01 -.9601E+01   .9999999 -.0000482 -.0002150
T 1609 19 .1519222E+11   1100001E-01 -.5815E+01  .1046E+02   .9999999 -.0001497  .0002088
T 1610 19 .1519374E+11   1100016E-01 -.1093E+02  .4808E+01   .9999999 -.0001563  .0001168
T 1611 19 .1519186E+11   1100007E-01 -.3622E+01  .1571E+01   .9999999  .0000656 -.0001369
T 1612 19 .1519269E+11   1100013E-01 -.1927E+00 -.5055E+01   .9999999 -.0000272 -.0001791
T 1613 19 .1519240E+11   1100009E-01 -.5364E+01 -.7158E+01   .9999999 -.0002164 -.0000943
T 1614 19 .1519232E+11   1100007E-01  .1225E+02 -.1183E+02   .9999999  .0000956 -.0000216
T 1615 19 .1519258E+11   1100004E-01  .1414E+01 -.7225E+01   .9999999  .0000808 -.0000304
T 1616 19 .1519308E+11   1100001E-01  .5658E+01 -.2321E+01   .9999999  .0002623 -.0001383
T 1617 19 .1519144E+11   1100018E-01  .6089E+01 -.1975E+01   .9999999  .0000421  .0000544
T 1618 19 .1519159E+11   1100004E-01  .9263E+01 -.1979E+01   .9999999  .0002148  .0000063
T 1619 19 .1519243E+11   1100022E-01  .1816E+01  .8795E+01   .9999999  .0001191  .0001716
T 1620 19 .1519205E+11   1100001E-01 -.7865E+00  .5136E+01   .9999999 -.0000285  .0000759
T 1621 19 .1519241E+11   1100004E-01 -.3517E+01  .7300E+00   .9999999  .0000925 -.0000335
T 1622 19 .1519352E+11   1100020E-01 -.9503E+01 -.5163E+01   .9999999 -.0001833 -.0000140
T 1623 19 .1519203E+11   1100013E-01 -.7241E+01 -.5688E+00   .9999999 -.0002355  .0000273
T 1624 19 .1519243E+11   1100003E-01 -.6763E+01  .7358E+01   .9999999 -.0001091  .0000288
T 1625 19 .1519401E+11   1100022E-01  .1768E+02 -.2853E+00   .9999999  .0002016  .0000059
T 1626 19 .1519244E+11   1100014E-01  .8818E+00  .7667E+01   .9999999  .0000182  .0000686
T 1627 19 .1519277E+11   1100018E-01  .1715E+02 -.1425E+01   .9999999  .0002871 -.0000411
T 1628 19 .1519302E+11   1100022E-01 -.6002E+01 -.4855E+01   .9999999 -.0000294 -.0000984
T 1629 19 .1519316E+11   1100011E-01  .2741E+01 -.3258E+01   .9999999 -.0000329 -.0000556
T 1630 19 .1519312E+11   1100022E-01 -.1677E+01  .2062E+02   .9999998 -.0000793  .0006082
T 1631 19 .1519158E+11   1100010E-01 -.1014E+02 -.6432E+00   .9999999 -.0000696 -.0000191
T 1632 19 .1519381E+11   1100019E-01 -.5333E+01 -.9385E+01   .9999999 -.0001482 -.0001574
T 1633 19 .1519184E+11   1100020E-01  .4558E+01  .3809E+00   .9999999  .0000632  .0000702
T 1634 19 .1519234E+11   1100021E-01  .7110E+01 -.3250E+00   .9999999  .0001688 -.0000884
T 1635 19 .1519310E+11   1100013E-01  .5388E+01  .2031E+01   .9999999  .0002036 -.0001084
T 1636 19 .1519219E+11   1100009E-01  .2482E+01 -.4247E+01   .9999999 -.0000019 -.0000435
T 1637 19 .1519283E+11   1100022E-01  .4065E+01  .9845E+00   .9999999 -.0001053  .0000655
T 1638 19 .1519194E+11   1100005E-01  .6304E+01  .1296E+02   .9999999  .0000632  .0001283
T 1639 19 .1519325E+11   1100003E-01  .2425E+01 -.1272E+02   .9999999  .0002432 -.0002237
T 1640 19 .1519316E+11   1100005E-01  .6409E+01  .1387E+02   .9999999  .0001382  .0001495
T 1641 19 .1519210E+11   1100020E-01 -.6454E+01  .3343E+01   .9999999 -.0000790  .0000428
T 1642 19 .1519276E+11   1100003E-01 -.9871E+01  .2850E+01   .9999999 -.0001547 -.0000289
T 1643 19 .1519330E+11   1100001E-01  .2306E+01 -.2647E+01   .9999999  .0001063 -.0000520
T 1644 19 .1519370E+11   1100021E-01  .3670E+01 -.2047E+01   .9999999  .0000552  .0000084
T 1645 19 .1519280E+11   1100013E-01 -.8135E+01 -.4481E+01   .9999999 -.0001471 -.0001311
T 1646 19 .1519312E+11   1100003E-01  .7798E+01  .7841E+01   .9999999  .0001773 -.0000089
T 1647 19 .1519331E+11   1100021E-01  .9567E+00  .2369E+01   .9999999  .0000840  .0000703
T 1648 19 .1519287E+11   1100019E-01 -.6451E+00  .2224E+02   .9999999 -.0000549  .0002788
T 1649 19 .1519254E+11   1100020E-01 -.4089E+01 -.1112E+01   .9999999 -.0000880  .0000009
T 1650 19 .1519333E+11   1100013E-01  .1043E+02  .1037E+02   .9999999  .0001158  .0002532
T 1651 19 .1519244E+11   1100007E-01 -.2404E+01  .2635E+01   .9999999  .0000007 -.0000238
T 1652 19 .1519425E+11   1100006E-01 -.4801E+01 -.3774E+01   .9999999  .0000489 -.0000846
T 1653 19 .1519234E+11   1100022E-01 -.1088E+02  .2512E+01   .9999999 -.0001242 -.0000195
T 1654 19 .1519241E+11   1100002E-01 -.1073E+02 -.1733E+01   .9999999 -.0001528  .0000557
T 1655 19 .1519314E+11   1100020E-01 -.2219E+01  .2806E+01   .9999999  .0001214 -.0000340
T 1656 19 .1519433E+11   1100002E-01  .2684E+01 -.2150E+01   .9999999  .0001627 -.0001130
T 1657 19 .1519337E+11   1100002E-01  .2093E+02  .3639E+01   .9999999  .0002443  .0000959
T 1658 19 .1519363E+11   1100000E-01 -.3964E+01 -.1392E+01   .9999999 -.0002195  .0000227
T 1659 19 .1519422E+11   1100023E-01 -.7253E+01 -.1706E+02   .9999999 -.0001018 -.0002053
T 1660 19 .1519295E+11   1100013E-01  .5291E+01  .8851E+01   .9999999  .0001365  .0002253
T 1661 19 .1519184E+11   1100012E-01  .8610E+01 -.6004E+01   .9999999  .0000469 -.0000005
T 1662 19 .1519302E+11   1100017E-01  .3720E+01 -.2782E+01   .9999999  .0000395 -.0000338
T 1663 19 .1519394E+11   1100018E-01  .7852E+01 -.4054E+01   .9999999  .0001244 -.0001128
T 1664 19 .1519302E+11   1100023E-01  .5918E+01  .1029E+02   .9999999  .0001086  .0001655
T 1665 19 .1519321E+11   1100015E-01 -.6051E+01 -.7101E+01   .9999999 -.0001413 -.0001261
T 1666 19 .1519341E+11   1100019E-01  .3346E+01  .3269E+01   .9999999  .0000138  .0001399
T 1667 19 .1519076E+11   1100020E-01 -.1124E+02 -.3221E+00   .9999999 -.0002099 -.0000808
T 1668 19 .1519291E+11   1100020E-01 -.2918E+01 -.1754E+02   .9999999 -.0001049 -.0002758
T 1669 19 .1519337E+11   1100021E-01  .1581E+02  .1443E+02   .9999999  .0001424  .0002670
T 1670 19 .1519224E+11   1100019E-01 -.7482E+01  .1328E+02   .9999999 -.0001244  .0002295
T 1671 19 .1519294E+11   1100018E-01 -.2622E+01  .2648E+01   .9999999  .0001132  .0001076
T 1672 19 .1519341E+11   1100004E-01 -.1302E+02  .1120E+02   .9999999 -.0001997  .0000859
T 1673 19 .1519247E+11   1100016E-01 -.6158E+02 -.3756E+02   .9999997 -.0006976 -.0003659
T 1674 19 .1519207E+11   1100009E-01  .4402E+01 -.2281E+01   .9999999  .0001540 -.0000676
T 1675 19 .1519183E+11   1100011E-01 -.2197E+01 -.1087E+02   .9999999 -.0000946 -.0000290
T 1676 19 .1519178E+11   1100015E-01 -.3239E+01  .4566E+01   .9999999 -.0001630 -.0000123
T 1677 19 .1519291E+11   1100016E-01 -.2547E+01  .4666E+01   .9999999  .0000950  .0001037
T 1678 19 .1519334E+11   1100019E-01 -.7095E+01  .2715E+01   .9999999 -.0000547 -.0000015
T 1679 19 .1519182E+11   1100006E-01  .6789E+01 -.3977E+01   .9999999  .0001187 -.0000519
T 1680 19 .1519291E+11   1100003E-01  .2086E+01  .7791E+01   .9999999  .0001357  .0000107
T 1681 19 .1519297E+11   1100020E-01  .8412E+01  .6431E+01   .9999999  .0002337  .0001805
T 1682 19 .1519224E+11   1100018E-01 -.1548E+00 -.1302E+01   .9999999  .0001015 -.0000379
T 1683 19 .1519345E+11   1100000E-01  .1180E+02  .1179E+02   .9999999  .0000849  .0002007
T 1684 19 .1519373E+11   1100015E-01  .2792E+01  .1050E+02   .9999999  .0000066  .0002267
T 1685 19 .1519380E+11   1100013E-01 -.9253E+01  .6811E+01   .9999999 -.0001719  .0001182
T 1686 19 .1519199E+11   1100020E-01 -.1262E+01  .7623E+01   .9999999 -.0000432  .0001056
T 1687 19 .1519331E+11   1100001E-01  .1046E+02  .1099E+02   .9999999  .0001233  .0000889
T 1688 19 .1519392E+11   1100017E-01  .9810E+01  .9167E+01   .9999999  .0000791  .0001497
T 1689 19 .1519109E+11   1100004E-01  .4166E+01 -.5321E+01   .9999999 -.0000218  .0000513
T 1690 19 .1519301E+11   1100001E-01  .6451E+01  .3778E+01   .9999999  .0000216  .0000432
T 1691 19 .1519311E+11   1100002E-01  .1839E+01  .7118E+01   .9999999  .0000440  .0001393
T 1692 19 .1519212E+11   1100005E-01 -.9453E+01  .1240E+01   .9999999 -.0000948  .0000034
T 1693 19 .1519418E+11   1100002E-01 -.8097E+01  .4234E+01   .9999999 -.0000429  .0000474
T 1694 19 .1519288E+11   1100019E-01  .2040E+01 -.8740E+00   .9999999  .0000650  .0000175
T 1695 19 .1519339E+11   1100012E-01  .5504E+01 -.9764E+00   .9999999  .0001365 -.0001005
T 1696 19 .1519262E+11   1100001E-01 -.1019E+02  .1290E+02   .9999999 -.0001752  .0001750
T 1697 19 .1519348E+11   1100016E-01  .2303E+02  .2128E+02   .9999999  .0003193  .0001967
T 1698 19 .1519318E+11   1100001E-01 -.6159E+01  .2599E+01   .9999999  .0002496 -.0003131
T 1699 19 .1519215E+11   1100011E-01 -.1081E+02 -.1873E+01   .9999999 -.0001580 -.0002220
T 1700 19 .1519225E+11   1100001E-01  .8445E+00 -.1765E+01   .9999999  .0001000 -.0001258
T 1701 19 .1519224E+11   1100023E-01 -.3279E+01  .4732E+01   .9999999 -.0002476  .0000115
T 1702 19 .1519233E+11   1100017E-01 -.3733E+01 -.2056E+02   .9999999 -.0000888 -.0002688
T 1703 19 .1519162E+11   1100011E-01  .9447E+01 -.1385E+01   .9999999  .0002399 -.0001806
T 1704 19 .1519186E+11   1100017E-01 -.1130E+01  .1299E+01   .9999999  .0002366  .0001404
T 1705 19 .1519174E+11   1100004E-01 -.4696E+01  .4570E+01   .9999999 -.0001273  .0001107
T 1706 19 .1519223E+11   1100005E-01  .3599E+01 -.1689E+01   .9999999  .0000981  .0000445
T 1707 19 .1519151E+11   1100023E-01 -.7272E+01  .2285E+01   .9999999 -.0000829  .0000648
T 1708 19 .1519226E+11   1100020E-01 -.1458E+02  .3445E+01   .9999999 -.0001557  .0000612
T 1709 19 .1519221E+11   1100022E-01 -.1316E+02 -.3328E+02   .9999998 -.0002534 -.0005344
T 1710 19 .1519395E+11   1100020E-01  .3800E+01 -.4332E+01   .9999999  .0002767 -.0000025
T 1711 19 .1519281E+11   1100009E-01 -.3272E+02  .1101E+02   .9999999 -.0004177  .0001211
T 1712 19 .1519319E+11   1100018E-01  .7521E+01  .6106E+01   .9999999  .0001578  .0000321
T 1713 19 .1519246E+11   1100005E-01 -.6103E+01  .3355E+02   .9999999  .0000181  .0005277
T 1714 19 .1519264E+11   1100019E-01  .4796E+01 -.1621E+01   .9999999  .0000547  .0000248
T 1715 19 .1519325E+11   1100021E-01  .7962E+01 -.1682E+02   .9999999  .0000783 -.0001907
T 1716 19 .1519329E+11   1100005E-01  .1044E+02 -.1279E+02   .9999999  .0000228 -.0001333
T 1717 19 .1519202E+11   1100019E-01 -.2595E+01 -.1499E+02   .9999999 -.0000845 -.0001786
T 1718 19 .1519182E+11   1100004E-01 -.4850E+01 -.4228E+01   .9999999 -.0000846 -.0000672
T 1719 19 .1519312E+11   1100006E-01 -.1891E+02 -.1030E+02   .9999998 -.0004606 -.0004227
T 1720 19 .1519276E+11   1100005E-01  .2292E+00  .8433E+01   .9999999 -.0000071  .0002624
T 1721 19 .1519335E+11   1100011E-01 -.3686E+01 -.9954E+01   .9999999 -.0000253 -.0001082
T 1722 19 .1519286E+11   1100018E-01  .1042E+02  .2974E+01   .9999999  .0001293 -.0000865
T 1723 19 .1519295E+11   1100008E-01  .8757E+01 -.1118E+02   .9999999  .0001283 -.0001306
T 1724 19 .1519224E+11   1100003E-01 -.2631E+01 -.3249E+00   .9999999  .0000803 -.0000226
T 1725 19 .1519144E+11   1100020E-01 -.3002E+02 -.1803E+02   .9999997 -.0006669 -.0004286
T 1726 19 .1519377E+11   1100013E-01 -.1271E+00  .1338E+02   .9999999  .0001531  .0002417
T 1727 19 .1519215E+11   1100022E-01  .9774E+01  .9577E+01   .9999999  .0001517  .0000974
T 1728 19 .1519197E+11   1100022E-01 -.1758E+02  .4856E+01   .9999999 -.0001910  .0000573
T 1729 19 .1519267E+11   1100008E-01 -.2942E+02 -.1285E+02   .9999999 -.0003923 -.0000859
T 1730 19 .1519268E+11   1100017E-01 -.3633E+01 -.5617E+01   .9999999 -.0000240  .0000036
T 1731 19 .1519102E+11   1100020E-01 -.1702E+02 -.4801E+01   .9999999 -.0002247  .0000208
T 1732 19 .1519225E+11   1100013E-01 -.4089E+00  .4423E+01   .9999999 -.0000045  .0000896
T 1733 19 .1519307E+11   1100009E-01  .2548E+02 -.1417E+01   .9999999  .0003389 -.0000659
T 1734 19 .1519181E+11   1100015E-01 -.5256E+01  .4330E+01   .9999999 -.0002067  .0001440
T 1735 19 .1519317E+11   1100021E-01  .3734E+02  .8960E+01   .9999999  .0004694  .0002150
T 1736 19 .1519176E+11   1100022E-01  .1714E+02 -.2638E+01   .9999999  .0003051 -.0000004
T 1737 19 .1519345E+11   1100009E-01  .3953E+01 -.7180E+01   .9999999 -.0000667 -.0000781
T 1738 19 .1519299E+11   1100008E-01  .7525E+01  .6117E+01   .9999999  .0002194  .0001366
T 1739 19 .1519251E+11   1100005E-01 -.5457E+01  .1447E+02   .9999999 -.0001165  .0002038
T 1740 19 .1519154E+11   1100011E-01 -.2651E+01  .1813E+02   .9999999 -.0000435  .0001678
T 1741 19 .1519329E+11   1100001E-01  .5271E+00  .9145E+01   .9999999 -.0000221  .0001437
T 1742 19 .1519154E+11   1100021E-01 -.7512E-01  .2056E+02   .9999999 -.0000157  .0002869
T 1743 19 .1519367E+11   1100004E-01  .8042E+01 -.2587E+02   .9999999  .0002950 -.0003675
T 1744 19 .1519347E+11   1100012E-01 -.1049E+02 -.3567E+01   .9999999 -.0001052  .0000444
T 1745 19 .1519298E+11   1100014E-01 -.8361E+01  .1288E+02   .9999999 -.0004314  .0001657
T 1746 19 .1519425E+11   1100009E-01  .8034E+01 -.4452E+00   .9999999  .0000249  .0000787
T 1747 19 .1519261E+11   1100002E-01 -.1427E+01  .2503E+01   .9999999 -.0001006  .0000678
T 1748 19 .1519214E+11   1100011E-01  .1446E+02 -.4048E+02   .9999999  .0001386 -.0003835
T 1749 19 .1519354E+11   1100018E-01 -.4291E+01  .3071E+01   .9999999  .0000052  .0000374
T 1750 19 .1519351E+11   1100012E-01  .9264E+01 -.3982E+01   .9999999  .0001258  .0000296
T 1751 19 .1519259E+11   1100021E-01  .5412E+01 -.1476E+02   .9999999  .0002249 -.0001820
T 1752 19 .1519256E+11   1100016E-01  .7624E+01 -.4365E+01   .9999999  .0000071 -.0000812
T 1753 19 .1519244E+11   1100009E-01 -.3681E+01  .4936E+01   .9999999 -.0000101  .0000845
T 1754 19 .1519307E+11   1100015E-01 -.1520E+00  .9910E+01   .9999999 -.0000476  .0000351
T 1755 19 .1519193E+11   1100015E-01  .2163E+02 -.9054E+01   .9999999  .0002439 -.0001229
T 1756 19 .1519327E+11   1100020E-01  .5831E+01  .2370E+02   .9999998  .0001912  .0005982
T 1757 19 .1519210E+11   1100014E-01 -.9163E+01  .2846E+02   .9999999 -.0001814  .0004153
T 1758 19 .1519297E+11   1100004E-01  .1218E+02  .1091E+01   .9999999  .0002148  .0000424
T 1759 19 .1519420E+11   1100021E-01 -.1345E+01 -.2951E+01   .9999999  .0000538  .0000585
T 1760 19 .1519150E+11   1100020E-01  .4392E+01 -.7965E+01   .9999999  .0000163 -.0001180
T 1761 19 .1519233E+11   1100015E-01 -.1434E+02  .1139E+02   .9999999 -.0002389  .0001568
T 1762 19 .1519196E+11   1100009E-01 -.1551E+02  .9671E+01   .9999999 -.0002768  .0001844
T 1763 19 .1519275E+11   1100011E-01  .5269E+00  .1666E+01   .9999999  .0000393  .0000094
T 1764 19 .1519243E+11   1100010E-01 -.3576E+01  .1872E+00   .9999999 -.0001079 -.0001102
T 1765 19 .1519263E+11   1100021E-01 -.1330E+01  .1632E+02   .9999999 -.0001125  .0001410
T 1766 19 .1519231E+11   1100009E-01 -.1353E+01 -.3527E+01   .9999999 -.0000035 -.0000546
T 1767 19 .1519259E+11   1100004E-01 -.1424E+02  .1978E+02   .9999999 -.0002834  .0003000
T 1768 19 .1519331E+11   1100012E-01  .2896E+01 -.1121E+01   .9999999  .0000423 -.0000586
T 1769 19 .1519306E+11   1100002E-01  .5550E-01  .6157E+01   .9999999  .0000720 -.0000015
T 1770 19 .1519267E+11   1100019E-01 -.1546E+01 -.4860E+01   .9999999 -.0000151 -.0000316
T 1771 19 .1519239E+11   1100018E-01  .2712E+00 -.1385E+02   .9999999  .0000672 -.0001629
T 1772 19 .1519238E+11   1100005E-01  .3456E+01 -.6281E+01   .9999999  .0000810 -.0001925
T 1773 19 .1519265E+11   1100003E-01 -.2286E+01 -.3009E+01   .9999999 -.0000067 -.0001174
T 1774 19 .1519218E+11   1100008E-01  .1674E+03 -.9150E+02   .9999978  .0018228 -.0010203
T 1775 19 .1519422E+11   1100016E-01  .5010E-01  .1344E+02   .9999999 -.0000177  .0000844
T 1776 19 .1519175E+11   1100019E-01  .2172E+02 -.1062E+02   .9999999  .0002502 -.0002251
T 1777 19 .1519295E+11   1100008E-01 -.1194E+02 -.5257E+01   .9999999 -.0000239 -.0001070
T 1778 19 .1519169E+11   1100009E-01  .6330E+01  .1336E+02   .9999999  .0001160  .0002266
T 1779 19 .1519325E+11   1100023E-01 -.5999E+01 -.8655E+01   .9999999 -.0000495 -.0001654
T 1780 19 .1519242E+11   1100022E-01  .2683E+01  .9730E+01   .9999999  .0000928  .0002362
T 1781 19 .1519209E+11   1100004E-01  .2523E+01  .5901E+01   .9999999 -.0000052  .0000547
T 1782 19 .1519341E+11   1100017E-01  .2342E+01  .2673E+01   .9999999 -.0001213  .0002062
T 1783 19 .1519164E+11   1100022E-01  .6088E+01 -.5322E+01   .9999999  .0001052 -.0000547
T 1784 19 .1519260E+11   1100022E-01 -.1142E+02  .8926E+01   .9999999 -.0001696  .0000834
T 1785 19 .1519179E+11   1100005E-01  .1607E+02 -.7923E+01   .9999999  .0002307 -.0000368
T 1786 19 .1519282E+11   1100001E-01 -.6881E+01 -.1286E+02   .9999999 -.0001152 -.0000302
T 1787 19 .1519269E+11   1100021E-01  .5141E+01 -.1510E+01   .9999999  .0001263  .0000013
T 1788 19 .1519241E+11   1100003E-01  .3154E+01  .1349E+00   .9999999  .0000806  .0000512
T 1789 19 .1519228E+11   1100017E-01  .1014E+02 -.1209E+02   .9999999  .0002447 -.0001979
T 1790 19 .1519344E+11   1100008E-01 -.4990E+01 -.3217E+01   .9999999  .0000248 -.0001260
T 1791 19 .1519127E+11   1100013E-01 -.2220E+02 -.1696E+02   .9999999 -.0002197 -.0003382
T 1792 19 .1519191E+11   1100001E-01  .3058E+01 -.1737E+02   .9999999  .0001961 -.0001904
T 1793 19 .1519244E+11   1100019E-01  .1336E+02  .1388E+02   .9999999  .0002647 -.0000333
T 1794 19 .1519253E+11   1100002E-01  .1736E+01  .6448E+01   .9999996  .0008867 -.0000551
T 1795 19 .1519319E+11   1100022E-01  .1245E+02  .1128E+02   .9999999  .0001898  .0001999
T 1796 19 .1519336E+11   1100010E-01  .2048E+02 -.1333E+01   .9999999  .0003831  .0000076
T 1797 19 .1519186E+11   1100017E-01 -.3867E+01  .1444E+01   .9999999 -.0000543  .0000485
T 1798 19 .1519164E+11   1100002E-01  .8375E+01  .3255E+01   .9999999  .0001184  .0000484
T 1799 19 .1519280E+11   1100022E-01  .2127E+01  .1352E+02   .9999999  .0000354  .0000514
T 1800 19 .1519301E+11   1100009E-01  .2623E+02 -.6023E+01   .9999999  .0003003  .0000473
T 1801 19 .1519212E+11   1100001E-01  .1699E+02  .3694E+02   .9999999  .0001937  .0003832
T 1802 19 .1519251E+11   1100000E-01  .1281E+02 -.4554E+01   .9999999  .0000932  .0000827
T 1803 19 .1519222E+11   1100002E-01  .1073E+02 -.4636E+00   .9999999 -.0000050  .0000969
T 1804 19 .1519279E+11   1100018E-01  .1644E+02 -.1417E+00   .9999999  .0003179  .0001174
T 1805 19 .1519324E+11   1100021E-01  .2695E+01 -.4995E+01   .9999999 -.0000190 -.0000719
T 1806 19 .1519335E+11   1100014E-01 -.6523E+01 -.8645E+01   .9999999 -.0000687 -.0000650
T 1807 19 .1519386E+11   1100015E-01 -.6411E+01 -.4478E+01   .9999999 -.0000101  .0000097
T 1808 19 .1519281E+11   1100008E-01  .8795E+00  .4887E+00   .9999999  .0000684  .0000994
T 1809 19 .1519302E+11   1100013E-01 -.6253E+01 -.3215E+01   .9999999 -.0001299 -.0003022
T 1810 19 .1519214E+11   1100016E-01 -.1171E+02 -.8535E+02   .9999997 -.0001595 -.0007264
T 1811 19 .1519257E+11   1100015E-01 -.3849E+01  .5568E+01   .9999999 -.0001168  .0000385
T 1812 19 .1519165E+11   1100016E-01  .2250E+02  .3858E+01   .9999999  .0003340  .0000284
T 1813 19 .1519358E+11   1100014E-01 -.9868E+01  .7018E+01   .9999999 -.0000976  .0000208
T 1814 19 .1519319E+11   1100010E-01  .4449E-01 -.6002E+01   .9999999  .0000409 -.0000749
T 1815 19 .1519173E+11   1100008E-01 -.4460E+01  .5052E+01   .9999999 -.0001683  .0001417
T 1816 19 .1519250E+11   1100018E-01  .1307E+02  .4310E+01   .9999999  .0001319  .0001891
T 1817 19 .1519172E+11   1100006E-01  .7953E+01 -.8800E+01   .9999999  .0000546 -.0001031
T 1818 19 .1519334E+11   1100002E-01 -.1317E+02  .3074E+01   .9999999 -.0001300  .0000743
T 1819 19 .1519259E+11   1100000E-01  .2391E+01 -.4446E+01   .9999999 -.0000579 -.0000784
T 1820 19 .1519205E+11   1100013E-01 -.4806E+00 -.1578E+02   .9999999 -.0001129 -.0002489
T 1821 19 .1519335E+11   1100011E-01 -.2065E+02  .2000E+02   .9999999 -.0002403  .0001565
T 1822 19 .1519262E+11   1100013E-01  .3443E+01  .7133E+01   .9999999  .0000959  .0000594
T 1823 19 .1519186E+11   1100004E-01  .7702E+01 -.9922E+01   .9999999  .0001679 -.0001243
T 1824 19 .1519287E+11   1100013E-01 -.9803E+01 -.6060E+01   .9999999 -.0001364 -.0001165
T 1825 19 .1519259E+11   1100004E-01  .1008E+02  .1747E+02   .9999999  .0002732  .0002199
T 1826 19 .1519323E+11   1100011E-01  .2902E+00 -.1921E+01   .9999999  .0000500 -.0000698
T 1827 19 .1519296E+11   1100023E-01  .1181E+02  .3611E+01   .9999999  .0002367  .0001536
T 1828 19 .1519417E+11   1100020E-01  .2819E+02 -.1164E+02   .9999995  .0009545 -.0003161
T 1829 19 .1519294E+11   1100012E-01 -.4485E+01  .5065E+01   .9999999 -.0001169  .0000337
T 1830 19 .1519375E+11   1100006E-01  .5233E+01 -.1181E+01   .9999999  .0000377 -.0000574
T 1831 19 .1519368E+11   1100003E-01  .6500E+01 -.2870E+01   .9999999  .0000395 -.0000646
T 1832 19 .1519192E+11   1100018E-01 -.4728E+01 -.1426E+01   .9999999 -.0000123 -.0002966
T 1833 19 .1519216E+11   1100005E-01 -.3594E+01  .7270E+01   .9999999 -.0001995  .0000439
T 1834 19 .1519091E+11   1100015E-01 -.5475E+01 -.2646E+01   .9999999 -.0001233 -.0000502
T 1835 19 .1519264E+11   1100020E-01 -.6757E+01 -.2025E+01   .9999999 -.0001006  .0000487
T 1836 19 .1519384E+11   1100003E-01  .4005E+01  .7441E+01   .9999999  .0001679  .0001344
T 1837 19 .1519351E+11   1100013E-01 -.9578E+01  .7909E+01   .9999999 -.0001551  .0001039
T 1838 19 .1519268E+11   1100016E-01 -.1617E+01 -.8107E+01   .9999999  .0000571 -.0002358
T 1839 19 .1519393E+11   1100021E-01 -.8848E+00 -.1606E+01   .9999999 -.0000151  .0000267
T 1840 19 .1519326E+11   1100011E-01  .5295E+01 -.6674E+01   .9999999  .0001402 -.0000464
T 1841 19 .1519448E+11   1100005E-01  .3802E+00  .1007E+02   .9999999 -.0000168  .0000640
T 1842 19 .1519261E+11   1100009E-01  .2198E+01 -.1155E+01   .9999999  .0000147 -.0000653
T 1843 19 .1519289E+11   1100019E-01  .5530E+01 -.1231E+01   .9999999  .0000051 -.0000606
T 1844 19 .1519259E+11   1100009E-01 -.2997E+01  .1704E+01   .9999999 -.0000770  .0000554
T 1845 19 .1519374E+11   1100004E-01 -.2176E+01 -.8675E+01   .9999999 -.0001580 -.0001833
T 1846 19 .1519292E+11   1100019E-01  .1195E+01 -.5665E+01   .9999999  .0000612 -.0000778
T 1847 19 .1519224E+11   1100007E-01 -.8989E+01 -.2377E+01   .9999999 -.0001282 -.0000505
T 1848 19 .1519271E+11   1100012E-01 -.2783E+01 -.8633E+01   .9999999 -.0000543 -.0000563
T 1849 19 .1519247E+11   1100016E-01 -.2988E+02 -.1386E+02   .9999999 -.0003611 -.0001304
T 1850 19 .1519297E+11   1100015E-01 -.1048E+02  .3378E+01   .9999999 -.0001367  .0000361
T 1851 19 .1519216E+11   1100001E-01 -.4547E+01  .7396E+01   .9999999 -.0000823  .0000315
T 1852 19 .1519174E+11   1100013E-01 -.3064E+02  .7945E+01   .9999998 -.0005561  .0002484
T 1853 19 .1519249E+11   1100015E-01 -.3564E+01 -.1008E+01   .9999999 -.0000014  .0001122
T 1854 19 .1519407E+11   1100019E-01 -.3523E+00  .1373E+02   .9999999 -.0000786  .0002159
T 1855 19 .1519330E+11   1100023E-01  .9088E+01  .3378E+01   .9999999  .0001166  .0000699
T 1856 19 .1519132E+11   1100012E-01  .9307E+01 -.6864E+01   .9999999  .0001605 -.0002189
T 1857 19 .1519251E+11   1100011E-01  .1523E+02  .9385E+01   .9999999  .0001301  .0000965
T 1858 19 .1519264E+11   1100015E-01  .1761E+01  .4164E+01   .9999999 -.0000009 -.0000148
T 1859 19 .1519235E+11   1100012E-01  .5575E+01  .3814E+01   .9999999  .0000349  .0001131
T 1860 19 .1519361E+11   1100007E-01 -.1138E+01  .1029E+02   .9999999 -.0000523  .0001465
T 1861 19 .1519338E+11   1100000E-01 -.3242E+01 -.2715E+00   .9999999 -.0002022  .0000008
T 1862 19 .1519302E+11   1100019E-01  .1081E+02 -.3090E-01   .9999999  .0002305 -.0001210
T 1863 19 .1519281E+11   1100020E-01 -.3235E+00 -.1310E+02   .9999999 -.0000529 -.0000726
T 1864 19 .1519245E+11   1100019E-01  .1959E+02 -.4411E+01   .9999999  .0002886 -.0000517
T 1865 19 .1519412E+11   1100012E-01  .3262E+01 -.3111E+01   .9999999 -.0000182 -.0000796
T 1866 19 .1519152E+11   1100018E-01  .3233E+01 -.3537E+01   .9999999 -.0000284 -.0001117
T 1867 19 .1519251E+11   1100022E-01 -.3060E+02 -.7524E+01   .9999999 -.0003085 -.0000085
T 1868 19 .1519303E+11   1100022E-01  .5971E+01 -.8571E+01   .9999999  .0001078 -.0002072
T 1869 19 .1519306E+11   1100014E-01 -.2151E+01 -.2531E+01   .9999999 -.0000921 -.0001100
T 1870 19 .1519324E+11   1100013E-01  .3270E+01 -.4973E+01   .9999999 -.0000012 -.0001468
T 1871 19 .1519403E+11   1100020E-01  .5829E+01 -.1629E+01   .9999999  .0000489  .0000304
T 1872 19 .1519348E+11   1100018E-01 -.1657E+01  .1682E+01   .9999999  .0000066 -.0000255
T 1873 19 .1519227E+11   1100019E-01  .6482E+01  .6103E+01   .9999999  .0000630  .0000345
T 1874 19 .1519440E+11   1100008E-01 -.2575E+00 -.7978E+01   .9999999  .0002039 -.0000517
T 1875 19 .1519227E+11   1100005E-01  .7757E+01 -.7418E+01   .9999999  .0001040 -.0001963
T 1876 19 .1519314E+11   1100009E-01  .1649E+02  .7076E+01   .9999999  .0000990  .0003545
T 1877 19 .1519233E+11   1100018E-01  .9928E+01  .6155E+01   .9999999  .0002177  .0000686
T 1878 19 .1519204E+11   1100002E-01 -.4609E+01 -.1203E+02   .9999999 -.0001401 -.0002049
T 1879 19 .1519281E+11   1100008E-01 -.5536E+01 -.1698E+02   .9999999 -.0001060 -.0003699
T 1880 19 .1519318E+11   1100022E-01  .4158E+02  .1738E+02   .9999998  .0002554  .0005655
T 1881 19 .1519229E+11   1100022E-01  .1887E-01 -.4588E+01   .9999999  .0000693 -.0001207
T 1882 19 .1519259E+11   1100019E-01  .4680E+01 -.3777E+01   .9999999  .0000528 -.0000436
T 1883 19 .1519156E+11   1100003E-01  .9241E+01 -.1152E+02   .9999999  .0000860 -.0003000
T 1884 19 .1519195E+11   1100005E-01  .2318E+01  .4231E+01   .9999999 -.0000874 -.0000107
T 1885 19 .1519173E+11   1100015E-01  .7182E+01 -.4887E+01   .9999999 -.0000159 -.0000265
T 1886 19 .1519165E+11   1100010E-01 -.5611E+01 -.8260E+01   .9999999 -.0000878 -.0000870
T 1887 19 .1519203E+11   1100006E-01  .5254E+01 -.5687E+01   .9999999  .0000301 -.0001448
T 1888 19 .1519299E+11   1100014E-01 -.9727E+01 -.7849E+00   .9999999 -.0001796 -.0000438
T 1889 19 .1519243E+11   1100005E-01  .6198E+01  .1359E+02   .9999999  .0000462  .0002394
T 1890 19 .1519273E+11   1100012E-01 -.6665E+01 -.2185E+01   .9999999 -.0000982  .0000696
T 1891 19 .1519247E+11   1100011E-01  .1060E+02  .1008E+02   .9999999  .0001168  .0000766
T 1892 19 .1519193E+11   1100012E-01 -.1757E+02 -.5669E+01   .9999999 -.0000934 -.0000602
T 1893 19 .1519148E+11   1100011E-01  .2015E+03 -.2720E+03   .9999895  .0026815 -.0037090
T 1894 19 .1519249E+11   1100020E-01  .2143E+02  .3532E+01   .9999999  .0002189  .0000958
T 1895 19 .1519304E+11   1100008E-01 -.4394E+01  .8226E+00   .9999999 -.0000216  .0000630
T 1896 19 .1519319E+11   1100018E-01  .1881E+01  .3360E+01   .9999999 -.0000810 -.0000116
T 1897 19 .1519336E+11   1100016E-01 -.4975E+01 -.1740E+01   .9999999 -.0001184 -.0000108
T 1898 19 .1519247E+11   1100017E-01 -.1064E+02  .7575E+01   .9999999 -.0002549 -.0000238
T 1899 19 .1519207E+11   1100005E-01 -.4123E+00  .3203E+01   .9999999 -.0000333  .0000771
T 1900 19 .1519367E+11   1100002E-01 -.4093E+00  .1169E+01   .9999999  .0000109 -.0000128
T 1901 19 .1519310E+11   1100010E-01 -.6282E+01  .1447E+02   .9999999 -.0001389  .0001674
T 1902 19 .1519250E+11   1100019E-01  .7961E+01 -.1006E+01   .9999999  .0000478  .0000215
T 1903 19 .1519297E+11   1100001E-01  .4774E+01  .2373E+01   .9999999  .0000774 -.0000452
T 1904 19 .1519462E+11   1100007E-01  .7636E+01 -.3793E+01   .9999999  .0001021  .0000276
T 1905 19 .1519147E+11   1100020E-01  .6689E+01 -.5736E+01   .9999999  .0001916  .0000110
T 1906 19 .1519144E+11   1100010E-01 -.1873E+01  .1567E+01   .9999999 -.0000596 -.0000908
T 1907 19 .1519341E+11   1100013E-01 -.5331E+01 -.1300E+02   .9999999 -.0001849 -.0000188
T 1908 19 .1519138E+11   1100004E-01  .1045E+02 -.1520E+02   .9999999  .0001380 -.0002086
T 1909 19 .1519256E+11   1100007E-01 -.9181E+00 -.4228E+01   .9999999  .0001225 -.0000285
T 1910 19 .1519123E+11   1100005E-01 -.2094E+02 -.1936E+02   .9999999 -.0003237 -.0003234
T 1911 19 .1519279E+11   1100000E-01 -.4233E+00  .1219E+02   .9999999  .0000934  .0002154
T 1912 19 .1519133E+11   1100020E-01  .1532E+02  .5350E+01   .9999999  .0002915  .0003135
T 1913 19 .1519286E+11   1100011E-01  .1434E+02  .2999E+01   .9999999  .0003294  .0000878
T 1914 19 .1519219E+11   1100014E-01  .8329E+01  .3238E+01   .9999999  .0000795 -.0000022
T 1915 19 .1519248E+11   1100011E-01  .1388E+02 -.9214E+00   .9999999  .0002815  .0002546
T 1916 19 .1519305E+11   1100000E-01  .2437E+01 -.8683E+01   .9999999  .0001131 -.0001156
T 1917 19 .1519315E+11   1100021E-01  .1322E+02  .1543E+02   .9999999  .0001435  .0002538
T 1918 19 .1519315E+11   1100014E-01  .2442E+02 -.1895E+01   .9999999  .0004424 -.0001217
T 1919 19 .1519266E+11   1100004E-01 -.1808E+02 -.9581E+01   .9999999 -.0001496 -.0001532
T 1920 19 .1519360E+11   1100011E-01  .1311E+02 -.6416E+01   .9999999  .0001786  .0000530
T 1921 19 .1519287E+11   1100016E-01  .1032E+02 -.1023E+02   .9999999  .0003212 -.0002698
T 1922 19 .1519387E+11   1100007E-01 -.2396E+01 -.3383E+01   .9999999 -.0000213 -.0000486
T 1923 19 .1519225E+11   1100011E-01 -.1637E+01  .1583E+02   .9999999 -.0000155  .0003310
T 1924 19 .1519446E+11   1100020E-01 -.6047E+01 -.6717E+01   .9999999 -.0000697 -.0000989
T 1925 19 .1519192E+11   1100016E-01 -.1640E+02  .1955E+01   .9999999 -.0002391 -.0000409
T 1926 19 .1519325E+11   1100017E-01 -.1645E+02 -.5499E+01   .9999999 -.0002070 -.0000548
T 1927 19 .1519184E+11   1100021E-01 -.1446E+01  .2838E+01   .9999999  .0000318  .0000878
T 1928 19 .1519273E+11   1100022E-01  .4291E+01 -.3947E+01   .9999999  .0001094  .0001018
T 1929 19 .1519242E+11   1100017E-01  .1140E+02  .5981E+01   .9999999  .0001841 -.0000355
T 1930 19 .1519362E+11   1100008E-01  .6230E+01 -.1737E+02   .9999999  .0000762 -.0000990
T 1931 19 .1519195E+11   1100019E-01 -.8445E+01  .4618E+01   .9999999 -.0001185  .0000390
T 1932 19 .1519236E+11   1100008E-01  .2979E+01  .1435E+02   .9999999  .0000386  .0002135
T 1933 19 .1519427E+11   1100013E-01  .4388E+01  .3129E+01   .9999999  .0000018  .0000795
T 1934 19 .1519273E+11   1100013E-01 -.6730E+01 -.2747E+01   .9999999 -.0001883 -.0000289
T 1935 19 .1519222E+11   1100014E-01 -.4241E+01 -.6299E+01   .9999999 -.0000547  .0000217
T 1936 19 .1519251E+11   1100019E-01  .2199E+01  .7592E+01   .9999999  .0000788  .0001010
T 1937 19 .1519260E+11   1100005E-01  .1214E+00  .4201E+01   .9999999 -.0000742 -.0000191
T 1938 19 .1519388E+11   1100018E-01  .2323E+01 -.2678E+01   .9999999 -.0000004 -.0001746
T 1939 19 .1519283E+11   1100018E-01  .2884E+01 -.5346E+00   .9999999  .0000707 -.0000061
T 1940 19 .1519172E+11   1100009E-01  .5038E+01  .5028E+01   .9999999  .0000635  .0000183
T 1941 19 .1519248E+11   1100017E-01  .4971E+00 -.1193E+02   .9999999 -.0001334  .0000267
T 1942 19 .1519236E+11   1100012E-01  .6700E+01  .1147E+02   .9999999 -.0000090  .0000617
T 1943 19 .1519459E+11   1100022E-01 -.3608E+01 -.1711E+00   .9999999  .0000924  .0000943
T 1944 19 .1519391E+11   1100022E-01 -.3977E+01  .1459E+02   .9999999 -.0000253  .0001675
T 1945 19 .1519299E+11   1100021E-01 -.1442E+02 -.1738E+01   .9999999 -.0001021 -.0000371
T 1946 19 .1519200E+11   1100020E-01 -.5216E+01  .2921E+01   .9999999 -.0000864  .0000351
T 1947 19 .1519279E+11   1100017E-01  .1587E+01 -.1615E+01   .9999999 -.0000199 -.0001029
T 1948 19 .1519216E+11   1100022E-01 -.4807E+01 -.9689E+01   .9999999 -.0000345 -.0001492
T 1949 19 .1519318E+11   1100000E-01  .2334E+01 -.8206E+00   .9999999  .0000295 -.0001301
T 1950 19 .1519274E+11   1100023E-01 -.1869E+01 -.6221E+01   .9999999 -.0000548 -.0001956
T 1951 19 .1519381E+11   1100021E-01  .1364E+02  .3858E+01   .9999999  .0001397  .0001549
T 1952 19 .1519160E+11   1100022E-01 -.8053E+01 -.1327E+01   .9999999  .0001022  .0000306
T 1953 19 .1519231E+11   1100017E-01 -.1267E+02 -.2672E+01   .9999999 -.0001920 -.0000284
T 1954 19 .1519233E+11   1100012E-01 -.5792E+01  .1737E+02   .9999999 -.0000573  .0001765
T 1955 19 .1519217E+11   1100009E-01  .2505E+01 -.1248E+02   .9999999 -.0000119 -.0001813
T 1956 19 .1519213E+11   1100020E-01  .4354E+01 -.7849E+01   .9999999  .0000129 -.0001842
T 1957 19 .1519112E+11   1100016E-01 -.1246E+02 -.1062E+02   .9999999 -.0001778 -.0001084
T 1958 19 .1519053E+11   1100006E-01 -.1516E+01  .7632E+01   .9999999 -.0000437  .0000777
T 1959 19 .1519313E+11   1100016E-01  .6020E+01  .9236E+01   .9999999  .0000626  .0002359
T 1960 19 .1519428E+11   1100010E-01  .9827E+01  .5467E+01   .9999999  .0002018  .0001501
T 1961 19 .1519240E+11   1100018E-01  .1908E+00 -.7085E+01   .9999999  .0000649 -.0000631
T 1962 19 .1519366E+11   1100008E-01  .1307E+02 -.1878E+02   .9999999  .0002487 -.0003910
T 1963 19 .1519379E+11   1100008E-01 -.1916E+01 -.5290E+00   .9999999 -.0000278  .0001398
T 1964 19 .1519130E+11   1100020E-01  .1178E+02 -.1241E+02   .9999999  .0001954 -.0003046
T 1965 19 .1519162E+11   1100006E-01  .8306E+01  .2098E+02   .9999999  .0002492  .0001730
T 1966 19 .1519076E+11   1100017E-01  .9647E+01  .1582E+02   .9999999  .0002024  .0003046
T 1967 19 .1519400E+11   1100018E-01  .7799E+01  .7581E+01   .9999999  .0001369  .0000327
T 1968 19 .1519392E+11   1100005E-01  .5315E+01 -.7455E+01   .9999999  .0000861 -.0001918
T 1969 19 .1519343E+11   1100004E-01  .2744E+01 -.1110E+02   .9999999 -.0000550 -.0002697
T 1970 19 .1519194E+11   1100012E-01 -.9366E+01 -.5076E+01   .9999999 -.0002527 -.0000717
T 1971 19 .1519223E+11   1100011E-01 -.5871E-01  .1137E+02   .9999999 -.0001269  .0002736
T 1972 19 .1519266E+11   1100017E-01 -.1048E+02 -.1302E+02   .9999999 -.0002019 -.0002303
T 1973 19 .1519306E+11   1100016E-01  .8518E+01  .1436E+02   .9999999  .0000824 -.0000040
T 1974 19 .1519389E+11   1100015E-01  .1172E+02 -.1916E+02   .9999998  .0003890 -.0003931
T 1975 19 .1519308E+11   1100016E-01 -.1598E+01  .8080E+01   .9999999 -.0000864 -.0000716
T 1976 19 .1519356E+11   1100020E-01 -.3744E+01  .1081E+02   .9999999 -.0000483  .0001163
T 1977 19 .1519260E+11   1100013E-01 -.7971E+00 -.9248E+01   .9999999  .0000179 -.0000955
T 1978 19 .1519196E+11   1100009E-01  .5334E+01  .6364E+01   .9999999 -.0000457  .0001569
T 1979 19 .1519328E+11   1100013E-01  .5661E+00 -.2702E+01   .9999999 -.0000717 -.0000791
T 1980 19 .1519353E+11   1100007E-01  .1087E+02  .4987E+01   .9999999  .0001559  .0000919
T 1981 19 .1519225E+11   1100014E-01  .8221E+00 -.4607E+01   .9999999 -.0001140 -.0000910
T 1982 19 .1519222E+11   1100008E-01  .1007E+02  .3587E+01   .9999999  .0002274  .0000666
T 1983 19 .1519393E+11   1100020E-01 -.1036E+02  .1926E+02   .9999999 -.0002082  .0003130
T 1984 19 .1519237E+11   1100013E-01 -.1359E+01  .5761E+02   .9999998 -.0000293  .0006410
T 1985 19 .1519236E+11   1100011E-01 -.5854E+01  .5600E+01   .9999999 -.0001823  .0000714
T 1986 19 .1519306E+11   1100015E-01 -.5946E+01  .1879E+02   .9999999 -.0000380  .0002421
T 1987 19 .1519314E+11   1100016E-01  .5732E+01 -.4795E+01   .9999999 -.0000050 -.0000298
T 1988 19 .1519244E+11   1100008E-01 -.4032E+01  .1016E+01   .9999999 -.0000885  .0000377
T 1989 19 .1519109E+11   1100005E-01 -.6568E+01  .2669E+02   .9999999 -.0001187  .0003654
T 1990 19 .1519200E+11   1100003E-01 -.8450E+01  .1385E+02   .9999999  .0001864  .0001250
T 1991 19 .1519250E+11   1100014E-01  .4863E+01  .7550E+01   .9999999 -.0001522  .0000320
T 1992 19 .1519185E+11   1100005E-01  .6043E+01 -.1913E+01   .9999999  .0000571  .0000531
T 1993 19 .1519115E+11   1100008E-01  .9418E+01 -.1021E+02   .9999999  .0000130 -.0001287
T 1994 19 .1519225E+11   1100014E-01 -.1379E+01 -.9396E+01   .9999999 -.0001856 -.0001942
T 1995 19 .1519281E+11   1100020E-01 -.4758E+01  .7082E+01   .9999999 -.0000065  .0001660
T 1996 19 .1519214E+11   1100018E-01 -.2655E+01 -.4741E+01   .9999999 -.0000782 -.0000382
T 1997 19 .1519195E+11   1100018E-01  .1500E+01 -.9964E+01   .9999999 -.0000504 -.0001181
T 1998 19 .1519359E+11   1100022E-01 -.9714E+01 -.5055E+01   .9999999 -.0001947 -.0001252
T 1999 19 .1519098E+11   1100013E-01 -.1571E+01  .3560E+01   .9999999 -.0001264  .0000936
T 2000 19 .1519279E+11   1100022E-01  .1974E+01  .2599E+01   .9999999  .0000674  .0000614
T 2001 19 .1519109E+11   1100006E-01 -.1140E+02  .3239E+01   .9999999 -.0001688  .0000421
T 2002 19 .1519218E+11   1100022E-01  .7274E+01 -.6002E+01   .9999999  .0000741 -.0000665
T 2003 19 .1519331E+11   1100023E-01 -.9719E+00 -.5110E+01   .9999999  .0000546 -.0002077
T 2004 19 .1519230E+11   1100013E-01 -.1173E+02  .2678E+01   .9999999 -.0001699  .0000773
T 2005 19 .1519223E+11   1100008E-01  .5959E+01 -.1206E+01   .9999999  .0000270  .0000896
T 2006 19 .1519416E+11   1100008E-01  .1480E+02  .2334E+01   .9999999  .0001264 -.0000662
T 2007 19 .1519230E+11   1100020E-01 -.2508E+01  .5927E+01   .9999999 -.0000145  .0000406
T 2008 19 .1519137E+11   1100002E-01  .1518E+03  .1364E+03   .9999962  .0020536  .0018250
T 2009 19 .1519309E+11   1100018E-01 -.1329E+01  .1066E+02   .9999999  .0000179  .0000498
T 2010 19 .1519322E+11   1100011E-01 -.1862E+02 -.8162E+01   .9999999 -.0002540 -.0002447
T 2011 19 .1519227E+11   1100002E-01 -.7007E+01  .5234E+00   .9999999 -.0000906 -.0000826
T 2012 19 .1519341E+11   1100018E-01  .8866E+01 -.1466E+01   .9999999  .0000744 -.0000429
T 2013 19 .1519331E+11   1100022E-01 -.1533E+02 -.3214E+02   .9999999 -.0002710 -.0004144
T 2014 19 .1519341E+11   1100019E-01 -.8958E+01  .5830E+00   .9999999 -.0001042 -.0000136
T 2015 19 .1519176E+11   1100010E-01 -.3798E+01  .1276E+02   .9999999 -.0001733  .0001531
T 2016 19 .1519309E+11   1100006E-01 -.2785E+01  .5811E+01   .9999999  .0000125  .0000935
T 2017 19 .1519385E+11   1100023E-01 -.1557E+01 -.4946E+01   .9999999 -.0000192 -.0000258
T 2018 19 .1519292E+11   1100018E-01  .7170E+01  .1021E+02   .9999999  .0001151  .0001299
T 2019 19 .1519356E+11   1100021E-01 -.1604E+02 -.5952E+01   .9999999 -.0002830 -.0000832
T 2020 19 .1519252E+11   1100008E-01 -.4601E+00  .4320E+01   .9999999 -.0000939  .0001616
T 2021 19 .1519331E+11   1100023E-01 -.1226E+01  .2964E+02   .9999999  .0000027  .0002765
T 2022 19 .1519251E+11   1100019E-01  .3482E+01  .4559E+01   .9999999  .0000511  .0000894
T 2023 19 .1519278E+11   1100019E-01  .7174E+01 -.8717E+01   .9999999 -.0000157 -.0001679
T 2024 19 .1519195E+11   1100011E-01  .1030E+02  .5831E+01   .9999999  .0001113  .0002173
T 2025 19 .1519270E+11   1100018E-01  .9390E+01  .9999E-01   .9999999  .0002477  .0000198
T 2026 19 .1519341E+11   1100013E-01  .8179E+01  .4658E+01   .9999999  .0000911  .0000899
T 2027 19 .1519353E+11   1100008E-01 -.3898E+01 -.2369E+01   .9999999  .0000066  .0001074
T 2028 19 .1519363E+11   1100021E-01 -.3499E+01 -.2829E+01   .9999999 -.0001265 -.0001105
T 2029 19 .1519313E+11   1100019E-01 -.2735E+02  .8979E+01   .9999999 -.0004328  .0001040
T 2030 19 .1519201E+11   1100007E-01 -.1262E+01 -.1341E+01   .9999999  .0000267  .0000864
T 2031 19 .1519203E+11   1100012E-01 -.3137E+01 -.1817E+01   .9999999 -.0000829  .0000059
T 2032 19 .1519320E+11   1100017E-01 -.3261E+01  .5366E+01   .9999999  .0000256  .0000246
T 2033 19 .1519210E+11   1100005E-01 -.9131E+01 -.1128E+02   .9999999 -.0002319 -.0002738
T 2034 19 .1519349E+11   1100013E-01 -.1616E+02  .6170E+01   .9999999 -.0003436  .0000045
T 2035 19 .1519309E+11   1100003E-01  .1929E+02 -.9077E+01   .9999999  .0002813 -.0001826
T 2036 19 .1519214E+11   1100022E-01 -.2708E+01  .2836E+01   .9999999 -.0000729  .0000551
T 2037 19 .1519170E+11   1100003E-01  .6039E+01 -.6317E+01   .9999999  .0000215 -.0000430
T 2038 19 .1519324E+11   1100003E-01 -.7333E+01 -.9254E+01   .9999999 -.0000986 -.0001636
T 2039 19 .1519296E+11   1100020E-01 -.1895E+02 -.1467E+02   .9999999 -.0002705 -.0000561
T 2040 19 .1519387E+11   1100005E-01 -.7903E+01 -.4495E+00   .9999999 -.0000723 -.0000123
T 2041 19 .1519185E+11   1100018E-01  .3584E+01 -.4904E+01   .9999999  .0001491  .0000215
T 2042 19 .1519279E+11   1100021E-01 -.2578E+00  .6712E+01   .9999999 -.0001473  .0001903
T 2043 19 .1519212E+11   1100016E-01  .3991E+01 -.6616E+00   .9999999  .0001318 -.0000107
T 2044 19 .1519225E+11   1100001E-01 -.1457E+01  .1136E+02   .9999999 -.0000864  .0000400
T 2045 19 .1519277E+11   1100014E-01  .1895E+02  .1064E+01   .9999999  .0002267  .0000828
T 2046 19 .1519310E+11   1100022E-01 -.9364E+01  .3602E+01   .9999999 -.0001371  .0000256
T 2047 19 .1519391E+11   1100015E-01 -.5465E+02  .2145E+02   .9999998 -.0005842  .0001127
T 2048 19 .1519189E+11   1100016E-01  .4916E+00 -.3701E+01   .9999999  .0000662 -.0000121
T 2049 19 .1519211E+11   1100016E-01  .2488E+01 -.4031E+01   .9999999 -.0000478 -.0000380
T 2050 19 .1519279E+11   1100020E-01 -.1725E+01  .1451E+01   .9999999 -.0001882  .0000785
T 2051 19 .1519236E+11   1100012E-01 -.2849E+01 -.4595E+01   .9999999 -.0000986 -.0001435
T 2052 19 .1519295E+11   1100007E-01  .2869E+02 -.7031E+01   .9999998  .0005774 -.0000395
T 2053 19 .1519287E+11   1100022E-01 -.1391E+02  .2908E+01   .9999999 -.0000529  .0000261
T 2054 19 .1519262E+11   1100020E-01  .4054E+01  .1607E+02   .9999999  .0000917  .0002458
T 2055 19 .1519263E+11   1100007E-01  .7469E+02  .1029E+03   .9999823  .0037479  .0046283
T 2056 19 .1519188E+11   1100015E-01 -.2502E+00 -.5346E+01   .9999999  .0000198 -.0001836
T 2057 19 .1519315E+11   1100016E-01 -.1365E+01 -.6269E+00   .9999999  .0000231 -.0000462
T 2058 19 .1519124E+11   1100015E-01  .1110E+02  .8085E+00   .9999999  .0001922 -.0001015
T 2059 19 .1519277E+11   1100003E-01  .2964E+01  .8046E+01   .9999999  .0000270  .0001129
T 2060 19 .1519287E+11   1100012E-01  .1415E+02 -.2818E+01   .9999999  .0001868 -.0000894
T 2061 19 .1519246E+11   1100007E-01 -.2788E+02  .8964E+01   .9999999 -.0003983  .0001696
T 2062 19 .1519179E+11   1100010E-01  .5797E+01 -.8782E+01   .9999999  .0000647 -.0000957
T 2063 19 .1519208E+11   1100017E-01 -.8560E+01  .1003E+02   .9999999 -.0001934  .0002187
T 2064 19 .1519399E+11   1100017E-01 -.1670E+01  .5577E+00   .9999999 -.0000883  .0000331
T 2065 19 .1519278E+11   1100017E-01 -.3470E+01  .6437E+01   .9999999 -.0001328  .0000839
T 2066 19 .1519289E+11   1100003E-01  .1251E+02 -.9962E+01   .9999999  .0000137 -.0000607
T 2067 19 .1519194E+11   1100020E-01  .2389E+01  .7204E+01   .9999999 -.0001093  .0001012
T 2068 19 .1519185E+11   1100017E-01 -.6686E+01  .2846E+01   .9999999 -.0001550  .0000569
T 2069 19 .1519223E+11   1100013E-01 -.1899E+02  .2655E+01   .9999999 -.0002949  .0001452
T 2070 19 .1519260E+11   1100017E-01  .1516E+01 -.5100E+01   .9999999  .0000552 -.0001611
T 2071 19 .1519400E+11   1100018E-01  .7577E+01  .2347E+01   .9999999  .0001445  .0000582
T 2072 19 .1519333E+11   1100014E-01  .8664E+01  .1597E+01   .9999999  .0001227 -.0000530
T 2073 19 .1519197E+11   1100022E-01 -.8937E+01 -.3077E+01   .9999999 -.0001208  .0001131
T 2074 19 .1519327E+11   1100009E-01  .1267E+02  .7468E+01   .9999999  .0001186  .0000913
T 2075 19 .1519299E+11   1100013E-01 -.6760E+01  .9578E+01   .9999999  .0000556  .0002389
T 2076 19 .1519214E+11   1100020E-01  .2541E+01 -.1953E+01   .9999999  .0000096 -.0000508
T 2077 19 .1519389E+11   1100021E-01  .6082E+01  .3687E+01   .9999999  .0000979  .0000063
T 2078 19 .1519175E+11   1100013E-01 -.5505E+00  .8765E+01   .9999999  .0000308  .0001791
T 2079 19 .1519253E+11   1100013E-01 -.8050E+01  .7551E+01   .9999999 -.0001743  .0000348
T 2080 19 .1519265E+11   1100014E-01  .4344E+01 -.1861E+02   .9999999  .0000576 -.0002720
T 2081 19 .1519370E+11   1100000E-01 -.9214E+00 -.7619E+01   .9999999  .0000806 -.0001436
T 2082 19 .1519291E+11   1100011E-01 -.7153E+00 -.5647E+01   .9999999  .0000271  .0000539
T 2083 19 .1519294E+11   1100004E-01 -.9619E+01 -.3074E+02   .9999999 -.0001058 -.0005168
T 2084 19 .1519158E+11   1100013E-01 -.1781E+01 -.2528E+01   .9999999 -.0000713 -.0000067
T 2085 19 .1519157E+11   1100021E-01 -.2605E+00  .9023E+01   .9999999 -.0000703  .0001015
T 2086 19 .1519190E+11   1100006E-01  .4768E+00 -.7819E+01   .9999999  .0000112 -.0001057
T 2087 19 .1519244E+11   1100001E-01 -.1421E+02  .1255E+02   .9999999 -.0001825  .0002346
T 2088 19 .1519323E+11   1100019E-01 -.5477E+01  .6770E+01   .9999999 -.0002229  .0001243
T 2089 19 .1519370E+11   1100013E-01 -.7452E+01 -.5052E+01   .9999999 -.0000818  .0000310
T 2090 19 .1519275E+11   1100019E-01 -.1120E+01 -.4470E+01   .9999999 -.0000248 -.0000629
T 2091 19 .1519274E+11   1100021E-01 -.7000E+01 -.9329E+01   .9999999 -.0000096 -.0001730
T 2092 19 .1519247E+11   1100021E-01 -.7056E+01  .2377E+02   .9999999 -.0001083  .0002960
T 2093 19 .1519192E+11   1100022E-01 -.1517E+01 -.6183E+01   .9999999  .0000922 -.0001423
T 2094 19 .1519366E+11   1100005E-01  .1711E+01  .1482E+02   .9999999  .0000482  .0002582
T 2095 19 .1519340E+11   1100018E-01  .1822E+02 -.5079E+02   .9999998  .0002383 -.0006091
T 2096 19 .1519201E+11   1100009E-01 -.3732E+01  .1684E+02   .9999999 -.0000104  .0002648
T 2097 19 .1519130E+11   1100016E-01  .7360E+01  .2527E+01   .9999999  .0001101  .0000750
T 2098 19 .1519296E+11   1100016E-01 -.1029E+02  .2927E+00   .9999999 -.0002672 -.0000374
T 2099 19 .1519431E+11   1100015E-01  .7724E+01  .2413E+01   .9999999  .0000385 -.0000176
T 2100 19 .1519231E+11   1100005E-01  .4816E+01 -.7557E+00   .9999999  .0000364 -.0000572
T 2101 19 .1519305E+11   1100022E-01  .3389E+01  .2005E+02   .9999999  .0000524  .0001762
T 2102 19 .1519240E+11   1100022E-01  .1129E+02  .2020E+02   .9999999  .0002028  .0002171
T 2103 19 .1519299E+11   1100001E-01  .1161E+02 -.4910E+01   .9999999  .0001457  .0000096
T 2104 19 .1519412E+11   1100009E-01  .1582E+02  .6371E+01   .9999999  .0003436  .0000439
T 2105 19 .1519184E+11   1100008E-01  .7363E+01  .8765E+01   .9999999  .0000916  .0000407
T 2106 19 .1519295E+11   1100018E-01 -.1542E+01  .7925E+01   .9999999  .0000242  .0000366
T 2107 19 .1519216E+11   1100005E-01 -.1109E+02  .1798E+02   .9999999 -.0002215  .0002979
T 2108 19 .1519172E+11   1100009E-01  .1187E+02  .6168E+01   .9999999  .0002262  .0001378
T 2109 19 .1519375E+11   1100003E-01 -.9485E+01  .2322E+01   .9999999 -.0002060  .0000843
T 2110 19 .1519237E+11   1100021E-01  .2887E+01 -.6988E+01   .9999999  .0000256 -.0001367
T 2111 19 .1519114E+11   1100015E-01 -.6982E+01  .8524E+01   .9999999 -.0002079  .0000987
T 2112 19 .1519259E+11   1100005E-01  .8094E+01 -.4779E+01   .9999999  .0000966  .0000247
T 2113 19 .1519257E+11   1100010E-01 -.3807E+01  .6213E+01   .9999999 -.0000357  .0000713
T 2114 19 .1519189E+11   1100021E-01 -.1020E+01 -.1913E+01   .9999999 -.0000442 -.0000568
T 2115 19 .1519256E+11   1100018E-01  .5792E+01 -.2113E+01   .9999999  .0002346 -.0004233
T 2116 19 .1519385E+11   1100005E-01 -.4585E+01  .1344E+02   .9999999 -.0001083  .0002700
T 2117 19 .1519311E+11   1100020E-01 -.1334E+02 -.1651E+02   .9999999 -.0000980 -.0002895
T 2118 19 .1519251E+11   1100015E-01 -.1009E+02  .7417E+01   .9999999 -.0001598  .0000181
T 2119 19 .1519260E+11   1100012E-01 -.4804E+01 -.1224E+02   .9999999 -.0001534 -.0001855
T 2120 19 .1519404E+11   1100022E-01 -.2960E+01  .5528E+00   .9999999 -.0001161 -.0000385
T 2121 19 .1519266E+11   1100021E-01 -.3800E+01 -.1754E+02   .9999999 -.0000485 -.0001760
T 2122 19 .1519178E+11   1100021E-01  .9084E+01 -.5806E+01   .9999999  .0002431 -.0001106
T 2123 19 .1519253E+11   1100016E-01  .4404E+01 -.1876E-02   .9999999  .0000859  .0000626
T 2124 19 .1519250E+11   1100001E-01  .3676E+01  .8694E+01   .9999999 -.0001434  .0002461
T 2125 19 .1519327E+11   1100020E-01  .2651E+01  .2811E+01   .9999999  .0000751  .0000561
T 2126 19 .1519179E+11   1100012E-01 -.7878E+01 -.1164E+02   .9999999 -.0000854 -.0001601
T 2127 19 .1519305E+11   1100013E-01 -.2151E+01  .3884E+01   .9999999 -.0000347  .0000341
T 2128 19 .1519283E+11   1100022E-01  .6564E+01 -.4333E+01   .9999999  .0000918 -.0000966
T 2129 19 .1519276E+11   1100008E-01 -.9313E+00  .4398E+01   .9999999 -.0000039  .0000089
T 2130 19 .1519305E+11   1100013E-01  .4453E+01  .1674E+02   .9999999  .0000379  .0001807
T 2131 19 .1519246E+11   1100020E-01 -.1874E+01  .2005E+01   .9999999 -.0000619  .0000538
T 2132 19 .1519259E+11   1100009E-01  .3728E+01  .7742E+00   .9999999  .0000630 -.0000497
T 2133 19 .1519274E+11   1100022E-01  .1316E+02 -.2900E+01   .9999999  .0001082  .0000661
T 2134 19 .1519249E+11   1100005E-01 -.6472E+02 -.1049E+03   .9999991 -.0007403 -.0011405
T 2135 19 .1519340E+11   1100012E-01  .4795E+01  .1175E+02   .9999999  .0003569  .0002491
T 2136 19 .1519308E+11   1100015E-01 -.6944E+02 -.6967E+02   .9999990 -.0010207 -.0009556
T 2137 19 .1519218E+11   1100007E-01 -.6567E+01 -.5913E+00   .9999999 -.0001034 -.0000720
T 2138 19 .1519315E+11   1100003E-01 -.5846E+01 -.3298E+02   .9999999 -.0001116 -.0003831
T 2139 19 .1519296E+11   1100020E-01 -.3109E-01  .1786E+02   .9999999  .0000311  .0002716
T 2140 19 .1519283E+11   1100000E-01 -.1218E+01  .3671E+01   .9999999  .0001003 -.0000134
T 2141 19 .1519306E+11   1100020E-01 -.6806E+01  .1332E+02   .9999999 -.0000517  .0001813
T 2142 19 .1519237E+11   1100019E-01  .8407E+01 -.1283E+02   .9999999  .0001358 -.0001123
T 2143 19 .1519413E+11   1100011E-01  .2704E+01  .7548E+01   .9999999 -.0000559  .0001246
T 2144 19 .1519282E+11   1100006E-01 -.1031E+02  .4210E+00   .9999999 -.0001139 -.0001092
T 2145 19 .1519264E+11   1100021E-01  .1436E+02  .3899E+01   .9999999  .0001958  .0000271
T 2146 19 .1519299E+11   1100018E-01  .3250E+01 -.1319E+02   .9999999 -.0000311 -.0002400
T 2147 19 .1519152E+11   1100014E-01  .3272E+01 -.2245E+01   .9999999  .0000291 -.0000407
T 2148 19 .1519261E+11   1100005E-01 -.1106E+02  .1790E+01   .9999999 -.0001522  .0000377
T 2149 19 .1519289E+11   1100019E-01 -.1372E+01  .2729E+01   .9999999 -.0000134 -.0000331
T 2150 19 .1519256E+11   1100000E-01  .9140E+01  .4152E+01   .9999999  .0000927 -.0000048
T 2151 19 .1519119E+11   1100012E-01  .2342E+01 -.4541E+01   .9999999 -.0000093 -.0000991
T 2152 19 .1519231E+11   1100019E-01 -.8703E+01 -.8955E+01   .9999985  .0015152  .0007856
T 2153 19 .1519378E+11   1100015E-01  .8112E+01  .9506E+00   .9999999  .0002882  .0003270
T 2154 19 .1519155E+11   1100014E-01  .1062E+02 -.7733E+01   .9999999  .0000785 -.0000395
T 2155 19 .1519304E+11   1100010E-01 -.2199E+01  .1103E+02   .9999999  .0000211  .0002066
T 2156 19 .1519172E+11   1100002E-01 -.2940E+01  .3394E+01   .9999999 -.0000175 -.0000097
T 2157 19 .1519171E+11   1100014E-01 -.8563E+01 -.5830E+00   .9999999 -.0002009 -.0000317
T 2158 19 .1519330E+11   1100022E-01 -.2085E+01 -.2342E+01   .9999999 -.0000057  .0000140
T 2159 19 .1519216E+11   1100014E-01 -.1346E+02  .6308E+01   .9999999 -.0003283  .0001018
T 2160 19 .1519291E+11   1100005E-01 -.1421E+02 -.3068E+01   .9999999 -.0001694 -.0000023
T 2161 19 .1519262E+11   1100006E-01  .3228E+02  .9521E+01   .9999998  .0005639  .0000845
T 2162 19 .1519246E+11   1100020E-01 -.4494E+01 -.1396E+02   .9999999 -.0000772 -.0001673
T 2163 19 .1519327E+11   1100012E-01  .2657E+01 -.1684E+02   .9999999 -.0000066 -.0002080
T 2164 19 .1519181E+11   1100018E-01  .1906E+02 -.2124E+01   .9999999  .0002507 -.0000888
T 2165 19 .1519221E+11   1100004E-01 -.2154E+01 -.8235E+01   .9999999 -.0001352 -.0001339
T 2166 19 .1519199E+11   1100013E-01  .8324E+01  .7266E+00   .9999999  .0001444  .0000832
T 2167 19 .1519292E+11   1100019E-01  .2922E+01  .5997E-01   .9999999  .0001152 -.0000080
T 2168 19 .1519276E+11   1100017E-01  .9400E+01  .1662E+01   .9999999  .0002237  .0001140
T 2169 19 .1519165E+11   1100001E-01 -.5395E+01  .2718E+01   .9999999  .0001067  .0000489
T 2170 19 .1519234E+11   1100014E-01  .3874E+01  .3041E+01   .9999999  .0001238  .0000290
T 2171 19 .1519215E+11   1100020E-01  .1039E+02  .1907E+01   .9999999  .0001935  .0001005
T 2172 19 .1519117E+11   1100021E-01 -.6292E+02 -.2274E+02   .9999996 -.0008236 -.0002042
T 2173 19 .1519314E+11   1100017E-01 -.8054E+01 -.1527E+02   .9999999 -.0001236 -.0001018
T 2174 19 .1519218E+11   1100023E-01  .1135E+02 -.6737E+01   .9999999  .0001925 -.0001441
T 2175 19 .1519293E+11   1100021E-01 -.7213E+01 -.4509E+01   .9999999 -.0001239 -.0000860
T 2176 19 .1519197E+11   1100018E-01 -.5368E+01  .6497E+01   .9999999 -.0000878  .0000011
T 2177 19 .1519386E+11   1100000E-01  .3979E+01 -.8151E+01   .9999999 -.0000252  .0000086
T 2178 19 .1519335E+11   1100005E-01  .1922E+02 -.4075E+01   .9999999  .0003555 -.0000332
T 2179 19 .1519232E+11   1100001E-01 -.3777E+01 -.2108E+02   .9999998 -.0001187 -.0006616
T 2180 19 .1519368E+11   1100011E-01 -.8792E+00 -.2352E+01   .9999999  .0000264  .0000472
T 2181 19 .1519185E+11   1100012E-01  .2307E+02  .2181E+02   .9999999  .0002700  .0002555
T 2182 19 .1519319E+11   1100014E-01  .4739E+01 -.7157E+01   .9999999  .0001109  .0000085
T 2183 19 .1519266E+11   1100008E-01 -.3598E+01  .3921E+00   .9999999  .0000245 -.0000857
T 2184 19 .1519386E+11   1100018E-01 -.2633E+00  .7013E+00   .9999999 -.0000174 -.0000507
T 2185 19 .1519184E+11   1100022E-01 -.7924E+01  .7853E+01   .9999999 -.0000793  .0000479
T 2186 19 .1519507E+11   1100020E-01  .2082E+02 -.1174E+01   .9999999  .0004001  .0001912
T 2187 19 .1519190E+11   1100016E-01  .1388E+02 -.1348E+02   .9999999  .0002684 -.0002355
T 2188 19 .1519375E+11   1100015E-01 -.1057E+02 -.5146E+01   .9999999 -.0002155 -.0000787
T 2189 19 .1519302E+11   1100010E-01  .6298E+01  .2831E+02   .9999998  .0002110  .0006586
T 2190 19 .1519337E+11   1100021E-01  .1558E+02  .2855E+02   .9999999  .0001964  .0004212
T 2191 19 .1519127E+11   1100003E-01  .3306E+01 -.2559E+01   .9999999  .0000592 -.0000276
T 2192 19 .1519326E+11   1100019E-01 -.6377E-01  .6207E+01   .9999999 -.0000023  .0000585
T 2193 19 .1519211E+11   1100021E-01  .1143E+02  .8442E+00   .9999999  .0000918 -.0000277
T 2194 19 .1519249E+11   1100008E-01 -.5680E+01  .1314E-01   .9999999 -.0000346 -.0000236
T 2195 19 .1519344E+11   1100012E-01  .5562E+00 -.1757E+01   .9999999  .0000657 -.0000761
T 2196 19 .1519166E+11   1100017E-01 -.4010E+01 -.1155E+02   .9999999 -.0000522 -.0001627
T 2197 19 .1519410E+11   1100006E-01  .1845E+02  .7136E+01   .9999999  .0002563  .0000949
T 2198 19 .1519249E+11   1100021E-01 -.1854E+01 -.2890E+01   .9999999 -.0000035  .0000007
T 2199 19 .1519231E+11   1100014E-01  .7081E+01  .6359E+01   .9999999  .0000944  .0000382
T 2200 19 .1519366E+11   1100011E-01 -.1034E+02 -.2414E-02   .9999999 -.0002061 -.0000416
T 2201 19 .1519215E+11   1100019E-01  .4908E+01 -.6788E+01   .9999999  .0000348 -.0002211
T 2202 19 .1519244E+11   1100021E-01  .1293E+02 -.9095E+01   .9999999  .0002845 -.0000882
T 2203 19 .1519235E+11   1100008E-01 -.3579E+01 -.2474E+01   .9999999  .0000123  .0000954
T 2204 19 .1519102E+11   1100011E-01  .1315E+02  .5304E+01   .9999999  .0002527  .0000638
T 2205 19 .1519229E+11   1100001E-01 -.9652E+01  .1894E+01   .9999999 -.0001313  .0000673
T 2206 19 .1519445E+11   1100005E-01 -.1156E+02  .8178E+00   .9999999 -.0001407 -.0000071
T 2207 19 .1519169E+11   1100020E-01 -.6811E+01  .6713E+00   .9999999 -.0004099 -.0001137
T 2208 19 .1519146E+11   1100021E-01  .1050E+02 -.1374E+02   .9999999  .0001621 -.0001148
T 2209 19 .1519223E+11   1100014E-01  .2961E+01  .5674E+01   .9999999  .0000464  .0000813
T 2210 19 .1519132E+11   1100020E-01  .7948E+00 -.2654E+00   .9999999 -.0000859 -.0000779
T 2211 19 .1519404E+11   1100001E-01  .1353E+02 -.4953E+01   .9999999  .0002375 -.0000103
T 2212 19 .1519177E+11   1100005E-01 -.7773E+00  .3470E+01   .9999999 -.0000097 -.0000215
T 2213 19 .1519226E+11   1100001E-01 -.5926E+01 -.1997E+01   .9999999 -.0000410 -.0000740
T 2214 19 .1519264E+11   1100010E-01 -.8184E+01 -.1315E+01   .9999999 -.0000730 -.0000313
T 2215 19 .1519292E+11   1100006E-01  .6140E+01  .4761E+01   .9999999  .0000961  .0000566
T 2216 19 .1519407E+11   1100012E-01  .1178E+01 -.8722E+00   .9999999  .0000220 -.0000989
T 2217 19 .1519227E+11   1100008E-01  .3153E+01  .3188E+00   .9999999  .0000915  .0000139
T 2218 19 .1519317E+11   1100003E-01  .3544E+00 -.6188E+01   .9999999  .0001132 -.0001324
T 2219 19 .1519312E+11   1100019E-01  .1010E+02  .2422E+01   .9999999  .0000940 -.0000320
T 2220 19 .1519259E+11   1100019E-01 -.1297E+02 -.5322E+01   .9999999 -.0001909 -.0000914
T 2221 19 .1519126E+11   1100021E-01  .1483E+01  .5305E+01   .9999999 -.0000338  .0000943
T 2222 19 .1519290E+11   1100009E-01 -.4984E+01  .9417E+01   .9999999 -.0000477  .0001135
T 2223 19 .1519262E+11   1100007E-01 -.7250E+01 -.4691E+00   .9999999 -.0001335  .0000459
T 2224 19 .1519310E+11   1100013E-01 -.1251E+02 -.7472E+01   .9999999 -.0002377 -.0001465
T 2225 19 .1519338E+11   1100018E-01 -.5405E+01  .3590E+01   .9999999 -.0000964  .0000767
T 2226 19 .1519119E+11   1100007E-01 -.3866E+01  .1068E+02   .9999999 -.0000950  .0001336
T 2227 19 .1519359E+11   1100015E-01 -.5212E+01  .3593E+00   .9999999 -.0000475 -.0000674
T 2228 19 .1519124E+11   1100020E-01 -.3870E+01  .1358E+02   .9999999  .0000221  .0001214
T 2229 19 .1519266E+11   1100005E-01 -.6305E+01 -.3825E+01   .9999999 -.0000973 -.0000423
T 2230 19 .1519145E+11   1100022E-01  .1275E+02  .1779E+02   .9999999  .0000607  .0000573
T 2231 19 .1519328E+11   1100017E-01 -.3333E+01  .2406E+01   .9999999 -.0000728 -.0001477
T 2232 19 .1519159E+11   1100016E-01 -.3460E+01 -.2251E+00   .9999999 -.0001402  .0000402
T 2233 19 .1519333E+11   1100018E-01  .7509E+01 -.1397E+02   .9999999  .0001597 -.0002477
T 2234 19 .1519118E+11   1100009E-01 -.1881E+00 -.4355E+01   .9999999  .0000377 -.0000371
T 2235 19 .1519222E+11   1100019E-01  .8386E+01  .7090E+01   .9999999  .0002455  .0001105
T 2236 19 .1519127E+11   1100022E-01 -.8602E+01 -.1156E+02   .9999999 -.0002719 -.0004752
T 2237 19 .1519243E+11   1100014E-01 -.3207E+01  .7851E+01   .9999999 -.0002235  .0000632
T 2238 19 .1519399E+11   1100020E-01  .3024E+01 -.6491E+01   .9999999 -.0000831 -.0000251
T 2239 19 .1519132E+11   1100015E-01  .4824E+01 -.4445E+01   .9999999 -.0000192 -.0000170
T 2240 19 .1519321E+11   1100010E-01  .5330E+01 -.1510E+01   .9999999  .0001196 -.0000837
T 2241 19 .1519371E+11   1100015E-01 -.7142E+01  .4080E+01   .9999999 -.0001080  .0001475
T 2242 19 .1519358E+11   1100000E-01  .3168E+01 -.5584E+01   .9999999  .0000977 -.0000959
T 2243 19 .1519410E+11   1100003E-01 -.5396E+00 -.1103E+02   .9999999 -.0000887 -.0001806
T 2244 19 .1519117E+11   1100016E-01  .1444E+02  .1937E+02   .9999999  .0002229  .0002126
T 2245 19 .1519317E+11   1100013E-01 -.1792E+02  .1802E+01   .9999999 -.0004310 -.0000486
T 2246 19 .1519241E+11   1100007E-01  .7163E+01  .6314E+01   .9999999  .0000168  .0000997
T 2247 19 .1519202E+11   1100001E-01  .2525E+02 -.8287E+01   .9999999  .0004532 -.0002302
T 2248 19 .1519298E+11   1100022E-01  .1233E+01  .1446E+02   .9999999  .0000583  .0001872
T 2249 19 .1519215E+11   1100002E-01  .3191E+01  .3131E+01   .9999999 -.0000626  .0000169
T 2250 19 .1519316E+11   1100015E-01 -.1012E+01 -.1702E+01   .9999999 -.0001244 -.0000381
T 2251 19 .1519292E+11   1100012E-01  .1718E+02 -.8483E+01   .9999999  .0002876 -.0001011
T 2252 19 .1519167E+11   1100021E-01 -.1741E+01  .1216E+01   .9999999 -.0000366  .0000479
T 2253 19 .1519341E+11   1100022E-01  .4323E+00 -.1107E+02   .9999999  .0000488 -.0001809
T 2254 19 .1519229E+11   1100017E-01  .2596E+01 -.1002E+02   .9999999  .0001731 -.0004684
T 2255 19 .1519156E+11   1100011E-01  .2392E+01  .1118E+02   .9999999  .0001148  .0001912
T 2256 19 .1519275E+11   1100006E-01 -.1116E+02 -.5925E+00   .9999999 -.0001669 -.0000012
T 2257 19 .1519260E+11   1100020E-01 -.3065E+01 -.3239E+01   .9999999 -.0000596  .0000902
T 2258 19 .1519335E+11   1100017E-01  .4832E+01 -.1237E+01   .9999999  .0000378 -.0000666
T 2259 19 .1519170E+11   1100008E-01  .1024E+01  .1118E+02   .9999999 -.0000789  .0000506
T 2260 19 .1519269E+11   1100020E-01  .5608E+01 -.1716E+02   .9999999  .0001274 -.0001969
T 2261 19 .1519217E+11   1100012E-01 -.6452E+01  .9595E+01   .9999999 -.0001556  .0000914
T 2262 19 .1519111E+11   1100017E-01  .3018E+01  .1110E+01   .9999999  .0001023 -.0000650
T 2263 19 .1519187E+11   1100012E-01  .4347E+01 -.4359E+01   .9999999 -.0000234 -.0000780
T 2264 19 .1519219E+11   1100003E-01  .4011E+01 -.2931E+01   .9999999  .0000992 -.0000898
T 2265 19 .1519154E+11   1100000E-01  .3161E+01  .9933E+01   .9999999 -.0000718  .0000669
T 2266 19 .1519353E+11   1100004E-01  .1687E+02 -.6335E+01   .9999999  .0002309  .0000076
T 2267 19 .1519186E+11   1100020E-01  .4968E+01  .9592E+01   .9999999  .0000784  .0001213
T 2268 19 .1519275E+11   1100002E-01  .3352E+01 -.9527E+01   .9999999  .0000159 -.0001947
T 2269 19 .1519217E+11   1100001E-01  .1175E+02 -.1134E+02   .9999999  .0001358 -.0001718
T 2270 19 .1519152E+11   1100020E-01  .9953E+01 -.8004E+01   .9999999  .0000679  .0000038
T 2271 19 .1519209E+11   1100015E-01 -.5615E+00 -.1484E+01   .9999999 -.0001796  .0000778
T 2272 19 .1519327E+11   1100016E-01 -.1287E+02  .1129E+02   .9999999 -.0000963  .0001040
T 2273 19 .1519247E+11   1100022E-01 -.1316E+02 -.1094E+02   .9999999 -.0002000 -.0001220
T 2274 19 .1519251E+11   1100019E-01  .2774E+02  .8409E+01   .9999999  .0003776  .0001495
T 2275 19 .1519294E+11   1100006E-01  .4239E+01 -.1723E+02   .9999999  .0000237 -.0003439
T 2276 19 .1519196E+11   1100002E-01 -.1573E+02 -.6353E+01   .9999998 -.0006164 -.0000648
T 2277 19 .1519213E+11   1100003E-01  .6950E+01 -.2791E+01   .9999999  .0000636 -.0000174
T 2278 19 .1519214E+11   1100021E-01  .9032E+01  .4049E+01   .9999999  .0001232  .0000831
T 2279 19 .1519239E+11   1100013E-01  .4743E+01 -.4159E+01   .9999999 -.0000217 -.0001689
T 2280 19 .1519147E+11   1100020E-01  .2146E+01  .3735E+00   .9999999 -.0000226  .0000515
T 2281 19 .1519374E+11   1100015E-01 -.1816E+01  .2099E+01   .9999999 -.0000708 -.0000484
T 2282 19 .1519314E+11   1100015E-01  .4859E-01 -.2628E+01   .9999999  .0000354 -.0000503
T 2283 19 .1519251E+11   1100013E-01  .5912E+01 -.5055E+01   .9999999  .0001441 -.0001056
T 2284 19 .1519180E+11   1100002E-01 -.1174E+01  .1719E+02   .9999999  .0000036  .0001703
T 2285 19 .1519249E+11   1100016E-01 -.5040E+01  .3802E+01   .9999999 -.0000500  .0001452
T 2286 19 .1519202E+11   1100016E-01 -.1154E+01 -.1382E+01   .9999999 -.0000005 -.0000308
T 2287 19 .1519223E+11   1100006E-01 -.4137E+00  .1582E+01   .9999999  .0000542 -.0000202
T 2288 19 .1519486E+11   1100014E-01 -.6512E+01  .1062E+02   .9999999 -.0000589  .0000771
T 2289 19 .1519340E+11   1100012E-01  .7451E+01 -.4911E+01   .9999999  .0000429 -.0000310
T 2290 19 .1519277E+11   1100007E-01  .6714E+01 -.3226E+00   .9999999  .0000740  .0001233
T 2291 19 .1519241E+11   1100017E-01 -.9500E+01  .2623E+00   .9999999 -.0002437 -.0000888
T 2292 19 .1519153E+11   1100016E-01  .9381E+01  .2617E+01   .9999999  .0001908 -.0000218
T 2293 19 .1519262E+11   1100007E-01  .1844E+02  .2951E+02   .9999998  .0002608  .0005515
T 2294 19 .1519210E+11   1100019E-01 -.1734E+02  .1263E+02   .9999999 -.0003272  .0001694
T 2295 19 .1519336E+11   1100008E-01  .1742E+02  .1141E+02   .9999999  .0003193  .0002049
T 2296 19 .1519200E+11   1100019E-01  .7894E+01  .4450E+01   .9999999  .0000765  .0000456
T 2297 19 .1519213E+11   1100001E-01  .4755E+01 -.9701E+01   .9999999  .0000616 -.0001221
T 2298 19 .1519315E+11   1100005E-01  .1203E+02 -.1456E+02   .9999999  .0000872 -.0001916
T 2299 19 .1519313E+11   1100001E-01  .1147E+02  .1151E+01   .9999999  .0001392  .0001060
T 2300 19 .1519332E+11   1100012E-01  .8633E+01  .2771E+01   .9999999  .0000496 -.0000305
T 2301 19 .1519333E+11   1100004E-01 -.2419E+02  .1679E+02   .9999998 -.0004985  .0003537
T 2302 19 .1519367E+11   1100007E-01 -.6146E+00 -.4466E+01   .9999999  .0000138 -.0001181
T 2303 19 .1519241E+11   1100012E-01  .5807E+00 -.6536E+01   .9999999 -.0000242  .0000459
T 2304 19 .1519166E+11   1100022E-01 -.5530E+01 -.3214E+00   .9999999 -.0001746  .0000187
T 2305 19 .1519210E+11   1100016E-01 -.1504E+02  .5388E+01   .9999999 -.0002365  .0000644
T 2306 19 .1519299E+11   1100010E-01  .7914E+01  .3210E+01   .9999999 -.0000320 -.0000240
T 2307 19 .1519322E+11   1100012E-01  .9651E+01  .3775E+00   .9999999  .0001860  .0000574
T 2308 19 .1519285E+11   1100010E-01 -.1769E+02  .1261E+02   .9999999 -.0002561  .0003107
T 2309 19 .1519185E+11   1100004E-01  .3219E+01  .1081E+02   .9999999  .0001021  .0000528
T 2310 19 .1519192E+11   1100018E-01 -.7484E+01  .2783E+01   .9999999 -.0000342 -.0001393
T 2311 19 .1519235E+11   1100010E-01  .1870E+01 -.6814E+01   .9999999  .0001338 -.0000659
T 2312 19 .1519349E+11   1100010E-01  .2051E+01  .1474E+00   .9999999 -.0000418 -.0000155
T 2313 19 .1519349E+11   1100022E-01 -.1623E+02  .1930E+02   .9999999 -.0002063  .0001825
T 2314 19 .1519363E+11   1100001E-01  .3013E+02  .2091E+02   .9999999  .0003740  .0001711
T 2315 19 .1519187E+11   1100018E-01  .2939E+01 -.2456E+01   .9999999 -.0000774 -.0001650
T 2316 19 .1519331E+11   1100020E-01  .4718E+01  .2087E+01   .9999999  .0001254 -.0000143
T 2317 19 .1519272E+11   1100012E-01  .7222E+01 -.5444E+01   .9999999  .0001250  .0000829
T 2318 19 .1519176E+11   1100020E-01  .1788E+02 -.5561E+01   .9999999  .0002174 -.0000388
T 2319 19 .1519219E+11   1100020E-01  .1220E+03  .5037E+02   .9999988  .0014362  .0005126
T 2320 19 .1519229E+11   1100014E-01 -.1164E+01  .8745E+01   .9999999 -.0000438  .0001925
T 2321 19 .1519268E+11   1100019E-01 -.4515E+00  .2893E+01   .9999999  .0000405 -.0000044
T 2322 19 .1519208E+11   1100019E-01 -.7890E+00  .9958E+01   .9999999  .0000539  .0001867
T 2323 19 .1519259E+11   1100012E-01  .3213E+02 -.6006E+02   .9999997  .0003465 -.0007392
T 2324 19 .1519305E+11   1100003E-01  .1471E+02 -.6244E+01   .9999999  .0001974 -.0000464
T 2325 19 .1519208E+11   1100018E-01 -.3029E+01  .8670E+01   .9999999 -.0000300  .0001422
T 2326 19 .1519240E+11   1100012E-01 -.3971E+01  .2511E+01   .9999999 -.0000842  .0001211
T 2327 19 .1519218E+11   1100016E-01 -.8422E+01 -.6487E+01   .9999999 -.0001774 -.0000352
T 2328 19 .1519276E+11   1100004E-01 -.7217E+01  .2537E+01   .9999999 -.0000082 -.0001160
T 2329 19 .1519321E+11   1100010E-01 -.1997E+01 -.1059E+02   .9999999 -.0000173 -.0000383
T 2330 19 .1519441E+11   1100003E-01 -.2351E+01  .2623E+01   .9999999 -.0000986  .0000703
T 2331 19 .1519153E+11   1100022E-01 -.1439E+02 -.1738E+02   .9999999 -.0003112 -.0003885
T 2332 19 .1519232E+11   1100001E-01  .9376E+00 -.1121E+02   .9999999 -.0000196 -.0001787
T 2333 19 .1519282E+11   1100017E-01  .6267E+01 -.9911E+01   .9999999 -.0000146 -.0000838
T 2334 19 .1519300E+11   1100011E-01 -.1759E+01  .1091E+02   .9999999 -.0000400  .0000948
T 2335 19 .1519237E+11   1100018E-01  .8448E+00  .1619E+02   .9999999 -.0000560  .0000875
T 2336 19 .1519191E+11   1100003E-01  .1858E+02  .2747E+02   .9999998  .0003223  .0005615
T 2337 19 .1519209E+11   1100022E-01  .6598E+01 -.8069E+00   .9999999  .0002275 -.0000640
T 2338 19 .1519234E+11   1100019E-01 -.6038E+01 -.5801E+01   .9999999 -.0001056 -.0001071
T 2339 19 .1519380E+11   1100011E-01  .6548E+01 -.2806E+02   .9999999  .0001674 -.0003266
T 2340 19 .1519189E+11   1100005E-01 -.7773E+01 -.1515E+01   .9999999 -.0002424 -.0000151
T 2341 19 .1519168E+11   1100013E-01 -.1052E+02 -.5816E+01   .9999999 -.0001873 -.0001157
T 2342 19 .1519317E+11   1100020E-01  .7213E+01 -.2238E+01   .9999999  .0001755 -.0000225
T 2343 19 .1519204E+11   1100008E-01  .2366E+00  .5453E+01   .9999999 -.0000287  .0001064
T 2344 19 .1519235E+11   1100006E-01  .4505E+02  .2724E+02   .9999997  .0006808  .0004609
T 2345 19 .1519287E+11   1100021E-01  .8753E+01  .5659E+01   .9999999  .0001617  .0001867
T 2346 19 .1519383E+11   1100011E-01 -.1242E+02 -.1885E+01   .9999999 -.0002094  .0000352
T 2347 19 .1519235E+11   1100019E-01  .7444E+01 -.7620E+01   .9999999  .0001418 -.0001619
T 2348 19 .1519239E+11   1100016E-01  .9928E+01  .5881E+01   .9999999  .0001309  .0000856
T 2349 19 .1519141E+11   1100020E-01  .2198E+01  .6245E+00   .9999999  .0000946 -.0000186
T 2350 19 .1519239E+11   1100018E-01 -.3222E+01  .1103E+01   .9999999 -.0001091 -.0000001
T 2351 19 .1519138E+11   1100014E-01 -.4969E+01 -.2650E+01   .9999999  .0000703 -.0002102
T 2352 19 .1519333E+11   1100017E-01 -.3546E+01 -.9100E+01   .9999999 -.0000076 -.0000399
T 2353 19 .1519349E+11   1100008E-01  .1175E+02  .4015E+02   .9999998  .0002018  .0006353
T 2354 19 .1519270E+11   1100018E-01  .1430E+01 -.8928E+01   .9999999  .0000324 -.0001182
T 2355 19 .1519307E+11   1100019E-01  .3339E+01  .2451E+01   .9999999 -.0000122  .0000443
T 2356 19 .1519306E+11   1100003E-01  .1225E+02  .7831E+01   .9999999  .0002323  .0001094
T 2357 19 .1519284E+11   1100018E-01  .1169E+01  .5439E+01   .9999999 -.0000408  .0000723
T 2358 19 .1519248E+11   1100008E-01 -.8914E+00  .2851E+02   .9999998  .0002376  .0005078
T 2359 19 .1519285E+11   1100007E-01 -.4452E+02  .1674E+01   .9999999 -.0004984 -.0000488
T 2360 19 .1519422E+11   1100018E-01 -.3223E+01 -.2069E+01   .9999999 -.0000279 -.0000197
T 2361 19 .1519235E+11   1100008E-01  .1238E+02  .1286E+02   .9999999  .0002135  .0001621
T 2362 19 .1519278E+11   1100022E-01 -.5189E+01  .7216E+01   .9999999 -.0000690  .0002892
T 2363 19 .1519181E+11   1100018E-01  .8746E+01 -.8765E+01   .9999999  .0002179 -.0000374
T 2364 19 .1519330E+11   1100020E-01  .6154E+01  .5632E+01   .9999999  .0000569  .0002300
T 2365 19 .1519196E+11   1100022E-01 -.6008E+01  .8127E+01   .9999999 -.0001352  .0000468
T 2366 19 .1519358E+11   1100001E-01 -.1977E+01  .4655E+01   .9999999  .0002321  .0000943
T 2367 19 .1519333E+11   1100012E-01 -.1281E+02 -.9996E+01   .9999999 -.0002226 -.0002436
T 2368 19 .1519361E+11   1100019E-01 -.5984E+01 -.1028E+00   .9999999 -.0001078 -.0000011
T 2369 19 .1519275E+11   1100003E-01  .1166E+02 -.9364E+01   .9999999  .0001085 -.0002247
T 2370 19 .1519163E+11   1100016E-01 -.8907E+01 -.4148E+00   .9999999 -.0001890  .0001324
T 2371 19 .1519414E+11   1100016E-01 -.7337E+01 -.7058E+01   .9999999 -.0000917 -.0000706
T 2372 19 .1519295E+11   1100008E-01  .7288E+01 -.5980E+01   .9999999  .0001141 -.0000008
T 2373 19 .1519248E+11   1100014E-01  .6305E+01  .9043E+00   .9999999  .0001441  .0001863
T 2374 19 .1519267E+11   1100013E-01  .9834E+01  .6233E+01   .9999999  .0000570  .0000807
T 2375 19 .1519238E+11   1100005E-01 -.4470E+01 -.2991E+01   .9999999 -.0000087 -.0000850
T 2376 19 .1519236E+11   1100012E-01 -.4770E+01  .1219E+02   .9999999 -.0004496  .0003008
T 2377 19 .1519403E+11   1100014E-01 -.1788E+01  .3580E+01   .9999999 -.0000437  .0000494
T 2378 19 .1519263E+11   1100006E-01 -.2277E+02  .1323E+02   .9999998 -.0005264  .0001698
T 2379 19 .1519164E+11   1100023E-01  .7333E+01 -.5171E+01   .9999999  .0000227 -.0001084
T 2380 19 .1519205E+11   1100006E-01 -.7315E+00  .4523E+01   .9999999  .0000630  .0002014
T 2381 19 .1519330E+11   1100001E-01  .9358E+01  .1558E+02   .9999999  .0001937  .0002551
T 2382 19 .1519217E+11   1100010E-01  .2164E+02 -.4278E+01   .9999999  .0003865 -.0000730
T 2383 19 .1519204E+11   1100001E-01 -.4320E+01  .5744E+01   .9999999 -.0001162  .0001794
T 2384 19 .1519046E+11   1100019E-01  .5897E+01  .1706E+02   .9999999  .0001536  .0001929
T 2385 19 .1519320E+11   1100013E-01 -.1600E+02  .1146E+02   .9999999 -.0001233  .0001545
T 2386 19 .1519298E+11   1100006E-01 -.2353E+01 -.7752E+01   .9999999 -.0001293  .0000545
T 2387 19 .1519225E+11   1100009E-01 -.7045E+01  .2654E+02   .9999999 -.0000674  .0003230
T 2388 19 .1519215E+11   1100018E-01  .5399E+01  .2376E+01   .9999999  .0001353  .0000183
T 2389 19 .1519342E+11   1100018E-01 -.6322E-01 -.2670E+01   .9999999 -.0000048 -.0000330
T 2390 19 .1519110E+11   1100018E-01 -.7253E+01  .8715E+01   .9999999 -.0001750  .0000813
T 2391 19 .1519193E+11   1100015E-01  .3619E+01 -.1181E+02   .9999999  .0000870 -.0001041
T 2392 19 .1519243E+11   1100011E-01 -.6007E+00  .4192E+00   .9999999 -.0000973 -.0000269
T 2393 19 .1519167E+11   1100000E-01  .4877E+01  .3409E+02   .9999999  .0000154  .0003965
T 2394 19 .1519248E+11   1100006E-01  .1293E+01  .4607E+01   .9999999  .0000495  .0001055
T 2395 19 .1519302E+11   1100014E-01  .5440E+01  .2530E+01   .9999999  .0000399  .0000449
T 2396 19 .1519236E+11   1100004E-01 -.1943E+02  .1161E+02   .9999999 -.0001535 -.0000265
T 2397 19 .1519097E+11   1100013E-01 -.5047E+01 -.2455E+00   .9999999 -.0000571 -.0000029
T 2398 19 .1519176E+11   1100011E-01 -.7386E+00  .8159E+01   .9999999 -.0000837  .0000244
T 2399 19 .1519221E+11   1100009E-01  .5775E+01 -.4263E+01   .9999999  .0000870 -.0001074
T 2400 19 .1519056E+11   1100008E-01  .4427E+01  .4124E+01   .9999999  .0000810  .0000659
T 2401 19 .1519302E+11   1100020E-01 -.3985E+01  .9340E+00   .9999999 -.0000666  .0000176
T 2402 19 .1519372E+11   1100017E-01  .8450E+00 -.3815E+01   .9999999 -.0000197 -.0000189
T 2403 19 .1519393E+11   1100023E-01  .1249E+01 -.2939E+02   .9999999 -.0000308 -.0003146
T 2404 19 .1519280E+11   1100001E-01  .1286E+01 -.5313E+00   .9999999  .0001210 -.0000256
T 2405 19 .1519235E+11   1100010E-01  .2967E+01  .1700E+01   .9999999  .0000121  .0000371
T 2406 19 .1519349E+11   1100011E-01 -.8478E+01  .2459E+02   .9999999 -.0001620  .0003357
T 2407 19 .1519258E+11   1100008E-01  .1144E+02  .1132E+02   .9999999  .0002116  .0001326
T 2408 19 .1519271E+11   1100013E-01 -.1754E+02 -.1891E+02   .9999999 -.0002133 -.0003846
T 2409 19 .1519216E+11   1100016E-01  .2551E+01  .1043E+02   .9999999 -.0000631  .0003088
T 2410 19 .1519360E+11   1100016E-01  .8516E+01 -.6074E+01   .9999999  .0000701 -.0000341
T 2411 19 .1519163E+11   1100002E-01  .1143E+00 -.1024E+02   .9999999  .0000141 -.0001423
T 2412 19 .1519312E+11   1100011E-01  .5037E+01  .1301E+02   .9999999 -.0001089  .0002180
T 2413 19 .1519347E+11   1100004E-01  .3200E+00  .4582E+01   .9999999  .0000260  .0000276
T 2414 19 .1519226E+11   1100016E-01  .4156E+00  .4799E+00   .9999999 -.0000213  .0000259
T 2415 19 .1519189E+11   1100019E-01  .1092E+02 -.7200E+01   .9999999  .0001054 -.0000223
T 2416 19 .1519107E+11   1100010E-01  .2477E+01 -.1286E+02   .9999999  .0000897 -.0001669
T 2417 19 .1519265E+11   1100012E-01  .6837E+01  .9687E+01   .9999999 -.0000312  .0000835
T 2418 19 .1519214E+11   1100023E-01 -.2132E+02 -.1839E+02   .9999999 -.0001604 -.0002501
T 2419 19 .1519383E+11   1100008E-01  .4734E+01 -.4055E+01   .9999999  .0001354 -.0000389
T 2420 19 .1519212E+11   1100015E-01  .1772E+01 -.3949E+00   .9999999  .0000341  .0001149
T 2421 19 .1519099E+11   1100001E-01  .1588E+02  .6494E+00   .9999999  .0003565  .0001519
T 2422 19 .1519304E+11   1100015E-01 -.7831E+01 -.7033E+00   .9999999 -.0001050 -.0000374
T 2423 19 .1519404E+11   1100012E-01 -.1001E+02 -.4394E+01   .9999999 -.0002155 -.0001960
T 2424 19 .1519330E+11   1100019E-01  .6583E+00 -.2960E+01   .9999999  .0000034  .0000214
T 2425 19 .1519228E+11   1100011E-01 -.6140E+01 -.5954E+00   .9999999 -.0001292  .0000442
T 2426 19 .1519253E+11   1100007E-01 -.1445E+01  .4534E+01   .9999999 -.0000232  .0001266
T 2427 19 .1519160E+11   1100016E-01 -.1375E+02  .1526E+01   .9999999 -.0002007 -.0000859
T 2428 19 .1519274E+11   1100017E-01 -.1775E+01 -.4978E+01   .9999999 -.0000038 -.0002442
T 2429 19 .1519123E+11   1100002E-01 -.3029E+01  .2954E+01   .9999999  .0000104  .0000583
T 2430 19 .1519294E+11   1100020E-01  .2563E+02  .1458E+02   .9999999  .0002734  .0001118
T 2431 19 .1519173E+11   1100000E-01 -.8390E+01  .4015E+00   .9999999 -.0000509 -.0000104
T 2432 19 .1519290E+11   1100015E-01 -.2184E+01 -.1429E+01   .9999999 -.0001180 -.0000083
T 2433 19 .1519300E+11   1100007E-01 -.2911E+01  .5275E+01   .9999999 -.0001090  .0000573
T 2434 19 .1519152E+11   1100015E-01 -.8477E+01  .9505E+00   .9999999 -.0002355  .0000545
T 2435 19 .1519324E+11   1100011E-01  .3041E+01 -.4131E+01   .9999999  .0000323 -.0000931
T 2436 19 .1519307E+11   1100012E-01 -.1594E+02  .2079E+02   .9999999 -.0002617  .0003650
T 2437 19 .1519391E+11   1100003E-01 -.3374E+01  .1103E+02   .9999999 -.0000655  .0001555
T 2438 19 .1519267E+11   1100012E-01 -.5753E+01  .3370E+01   .9999999 -.0000477  .0000108
T 2439 19 .1519271E+11   1100004E-01 -.1236E+00  .5757E+01   .9999999 -.0000711  .0001047
T 2440 19 .1519303E+11   1100010E-01  .5846E+00  .4025E+01   .9999999 -.0000187  .0001191
T 2441 19 .1519296E+11   1100012E-01  .1046E+02 -.2128E+02   .9999999  .0001909 -.0001922
T 2442 19 .1519311E+11   1100008E-01 -.4762E+01  .8056E+01   .9999999 -.0000047  .0000527
T 2443 19 .1519150E+11   1100011E-01  .2971E+01 -.4154E+01   .9999999  .0000890 -.0000232
T 2444 19 .1519240E+11   1100015E-01  .3157E+01  .2616E+01   .9999999  .0000538  .0001090
T 2445 19 .1519277E+11   1100008E-01  .1646E+02  .3469E+01   .9999999  .0002422  .0000270
T 2446 19 .1519293E+11   1100011E-01  .3184E+01 -.2946E+01   .9999999  .0001129  .0002673
T 2447 19 .1519289E+11   1100012E-01  .5461E+01  .3281E+00   .9999999  .0001351  .0000170
T 2448 19 .1519247E+11   1100007E-01 -.1751E+02 -.2546E+01   .9999999 -.0002677  .0000061
T 2449 19 .1519296E+11   1100000E-01 -.3631E+02  .4073E+02   .9999997 -.0005659  .0004893
T 2450 19 .1519263E+11   1100018E-01  .1288E+02  .2907E+02   .9999999  .0000553  .0003980
T 2451 19 .1519237E+11   1100013E-01  .9087E+01  .1178E+02   .9999999  .0001059  .0002523
T 2452 19 .1519328E+11   1100002E-01  .2680E+01  .4697E+01   .9999999  .0000774  .0001266
T 2453 19 .1519219E+11   1100000E-01 -.4566E+01  .4247E+01   .9999999 -.0001226  .0000755
T 2454 19 .1519312E+11   1100022E-01 -.8030E+01 -.1244E+01   .9999999  .0000060 -.0000103
T 2455 19 .1519180E+11   1100006E-01 -.1438E+02 -.1157E+02   .9999999 -.0002579 -.0002417
T 2456 19 .1519303E+11   1100020E-01 -.5939E+01  .2198E+01   .9999999 -.0001064  .0002690
T 2457 19 .1519317E+11   1100000E-01 -.5414E+01 -.4013E+00   .9999999 -.0000989 -.0000212
T 2458 19 .1519392E+11   1100007E-01 -.4989E+01  .5594E+01   .9999999 -.0000889  .0000913
T 2459 19 .1519237E+11   1100007E-01  .1246E+01  .8296E+01   .9999999  .0000320  .0001683
T 2460 19 .1519312E+11   1100012E-01  .5983E+01  .5375E+01   .9999999  .0000820  .0000982
T 2461 19 .1519204E+11   1100007E-01  .5840E+01  .4713E+00   .9999999 -.0000455  .0000268
T 2462 19 .1519315E+11   1100021E-01  .1788E+02 -.4288E+01   .9999999  .0004171  .0000816
T 2463 19 .1519340E+11   1100016E-01 -.1178E-01 -.4802E+01   .9999999 -.0000643 -.0000702
T 2464 19 .1519380E+11   1100006E-01  .5082E+01 -.4481E+01   .9999999  .0000866 -.0000194
T 2465 19 .1519293E+11   1100019E-01  .4887E+01 -.7772E+00   .9999999  .0001873  .0000667
T 2466 19 .1519263E+11   1100004E-01 -.3135E+01  .5335E+01   .9999999 -.0001148  .0000892
T 2467 19 .1519194E+11   1100012E-01 -.1120E+02 -.1293E+02   .9999998 -.0002939 -.0004660
T 2468 19 .1519270E+11   1100001E-01  .1165E+01 -.2673E+01   .9999999  .0000096 -.0000563
T 2469 19 .1519289E+11   1100020E-01  .5428E+01 -.3436E+01   .9999999 -.0000670 -.0000012
T 2470 19 .1519158E+11   1100011E-01 -.3217E+01  .1174E+02   .9999999 -.0000083  .0001293
T 2471 19 .1519264E+11   1100021E-01 -.2587E+01  .1638E+02   .9999999 -.0000921  .0002832
T 2472 19 .1519394E+11   1100018E-01 -.3848E+01  .3123E+01   .9999999  .0000557 -.0000024
T 2473 19 .1519279E+11   1100017E-01 -.4832E+01 -.2119E+01   .9999999 -.0000381  .0000362
T 2474 19 .1519160E+11   1100020E-01 -.1738E+02 -.2723E+01   .9999999 -.0001249  .0000528
T 2475 19 .1519278E+11   1100006E-01 -.6817E+02 -.8705E+01   .9999997 -.0007443 -.0000883
T 2476 19 .1519231E+11   1100008E-01 -.1006E+02  .1510E+01   .9999999 -.0001684  .0000406
T 2477 19 .1519301E+11   1100016E-01  .3848E+01 -.1476E+02   .9999999  .0000646 -.0003044
T 2478 19 .1519443E+11   1100016E-01 -.4406E+01  .9009E+01   .9999999 -.0000906  .0000536
T 2479 19 .1519138E+11   1100018E-01 -.3750E+01 -.1442E+01   .9999999 -.0001010  .0000103
T 2480 19 .1519246E+11   1100015E-01 -.5123E+00  .2865E+01   .9999999  .0001822  .0000317
T 2481 19 .1519338E+11   1100004E-01  .3436E+02  .9430E+01   .9999999  .0002501  .0001717
T 2482 19 .1519316E+11   1100019E-01  .2862E+01  .6379E+00   .9999999  .0000211  .0001314
T 2483 19 .1519287E+11   1100022E-01 -.1769E+02  .1604E+00   .9999999 -.0001157 -.0000009
T 2484 19 .1519211E+11   1100013E-01 -.3721E+01 -.1225E+01   .9999999 -.0000324 -.0000565
T 2485 19 .1519163E+11   1100016E-01  .8499E+01  .2585E+02   .9999999  .0001011  .0003379
T 2486 19 .1519294E+11   1100018E-01  .7274E+01 -.2028E+00   .9999999  .0001068 -.0000434
T 2487 19 .1519353E+11   1100019E-01 -.7671E+01  .9697E+01   .9999999  .0000052  .0001676
T 2488 19 .1519338E+11   1100015E-01 -.4081E+01  .1154E+02   .9999999 -.0002593  .0002043
T 2489 19 .1519363E+11   1100019E-01 -.6045E+01 -.3371E+01   .9999999 -.0000283 -.0000811
T 2490 19 .1519217E+11   1100017E-01  .6993E+01 -.1979E+01   .9999999  .0001183  .0000050
T 2491 19 .1519292E+11   1100021E-01 -.1557E+02 -.1836E+01   .9999999 -.0002340  .0000170
T 2492 19 .1519281E+11   1100016E-01 -.7527E+01 -.4518E+01   .9999999 -.0001201 -.0000084
T 2493 19 .1519064E+11   1100010E-01  .9652E+01 -.3289E+01   .9999999  .0001769  .0000018
T 2494 19 .1519249E+11   1100019E-01  .4312E+01  .4205E+01   .9999999 -.0000418  .0001673
T 2495 19 .1519336E+11   1100010E-01 -.5697E+01 -.5234E+01   .9999999 -.0000436 -.0001524
T 2496 19 .1519259E+11   1100007E-01  .3151E+01  .1162E+02   .9999999  .0001304  .0001828
T 2497 19 .1519252E+11   1100022E-01 -.7679E+01  .7891E+01   .9999999 -.0000178  .0001389
T 2498 19 .1519200E+11   1100016E-01 -.8692E+01 -.5201E+01   .9999999 -.0000911 -.0000690
T 2499 19 .1519244E+11   1100001E-01  .1038E+02  .1438E+02   .9999999  .0001728  .0002875
T 2500 19 .1519263E+11   1100008E-01 -.6386E+01 -.5012E+01   .9999999 -.0001455 -.0000425
T 2501 19 .1519221E+11   1100009E-01 -.1153E+02  .1270E+02   .9999999 -.0001393  .0001090
T 2502 19 .1519225E+11   1100000E-01  .1728E+01 -.8763E+01   .9999999  .0000811 -.0001822
T 2503 19 .1519202E+11   1100019E-01  .5571E+01 -.3386E+00   .9999999  .0001180  .0000512
T 2504 19 .1519223E+11   1100002E-01 -.3879E+00 -.1276E+02   .9999999 -.0000125 -.0001978
T 2505 19 .1519215E+11   1100022E-01 -.5733E+01 -.3879E+01   .9999999 -.0001199 -.0001000
T 2506 19 .1519362E+11   1100008E-01  .2752E+02 -.4547E+02   .9999997  .0004531 -.0005474
T 2507 19 .1519315E+11   1100015E-01 -.9577E+01  .8987E+01   .9999999 -.0001925  .0000979
T 2508 19 .1519174E+11   1100005E-01  .2058E+02 -.9536E+00   .9999999  .0004650  .0000493
T 2509 19 .1519297E+11   1100006E-01  .4709E+01 -.1878E+02   .9999999  .0000779 -.0001790
T 2510 19 .1519114E+11   1100008E-01  .3479E+01  .8760E+00   .9999999  .0001096  .0000307
T 2511 19 .1519143E+11   1100006E-01  .8784E+01 -.7931E+00   .9999999  .0001695 -.0001626
T 2512 19 .1519260E+11   1100004E-01 -.2143E+01  .1977E+02   .9999999 -.0000441  .0003140
T 2513 19 .1519322E+11   1100019E-01 -.5122E+01 -.3438E+01   .9999999  .0001836  .0000098
T 2514 19 .1519142E+11   1100012E-01  .1159E+00 -.1373E+02   .9999999 -.0000476 -.0000938
T 2515 19 .1519341E+11   1100001E-01  .6601E+01 -.1672E+01   .9999999  .0000937 -.0001655
T 2516 19 .1519248E+11   1100010E-01 -.1129E+01  .7735E+01   .9999999 -.0001474  .0001116
T 2517 19 .1519212E+11   1100007E-01  .6001E+01  .9845E+01   .9999999  .0000732  .0000171
T 2518 19 .1519304E+11   1100010E-01 -.1361E+01  .7904E+01   .9999999 -.0000861  .0001826
T 2519 19 .1519283E+11   1100008E-01  .1363E+02 -.6468E-01   .9999999  .0000981  .0000138
T 2520 19 .1519204E+11   1100011E-01 -.1811E+02  .3303E+01   .9999999 -.0003553  .0000099
T 2521 19 .1519205E+11   1100018E-01  .3920E+01 -.8280E+00   .9999999  .0002296 -.0000333
T 2522 19 .1519269E+11   1100021E-01  .1539E+02 -.5520E+01   .9999999  .0002731 -.0001869
T 2523 19 .1519188E+11   1100001E-01 -.6828E+00  .2483E+01   .9999999  .0000694  .0000432
T 2524 19 .1519297E+11   1100010E-01 -.6769E+01  .9051E+01   .9999999 -.0000948  .0001582
T 2525 19 .1519226E+11   1100021E-01  .1551E+01  .2638E+01   .9999999  .0000443  .0000443
T 2526 19 .1519293E+11   1100011E-01 -.6726E+01  .1407E+02   .9999999 -.0001403  .0000996
T 2527 19 .1519340E+11   1100004E-01 -.4592E+01  .2294E+02   .9999998  .0000233  .0005706
T 2528 19 .1519391E+11   1100009E-01 -.8046E+01 -.1549E+01   .9999999 -.0001104 -.0000100
T 2529 19 .1519235E+11   1100013E-01 -.4767E+01 -.1479E+01   .9999999 -.0000744 -.0000775
T 2530 19 .1519285E+11   1100005E-01 -.2848E+02 -.3225E+02   .9999999 -.0003503 -.0002761
T 2531 19 .1519157E+11   1100002E-01  .2070E+01 -.5625E+01   .9999999 -.0001099 -.0001324
T 2532 19 .1519296E+11   1100018E-01  .1160E+02 -.1899E+02   .9999999  .0000772 -.0002321
T 2533 19 .1519279E+11   1100020E-01 -.6714E+00  .1564E+02   .9999999 -.0001019  .0002298
T 2534 19 .1519243E+11   1100008E-01  .2296E+01  .7697E+01   .9999999 -.0000013  .0001590
T 2535 19 .1519346E+11   1100000E-01 -.8307E+01 -.1785E+02   .9999999 -.0001151 -.0004096
T 2536 19 .1519359E+11   1100016E-01  .3606E+01 -.4954E+00   .9999999 -.0000341  .0000686
T 2537 19 .1519290E+11   1100016E-01  .4858E+01  .6187E+01   .9999999  .0000210  .0000415
T 2538 19 .1519332E+11   1100021E-01 -.1780E+02  .3061E+01   .9999999 -.0001833  .0001775
T 2539 19 .1519302E+11   1100019E-01 -.3783E+02  .2541E+00   .9999995 -.0009629 -.0000373
T 2540 19 .1519150E+11   1100019E-01 -.4884E+01 -.5158E+01   .9999999  .0000284 -.0001099
T 2541 19 .1519198E+11   1100020E-01 -.2551E+01  .6278E+01   .9999999 -.0000130  .0000328
T 2542 19 .1519277E+11   1100003E-01 -.2623E+02 -.2075E+02   .9999998 -.0004391 -.0005054
T 2543 19 .1519354E+11   1100002E-01 -.1274E+02 -.1545E+02   .9999999 -.0002277 -.0002173
T 2544 19 .1519222E+11   1100001E-01 -.5262E+01  .2326E+02   .9999999 -.0000411  .0001988
T 2545 19 .1519280E+11   1100005E-01  .7837E+01  .1627E+01   .9999999  .0000798  .0000160
T 2546 19 .1519380E+11   1100012E-01  .1519E+01  .1335E+02   .9999996 -.0001224  .0009255
T 2547 19 .1519119E+11   1100016E-01  .2175E+01  .1739E+01   .9999999 -.0000496  .0001161
T 2548 19 .1519306E+11   1100008E-01 -.9818E+01  .1458E+02   .9999999 -.0001518  .0000748
T 2549 19 .1519199E+11   1100022E-01 -.4785E+00  .2472E+01   .9999999 -.0000304 -.0000524
T 2550 19 .1519228E+11   1100020E-01 -.6473E+01  .9592E+01   .9999999 -.0001221  .0002123
T 2551 19 .1519249E+11   1100020E-01 -.1207E+02 -.1267E+02   .9999999 -.0001430 -.0000685
T 2552 19 .1519302E+11   1100014E-01  .1531E+02 -.4691E+00   .9999999  .0002424 -.0000485
T 2553 19 .1519027E+11   1100016E-01 -.5944E+01  .6143E+01   .9999999 -.0001393  .0001064
T 2554 19 .1519215E+11   1100015E-01  .1756E+02 -.2478E+02   .9999999  .0002357 -.0003289
T 2555 19 .1519253E+11   1100002E-01 -.4947E+01  .6938E+01   .9999999 -.0000869  .0001810
T 2556 19 .1519250E+11   1100009E-01 -.1027E+01  .1137E+02   .9999999  .0001048  .0001301
T 2557 19 .1519214E+11   1100018E-01  .2574E+01 -.5112E+01   .9999999  .0000357 -.0001321
T 2558 19 .1519248E+11   1100004E-01 -.9853E+01  .6609E+01   .9999999 -.0000877 -.0000130
T 2559 19 .1519289E+11   1100013E-01  .7817E+01 -.6282E+00   .9999999  .0001563  .0000305
T 2560 19 .1519264E+11   1100008E-01  .1059E+02 -.5004E+01   .9999999  .0000954 -.0001724
T 2561 19 .1519348E+11   1100002E-01  .2552E+02  .1385E+02   .9999999  .0003220  .0001694
T 2562 19 .1519139E+11   1100006E-01 -.2673E+00  .6885E+01   .9999999 -.0000267  .0001094
T 2563 19 .1519220E+11   1100022E-01 -.1236E+02 -.8967E+01   .9999999 -.0001420 -.0000667
T 2564 19 .1519199E+11   1100021E-01  .9006E+01 -.1022E+02   .9999999  .0000535 -.0001485
T 2565 19 .1519265E+11   1100011E-01  .1579E+02 -.1751E+02   .9999999  .0002390 -.0002998
T 2566 19 .1519204E+11   1100007E-01 -.7805E+01 -.1068E+02   .9999999 -.0000903 -.0002757
T 2567 19 .1519225E+11   1100005E-01 -.9661E+01  .1514E+02   .9999999 -.0000656  .0001382
T 2568 19 .1519226E+11   1100000E-01  .4911E+01  .7687E+01   .9999999  .0001629  .0000309
T 2569 19 .1519320E+11   1100008E-01  .1385E+02 -.6523E+01   .9999999  .0001116 -.0000142
T 2570 19 .1519466E+11   1100012E-01 -.3798E+01  .1345E+02   .9999999 -.0000557  .0001975
T 2571 19 .1519295E+11   1100012E-01  .1065E+01 -.1350E+01   .9999999  .0000177 -.0000470
T 2572 19 .1519263E+11   1100011E-01 -.1505E+02 -.9288E+01   .9999999 -.0002907 -.0001368
T 2573 19 .1519287E+11   1100017E-01  .2867E+01  .1562E+02   .9999999  .0000547  .0003261
T 2574 19 .1519272E+11   1100003E-01  .3603E+01  .5414E+00   .9999999  .0001389  .0000733
T 2575 19 .1519226E+11   1100007E-01  .3265E+01  .4833E+01   .9999999  .0000911  .0001054
T 2576 19 .1519194E+11   1100020E-01 -.1310E+02 -.1242E+01   .9999999 -.0003118  .0000279
T 2577 19 .1519143E+11   1100022E-01  .6014E+01  .1017E+02   .9999999  .0001513  .0001916
T 2578 19 .1519185E+11   1100019E-01 -.1373E+02  .7123E+01   .9999997 -.0002318 -.0006822
T 2579 19 .1519170E+11   1100000E-01 -.2542E+01  .9309E+01   .9999999 -.0000199  .0002736
T 2580 19 .1519191E+11   1100021E-01  .6517E+01  .7087E+01   .9999999  .0001227 -.0000868
T 2581 19 .1519299E+11   1100016E-01 -.1882E+02  .9751E+00   .9999999 -.0002145 -.0000788
T 2582 19 .1519157E+11   1100019E-01  .3279E+01  .1273E+02   .9999999  .0000809  .0002418
T 2583 19 .1519247E+11   1100003E-01  .6572E+00 -.4298E+01   .9999999 -.0000720 -.0000243
T 2584 19 .1519385E+11   1100022E-01  .1013E+02  .1902E+02   .9999999  .0003227  .0002060
T 2585 19 .1519271E+11   1100012E-01 -.1506E+00 -.1909E+01   .9999999  .0000410 -.0001588
T 2586 19 .1519137E+11   1100000E-01  .2085E+01 -.9710E+00   .9999999 -.0000366  .0000740
T 2587 19 .1519280E+11   1100007E-01 -.5559E+01 -.8745E+01   .9999999 -.0002738 -.0003437
T 2588 19 .1519287E+11   1100001E-01 -.1417E+01 -.2290E+02   .9999999  .0000256 -.0003693
T 2589 19 .1519425E+11   1100000E-01  .5465E+01 -.4871E+01   .9999999  .0001414  .0000201
T 2590 19 .1519194E+11   1100017E-01  .3608E+01 -.5631E+01   .9999999  .0002174 -.0001500
T 2591 19 .1519132E+11   1100008E-01  .1217E+02 -.2980E+01   .9999999  .0001718 -.0001324
T 2592 19 .1519198E+11   1100012E-01 -.1850E+01 -.1279E+02   .9999999  .0000607 -.0001713
T 2593 19 .1519239E+11   1100019E-01  .3383E+01 -.5188E+01   .9999999 -.0003100  .0000267
T 2594 19 .1519277E+11   1100022E-01 -.1209E+02 -.4460E+00   .9999999 -.0001566  .0000099
T 2595 19 .1519273E+11   1100014E-01  .3512E+01  .6336E+01   .9999999  .0000534  .0000714
T 2596 19 .1519188E+11   1100013E-01  .4070E+01 -.6018E+00   .9999999  .0001386  .0000148
T 2597 19 .1519310E+11   1100022E-01  .4822E+01  .1509E+02   .9999999  .0001588  .0004397
T 2598 19 .1519234E+11   1100022E-01  .6369E+01  .9295E+01   .9999999  .0001567  .0001609
T 2599 19 .1519166E+11   1100009E-01  .1703E+01 -.9155E+01   .9999999 -.0000496 -.0001424
T 2600 19 .1519341E+11   1100015E-01  .2364E+02  .2332E+01   .9999999  .0003029  .0000746
T 2601 19 .1519266E+11   1100004E-01  .5091E+01  .1068E+02   .9999999 -.0000125  .0001118
T 2602 19 .1519110E+11   1100022E-01  .1745E+01 -.7183E+01   .9999999  .0000157 -.0001096
T 2603 19 .1519322E+11   1100017E-01  .2178E+01  .3249E+01   .9999999  .0000000  .0000882
T 2604 19 .1519234E+11   1100016E-01  .4147E+01  .9048E+01   .9999999  .0000761  .0001911
T 2605 19 .1519308E+11   1100020E-01  .8650E+01 -.4080E+01   .9999998  .0006395  .0000757
T 2606 19 .1519245E+11   1100014E-01 -.4567E+01 -.2227E+01   .9999999 -.0000652 -.0000969
T 2607 19 .1519401E+11   1100021E-01 -.7654E+01 -.7141E+00   .9999999 -.0001042 -.0000317
T 2608 19 .1519186E+11   1100008E-01 -.3115E+00  .9447E+01   .9999999  .0000205  .0001399
T 2609 19 .1519143E+11   1100009E-01 -.9910E+00 -.1528E+01   .9999999  .0000074 -.0000273
T 2610 19 .1519364E+11   1100000E-01  .1810E+01  .7603E+01   .9999999 -.0001838  .0002438
T 2611 19 .1519296E+11   1100009E-01  .8042E+00 -.2185E+01   .9999999 -.0000291 -.0000339
T 2612 19 .1519317E+11   1100001E-01  .3808E+01 -.4372E+01   .9999999 -.0000141 -.0001095
T 2613 19 .1519312E+11   1100021E-01 -.1335E+02 -.6683E+01   .9999999 -.0001218 -.0000192
T 2614 19 .1519251E+11   1100021E-01 -.5527E+00  .6924E+01   .9999999  .0001602  .0000082
T 2615 19 .1519231E+11   1100010E-01  .8720E+01  .2501E+00   .9999999  .0001771  .0000649
T 2616 19 .1519276E+11   1100008E-01  .8735E+00 -.1895E+01   .9999999 -.0000086 -.0000475
T 2617 19 .1519276E+11   1100012E-01 -.7661E+01  .8151E+01   .9999999  .0000159  .0000658
T 2618 19 .1519293E+11   1100017E-01 -.5414E+01 -.8712E-01   .9999999 -.0001196 -.0001666
T 2619 19 .1519203E+11   1100019E-01  .1278E+02  .1598E+01   .9999999  .0001168 -.0000636
T 2620 19 .1519235E+11   1100015E-01 -.4224E+01 -.2029E+02   .9999999 -.0000324 -.0003741
T 2621 19 .1519240E+11   1100016E-01 -.4694E+01  .1902E+01   .9999999  .0000527 -.0000105
T 2622 19 .1519172E+11   1100000E-01 -.5591E+01  .7110E+01   .9999999 -.0000843  .0000865
T 2623 19 .1519296E+11   1100016E-01 -.1698E+02 -.1868E+01   .9999999 -.0001336  .0000112
T 2624 19 .1519306E+11   1100009E-01  .2720E+02 -.5310E+01   .9999999  .0004179 -.0000908
T 2625 19 .1519290E+11   1100019E-01 -.2128E+00 -.6940E+01   .9999999 -.0000929 -.0002002
T 2626 19 .1519354E+11   1100015E-01  .8233E+01  .8428E+00   .9999999  .0001173  .0000200
T 2627 19 .1519433E+11   1100021E-01  .3345E+00  .3839E+02   .9999999 -.0001068  .0005065
T 2628 19 .1519231E+11   1100020E-01  .4324E+01 -.3136E+01   .9999999  .0001184 -.0000064
T 2629 19 .1519288E+11   1100000E-01  .1757E+02 -.1122E+02   .9999999  .0002775 -.0001374
T 2630 19 .1519250E+11   1100000E-01  .1554E+01 -.1209E+01   .9999999  .0001055 -.0000857
T 2631 19 .1519251E+11   1100014E-01  .8008E+00  .1762E+00   .9999999 -.0000244  .0000261
T 2632 19 .1519284E+11   1100019E-01  .6714E+01 -.6201E+02   .9999998  .0000128 -.0006906
T 2633 19 .1519258E+11   1100006E-01  .3201E+01 -.7071E+01   .9999999  .0001017 -.0001179
T 2634 19 .1519371E+11   1100012E-01 -.9346E+00  .3147E+01   .9999999 -.0001660 -.0000321
T 2635 19 .1519354E+11   1100008E-01  .2062E+02 -.1680E+02   .9999999  .0001536 -.0001330
T 2636 19 .1519285E+11   1100022E-01  .4019E+01 -.2244E+01   .9999999  .0000661 -.0000182
T 2637 19 .1519316E+11   1100016E-01  .6647E+01  .1125E+02   .9999999  .0000772  .0001244
T 2638 19 .1519254E+11   1100012E-01 -.6438E+01 -.2514E+00   .9999969  .0023153  .0009328
T 2639 19 .1519269E+11   1100000E-01  .6529E+01  .4373E+00   .9999999  .0000797 -.0000776
T 2640 19 .1519273E+11   1100021E-01  .3023E+02  .1965E+02   .9999999  .0003792  .0002100
T 2641 19 .1519267E+11   1100001E-01  .6390E+01 -.3971E+01   .9999999  .0000923  .0000249
T 2642 19 .1519318E+11   1100022E-01  .4471E+01 -.8527E+01   .9999999  .0001960 -.0001566
T 2643 19 .1519228E+11   1100012E-01 -.1450E+02 -.3269E+01   .9999999 -.0001950  .0000163
T 2644 19 .1519351E+11   1100004E-01  .6062E+01  .1269E+01   .9999999  .0001580  .0000336
T 2645 19 .1519183E+11   1100016E-01  .4229E+01  .9450E+01   .9999999  .0001465  .0001467
T 2646 19 .1519221E+11   1100005E-01  .2946E+01  .3573E+01   .9999999  .0001685  .0000779
T 2647 19 .1519270E+11   1100015E-01  .6478E+01  .5229E+00   .9999999 -.0000491 -.0000089
T 2648 19 .1519262E+11   1100016E-01 -.2299E+02 -.5844E+01   .9999999 -.0002845 -.0000699
T 2649 19 .1519111E+11   1100019E-01 -.4054E+02 -.2705E+02   .9999999 -.0004472 -.0003096
T 2650 19 .1519417E+11   1100006E-01  .5439E+00 -.1126E+02   .9999999 -.0000304 -.0001301
T 2651 19 .1519120E+11   1100016E-01  .7012E+01 -.5025E+01   .9999999  .0002282 -.0001630
T 2652 19 .1519208E+11   1100021E-01 -.2820E+01  .2948E+01   .9999999 -.0000157 -.0000779
T 2653 19 .1519277E+11   1100019E-01  .3321E+00  .2907E+02   .9999999 -.0000097  .0005371
T 2654 19 .1519448E+11   1100000E-01 -.1905E+02 -.2160E+02   .9999999 -.0002606 -.0003219
T 2655 19 .1519328E+11   1100002E-01 -.9848E+01 -.7390E+01   .9999999 -.0001834  .0000662
T 2656 19 .1519175E+11   1100004E-01 -.1202E+01 -.1125E+02   .9999998 -.0000402 -.0005489
T 2657 19 .1519383E+11   1100016E-01 -.7217E+00  .3992E+01   .9999999 -.0000069  .0000542
T 2658 19 .1519192E+11   1100016E-01  .5851E+00 -.1835E+02   .9999999  .0000748 -.0002554
T 2659 19 .1519360E+11   1100018E-01  .8771E+00  .3737E+01   .9999999  .0000101  .0000362
T 2660 19 .1519476E+11   1100004E-01 -.9635E+00 -.2182E+01   .9999999  .0000414 -.0000960
T 2661 19 .1519187E+11   1100017E-01  .6221E+01  .4148E+01   .9999999  .0000622 -.0001539
T 2662 19 .1519267E+11   1100003E-01 -.8697E+01 -.6023E+00   .9999999 -.0001408  .0000824
T 2663 19 .1519254E+11   1100017E-01 -.6878E+01  .3401E+01   .9999999 -.0000937  .0001179
T 2664 19 .1519252E+11   1100006E-01  .1910E+01 -.2649E+00   .9999999 -.0000069  .0000401
T 2665 19 .1519231E+11   1100018E-01 -.3722E+01  .4387E+01   .9999999 -.0000424  .0000435
T 2666 19 .1519283E+11   1100021E-01 -.1061E+02 -.7179E+01   .9999999 -.0001739 -.0000751
T 2667 19 .1519191E+11   1100010E-01 -.9106E+01 -.3993E+01   .9999999 -.0000745 -.0000750
T 2668 19 .1519326E+11   1100011E-01 -.6527E+01  .3189E+02   .9999999 -.0002140  .0004546
T 2669 19 .1519221E+11   1100001E-01 -.5333E+01 -.8660E+01   .9999998 -.0001985 -.0005507
T 2670 19 .1519155E+11   1100015E-01 -.1192E+02 -.1068E+02   .9999999 -.0002116  .0000555
T 2671 19 .1519215E+11   1100006E-01 -.1353E+02 -.6690E+01   .9999999 -.0001598 -.0001602
T 2672 19 .1519247E+11   1100012E-01 -.1457E+02 -.5969E+01   .9999999 -.0002451 -.0000081
T 2673 19 .1519328E+11   1100020E-01 -.2838E+02  .1222E+02   .9999999 -.0003667  .0001729
T 2674 19 .1519213E+11   1100016E-01  .1592E+01 -.4502E+01   .9999999 -.0000945  .0001287
T 2675 19 .1519303E+11   1100002E-01 -.1048E+02  .1793E+01   .9999999 -.0001409  .0000333
T 2676 19 .1519301E+11   1100006E-01  .8707E+01 -.1076E+02   .9999999  .0000673 -.0001283
T 2677 19 .1519179E+11   1100023E-01 -.5055E+01  .9314E+00   .9999999 -.0000278 -.0000912
T 2678 19 .1519236E+11   1100015E-01  .2116E+01 -.1288E+02   .9999999  .0000580 -.0003715
T 2679 19 .1519288E+11   1100014E-01  .2828E+01 -.1528E+02   .9999999 -.0000273 -.0002343
T 2680 19 .1519364E+11   1100011E-01 -.5165E+01 -.3269E+01   .9999999 -.0001278 -.0001402
T 2681 19 .1519173E+11   1100011E-01 -.5926E+01  .4154E+01   .9999999 -.0001126  .0002054
T 2682 19 .1519316E+11   1100015E-01  .4408E+01  .9766E+01   .9999999  .0000672  .0000316
T 2683 19 .1519310E+11   1100002E-01  .3295E+02 -.3779E+02   .9999999  .0003003 -.0004520
T 2684 19 .1519365E+11   1100022E-01 -.3222E+01 -.2060E+01   .9999999 -.0000008  .0000112
T 2685 19 .1519382E+11   1100023E-01 -.9124E+01 -.1729E+01   .9999999 -.0001206 -.0001395
T 2686 19 .1519212E+11   1100022E-01 -.1189E+02 -.5750E+01   .9999999 -.0001762 -.0002976
T 2687 19 .1519382E+11   1100001E-01  .1296E+02 -.1746E+01   .9999999  .0001151  .0000891
T 2688 19 .1519212E+11   1100004E-01 -.1016E+02 -.6348E+01   .9999999 -.0000675 -.0001557
T 2689 19 .1519310E+11   1100019E-01 -.3147E+01  .1043E+01   .9999999 -.0002503  .0001130
T 2690 19 .1519194E+11   1100022E-01 -.6592E+00 -.3509E+01   .9999999  .0000366 -.0000282
T 2691 19 .1519312E+11   1100022E-01 -.1988E+01 -.5399E+00   .9999999 -.0000491  .0000332
T 2692 19 .1519347E+11   1100022E-01  .5113E+02 -.7680E+02   .9999996  .0005363 -.0007822
T 2693 19 .1519253E+11   1100011E-01  .1497E+02  .3847E+01   .9999999  .0000828 -.0000024
T 2694 19 .1519240E+11   1100022E-01  .1809E+02  .2430E+01   .9999999  .0003107  .0000354
T 2695 19 .1519199E+11   1100013E-01  .1234E+02  .7035E+01   .9999999  .0002196  .0001572
T 2696 19 .1519158E+11   1100012E-01 -.1734E+02 -.6144E+01   .9999999 -.0002736 -.0001173
T 2697 19 .1519257E+11   1100021E-01 -.6215E+01 -.6797E+01   .9999999 -.0000003 -.0000731
T 2698 19 .1519175E+11   1100023E-01 -.3882E+01  .9441E+01   .9999999 -.0000588  .0001973
T 2699 19 .1519322E+11   1100006E-01 -.6569E+01  .1831E+01   .9999999  .0000235 -.0000088
T 2700 19 .1519203E+11   1100021E-01 -.1451E+02 -.2461E+02   .9999999 -.0001963 -.0004257
T 2701 19 .1519208E+11   1100015E-01 -.4595E+01 -.1208E+02   .9999999 -.0000017 -.0002808
T 2702 19 .1519374E+11   1100005E-01 -.1280E+02  .1125E+01   .9999999 -.0002068 -.0000139
T 2703 19 .1519299E+11   1100019E-01  .1149E+02  .9153E+01   .9999999  .0001516  .0001548
T 2704 19 .1519165E+11   1100019E-01 -.1210E+01 -.1539E+02   .9999999  .0001012 -.0002512
T 2705 19 .1519331E+11   1100000E-01 -.3935E+01  .4388E+01   .9999999 -.0000836  .0000975
T 2706 19 .1519142E+11   1100019E-01  .6736E+01  .8883E+01   .9999999  .0001106  .0000653
T 2707 19 .1519433E+11   1100022E-01  .2582E+01 -.6497E+01   .9999999  .0001070 -.0001521
T 2708 19 .1519176E+11   1100011E-01  .8516E+01 -.1906E+01   .9999999  .0000961 -.0000686
T 2709 19 .1519225E+11   1100020E-01  .8813E+01  .6030E+01   .9999999  .0001368  .0000798
T 2710 19 .1519377E+11   1100020E-01  .9956E+01 -.7423E+01   .9999999  .0002426 -.0000974
T 2711 19 .1519223E+11   1100015E-01 -.1990E+01 -.1372E+02   .9999999 -.0000211 -.0002273
T 2712 19 .1519147E+11   1100023E-01  .7419E+01 -.2067E+02   .9999999  .0001127 -.0002936
T 2713 19 .1519248E+11   1100003E-01  .5223E+00  .4105E+01   .9999999 -.0000270 -.0000182
T 2714 19 .1519229E+11   1100022E-01 -.4824E+01  .4666E+01   .9999999 -.0000122  .0001278
T 2715 19 .1519258E+11   1100012E-01  .2950E+01  .3989E+01   .9999999  .0000154 -.0000141
T 2716 19 .1519174E+11   1100010E-01 -.7556E+01 -.1711E+02   .9999999 -.0000752 -.0000730
T 2717 19 .1519254E+11   1100009E-01  .8626E+01  .1709E+01   .9999999  .0001840  .0000623
T 2718 19 .1519290E+11   1100021E-01  .3959E+01 -.6415E+01   .9999999  .0000438 -.0001920
T 2719 19 .1519304E+11   1100003E-01  .5767E+01 -.8329E+01   .9999999  .0001349 -.0002084
T 2720 19 .1519161E+11   1100018E-01  .1274E+02 -.3812E-01   .9999999  .0002727  .0000555
T 2721 19 .1519297E+11   1100007E-01 -.2321E+02 -.9222E+01   .9999999 -.0003707 -.0001634
T 2722 19 .1519195E+11   1100016E-01  .1814E+01  .3147E+01   .9999999  .0000139  .0000041
T 2723 19 .1519247E+11   1100017E-01 -.2090E+01 -.1128E+02   .9999999  .0000257 -.0002737
T 2724 19 .1519351E+11   1100011E-01 -.5922E+01  .8893E+01   .9999999 -.0000403  .0003223
T 2725 19 .1519298E+11   1100015E-01  .1101E+01  .2601E+02   .9999999 -.0000932  .0000843
T 2726 19 .1519192E+11   1100015E-01  .1987E+01  .3651E+01   .9999999  .0000733  .0002072
T 2727 19 .1519219E+11   1100016E-01 -.6391E+00  .3169E+01   .9999999 -.0000595  .0000765
T 2728 19 .1519305E+11   1100020E-01  .3976E+01 -.4631E+01   .9999999  .0001472 -.0000425
T 2729 19 .1519162E+11   1100020E-01 -.2787E+01 -.1590E+02   .9999999 -.0000899 -.0000792
T 2730 19 .1519148E+11   1100004E-01  .2190E+02  .5662E+01   .9999999  .0001953  .0000439
T 2731 19 .1519229E+11   1100006E-01  .1046E+02 -.3214E+00   .9999999  .0001812 -.0000017
T 2732 19 .1519248E+11   1100001E-01 -.6203E+01 -.5754E+01   .9999999  .0000317 -.0001327
T 2733 19 .1519132E+11   1100002E-01 -.9375E+01 -.2145E+02   .9999999 -.0001560 -.0001743
T 2734 19 .1519226E+11   1100007E-01 -.2664E+02 -.2773E+02   .9999999 -.0003912 -.0003781
T 2735 19 .1519241E+11   1100015E-01 -.8854E+01  .8426E+00   .9999999 -.0000191 -.0000884
T 2736 19 .1519232E+11   1100019E-01  .1279E+02 -.9070E+01   .9999999  .0001650 -.0001129
T 2737 19 .1519284E+11   1100021E-01 -.6939E+01 -.6863E+01   .9999999 -.0001386 -.0000770
T 2738 19 .1519341E+11   1100019E-01  .3590E+01 -.1467E+01   .9999999  .0000254 -.0001539
T 2739 19 .1519307E+11   1100016E-01  .1202E+01 -.1799E+02   .9999999  .0000193 -.0002069
T 2740 19 .1519360E+11   1100012E-01 -.1820E+01 -.4608E+00   .9999999 -.0000182  .0000981
T 2741 19 .1519312E+11   1100022E-01  .1461E+01  .8119E+01   .9999999  .0000407  .0000770
T 2742 19 .1519278E+11   1100013E-01 -.1508E+02 -.1559E+01   .9999999 -.0001808 -.0000674
T 2743 19 .1519247E+11   1100014E-01  .9246E+00 -.2567E+01   .9999999  .0000265 -.0001141
T 2744 19 .1519303E+11   1100001E-01 -.1090E+01 -.1633E+01   .9999999 -.0000397 -.0001096
T 2745 19 .1519190E+11   1100006E-01  .4600E+01  .7845E-01   .9999999  .0001372 -.0000591
T 2746 19 .1519251E+11   1100006E-01  .3469E+01 -.5367E+01   .9999999 -.0000531 -.0000877
T 2747 19 .1519165E+11   1100003E-01 -.3095E+02  .4646E+02   .9999998 -.0003714  .0005599
T 2748 19 .1519195E+11   1100006E-01  .4298E+01 -.8478E+01   .9999999  .0000469 -.0000572
T 2749 19 .1519200E+11   1100006E-01  .1805E+02  .7331E+01   .9999999  .0002824 -.0000311
T 2750 19 .1519147E+11   1100020E-01  .5882E+01  .6604E+01   .9999999  .0000107  .0000977
T 2751 19 .1519163E+11   1100022E-01 -.2814E+01  .2705E+00   .9999999 -.0001174  .0000451
T 2752 19 .1519352E+11   1100003E-01  .7689E+01  .1543E+02   .9999999  .0003655  .0002067
T 2753 19 .1519300E+11   1100022E-01  .1313E+02  .7184E+00   .9999999  .0002695  .0000469
T 2754 19 .1519320E+11   1100006E-01 -.1176E+02 -.1388E+01   .9999999 -.0000254  .0000360
T 2755 19 .1519350E+11   1100018E-01  .1257E+02 -.5868E+01   .9999999  .0003255 -.0000871
T 2756 19 .1519388E+11   1100010E-01 -.1360E+01  .5248E-01   .9999999 -.0000709 -.0000042
T 2757 19 .1519183E+11   1100017E-01  .1526E+01 -.1556E+02   .9999999  .0000006 -.0002544
T 2758 19 .1519214E+11   1100022E-01 -.1677E+01 -.1769E+01   .9999999  .0000923 -.0000230
T 2759 19 .1519295E+11   1100005E-01  .1128E+02 -.3450E+01   .9999999  .0001104 -.0000550
T 2760 19 .1519221E+11   1100002E-01  .1153E+01  .1262E+02   .9999999  .0000932  .0001647
T 2761 19 .1519383E+11   1100001E-01 -.3299E+01  .9854E+01   .9999999 -.0001818  .0001514
T 2762 19 .1519245E+11   1100018E-01 -.1244E+02  .4431E+01   .9999999 -.0001528  .0001338
T 2763 19 .1519287E+11   1100009E-01  .6073E+00 -.2275E+01   .9999999  .0001324  .0000343
T 2764 19 .1519353E+11   1100005E-01  .4173E+01  .5659E+01   .9999999  .0000739  .0001032
T 2765 19 .1519331E+11   1100008E-01  .4108E+01  .8448E+01   .9999999  .0000501  .0000655
T 2766 19 .1519372E+11   1100005E-01  .2872E+01  .1525E+01   .9999999  .0001444  .0001399
T 2767 19 .1519281E+11   1100019E-01  .1032E+02 -.1997E+02   .9999999  .0000435 -.0001465
T 2768 19 .1519313E+11   1100001E-01  .4299E+00  .5427E+00   .9999999  .0000503  .0000603
T 2769 19 .1519451E+11   1100013E-01 -.2343E+02 -.1049E+01   .9999999 -.0002226 -.0000073
T 2770 19 .1519315E+11   1100014E-01  .1683E+00 -.1426E+01   .9999999  .0000964 -.0000680
T 2771 19 .1519369E+11   1100003E-01  .1004E+01 -.2451E+01   .9999999 -.0000062 -.0000175
T 2772 19 .1519260E+11   1100020E-01 -.8674E+01 -.1228E+01   .9999999 -.0001207  .0000099
T 2773 19 .1519245E+11   1100017E-01  .3483E+01  .3279E+01   .9999999  .0000091 -.0000233
T 2774 19 .1519174E+11   1100004E-01 -.1012E+02 -.2273E+01   .9999999 -.0001979  .0000592
T 2775 19 .1519328E+11   1100011E-01 -.1303E+02 -.4159E+01   .9999999 -.0002640  .0000372
T 2776 19 .1519307E+11   1100022E-01  .9124E+00  .1829E+02   .9999999  .0000304  .0003077
T 2777 19 .1519094E+11   1100005E-01  .6683E+01  .4652E+01   .9999999  .0000624  .0000158
T 2778 19 .1519301E+11   1100012E-01  .1253E+02 -.5686E+01   .9999999  .0000676  .0000988
T 2779 19 .1519343E+11   1100004E-01 -.1963E+02 -.1799E+02   .9999999 -.0003888 -.0003836
T 2780 19 .1519332E+11   1100009E-01  .3605E+01  .2261E+01   .9999999 -.0000420 -.0000486
T 2781 19 .1519302E+11   1100012E-01  .9521E+01 -.1233E+01   .9999999  .0001509  .0000299
T 2782 19 .1519351E+11   1100002E-01  .9149E+01  .9890E+01   .9999999  .0001519  .0000956
T 2783 19 .1519241E+11   1100004E-01  .9368E+01 -.3443E+01   .9999999  .0001471 -.0000461
T 2784 19 .1519281E+11   1100002E-01  .1376E+00 -.7987E+00   .9999999 -.0000154  .0000327
T 2785 19 .1519194E+11   1100021E-01 -.2671E+02  .1182E+02   .9999999 -.0004511  .0001399
T 2786 19 .1519314E+11   1100016E-01  .7547E+01  .3171E+01   .9999999  .0001218 -.0000660
T 2787 19 .1519388E+11   1100014E-01  .2065E+01  .3882E+01   .9999999  .0000218  .0000469
T 2788 19 .1519313E+11   1100007E-01  .1668E+02 -.2425E+01   .9999999  .0002410  .0000101
T 2789 19 .1519318E+11   1100013E-01 -.9922E+01 -.3441E+01   .9999999 -.0001974 -.0000081
T 2790 19 .1519165E+11   1100022E-01  .3815E+01  .9313E+00   .9999999  .0000245  .0000784
T 2791 19 .1519382E+11   1100006E-01  .6976E+01  .8370E+01   .9999999  .0000248  .0000721
T 2792 19 .1519359E+11   1100020E-01  .8871E+00 -.9463E+01   .9999999 -.0000463 -.0000042
T 2793 19 .1519217E+11   1100020E-01  .3413E+01  .1088E+02   .9999999 -.0000398  .0000921
T 2794 19 .1519347E+11   1100019E-01  .8340E+01 -.1494E+00   .9999999  .0001153  .0000520
T 2795 19 .1519299E+11   1100023E-01  .8090E+01 -.4832E+01   .9999999  .0001358  .0000113
T 2796 19 .1519221E+11   1100008E-01  .2500E+01 -.3862E+01   .9999999 -.0000028 -.0000723
T 2797 19 .1519215E+11   1100011E-01 -.6496E+01 -.8676E+01   .9999999 -.0001271 -.0002036
T 2798 19 .1519175E+11   1100004E-01  .9979E+01  .1967E+01   .9999999  .0000916  .0000108
T 2799 19 .1519210E+11   1100022E-01  .3235E+01 -.4469E+00   .9999999 -.0000272  .0000365
T 2800 19 .1519123E+11   1100009E-01 -.8798E+01  .8856E+01   .9999999 -.0001063  .0001143
T 2801 19 .1519389E+11   1100016E-01 -.6918E+01  .3541E+00   .9999999 -.0000959 -.0000281
T 2802 19 .1519216E+11   1100019E-01  .1510E+02  .4543E+01   .9999999  .0001760  .0000136
T 2803 19 .1519304E+11   1100009E-01  .5121E+02  .8716E+01   .9999999  .0004517  .0001529
T 2804 19 .1519253E+11   1100022E-01  .1548E+02  .3149E+01   .9999999  .0001894 -.0000667
T 2805 19 .1519269E+11   1100021E-01 -.7697E+01 -.8707E+01   .9999999 -.0001806 -.0000905
T 2806 19 .1519119E+11   1100006E-01 -.3232E+01 -.1099E+02   .9999999 -.0000364 -.0002487
T 2807 19 .1519197E+11   1100017E-01  .8712E+01 -.1177E+01   .9999999 -.0004387  .0001920
T 2808 19 .1519187E+11   1100009E-01  .9655E+00 -.7416E+01   .9999999 -.0000074 -.0001473
T 2809 19 .1519266E+11   1100010E-01 -.8023E+01 -.2097E+01   .9999999 -.0001912 -.0000712
T 2810 19 .1519179E+11   1100013E-01  .1791E+02  .1199E+02   .9999999  .0002512  .0002353
T 2811 19 .1519256E+11   1100015E-01 -.7656E+01 -.2659E+02   .9999999 -.0001621 -.0004124
T 2812 19 .1519271E+11   1100023E-01  .2943E+01  .2589E+01   .9999999 -.0000856  .0000593
T 2813 19 .1519170E+11   1100018E-01 -.8984E+01  .3264E+01   .9999999 -.0002473  .0000867
T 2814 19 .1519310E+11   1100009E-01  .1340E+02  .2218E+01   .9999999  .0003131  .0000167
T 2815 19 .1519263E+11   1100006E-01  .1347E+02 -.8981E+01   .9999999  .0001280 -.0000680
T 2816 19 .1519170E+11   1100013E-01 -.1479E+01  .1090E+02   .9999999  .0000436  .0000856
T 2817 19 .1519250E+11   1100007E-01 -.2972E+01 -.1144E+02   .9999999  .0000131 -.0001431
T 2818 19 .1519204E+11   1100014E-01  .6354E+01 -.2366E+02   .9999999  .0001415 -.0003079
T 2819 19 .1519311E+11   1100021E-01  .1793E+02 -.1079E+02   .9999999  .0001086 -.0001842
T 2820 19 .1519361E+11   1100019E-01  .2028E+02  .1086E+02   .9999999  .0002580  .0001807
T 2821 19 .1519141E+11   1100018E-01 -.3141E+01  .7254E+01   .9999999 -.0000885  .0000930
T 2822 19 .1519379E+11   1100017E-01 -.1613E+02  .5983E+01   .9999999 -.0002325  .0000055
T 2823 19 .1519225E+11   1100018E-01 -.1143E+02 -.4339E+01   .9999999 -.0001926 -.0000799
T 2824 19 .1519345E+11   1100018E-01  .1030E+02 -.3601E+01   .9999999  .0001405 -.0000450
T 2825 19 .1519285E+11   1100006E-01  .6226E+01 -.6411E+01   .9999999  .0000423 -.0001110
T 2826 19 .1519125E+11   1100019E-01 -.1316E+02  .3179E+01   .9999998 -.0001895  .0006273
T 2827 19 .1519346E+11   1100000E-01  .7404E+01 -.1798E+02   .9999999  .0000526 -.0002499
T 2828 19 .1519335E+11   1100021E-01 -.2624E+01  .9332E+01   .9999999 -.0000681  .0001538
T 2829 19 .1519292E+11   1100003E-01 -.3679E+01 -.5407E+00   .9999999 -.0000276  .0002003
T 2830 19 .1519387E+11   1100016E-01 -.5264E+00  .3325E+01   .9999999  .0001844  .0001298
T 2831 19 .1519177E+11   1100016E-01 -.9116E+00 -.2882E+01   .9999999  .0000398 -.0000765
T 2832 19 .1519270E+11   1100018E-01  .1185E+02 -.6418E+01   .9999999  .0001100  .0000628
T 2833 19 .1519243E+11   1100019E-01  .2501E+01 -.2038E+01   .9999999  .0000381 -.0001096
T 2834 19 .1519329E+11   1100000E-01  .1265E+02  .2093E+01   .9999999  .0000704 -.0001088
T 2835 19 .1519318E+11   1100021E-01  .4575E+01 -.3039E+01   .9999999 -.0000077 -.0000799
T 2836 19 .1519167E+11   1100016E-01  .1259E+02  .4527E+01   .9999999  .0001971  .0002068
T 2837 19 .1519313E+11   1100010E-01 -.9159E+00 -.9702E+00   .9999999 -.0001421  .0000469
T 2838 19 .1519210E+11   1100012E-01 -.3626E+01 -.4494E+01   .9999999 -.0000829 -.0000904
T 2839 19 .1519231E+11   1100018E-01  .6983E+01 -.8881E+01   .9999999  .0000025 -.0000129
T 2840 19 .1519238E+11   1100003E-01  .5085E+00 -.8745E+01   .9999999  .0000125 -.0001366
T 2841 19 .1519319E+11   1100020E-01  .8037E+01 -.5133E+01   .9999999  .0000349  .0000847
T 2842 19 .1519223E+11   1100008E-01 -.4024E+01 -.2366E+01   .9999999  .0000334 -.0000209
T 2843 19 .1519203E+11   1100016E-01  .1174E+02 -.3260E+01   .9999999  .0002349 -.0001754
T 2844 19 .1519321E+11   1100022E-01 -.1390E+01 -.2716E+01   .9999999 -.0000602 -.0001026
T 2845 19 .1519335E+11   1100010E-01  .2781E+02  .3229E+02   .9999998  .0004143  .0003615
T 2846 19 .1519283E+11   1100002E-01 -.9203E+01 -.9950E+01   .9999999 -.0000216 -.0002364
T 2847 19 .1519225E+11   1100007E-01  .3433E+01  .2104E+02   .9999999  .0003253  .0002146
T 2848 19 .1519253E+11   1100004E-01  .3399E+02  .3074E+02   .9999999  .0002494  .0003557
T 2849 19 .1519350E+11   1100022E-01  .5828E-01  .1273E+01   .9999999 -.0000305 -.0000467
T 2850 19 .1519286E+11   1100012E-01 -.3126E+00 -.3865E+01   .9999999 -.0000406 -.0000457
T 2851 19 .1519294E+11   1100020E-01  .1033E+02 -.6755E+01   .9999999  .0000791 -.0001193
T 2852 19 .1519224E+11   1100010E-01  .7872E+01 -.1597E+01   .9999999  .0001884  .0001061
T 2853 19 .1519347E+11   1100009E-01 -.1354E+01  .6378E+00   .9999999 -.0000353  .0001238
T 2854 19 .1519275E+11   1100005E-01  .3550E+01 -.4062E+01   .9999999  .0000815 -.0000180
T 2855 19 .1519334E+11   1100021E-01 -.8152E+01  .3720E+00   .9999999 -.0000238  .0001446
T 2856 19 .1519164E+11   1100009E-01  .1368E+02  .3195E+01   .9999999  .0001580  .0000416
T 2857 19 .1519272E+11   1100019E-01 -.8041E+01 -.3640E+01   .9999999 -.0001026  .0000300
T 2858 19 .1519266E+11   1100018E-01 -.7041E+01  .1358E+01   .9999999 -.0001353  .0000912
T 2859 19 .1519203E+11   1100021E-01  .4724E+01  .9653E+01   .9999999  .0000100  .0000946
T 2860 19 .1519347E+11   1100020E-01 -.3617E+01 -.6482E+00   .9999999 -.0000498 -.0000914
T 2861 19 .1519170E+11   1100020E-01  .1237E+02 -.1210E+02   .9999999  .0002183 -.0001950
T 2862 19 .1519340E+11   1100021E-01  .6481E+01 -.1359E+01   .9999999  .0000802 -.0000709
T 2863 19 .1519150E+11   1100005E-01  .2162E+01 -.1301E+02   .9999999 -.0001101 -.0001521
T 2864 19 .1519352E+11   1100020E-01  .1244E+02  .7983E+01   .9999999  .0000481  .0000749
T 2865 19 .1519168E+11   1100006E-01  .1275E+02 -.1603E+02   .9999999  .0002460 -.0003219
T 2866 19 .1519260E+11   1100011E-01  .5085E+01 -.7159E+01   .9999999  .0000842 -.0000912
T 2867 19 .1519317E+11   1100002E-01  .7935E+01  .7580E+01   .9999999  .0000495  .0001609
T 2868 19 .1519299E+11   1100016E-01  .1223E+02 -.9240E+01   .9999999  .0002515 -.0001873
T 2869 19 .1519221E+11   1100017E-01 -.9561E+01 -.1525E-01   .9999999 -.0000619 -.0000219
T 2870 19 .1519323E+11   1100021E-01 -.2640E+01  .5255E+00   .9999999 -.0000567  .0000120
T 2871 19 .1519208E+11   1100011E-01 -.3213E+01 -.2099E+02   .9999999 -.0001448 -.0001706
T 2872 19 .1519317E+11   1100002E-01 -.1053E+01  .7467E+01   .9999999  .0000396  .0001291
T 2873 19 .1519374E+11   1100001E-01  .3796E+01 -.5448E+01   .9999999 -.0000556 -.0000542
T 2874 19 .1519300E+11   1100008E-01  .9567E+01 -.3794E+00   .9999999  .0001173 -.0000179
T 2875 19 .1519409E+11   1100015E-01  .1986E+02  .1134E+02   .9999999  .0003336  .0001094
T 2876 19 .1519452E+11   1100006E-01  .1771E+01  .1354E+02   .9999999 -.0001115  .0001358
T 2877 19 .1519285E+11   1100019E-01 -.1176E+02  .6647E+01   .9999999 -.0002243 -.0000395
T 2878 19 .1519253E+11   1100022E-01 -.1295E+02  .7414E+01   .9999999 -.0001397  .0001243
T 2879 19 .1519185E+11   1100019E-01  .4471E+00  .1203E+02   .9999999 -.0002233  .0002281
T 2880 19 .1519364E+11   1100000E-01 -.1943E+00 -.1999E+01   .9999999 -.0000579 -.0000397
T 2881 19 .1519187E+11   1100019E-01  .8121E+01  .6867E+01   .9999999  .0001320 -.0000376
T 2882 19 .1519191E+11   1100011E-01  .1742E+01  .9372E+00   .9999999 -.0000346  .0000407
T 2883 19 .1519140E+11   1100019E-01  .2209E+01  .3507E+01   .9999999  .0000360  .0001191
T 2884 19 .1519207E+11   1100010E-01  .7010E+01  .1624E+02   .9999999 -.0000330  .0002485
T 2885 19 .1519202E+11   1100021E-01 -.5092E+01 -.1004E+02   .9999999 -.0000621 -.0001168
T 2886 19 .1519287E+11   1100014E-01 -.1072E+01 -.8799E+01   .9999999 -.0000014 -.0002158
T 2887 19 .1519304E+11   1100018E-01 -.9450E+01 -.2104E+01   .9999999 -.0001655 -.0000385
T 2888 19 .1519177E+11   1100007E-01 -.2883E+02 -.1304E+02   .9999999 -.0004097 -.0002363
T 2889 19 .1519351E+11   1100009E-01 -.2464E+01  .1224E+02   .9999999 -.0000361  .0000707
T 2890 19 .1519202E+11   1100022E-01  .3498E+02 -.5220E+02   .9999998  .0002891 -.0004991
T 2891 19 .1519282E+11   1100017E-01  .6102E+01  .7210E+01   .9999999  .0000358  .0001654
T 2892 19 .1519367E+11   1100015E-01 -.1514E+01 -.1987E+02   .9999999  .0000281 -.0003410
T 2893 19 .1519316E+11   1100020E-01 -.3216E+02  .2112E+01   .9999998 -.0006419 -.0001670
T 2894 19 .1519257E+11   1100016E-01  .2715E+03 -.2023E+03   .9999868  .0041430 -.0030274
T 2895 19 .1519276E+11   1100006E-01 -.3782E+01 -.7809E+00   .9999999 -.0001947  .0000325
T 2896 19 .1519288E+11   1100016E-01 -.1072E+02  .1260E+02   .9999999 -.0001734  .0003102
T 2897 19 .1519348E+11   1100013E-01 -.3587E+01  .1818E+02   .9999999 -.0000621  .0003431
T 2898 19 .1519238E+11   1100007E-01  .4491E+01  .3375E+01   .9999999 -.0000182  .0001171
T 2899 19 .1519365E+11   1100021E-01 -.8512E+01  .1489E+02   .9999999 -.0001006 -.0000261
T 2900 19 .1519298E+11   1100005E-01  .1954E+02 -.9597E+01   .9999999  .0002335 -.0002300
T 2901 19 .1519272E+11   1100000E-01 -.6058E+02 -.2634E+02   .9999992 -.0011591 -.0004394
T 2902 19 .1519234E+11   1100010E-01 -.8807E+01 -.8122E+00   .9999999 -.0002467  .0000213
T 2903 19 .1519180E+11   1100011E-01 -.3767E+01 -.1366E+02   .9999999 -.0001425 -.0001764
T 2904 19 .1519279E+11   1100012E-01 -.1076E+01 -.1306E+01   .9999999 -.0000864 -.0000175
T 2905 19 .1519111E+11   1100018E-01  .6208E+01  .7892E+01   .9999999  .0001508  .0001481
T 2906 19 .1519305E+11   1100018E-01  .1096E+02  .3649E+01   .9999999  .0002025  .0000447
T 2907 19 .1519284E+11   1100015E-01  .2088E+01  .3993E+01   .9999999  .0000273  .0000135
T 2908 19 .1519354E+11   1100001E-01  .7532E+01 -.9968E+01   .9999999  .0001989 -.0002199
T 2909 19 .1519244E+11   1100011E-01 -.3837E+01  .8623E+01   .9999999 -.0002120  .0001978
T 2910 19 .1519245E+11   1100015E-01 -.1739E+02 -.1581E+02   .9999999 -.0001450 -.0001307
T 2911 19 .1519224E+11   1100005E-01  .4344E+01 -.1169E+02   .9999999  .0000644 -.0000562
T 2912 19 .1519288E+11   1100003E-01 -.1845E+01  .4606E+01   .9999999 -.0000771  .0000516
T 2913 19 .1519233E+11   1100017E-01  .1320E+02  .7799E+01   .9999999  .0001814  .0000802
T 2914 19 .1519313E+11   1100022E-01  .1467E+02 -.1226E+02   .9999999  .0001425 -.0001074
T 2915 19 .1519251E+11   1100002E-01 -.4224E+02  .9920E+01   .9999998 -.0006255  .0002327
T 2916 19 .1519380E+11   1100023E-01  .6752E+01  .3461E+01   .9999999  .0002703  .0001698
T 2917 19 .1519252E+11   1100020E-01  .1093E+02  .9887E+01   .9999999  .0001225  .0000888
T 2918 19 .1519203E+11   1100018E-01  .7239E+01 -.1053E+02   .9999999  .0000432 -.0001489
T 2919 19 .1519339E+11   1100007E-01  .1039E+02 -.4518E+01   .9999999  .0000887 -.0000367
T 2920 19 .1519201E+11   1100019E-01 -.8146E+01  .9425E+01   .9999999 -.0001587  .0002062
T 2921 19 .1519135E+11   1100006E-01 -.1154E+02  .1376E+02   .9999999 -.0001193  .0002522
T 2922 19 .1519196E+11   1100003E-01 -.1091E+02  .5319E+01   .9999999 -.0000850  .0001549
T 2923 19 .1519235E+11   1100013E-01 -.5102E+02  .5925E+01   .9999997 -.0007173  .0000731
T 2924 19 .1519284E+11   1100018E-01 -.5301E+01  .2715E+01   .9999999 -.0000930 -.0000342
T 2925 19 .1519340E+11   1100018E-01 -.2426E+01 -.3687E+01   .9999999  .0000202 -.0000157
T 2926 19 .1519341E+11   1100016E-01  .3505E+02 -.4555E+02   .9999997  .0005095 -.0005941
T 2927 19 .1519240E+11   1100019E-01  .1272E+02 -.1708E+02   .9999999  .0003202 -.0004348
T 2928 19 .1519253E+11   1100012E-01 -.3001E+01  .2471E+02   .9999999 -.0001004  .0002805
T 2929 19 .1519256E+11   1100022E-01 -.1155E+02  .3273E+01   .9999999 -.0001783  .0001488
T 2930 19 .1519158E+11   1100017E-01 -.1021E+02 -.6569E+01   .9999999 -.0000104 -.0001145
T 2931 19 .1519214E+11   1100019E-01 -.1209E+02  .1482E+01   .9999999 -.0002018 -.0000405
T 2932 19 .1519119E+11   1100019E-01 -.6278E+01 -.6691E+01   .9999999  .0000034 -.0001070
T 2933 19 .1519292E+11   1100016E-01 -.1290E+01  .4838E+01   .9999999  .0000636 -.0000355
T 2934 19 .1519378E+11   1100016E-01 -.1549E+00  .7075E+01   .9999999 -.0000061  .0000081
T 2935 19 .1519244E+11   1100003E-01  .1133E+02  .1848E+02   .9999999  .0002723  .0001947
T 2936 19 .1519220E+11   1100001E-01  .1264E+02  .4369E+01   .9999999  .0002167 -.0000039
T 2937 19 .1519182E+11   1100005E-01  .1032E+02 -.4615E+01   .9999999  .0000950 -.0001452
T 2938 19 .1519277E+11   1100011E-01 -.5755E+01  .2428E+01   .9999999 -.0001021  .0000049
T 2939 19 .1519294E+11   1100003E-01 -.5881E+01 -.3317E+01   .9999999 -.0000264 -.0000055
T 2940 19 .1519321E+11   1100013E-01  .6069E+01  .2565E+02   .9999999  .0001684  .0004530
T 2941 19 .1519293E+11   1100013E-01 -.3963E+01  .6967E+01   .9999999 -.0000452  .0001142
T 2942 19 .1519170E+11   1100014E-01  .6739E+01  .5398E+01   .9999999  .0000921  .0001391
T 2943 19 .1519184E+11   1100012E-01  .1284E+02  .1313E+02   .9999999  .0001455  .0003185
T 2944 19 .1519218E+11   1100023E-01  .7675E+00 -.3314E+00   .9999999  .0000038 -.0000222
T 2945 19 .1519229E+11   1100020E-01 -.1869E+02 -.1347E+02   .9999999 -.0001933 -.0001088
T 2946 19 .1519350E+11   1100007E-01 -.1182E+01  .8242E+01   .9999999 -.0000463  .0000936
T 2947 19 .1519265E+11   1100014E-01  .3087E+01  .3547E+01   .9999999 -.0000437  .0000728
T 2948 19 .1519366E+11   1100009E-01 -.3619E+01  .3435E+01   .9999999 -.0000401  .0001746
T 2949 19 .1519228E+11   1100014E-01 -.2037E+01 -.1932E+01   .9999999 -.0000906  .0000139
T 2950 19 .1519180E+11   1100020E-01  .6033E+01 -.7350E+00   .9999999  .0000518  .0000661
T 2951 19 .1519284E+11   1100003E-01  .7496E+01 -.1234E+00   .9999999  .0001068 -.0000138
T 2952 19 .1519323E+11   1100007E-01 -.7098E+01 -.1832E+01   .9999999 -.0000085 -.0000206
T 2953 19 .1519388E+11   1100020E-01 -.7243E+01 -.1060E+02   .9999999 -.0001358 -.0001312
T 2954 19 .1519338E+11   1100019E-01  .4074E+01  .1092E+02   .9999999  .0000821  .0001821
T 2955 19 .1519283E+11   1100007E-01 -.2989E+01 -.2016E+01   .9999999 -.0000416 -.0000693
T 2956 19 .1519192E+11   1100019E-01  .3283E+01  .8457E+01   .9999999  .0000785  .0002159
T 2957 19 .1519148E+11   1100017E-01  .9928E+01 -.6018E+00   .9999999  .0000591 -.0000251
T 2958 19 .1519252E+11   1100001E-01  .1886E+01 -.1214E+02   .9999999 -.0000057 -.0001279
T 2959 19 .1519233E+11   1100008E-01  .5738E+01  .3776E+01   .9999999  .0001414  .0000840
T 2960 19 .1519322E+11   1100010E-01  .3456E+01  .2023E+01   .9999999  .0000207  .0000038
T 2961 19 .1519298E+11   1100015E-01  .9261E+01 -.9670E+01   .9999999  .0002221 -.0000608
T 2962 19 .1519296E+11   1100019E-01  .1039E+02  .1369E+02   .9999999  .0001386  .0001938
T 2963 19 .1519338E+11   1100015E-01  .1610E+01  .9580E+01   .9999999  .0000352  .0002502
T 2964 19 .1519340E+11   1100019E-01 -.1830E+01 -.6745E+01   .9999999 -.0000267 -.0000121
T 2965 19 .1519199E+11   1100018E-01  .4405E+01 -.3585E+01   .9999999  .0000675 -.0000131
T 2966 19 .1519290E+11   1100017E-01  .3766E+01 -.7557E+01   .9999999 -.0000479 -.0000400
T 2967 19 .1519299E+11   1100016E-01 -.4033E+01 -.3922E+01   .9999999 -.0000719 -.0001061
T 2968 19 .1519219E+11   1100016E-01  .1030E+02  .9810E+01   .9999999  .0000733  .0000625
T 2969 19 .1519375E+11   1100007E-01  .1253E+02 -.1424E+01   .9999999  .0002453 -.0000785
T 2970 19 .1519172E+11   1100019E-01  .5888E+01 -.4559E+00   .9999999 -.0001029  .0000127
T 2971 19 .1519328E+11   1100001E-01 -.8604E+01 -.8639E+01   .9999999 -.0000756 -.0002859
T 2972 19 .1519378E+11   1100009E-01 -.2524E+00  .5563E+01   .9999999 -.0000246  .0000928
T 2973 19 .1519157E+11   1100019E-01 -.1809E+02  .1135E+02   .9999999 -.0000060  .0001457
T 2974 19 .1519211E+11   1100011E-01 -.3204E+01  .9622E+01   .9999999  .0000163  .0001607
T 2975 19 .1519280E+11   1100017E-01 -.4086E+01  .5459E+01   .9999999 -.0001249 -.0000276
T 2976 19 .1519427E+11   1100017E-01  .6383E+01  .5667E+01   .9999999  .0001087  .0000584
T 2977 19 .1519205E+11   1100005E-01  .2150E+00  .9434E+01   .9999999 -.0000552  .0001114
T 2978 19 .1519397E+11   1100016E-01  .1350E+02 -.6818E-01   .9999999  .0002808  .0000444
T 2979 19 .1519328E+11   1100015E-01 -.4237E+01  .4777E+01   .9999999  .0000198  .0000514
T 2980 19 .1519363E+11   1100018E-01 -.9175E+01  .1666E+02   .9999999  .0000274  .0003682
T 2981 19 .1519260E+11   1100011E-01  .2835E+01  .2386E+01   .9999999  .0001100 -.0000006
T 2982 19 .1519289E+11   1100016E-01 -.1925E+01  .1126E+01   .9999999 -.0000147  .0000832
T 2983 19 .1519353E+11   1100002E-01 -.8086E+01 -.4820E+01   .9999999 -.0000514 -.0001293
T 2984 19 .1519192E+11   1100009E-01 -.2248E+01  .9924E+01   .9999999 -.0000781  .0001952
T 2985 19 .1519329E+11   1100009E-01 -.3170E+01  .1165E+02   .9999999  .0000646  .0002147
T 2986 19 .1519376E+11   1100011E-01  .9499E+00  .1148E+02   .9999999  .0000930  .0001777
T 2987 19 .1519329E+11   1100001E-01  .8627E+01  .1636E+02   .9999999  .0001282  .0002905
T 2988 19 .1519361E+11   1100022E-01 -.8113E+00  .5184E+01   .9999999  .0000151  .0001291
T 2989 19 .1519295E+11   1100019E-01  .9300E+01  .4760E+01   .9999999  .0001139 -.0001041
T 2990 19 .1519299E+11   1100021E-01 -.4624E+01  .4872E+01   .9999999 -.0000324 -.0000338
T 2991 19 .1519367E+11   1100021E-01 -.6008E+01  .9112E+01   .9999999 -.0003614  .0002748
T 2992 19 .1519275E+11   1100004E-01 -.4071E+01 -.2600E+02   .9999999 -.0000135 -.0003699
T 2993 19 .1519412E+11   1100002E-01  .1697E+02  .4074E+02   .9999996  .0003700  .0007775
T 2994 19 .1519173E+11   1100014E-01  .7780E+01 -.1032E+02   .9999999  .0002900 -.0000825
T 2995 19 .1519233E+11   1100009E-01  .8919E+01  .2306E+00   .9999999  .0001202  .0000367
T 2996 19 .1519414E+11   1100015E-01  .2431E+01  .3789E+01   .9999999  .0000618 -.0000085
T 2997 19 .1519168E+11   1100017E-01  .8522E+00 -.2418E+01   .9999999 -.0000393  .0001351
T 2998 19 .1519295E+11   1100008E-01  .5925E+01 -.9902E+00   .9999999 -.0000361  .0000468
T 2999 19 .1519367E+11   1100017E-01  .1960E+02  .8244E+01   .9999999  .0002434  .0001273
T 3000 19 .1519238E+11   1100011E-01  .3139E+00 -.1133E+02   .9999999 -.0000841 -.0002029
T 3001 19 .1519231E+11   1100003E-01 -.4504E+01  .6070E+00   .9999999 -.0000830  .0000662
T 3002 19 .1519245E+11   1100022E-01 -.1168E+02  .2467E+01   .9999999 -.0001895  .0000026
T 3003 19 .1519209E+11   1100015E-01  .2569E+01 -.2535E+01   .9999999  .0000560  .0000015
T 3004 19 .1519100E+11   1100016E-01 -.1894E+02 -.6132E+01   .9999999 -.0001769  .0000233
T 3005 19 .1519361E+11   1100010E-01 -.7169E+01 -.7102E+01   .9999999 -.0001252 -.0000704
T 3006 19 .1519191E+11   1100016E-01 -.1701E+02  .3339E+01   .9999999 -.0003751  .0000823
T 3007 19 .1519316E+11   1100007E-01  .1483E+01  .6688E+01   .9999999  .0000694  .0000458
T 3008 19 .1519475E+11   1100008E-01  .1157E+02 -.1809E+02   .9999999  .0002155 -.0001939
T 3009 19 .1519259E+11   1100002E-01 -.4061E+01  .1002E+02   .9999999 -.0000488  .0000567
T 3010 19 .1519164E+11   1100018E-01 -.9637E+01  .5278E+01   .9999999 -.0001553  .0000833
T 3011 19 .1519291E+11   1100013E-01  .1080E+02  .9337E+01   .9999999  .0000692  .0001939
T 3012 19 .1519280E+11   1100004E-01  .9713E+01  .9514E+01   .9999999  .0001014  .0000843
T 3013 19 .1519178E+11   1100004E-01 -.4639E+01  .9441E+01   .9999999 -.0000848  .0001375
T 3014 19 .1519397E+11   1100004E-01  .1902E+01 -.3636E+01   .9999999  .0000248 -.0000633
T 3015 19 .1519227E+11   1100013E-01  .4707E+01  .9991E+01   .9999999  .0001184  .0002039
T 3016 19 .1519308E+11   1100013E-01 -.6721E+00 -.1242E+02   .9999999  .0000377 -.0000478
T 3017 19 .1519209E+11   1100016E-01 -.6599E+01  .4602E+01   .9999999 -.0001956  .0000707
T 3018 19 .1519305E+11   1100021E-01 -.2054E+02  .1101E+02   .9999999 -.0002612  .0000759
T 3019 19 .1519318E+11   1100003E-01 -.5246E+00 -.2392E+01   .9999999 -.0000007 -.0000938
T 3020 19 .1519273E+11   1100021E-01 -.9792E+01 -.3484E+01   .9999999 -.0001053 -.0000115
T 3021 19 .1519332E+11   1100013E-01  .1798E+01 -.3488E+01   .9999999 -.0000498 -.0000570
T 3022 19 .1519252E+11   1100014E-01 -.1374E+02 -.2985E+01   .9999999 -.0001730 -.0000416
T 3023 19 .1519316E+11   1100022E-01  .1127E+02  .8064E+01   .9999998  .0005353  .0001549
T 3024 19 .1519231E+11   1100012E-01 -.1029E+02  .1230E+02   .9999999 -.0000221  .0000804
T 3025 19 .1519370E+11   1100003E-01  .8615E+01  .3614E+01   .9999999  .0001464 -.0000245
T 3026 19 .1519144E+11   1100010E-01 -.1594E+02 -.9174E+01   .9999999 -.0003006 -.0002978
T 3027 19 .1519215E+11   1100010E-01  .1793E+00  .5822E+01   .9999999 -.0000368  .0001585
T 3028 19 .1519347E+11   1100020E-01  .5341E+01 -.5695E+01   .9999999  .0001348 -.0001029
T 3029 19 .1519273E+11   1100020E-01 -.2110E+00 -.5382E+01   .9999999 -.0000732  .0000889
T 3030 19 .1519267E+11   1100021E-01  .2101E+02 -.3353E+01   .9999999  .0002789  .0000138
T 3031 19 .1519333E+11   1100006E-01 -.5414E+01  .2028E+00   .9999999 -.0000866 -.0000796
T 3032 19 .1519244E+11   1100001E-01  .1089E+02 -.2317E+01   .9999999  .0002430 -.0000633
T 3033 19 .1519214E+11   1100017E-01  .5567E+00  .4228E+01   .9999999  .0000483  .0000904
T 3034 19 .1519255E+11   1100013E-01  .6485E+00  .1326E+02   .9999999 -.0000164  .0002678
T 3035 19 .1519262E+11   1100017E-01 -.6006E+01  .6728E+00   .9999999 -.0000908 -.0000612
T 3036 19 .1519370E+11   1100014E-01  .1307E+02 -.7654E+00   .9999999  .0002479 -.0001015
T 3037 19 .1519309E+11   1100014E-01 -.5583E+01  .6467E+01   .9999999 -.0000854  .0000381
T 3038 19 .1519253E+11   1100020E-01 -.3829E+00 -.5844E+01   .9999999  .0000389 -.0001286
T 3039 19 .1519422E+11   1100009E-01 -.1521E+02 -.9267E+01   .9999999 -.0002464 -.0001492
T 3040 19 .1519272E+11   1100017E-01 -.3326E+01 -.4395E+01   .9999999 -.0000648  .0000441
T 3041 19 .1519314E+11   1100007E-01  .3033E+01 -.3962E+00   .9999999  .0000842 -.0000380
T 3042 19 .1519220E+11   1100011E-01 -.2961E+01 -.4903E+01   .9999999  .0000141 -.0000485
T 3043 19 .1519247E+11   1100021E-01 -.4490E+01  .1048E+02   .9999999  .0000267  .0001850
T 3044 19 .1519207E+11   1100001E-01 -.1148E+01 -.1634E+02   .9999999 -.0001269 -.0003334
T 3045 19 .1519194E+11   1100006E-01 -.7776E+01  .4538E+01   .9999999 -.0000288 -.0000609
T 3046 19 .1519251E+11   1100003E-01  .2194E+01 -.6579E+01   .9999999 -.0000150 -.0001422
T 3047 19 .1519249E+11   1100014E-01  .6140E+01  .7173E+01   .9999999  .0000716  .0000287
T 3048 19 .1519118E+11   1100005E-01  .4642E+01  .8300E+00   .9999999  .0000347  .0000364
T 3049 19 .1519249E+11   1100002E-01 -.6946E+00  .1215E+02   .9999999  .0000368  .0001263
T 3050 19 .1519354E+11   1100003E-01  .2828E+02  .1269E+02   .9999999  .0004019  .0001239
T 3051 19 .1519282E+11   1100017E-01 -.6062E+01 -.6187E+01   .9999999 -.0000287 -.0001142
T 3052 19 .1519334E+11   1100004E-01  .2835E+01  .1640E+01   .9999999  .0000411 -.0000102
T 3053 19 .1519306E+11   1100005E-01 -.2714E+01 -.8323E+01   .9999999 -.0001929 -.0001747
T 3054 19 .1519125E+11   1100020E-01 -.5922E+01 -.1681E+01   .9999999 -.0000584 -.0001339
T 3055 19 .1519216E+11   1100019E-01  .5463E+01  .4161E+01   .9999999  .0001216  .0001498
T 3056 19 .1519268E+11   1100001E-01  .1889E+02 -.2310E+01   .9999999  .0003032  .0000139
T 3057 19 .1519204E+11   1100012E-01  .4956E+01 -.3972E+01   .9999999  .0000095 -.0001993
T 3058 19 .1519262E+11   1100017E-01  .4736E+00  .7298E+01   .9999999 -.0000206  .0002410
T 3059 19 .1519285E+11   1100013E-01  .4709E+00  .5025E+01   .9999999  .0000178  .0001027
T 3060 19 .1519254E+11   1100008E-01 -.5167E+01 -.6417E+01   .9999999 -.0000462 -.0000780
T 3061 19 .1519162E+11   1100017E-01 -.1169E+02  .6213E+01   .9999999 -.0000948  .0000820
T 3062 19 .1519250E+11   1100022E-01 -.7300E+01  .1021E+02   .9999999  .0000230  .0000390
T 3063 19 .1519404E+11   1100015E-01 -.5508E+00  .1089E+02   .9999999 -.0000968  .0002412
T 3064 19 .1519163E+11   1100008E-01  .2949E+01 -.5338E+01   .9999999  .0000504 -.0001223
T 3065 19 .1519326E+11   1100009E-01  .3589E+01  .8971E+00   .9999999  .0000717  .0000203
T 3066 19 .1519130E+11   1100019E-01  .2322E+02  .2229E+01   .9999999  .0002181  .0000337
T 3067 19 .1519121E+11   1100018E-01  .5437E+01 -.5273E+01   .9999999  .0000711 -.0001148
T 3068 19 .1519169E+11   1100003E-01 -.3665E+00  .1822E+01   .9999999 -.0000356  .0000063
T 3069 19 .1519374E+11   1100016E-01  .5508E+01 -.2273E+00   .9999999  .0000444 -.0000020
T 3070 19 .1519211E+11   1100017E-01  .1117E+02  .3622E+01   .9999999  .0001342  .0000277
T 3071 19 .1519260E+11   1100022E-01  .1085E+02 -.5927E-01   .9999999  .0001171  .0000562
T 3072 19 .1519311E+11   1100012E-01  .2674E+01  .9543E+01   .9999999  .0000289  .0001046
T 3073 19 .1519408E+11   1100001E-01  .7385E+01 -.3744E+01   .9999999  .0001817 -.0000787
T 3074 19 .1519166E+11   1100003E-01  .1135E+02 -.5904E+00   .9999999  .0001923  .0000550
T 3075 19 .1519394E+11   1100009E-01  .5095E+01  .1068E+02   .9999999  .0001487  .0001176
T 3076 19 .1519216E+11   1100005E-01  .1777E+02  .6272E+01   .9999999  .0003235  .0000826
T 3077 19 .1519309E+11   1100005E-01 -.8099E+01  .5541E+00   .9999999 -.0000436 -.0000659
T 3078 19 .1519259E+11   1100004E-01 -.1698E+01  .2613E+01   .9999999 -.0000022  .0000599
T 3079 19 .1519360E+11   1100020E-01 -.7082E+01  .5893E+01   .9999999 -.0001114  .0002410
T 3080 19 .1519285E+11   1100016E-01 -.1740E+02  .1121E+02   .9999999 -.0002298  .0001449
T 3081 19 .1519234E+11   1100008E-01  .1307E+02 -.1742E+02   .9999999  .0000112 -.0000404
T 3082 19 .1519201E+11   1100013E-01  .2042E+01 -.4140E+01   .9999999 -.0000862 -.0001548
T 3083 19 .1519268E+11   1100012E-01  .1360E+02 -.9311E+01   .9999999  .0002207 -.0001587
T 3084 19 .1519263E+11   1100000E-01  .1281E+02 -.8376E+01   .9999999  .0001114 -.0001526
T 3085 19 .1519261E+11   1100012E-01 -.7087E+01 -.7811E+01   .9999999 -.0003190 -.0001538
T 3086 19 .1519267E+11   1100012E-01 -.6450E+01 -.7053E+01   .9999999 -.0001290 -.0001526
T 3087 19 .1519271E+11   1100019E-01 -.2144E+01 -.3794E+01   .9999999 -.0000328 -.0000785
T 3088 19 .1519306E+11   1100018E-01 -.1056E+02  .2823E+00   .9999999 -.0000583  .0000069
T 3089 19 .1519285E+11   1100022E-01  .1364E+02  .1896E+02   .9999999  .0002323  .0004014
T 3090 19 .1519177E+11   1100014E-01  .2218E+01  .6623E+01   .9999999  .0001650  .0001644
T 3091 19 .1519328E+11   1100013E-01  .1217E+02  .9155E+01   .9999999  .0001520  .0002149
T 3092 19 .1519295E+11   1100018E-01 -.8865E+00 -.4544E+01   .9999999 -.0000279  .0000498
T 3093 19 .1519289E+11   1100010E-01  .3364E+01 -.4778E+01   .9999999 -.0000141 -.0001430
T 3094 19 .1519172E+11   1100004E-01  .5786E+01  .5024E+01   .9999999 -.0000122  .0000228
T 3095 19 .1519326E+11   1100018E-01  .4374E+01 -.4452E+00   .9999999  .0000637  .0000594
T 3096 19 .1519137E+11   1100002E-01 -.9368E+01 -.6978E+01   .9999999 -.0000862 -.0001099
T 3097 19 .1519281E+11   1100015E-01  .3552E+01  .9816E+01   .9999999  .0000245  .0001854
T 3098 19 .1519192E+11   1100000E-01 -.2514E+02 -.1302E+02   .9999999 -.0004905 -.0001034
T 3099 19 .1519238E+11   1100015E-01 -.1975E+02  .1284E+02   .9999999 -.0003829  .0003431
T 3100 19 .1519278E+11   1100001E-01  .5351E+01 -.6392E+01   .9999999  .0000764 -.0000916
T 3101 19 .1519314E+11   1100007E-01  .1624E+01  .7602E+01   .9999999  .0000399  .0000323
T 3102 19 .1519370E+11   1100019E-01 -.2405E+02  .6233E+01   .9999999 -.0002855  .0000671
T 3103 19 .1519091E+11   1100005E-01 -.6184E+01 -.3113E+01   .9999999 -.0001243 -.0000432
T 3104 19 .1519167E+11   1100007E-01  .1172E+02 -.4196E+01   .9999999  .0002714  .0000869
T 3105 19 .1519259E+11   1100022E-01  .5920E+01 -.7528E+01   .9999999  .0000612 -.0001387
T 3106 19 .1519273E+11   1100018E-01 -.1950E+01  .3469E+00   .9999999  .0000038 -.0000269
T 3107 19 .1519343E+11   1100012E-01  .1511E+02 -.1184E+01   .9999999  .0002524 -.0000255
T 3108 19 .1519275E+11   1100014E-01 -.1330E+01 -.6817E+01   .9999999  .0000237 -.0001418
T 3109 19 .1519278E+11   1100015E-01 -.2420E+01  .2132E+01   .9999999 -.0000668 -.0000448
T 3110 19 .1519290E+11   1100010E-01  .9579E+01  .8614E+01   .9999999  .0000822  .0000002
T 3111 19 .1519199E+11   1100022E-01 -.1006E+01  .1162E+02   .9999999 -.0000860  .0002973
T 3112 19 .1519175E+11   1100011E-01  .7307E+01  .3475E+01   .9999999  .0001525  .0001031
T 3113 19 .1519330E+11   1100021E-01  .7332E+01 -.3468E+01   .9999999  .0002220  .0000066
T 3114 19 .1519238E+11   1100023E-01 -.5299E+01 -.3723E+01   .9999999  .0000608 -.0000424
T 3115 19 .1519231E+11   1100011E-01  .6404E+01  .6265E+01   .9999999 -.0000695  .0000937
T 3116 19 .1519282E+11   1100003E-01 -.2500E+01  .2588E+01   .9999999  .0000260  .0000945
T 3117 19 .1519101E+11   1100018E-01  .2061E+01 -.2656E+01   .9999999  .0000913  .0000445
T 3118 19 .1519214E+11   1100001E-01 -.1377E+01  .7187E+01   .9999999 -.0000288  .0000731
T 3119 19 .1519282E+11   1100019E-01  .9382E+01 -.2222E+02   .9999999  .0001051 -.0002831
T 3120 19 .1519272E+11   1100021E-01  .6332E+01 -.5895E+01   .9999999  .0000760 -.0000905
T 3121 19 .1519365E+11   1100000E-01 -.1584E+01  .2780E+01   .9999999  .0001024  .0000832
T 3122 19 .1519290E+11   1100021E-01 -.3944E+01 -.1328E+02   .9999999 -.0000136 -.0001863
T 3123 19 .1519312E+11   1100002E-01 -.7327E+01  .5985E+00   .9999999 -.0001855 -.0000590
T 3124 19 .1519185E+11   1100007E-01 -.1088E+02  .5073E+01   .9999999 -.0002173  .0000226
T 3125 19 .1519209E+11   1100007E-01  .1972E+02  .6121E+01   .9999999  .0001501  .0000833
T 3126 19 .1519278E+11   1100002E-01 -.7732E+01 -.6358E+01   .9999999 -.0001487 -.0001028
T 3127 19 .1519344E+11   1100020E-01 -.7331E+00  .2749E+00   .9999999 -.0000860  .0000270
T 3128 19 .1519266E+11   1100015E-01 -.4912E+01 -.1606E+01   .9999999 -.0001614 -.0001239
T 3129 19 .1519408E+11   1100000E-01 -.4456E+01 -.9610E+01   .9999999  .0000294 -.0001759
T 3130 19 .1519248E+11   1100000E-01  .1061E+02  .5169E+01   .9999999  .0001178  .0000693
T 3131 19 .1519375E+11   1100011E-01 -.4057E+01 -.6865E+01   .9999999 -.0000524 -.0001536
T 3132 19 .1519162E+11   1100020E-01  .2848E+01 -.3424E+01   .9999999  .0000045 -.0000254
T 3133 19 .1519313E+11   1100017E-01 -.6219E+00 -.5422E+01   .9999999 -.0001215 -.0000513
T 3134 19 .1519228E+11   1100015E-01 -.9424E+01 -.2130E+02   .9999999 -.0000901 -.0002677
T 3135 19 .1519056E+11   1100012E-01 -.8262E+01 -.6645E+01   .9999999 -.0000528 -.0001321
T 3136 19 .1519337E+11   1100003E-01  .8095E+01  .8451E+01   .9999999  .0001217  .0001058
T 3137 19 .1519255E+11   1100022E-01  .1481E+02 -.4495E+01   .9999999  .0003368  .0000496
T 3138 19 .1519395E+11   1100007E-01  .2746E+02 -.1783E+01   .9999999  .0002809  .0000218
T 3139 19 .1519285E+11   1100019E-01  .1218E+02  .4531E+01   .9999999  .0001685  .0000181
T 3140 19 .1519234E+11   1100009E-01  .1039E+03  .3585E+02   .9999986  .0015526  .0005592
T 3141 19 .1519196E+11   1100018E-01  .1181E+02 -.6397E+01   .9999999  .0001613 -.0000317
T 3142 19 .1519263E+11   1100000E-01 -.1002E+01 -.5148E+01   .9999999 -.0000230 -.0000480
T 3143 19 .1519241E+11   1100020E-01  .1165E+01  .1002E+01   .9999999  .0000486  .0001294
T 3144 19 .1519260E+11   1100018E-01 -.1016E+02  .1493E+02   .9999999 -.0001142  .0002001
T 3145 19 .1519321E+11   1100007E-01 -.6235E+00 -.9270E+01   .9999999  .0000486 -.0000909
T 3146 19 .1519310E+11   1100014E-01 -.2740E+01 -.5117E+01   .9999999  .0001054 -.0000258
T 3147 19 .1519291E+11   1100005E-01 -.4215E+02  .7105E+01   .9999998 -.0006547  .0000684
T 3148 19 .1519369E+11   1100000E-01 -.1511E+02 -.1728E+02   .9999998 -.0003480 -.0005390
T 3149 19 .1519314E+11   1100019E-01  .1143E+01 -.4797E+00   .9999999  .0000424 -.0000894
T 3150 19 .1519246E+11   1100005E-01  .6114E+01  .5099E+00   .9999999  .0001232  .0000264
T 3151 19 .1519211E+11   1100002E-01 -.1567E+01 -.2110E+01   .9999999  .0000428 -.0000852
T 3152 19 .1519196E+11   1100020E-01  .3003E+01 -.4201E+01   .9999999  .0001373 -.0000631
T 3153 19 .1519298E+11   1100008E-01 -.9484E+01 -.9372E+01   .9999999 -.0001171 -.0001554
T 3154 19 .1519312E+11   1100019E-01 -.1306E+02 -.1008E+02   .9999999 -.0001540 -.0003018
T 3155 19 .1519225E+11   1100022E-01 -.3344E+01  .1235E+02   .9999999  .0000542  .0002460
T 3156 19 .1519215E+11   1100018E-01 -.3567E+00 -.3706E+01   .9999999 -.0000608 -.0001213
T 3157 19 .1519288E+11   1100021E-01  .7472E+01 -.3652E+01   .9999999  .0001210  .0000103
T 3158 19 .1519182E+11   1100022E-01 -.2720E+01  .5782E+01   .9999999 -.0000891  .0000231
T 3159 19 .1519326E+11   1100010E-01  .7054E+01 -.1715E+02   .9999999  .0001660 -.0002865
T 3160 19 .1519249E+11   1100019E-01  .2661E+02 -.3641E+01   .9999999  .0003523  .0000141
T 3161 19 .1519328E+11   1100014E-01  .5836E+01  .7334E+01   .9999999  .0001132  .0001372
T 3162 19 .1519366E+11   1100013E-01 -.8783E+01 -.5975E+01   .9999999 -.0002335 -.0001907
T 3163 19 .1519270E+11   1100022E-01 -.4611E+01  .6237E+01   .9999999 -.0000480  .0001184
T 3164 19 .1519354E+11   1100018E-01  .8859E+01  .7038E+01   .9999999  .0001277  .0001906
T 3165 19 .1519141E+11   1100012E-01 -.3105E+02  .5113E+02   .9999997 -.0003685  .0006986
T 3166 19 .1519202E+11   1100009E-01  .1743E+02 -.4373E-01   .9999999  .0001950 -.0001307
T 3167 19 .1519170E+11   1100001E-01  .1017E+02 -.9135E+00   .9999999  .0002258 -.0000050
T 3168 19 .1519347E+11   1100015E-01 -.1571E+01 -.7481E+01   .9999999 -.0000928 -.0001188
T 3169 19 .1519325E+11   1100019E-01  .1308E+02  .2172E+01   .9999999  .0001711  .0000923
T 3170 19 .1519279E+11   1100002E-01  .2139E+01 -.6017E+01   .9999999  .0000483 -.0002178
T 3171 19 .1519438E+11   1100000E-01  .4675E+00  .8227E+00   .9999999 -.0000278 -.0000915
T 3172 19 .1519272E+11   1100008E-01 -.1201E+02  .1358E+02   .9999999 -.0002660  .0002939
T 3173 19 .1519315E+11   1100018E-01 -.3594E+01  .2742E+01   .9999999 -.0000211  .0000937
T 3174 19 .1519227E+11   1100002E-01 -.8800E+01 -.4062E+01   .9999999 -.0002167 -.0000475
T 3175 19 .1519265E+11   1100020E-01 -.7772E+01  .8871E+00   .9999999  .0000365 -.0001662
T 3176 19 .1519192E+11   1100021E-01  .4101E+01  .1503E+01   .9999999  .0001030  .0000044
T 3177 19 .1519195E+11   1100019E-01 -.1542E+02 -.1495E+01   .9999999 -.0003319 -.0001369
T 3178 19 .1519400E+11   1100005E-01  .5509E+01 -.1015E+02   .9999999  .0000832 -.0001864
T 3179 19 .1519151E+11   1100010E-01  .4635E+01 -.3693E+00   .9999999  .0001489  .0000473
T 3180 19 .1519285E+11   1100013E-01 -.1667E+02  .1993E+01   .9999999 -.0002326  .0000444
T 3181 19 .1519175E+11   1100001E-01  .4100E+01  .3098E+01   .9999999  .0000674  .0000065
T 3182 19 .1519308E+11   1100012E-01  .2103E+01 -.4725E+01   .9999999 -.0000512 -.0000374
T 3183 19 .1519318E+11   1100012E-01 -.6849E+01  .1799E+01   .9999999 -.0000487 -.0000073
T 3184 19 .1519256E+11   1100011E-01  .9981E+01  .7406E+01   .9999999  .0001583  .0000980
T 3185 19 .1519189E+11   1100017E-01  .1002E+02  .1484E+02   .9999999  .0000828  .0001440
T 3186 19 .1519203E+11   1100009E-01 -.5711E+00  .6155E+01   .9999999 -.0000738  .0000004
T 3187 19 .1519268E+11   1100005E-01  .6166E+01 -.4497E+01   .9999999  .0000034 -.0000019
T 3188 19 .1519406E+11   1100018E-01  .3580E+01 -.9762E+01   .9999999  .0000678 -.0001257
T 3189 19 .1519266E+11   1100003E-01  .5901E+01  .8744E+01   .9999999  .0001209  .0000785
T 3190 19 .1519180E+11   1100015E-01  .1490E+01  .3044E+01   .9999999  .0001322  .0000222
T 3191 19 .1519350E+11   1100017E-01  .5866E+01 -.2298E+01   .9999999  .0000388 -.0001419
T 3192 19 .1519213E+11   1100008E-01  .1441E+02  .1212E+02   .9999999  .0003059  .0001216
T 3193 19 .1519239E+11   1100004E-01 -.2128E+02 -.3396E+01   .9999999 -.0002363  .0000270
T 3194 19 .1519267E+11   1100015E-01  .2399E+02 -.2367E+02   .9999999  .0002102 -.0004202
T 3195 19 .1519263E+11   1100014E-01 -.2845E+01  .7541E+01   .9999999 -.0000998  .0002319
T 3196 19 .1519122E+11   1100013E-01 -.9622E+01 -.1657E+02   .9999999 -.0001564 -.0002488
T 3197 19 .1519118E+11   1100022E-01  .7660E+01 -.3015E+01   .9999999  .0000002 -.0000945
T 3198 19 .1519082E+11   1100002E-01 -.8353E+01 -.8562E+00   .9999999 -.0001305  .0001125
T 3199 19 .1519275E+11   1100012E-01  .3866E+02 -.1666E+02   .9999999  .0004667 -.0002662
T 3200 19 .1519291E+11   1100015E-01 -.4449E+01  .1775E+01   .9999999 -.0000258  .0000393
T 3201 19 .1519246E+11   1100021E-01  .5070E+01 -.2858E+01   .9999999  .0000544 -.0001051
T 3202 19 .1519278E+11   1100006E-01 -.1769E+01 -.1275E+02   .9999999  .0000396 -.0002455
T 3203 19 .1519173E+11   1100013E-01 -.8550E+01  .1129E+02   .9999999 -.0002223  .0001597
T 3204 19 .1519307E+11   1100012E-01  .4064E-01 -.5479E+01   .9999999  .0000265 -.0000919
T 3205 19 .1519213E+11   1100006E-01 -.5817E+01 -.1056E+02   .9999999 -.0000185 -.0001829
T 3206 19 .1519237E+11   1100000E-01  .3699E+01  .2279E+01   .9999999  .0000827 -.0001040
T 3207 19 .1519293E+11   1100013E-01 -.4763E+01 -.2097E+01   .9999999 -.0001614 -.0000511
T 3208 19 .1519349E+11   1100021E-01  .1813E+02  .8383E+01   .9999999  .0002242 -.0000284
T 3209 19 .1519196E+11   1100020E-01 -.1183E+01  .1048E+02   .9999999  .0000505  .0001761
T 3210 19 .1519138E+11   1100002E-01 -.6104E+01  .5601E+01   .9999999 -.0000895  .0001886
T 3211 19 .1519308E+11   1100010E-01  .1721E+02  .1270E+01   .9999999  .0002471 -.0000118
T 3212 19 .1519305E+11   1100007E-01  .9010E+01  .2218E+01   .9999999  .0001217  .0000440
T 3213 19 .1519265E+11   1100009E-01 -.3688E+01 -.1966E+00   .9999999  .0000004 -.0000273
T 3214 19 .1519253E+11   1100020E-01  .3785E+01 -.2132E+00   .9999999  .0000191  .0000352
T 3215 19 .1519345E+11   1100014E-01 -.1707E+01 -.1262E+02   .9999999 -.0001015 -.0001152
T 3216 19 .1519391E+11   1100012E-01 -.1016E+02 -.1367E+02   .9999999 -.0001184 -.0000805
T 3217 19 .1519212E+11   1100019E-01 -.1876E+01  .4182E+01   .9999999 -.0000426  .0001149
T 3218 19 .1519346E+11   1100012E-01  .4556E+01  .9249E+00   .9999999  .0000411  .0000560
T 3219 19 .1519209E+11   1100017E-01 -.9336E+01  .1643E+01   .9999999  .0000051  .0002070
T 3220 19 .1519188E+11   1100019E-01 -.1146E+01  .5274E+01   .9999999  .0000926  .0000199
T 3221 19 .1519206E+11   1100014E-01 -.1349E+03 -.8000E+01   .9999992 -.0012869 -.0001069
T 3222 19 .1519248E+11   1100022E-01 -.4575E+01  .7250E+01   .9999999 -.0000489  .0000385
T 3223 19 .1519168E+11   1100008E-01  .1524E+02 -.1187E+02   .9999999  .0001936 -.0002077
T 3224 19 .1519236E+11   1100016E-01  .4612E+01  .5177E+01   .9999999  .0002578  .0001293
T 3225 19 .1519266E+11   1100020E-01 -.3756E+01 -.9293E+01   .9999999 -.0000559 -.0000612
T 3226 19 .1519150E+11   1100006E-01  .4782E+01 -.1837E+01   .9999999  .0002453 -.0001479
T 3227 19 .1519242E+11   1100012E-01  .4928E+01  .6827E+01   .9999999  .0000207  .0001678
T 3228 19 .1519334E+11   1100007E-01 -.1355E+02  .7132E-01   .9999999 -.0000148 -.0001175
T 3229 19 .1519194E+11   1100012E-01 -.1082E+02  .2110E+01   .9999999 -.0001667  .0001368
T 3230 19 .1519241E+11   1100014E-01  .1733E+02 -.2547E+01   .9999999  .0003294 -.0000060
T 3231 19 .1519249E+11   1100013E-01 -.4029E+01 -.3841E+01   .9999999 -.0001124 -.0001579
T 3232 19 .1519268E+11   1100005E-01  .7771E+01  .9835E+01   .9999999  .0001854  .0001586
T 3233 19 .1519290E+11   1100004E-01  .1293E+02  .1387E+02   .9999999  .0002583  .0003113
T 3234 19 .1519369E+11   1100005E-01  .1260E+02 -.1407E+02   .9999999  .0001738 -.0002786
T 3235 19 .1519276E+11   1100017E-01  .4893E+01 -.3072E+00   .9999999 -.0000533  .0000302
T 3236 19 .1519212E+11   1100013E-01 -.2587E+01 -.1269E+02   .9999999 -.0001807 -.0002828
T 3237 19 .1519298E+11   1100023E-01  .2364E+01 -.4875E+01   .9999999  .0001561 -.0000401
T 3238 19 .1519236E+11   1100000E-01  .2644E+02 -.5893E+02   .9999989  .0003946 -.0014224
T 3239 19 .1519367E+11   1100022E-01 -.9421E+01 -.1139E+02   .9999999 -.0001860 -.0002437
T 3240 19 .1519342E+11   1100021E-01  .7080E+01  .2870E+01   .9999999  .0001845  .0000697
T 3241 19 .1519332E+11   1100011E-01  .9037E+00  .2674E+01   .9999999 -.0000095  .0000575
T 3242 19 .1519348E+11   1100010E-01 -.3398E+01 -.1804E+01   .9999999  .0001020 -.0000042
T 3243 19 .1519209E+11   1100022E-01  .2258E+02 -.4548E+01   .9999999  .0002653 -.0001309
T 3244 19 .1519233E+11   1100021E-01 -.5177E-01  .5215E+00   .9999999 -.0000260 -.0000051
T 3245 19 .1519421E+11   1100019E-01  .1347E+02  .8785E+01   .9999999  .0002406  .0001288
T 3246 19 .1519106E+11   1100002E-01  .4063E+01 -.6939E+01   .9999999  .0000323 -.0001058
T 3247 19 .1519113E+11   1100003E-01 -.4251E+01 -.2204E+00   .9999999 -.0000183 -.0000823
T 3248 19 .1519227E+11   1100013E-01 -.1312E+02  .1710E+02   .9999999 -.0001990  .0001200
T 3249 19 .1519367E+11   1100006E-01 -.7027E+01 -.4794E+01   .9999999 -.0001406 -.0000171
T 3250 19 .1519255E+11   1100022E-01  .7365E+01  .9227E+00   .9999999  .0001052 -.0000257
T 3251 19 .1519277E+11   1100004E-01 -.7912E+01 -.9681E+00   .9999999 -.0000687 -.0000058
T 3252 19 .1519250E+11   1100011E-01  .1196E+01 -.6537E+01   .9999999  .0000672 -.0000002
T 3253 19 .1519199E+11   1100004E-01 -.2193E+01 -.1014E+02   .9999999 -.0001125 -.0000719
T 3254 19 .1519270E+11   1100016E-01  .2011E+01 -.7963E+01   .9999999 -.0000351 -.0000982
T 3255 19 .1519193E+11   1100001E-01  .8220E+01  .7245E+01   .9999999 -.0000035  .0003233
T 3256 19 .1519427E+11   1100009E-01  .2201E+01  .2496E+01   .9999999  .0000328 -.0000464
T 3257 19 .1519322E+11   1100021E-01  .1142E+01 -.4926E+01   .9999999 -.0000284 -.0000428
T 3258 19 .1519319E+11   1100013E-01  .4866E+01  .7680E+01   .9999999 -.0000622  .0000530
T 3259 19 .1519164E+11   1100014E-01  .6370E+01 -.8961E+01   .9999999  .0000517 -.0001437
T 3260 19 .1519360E+11   1100011E-01 -.4142E+01  .7455E+01   .9999999  .0000350  .0002286
T 3261 19 .1519410E+11   1100009E-01  .2257E+02 -.7757E+01   .9999999  .0003701 -.0000831
T 3262 19 .1519211E+11   1100008E-01 -.9175E+00  .1336E+01   .9999999  .0000303  .0001123
T 3263 19 .1519173E+11   1100007E-01  .9519E+01 -.1049E+02   .9999999  .0000576 -.0001572
T 3264 19 .1519246E+11   1100015E-01  .2426E+01 -.6995E+01   .9999999  .0000298  .0000107
T 3265 19 .1519214E+11   1100006E-01 -.2057E+02  .9840E+01   .9999998 -.0002575  .0004961
T 3266 19 .1519274E+11   1100016E-01 -.1776E+02 -.1204E+02   .9999999 -.0002862 -.0001632
T 3267 19 .1519140E+11   1100021E-01  .8354E+01 -.1147E+02   .9999999  .0000883 -.0001796
T 3268 19 .1519131E+11   1100022E-01  .8286E+02  .2572E+02   .9999983  .0018267  .0000812
T 3269 19 .1519277E+11   1100015E-01 -.5766E+01 -.4541E+01   .9999999  .0000017 -.0001336
T 3270 19 .1519262E+11   1100013E-01  .1405E+02  .7976E+01   .9999999  .0002036  .0000895
T 3271 19 .1519346E+11   1100011E-01 -.3514E+01  .5438E+01   .9999999 -.0000331  .0001206
T 3272 19 .1519185E+11   1100022E-01  .1149E+01 -.7474E+01   .9999999  .0000852 -.0000711
T 3273 19 .1519200E+11   1100006E-01  .1278E+02 -.3172E+01   .9999999  .0002875 -.0000985
T 3274 19 .1519176E+11   1100020E-01 -.8963E+01  .1181E+02   .9999999 -.0001155  .0002472
T 3275 19 .1519240E+11   1100019E-01  .7039E+01  .2500E+01   .9999999  .0000774 -.0000101
T 3276 19 .1519325E+11   1100009E-01  .1066E+01 -.3619E+01   .9999999 -.0000271 -.0000723
T 3277 19 .1519306E+11   1100021E-01  .7178E+01  .1393E+02   .9999999  .0000951  .0003274
T 3278 19 .1519277E+11   1100019E-01 -.1689E+01  .4224E+01   .9999999  .0000066  .0000311
T 3279 19 .1519231E+11   1100022E-01  .6064E+01  .3145E+00   .9999999  .0000662 -.0000331
T 3280 19 .1519197E+11   1100004E-01 -.1917E+02  .1587E+02   .9999999 -.0002018  .0000662
T 3281 19 .1519181E+11   1100005E-01 -.4106E+01 -.1012E+02   .9999999  .0000087 -.0003000
T 3282 19 .1519229E+11   1100005E-01  .1936E+02 -.5282E+01   .9999999  .0004086 -.0000948
T 3283 19 .1519180E+11   1100023E-01 -.7230E+01 -.6541E+01   .9999999 -.0001560 -.0001033
T 3284 19 .1519211E+11   1100008E-01  .1674E+01 -.3834E+01   .9999999  .0001948 -.0000678
T 3285 19 .1519260E+11   1100005E-01  .7192E+01 -.4752E+01   .9999999  .0001599 -.0000206
T 3286 19 .1519322E+11   1100020E-01  .3036E+01 -.4964E+00   .9999999  .0000205  .0001128
T 3287 19 .1519311E+11   1100014E-01 -.7453E+01  .1495E+00   .9999999  .0000264  .0000712
T 3288 19 .1519216E+11   1100021E-01 -.1891E+00  .1780E+02   .9999999 -.0000518  .0001531
T 3289 19 .1519254E+11   1100016E-01 -.1368E+02  .8317E+01   .9999999 -.0002869  .0002172
T 3290 19 .1519278E+11   1100014E-01 -.1435E+02  .2789E+01   .9999999 -.0003046  .0000664
T 3291 19 .1519181E+11   1100013E-01 -.4851E+01  .1274E+01   .9999999 -.0001784  .0000398
T 3292 19 .1519350E+11   1100013E-01 -.9970E+01  .7167E+00   .9999999 -.0001507  .0000877
T 3293 19 .1519287E+11   1100000E-01 -.1224E+02  .1602E+02   .9999999 -.0001007  .0000797
T 3294 19 .1519227E+11   1100021E-01  .9457E+01  .3473E+01   .9999999  .0002405  .0001535
T 3295 19 .1519246E+11   1100005E-01 -.3635E+01  .1026E+01   .9999999 -.0001087 -.0001730
T 3296 19 .1519254E+11   1100020E-01 -.1019E+00  .2808E+00   .9999999  .0000342 -.0000700
T 3297 19 .1519221E+11   1100011E-01 -.1226E+01  .2858E+01   .9999999  .0000448  .0001256
T 3298 19 .1519275E+11   1100018E-01  .1380E+02  .2068E+02   .9999999  .0001251  .0002762
T 3299 19 .1519210E+11   1100018E-01 -.1437E+01 -.2672E+01   .9999999 -.0000212 -.0001374
T 3300 19 .1519275E+11   1100008E-01 -.2885E+01  .1047E+02   .9999999 -.0000895  .0002172
T 3301 19 .1519421E+11   1100008E-01  .3241E+01 -.2034E+01   .9999999  .0001374  .0001624
T 3302 19 .1519297E+11   1100018E-01 -.9371E+01  .1386E+02   .9999999 -.0001085  .0001530
T 3303 19 .1519240E+11   1100006E-01 -.5162E+01 -.6520E+01   .9999999 -.0000193 -.0000791
T 3304 19 .1519353E+11   1100007E-01  .2787E+01 -.4815E+01   .9999999  .0000828 -.0000533
T 3305 19 .1519264E+11   1100015E-01 -.1291E+01  .2925E+01   .9999999 -.0000390 -.0000577
T 3306 19 .1519229E+11   1100002E-01 -.1045E+02 -.4311E+01   .9999999 -.0001626 -.0000893
T 3307 19 .1519192E+11   1100008E-01  .1709E+02 -.7137E+01   .9999999  .0002148 -.0002224
T 3308 19 .1519282E+11   1100005E-01 -.8052E+01 -.5182E+02   .9999992 -.0001376 -.0012378
T 3309 19 .1519341E+11   1100020E-01  .6175E+01  .1063E+01   .9999999  .0001016  .0001071
T 3310 19 .1519271E+11   1100005E-01 -.7422E+01 -.3289E+01   .9999999 -.0000616 -.0000517
T 3311 19 .1519232E+11   1100015E-01  .4094E+01 -.1978E+02   .9999999  .0000570 -.0003412
T 3312 19 .1519218E+11   1100002E-01 -.1898E+02 -.2411E+02   .9999999 -.0001288 -.0003004
T 3313 19 .1519408E+11   1100003E-01  .3300E+01 -.1003E+02   .9999999  .0000031 -.0001225
T 3314 19 .1519296E+11   1100011E-01  .2291E+01 -.2258E+00   .9999999  .0000981  .0000169
T 3315 19 .1519182E+11   1100012E-01 -.1129E+02  .3013E+01   .9999999 -.0000912  .0000286
T 3316 19 .1519261E+11   1100001E-01 -.9705E+01 -.3869E+02   .9999999 -.0000915 -.0003861
T 3317 19 .1519112E+11   1100016E-01 -.3887E+01 -.1827E+02   .9999999 -.0000618 -.0003077
T 3318 19 .1519194E+11   1100002E-01  .6547E+01 -.5273E+01   .9999999  .0001168 -.0002439
T 3319 19 .1519312E+11   1100015E-01  .7511E+01 -.8920E+01   .9999999  .0001036 -.0001516
T 3320 19 .1519305E+11   1100011E-01  .7649E+01  .1169E+02   .9999999  .0001732  .0001679
T 3321 19 .1519147E+11   1100019E-01 -.1143E+02  .5946E+01   .9999999 -.0002196  .0001858
T 3322 19 .1519215E+11   1100015E-01 -.4560E+01  .2561E+01   .9999999 -.0002384 -.0002072
T 3323 19 .1519318E+11   1100020E-01 -.4618E+01 -.1228E+02   .9999999 -.0000742 -.0001830
T 3324 19 .1519348E+11   1100021E-01  .4691E+01  .3954E+01   .9999999  .0000603  .0000892
T 3325 19 .1519190E+11   1100003E-01 -.3253E+01 -.4966E+01   .9999999 -.0000262 -.0000792
T 3326 19 .1519282E+11   1100013E-01  .4349E+01 -.1263E+01   .9999999  .0000940  .0000065
T 3327 19 .1519193E+11   1100022E-01  .6510E+01  .1897E+01   .9999999  .0000514 -.0001297
T 3328 19 .1519175E+11   1100017E-01 -.9060E+01  .2432E+01   .9999999 -.0001276  .0000413
T 3329 19 .1519433E+11   1100008E-01  .3286E+01  .6658E+01   .9999999  .0000154  .0001010
T 3330 19 .1519228E+11   1100021E-01 -.7351E+01 -.1104E+02   .9999999 -.0000756 -.0001981
T 3331 19 .1519318E+11   1100012E-01  .5207E+01  .1493E+02   .9999999  .0000688  .0001838
T 3332 19 .1519250E+11   1100001E-01  .1196E+01 -.3091E+02   .9999999  .0000691 -.0003956
T 3333 19 .1519380E+11   1100003E-01 -.4181E+01 -.2143E+01   .9999999 -.0001265  .0000274
T 3334 19 .1519315E+11   1100010E-01  .1335E+01 -.1544E+02   .9999999  .0000728 -.0002879
T 3335 19 .1519241E+11   1100002E-01 -.1045E+02  .5862E-01   .9999999 -.0000677 -.0000407
T 3336 19 .1519329E+11   1100007E-01 -.5492E+01  .8718E+00   .9999999 -.0001370 -.0000466
T 3337 19 .1519377E+11   1100017E-01 -.7043E+01 -.4150E+01   .9999999 -.0000816 -.0000391
T 3338 19 .1519224E+11   1100001E-01  .1253E+02  .3862E+01   .9999999  .0001093  .0001538
T 3339 19 .1519253E+11   1100012E-01  .3244E+01  .9754E+01   .9999999  .0001605  .0001060
T 3340 19 .1519335E+11   1100019E-01 -.3022E+01 -.5032E+01   .9999999 -.0000689 -.0000326
T 3341 19 .1519248E+11   1100001E-01 -.5092E+01 -.4606E+01   .9999999 -.0000452 -.0001102
T 3342 19 .1519377E+11   1100005E-01 -.3029E+01  .2303E+01   .9999999 -.0000611 -.0000493
T 3343 19 .1519321E+11   1100007E-01 -.9598E+01 -.2618E+01   .9999999 -.0001789 -.0000001
T 3344 19 .1519249E+11   1100008E-01 -.4091E+01  .1076E+01   .9999999 -.0000540 -.0000459
T 3345 19 .1519282E+11   1100001E-01  .3091E+01 -.4191E+01   .9999999  .0000423 -.0001244
T 3346 19 .1519381E+11   1100008E-01 -.9190E+01 -.1637E+02   .9999999 -.0002794 -.0002387
T 3347 19 .1519427E+11   1100016E-01  .3012E+01 -.9824E+01   .9999999  .0000163 -.0001893
T 3348 19 .1519046E+11   1100010E-01 -.7484E+01 -.1204E+01   .9999999 -.0001538  .0000945
T 3349 19 .1519196E+11   1100007E-01 -.1025E+01  .2192E+01   .9999999 -.0000964  .0000560
T 3350 19 .1519295E+11   1100022E-01  .6047E+01  .7664E+01   .9999999  .0001384  .0001502
T 3351 19 .1519270E+11   1100015E-01  .9469E+01  .3685E+00   .9999999  .0001459 -.0000141
T 3352 19 .1519216E+11   1100016E-01 -.5138E+01  .1004E+01   .9999999 -.0000545  .0000105
T 3353 19 .1519291E+11   1100010E-01 -.1502E+02 -.1327E+01   .9999999 -.0001825 -.0001046
T 3354 19 .1519352E+11   1100018E-01  .8374E+01 -.1462E+02   .9999999  .0001525 -.0002338
T 3355 19 .1519251E+11   1100004E-01 -.2741E+01 -.1569E+02   .9999999 -.0000428 -.0002138
T 3356 19 .1519377E+11   1100019E-01 -.8979E+00 -.1128E+02   .9999999 -.0000200 -.0000886
T 3357 19 .1519144E+11   1100002E-01 -.2704E+01  .1011E+01   .9999999  .0000243  .0000463
T 3358 19 .1519338E+11   1100016E-01 -.6306E+00 -.1028E+01   .9999999 -.0000975 -.0001002
T 3359 19 .1519146E+11   1100015E-01  .1124E+02  .9147E+01   .9999999  .0001394  .0000966
T 3360 19 .1519293E+11   1100001E-01  .2234E+01  .1115E+02   .9999999  .0000334  .0001452
T 3361 19 .1519302E+11   1100003E-01 -.2525E+01  .1111E+02   .9999999 -.0000254  .0001204
T 3362 19 .1519281E+11   1100015E-01  .6683E+01 -.1976E+01   .9999999  .0000635 -.0000061
T 3363 19 .1519339E+11   1100007E-01 -.6042E+01  .4542E+01   .9999999 -.0000066  .0000713
T 3364 19 .1519233E+11   1100022E-01  .2157E+02 -.1565E+02   .9999999  .0002609 -.0002615
T 3365 19 .1519308E+11   1100021E-01 -.3083E+01  .1182E+02   .9999999  .0000126  .0002113
T 3366 19 .1519255E+11   1100011E-01 -.1006E+01 -.5133E+01   .9999999 -.0001519  .0000043
T 3367 19 .1519286E+11   1100004E-01 -.2177E+01  .4471E+01   .9999999 -.0000932 -.0000495
T 3368 19 .1519239E+11   1100004E-01  .8231E+00  .3036E+00   .9999999 -.0000132 -.0002849
T 3369 19 .1519225E+11   1100009E-01  .1862E+00  .5138E+01   .9999999  .0000255 -.0000779
T 3370 19 .1519150E+11   1100005E-01 -.2285E+02  .1500E+01   .9999999 -.0004122 -.0000661
T 3371 19 .1519252E+11   1100016E-01 -.8322E+01  .1157E+01   .9999999 -.0001116  .0000502
T 3372 19 .1519207E+11   1100005E-01 -.4677E+01  .6263E+01   .9999999 -.0001517  .0001803
T 3373 19 .1519242E+11   1100004E-01 -.3986E+01  .6615E+01   .9999999 -.0002052  .0001025
T 3374 19 .1519241E+11   1100021E-01  .4761E+01 -.1139E+02   .9999999  .0000570 -.0000095
T 3375 19 .1519283E+11   1100021E-01 -.5924E+01  .1124E+02   .9999999  .0000005  .0002303
T 3376 19 .1519320E+11   1100019E-01  .7638E+01  .5194E+01   .9999999  .0001091  .0002289
T 3377 19 .1519131E+11   1100007E-01  .2430E+01  .6976E+01   .9999999  .0000630  .0001843
T 3378 19 .1519301E+11   1100005E-01  .8852E+01  .1415E+02   .9999999  .0001100  .0001857
T 3379 19 .1519270E+11   1100011E-01  .1441E+02 -.3581E+01   .9999999  .0002462 -.0001074
T 3380 19 .1519164E+11   1100006E-01  .5479E+01  .8860E+00   .9999999 -.0005420 -.0000573
T 3381 19 .1519133E+11   1100012E-01 -.8154E+01  .7497E+01   .9999999 -.0000805  .0001945
T 3382 19 .1519259E+11   1100018E-01  .7059E+01  .5922E+01   .9999999  .0002638  .0001554
T 3383 19 .1519351E+11   1100019E-01  .1099E+02  .2734E+01   .9999999  .0001085 -.0000231
T 3384 19 .1519251E+11   1100021E-01 -.6685E+01  .1702E+01   .9999999 -.0000825  .0000026
T 3385 19 .1519350E+11   1100021E-01 -.6609E+00 -.9799E+01   .9999999 -.0000965 -.0000992
T 3386 19 .1519267E+11   1100016E-01  .7273E+01 -.4685E+01   .9999999  .0000918 -.0000697
T 3387 19 .1519188E+11   1100011E-01 -.3978E+00  .3624E+01   .9999999 -.0000027  .0001967
T 3388 19 .1519204E+11   1100005E-01 -.1192E+02 -.1289E+02   .9999999 -.0002660 -.0002021
T 3389 19 .1519324E+11   1100013E-01 -.1072E+02  .1163E+02   .9999999 -.0001601  .0000922
T 3390 19 .1519339E+11   1100007E-01 -.1176E+01 -.8470E+01   .9999999 -.0000132 -.0001342
T 3391 19 .1519289E+11   1100011E-01 -.6447E+01 -.2019E+02   .9999999 -.0000349 -.0003417
T 3392 19 .1519332E+11   1100012E-01  .3166E+01 -.5719E+01   .9999999 -.0000250 -.0000447
T 3393 19 .1519261E+11   1100023E-01  .4256E+00 -.1216E+02   .9999999  .0000490 -.0001881
T 3394 19 .1519229E+11   1100016E-01 -.7832E+01 -.1079E+01   .9999999 -.0000926  .0000683
T 3395 19 .1519149E+11   1100020E-01  .3518E+02  .9895E+01   .9999999  .0004769  .0001401
T 3396 19 .1519301E+11   1100020E-01 -.1685E+02 -.1444E+02   .9999999 -.0002905 -.0002132
T 3397 19 .1519224E+11   1100003E-01  .2370E+02  .2696E+02   .9999999  .0002624  .0002451
T 3398 19 .1519409E+11   1100011E-01  .8730E+01 -.5808E+01   .9999999  .0001486 -.0001190
T 3399 19 .1519126E+11   1100000E-01  .6524E+01 -.1126E+02   .9999999  .0001725 -.0001231
T 3400 19 .1519256E+11   1100013E-01  .1682E+01 -.1265E+02   .9999999  .0001366 -.0001775
T 3401 19 .1519350E+11   1100000E-01  .3407E+01 -.1264E+01   .9999999  .0000886  .0000213
T 3402 19 .1519333E+11   1100011E-01 -.1799E+02 -.3425E+01   .9999999 -.0001923 -.0000159
T 3403 19 .1519178E+11   1100000E-01 -.9949E+00  .1145E+02   .9999999  .0000337  .0001452
T 3404 19 .1519339E+11   1100019E-01 -.8637E+01  .4046E+01   .9999999 -.0001387 -.0000486
T 3405 19 .1519163E+11   1100007E-01 -.6434E+00 -.4319E+01   .9999999  .0000445  .0000656
T 3406 19 .1519253E+11   1100020E-01  .4279E+01  .3907E+01   .9999999  .0000610 -.0000191
T 3407 19 .1519282E+11   1100022E-01  .8193E+01  .8055E+01   .9999999  .0000927  .0001242
T 3408 19 .1519301E+11   1100009E-01  .9424E+00 -.8701E+01   .9999999  .0001999 -.0004323
T 3409 19 .1519234E+11   1100011E-01 -.1042E+02  .3940E+01   .9999999 -.0000457  .0000423
T 3410 19 .1519337E+11   1100015E-01 -.4811E+01 -.1964E+02   .9999999 -.0001100 -.0003804
T 3411 19 .1519184E+11   1100022E-01  .6378E+00 -.3216E+01   .9999999  .0000995  .0000153
T 3412 19 .1519217E+11   1100014E-01  .9259E+01  .3419E+01   .9999999  .0001383 -.0000195
T 3413 19 .1519209E+11   1100020E-01 -.2755E+01  .3498E+01   .9999999 -.0000305  .0001096
T 3414 19 .1519326E+11   1100008E-01 -.6444E+00 -.3108E+02   .9999999 -.0000559 -.0004025
T 3415 19 .1519426E+11   1100003E-01  .5678E+02  .7354E+02   .9999995  .0006131  .0007342
T 3416 19 .1519196E+11   1100002E-01 -.2380E+02  .2523E+02   .9999997 -.0004802  .0005578
T 3417 19 .1519218E+11   1100021E-01  .1207E+01  .1422E+02   .9999999  .0000152  .0002671
T 3418 19 .1519215E+11   1100009E-01  .6430E+01  .3515E+00   .9999999 -.0000087  .0000247
T 3419 19 .1519221E+11   1100020E-01 -.9912E+01 -.4722E+01   .9999999 -.0002091 -.0001365
T 3420 19 .1519337E+11   1100014E-01  .7241E+01  .6756E+01   .9999999  .0000617  .0001432
T 3421 19 .1519316E+11   1100019E-01 -.1722E+01 -.9462E+01   .9999998  .0000058 -.0006749
T 3422 19 .1519132E+11   1100001E-01  .4596E+01  .1603E+02   .9999999 -.0000538  .0001289
T 3423 19 .1519348E+11   1100021E-01  .7165E+01 -.1446E+01   .9999999  .0001092 -.0000862
T 3424 19 .1519235E+11   1100022E-01  .7499E+01  .1736E+02   .9999999  .0001040  .0001741
T 3425 19 .1519313E+11   1100001E-01  .4780E+01  .3792E+01   .9999999 -.0000039  .0000696
T 3426 19 .1519285E+11   1100008E-01  .3416E+01  .7327E+01   .9999999  .0001180 -.0000348
T 3427 19 .1519308E+11   1100021E-01  .1516E+02  .7541E+01   .9999999  .0003628  .0001621
T 3428 19 .1519308E+11   1100012E-01 -.2021E+01 -.1121E+02   .9999999  .0000104 -.0001550
T 3429 19 .1519290E+11   1100018E-01  .2798E+01 -.1257E+01   .9999999  .0001481  .0001231
T 3430 19 .1519331E+11   1100012E-01 -.1945E+02  .2141E+01   .9999999 -.0003045 -.0000033
T 3431 19 .1519195E+11   1100007E-01 -.8062E+01  .9766E+01   .9999999 -.0002068  .0001751
T 3432 19 .1519254E+11   1100007E-01 -.9551E+00  .6945E+01   .9999999  .0001145  .0001176
T 3433 19 .1519157E+11   1100012E-01 -.6909E+01 -.2085E+02   .9999999 -.0000358 -.0002616
T 3434 19 .1519175E+11   1100014E-01  .1008E+02  .9446E+00   .9999999  .0001929 -.0000773
T 3435 19 .1519224E+11   1100009E-01 -.6596E+01 -.1416E+01   .9999999 -.0002203 -.0000269
T 3436 19 .1519374E+11   1100017E-01  .4661E+01 -.1839E+02   .9999999  .0000989 -.0003036
T 3437 19 .1519267E+11   1100002E-01 -.7898E+01 -.3967E+01   .9999999 -.0000636  .0001117
T 3438 19 .1519297E+11   1100009E-01 -.3748E+01 -.4332E+01   .9999999 -.0000609  .0000046
T 3439 19 .1519225E+11   1100021E-01  .2693E+01 -.4088E+01   .9999999 -.0001809  .0000313
T 3440 19 .1519266E+11   1100020E-01 -.1043E+02  .4325E+01   .9999999 -.0000512  .0001087
T 3441 19 .1519212E+11   1100021E-01 -.4517E+02  .8120E+02   .9999993 -.0005946  .0010193
T 3442 19 .1519272E+11   1100021E-01  .8031E+01 -.6382E+01   .9999999  .0000707 -.0002018
T 3443 19 .1519276E+11   1100018E-01 -.7924E+01  .5741E+00   .9999999 -.0001675 -.0000160
T 3444 19 .1519278E+11   1100003E-01 -.1098E+02  .2161E+02   .9999999 -.0004433  .0001450
T 3445 19 .1519279E+11   1100015E-01 -.6893E+01 -.1076E+02   .9999999 -.0002602 -.0003431
T 3446 19 .1519268E+11   1100015E-01  .5670E+00 -.2038E+01   .9999999 -.0000387 -.0001222
T 3447 19 .1519387E+11   1100019E-01  .9340E+01 -.1348E+02   .9999999  .0000187 -.0001562
T 3448 19 .1519302E+11   1100016E-01  .5274E+01 -.1457E+02   .9999999  .0000986 -.0001728
T 3449 19 .1519425E+11   1100006E-01 -.7865E+01  .1698E+02   .9999999 -.0001681  .0002361
T 3450 19 .1519336E+11   1100012E-01 -.1044E+02  .3942E+01   .9999999 -.0000727  .0001194
T 3451 19 .1519166E+11   1100020E-01  .3418E+01  .8675E+01   .9999999  .0000939  .0001236
T 3452 19 .1519297E+11   1100022E-01 -.7654E+01 -.7164E+01   .9999999 -.0001568 -.0001588
T 3453 19 .1519264E+11   1100022E-01  .9996E+01 -.8259E+01   .9999999  .0001381 -.0000247
T 3454 19 .1519262E+11   1100016E-01 -.5273E+02 -.9908E+02   .9999987 -.0006832 -.0014558
T 3455 19 .1519236E+11   1100019E-01 -.1429E+01  .3203E+01   .9999999 -.0000964  .0000549
T 3456 19 .1519207E+11   1100009E-01 -.1079E+02 -.1433E+02   .9999999 -.0002403 -.0002112
T 3457 19 .1519301E+11   1100014E-01  .9593E+01  .1067E+02   .9999999  .0003106  .0002414
T 3458 19 .1519270E+11   1100012E-01  .2054E+02  .7462E+01   .9999999  .0002094  .0000313
T 3459 19 .1519123E+11   1100018E-01 -.8173E+00 -.2011E+02   .9999999 -.0000077 -.0002126
T 3460 19 .1519355E+11   1100007E-01 -.9207E+01  .2257E+01   .9999999  .0000012 -.0000813
T 3461 19 .1519183E+11   1100016E-01  .3259E+01  .1056E+02   .9999999 -.0000059  .0003126
T 3462 19 .1519229E+11   1100016E-01  .2749E+01  .1630E+02   .9999999  .0000809  .0002262
T 3463 19 .1519131E+11   1100022E-01  .1672E+01 -.2093E+01   .9999999 -.0000075  .0000670
T 3464 19 .1519083E+11   1100022E-01  .9087E+00  .1291E+01   .9999999 -.0000905  .0001605
T 3465 19 .1519350E+11   1100016E-01  .1635E+01 -.3863E+01   .9999999 -.0000792 -.0001215
T 3466 19 .1519153E+11   1100003E-01  .1866E+01  .6594E+01   .9999999  .0000307  .0001328
T 3467 19 .1519438E+11   1100021E-01 -.6147E+01 -.1417E+02   .9999999 -.0000723 -.0002361
T 3468 19 .1519313E+11   1100023E-01 -.6262E+01  .4629E+01   .9999999 -.0000338  .0000676
T 3469 19 .1519263E+11   1100013E-01 -.7742E+01  .3301E+01   .9999999 -.0000817  .0000152
T 3470 19 .1519260E+11   1100001E-01 -.8879E+01 -.1860E+02   .9999999 -.0001134 -.0002404
T 3471 19 .1519122E+11   1100009E-01 -.1050E+01 -.2288E+01   .9999999  .0000749  .0000207
T 3472 19 .1519246E+11   1100009E-01  .9169E+00 -.3562E+01   .9999999  .0000257 -.0000320
T 3473 19 .1519070E+11   1100016E-01  .2509E+02 -.1005E+02   .9999998  .0005280 -.0004216
T 3474 19 .1519265E+11   1100011E-01 -.7187E+01  .2871E+02   .9999999 -.0002664  .0003480
T 3475 19 .1519354E+11   1100019E-01 -.8189E+00 -.3075E+01   .9999999  .0000888 -.0000694
T 3476 19 .1519199E+11   1100022E-01 -.3049E+01  .6274E+01   .9999999  .0000157  .0001237
T 3477 19 .1519270E+11   1100006E-01  .6187E+01 -.7446E-01   .9999999  .0001053 -.0000964
T 3478 19 .1519193E+11   1100017E-01 -.6922E+01 -.9646E+00   .9999999 -.0000945  .0001505
T 3479 19 .1519206E+11   1100014E-01 -.3013E+02  .1222E+03   .9999988 -.0003761  .0015140
T 3480 19 .1519134E+11   1100014E-01  .6982E+01  .8891E+01   .9999999  .0001247  .0000661
T 3481 19 .1519315E+11   1100010E-01  .4056E+01 -.1104E+02   .9999999  .0000615 -.0001318
T 3482 19 .1519329E+11   1100022E-01 -.9910E+01  .3461E+01   .9999999 -.0001423  .0000285
T 3483 19 .1519199E+11   1100018E-01  .3642E+01 -.6160E+01   .9999999  .0001937 -.0000627
T 3484 19 .1519135E+11   1100016E-01 -.1613E+02 -.2122E+01   .9999999 -.0002591 -.0000313
T 3485 19 .1519369E+11   1100002E-01  .4474E+01  .8122E+01   .9999999 -.0000045  .0000838
T 3486 19 .1519277E+11   1100014E-01  .4033E+01  .3755E+01   .9999999  .0000270  .0000864
T 3487 19 .1519234E+11   1100018E-01  .2589E+02  .3293E+02   .9999999  .0002837  .0004554
T 3488 19 .1519169E+11   1100017E-01 -.2408E+00 -.1238E+02   .9999999 -.0000024 -.0002220
T 3489 19 .1519336E+11   1100015E-01 -.5879E+01  .2202E+01   .9999999 -.0001420  .0001210
T 3490 19 .1519393E+11   1100012E-01 -.1073E+02  .9761E+01   .9999999 -.0001312  .0000882
T 3491 19 .1519132E+11   1100002E-01 -.6991E+01 -.7170E+01   .9999999 -.0000539 -.0003451
T 3492 19 .1519351E+11   1100000E-01 -.2858E+01  .5793E+01   .9999999  .0000349 -.0000242
T 3493 19 .1519185E+11   1100019E-01 -.1182E+01  .9916E+01   .9999999 -.0000987  .0001175
T 3494 19 .1519134E+11   1100018E-01 -.2245E+01  .4089E+01   .9999999 -.0000094  .0000918
T 3495 19 .1519203E+11   1100021E-01 -.1612E+02 -.1644E+02   .9999999 -.0002607 -.0002502
T 3496 19 .1519169E+11   1100019E-01 -.3042E+01 -.7389E+01   .9999999  .0001079 -.0004431
T 3497 19 .1519323E+11   1100022E-01 -.5395E+01  .8879E+01   .9999999  .0000012  .0004813
T 3498 19 .1519230E+11   1100022E-01 -.5926E-01  .1488E+01   .9999999 -.0000597 -.0000023
T 3499 19 .1519121E+11   1100012E-01 -.6512E+01  .3958E+01   .9999999 -.0001168  .0000915
T 3500 19 .1519309E+11   1100008E-01  .2930E+01 -.8472E+01   .9999999 -.0000281 -.0000670
T 3501 19 .1519187E+11   1100021E-01  .9323E+00 -.1447E+01   .9999999  .0000997 -.0000923
T 3502 19 .1519204E+11   1100010E-01 -.1043E+02 -.3450E+01   .9999999 -.0000704 -.0000555
T 3503 19 .1519119E+11   1100015E-01 -.1038E+00  .1448E+01   .9999999  .0000214  .0000197
T 3504 19 .1519135E+11   1100010E-01 -.2312E+01  .2545E+01   .9999999 -.0000992  .0001081
T 3505 19 .1519206E+11   1100018E-01  .8556E+01  .6058E+00   .9999999  .0001553  .0000300
T 3506 19 .1519357E+11   1100008E-01  .6086E+00 -.1028E+01   .9999999 -.0000090 -.0000338
T 3507 19 .1519365E+11   1100020E-01 -.2147E+01  .1445E+02   .9999999  .0000448  .0002945
T 3508 19 .1519188E+11   1100012E-01  .2218E+02 -.1009E+02   .9999998  .0005440 -.0002601
T 3509 19 .1519323E+11   1100001E-01 -.7333E+01 -.1292E+01   .9999999 -.0000190  .0000143
T 3510 19 .1519384E+11   1100013E-01  .1371E+02  .1544E+02   .9999999  .0002146  .0002968
T 3511 19 .1519182E+11   1100015E-01  .5698E+01 -.1290E+02   .9999999  .0001850 -.0001216
T 3512 19 .1519311E+11   1100005E-01 -.1785E+01 -.1664E+01   .9999999 -.0000371 -.0001185
T 3513 19 .1519271E+11   1100020E-01 -.2372E+00  .9907E+01   .9999999  .0000933  .0000362
T 3514 19 .1519329E+11   1100008E-01  .2647E+01 -.3472E+01   .9999999  .0000685 -.0001010
T 3515 19 .1519427E+11   1100016E-01  .1014E+02 -.2069E+02   .9999999  .0002287 -.0002490
T 3516 19 .1519241E+11   1100006E-01  .6980E+00  .1935E+01   .9999999  .0000093  .0000123
T 3517 19 .1519313E+11   1100010E-01  .3244E+01  .4944E+00   .9999999 -.0001752  .0001501
T 3518 19 .1519148E+11   1100006E-01 -.1775E+01 -.4967E+01   .9999999 -.0000044 -.0002320
T 3519 19 .1519305E+11   1100006E-01  .3779E+01  .5103E+01   .9999999  .0001509  .0000477
T 3520 19 .1519335E+11   1100017E-01  .3529E+00 -.8747E+01   .9999999  .0000004 -.0000680
T 3521 19 .1519198E+11   1100021E-01 -.1598E+02  .5674E+00   .9999999 -.0001649  .0000613
T 3522 19 .1519346E+11   1100010E-01  .3133E+00  .1127E+02   .9999999  .0000059  .0001619
T 3523 19 .1519234E+11   1100018E-01 -.4250E+01 -.4517E+01   .9999999  .0000351 -.0000461
T 3524 19 .1519259E+11   1100003E-01  .6884E+01 -.2080E+02   .9999999  .0000434 -.0002766
T 3525 19 .1519231E+11   1100006E-01 -.8328E+01 -.2090E+01   .9999999 -.0000114 -.0000178
T 3526 19 .1519363E+11   1100017E-01  .5916E+01  .5841E+00   .9999999  .0002218  .0000840
T 3527 19 .1519337E+11   1100020E-01  .2595E+02  .1140E+01   .9999999  .0003722 -.0000411
T 3528 19 .1519239E+11   1100016E-01  .1070E+02  .2743E+01   .9999999  .0001320 -.0000933
T 3529 19 .1519251E+11   1100021E-01  .6343E+01 -.2316E+01   .9999999  .0000632 -.0000178
T 3530 19 .1519240E+11   1100001E-01  .1143E+02  .2686E+00   .9999999  .0001789 -.0001066
T 3531 19 .1519266E+11   1100001E-01 -.1813E+03 -.1322E+03   .9999974 -.0018224 -.0014048
T 3532 19 .1519219E+11   1100001E-01 -.5766E+01  .1123E+02   .9999999  .0000068  .0004376
T 3533 19 .1519339E+11   1100011E-01 -.2128E+01 -.2087E+01   .9999999 -.0000981  .0000883
T 3534 19 .1519237E+11   1100017E-01  .1906E+01  .1004E+02   .9999999  .0000253  .0000981
T 3535 19 .1519373E+11   1100016E-01 -.7032E+01  .5050E+01   .9999999 -.0001115  .0000902
T 3536 19 .1519219E+11   1100011E-01 -.2344E+01 -.1273E+00   .9999999 -.0001144 -.0001630
T 3537 19 .1519269E+11   1100020E-01 -.3547E+01 -.5623E+01   .9999999  .0000605 -.0001776
T 3538 19 .1519253E+11   1100000E-01 -.3386E+01  .3074E+00   .9999999 -.0000282 -.0000423
T 3539 19 .1519468E+11   1100014E-01 -.5593E+01 -.2426E+01   .9999999 -.0000465 -.0000187
T 3540 19 .1519258E+11   1100019E-01  .2829E+01 -.1759E+01   .9999999  .0000094  .0000103
T 3541 19 .1519339E+11   1100003E-01  .1260E+02 -.3732E+01   .9999999  .0001748 -.0000465
T 3542 19 .1519427E+11   1100000E-01  .4739E+01 -.2465E+01   .9999999  .0001605  .0000210
T 3543 19 .1519250E+11   1100005E-01 -.3920E+00 -.8586E+01   .9999999  .0000432 -.0001787
T 3544 19 .1519337E+11   1100022E-01 -.4006E+01  .1056E+01   .9999999 -.0000520  .0000521
T 3545 19 .1519130E+11   1100020E-01 -.9306E+00  .5022E+01   .9999999  .0000185  .0001022
T 3546 19 .1519206E+11   1100006E-01 -.1047E+02 -.1483E+02   .9999999 -.0002317 -.0002628
T 3547 19 .1519255E+11   1100021E-01  .1214E+01  .4158E+01   .9999999  .0000537 -.0000042
T 3548 19 .1519149E+11   1100008E-01  .3388E+01 -.1536E+02   .9999999  .0000305 -.0001413
T 3549 19 .1519338E+11   1100020E-01 -.8286E+00  .6322E+01   .9999999  .0000631  .0002577
T 3550 19 .1519295E+11   1100018E-01  .7042E+01 -.7060E+01   .9999999  .0001442 -.0000640
T 3551 19 .1519242E+11   1100019E-01  .2613E+02  .1146E+00   .9999999  .0003581 -.0000173
T 3552 19 .1519325E+11   1100010E-01 -.1135E+02 -.1058E+02   .9999999 -.0002062 -.0000939
T 3553 19 .1519248E+11   1100004E-01  .1822E+01  .2990E+01   .9999999  .0001566 -.0000156
T 3554 19 .1519361E+11   1100005E-01  .6591E+01 -.1157E+01   .9999999  .0000598 -.0001324
T 3555 19 .1519402E+11   1100010E-01 -.7957E+01  .1005E+02   .9999999 -.0000862  .0002231
T 3556 19 .1519195E+11   1100001E-01  .6152E+01 -.2232E+02   .9999999  .0001175 -.0001997
T 3557 19 .1519191E+11   1100020E-01  .3657E+02 -.3515E+01   .9999999  .0001929 -.0001105
T 3558 19 .1519155E+11   1100018E-01 -.4484E+01 -.5408E+01   .9999999 -.0000253 -.0001176
T 3559 19 .1519181E+11   1100000E-01  .8785E+01 -.2108E+01   .9999999  .0000572 -.0001186
T 3560 19 .1519338E+11   1100012E-01 -.2858E+01 -.2164E+01   .9999999  .0000092  .0000500
T 3561 19 .1519174E+11   1100004E-01  .1814E+02 -.3986E+01   .9999999  .0003027  .0000100
T 3562 19 .1519095E+11   1100019E-01  .7730E+01  .1296E+02   .9999999  .0000881  .0001558
T 3563 19 .1519267E+11   1100019E-01  .7744E+01 -.1391E+02   .9999999  .0001139 -.0001933
T 3564 19 .1519276E+11   1100022E-01 -.8229E+01 -.3054E+01   .9999999 -.0002311 -.0000700
T 3565 19 .1519212E+11   1100014E-01  .6172E+01  .1631E+01   .9999999  .0000641  .0000009
T 3566 19 .1519351E+11   1100005E-01 -.1044E+02 -.7488E+00   .9999999 -.0000964  .0000317
T 3567 19 .1519080E+11   1100020E-01 -.3147E+01  .2997E+01   .9999999 -.0000443  .0001446
T 3568 19 .1519233E+11   1100023E-01 -.1568E+01 -.5035E+01   .9999999 -.0001703 -.0000388
T 3569 19 .1519170E+11   1100017E-01 -.8327E+01 -.1191E+02   .9999999 -.0000986 -.0001947
T 3570 19 .1519134E+11   1100021E-01 -.4544E+01 -.1546E+01   .9999999 -.0000057 -.0001807
T 3571 19 .1519240E+11   1100001E-01  .1163E+02  .1049E+02   .9999999  .0003027  .0002193
T 3572 19 .1519459E+11   1100020E-01  .3671E+01  .1439E+01   .9999999  .0000128  .0000850
T 3573 19 .1519277E+11   1100012E-01 -.3694E+00 -.3572E+01   .9999999  .0000007  .0000262
T 3574 19 .1519308E+11   1100012E-01  .7311E+01  .1311E+01   .9999999  .0000952 -.0000776
T 3575 19 .1519327E+11   1100014E-01  .2219E+01  .1545E+02   .9999999  .0000051  .0002156
T 3576 19 .1519242E+11   1100020E-01 -.6357E+01 -.7254E+01   .9999999 -.0001657 -.0000851
T 3577 19 .1519199E+11   1100003E-01  .5167E+00 -.1994E+02   .9999999  .0000381 -.0003180
T 3578 19 .1519186E+11   1100015E-01  .5690E+01 -.1382E+02   .9999999  .0000483 -.0001902
T 3579 19 .1519292E+11   1100001E-01 -.1047E+02 -.4764E+01   .9999999 -.0002218 -.0000626
T 3580 19 .1519287E+11   1100006E-01 -.4701E+00  .1660E+02   .9999999 -.0000608  .0002251
T 3581 19 .1519274E+11   1100003E-01  .3794E+01  .1830E+02   .9999999 -.0000439  .0002273
T 3582 19 .1519289E+11   1100008E-01  .4681E+01  .1056E+01   .9999999  .0000432  .0000336
T 3583 19 .1519262E+11   1100020E-01  .1723E+01 -.1436E+02   .9999999  .0000728 -.0002656
T 3584 19 .1519155E+11   1100018E-01  .2348E+01 -.2641E+01   .9999999  .0001364  .0000577
T 3585 19 .1519285E+11   1100022E-01 -.5346E+01 -.1565E+01   .9999999  .0000369 -.0000701
T 3586 19 .1519205E+11   1100016E-01 -.4351E+01  .2114E+01   .9999999  .0000306  .0001147
T 3587 19 .1519262E+11   1100016E-01  .5801E+00  .2485E+01   .9999999  .0000151  .0000631
T 3588 19 .1519239E+11   1100007E-01 -.2823E+01 -.4287E+00   .9999999  .0000276  .0000404
T 3589 19 .1519346E+11   1100019E-01 -.1065E+02  .1238E+02   .9999999 -.0002021  .0002198
T 3590 19 .1519327E+11   1100004E-01  .1244E+02  .6695E+01   .9999999  .0001331  .0000829
T 3591 19 .1519216E+11   1100020E-01  .6050E+01  .6098E+01   .9999999  .0000784  .0001137
T 3592 19 .1519256E+11   1100001E-01 -.2209E+02 -.6183E+01   .9999999 -.0001869 -.0000447
T 3593 19 .1519379E+11   1100022E-01  .1178E+01  .1865E+02   .9999999 -.0000092  .0000258
T 3594 19 .1519224E+11   1100011E-01 -.3825E+01 -.2738E+02   .9999998 -.0001653 -.0005297
T 3595 19 .1519384E+11   1100022E-01 -.1081E+02 -.8298E+01   .9999999 -.0001907 -.0001131
T 3596 19 .1519273E+11   1100006E-01  .5425E+01 -.5168E+01   .9999999  .0000866 -.0000930
T 3597 19 .1519155E+11   1100009E-01  .1056E+02  .7901E+01   .9999999  .0001598  .0000942
T 3598 19 .1519361E+11   1100009E-01 -.1093E+01  .5624E+01   .9999999 -.0000504  .0000709
T 3599 19 .1519263E+11   1100016E-01  .1184E+02 -.5220E+01   .9999999  .0002558 -.0000426
T 3600 19 .1519242E+11   1100020E-01  .4386E+01 -.1269E+00   .9999999  .0001061  .0000945
T 3601 19 .1519345E+11   1100003E-01  .2229E+02  .1213E+02   .9999999  .0002333  .0003017
T 3602 19 .1519418E+11   1100005E-01  .1933E+01 -.8547E+01   .9999999  .0000337 -.0001664
T 3603 19 .1519133E+11   1100016E-01 -.1630E+01 -.7599E+00   .9999999  .0001138 -.0000031
T 3604 19 .1519236E+11   1100018E-01 -.1029E+02  .2921E+01   .9999999 -.0002219  .0001286
T 3605 19 .1519229E+11   1100007E-01 -.5851E+01  .2645E+01   .9999999 -.0002102  .0000285
T 3606 19 .1519200E+11   1100015E-01  .1271E+01  .9293E+01   .9999999 -.0000146  .0000980
T 3607 19 .1519236E+11   1100007E-01  .2107E+01  .1189E+02   .9999999  .0000362  .0000679
T 3608 19 .1519384E+11   1100022E-01  .9105E+01 -.7581E+01   .9999999  .0000992 -.0001057
T 3609 19 .1519203E+11   1100008E-01 -.1157E+02 -.2174E+01   .9999999 -.0001515  .0000693
T 3610 19 .1519389E+11   1100023E-01 -.1597E+02  .1475E+01   .9999999 -.0001629  .0000772
T 3611 19 .1519214E+11   1100007E-01  .2415E+01 -.7023E+01   .9999999  .0000339 -.0001833
T 3612 19 .1519314E+11   1100018E-01 -.7830E+01  .9008E+01   .9999999 -.0000480  .0000495
T 3613 19 .1519379E+11   1100022E-01  .8328E+00  .6499E+01   .9999999 -.0000050  .0000166
T 3614 19 .1519399E+11   1100014E-01  .3794E+02  .4437E+02   .9999998  .0003863  .0004811
T 3615 19 .1519289E+11   1100018E-01  .9632E+00  .1353E+01   .9999999 -.0000461  .0001210
T 3616 19 .1519408E+11   1100016E-01 -.8492E+01 -.3700E+01   .9999999 -.0000764 -.0000454
T 3617 19 .1519282E+11   1100004E-01  .3052E+01 -.3926E+01   .9999999  .0001824  .0000611
T 3618 19 .1519284E+11   1100009E-01 -.4035E+01 -.2892E+01   .9999999 -.0000247 -.0000088
T 3619 19 .1519225E+11   1100022E-01 -.7719E+01 -.3533E+01   .9999999 -.0001429 -.0000532
T 3620 19 .1519354E+11   1100001E-01  .3688E+01  .2936E+01   .9999999  .0001170  .0000437
T 3621 19 .1519322E+11   1100015E-01 -.3668E+01 -.4622E+01   .9999999 -.0000177 -.0001639
T 3622 19 .1519400E+11   1100007E-01  .1341E+02 -.9836E+01   .9999999  .0001279 -.0000264
T 3623 19 .1519141E+11   1100012E-01  .3295E+01  .5591E+00   .9999999  .0000530  .0000331
T 3624 19 .1519232E+11   1100010E-01  .9584E+01  .3484E+01   .9999999  .0001774  .0000227
T 3625 19 .1519338E+11   1100008E-01 -.1117E+02  .5609E+01   .9999999 -.0001300  .0000554
T 3626 19 .1519233E+11   1100016E-01  .1229E+01  .2885E+01   .9999999  .0000798  .0000091
T 3627 19 .1519251E+11   1100021E-01 -.1259E+02  .3948E-01   .9999999 -.0001493 -.0000921
T 3628 19 .1519189E+11   1100022E-01 -.6034E+01 -.9776E+01   .9999996 -.0004672 -.0007144
T 3629 19 .1519302E+11   1100009E-01 -.6203E+00 -.4425E+01   .9999999 -.0000754 -.0001238
T 3630 19 .1519269E+11   1100012E-01  .4942E+00  .4191E+01   .9999999  .0000265 -.0000169
T 3631 19 .1519243E+11   1100006E-01  .8344E+01 -.3842E+01   .9999999  .0001778 -.0004590
T 3632 19 .1519278E+11   1100022E-01 -.1160E+02  .7967E+01   .9999999 -.0002224  .0001238
T 3633 19 .1519326E+11   1100021E-01 -.7228E+00  .3469E+01   .9999999 -.0000109  .0000633
T 3634 19 .1519302E+11   1100009E-01  .1723E+02 -.5090E+01   .9999999  .0002167 -.0000421
T 3635 19 .1519169E+11   1100020E-01 -.2980E+01 -.4689E+01   .9999999 -.0000185 -.0000082
T 3636 19 .1519166E+11   1100012E-01 -.5904E+00 -.1590E+01   .9999999 -.0000365 -.0000428
T 3637 19 .1519230E+11   1100023E-01 -.1926E+02  .2899E+02   .9999999 -.0002750  .0004372
T 3638 19 .1519284E+11   1100003E-01 -.7247E+01  .1203E+02   .9999999 -.0001248  .0001200
T 3639 19 .1519209E+11   1100007E-01  .1035E+01 -.1228E+02   .9999999  .0000183 -.0001603
T 3640 19 .1519162E+11   1100004E-01  .7591E+00  .8763E+01   .9999999  .0000802  .0001224
T 3641 19 .1519279E+11   1100013E-01  .1841E+01 -.8999E+01   .9999999 -.0000034 -.0004484
T 3642 19 .1519268E+11   1100017E-01 -.1176E+01 -.1175E+02   .9999999  .0001624 -.0001624
T 3643 19 .1519310E+11   1100017E-01  .3477E+00  .1225E+02   .9999999  .0000889  .0001912
T 3644 19 .1519314E+11   1100021E-01  .7134E+01 -.1007E+02   .9999999  .0000161 -.0001196
T 3645 19 .1519326E+11   1100017E-01  .8817E+00 -.7491E+01   .9999999  .0000338  .0000450
T 3646 19 .1519360E+11   1100019E-01 -.5163E+01 -.1559E+02   .9999999 -.0000791 -.0000940
T 3647 19 .1519228E+11   1100011E-01  .1096E+02 -.7534E+01   .9999999  .0001864 -.0000909
T 3648 19 .1519312E+11   1100014E-01  .1420E+01 -.3232E+01   .9999999 -.0000158 -.0000381
T 3649 19 .1519264E+11   1100017E-01  .2087E+02  .1069E+02   .9999999  .0002274  .0002238
T 3650 19 .1519341E+11   1100004E-01  .8081E+01  .3825E+01   .9999999  .0000555  .0000695
T 3651 19 .1519276E+11   1100015E-01 -.4540E+01  .5806E+01   .9999999 -.0000518  .0001291
T 3652 19 .1519186E+11   1100003E-01 -.3099E+02  .7873E+01   .9999999 -.0004398  .0001608
T 3653 19 .1519333E+11   1100007E-01  .9521E+01 -.1754E+01   .9999999  .0001124 -.0000146
T 3654 19 .1519225E+11   1100019E-01  .3021E+02 -.1051E+01   .9999999  .0004810 -.0000571
T 3655 19 .1519239E+11   1100005E-01 -.7678E+01  .2155E+02   .9999999 -.0000829  .0003117
T 3656 19 .1519262E+11   1100015E-01  .1374E+02  .5239E+01   .9999999  .0001458  .0000896
T 3657 19 .1519202E+11   1100002E-01  .1176E+02  .6413E+01   .9999999  .0001824  .0000619
T 3658 19 .1519281E+11   1100012E-01  .9710E+01  .8954E+01   .9999999  .0000722  .0001246
T 3659 19 .1519323E+11   1100020E-01 -.1472E+01 -.5709E+01   .9999999  .0000233 -.0001505
T 3660 19 .1519272E+11   1100021E-01 -.5858E+01  .5842E+01   .9999996 -.0002556 -.0009078
T 3661 19 .1519253E+11   1100018E-01  .4206E+01 -.9338E+01   .9999999  .0001602 -.0001365
T 3662 19 .1519250E+11   1100003E-01  .2644E+01 -.5491E+01   .9999999  .0000315 -.0001090
T 3663 19 .1519308E+11   1100015E-01 -.4962E+00  .7460E+01   .9999999  .0000035  .0001765
T 3664 19 .1519356E+11   1100009E-01  .4939E+01  .1070E+02   .9999999  .0000948  .0001557
T 3665 19 .1519282E+11   1100022E-01  .6028E+01  .1130E+02   .9999999  .0000399  .0001739
T 3666 19 .1519160E+11   1100001E-01 -.7689E+01 -.3161E+01   .9999999 -.0001175 -.0000727
T 3667 19 .1519161E+11   1100020E-01 -.4680E-01  .2514E+01   .9999999 -.0000265 -.0000278
T 3668 19 .1519305E+11   1100000E-01  .3205E+00 -.7827E+01   .9999999 -.0001047 -.0001784
T 3669 19 .1519204E+11   1100022E-01 -.2331E+02 -.1179E+02   .9999999 -.0003213 -.0000866
T 3670 19 .1519188E+11   1100007E-01  .4623E+01 -.7448E+01   .9999999 -.0000322 -.0001359
T 3671 19 .1519296E+11   1100002E-01 -.2108E+01  .2231E+00   .9999999 -.0000932  .0000658
T 3672 19 .1519156E+11   1100009E-01 -.5933E+01  .1228E+02   .9999999 -.0000766  .0001528
T 3673 19 .1519246E+11   1100013E-01  .6169E+01 -.5673E+00   .9999999  .0001773 -.0000678
T 3674 19 .1519211E+11   1100004E-01  .4197E+01  .6106E+01   .9999999  .0001108  .0001256
T 3675 19 .1519206E+11   1100021E-01 -.1583E+02  .1699E+02   .9999999 -.0001578  .0001341
T 3676 19 .1519241E+11   1100007E-01 -.4755E+01  .1883E+01   .9999999 -.0000600 -.0000085
T 3677 19 .1519287E+11   1100018E-01 -.2025E+01 -.2012E+01   .9999999  .0000581  .0001290
T 3678 19 .1519217E+11   1100020E-01 -.4589E+01  .5337E+01   .9999999 -.0001139 -.0000194
T 3679 19 .1519329E+11   1100017E-01  .1009E+01  .5519E+01   .9999999 -.0000300  .0001300
T 3680 19 .1519312E+11   1100020E-01 -.6131E+01  .3605E+00   .9999999 -.0000616 -.0000071
T 3681 19 .1519194E+11   1100020E-01 -.1481E+02 -.4297E+01   .9999999 -.0001905 -.0000844
T 3682 19 .1519017E+11   1100008E-01  .1691E+02 -.4401E+01   .9999999  .0001598 -.0001118
T 3683 19 .1519174E+11   1100010E-01  .2685E+01  .1510E+02   .9999999 -.0000041  .0001355
T 3684 19 .1519322E+11   1100001E-01 -.4351E+01 -.4169E+02   .9999998 -.0001373 -.0005812
T 3685 19 .1519287E+11   1100000E-01 -.1218E+02  .1214E+02   .9999999 -.0001617  .0001739
T 3686 19 .1519259E+11   1100018E-01  .2597E+01 -.1872E+01   .9999999  .0000608  .0000753
T 3687 19 .1519270E+11   1100021E-01 -.1496E+01 -.6225E+00   .9999999 -.0000502 -.0000277
T 3688 19 .1519250E+11   1100018E-01  .4113E+01  .8391E+01   .9999999  .0000460  .0001700
T 3689 19 .1519368E+11   1100021E-01 -.4695E+01  .1503E+01   .9999999 -.0001750  .0000508
T 3690 19 .1519230E+11   1100015E-01 -.4844E+01 -.9632E+01   .9999999 -.0001013 -.0001938
T 3691 19 .1519342E+11   1100018E-01  .2560E+01 -.1661E+01   .9999999  .0001954 -.0000062
T 3692 19 .1519320E+11   1100002E-01 -.1266E+02  .8963E+01   .9999999 -.0002213  .0001913
T 3693 19 .1519213E+11   1100013E-01 -.9244E+01 -.1646E+01   .9999999 -.0001379 -.0001438
T 3694 19 .1519267E+11   1100010E-01  .9611E+01 -.1774E+02   .9999999  .0001982 -.0003243
T 3695 19 .1519249E+11   1100018E-01 -.1024E+02 -.1294E+01   .9999999 -.0001578  .0000174
T 3696 19 .1519169E+11   1100019E-01 -.8722E+01 -.7108E+01   .9999999 -.0000002 -.0001772
T 3697 19 .1519304E+11   1100022E-01 -.4089E+01 -.1167E+02   .9999999 -.0002442 -.0001184
T 3698 19 .1519224E+11   1100003E-01 -.3322E+01 -.6961E+01   .9999999 -.0000442 -.0001270
T 3699 19 .1519193E+11   1100019E-01 -.8991E+00  .4686E+01   .9999999 -.0000122  .0000500
T 3700 19 .1519205E+11   1100009E-01  .1688E+02  .8546E+01   .9999999  .0003578  .0001872
T 3701 19 .1519210E+11   1100008E-01 -.8045E+01 -.4567E+01   .9999999 -.0002108 -.0000538
T 3702 19 .1519205E+11   1100002E-01  .6223E+00 -.1230E+02   .9999999 -.0000215 -.0000962
T 3703 19 .1519192E+11   1100013E-01  .6610E+01  .1528E+02   .9999999  .0001079  .0003151
T 3704 19 .1519293E+11   1100020E-01  .9396E+01  .2873E+02   .9999999  .0001381  .0004009
T 3705 19 .1519170E+11   1100021E-01 -.2124E+02  .1407E+02   .9999999 -.0002510  .0001773
T 3706 19 .1519201E+11   1100000E-01 -.1442E+02 -.7468E+00   .9999999 -.0001502  .0000155
T 3707 19 .1519255E+11   1100013E-01 -.7602E+01  .3316E+01   .9999999 -.0002423  .0001226
T 3708 19 .1519065E+11   1100001E-01 -.1028E+03 -.2778E+02   .9999991 -.0012969 -.0004337
T 3709 19 .1519261E+11   1100016E-01 -.5209E+01 -.2404E+02   .9999999 -.0000133 -.0002828
T 3710 19 .1519305E+11   1100019E-01  .6823E+01 -.2160E+01   .9999999  .0000423 -.0000319
T 3711 19 .1519257E+11   1100008E-01  .2918E+01  .5972E+01   .9999999 -.0000048  .0000321
T 3712 19 .1519400E+11   1100012E-01 -.9173E+01 -.1853E+01   .9999999 -.0000779 -.0000103
T 3713 19 .1519236E+11   1100008E-01  .2775E-01  .1555E+02   .9999999 -.0000972  .0003121
T 3714 19 .1519269E+11   1100017E-01  .3914E+01  .5689E+01   .9999999 -.0001228 -.0001600
T 3715 19 .1519282E+11   1100021E-01 -.2700E+01 -.2742E+02   .9999999 -.0000674 -.0003679
T 3716 19 .1519302E+11   1100002E-01  .8206E+01 -.2877E+01   .9999999  .0001467 -.0001223
T 3717 19 .1519270E+11   1100005E-01 -.1280E+02  .6256E+01   .9999999 -.0001017  .0000130
T 3718 19 .1519146E+11   1100004E-01  .6838E+01  .1335E+01   .9999999  .0000803  .0000733
T 3719 19 .1519347E+11   1100004E-01  .1694E+02 -.1454E+02   .9999999  .0002930 -.0001936
T 3720 19 .1519145E+11   1100016E-01  .3047E+01 -.1611E+02   .9999999 -.0000116 -.0002165
T 3721 19 .1519243E+11   1100008E-01 -.7878E+00  .6008E+01   .9999999 -.0000225  .0001457
T 3722 19 .1519277E+11   1100002E-01 -.7251E+01 -.2585E+02   .9999999 -.0000915 -.0003296
T 3723 19 .1519270E+11   1100014E-01 -.2322E+01 -.1923E+02   .9999999 -.0001188 -.0003895
T 3724 19 .1519202E+11   1100006E-01  .4379E+01 -.1337E+02   .9999999  .0001149 -.0002634
T 3725 19 .1519245E+11   1100018E-01  .1301E+02 -.5408E+02   .9999998  .0003160 -.0005858
T 3726 19 .1519157E+11   1100013E-01  .4160E+02  .4009E+02   .9999999  .0003174  .0003385
T 3727 19 .1519155E+11   1100019E-01  .1629E+01  .9040E+00   .9999999  .0000298  .0000108
T 3728 19 .1519245E+11   1100012E-01  .1837E+01  .3964E+01   .9999999  .0000065  .0000971
T 3729 19 .1519216E+11   1100012E-01 -.1779E+02  .6736E+01   .9999999 -.0001733  .0000917
T 3730 19 .1519235E+11   1100009E-01  .4952E+01  .2954E+01   .9999999  .0000343  .0000483
T 3731 19 .1519321E+11   1100002E-01  .3018E+01  .7489E+01   .9999999 -.0000085  .0000605
T 3732 19 .1519357E+11   1100001E-01  .7947E+01 -.2630E-01   .9999999  .0001783  .0000421
T 3733 19 .1519286E+11   1100008E-01  .2418E+01 -.1355E+01   .9999999  .0001468 -.0000817
T 3734 19 .1519261E+11   1100010E-01  .2772E+01 -.2819E+01   .9999999  .0000821 -.0001152
T 3735 19 .1519331E+11   1100018E-01 -.1151E+02 -.4647E+01   .9999999 -.0001123  .0000649
T 3736 19 .1519291E+11   1100017E-01 -.1193E+02 -.2943E+01   .9999999 -.0001593  .0000381
T 3737 19 .1519177E+11   1100001E-01 -.4340E+01  .1157E+01   .9999999  .0000405  .0000524
T 3738 19 .1519209E+11   1100007E-01 -.1247E+02 -.4610E+00   .9999999 -.0002394  .0000104
T 3739 19 .1519150E+11   1100014E-01  .6405E+01 -.4351E+00   .9999999  .0000728  .0000834
T 3740 19 .1519225E+11   1100011E-01 -.1638E+02  .7986E+01   .9999999 -.0002467  .0000972
T 3741 19 .1519268E+11   1100012E-01 -.1267E+02  .1127E+02   .9999999 -.0002524  .0000723
T 3742 19 .1519287E+11   1100015E-01  .2546E+01  .6854E+01   .9999999  .0000385  .0001659
T 3743 19 .1519237E+11   1100022E-01  .7293E+01 -.2912E+00   .9999999  .0001603 -.0000707
T 3744 19 .1519294E+11   1100020E-01 -.3522E+01 -.4110E+01   .9999999 -.0000057 -.0001021
T 3745 19 .1519306E+11   1100018E-01  .1101E+01 -.2812E+01   .9999999  .0000276 -.0001470
T 3746 19 .1519240E+11   1100001E-01  .1573E+02  .9035E+01   .9999999  .0003759  .0000491
T 3747 19 .1519263E+11   1100015E-01 -.1265E+02 -.1308E+02   .9999999 -.0001477 -.0002420
T 3748 19 .1519373E+11   1100022E-01 -.9858E+00  .1516E+01   .9999999 -.0000431  .0000148
T 3749 19 .1519295E+11   1100008E-01 -.6114E+01  .8807E+01   .9999999 -.0001248  .0001613
T 3750 19 .1519324E+11   1100012E-01 -.6256E+01  .2745E+00   .9999999 -.0000018 -.0000017
T 3751 19 .1519300E+11   1100017E-01  .4839E+01 -.7682E+01   .9999999  .0000878  .0000053
T 3752 19 .1519309E+11   1100017E-01  .6144E+00 -.3120E+01   .9999999  .0000234 -.0000825
T 3753 19 .1519253E+11   1100001E-01 -.1494E+02 -.4352E+01   .9999999 -.0004257  .0000828
T 3754 19 .1519176E+11   1100004E-01 -.9542E+00  .8789E+01   .9999999  .0000059  .0000247
T 3755 19 .1519325E+11   1100017E-01 -.7083E+01  .6358E+01   .9999999 -.0000563  .0000243
T 3756 19 .1519406E+11   1100012E-01  .3896E+01 -.3111E+01   .9999999  .0001478 -.0001541
T 3757 19 .1519248E+11   1100007E-01  .2507E+01 -.4874E+01   .9999999  .0000783 -.0001425
T 3758 19 .1519123E+11   1100016E-01  .2394E+01  .1490E+01   .9999999  .0000047  .0000467
T 3759 19 .1519205E+11   1100017E-01 -.4314E+01  .5575E+01   .9999999 -.0000864  .0001375
T 3760 19 .1519301E+11   1100011E-01 -.3846E+01  .1461E+01   .9999999 -.0001126 -.0000074
T 3761 19 .1519224E+11   1100005E-01  .8112E+01 -.2513E+01   .9999999  .0001417  .0001021
T 3762 19 .1519374E+11   1100013E-01  .9874E-01 -.5719E+00   .9999999  .0001264  .0000063
T 3763 19 .1519362E+11   1100018E-01 -.1230E+02 -.9025E+01   .9999999 -.0000980 -.0000550
T 3764 19 .1519269E+11   1100017E-01  .7721E+01  .6391E+01   .9999999  .0000515  .0000685
T 3765 19 .1519286E+11   1100020E-01 -.1046E+02 -.1495E+02   .9999999  .0000198 -.0003788
T 3766 19 .1519448E+11   1100021E-01 -.5799E+00 -.8705E+01   .9999999  .0000986 -.0001830
T 3767 19 .1519290E+11   1100008E-01 -.4745E+01  .5592E+01   .9999999 -.0000873  .0000494
T 3768 19 .1519214E+11   1100021E-01  .1324E+01  .2099E+02   .9999999 -.0000111  .0003542
T 3769 19 .1519346E+11   1100022E-01 -.1049E+01  .5389E+00   .9999999 -.0000492  .0000035
T 3770 19 .1519301E+11   1100018E-01  .6807E+01 -.1414E+02   .9999999  .0001576 -.0001819
T 3771 19 .1519275E+11   1100017E-01 -.2132E+01  .7080E+01   .9999999  .0000188  .0000955
T 3772 19 .1519205E+11   1100019E-01  .5647E+01 -.9919E+01   .9999999  .0001085 -.0001011
T 3773 19 .1519076E+11   1100018E-01  .1217E+02 -.2097E+01   .9999999  .0001262  .0000677
T 3774 19 .1519296E+11   1100011E-01 -.2077E+02 -.1779E+02   .9999999 -.0001254 -.0002636
T 3775 19 .1519264E+11   1100018E-01 -.2628E+02  .3573E+02   .9999999 -.0002637  .0004388
T 3776 19 .1519201E+11   1100003E-01  .3775E+00  .9231E+01   .9999999  .0000768  .0000768
T 3777 19 .1519429E+11   1100011E-01  .2831E+01 -.7077E+01   .9999999  .0000328 -.0000879
T 3778 19 .1519275E+11   1100013E-01 -.7998E+00  .1789E+01   .9999999 -.0000912 -.0000290
T 3779 19 .1519181E+11   1100013E-01  .1344E+02 -.1235E+01   .9999999  .0001558 -.0000982
T 3780 19 .1519131E+11   1100007E-01 -.1426E+02 -.1419E+02   .9999999 -.0001800 -.0002265
T 3781 19 .1519222E+11   1100011E-01  .2194E+01 -.3040E+01   .9999999 -.0001293  .0001157
T 3782 19 .1519193E+11   1100008E-01 -.7169E+01  .5738E+00   .9999999 -.0001774 -.0000881
T 3783 19 .1519351E+11   1100003E-01  .3741E+01 -.1757E+01   .9999999  .0001082 -.0001201
T 3784 19 .1519199E+11   1100021E-01 -.3476E+01 -.1046E+01   .9999999 -.0000740 -.0000696
T 3785 19 .1519288E+11   1100002E-01 -.1055E+01  .1237E+02   .9999999 -.0000218  .0002520
T 3786 19 .1519329E+11   1100012E-01 -.1890E+01 -.5243E+00   .9999999  .0000785  .0000475
T 3787 19 .1519215E+11   1100019E-01  .1911E+01  .1471E+02   .9999999  .0000160  .0002300
T 3788 19 .1519350E+11   1100014E-01  .7729E+01  .2794E+01   .9999999  .0000928  .0000390
T 3789 19 .1519241E+11   1100021E-01 -.7166E+01  .6030E+01   .9999999 -.0000850  .0001806
T 3790 19 .1519282E+11   1100006E-01 -.1445E+02  .2516E+01   .9999999 -.0002837  .0000381
T 3791 19 .1519224E+11   1100015E-01  .6787E+01  .7204E+01   .9999999  .0001936  .0000172
T 3792 19 .1519201E+11   1100012E-01  .3298E+01  .1139E+02   .9999999  .0001516  .0003062
T 3793 19 .1519368E+11   1100010E-01  .1424E+02  .5805E-01   .9999999  .0001862 -.0000662
T 3794 19 .1519347E+11   1100009E-01  .6848E+01  .2967E+00   .9999999  .0001976 -.0001183
T 3795 19 .1519249E+11   1100019E-01 -.4142E+01 -.3439E+01   .9999999 -.0000170 -.0000418
T 3796 19 .1519530E+11   1100022E-01 -.1207E+02 -.1140E-01   .9999999 -.0001755 -.0000341
T 3797 19 .1519247E+11   1100018E-01 -.1500E+02  .4149E+01   .9999999 -.0002696  .0003082
T 3798 19 .1519145E+11   1100003E-01 -.2974E+01  .5092E+00   .9999999 -.0000280  .0000716
T 3799 19 .1519129E+11   1100017E-01 -.8779E+01 -.1270E+02   .9999999 -.0000802 -.0001662
T 3800 19 .1519345E+11   1100008E-01 -.4582E+01 -.1194E+02   .9999999 -.0000454 -.0000638
T 3801 19 .1519257E+11   1100016E-01 -.5787E+01  .5884E+01   .9999999 -.0000654  .0001407
T 3802 19 .1519309E+11   1100017E-01 -.6718E+01 -.2011E+00   .9999999 -.0000047  .0000867
T 3803 19 .1519137E+11   1100018E-01 -.2908E+01 -.6949E+01   .9999999 -.0000589  .0000143
T 3804 19 .1519247E+11   1100022E-01  .2043E+01  .7212E+01   .9999999 -.0000022  .0000911
T 3805 19 .1519195E+11   1100005E-01 -.1334E+02  .5718E+00   .9999999 -.0002403 -.0000256
T 3806 19 .1519398E+11   1100018E-01  .3396E+01 -.3022E+01   .9999999  .0000311  .0000774
T 3807 19 .1519275E+11   1100019E-01  .1612E+02 -.5907E+01   .9999999  .0001895 -.0001705
T 3808 19 .1519184E+11   1100017E-01  .2185E+01 -.2893E+01   .9999999  .0000994 -.0000194
T 3809 19 .1519325E+11   1100017E-01  .6840E+01 -.1388E+02   .9999999  .0001231 -.0000917
T 3810 19 .1519174E+11   1100022E-01 -.2982E+01  .4120E+01   .9999999 -.0000460  .0001327
T 3811 19 .1519032E+11   1100008E-01 -.1457E+02  .1723E+01   .9999999 -.0001450 -.0000164
T 3812 19 .1519261E+11   1100020E-01 -.1463E+01 -.2950E+01   .9999999  .0000128 -.0000069
T 3813 19 .1519230E+11   1100014E-01 -.5098E+01 -.6846E+01   .9999999  .0000048 -.0000598
T 3814 19 .1519270E+11   1100003E-01  .4189E+01  .2545E-01   .9999999  .0000562 -.0000592
T 3815 19 .1519343E+11   1100010E-01  .5019E+01  .4266E+01   .9999999  .0000817  .0000416
T 3816 19 .1519254E+11   1100009E-01 -.1886E+02  .2321E+01   .9999999 -.0003366  .0000862
T 3817 19 .1519290E+11   1100007E-01 -.1274E+02 -.8992E+00   .9999999 -.0001668  .0000452
T 3818 19 .1519168E+11   1100011E-01 -.6202E+01 -.4662E+01   .9999999 -.0001333 -.0000635
T 3819 19 .1519321E+11   1100017E-01  .5296E+01 -.5918E+01   .9999999  .0000802 -.0001392
T 3820 19 .1519261E+11   1100018E-01  .6964E+00 -.1888E+01   .9999999 -.0000446 -.0002016
T 3821 19 .1519237E+11   1100003E-01 -.1161E+02 -.5027E+01   .9999999 -.0000837  .0000181
T 3822 19 .1519262E+11   1100019E-01  .8406E+01  .2581E+01   .9999999 -.0000023 -.0000037
T 3823 19 .1519295E+11   1100017E-01  .3449E+01 -.1247E+01   .9999999  .0000529 -.0000551
T 3824 19 .1519133E+11   1100005E-01  .2267E+01  .9143E+01   .9999999  .0000393  .0001340
T 3825 19 .1519303E+11   1100010E-01  .3092E+01  .8756E+01   .9999999  .0001970  .0003631
T 3826 19 .1519175E+11   1100015E-01  .4851E+01  .2338E+01   .9999999  .0001009  .0000729
T 3827 19 .1519422E+11   1100019E-01  .7587E+00 -.1274E+02   .9999999 -.0000178 -.0002711
T 3828 19 .1519279E+11   1100022E-01  .4886E+01  .2429E+02   .9999999  .0001507  .0003629
T 3829 19 .1519080E+11   1100020E-01  .5251E+01 -.8027E+01   .9999999  .0000849 -.0000337
T 3830 19 .1519231E+11   1100022E-01  .5679E+01 -.1383E+02   .9999999  .0001199 -.0001925
T 3831 19 .1519249E+11   1100021E-01 -.7100E+01 -.1127E+02   .9999999 -.0001537 -.0001455
T 3832 19 .1519189E+11   1100017E-01 -.1070E+01 -.9592E+01   .9999999  .0000080 -.0001220
T 3833 19 .1519259E+11   1100019E-01  .1563E+02  .6345E+01   .9999999  .0002131  .0000264
T 3834 19 .1519303E+11   1100001E-01 -.1956E+02 -.3908E+01   .9999999 -.0002966  .0000149
T 3835 19 .1519166E+11   1100012E-01  .1202E+00  .9936E+01   .9999999  .0001083  .0000057
T 3836 19 .1519195E+11   1100019E-01  .8502E-01 -.8726E+01   .9999999 -.0000823 -.0001868
T 3837 19 .1519258E+11   1100010E-01 -.8479E+01 -.7803E+01   .9999999 -.0000447 -.0002308
T 3838 19 .1519185E+11   1100021E-01 -.1620E+01  .5346E+01   .9999999  .0000201  .0000943
T 3839 19 .1519219E+11   1100004E-01  .6286E+01  .6608E+01   .9999999  .0000937  .0001150
T 3840 19 .1519195E+11   1100010E-01 -.9166E+01 -.6586E+01   .9999999 -.0000980 -.0003212
T 3841 19 .1519238E+11   1100006E-01 -.2200E+00 -.1782E+01   .9999999 -.0000040 -.0000120
T 3842 19 .1519233E+11   1100013E-01 -.9257E+01 -.6091E-01   .9999999 -.0001010  .0000281
T 3843 19 .1519360E+11   1100000E-01  .5244E+01 -.5276E+01   .9999999  .0002571 -.0001277
T 3844 19 .1519293E+11   1100022E-01 -.5042E+01  .2190E+02   .9999999 -.0001415  .0002178
T 3845 19 .1519170E+11   1100005E-01  .9344E+01 -.4801E+01   .9999999  .0000257 -.0000588
T 3846 19 .1519102E+11   1100011E-01 -.7305E+01  .5625E+01   .9999999 -.0000620  .0001203
T 3847 19 .1519202E+11   1100017E-01  .6335E+01  .6625E+01   .9999999  .0001135  .0001095
T 3848 19 .1519374E+11   1100010E-01 -.6005E+01  .1126E+02   .9999999 -.0000976  .0001351
T 3849 19 .1519252E+11   1100003E-01 -.1013E+02  .7232E+01   .9999999 -.0000649 -.0000898
T 3850 19 .1519309E+11   1100012E-01  .1574E+02  .3260E-01   .9999999  .0002092  .0001398
T 3851 19 .1519267E+11   1100010E-01 -.1735E+02  .4438E+00   .9999999 -.0001945 -.0000146
T 3852 19 .1519204E+11   1100020E-01  .1489E+02 -.9971E+01   .9999999  .0001402 -.0001701
T 3853 19 .1519280E+11   1100014E-01  .6832E+01 -.1564E+01   .9999999  .0002409 -.0000191
T 3854 19 .1519239E+11   1100021E-01 -.5277E+01 -.3815E+01   .9999999 -.0001789 -.0001910
T 3855 19 .1519137E+11   1100016E-01 -.1275E+02  .8376E+01   .9999999 -.0000696  .0002361
T 3856 19 .1519464E+11   1100007E-01  .4151E+01  .7510E+01   .9999999  .0001019  .0001427
T 3857 19 .1519273E+11   1100008E-01 -.5650E+01 -.1762E+02   .9999999 -.0002078 -.0003208
T 3858 19 .1519358E+11   1100021E-01 -.1120E+02 -.9517E+01   .9999999 -.0000452 -.0000971
T 3859 19 .1519363E+11   1100020E-01  .9701E+01  .4826E+00   .9999999  .0002282  .0000330
T 3860 19 .1519300E+11   1100014E-01 -.8790E+01 -.9823E+01   .9999999 -.0001426 -.0001002
T 3861 19 .1519268E+11   1100001E-01  .1241E+02  .8941E+01   .9999999  .0000751  .0002201
T 3862 19 .1519250E+11   1100010E-01  .2609E+01  .4365E+01   .9999999 -.0000222 -.0000264
T 3863 19 .1519185E+11   1100019E-01  .2819E+02  .1494E+02   .9999999  .0002995  .0000983
T 3864 19 .1519251E+11   1100021E-01  .6387E+00  .5112E+01   .9999999 -.0000038  .0000487
T 3865 19 .1519367E+11   1100006E-01 -.2394E+02  .1563E+02   .9999999 -.0004729  .0002483
T 3866 19 .1519291E+11   1100016E-01 -.5682E+01  .5800E+01   .9999999 -.0001816  .0001102
T 3867 19 .1519194E+11   1100001E-01 -.9380E+01  .8285E+01   .9999999 -.0001513  .0001331
T 3868 19 .1519246E+11   1100011E-01 -.4400E+01 -.5140E+01   .9999999 -.0001492 -.0000427
T 3869 19 .1519309E+11   1100020E-01 -.8047E+01  .6252E+01   .9999999 -.0000958  .0001082
T 3870 19 .1519262E+11   1100020E-01 -.1923E+02 -.2505E+01   .9999999 -.0003651 -.0000451
T 3871 19 .1519164E+11   1100010E-01  .1828E+02  .9670E+01   .9999999  .0002724  .0001802
T 3872 19 .1519330E+11   1100009E-01  .7823E+01  .1895E+02   .9999999  .0001190  .0001352
T 3873 19 .1519313E+11   1100022E-01 -.8912E+01  .5137E+00   .9999999 -.0000717 -.0001063
T 3874 19 .1519366E+11   1100013E-01 -.1235E+01 -.1467E+01   .9999999 -.0000721  .0000547
T 3875 19 .1519386E+11   1100005E-01 -.2310E+02  .1128E+02   .9999999 -.0003205  .0002847
T 3876 19 .1519275E+11   1100008E-01 -.5974E+01 -.1035E+02   .9999999 -.0001469 -.0001625
T 3877 19 .1519276E+11   1100011E-01 -.1237E+01 -.1069E+02   .9999999  .0000100 -.0002681
T 3878 19 .1519327E+11   1100009E-01  .3093E+01 -.1032E+02   .9999999 -.0001819 -.0003242
T 3879 19 .1519307E+11   1100006E-01 -.3379E+01 -.8502E+01   .9999999 -.0001027 -.0000955
T 3880 19 .1519193E+11   1100019E-01 -.1997E+02 -.2290E+00   .9999999 -.0002202  .0000566
T 3881 19 .1519348E+11   1100013E-01 -.8603E+01  .2722E+01   .9999999 -.0001360 -.0000865
T 3882 19 .1519276E+11   1100015E-01 -.4380E+01  .1577E+02   .9999999 -.0001208  .0002281
T 3883 19 .1519275E+11   1100018E-01 -.1185E+02 -.4952E+01   .9999999 -.0001676 -.0001888
T 3884 19 .1519416E+11   1100005E-01 -.8953E+01 -.1128E+02   .9999999 -.0002034 -.0002000
T 3885 19 .1519215E+11   1100019E-01  .6525E+01 -.6259E+01   .9999999  .0001900 -.0000726
T 3886 19 .1519332E+11   1100013E-01 -.9041E+01  .6098E+01   .9999999 -.0001941  .0001691
T 3887 19 .1519196E+11   1100016E-01 -.8716E+01  .8529E+01   .9999999 -.0000464  .0000876
T 3888 19 .1519284E+11   1100010E-01 -.4490E+01  .5103E+01   .9999999 -.0000842  .0000736
T 3889 19 .1519265E+11   1100007E-01 -.7021E+01 -.1961E+02   .9999999  .0000295 -.0002146
T 3890 19 .1519232E+11   1100005E-01  .6205E+01  .6102E+01   .9999999  .0001046  .0001212
T 3891 19 .1519215E+11   1100013E-01 -.1664E+01  .6825E+01   .9999999  .0000128  .0000848
T 3892 19 .1519242E+11   1100022E-01 -.1814E+01 -.9143E+00   .9999999  .0001645  .0000477
T 3893 19 .1519105E+11   1100003E-01  .1342E+02  .7977E+01   .9999999  .0002609  .0001561
T 3894 19 .1519276E+11   1100004E-01  .6771E+00 -.4994E+01   .9999999 -.0000174 -.0001060
T 3895 19 .1519171E+11   1100000E-01  .4822E+01  .3974E+01   .9999999  .0000213 -.0000222
T 3896 19 .1519357E+11   1100007E-01 -.7994E+01  .9999E+01   .9999999 -.0001068  .0001931
T 3897 19 .1519353E+11   1100016E-01 -.1318E+02 -.6291E+01   .9999999 -.0002153 -.0000243
T 3898 19 .1519260E+11   1100003E-01  .3467E+01  .7169E+01   .9999999  .0000663 -.0000346
T 3899 19 .1519286E+11   1100020E-01 -.1233E+02 -.8271E+01   .9999999 -.0001555 -.0001178
T 3900 19 .1519169E+11   1100009E-01  .9704E+01  .2531E+01   .9999999  .0001027 -.0000262
T 3901 19 .1519329E+11   1100000E-01  .7359E+01  .1220E+02   .9999999  .0000821  .0002023
T 3902 19 .1519173E+11   1100019E-01 -.2210E+01 -.1148E+01   .9999999 -.0000960  .0000651
T 3903 19 .1519269E+11   1100002E-01 -.1511E+02 -.3163E+01   .9999999 -.0001168  .0000128
T 3904 19 .1519145E+11   1100023E-01  .6379E+01  .2196E+01   .9999999  .0002228  .0000916
T 3905 19 .1519278E+11   1100003E-01 -.1961E+01 -.3672E+01   .9999999  .0000103  .0000404
T 3906 19 .1519129E+11   1100017E-01 -.1088E+02 -.6264E+01   .9999999 -.0001662 -.0001410
T 3907 19 .1519342E+11   1100015E-01  .1935E+01 -.1462E+02   .9999999  .0000273 -.0000772
T 3908 19 .1519312E+11   1100019E-01 -.7162E+01  .5182E+01   .9999999 -.0001051  .0000114
T 3909 19 .1519440E+11   1100014E-01  .1530E+01 -.1292E+02   .9999999  .0000698 -.0001156
T 3910 19 .1519172E+11   1100004E-01  .8803E+00 -.4272E+01   .9999999  .0000545 -.0000763
T 3911 19 .1519168E+11   1100018E-01 -.4762E+01  .5489E+01   .9999999 -.0001297  .0000325
T 3912 19 .1519235E+11   1100010E-01  .1142E+02  .1231E+02   .9999999  .0001939  .0001254
T 3913 19 .1519317E+11   1100007E-01  .1690E+02 -.6456E+01   .9999999  .0002712 -.0001504
T 3914 19 .1519365E+11   1100003E-01  .4220E+01 -.7239E+01   .9999999  .0001167 -.0001253
T 3915 19 .1519246E+11   1100017E-01 -.6914E+00  .4790E+01   .9999999  .0000899  .0000444
T 3916 19 .1519278E+11   1100023E-01 -.1496E+01 -.4554E+02   .9999998 -.0000298 -.0006502
T 3917 19 .1519299E+11   1100016E-01 -.3175E+01 -.2033E+01   .9999999 -.0000277 -.0000105
T 3918 19 .1519162E+11   1100013E-01 -.1715E+02  .9489E+01   .9999999 -.0003282  .0001338
T 3919 19 .1519215E+11   1100000E-01 -.4861E+01  .1859E+01   .9999999 -.0000847  .0000237
T 3920 19 .1519221E+11   1100021E-01  .3322E+01  .5423E+01   .9999999  .0000074  .0002019
T 3921 19 .1519298E+11   1100022E-01  .1479E+02 -.9960E+01   .9999999  .0001585 -.0001247
T 3922 19 .1519228E+11   1100010E-01  .8502E+01 -.1620E+01   .9999999  .0000776  .0000110
T 3923 19 .1519354E+11   1100013E-01  .4313E+01  .3451E+01   .9999999  .0000488  .0000242
T 3924 19 .1519300E+11   1100022E-01 -.1490E+01 -.3548E+01   .9999999 -.0000211 -.0001184
T 3925 19 .1519229E+11   1100018E-01  .9838E+01  .9793E+00   .9999999  .0001864  .0000558
T 3926 19 .1519237E+11   1100003E-01  .3678E+02  .8651E+01   .9999999  .0004962  .0001868
T 3927 19 .1519293E+11   1100008E-01  .3481E+01 -.2424E+02   .9999999  .0000929 -.0003656
T 3928 19 .1519335E+11   1100014E-01  .1114E+02 -.2252E+02   .9999999  .0000613 -.0002688
T 3929 19 .1519199E+11   1100020E-01  .1173E+02  .1189E+01   .9999999  .0001749  .0000442
T 3930 19 .1519276E+11   1100015E-01 -.1546E+01 -.1213E+02   .9999999 -.0000820 -.0002073
T 3931 19 .1519277E+11   1100008E-01 -.4018E+01  .5119E+01   .9999999 -.0000761  .0000590
T 3932 19 .1519250E+11   1100007E-01  .8522E+01 -.5751E+01   .9999999  .0002953 -.0000041
T 3933 19 .1519237E+11   1100019E-01  .5046E+01  .6913E+01   .9999999  .0003444  .0001348
T 3934 19 .1519338E+11   1100017E-01  .6763E+01  .4067E+00   .9999999  .0002046  .0000694
T 3935 19 .1519176E+11   1100021E-01  .7701E+01  .2486E+01   .9999999  .0000453 -.0000537
T 3936 19 .1519314E+11   1100015E-01 -.1546E+02  .1206E+01   .9999999 -.0002401  .0000167
T 3937 19 .1519225E+11   1100005E-01  .1126E+02  .8856E+01   .9999999  .0002307  .0001560
T 3938 19 .1519213E+11   1100014E-01 -.2187E+02 -.1035E+02   .9999999 -.0002021 -.0001022
T 3939 19 .1519309E+11   1100016E-01  .2489E+02 -.8636E+01   .9999999  .0002241 -.0000974
T 3940 19 .1519209E+11   1100023E-01 -.6471E+01  .8292E+01   .9999999 -.0000515  .0001509
T 3941 19 .1519180E+11   1100017E-01  .1400E+02  .6911E+01   .9999999  .0002065  .0000433
T 3942 19 .1519220E+11   1100022E-01  .1577E+02 -.1942E+02   .9999999  .0002079 -.0002105
T 3943 19 .1519244E+11   1100023E-01 -.1248E+02  .1560E+02   .9999999 -.0002663  .0002945
T 3944 19 .1519193E+11   1100000E-01  .1347E+02 -.2580E+01   .9999999  .0002065  .0000183
T 3945 19 .1519399E+11   1100011E-01  .5433E+01  .1151E+02   .9999999  .0000817  .0002702
T 3946 19 .1519284E+11   1100016E-01 -.1010E+01  .1207E+02   .9999999 -.0000939  .0001754
T 3947 19 .1519424E+11   1100021E-01 -.6780E+01  .7629E+01   .9999999 -.0001719  .0000929
T 3948 19 .1519324E+11   1100018E-01  .2209E+02 -.3225E+02   .9999998  .0003366 -.0006084
T 3949 19 .1519276E+11   1100021E-01  .5128E+01 -.5853E+00   .9999999  .0000151  .0000170
T 3950 19 .1519251E+11   1100020E-01 -.4355E+01 -.7384E+01   .9999999 -.0001381 -.0000685
T 3951 19 .1519272E+11   1100012E-01 -.1533E+02  .4290E+01   .9999999 -.0000992 -.0000467
T 3952 19 .1519275E+11   1100011E-01 -.1413E+02  .6828E+01   .9999999 -.0002222  .0000144
T 3953 19 .1519296E+11   1100016E-01  .8299E+00 -.3821E+01   .9999999  .0000982 -.0002797
T 3954 19 .1519334E+11   1100018E-01  .1077E+01 -.2935E+01   .9999999 -.0000363 -.0000687
T 3955 19 .1519276E+11   1100019E-01 -.7714E+01 -.3086E+01   .9999999 -.0001314 -.0000187
T 3956 19 .1519088E+11   1100010E-01 -.5318E+01 -.2350E+02   .9999999  .0000694 -.0004396
T 3957 19 .1519342E+11   1100020E-01  .2446E+01 -.3064E+01   .9999999  .0000944 -.0000263
T 3958 19 .1519227E+11   1100005E-01 -.1123E+02 -.1462E+01   .9999999 -.0001109 -.0000196
T 3959 19 .1519244E+11   1100016E-01 -.2530E+01  .8538E+01   .9999999 -.0000790  .0002092
T 3960 19 .1519281E+11   1100017E-01  .9114E+01 -.2244E+01   .9999999  .0001344 -.0000540
T 3961 19 .1519356E+11   1100019E-01  .2251E+01  .1446E+01   .9999999  .0000579  .0000732
T 3962 19 .1519266E+11   1100001E-01 -.2126E+02 -.3432E+02   .9999998 -.0003958 -.0005063
T 3963 19 .1519262E+11   1100018E-01  .2140E+02  .2030E+02   .9999999  .0003077  .0002357
T 3964 19 .1519321E+11   1100018E-01  .2267E+01  .9711E+01   .9999999  .0000627  .0001735
T 3965 19 .1519422E+11   1100017E-01 -.1359E+01  .2396E+01   .9999999 -.0000806  .0000447
T 3966 19 .1519232E+11   1100011E-01  .2571E+01  .8655E+01   .9999999 -.0000629  .0000890
T 3967 19 .1519238E+11   1100020E-01  .7855E+01 -.1493E+01   .9999999  .0000565 -.0000121
T 3968 19 .1519232E+11   1100007E-01  .1076E+02 -.1357E+02   .9999999  .0001602 -.0001318
T 3969 19 .1519115E+11   1100010E-01  .6351E+01 -.5641E+01   .9999999  .0000950 -.0000875
T 3970 19 .1519233E+11   1100020E-01  .3363E+01 -.9786E+01   .9999999  .0001603 -.0001706
T 3971 19 .1519337E+11   1100000E-01 -.7652E+00  .8482E+01   .9999999 -.0000588  .0001709
T 3972 19 .1519262E+11   1100015E-01  .2376E+02 -.8736E+01   .9999999  .0001587 -.0001843
T 3973 19 .1519251E+11   1100005E-01  .1073E+02 -.8716E+01   .9999999  .0001407 -.0000743
T 3974 19 .1519297E+11   1100002E-01 -.5160E+00 -.1467E+02   .9999999  .0000373 -.0001519
T 3975 19 .1519166E+11   1100019E-01 -.1843E+02  .2804E+02   .9999999 -.0002995  .0002845
T 3976 19 .1519303E+11   1100018E-01  .1504E+01 -.5711E+01   .9999999 -.0000261 -.0001167
T 3977 19 .1519427E+11   1100010E-01  .2964E+01  .6673E+01   .9999999  .0000319  .0000441
T 3978 19 .1519241E+11   1100001E-01 -.7932E+01  .4766E+00   .9999999 -.0002324  .0001408
T 3979 19 .1519313E+11   1100015E-01  .3320E+01 -.5966E+01   .9999999  .0000855 -.0000903
T 3980 19 .1519315E+11   1100012E-01 -.4374E+01  .6852E+01   .9999999 -.0000487  .0000947
T 3981 19 .1519134E+11   1100011E-01 -.8150E+01 -.8857E+01   .9999999 -.0000727 -.0001153
T 3982 19 .1519214E+11   1100010E-01  .3721E+01 -.8256E+01   .9999999 -.0000148 -.0000956
T 3983 19 .1519309E+11   1100014E-01 -.1654E+01 -.7050E+01   .9999999 -.0000463 -.0000608
T 3984 19 .1519378E+11   1100016E-01  .7704E+01  .1093E+01   .9999999  .0001287  .0000665
T 3985 19 .1519273E+11   1100018E-01 -.2401E+01 -.1511E+02   .9999999 -.0000935 -.0002196
T 3986 19 .1519316E+11   1100018E-01  .1374E+02 -.7939E+01   .9999999  .0002002 -.0001629
T 3987 19 .1519343E+11   1100018E-01 -.4110E+01  .6953E+01   .9999999 -.0000578  .0001593
T 3988 19 .1519352E+11   1100016E-01 -.1043E+02 -.1268E+02   .9999999 -.0001941 -.0002496
T 3989 19 .1519230E+11   1100012E-01  .3623E+01 -.1580E+01   .9999999  .0000701 -.0000171
T 3990 19 .1519282E+11   1100005E-01 -.2148E+02  .4850E+01   .9999999 -.0003214 -.0000111
T 3991 19 .1519233E+11   1100008E-01  .3294E+01 -.3834E+01   .9999999  .0000531 -.0000927
T 3992 19 .1519183E+11   1100008E-01  .7982E+00  .3130E+01   .9999999  .0000284  .0000484
T 3993 19 .1519318E+11   1100009E-01  .4410E+01  .1836E+02   .9999999  .0000846  .0002100
T 3994 19 .1519328E+11   1100018E-01 -.5031E+01 -.1077E+02   .9999999 -.0000618 -.0000654
T 3995 19 .1519149E+11   1100020E-01 -.1160E+02  .2330E+02   .9999999 -.0002431  .0002722
T 3996 19 .1519321E+11   1100017E-01 -.2618E+01  .5713E+01   .9999999 -.0000929  .0000491
T 3997 19 .1519253E+11   1100000E-01 -.2260E+02 -.4082E+02   .9999999 -.0002572 -.0004147
T 3998 19 .1519343E+11   1100007E-01 -.7655E+01 -.4182E+01   .9999999 -.0001179 -.0000751
T 3999 19 .1519286E+11   1100014E-01  .1132E+02 -.9724E+01   .9999999  .0001659 -.0000204
T 4000 19 .1519183E+11   1100022E-01 -.4521E+01 -.5348E+01   .9999999 -.0000360 -.0000516
T 4001 19 .1519314E+11   1100022E-01 -.6383E+01  .9943E+01   .9999999 -.0001727  .0001156
T 4002 19 .1519173E+11   1100013E-01  .9492E+01 -.9409E+01   .9999999  .0001757 -.0001067
T 4003 19 .1519342E+11   1100016E-01  .5818E+01  .3250E+01   .9999999  .0000832  .0000616
T 4004 19 .1519251E+11   1100013E-01  .8396E+00  .1423E+02   .9999999 -.0000095  .0002325
T 4005 19 .1519124E+11   1100018E-01  .3463E+01 -.4101E+01   .9999999  .0000798 -.0000451
T 4006 19 .1519221E+11   1100006E-01 -.4817E+01  .6496E+01   .9999999  .0002344 -.0000831
T 4007 19 .1519324E+11   1100018E-01 -.8902E+00  .9051E+01   .9999999 -.0000161  .0000963
T 4008 19 .1519300E+11   1100003E-01  .1163E+02 -.1160E+02   .9999999  .0002570 -.0001113
T 4009 19 .1519245E+11   1100014E-01 -.1190E+02  .3128E+01   .9999999 -.0000476  .0000949
T 4010 19 .1519348E+11   1100011E-01 -.1041E+02  .8382E+01   .9999999 -.0001456  .0000833
T 4011 19 .1519268E+11   1100011E-01 -.5134E+00  .3807E+01   .9999999  .0000461  .0000965
T 4012 19 .1519450E+11   1100010E-01  .3277E+01  .2839E+01   .9999999  .0001769  .0000910
T 4013 19 .1519152E+11   1100002E-01  .8775E+01  .3789E+01   .9999999  .0000518  .0000729
T 4014 19 .1519215E+11   1100020E-01 -.2098E+01 -.1197E+02   .9999999 -.0000262 -.0001776
T 4015 19 .1519197E+11   1100020E-01  .2119E+01 -.1502E+02   .9999999 -.0000993 -.0003543
T 4016 19 .1519379E+11   1100022E-01  .1662E+02 -.2052E+01   .9999999  .0001946 -.0002263
T 4017 19 .1519240E+11   1100018E-01 -.2651E+01 -.2166E+01   .9999999 -.0000674 -.0000391
T 4018 19 .1519282E+11   1100022E-01  .1367E+02  .3655E+01   .9999999  .0001204 -.0000560
T 4019 19 .1519198E+11   1100011E-01 -.1887E+01  .4061E+00   .9999999 -.0001042 -.0000492
T 4020 19 .1519232E+11   1100021E-01  .2243E+01 -.9389E+00   .9999999  .0000281 -.0001017
T 4021 19 .1519176E+11   1100014E-01  .6444E+01  .3653E+01   .9999999  .0001597 -.0000801
T 4022 19 .1519343E+11   1100011E-01  .3051E+01 -.1439E+02   .9999999  .0003916 -.0001894
T 4023 19 .1519283E+11   1100014E-01  .3244E+02  .2073E+01   .9999998  .0006381 -.0000296
T 4024 19 .1519254E+11   1100013E-01 -.1062E+02 -.4459E+01   .9999999 -.0001158 -.0000025
T 4025 19 .1519160E+11   1100005E-01 -.1225E+01  .2741E+02   .9999999 -.0000688  .0003644
T 4026 19 .1519327E+11   1100011E-01 -.7642E+01  .4637E+01   .9999999 -.0000499  .0001210
T 4027 19 .1519231E+11   1100006E-01 -.2204E+01 -.2427E+01   .9999999 -.0000217  .0000323
T 4028 19 .1519324E+11   1100022E-01  .1589E+01  .7985E+01   .9999999 -.0000184  .0001049
T 4029 19 .1519239E+11   1100001E-01 -.1417E+01  .6178E+01   .9999999 -.0000435  .0000433
T 4030 19 .1519226E+11   1100018E-01  .1152E+01  .1661E+01   .9999999  .0000210 -.0000509
T 4031 19 .1519252E+11   1100002E-01 -.2450E+01 -.6379E+01   .9999999 -.0000544 -.0000535
T 4032 19 .1519210E+11   1100009E-01 -.4375E+01  .5576E+01   .9999999 -.0001357 -.0001157
T 4033 19 .1519151E+11   1100021E-01 -.6141E+00 -.6385E+01   .9999999 -.0000403 -.0000390
T 4034 19 .1519257E+11   1100007E-01  .3803E-01 -.2620E+01   .9999999 -.0000506  .0000246
T 4035 19 .1519332E+11   1100022E-01 -.5034E+01 -.1257E+01   .9999999 -.0001657 -.0000425
T 4036 19 .1519230E+11   1100007E-01  .6326E+02 -.2976E+02   .9999998  .0005357 -.0003472
T 4037 19 .1519276E+11   1100022E-01  .1025E+01 -.8926E+01   .9999999  .0000095 -.0000543
T 4038 19 .1519132E+11   1100015E-01  .6580E+01  .7325E+01   .9999999 -.0000279  .0001715
T 4039 19 .1519379E+11   1100000E-01  .4984E+01  .3988E+01   .9999999  .0000289  .0000874
T 4040 19 .1519222E+11   1100016E-01  .1009E+02  .9715E+01   .9999999  .0001846  .0000973
T 4041 19 .1519314E+11   1100005E-01 -.8767E+00 -.2751E+01   .9999999 -.0001244  .0000035
T 4042 19 .1519285E+11   1100014E-01 -.1645E+01 -.8906E+01   .9999999  .0000261 -.0000979
T 4043 19 .1519252E+11   1100018E-01 -.3419E+01  .5532E+01   .9999999  .0001151  .0000191
T 4044 19 .1519253E+11   1100020E-01 -.9429E+00 -.1862E+02   .9999999 -.0000684 -.0003205
T 4045 19 .1519201E+11   1100010E-01  .4852E+01 -.2449E+02   .9999999  .0000362 -.0003490
T 4046 19 .1519226E+11   1100020E-01 -.1033E+02 -.9144E+02   .9999995 -.0001349 -.0010236
T 4047 19 .1519349E+11   1100018E-01 -.2520E+01  .2130E+02   .9999999 -.0000878  .0002764
T 4048 19 .1519473E+11   1100013E-01 -.1241E+02 -.1559E+02   .9999999 -.0002555 -.0001993
T 4049 19 .1519347E+11   1100013E-01  .2189E+02  .2576E+02   .9999999  .0002852  .0002729
T 4050 19 .1519235E+11   1100015E-01 -.5058E+01  .1800E+01   .9999999 -.0000800  .0000128
T 4051 19 .1519313E+11   1100021E-01  .5871E+00  .8247E+01   .9999999  .0001671  .0001842
T 4052 19 .1519137E+11   1100017E-01  .3411E+01 -.7678E+01   .9999999 -.0000226 -.0001651
T 4053 19 .1519328E+11   1100002E-01 -.8914E+01 -.3087E+01   .9999999 -.0001869  .0000201
T 4054 19 .1519338E+11   1100008E-01 -.1604E+01  .3715E+01   .9999996  .0007045  .0005617
T 4055 19 .1519383E+11   1100015E-01 -.8368E+01 -.3529E+01   .9999999 -.0001411  .0000900
T 4056 19 .1519373E+11   1100013E-01 -.6024E+01 -.1476E+01   .9999999 -.0000592  .0001128
T 4057 19 .1519184E+11   1100013E-01  .3647E+01 -.5836E+01   .9999999  .0000883 -.0000409
T 4058 19 .1519340E+11   1100002E-01  .3113E+00 -.9020E+01   .9999999  .0000439 -.0001242
T 4059 19 .1519102E+11   1100007E-01 -.1881E+02  .8416E+00   .9999999 -.0002044  .0000500
T 4060 19 .1519212E+11   1100007E-01  .6140E+01  .1848E+02   .9999999  .0000366  .0002162
T 4061 19 .1519251E+11   1100011E-01 -.9628E+01  .3521E+01   .9999999 -.0001813  .0000937
T 4062 19 .1519272E+11   1100013E-01 -.3342E+01  .1241E+02   .9999999 -.0001158  .0001693
T 4063 19 .1519295E+11   1100016E-01  .4830E+01  .6369E+01   .9999999  .0001616 -.0000223
T 4064 19 .1519200E+11   1100002E-01 -.1891E+01 -.3606E+01   .9999999 -.0000567 -.0000002
T 4065 19 .1519173E+11   1100014E-01 -.4274E+01  .1265E+02   .9999999 -.0000635  .0002205
T 4066 19 .1519221E+11   1100015E-01  .1015E+01  .3942E+01   .9999999  .0000188  .0001676
T 4067 19 .1519262E+11   1100020E-01 -.8279E+01 -.2909E+01   .9999999 -.0002704  .0000010
T 4068 19 .1519300E+11   1100018E-01  .4839E+01 -.1904E+01   .9999999  .0000495 -.0001661
T 4069 19 .1519376E+11   1100006E-01 -.9480E+01 -.2597E+02   .9999999 -.0002211 -.0003472
T 4070 19 .1519380E+11   1100013E-01 -.6503E+00  .1183E+02   .9999999 -.0000458  .0001605
T 4071 19 .1519207E+11   1100007E-01 -.3829E-01  .1509E+02   .9999999  .0000258  .0002647
T 4072 19 .1519405E+11   1100014E-01  .1669E+02  .4195E+01   .9999999  .0004122  .0000913
T 4073 19 .1519371E+11   1100002E-01  .2090E+01 -.8416E+00   .9999999 -.0000098 -.0002538
T 4074 19 .1519279E+11   1100008E-01  .2883E+01 -.4535E+01   .9999999 -.0000662 -.0001544
T 4075 19 .1519282E+11   1100011E-01  .3087E+01  .1597E+02   .9999999  .0000053  .0001965
T 4076 19 .1519241E+11   1100008E-01 -.5352E+01 -.2431E+01   .9999999 -.0000992 -.0000919
T 4077 19 .1519339E+11   1100020E-01 -.1047E+02 -.1305E+02   .9999999 -.0001662 -.0000609
T 4078 19 .1519316E+11   1100020E-01  .3855E-01  .2592E+01   .9999999 -.0001159  .0000774
T 4079 19 .1519206E+11   1100019E-01  .1030E+02 -.2807E+01   .9999999  .0001524 -.0000113
T 4080 19 .1519327E+11   1100021E-01  .1664E+01  .7505E+01   .9999999  .0001630  .0000986
T 4081 19 .1519364E+11   1100012E-01  .1111E+02  .4961E+01   .9999999  .0002054  .0001015
T 4082 19 .1519399E+11   1100016E-01  .6480E+01 -.2231E+01   .9999999  .0000862 -.0000060
T 4083 19 .1519269E+11   1100002E-01  .2425E+02  .2864E+01   .9999999  .0003282  .0000100
T 4084 19 .1519266E+11   1100011E-01 -.4599E+01  .1549E+01   .9999999 -.0000297  .0000393
T 4085 19 .1519382E+11   1100017E-01  .2136E+02 -.5107E+01   .9999999  .0001966 -.0000602
T 4086 19 .1519319E+11   1100014E-01  .1847E+02  .1018E+02   .9999999  .0003124  .0001073
T 4087 19 .1519238E+11   1100018E-01  .5346E+01 -.2823E+01   .9999999  .0000423 -.0000863
T 4088 19 .1519264E+11   1100006E-01  .3839E+01 -.2509E+02   .9999999 -.0000002 -.0003178
T 4089 19 .1519290E+11   1100005E-01 -.1113E+02  .1222E+02   .9999999 -.0001302  .0000381
T 4090 19 .1519277E+11   1100009E-01 -.2134E+02  .1182E+02   .9999999 -.0003269  .0001485
T 4091 19 .1519162E+11   1100004E-01  .7454E+01  .2619E+01   .9999999 -.0000341  .0000616
T 4092 19 .1519223E+11   1100010E-01  .8023E+01 -.1316E+02   .9999999  .0001100 -.0001157
T 4093 19 .1519350E+11   1100021E-01  .9555E-01  .7297E+01   .9999999  .0000287  .0000381
T 4094 19 .1519149E+11   1100018E-01 -.1255E+02  .5299E+01   .9999999 -.0001499 -.0000437
T 4095 19 .1519296E+11   1100017E-01  .5290E+01 -.7357E+01   .9999999  .0000163 -.0001157
T 4096 19 .1519257E+11   1100001E-01  .1814E+02  .1633E+02   .9999999  .0002109  .0002606
T 4097 19 .1519256E+11   1100021E-01 -.6879E+01  .1178E+02   .9999999 -.0001532  .0002149
T 4098 19 .1519209E+11   1100007E-01 -.1087E+02  .4952E+01   .9999999 -.0002092  .0000959
T 4099 19 .1519392E+11   1100023E-01 -.1800E+02 -.2163E+02   .9999999 -.0001585 -.0001732
T 4100 19 .1518970E+11   1100019E-01 -.1845E+01 -.8605E+00   .9999999 -.0000692 -.0000278
T 4101 19 .1519256E+11   1100016E-01 -.1373E+02  .1579E+02   .9999999 -.0002793  .0002030
T 4102 19 .1519303E+11   1100009E-01 -.6903E+01 -.6073E+01   .9999999 -.0000906 -.0000664
T 4103 19 .1519278E+11   1100020E-01 -.1042E+00 -.1612E+02   .9999999 -.0001741 -.0004262
T 4104 19 .1519353E+11   1100008E-01 -.7273E+01  .5855E+00   .9999999 -.0001284 -.0000176
T 4105 19 .1519222E+11   1100011E-01 -.3626E+01  .2060E+02   .9999999 -.0000292  .0002352
T 4106 19 .1519332E+11   1100018E-01 -.1856E+00  .4321E+01   .9999999 -.0000415  .0000826
T 4107 19 .1519170E+11   1100001E-01  .2054E+02 -.5423E+01   .9999999  .0003760 -.0001257
T 4108 19 .1519271E+11   1100010E-01  .3425E+01  .8399E+01   .9999999 -.0000102  .0000501
T 4109 19 .1519312E+11   1100018E-01 -.2816E+01 -.1113E+01   .9999999 -.0001255 -.0000360
T 4110 19 .1519216E+11   1100022E-01 -.4394E+00  .2246E+01   .9999999 -.0000249  .0000175
T 4111 19 .1519172E+11   1100007E-01  .5269E+01 -.1499E+01   .9999999  .0000173 -.0000815
T 4112 19 .1519275E+11   1100023E-01  .3075E+02  .1891E+02   .9999999  .0004381  .0002310
T 4113 19 .1519304E+11   1100005E-01 -.8720E+01 -.9030E+01   .9999999 -.0001941 -.0001695
T 4114 19 .1519256E+11   1100006E-01 -.6887E+01 -.5985E+01   .9999999 -.0001302 -.0001832
T 4115 19 .1519408E+11   1100007E-01 -.1138E+02 -.5684E-01   .9999999 -.0001079  .0000253
T 4116 19 .1519141E+11   1100004E-01  .1576E+02  .8786E+00   .9999999  .0001091 -.0000698
T 4117 19 .1519167E+11   1100022E-01 -.3584E+01 -.8615E+01   .9999999 -.0000931 -.0001705
T 4118 19 .1519379E+11   1100000E-01  .1382E+01  .1055E+01   .9999999 -.0001647 -.0000979
T 4119 19 .1519373E+11   1100019E-01  .5127E+02 -.1301E+02   .9999998  .0006157 -.0001967
T 4120 19 .1519295E+11   1100013E-01  .5328E+01  .8435E+01   .9999999  .0001290  .0001772
T 4121 19 .1519289E+11   1100009E-01  .1567E+02 -.2863E+01   .9999999  .0001281  .0000142
T 4122 19 .1519284E+11   1100008E-01 -.2041E+01  .1400E+01   .9999999  .0000120 -.0000172
T 4123 19 .1519227E+11   1100022E-01 -.2475E+01 -.6134E+01   .9999999 -.0000244 -.0001298
T 4124 19 .1519245E+11   1100018E-01 -.6586E+01 -.3105E+01   .9999999 -.0000447 -.0000766
T 4125 19 .1519121E+11   1100002E-01 -.1735E+02 -.1755E+02   .9999999 -.0002912 -.0002765
T 4126 19 .1519340E+11   1100010E-01 -.2922E+01 -.1202E+02   .9999999 -.0000502 -.0002281
T 4127 19 .1519220E+11   1100005E-01  .5959E+01  .1474E+02   .9999999  .0000850  .0002449
T 4128 19 .1519320E+11   1100014E-01 -.2682E+00  .1400E+02   .9999999  .0000282  .0002181
T 4129 19 .1519205E+11   1100003E-01 -.2380E+01  .8056E+00   .9999999 -.0000335  .0000046
T 4130 19 .1519099E+11   1100005E-01 -.3890E+01  .9280E+01   .9999999 -.0000861  .0001050
T 4131 19 .1519244E+11   1100013E-01  .4178E+01  .5233E+01   .9999999  .0001192  .0000922
T 4132 19 .1519313E+11   1100021E-01 -.3542E+01  .2042E+02   .9999999 -.0000714  .0002840
T 4133 19 .1519233E+11   1100003E-01 -.1572E+01  .3421E+01   .9999999  .0000131  .0001179
T 4134 19 .1519309E+11   1100012E-01  .4574E+01  .2356E+01   .9999999  .0000196  .0000530
T 4135 19 .1519383E+11   1100017E-01  .6324E+00 -.1012E+01   .9999999  .0001209 -.0000001
T 4136 19 .1519211E+11   1100002E-01 -.6633E+00  .7842E+01   .9999999  .0000697  .0001136
T 4137 19 .1519295E+11   1100017E-01 -.6087E+01 -.1788E+02   .9999999 -.0000855 -.0001492
T 4138 19 .1519377E+11   1100006E-01 -.4440E+01  .6834E+01   .9999999 -.0000623  .0000364
T 4139 19 .1519379E+11   1100014E-01  .4508E+01  .4908E+01   .9999999  .0001027  .0002253
T 4140 19 .1519309E+11   1100014E-01 -.2255E+01 -.6902E+01   .9999999  .0000022 -.0001831
T 4141 19 .1519236E+11   1100004E-01  .1345E+02 -.4418E+01   .9999999  .0002227 -.0000380
T 4142 19 .1519223E+11   1100016E-01  .9929E+01  .5042E+01   .9999999  .0002612  .0000053
T 4143 19 .1519188E+11   1100006E-01 -.7763E+01 -.1216E+02   .9999999 -.0001283 -.0001954
T 4144 19 .1519289E+11   1100012E-01 -.5764E+01 -.4700E+01   .9999999  .0000260  .0000047
T 4145 19 .1519242E+11   1100019E-01 -.1783E+02 -.1184E+02   .9999999 -.0003485 -.0000818
T 4146 19 .1519187E+11   1100010E-01 -.1208E+02 -.2636E+00   .9999999 -.0002141  .0001181
T 4147 19 .1519303E+11   1100012E-01 -.6191E+01  .1226E+02   .9999999 -.0000541  .0001862
T 4148 19 .1519476E+11   1100015E-01 -.3584E+01 -.6354E+01   .9999999 -.0000444 -.0000351
T 4149 19 .1519249E+11   1100010E-01  .9392E+00  .6776E+01   .9999999  .0000352  .0001102
T 4150 19 .1519272E+11   1100001E-01  .2148E+01 -.8845E+00   .9999999  .0000146 -.0000067
T 4151 19 .1519252E+11   1100012E-01 -.9764E+01 -.7162E+01   .9999999  .0000585 -.0002205
T 4152 19 .1519205E+11   1100022E-01  .5883E+01 -.9991E+01   .9999999  .0000301 -.0001876
T 4153 19 .1519267E+11   1100018E-01  .5998E+01  .1007E+02   .9999999 -.0000220  .0000867
T 4154 19 .1519273E+11   1100005E-01 -.1594E+01 -.1198E+02   .9999999  .0000544 -.0001596
T 4155 19 .1519172E+11   1100022E-01 -.3459E+01  .3418E+01   .9999999 -.0001433  .0000941
T 4156 19 .1519203E+11   1100022E-01  .1976E+00 -.1278E+02   .9999999 -.0001094 -.0000809
T 4157 19 .1519220E+11   1100011E-01  .1988E+01 -.4363E+01   .9999999  .0000279 -.0000559
T 4158 19 .1519346E+11   1100022E-01 -.3768E+01  .4530E+01   .9999999 -.0000044  .0001299
T 4159 19 .1519247E+11   1100006E-01 -.1005E+01  .5638E+00   .9999999  .0000932 -.0000133
T 4160 19 .1519321E+11   1100006E-01 -.1155E+01 -.1306E+02   .9999999 -.0000426 -.0001152
T 4161 19 .1519286E+11   1100011E-01  .8308E+01  .6304E+01   .9999999  .0002688  .0001109
T 4162 19 .1519135E+11   1100017E-01 -.7056E+00  .4291E+01   .9999999  .0001148  .0000348
T 4163 19 .1519276E+11   1100001E-01  .7086E+01  .7773E+01   .9999999  .0001217  .0001645
T 4164 19 .1519208E+11   1100013E-01 -.9246E+01 -.6808E+01   .9999999 -.0000630 -.0001050
T 4165 19 .1519312E+11   1100015E-01  .1171E+02  .1713E+01   .9999999  .0001539  .0000533
T 4166 19 .1519220E+11   1100000E-01 -.5239E+01  .4698E+01   .9999999 -.0000386  .0000271
T 4167 19 .1519338E+11   1100020E-01  .6824E+00 -.9174E+01   .9999999  .0001566 -.0002216
T 4168 19 .1519400E+11   1100021E-01  .1168E+02 -.1044E+02   .9999999  .0000685 -.0000814
T 4169 19 .1519155E+11   1100015E-01  .3656E+02 -.2734E+02   .9999995  .0009821 -.0002279
T 4170 19 .1519325E+11   1100014E-01  .1836E+01 -.1352E+01   .9999999 -.0000054  .0000732
T 4171 19 .1519301E+11   1100013E-01  .7296E+01 -.1414E+02   .9999999  .0001228 -.0001437
T 4172 19 .1519291E+11   1100002E-01  .5229E+01 -.8736E+01   .9999999  .0001151 -.0001702
T 4173 19 .1519327E+11   1100023E-01 -.2517E+01  .6324E+01   .9999999 -.0000008  .0000034
T 4174 19 .1519239E+11   1100008E-01  .9556E+01 -.2593E+01   .9999999  .0001439 -.0000694
T 4175 19 .1519164E+11   1100023E-01  .8680E+01  .1836E+01   .9999999  .0000863  .0000346
T 4176 19 .1519281E+11   1100001E-01  .3517E+01  .1611E+01   .9999999  .0000954 -.0000641
T 4177 19 .1519202E+11   1100013E-01  .4454E+01 -.2194E+01   .9999999 -.0000623 -.0000097
T 4178 19 .1519321E+11   1100019E-01  .5309E+01  .5808E+01   .9999999  .0000320  .0001122
T 4179 19 .1519312E+11   1100017E-01 -.5263E+00  .8004E+01   .9999999  .0000231  .0000743
T 4180 19 .1519155E+11   1100017E-01  .8057E+01  .1016E+02   .9999999  .0001398  .0001832
T 4181 19 .1519294E+11   1100017E-01  .9391E+01 -.2957E+01   .9999999  .0001770 -.0000355
T 4182 19 .1519311E+11   1100001E-01  .1456E+02 -.1548E+01   .9999999  .0001717  .0000167
T 4183 19 .1519216E+11   1100000E-01  .1441E+01  .1155E+00   .9999999  .0000790 -.0000697
T 4184 19 .1519305E+11   1100002E-01  .1445E+02 -.2413E+01   .9999999  .0001989 -.0000412
T 4185 19 .1519260E+11   1100018E-01 -.1937E+01 -.2309E+02   .9999999 -.0001236 -.0003813
T 4186 19 .1519152E+11   1100013E-01 -.1724E+02  .1682E+01   .9999999 -.0003800  .0001323
T 4187 19 .1519134E+11   1100002E-01  .2688E+01  .1444E+02   .9999999 -.0001314  .0002278
T 4188 19 .1519278E+11   1100007E-01 -.2396E+01 -.7595E+01   .9999999  .0000546 -.0000002
T 4189 19 .1519143E+11   1100016E-01  .3063E+01  .6953E+01   .9999999 -.0000143  .0000667
T 4190 19 .1519265E+11   1100022E-01  .1081E+02  .1201E+02   .9999999  .0001164  .0001703
T 4191 19 .1519224E+11   1100004E-01 -.1781E+01  .1103E+02   .9999999 -.0000243  .0001309
T 4192 19 .1519214E+11   1100013E-01  .2051E+01 -.8601E+01   .9999999 -.0001080 -.0002778
T 4193 19 .1519205E+11   1100010E-01  .8625E+00  .2467E+01   .9999999  .0001060  .0000813
T 4194 19 .1519098E+11   1100001E-01 -.1912E+01 -.3529E+01   .9999999 -.0000661  .0000455
T 4195 19 .1519449E+11   1100003E-01  .7107E+01  .1151E+02   .9999999  .0001228  .0002624
T 4196 19 .1519209E+11   1100022E-01 -.1399E+01 -.2839E+01   .9999999 -.0000478  .0000580
T 4197 19 .1519226E+11   1100000E-01  .4194E+01 -.2007E+01   .9999999  .0001188 -.0000081
T 4198 19 .1519265E+11   1100020E-01 -.6097E+00 -.8966E+01   .9999999  .0003760 -.0000187
T 4199 19 .1519459E+11   1100020E-01 -.1883E+01  .2414E+02   .9999999  .0000069  .0002699
T 4200 19 .1519243E+11   1100019E-01  .1158E+01 -.4358E+01   .9999999  .0000377 -.0001521
T 4201 19 .1519142E+11   1100018E-01  .6882E+01 -.1975E+02   .9999999  .0001242 -.0002789
T 4202 19 .1519367E+11   1100004E-01  .6586E+01  .5358E+01   .9999999  .0001060  .0000893
T 4203 19 .1519245E+11   1100001E-01 -.1316E+02  .1854E+01   .9999999 -.0001580  .0000171
T 4204 19 .1519265E+11   1100015E-01 -.1743E+01 -.4018E+01   .9999999 -.0000307 -.0000080
T 4205 19 .1519260E+11   1100022E-01  .3432E+01 -.7967E+01   .9999999  .0000319 -.0003490
T 4206 19 .1519249E+11   1100000E-01  .6976E+01  .1159E+02   .9999999  .0000926  .0001674
T 4207 19 .1519295E+11   1100022E-01  .1485E+02  .2461E+01   .9999999  .0000283  .0001313
T 4208 19 .1519309E+11   1100004E-01 -.9266E+00  .5613E+01   .9999999 -.0001016  .0000649
T 4209 19 .1519446E+11   1100021E-01  .3008E+01  .1498E+01   .9999999 -.0000065  .0000004
T 4210 19 .1519241E+11   1100002E-01 -.7690E+00  .1729E+02   .9999999 -.0000576  .0002057
T 4211 19 .1519267E+11   1100007E-01 -.5610E+01  .1271E+01   .9999999 -.0001878  .0000802
T 4212 19 .1519255E+11   1100018E-01  .3380E+01  .2183E+02   .9999999 -.0000194  .0004718
T 4213 19 .1519224E+11   1100008E-01 -.4575E+01  .5544E+00   .9999999 -.0001310 -.0000201
T 4214 19 .1519326E+11   1100013E-01  .1067E+02 -.7764E+01   .9999999  .0001699 -.0000767
T 4215 19 .1519424E+11   1100012E-01 -.1734E+01 -.3892E+01   .9999999  .0000953 -.0000457
T 4216 19 .1519266E+11   1100021E-01 -.1432E+02  .1365E+02   .9999999 -.0002652  .0001640
T 4217 19 .1519376E+11   1100022E-01 -.1408E+02  .3416E+01   .9999999 -.0002224  .0001622
T 4218 19 .1519244E+11   1100019E-01 -.6866E+01  .1205E+02   .9999999 -.0001149  .0000445
T 4219 19 .1519216E+11   1100014E-01  .1995E+01  .1183E+02   .9999999  .0001546  .0002015
T 4220 19 .1519178E+11   1100011E-01  .3194E+01 -.4338E+01   .9999999 -.0000150  .0000724
T 4221 19 .1519210E+11   1100012E-01 -.4402E+00 -.3269E+01   .9999999  .0000221 -.0000911
T 4222 19 .1519130E+11   1100002E-01 -.9799E+01 -.3468E+01   .9999999 -.0002306 -.0000803
T 4223 19 .1519414E+11   1100020E-01  .1932E+02 -.6818E+00   .9999999  .0004252  .0000642
T 4224 19 .1519298E+11   1100014E-01  .2381E+01  .7380E+01   .9999999  .0001136  .0001111
T 4225 19 .1519336E+11   1100018E-01 -.1020E+02  .3089E+01   .9999999 -.0001223  .0002067
T 4226 19 .1519141E+11   1100002E-01  .2649E+01 -.1316E+02   .9999999  .0000265 -.0001472
T 4227 19 .1519234E+11   1100005E-01 -.1635E+01 -.2656E+02   .9999999  .0000458 -.0001075
T 4228 19 .1519328E+11   1100020E-01  .8217E+01  .5864E+01   .9999999 -.0000606  .0000979
T 4229 19 .1519359E+11   1100018E-01 -.3290E+02  .7886E+02   .9999995 -.0004100  .0009255
T 4230 19 .1519259E+11   1100021E-01 -.6191E+01 -.5526E+01   .9999999 -.0000739 -.0000549
T 4231 19 .1519209E+11   1100011E-01 -.4393E+01 -.9184E+01   .9999999 -.0000259 -.0001308
T 4232 19 .1519283E+11   1100003E-01 -.1862E+01 -.1427E+01   .9999999 -.0000424 -.0000234
T 4233 19 .1519397E+11   1100010E-01  .7827E+01 -.1666E+01   .9999999  .0000913 -.0000824
T 4234 19 .1519219E+11   1100009E-01  .4614E+01  .8803E+01   .9999999  .0000799  .0001936
T 4235 19 .1519279E+11   1100018E-01  .2600E+01 -.3139E+01   .9999999  .0000444  .0000408
T 4236 19 .1519239E+11   1100016E-01 -.1614E+02  .1627E+02   .9999998 -.0005451  .0002636
T 4237 19 .1519314E+11   1100002E-01  .8523E+01  .3205E+01   .9999999  .0000731  .0000624
T 4238 19 .1519160E+11   1100016E-01  .9791E+01  .9688E+01   .9999999  .0001697  .0002056
T 4239 19 .1519120E+11   1100001E-01  .4977E+01 -.1220E+02   .9999999  .0000772 -.0002203
T 4240 19 .1519239E+11   1100000E-01 -.1269E+01 -.4562E+01   .9999999  .0000207 -.0000177
T 4241 19 .1519269E+11   1100023E-01  .1001E+02  .1076E+02   .9999999  .0000268  .0002688
T 4242 19 .1519339E+11   1100005E-01  .6223E+01  .4964E+01   .9999999  .0000187  .0002089
T 4243 19 .1519281E+11   1100013E-01 -.2589E+02  .5871E+01   .9999999 -.0003695  .0001003
T 4244 19 .1519240E+11   1100001E-01 -.2037E+02  .8345E+01   .9999999 -.0002925  .0000731
T 4245 19 .1519343E+11   1100012E-01 -.2455E+01 -.7098E+01   .9999999  .0000127 -.0000675
T 4246 19 .1519100E+11   1100022E-01 -.3360E+01 -.7098E+01   .9999999 -.0001242 -.0000551
T 4247 19 .1519236E+11   1100022E-01 -.1679E+01  .5268E+01   .9999999 -.0000310  .0001728
T 4248 19 .1519191E+11   1100005E-01  .2807E+01 -.9611E+01   .9999999  .0001786 -.0001696
T 4249 19 .1519337E+11   1100013E-01  .2386E+02  .1861E+01   .9999997  .0006273  .0003681
T 4250 19 .1519299E+11   1100019E-01  .1956E+02 -.6335E+01   .9999999  .0001612 -.0001682
T 4251 19 .1519319E+11   1100005E-01 -.1613E+01  .1483E+02   .9999999  .0001112  .0003931
T 4252 19 .1519233E+11   1100016E-01  .5468E+01 -.5023E+01   .9999999  .0000587 -.0000086
T 4253 19 .1519251E+11   1100018E-01  .3310E+01  .1192E+02   .9999999  .0001716  .0002082
T 4254 19 .1519240E+11   1100004E-01 -.1483E+01  .2188E+02   .9999999 -.0000391  .0002458
T 4255 19 .1519327E+11   1100010E-01 -.2005E+02  .1481E+02   .9999999 -.0003013  .0001259
T 4256 19 .1519246E+11   1100021E-01  .1582E+01 -.3780E+01   .9999999 -.0000213 -.0001329
T 4257 19 .1519225E+11   1100018E-01  .2772E+01  .1413E+01   .9999999 -.0000180  .0000809
T 4258 19 .1519287E+11   1100005E-01  .9010E+01 -.2447E+01   .9999999  .0000779 -.0000167
T 4259 19 .1519264E+11   1100011E-01 -.9600E+01 -.6015E+00   .9999999 -.0001032  .0000279
T 4260 19 .1519266E+11   1100003E-01 -.5954E+01  .5234E+00   .9999999 -.0001537  .0000141
T 4261 19 .1519363E+11   1100022E-01  .7982E+01 -.2324E+01   .9999999  .0001078 -.0000817
T 4262 19 .1519290E+11   1100000E-01 -.1756E+02 -.4953E+01   .9999999 -.0001752 -.0000860
T 4263 19 .1519294E+11   1100004E-01  .3668E+02 -.1892E+02   .9999999  .0004213 -.0001881
T 4264 19 .1519397E+11   1100000E-01  .8769E+01 -.1362E+02   .9999999 -.0001266 -.0002180
T 4265 19 .1519434E+11   1100005E-01  .7562E+01 -.1258E+02   .9999999  .0000319 -.0001639
T 4266 19 .1519157E+11   1100009E-01  .9788E+01 -.1565E+02   .9999999  .0001731 -.0002654
T 4267 19 .1519337E+11   1100007E-01 -.1309E+02  .3884E+01   .9999999 -.0001461  .0000620
T 4268 19 .1519177E+11   1100022E-01  .1740E+01 -.1363E+01   .9999999 -.0000412 -.0000661
T 4269 19 .1519362E+11   1100000E-01  .1059E+02 -.6256E+00   .9999999  .0001768  .0000643
T 4270 19 .1519186E+11   1100019E-01 -.2656E+01  .2063E+01   .9999999 -.0001383 -.0000687
T 4271 19 .1519305E+11   1100003E-01  .7856E+01  .7040E+01   .9999999  .0002870  .0001149
T 4272 19 .1519173E+11   1100017E-01  .7036E+01 -.9572E+01   .9999999  .0001175 -.0000063
T 4273 19 .1519258E+11   1100007E-01 -.9147E+01 -.1224E+01   .9999999 -.0001963 -.0000684
T 4274 19 .1519200E+11   1100006E-01  .9376E+01  .2503E+01   .9999999  .0000207 -.0000726
T 4275 19 .1519268E+11   1100012E-01 -.1077E+02  .1672E+01   .9999999 -.0000420  .0001438
T 4276 19 .1519199E+11   1100002E-01  .6671E+01  .1034E+02   .9999999  .0002117  .0001029
T 4277 19 .1519374E+11   1100012E-01 -.9811E+01  .1223E+02   .9999999 -.0001710  .0002717
T 4278 19 .1519351E+11   1100017E-01 -.2143E+01 -.6299E+01   .9999999 -.0000798 -.0002586
T 4279 19 .1519212E+11   1100019E-01 -.1229E+01  .3134E+01   .9999999 -.0000344 -.0000094
T 4280 19 .1519277E+11   1100005E-01  .3338E+02  .1237E+01   .9999999  .0003959  .0000073
T 4281 19 .1519237E+11   1100001E-01 -.6156E+01  .3263E+01   .9999999 -.0000761  .0000162
T 4282 19 .1519318E+11   1100016E-01 -.8411E+01  .2828E+01   .9999999 -.0000743  .0000671
T 4283 19 .1519228E+11   1100014E-01  .8476E+01 -.1773E+02   .9999999  .0000152 -.0002971
T 4284 19 .1519353E+11   1100003E-01 -.3553E+01 -.2417E+01   .9999999  .0000532 -.0000996
T 4285 19 .1519275E+11   1100015E-01  .7404E+00 -.1590E+02   .9999999  .0000863 -.0002559
T 4286 19 .1519318E+11   1100010E-01 -.4917E+01  .3220E+01   .9999999 -.0000068  .0001184
T 4287 19 .1519294E+11   1100020E-01  .1522E+02 -.3485E+01   .9999999  .0002620 -.0000326
T 4288 19 .1519079E+11   1100001E-01 -.2364E+01  .1744E+01   .9999999 -.0002063 -.0000550
T 4289 19 .1519343E+11   1100015E-01  .2531E+01  .5110E+01   .9999999  .0000287  .0000807
T 4290 19 .1519328E+11   1100015E-01  .1845E+02 -.2559E+02   .9999998  .0004735 -.0003382
T 4291 19 .1519325E+11   1100007E-01 -.1933E+01  .4387E+01   .9999999 -.0000174  .0000496
T 4292 19 .1519323E+11   1100018E-01 -.2901E+01 -.2459E+00   .9999999 -.0000848  .0000406
T 4293 19 .1519328E+11   1100021E-01  .3397E+02  .7942E+01   .9999999  .0003943  .0001203
T 4294 19 .1519406E+11   1100001E-01  .1047E+02 -.3860E+02   .9999998  .0000572 -.0006148
T 4295 19 .1519361E+11   1100019E-01 -.6314E+01  .1717E+01   .9999999 -.0000539 -.0000337
T 4296 19 .1519183E+11   1100009E-01  .8207E+01  .4514E+01   .9999999  .0000187 -.0000239
T 4297 19 .1519276E+11   1100005E-01  .1621E+01  .9392E+01   .9999999  .0000512  .0001234
T 4298 19 .1519182E+11   1100015E-01 -.2153E+02 -.9367E+01   .9999999 -.0004301 -.0002035
T 4299 19 .1519313E+11   1100004E-01  .5405E+00 -.5135E+01   .9999999 -.0000264 -.0000330
T 4300 19 .1519251E+11   1100000E-01 -.3828E+01 -.5607E+01   .9999999 -.0001529 -.0000928
T 4301 19 .1519230E+11   1100021E-01 -.9717E+00 -.9938E+01   .9999999  .0000087 -.0001103
T 4302 19 .1519268E+11   1100015E-01  .5872E+01  .1977E+02   .9999999 -.0000452  .0003230
T 4303 19 .1519263E+11   1100010E-01  .4188E+01  .1139E+01   .9999999  .0000445 -.0000906
T 4304 19 .1519199E+11   1100021E-01 -.1355E+02  .1530E+02   .9999999 -.0001514  .0001315
T 4305 19 .1519301E+11   1100020E-01 -.1782E+02  .8393E+01   .9999999 -.0003538 -.0000671
T 4306 19 .1519388E+11   1100004E-01  .1446E+02  .8117E+01   .9999999  .0002144  .0004244
T 4307 19 .1519246E+11   1100018E-01  .1963E+01 -.1862E+01   .9999999 -.0000050 -.0000827
T 4308 19 .1519195E+11   1100010E-01 -.6218E+01 -.1277E+02   .9999999 -.0000975 -.0001498
T 4309 19 .1519239E+11   1100012E-01  .1081E+02  .6116E+01   .9999999  .0000597  .0000645
T 4310 19 .1519340E+11   1100000E-01 -.2845E+01 -.1573E+02   .9999999  .0000158 -.0002890
T 4311 19 .1519422E+11   1100016E-01  .2341E+01  .1716E+02   .9999999  .0000154  .0002095
T 4312 19 .1519272E+11   1100006E-01 -.1361E+02  .1445E+01   .9999999 -.0000587  .0000477
T 4313 19 .1519197E+11   1100001E-01 -.1009E+02  .8146E+01   .9999999 -.0001704  .0000796
T 4314 19 .1519372E+11   1100011E-01  .4653E+00 -.2455E+01   .9999999  .0000652 -.0000386
T 4315 19 .1519245E+11   1100002E-01 -.5266E+01 -.2258E+02   .9999999 -.0002179 -.0004015
T 4316 19 .1519139E+11   1100023E-01 -.1211E+02  .6375E+01   .9999999 -.0003137 -.0000543
T 4317 19 .1519318E+11   1100011E-01  .1259E+02 -.7145E+01   .9999999  .0000749 -.0000424
T 4318 19 .1519260E+11   1100022E-01 -.6179E+00 -.4092E+01   .9999999 -.0000854  .0000337
T 4319 19 .1519274E+11   1100015E-01  .1652E+00  .1371E+02   .9999999 -.0001730  .0001314
T 4320 19 .1519268E+11   1100020E-01  .1445E+01 -.8621E+01   .9999999 -.0000113 -.0000099
T 4321 19 .1519302E+11   1100022E-01 -.1547E+02 -.5775E+01   .9999999 -.0000242 -.0000912
T 4322 19 .1519110E+11   1100021E-01  .7380E+00 -.5949E+01   .9999999 -.0000738 -.0000204
T 4323 19 .1519320E+11   1100018E-01 -.1235E-01 -.5587E+01   .9999999  .0000414 -.0001403
T 4324 19 .1519140E+11   1100006E-01 -.6154E+01 -.3660E+02   .9999999 -.0000811 -.0002707
T 4325 19 .1519273E+11   1100018E-01 -.2265E+01  .1403E+02   .9999999 -.0000559  .0000885
T 4326 19 .1519347E+11   1100014E-01 -.6786E+01  .1123E+02   .9999999 -.0001316 -.0000653
T 4327 19 .1519190E+11   1100012E-01  .6436E+01  .2192E+02   .9999999  .0000952  .0002591
T 4328 19 .1519280E+11   1100021E-01 -.1017E+02 -.1444E+02   .9999999 -.0002607 -.0003006
T 4329 19 .1519436E+11   1100021E-01 -.2978E+02 -.1834E+00   .9999999 -.0003194  .0000081
T 4330 19 .1519274E+11   1100007E-01 -.1050E+02 -.5345E+01   .9999999 -.0001021 -.0000539
T 4331 19 .1519249E+11   1100021E-01  .6026E+01 -.1480E+01   .9999999  .0002099 -.0000088
T 4332 19 .1519166E+11   1100017E-01 -.5513E+00 -.2682E+01   .9999999  .0000770 -.0000056
T 4333 19 .1519317E+11   1100019E-01  .1024E+02 -.8510E+00   .9999999  .0001234 -.0001179
T 4334 19 .1519224E+11   1100008E-01 -.8876E+01 -.3627E+01   .9999999 -.0001581 -.0000060
T 4335 19 .1519285E+11   1100018E-01  .1661E+02 -.1659E+02   .9999997  .0004676 -.0006207
T 4336 19 .1519224E+11   1100015E-01  .3096E+01 -.7512E+01   .9999999  .0000140 -.0002369
T 4337 19 .1519394E+11   1100020E-01  .5621E+01 -.4274E+01   .9999999  .0001214 -.0000907
T 4338 19 .1519229E+11   1100017E-01 -.1206E+01  .9463E+00   .9999999 -.0000556  .0000039
T 4339 19 .1519229E+11   1100005E-01 -.2217E+01 -.2589E+01   .9999999  .0000200 -.0001224
T 4340 19 .1519328E+11   1100001E-01 -.1036E+02  .5782E+01   .9999999 -.0000497  .0002291
T 4341 19 .1519159E+11   1100022E-01 -.2561E+02 -.9332E+01   .9999975 -.0013865 -.0017824
T 4342 19 .1519352E+11   1100011E-01  .8118E+01  .5046E+01   .9999999  .0001159  .0000817
T 4343 19 .1519269E+11   1100000E-01 -.8232E+01  .2695E+00   .9999999 -.0000440 -.0001322
T 4344 19 .1519175E+11   1100021E-01 -.1491E+01 -.6420E+01   .9999999  .0000041 -.0000054
T 4345 19 .1519193E+11   1100011E-01 -.4672E+01 -.1227E+01   .9999999 -.0002028 -.0000154
T 4346 19 .1519223E+11   1100022E-01 -.2745E+01 -.5282E+01   .9999999 -.0000478  .0000110
T 4347 19 .1519209E+11   1100007E-01 -.2974E+01 -.8773E+01   .9999999 -.0001074 -.0001589
T 4348 19 .1519157E+11   1100006E-01  .1264E-01  .1230E+02   .9999999  .0001116  .0001785
T 4349 19 .1519395E+11   1100021E-01  .2917E+01 -.4486E+01   .9999999  .0000031 -.0001714
T 4350 19 .1519366E+11   1100021E-01  .4896E+01 -.2620E+01   .9999999  .0000671 -.0000179
T 4351 19 .1519306E+11   1100022E-01 -.6920E+01 -.9113E+01   .9999999 -.0001638 -.0001237
T 4352 19 .1519304E+11   1100019E-01 -.1545E+01  .2369E+01   .9999999 -.0000620  .0000718
T 4353 19 .1519272E+11   1100016E-01  .4587E+01 -.8368E+01   .9999999  .0000941 -.0001493
T 4354 19 .1519304E+11   1100004E-01  .2006E+02 -.1115E+01   .9999999  .0002535 -.0000341
T 4355 19 .1519255E+11   1100021E-01 -.9504E+01 -.5211E-01   .9999999 -.0001848  .0000675
T 4356 19 .1519216E+11   1100014E-01 -.3268E+01  .2224E+01   .9999999 -.0000459  .0000262
T 4357 19 .1519254E+11   1100019E-01 -.8896E+01  .5463E+01   .9999999  .0000006  .0000736
T 4358 19 .1519233E+11   1100002E-01 -.2494E+01 -.4449E+01   .9999999 -.0000851 -.0000686
T 4359 19 .1519290E+11   1100020E-01 -.4688E+01  .1561E+02   .9999999 -.0000211  .0001588
T 4360 19 .1519345E+11   1100019E-01 -.8764E+01 -.1724E+02   .9999999 -.0000202 -.0000983
T 4361 19 .1519335E+11   1100021E-01 -.4920E+01 -.1476E+01   .9999999 -.0000848 -.0000898
T 4362 19 .1519345E+11   1100022E-01  .2306E+01  .1847E+01   .9999999  .0000275 -.0002024
T 4363 19 .1519337E+11   1100021E-01  .1621E+02  .1650E+02   .9999999  .0003292  .0001787
T 4364 19 .1519284E+11   1100022E-01 -.3571E+01  .6751E+01   .9999999 -.0000814  .0000743
T 4365 19 .1519305E+11   1100011E-01  .1366E+02  .2003E+02   .9999999  .0002543  .0002429
T 4366 19 .1519330E+11   1100019E-01  .7886E+01  .1385E+02   .9999999  .0000152  .0001252
T 4367 19 .1519352E+11   1100019E-01 -.1402E+02 -.5803E+01   .9999999 -.0002254 -.0000304
T 4368 19 .1519287E+11   1100013E-01  .8682E+01  .3302E+01   .9999999  .0001588  .0000156
T 4369 19 .1519303E+11   1100020E-01 -.4976E+01  .2131E+02   .9999999  .0000069  .0002750
T 4370 19 .1519400E+11   1100004E-01 -.3524E+01 -.2035E+02   .9999999  .0000250 -.0004392
T 4371 19 .1519380E+11   1100012E-01  .7938E+00  .1205E+01   .9999999  .0001503  .0001081
T 4372 19 .1519108E+11   1100020E-01  .7533E+01 -.8247E+01   .9999999  .0001336 -.0002546
T 4373 19 .1519174E+11   1100005E-01  .4335E+01 -.4661E+01   .9999999  .0002027  .0001811
T 4374 19 .1519384E+11   1100006E-01 -.1921E+02 -.1211E+00   .9999999 -.0004859  .0000008
T 4375 19 .1519175E+11   1100022E-01 -.1038E+02  .8964E+01   .9999999 -.0001359  .0001494
T 4376 19 .1519262E+11   1100001E-01 -.2460E+01  .1441E+01   .9999999 -.0001565 -.0000312
T 4377 19 .1519177E+11   1100014E-01 -.1500E+01 -.1004E+02   .9999999 -.0000829 -.0001451
T 4378 19 .1519239E+11   1100002E-01 -.1067E+02 -.2094E+01   .9999999 -.0000952  .0000536
T 4379 19 .1519237E+11   1100002E-01  .5376E+01 -.1075E+02   .9999999 -.0000247 -.0000982
T 4380 19 .1519230E+11   1100018E-01 -.6061E+01  .1897E+02   .9999999 -.0001687  .0004594
T 4381 19 .1519305E+11   1100012E-01 -.2093E+01 -.3038E+00   .9999999 -.0000483  .0001051
T 4382 19 .1519336E+11   1100022E-01  .1136E+02 -.7942E+01   .9999999  .0001523 -.0002487
T 4383 19 .1519202E+11   1100020E-01  .6991E+01  .8469E+01   .9999999  .0001015  .0001102
T 4384 19 .1519141E+11   1100022E-01 -.2028E+00  .7102E+01   .9999999  .0000337  .0000386
T 4385 19 .1519421E+11   1100008E-01  .3300E+01 -.5930E+01   .9999999 -.0000678 -.0001481
T 4386 19 .1519339E+11   1100022E-01 -.6262E+01 -.5853E+01   .9999999 -.0000843 -.0000837
T 4387 19 .1519337E+11   1100011E-01 -.8146E+01  .2057E+02   .9999999 -.0001009  .0002490
T 4388 19 .1519339E+11   1100009E-01 -.2365E+01  .3705E+01   .9999999 -.0000283  .0000839
T 4389 19 .1519193E+11   1100006E-01  .2240E+01 -.1575E+02   .9999999  .0000453 -.0001387
T 4390 19 .1519252E+11   1100020E-01  .1280E+02 -.2615E+01   .9999999  .0001263 -.0000365
T 4391 19 .1519253E+11   1100011E-01 -.9946E+01 -.5613E+01   .9999999 -.0002713 -.0001471
T 4392 19 .1519227E+11   1100006E-01 -.3558E+01  .1662E+01   .9999999  .0000524 -.0000498
T 4393 19 .1519226E+11   1100001E-01  .5681E+01  .1003E+01   .9999999  .0000543  .0000521
T 4394 19 .1519232E+11   1100003E-01 -.8345E+01 -.9283E+01   .9999999 -.0001532 -.0001125
T 4395 19 .1519246E+11   1100021E-01  .1780E+02  .5144E-01   .9999999  .0003186 -.0001408
T 4396 19 .1519174E+11   1100011E-01 -.3115E+00 -.1226E+01   .9999999 -.0001058  .0000513
T 4397 19 .1519203E+11   1100002E-01  .2728E+02 -.6760E+01   .9999991  .0012146 -.0005565
T 4398 19 .1519299E+11   1100001E-01 -.8235E+01  .4673E+01   .9999999 -.0001627  .0001029
T 4399 19 .1519255E+11   1100019E-01  .1486E+02  .2247E+01   .9999999  .0002975  .0001395
T 4400 19 .1519318E+11   1100007E-01  .3745E+01 -.5288E+01   .9999999  .0001340 -.0001210
T 4401 19 .1519308E+11   1100013E-01 -.1641E+02 -.2686E+02   .9999998 -.0003275 -.0004392
T 4402 19 .1519443E+11   1100005E-01  .2678E+00  .1661E+01   .9999999 -.0000379  .0000212
T 4403 19 .1519302E+11   1100019E-01  .9776E+01 -.5711E+01   .9999999  .0001459 -.0000942
T 4404 19 .1519258E+11   1100022E-01 -.2996E+02  .1993E+02   .9999998 -.0005047  .0004730
T 4405 19 .1519225E+11   1100005E-01 -.8593E+00  .2178E-01   .9999999 -.0000773 -.0000361
T 4406 19 .1519231E+11   1100014E-01 -.1209E+02  .8162E+01   .9999999 -.0000306  .0001723
T 4407 19 .1519325E+11   1100020E-01 -.1043E+02  .3902E+01   .9999999 -.0001635  .0000006
T 4408 19 .1519373E+11   1100014E-01  .1071E+02 -.5456E+01   .9999999  .0002066 -.0001099
T 4409 19 .1519062E+11   1100018E-01 -.4208E+01  .3774E+00   .9999999 -.0000534 -.0001150
T 4410 19 .1519300E+11   1100016E-01  .3188E+01 -.8581E+00   .9999999  .0000232 -.0000863
T 4411 19 .1519244E+11   1100021E-01 -.5332E+01  .1028E+02   .9999999 -.0000988  .0001553
T 4412 19 .1519304E+11   1100019E-01 -.4440E+01 -.1106E+02   .9999999 -.0000540 -.0002544
T 4413 19 .1519388E+11   1100010E-01 -.1725E+01 -.1895E+01   .9999999 -.0001174 -.0000897
T 4414 19 .1519174E+11   1100010E-01 -.9288E+01  .1125E+01   .9999999 -.0001384  .0000269
T 4415 19 .1519162E+11   1100002E-01 -.1150E+02  .5749E+02   .9999996 -.0002920  .0008334
T 4416 19 .1519183E+11   1100017E-01 -.2967E+01 -.1126E+02   .9999999 -.0000292 -.0002152
T 4417 19 .1519447E+11   1100003E-01  .3340E+01  .8443E+01   .9999999 -.0000364 -.0000634
T 4418 19 .1519323E+11   1100022E-01  .1565E+02  .4731E+01   .9999999  .0000969  .0001468
T 4419 19 .1519259E+11   1100004E-01 -.1231E+02  .7551E+01   .9999999 -.0003554  .0002485
T 4420 19 .1519262E+11   1100003E-01  .6433E+01  .1455E+02   .9999999  .0003939  .0001332
T 4421 19 .1519334E+11   1100022E-01  .9310E+01 -.1445E+02   .9999999  .0001610 -.0002548
T 4422 19 .1519363E+11   1100011E-01  .2042E+01  .2879E+01   .9999999 -.0000546  .0001049
T 4423 19 .1519297E+11   1100021E-01  .1286E+02  .8116E+01   .9999999  .0001489  .0001280
T 4424 19 .1519281E+11   1100014E-01 -.4435E+00 -.4452E+01   .9999999  .0000378  .0000219
T 4425 19 .1519225E+11   1100011E-01  .7708E+01  .3200E+01   .9999999  .0001215  .0000368
T 4426 19 .1519321E+11   1100006E-01  .5592E+01 -.1351E+02   .9999999  .0001286 -.0001706
T 4427 19 .1519222E+11   1100003E-01 -.7809E+01  .1135E+02   .9999998 -.0003336  .0005106
T 4428 19 .1519243E+11   1100015E-01 -.1094E+01 -.1052E+02   .9999999 -.0000628 -.0001206
T 4429 19 .1519340E+11   1100021E-01 -.4076E+01  .6404E+01   .9999999 -.0000762  .0001628
T 4430 19 .1519219E+11   1100000E-01  .7918E+01  .5755E+00   .9999999 -.0000341  .0000426
T 4431 19 .1519394E+11   1100018E-01 -.4032E+01  .4872E+01   .9999999 -.0000857  .0001973
T 4432 19 .1519249E+11   1100011E-01  .7988E+01 -.1515E+02   .9999999  .0001309 -.0002448
T 4433 19 .1519315E+11   1100023E-01  .8029E+00  .1866E+01   .9999999 -.0000982  .0000649
T 4434 19 .1519196E+11   1100012E-01 -.6461E+00 -.8632E+01   .9999999  .0000480 -.0000477
T 4435 19 .1519159E+11   1100010E-01  .2520E+01  .3552E+01   .9999999  .0000142 -.0000556
T 4436 19 .1519273E+11   1100007E-01  .1073E+01  .8828E+01   .9999999  .0000008  .0001333
T 4437 19 .1519198E+11   1100021E-01  .1036E+02 -.3504E+01   .9999999  .0001203  .0001423
T 4438 19 .1519198E+11   1100013E-01 -.1060E+02  .7638E+01   .9999999 -.0000618  .0001662
T 4439 19 .1519165E+11   1100019E-01  .5379E+01 -.2614E+02   .9999999  .0000113 -.0003196
T 4440 19 .1519067E+11   1100014E-01 -.5705E+01 -.3433E+01   .9999999 -.0001701 -.0001882
T 4441 19 .1519308E+11   1100022E-01  .9280E+01  .1267E+02   .9999999  .0002127  .0001383
T 4442 19 .1519211E+11   1100016E-01  .2484E+02 -.4962E+01   .9999999  .0004764 -.0000021
T 4443 19 .1519258E+11   1100023E-01  .6931E+01  .3130E+01   .9999999 -.0000227  .0000294
T 4444 19 .1519162E+11   1100021E-01  .2327E+02 -.1224E+02   .9999999  .0001605 -.0002024
T 4445 19 .1519398E+11   1100021E-01  .7628E+01  .8454E+01   .9999999  .0000690  .0001509
T 4446 19 .1519203E+11   1100022E-01  .9269E+01 -.1555E+02   .9999999  .0002806 -.0004001
T 4447 19 .1519267E+11   1100016E-01  .1854E+01  .1219E+01   .9999999  .0000096  .0000387
T 4448 19 .1519275E+11   1100006E-01  .8764E+01  .1056E+01   .9999999  .0002088 -.0001123
T 4449 19 .1519268E+11   1100008E-01  .3260E+01 -.5354E+01   .9999999 -.0000498 -.0000490
T 4450 19 .1519310E+11   1100022E-01 -.7037E+01 -.1254E+01   .9999999 -.0001682  .0000823
T 4451 19 .1519312E+11   1100009E-01 -.6438E-01 -.3119E+01   .9999999 -.0000037  .0000526
T 4452 19 .1519181E+11   1100001E-01 -.6466E+01 -.1110E+01   .9999999  .0000288 -.0000034
T 4453 19 .1519367E+11   1100004E-01 -.5691E+01  .1647E+02   .9999999 -.0001109  .0002933
T 4454 19 .1519306E+11   1100015E-01  .1407E+00 -.2514E+01   .9999999 -.0000024 -.0000836
T 4455 19 .1519314E+11   1100016E-01  .3033E+01  .1909E+02   .9999999 -.0000341  .0002254
T 4456 19 .1519359E+11   1100011E-01 -.5826E+01  .2870E+00   .9999999 -.0001026  .0000120
T 4457 19 .1519307E+11   1100005E-01 -.5310E+01 -.2182E+01   .9999999 -.0000610 -.0000316
T 4458 19 .1519275E+11   1100003E-01  .1056E+02 -.3721E+01   .9999999  .0001326 -.0000911
T 4459 19 .1519319E+11   1100004E-01  .2728E+01 -.1716E+02   .9999999 -.0000145 -.0001712
T 4460 19 .1519316E+11   1100021E-01 -.4134E+01  .1507E+02   .9999999 -.0000193  .0001886
T 4461 19 .1519158E+11   1100007E-01 -.1034E+01  .1138E+02   .9999999  .0000486  .0002327
T 4462 19 .1519235E+11   1100002E-01 -.2287E+01 -.2642E+01   .9999999 -.0000598  .0001178
T 4463 19 .1519257E+11   1100018E-01  .2231E+02  .3730E+01   .9999999  .0003029  .0000259
T 4464 19 .1519277E+11   1100010E-01  .1013E+02  .3315E+01   .9999999  .0002356 -.0000698
T 4465 19 .1519223E+11   1100014E-01 -.2443E+01 -.1902E+01   .9999999 -.0001337 -.0000364
T 4466 19 .1519320E+11   1100015E-01  .4998E+01  .3458E+01   .9999999  .0000623  .0000903
T 4467 19 .1519185E+11   1100009E-01  .6208E+01 -.1164E+02   .9999999  .0000983 -.0000910
T 4468 19 .1519173E+11   1100022E-01  .1775E+02 -.1421E+02   .9999999  .0001589 -.0003025
T 4469 19 .1519280E+11   1100013E-01 -.4358E+01 -.1393E+02   .9999999 -.0000484 -.0002040
T 4470 19 .1519193E+11   1100017E-01 -.4550E+01 -.2426E+01   .9999999 -.0001308  .0000996
T 4471 19 .1519076E+11   1100011E-01  .9983E+01 -.1328E+02   .9999999  .0001752 -.0003837
T 4472 19 .1519204E+11   1100023E-01  .1274E+02  .1579E+01   .9999999  .0002695  .0000639
T 4473 19 .1519259E+11   1100021E-01  .3664E+02  .1220E+02   .9999998  .0006247  .0002580
T 4474 19 .1519319E+11   1100016E-01 -.3916E+02 -.3105E+02   .9999999 -.0004575 -.0002273
T 4475 19 .1519333E+11   1100010E-01 -.1180E+01  .2640E+01   .9999999  .0000529  .0000635
T 4476 19 .1519107E+11   1100016E-01  .1154E+02 -.9615E+01   .9999999  .0002100 -.0001329
T 4477 19 .1519191E+11   1100022E-01  .1382E+02 -.2545E+02   .9999999  .0001893 -.0003586
T 4478 19 .1519221E+11   1100005E-01 -.2452E+01 -.7563E+01   .9999999 -.0000324 -.0000782
T 4479 19 .1519131E+11   1100005E-01  .1984E+02 -.7796E+01   .9999999  .0004915 -.0000447
T 4480 19 .1519215E+11   1100016E-01 -.2391E+01 -.9630E+01   .9999999  .0000033 -.0000826
T 4481 19 .1519292E+11   1100021E-01 -.4968E+01  .4438E+01   .9999999 -.0002250  .0000378
T 4482 19 .1519266E+11   1100018E-01 -.7914E+01 -.1662E+01   .9999999 -.0000674  .0000260
T 4483 19 .1519222E+11   1100015E-01  .5690E+02  .8233E+02   .9999993  .0006537  .0009762
T 4484 19 .1519270E+11   1100009E-01  .5260E+01  .1482E+01   .9999999 -.0000044  .0000954
T 4485 19 .1519253E+11   1100000E-01 -.7986E+01 -.1305E+02   .9999999 -.0000448 -.0002664
T 4486 19 .1519207E+11   1100020E-01 -.8205E+01 -.1254E+01   .9999999 -.0000853 -.0000224
T 4487 19 .1519285E+11   1100018E-01  .1244E+02  .7484E+01   .9999999  .0000660  .0001689
T 4488 19 .1519119E+11   1100018E-01 -.4929E+01  .5003E+01   .9999999 -.0000556  .0000723
T 4489 19 .1519237E+11   1100020E-01 -.9951E+00  .7342E+01   .9999999 -.0000569  .0000214
T 4490 19 .1519231E+11   1100022E-01  .1750E+01  .6828E+01   .9999999 -.0000351  .0001090
T 4491 19 .1519278E+11   1100005E-01  .1642E+01  .4118E+01   .9999999  .0000940  .0000306
T 4492 19 .1519177E+11   1100018E-01 -.1101E+02 -.3676E+01   .9999999 -.0001769 -.0002432
T 4493 19 .1519337E+11   1100017E-01  .1515E+01  .1575E+00   .9999999  .0000512 -.0000049
T 4494 19 .1519229E+11   1100016E-01  .4708E+01  .3045E+01   .9999999 -.0000399 -.0000701
T 4495 19 .1519240E+11   1100007E-01 -.1574E+02 -.1075E+02   .9999999 -.0002709 -.0000383
T 4496 19 .1519380E+11   1100020E-01 -.1007E+02 -.5648E+01   .9999999 -.0002055 -.0001666
T 4497 19 .1519269E+11   1100016E-01 -.3243E+01 -.5891E+01   .9999999  .0000094 -.0000542
T 4498 19 .1519247E+11   1100016E-01  .6033E+01  .4173E+01   .9999999  .0000086  .0000968
T 4499 19 .1519252E+11   1100022E-01  .4209E+01 -.7178E+01   .9999997 -.0001863 -.0006842
T 4500 19 .1519385E+11   1100019E-01 -.5553E+01  .3291E+01   .9999999 -.0001155  .0001281
T 4501 19 .1519245E+11   1100003E-01 -.1036E+02 -.2524E+01   .9999999 -.0001500 -.0000626
T 4502 19 .1519306E+11   1100002E-01  .6071E+01  .1084E+02   .9999999 -.0000672  .0001260
T 4503 19 .1519247E+11   1100008E-01 -.9007E+01 -.9428E+01   .9999999 -.0001639 -.0001735
T 4504 19 .1519182E+11   1100015E-01  .2153E+01 -.9956E+01   .9999999  .0000440 -.0002179
T 4505 19 .1519241E+11   1100013E-01 -.8506E+00 -.4147E+02   .9999998 -.0001073 -.0006431
T 4506 19 .1519182E+11   1100016E-01  .1955E+02 -.1975E+01   .9999999  .0001567 -.0000940
T 4507 19 .1519201E+11   1100022E-01  .4919E+01  .4417E+01   .9999999  .0000510  .0000996
T 4508 19 .1519272E+11   1100020E-01 -.1790E+02  .1550E+02   .9999999 -.0002690  .0001714
T 4509 19 .1519403E+11   1100019E-01 -.1659E+02 -.5339E+01   .9999999 -.0001882 -.0000629
T 4510 19 .1519345E+11   1100003E-01  .1184E+01  .7455E+01   .9999999  .0001258  .0000082
T 4511 19 .1519278E+11   1100019E-01 -.5831E+01  .2854E+02   .9999999  .0000125  .0002852
T 4512 19 .1519318E+11   1100016E-01 -.2958E+02 -.1505E+02   .9999999 -.0004365 -.0001967
T 4513 19 .1519245E+11   1100003E-01 -.3206E+02 -.1074E+02   .9999999 -.0003526 -.0001068
T 4514 19 .1519306E+11   1100000E-01  .9917E+01  .6549E+01   .9999999  .0003526  .0001237
T 4515 19 .1519276E+11   1100014E-01 -.8073E+01 -.2141E+01   .9999999 -.0000460 -.0000561
T 4516 19 .1519290E+11   1100003E-01 -.1053E+02 -.8530E+01   .9999999 -.0001928 -.0001043
T 4517 19 .1519358E+11   1100006E-01 -.5911E+01  .7336E+01   .9999999 -.0001085  .0000998
T 4518 19 .1519243E+11   1100005E-01 -.9738E+01  .1487E+02   .9999999 -.0001459  .0002139
T 4519 19 .1519264E+11   1100013E-01 -.8224E+01  .1056E+02   .9999999 -.0001181  .0001903
T 4520 19 .1519320E+11   1100012E-01  .1285E+02  .5068E+02   .9999994  .0002370  .0010580
T 4521 19 .1519252E+11   1100018E-01 -.6378E+01  .7388E+01   .9999999 -.0001866 -.0000097
T 4522 19 .1519282E+11   1100011E-01  .3473E+01  .7674E+01   .9999999  .0000282  .0000815
T 4523 19 .1519234E+11   1100011E-01  .7200E+01 -.1794E+02   .9999997  .0004362 -.0005909
T 4524 19 .1519212E+11   1100002E-01  .6885E+00  .1035E+02   .9999999  .0000142  .0001506
T 4525 19 .1519333E+11   1100017E-01  .3053E+02  .5969E+02   .9999996  .0003752  .0007886
T 4526 19 .1519254E+11   1100016E-01 -.6243E+01 -.1389E+01   .9999999 -.0000726  .0000098
T 4527 19 .1519400E+11   1100011E-01  .1850E+00  .9136E+01   .9999999 -.0001061  .0002347
T 4528 19 .1519213E+11   1100018E-01 -.2798E+01 -.1421E+02   .9999999 -.0001863 -.0001338
T 4529 19 .1519282E+11   1100019E-01 -.5348E+01 -.5821E+01   .9999999  .0000901 -.0000579
T 4530 19 .1519229E+11   1100011E-01  .9565E+01  .4378E+01   .9999999  .0001790  .0001024
T 4531 19 .1519121E+11   1100022E-01 -.1178E+02 -.7687E+00   .9999999 -.0000711  .0000298
T 4532 19 .1519243E+11   1100006E-01  .1251E+00  .1262E+02   .9999999  .0000781  .0002397
T 4533 19 .1519249E+11   1100007E-01 -.8695E+00  .7873E+01   .9999999 -.0000106  .0000885
T 4534 19 .1519394E+11   1100001E-01  .1805E+02  .2165E+01   .9999999  .0001385 -.0000782
T 4535 19 .1519253E+11   1100000E-01 -.2909E+01 -.9822E+01   .9999999 -.0000087 -.0001329
T 4536 19 .1519167E+11   1100012E-01 -.2461E+02 -.5244E+01   .9999999 -.0003833 -.0002085
T 4537 19 .1519242E+11   1100001E-01  .1159E+00  .2365E+01   .9999999 -.0000896 -.0001078
T 4538 19 .1519228E+11   1100013E-01  .1079E+02  .1727E+02   .9999999  .0002145  .0002477
T 4539 19 .1519289E+11   1100010E-01  .3592E+01  .7711E+00   .9999999 -.0000516 -.0000918
T 4540 19 .1519342E+11   1100019E-01  .3574E+01  .1419E+02   .9999999  .0000902  .0001775
T 4541 19 .1519226E+11   1100016E-01  .3811E+00  .1005E+01   .9999999  .0000050 -.0000506
T 4542 19 .1519207E+11   1100011E-01 -.2656E+01 -.1550E+01   .9999999  .0000618 -.0001157
T 4543 19 .1519321E+11   1100008E-01  .4667E+00  .5766E+00   .9999999  .0000460  .0000103
T 4544 19 .1519360E+11   1100001E-01  .2345E+01  .1337E+01   .9999999  .0000809  .0000642
T 4545 19 .1519161E+11   1100010E-01  .1353E+01  .5284E+00   .9999999  .0001368 -.0000653
T 4546 19 .1519176E+11   1100017E-01  .4067E+01  .4732E+01   .9999999  .0000032  .0000757
T 4547 19 .1519386E+11   1100009E-01 -.1743E+02 -.3660E+01   .9999999 -.0003582 -.0000148
T 4548 19 .1519375E+11   1100009E-01  .1098E+01 -.2722E+01   .9999999 -.0000017 -.0000363
T 4549 19 .1519282E+11   1100003E-01  .5763E+01  .2929E+01   .9999999 -.0000031  .0000627
T 4550 19 .1519209E+11   1100015E-01 -.7870E+01  .5220E+01   .9999999 -.0000819  .0000598
T 4551 19 .1519381E+11   1100006E-01 -.1368E+02 -.6625E+01   .9999999 -.0002335 -.0000491
T 4552 19 .1519337E+11   1100006E-01  .7557E+01  .2347E+01   .9999999  .0000609  .0000007
T 4553 19 .1519274E+11   1100021E-01  .4446E+01  .3603E+01   .9999999  .0001656 -.0000699
T 4554 19 .1519325E+11   1100021E-01 -.1058E+02 -.8279E+01   .9999999 -.0002237  .0000830
T 4555 19 .1519227E+11   1100005E-01  .7405E+01  .5807E+01   .9999999  .0000264  .0000429
T 4556 19 .1519333E+11   1100012E-01  .2386E+01 -.1904E+02   .9999999  .0000477 -.0002615
T 4557 19 .1519255E+11   1100007E-01  .1814E+02 -.9331E+01   .9999999  .0001532 -.0000937
T 4558 19 .1519264E+11   1100006E-01 -.6026E+01 -.2778E+01   .9999999 -.0000297 -.0001298
T 4559 19 .1519098E+11   1100021E-01  .3797E+01  .2855E+01   .9999999  .0000259  .0000958
T 4560 19 .1519180E+11   1100011E-01 -.1455E+00  .1388E+01   .9999999 -.0001158  .0000270
T 4561 19 .1519252E+11   1100012E-01  .5412E+01  .3666E+01   .9999999 -.0000857 -.0000322
T 4562 19 .1519227E+11   1100008E-01 -.3094E+01 -.2551E+02   .9999999 -.0000983 -.0002075
T 4563 19 .1519360E+11   1100015E-01  .4492E+00  .3481E+01   .9999999  .0000083  .0000709
T 4564 19 .1519229E+11   1100006E-01 -.9869E+01  .1734E+00   .9999999 -.0000660 -.0000319
T 4565 19 .1519308E+11   1100015E-01  .7252E+01 -.7419E+01   .9999999  .0004520 -.0001134
T 4566 19 .1519182E+11   1100015E-01 -.2040E+01  .1428E+02   .9999999 -.0000192  .0002117
T 4567 19 .1519235E+11   1100018E-01 -.2245E+01  .9892E+01   .9999999 -.0000526  .0001384
T 4568 19 .1519365E+11   1100009E-01  .2240E+01  .1325E+02   .9999999  .0000621  .0002065
T 4569 19 .1519092E+11   1100010E-01  .7958E+00  .1360E+02   .9999999 -.0000019  .0002610
T 4570 19 .1519262E+11   1100022E-01 -.8523E+01 -.8308E+01   .9999999 -.0001550 -.0000965
T 4571 19 .1519242E+11   1100015E-01  .3371E+00  .1147E+02   .9999999  .0000169  .0001780
T 4572 19 .1519251E+11   1100021E-01 -.2181E+01  .2115E+01   .9999999 -.0000600  .0000424
T 4573 19 .1519288E+11   1100014E-01 -.9699E+01 -.1457E+02   .9999999 -.0000723 -.0002114
T 4574 19 .1519321E+11   1100006E-01  .4798E+01 -.2046E+01   .9999999  .0000287 -.0000515
T 4575 19 .1519252E+11   1100017E-01 -.3486E+01  .9233E+01   .9999999  .0000163  .0001137
T 4576 19 .1519197E+11   1100014E-01  .2317E+02  .9129E+01   .9999999  .0002769  .0001122
T 4577 19 .1519091E+11   1100014E-01  .8199E+00  .2856E+01   .9999999  .0000260 -.0000375
T 4578 19 .1519157E+11   1100014E-01  .1740E+01 -.9378E+01   .9999999  .0000074 -.0000987
T 4579 19 .1519328E+11   1100003E-01  .1014E+02  .6097E+01   .9999999 -.0002009  .0002338
T 4580 19 .1519339E+11   1100013E-01 -.6664E+01 -.8145E+01   .9999999 -.0000301 -.0002484
T 4581 19 .1519258E+11   1100000E-01 -.5622E+01 -.1610E+01   .9999999 -.0000862  .0000459
T 4582 19 .1519341E+11   1100000E-01  .8439E+01 -.1166E+02   .9999999  .0001252 -.0003326
T 4583 19 .1519275E+11   1100000E-01  .7755E+01  .5924E+01   .9999999  .0001721  .0001868
T 4584 19 .1519223E+11   1100010E-01 -.1269E+01  .5324E+01   .9999999 -.0000273  .0000364
T 4585 19 .1519349E+11   1100002E-01  .1183E+02 -.8500E+01   .9999999  .0001107 -.0001345
T 4586 19 .1519239E+11   1100016E-01  .8722E+01  .1812E+02   .9999999  .0000567  .0004815
T 4587 19 .1519251E+11   1100011E-01 -.5370E+01 -.4571E+01   .9999999 -.0000439 -.0001004
T 4588 19 .1519342E+11   1100008E-01  .5619E+01 -.7947E+00   .9999999  .0001641 -.0000257
T 4589 19 .1519117E+11   1100009E-01  .8789E+01 -.1939E+01   .9999999  .0000598 -.0000294
T 4590 19 .1519224E+11   1100013E-01  .3019E+02  .1659E+02   .9999998  .0005834  .0000559
T 4591 19 .1519304E+11   1100006E-01  .7869E+01  .2813E+01   .9999999  .0003854 -.0000520
T 4592 19 .1519200E+11   1100020E-01  .8329E+01  .7431E+01   .9999999  .0001549  .0001139
T 4593 19 .1519328E+11   1100011E-01  .4192E+01  .4616E+00   .9999999 -.0000234  .0000212
T 4594 19 .1519283E+11   1100018E-01  .2138E+02 -.3084E+02   .9999999  .0002461 -.0003705
T 4595 19 .1519154E+11   1100008E-01 -.3623E+01  .7235E+01   .9999999 -.0000141  .0001140
T 4596 19 .1519223E+11   1100016E-01  .1328E+02 -.8164E+01   .9999999  .0001589 -.0000490
T 4597 19 .1519279E+11   1100013E-01 -.5867E+01  .9119E+01   .9999999 -.0000614  .0001579
T 4598 19 .1519373E+11   1100021E-01 -.2854E+01 -.2153E+01   .9999999 -.0000318 -.0000324
T 4599 19 .1519201E+11   1100022E-01 -.9438E+01 -.3131E+01   .9999999 -.0002039 -.0000267
T 4600 19 .1519296E+11   1100016E-01  .1401E+02 -.1043E+02   .9999999  .0003249 -.0001489
T 4601 19 .1519262E+11   1100021E-01 -.1435E+02  .7945E+01   .9999999 -.0001603  .0001280
T 4602 19 .1519328E+11   1100012E-01 -.6783E+01 -.1672E+01   .9999999 -.0001408 -.0001348
T 4603 19 .1519397E+11   1100011E-01  .3861E+02 -.6523E+01   .9999999  .0005244 -.0000422
T 4604 19 .1519268E+11   1100011E-01 -.1181E+01 -.3521E+01   .9999999  .0000622 -.0000767
T 4605 19 .1519309E+11   1100002E-01 -.4125E+02 -.2797E+02   .9999999 -.0003041 -.0001931
T 4606 19 .1519337E+11   1100018E-01  .1436E+02  .1757E-01   .9999999  .0002387 -.0000034
T 4607 19 .1519183E+11   1100007E-01  .4330E+01  .5651E+00   .9999999  .0003689 -.0000617
T 4608 19 .1519402E+11   1100013E-01 -.5771E+01 -.2120E+01   .9999999 -.0000685  .0000593
T 4609 19 .1519414E+11   1100021E-01  .1958E+02 -.1178E+02   .9999999  .0001821 -.0001661
T 4610 19 .1519233E+11   1100004E-01 -.4196E+01 -.9221E+01   .9999999 -.0000194 -.0000758
T 4611 19 .1519191E+11   1100014E-01 -.4115E+00 -.4004E+01   .9999999 -.0000483 -.0000236
T 4612 19 .1519239E+11   1100013E-01  .6880E+01  .8664E+00   .9999999  .0000162  .0001461
T 4613 19 .1519339E+11   1100023E-01 -.4973E+01 -.2503E+01   .9999999 -.0000692 -.0000610
T 4614 19 .1519254E+11   1100020E-01  .1572E+02 -.1119E+02   .9999999  .0001270 -.0001198
T 4615 19 .1519379E+11   1100010E-01 -.1166E+02  .1973E+02   .9999999 -.0001160  .0003491
T 4616 19 .1519330E+11   1100011E-01 -.7511E+01  .1984E+02   .9999999 -.0001168  .0002290
T 4617 19 .1519348E+11   1100004E-01 -.6649E+02 -.1855E+02   .9999998 -.0006803 -.0000039
T 4618 19 .1519306E+11   1100021E-01  .1674E+01 -.4117E+00   .9999999  .0001006  .0000280
T 4619 19 .1519251E+11   1100004E-01  .2728E+02 -.4465E+02   .9999999  .0002269 -.0004303
T 4620 19 .1519191E+11   1100009E-01 -.5860E+01  .5121E+01   .9999999 -.0001120  .0000780
T 4621 19 .1519287E+11   1100006E-01  .8437E+01 -.3910E+01   .9999999  .0001018  .0000044
T 4622 19 .1519298E+11   1100014E-01 -.1186E+02 -.3872E+00   .9999999 -.0001942 -.0000133
T 4623 19 .1519215E+11   1100015E-01 -.3928E+01 -.1440E+02   .9999999  .0000379 -.0002104
T 4624 19 .1519195E+11   1100019E-01  .2017E+01  .1390E+01   .9999999  .0000477  .0000724
T 4625 19 .1519297E+11   1100020E-01  .7246E+01 -.6758E+01   .9999999  .0001450 -.0001303
T 4626 19 .1519137E+11   1100022E-01  .9561E+01  .1004E+02   .9999999  .0001346  .0000947
T 4627 19 .1519296E+11   1100012E-01  .9121E+01 -.7090E-01   .9999999  .0002368 -.0002478
T 4628 19 .1519330E+11   1100021E-01  .1786E+01 -.5678E+01   .9999999  .0000328 -.0001247
T 4629 19 .1519249E+11   1100013E-01 -.7652E+01  .9259E+01   .9999999  .0000467  .0001263
T 4630 19 .1519272E+11   1100010E-01 -.4401E+01  .9156E+00   .9999999 -.0001623  .0000990
T 4631 19 .1519389E+11   1100005E-01  .1388E+02  .2543E+02   .9999999  .0000414  .0005206
T 4632 19 .1519235E+11   1100001E-01 -.1030E+02 -.8804E+01   .9999999 -.0001840 -.0001486
T 4633 19 .1519405E+11   1100004E-01  .3979E+01  .7270E+00   .9999999  .0001498  .0001184
T 4634 19 .1519249E+11   1100017E-01 -.5498E+01  .3247E+01   .9999999 -.0000814  .0001439
T 4635 19 .1519197E+11   1100015E-01 -.4718E+01  .3365E+01   .9999999 -.0002020 -.0000846
T 4636 19 .1519297E+11   1100002E-01 -.3093E+02 -.1895E+02   .9999999 -.0003610 -.0003396
T 4637 19 .1519221E+11   1100013E-01  .6014E+01  .8920E+01   .9999999  .0000697  .0000755
T 4638 19 .1519224E+11   1100015E-01 -.9486E+01 -.3669E+01   .9999999 -.0001095 -.0000141
T 4639 19 .1519250E+11   1100020E-01 -.2200E+02  .8885E+01   .9999999 -.0001664  .0001655
T 4640 19 .1519165E+11   1100011E-01  .8504E+01 -.1680E+01   .9999999  .0000551  .0000270
T 4641 19 .1519305E+11   1100019E-01 -.7995E+01  .8519E+01   .9999999 -.0001352  .0000935
T 4642 19 .1519103E+11   1100020E-01  .2434E+01  .9311E+01   .9999999 -.0000078  .0001875
T 4643 19 .1519218E+11   1100002E-01 -.7713E+01  .6234E+01   .9999999 -.0001760  .0001067
T 4644 19 .1519207E+11   1100016E-01 -.1026E+02 -.2552E+01   .9999999 -.0001408 -.0000442
T 4645 19 .1519434E+11   1100019E-01  .3356E+01 -.1014E+01   .9999999 -.0000086 -.0000792
T 4646 19 .1519236E+11   1100004E-01 -.3415E+01 -.1850E+02   .9999999 -.0000435 -.0002889
T 4647 19 .1519089E+11   1100020E-01 -.2069E+02 -.2712E+02   .9999999 -.0002810 -.0004043
T 4648 19 .1519235E+11   1100010E-01  .2131E+01  .1205E+02   .9999999  .0000052  .0002004
T 4649 19 .1519228E+11   1100012E-01  .1152E+02 -.1027E+02   .9999999  .0002734 -.0001063
T 4650 19 .1519275E+11   1100023E-01 -.2020E+01  .7605E+01   .9999999 -.0000719  .0001157
T 4651 19 .1519231E+11   1100021E-01 -.1396E+01 -.9655E+01   .9999999  .0000446 -.0001509
T 4652 19 .1519274E+11   1100010E-01 -.4643E+01 -.1082E+02   .9999999 -.0000871 -.0000822
T 4653 19 .1519269E+11   1100013E-01  .9359E+01 -.6450E+01   .9999999  .0002473 -.0000536
T 4654 19 .1519226E+11   1100020E-01  .1642E+01  .1884E+00   .9999999  .0000015 -.0000783
T 4655 19 .1519223E+11   1100005E-01 -.6287E+00  .1044E+02   .9999999  .0000927  .0002052
T 4656 19 .1519294E+11   1100001E-01  .3280E+01 -.8288E+01   .9999999  .0000298 -.0000675
T 4657 19 .1519414E+11   1100008E-01 -.1886E+02  .3270E+01   .9999999 -.0003342  .0000146
T 4658 19 .1519356E+11   1100008E-01  .2294E+01 -.9398E+01   .9999999  .0000735 -.0001030
T 4659 19 .1519358E+11   1100020E-01  .1444E+02  .5643E+01   .9999999  .0002178  .0001388
T 4660 19 .1519303E+11   1100011E-01 -.2763E+01 -.4415E+01   .9999999 -.0000104 -.0000694
T 4661 19 .1519384E+11   1100017E-01 -.1195E+02  .1544E+02   .9999998 -.0003724  .0005775
T 4662 19 .1519308E+11   1100003E-01  .1458E+02  .1081E+01   .9999999  .0003199  .0000128
T 4663 19 .1519205E+11   1100020E-01  .1882E+00  .1021E+01   .9999999 -.0000197  .0000517
T 4664 19 .1519337E+11   1100020E-01  .1710E+02  .7315E+01   .9999999  .0002260  .0001550
T 4665 19 .1519197E+11   1100014E-01 -.7363E+01 -.2325E+02   .9999999 -.0001464 -.0002839
T 4666 19 .1519067E+11   1100017E-01  .2277E+01  .4987E+01   .9999999 -.0000452  .0000911
T 4667 19 .1519276E+11   1100003E-01  .1351E+02  .5580E+01   .9999999  .0002056  .0000515
T 4668 19 .1519163E+11   1100014E-01 -.1883E+02 -.2173E+01   .9999999 -.0003591 -.0000664
T 4669 19 .1519190E+11   1100015E-01 -.1733E+00  .5719E+01   .9999999  .0000214  .0000147
T 4670 19 .1519416E+11   1100022E-01  .3675E+01 -.6153E+01   .9999999 -.0000479 -.0000888
T 4671 19 .1519192E+11   1100020E-01  .1762E+01 -.4771E+01   .9999999  .0000263 -.0000422
T 4672 19 .1519135E+11   1100012E-01  .8017E+01  .7885E+01   .9999999  .0000415  .0000981
T 4673 19 .1519318E+11   1100019E-01  .2216E+01 -.1644E+01   .9999999 -.0000315  .0000972
T 4674 19 .1519257E+11   1100003E-01  .1904E+00 -.6511E+01   .9999999  .0000700 -.0001244
T 4675 19 .1519263E+11   1100011E-01  .8603E+01  .1889E+01   .9999999  .0001398  .0001469
T 4676 19 .1519232E+11   1100009E-01  .8481E+01 -.1154E+02   .9999999  .0001640 -.0000572
T 4677 19 .1519184E+11   1100000E-01  .1119E+01 -.1054E+01   .9999999  .0000402  .0000693
T 4678 19 .1519330E+11   1100002E-01 -.7688E+00  .8553E+01   .9999999 -.0000796  .0001913
T 4679 19 .1519258E+11   1100018E-01  .1387E+02 -.8722E+00   .9999999  .0003006  .0003250
T 4680 19 .1519346E+11   1100017E-01  .1851E+02 -.5864E+01   .9999999  .0002355  .0001087
T 4681 19 .1519212E+11   1100009E-01  .3480E+02  .2761E+01   .9999997  .0007156  .0001652
T 4682 19 .1519169E+11   1100001E-01 -.5882E+01  .4027E+01   .9999999 -.0001057  .0000272
T 4683 19 .1519166E+11   1100004E-01  .3215E+00 -.2841E+01   .9999999  .0000590 -.0000251
T 4684 19 .1519143E+11   1100023E-01  .4198E+01 -.1343E+01   .9999999  .0001371 -.0000019
T 4685 19 .1519320E+11   1100007E-01  .1469E+01  .2521E+01   .9999999 -.0000583  .0000787
T 4686 19 .1519331E+11   1100006E-01 -.4613E+01  .3041E+01   .9999999 -.0000808  .0000733
T 4687 19 .1519280E+11   1100020E-01 -.2348E+00 -.1060E+01   .9999999  .0000173 -.0000926
T 4688 19 .1519070E+11   1100015E-01  .5452E+01  .1396E+02   .9999999  .0000356  .0002077
T 4689 19 .1519423E+11   1100003E-01  .7790E+01  .3475E+01   .9999999  .0000921 -.0000452
T 4690 19 .1519317E+11   1100011E-01  .7233E+01  .1072E+01   .9999999  .0001943  .0001207
T 4691 19 .1519257E+11   1100004E-01  .1150E+01  .8833E+00   .9999999  .0000767  .0000783
T 4692 19 .1519397E+11   1100013E-01 -.1148E+01  .1592E+02   .9999999 -.0001241  .0000747
T 4693 19 .1519171E+11   1100000E-01  .9093E+01  .2738E+01   .9999999  .0000489 -.0000614
T 4694 19 .1519295E+11   1100015E-01  .4370E+02  .5052E+02   .9999997  .0005062  .0005867
T 4695 19 .1519298E+11   1100006E-01 -.9800E+01  .8326E+01   .9999999 -.0000226  .0000389
T 4696 19 .1519351E+11   1100014E-01  .2021E+01  .2394E+01   .9999999 -.0000220  .0000694
T 4697 19 .1519200E+11   1100011E-01  .3186E+01  .8119E+00   .9999999  .0000320  .0001474
T 4698 19 .1519259E+11   1100019E-01 -.3320E+01 -.2252E+01   .9999999 -.0000292 -.0000277
T 4699 19 .1519380E+11   1100018E-01 -.4833E+01  .1021E+01   .9999999  .0000126 -.0000356
T 4700 19 .1519389E+11   1100005E-01  .1468E+02 -.2058E+01   .9999999  .0001437  .0000317
T 4701 19 .1519263E+11   1100012E-01  .3390E+02  .2379E+02   .9999997  .0006959  .0003427
T 4702 19 .1519210E+11   1100002E-01  .4348E+01  .2469E+02   .9999999  .0000447  .0003381
T 4703 19 .1519264E+11   1100005E-01  .9375E+01 -.6404E+01   .9999999  .0001348 -.0000134
T 4704 19 .1519230E+11   1100023E-01  .6569E+01  .1838E+02   .9999999  .0001516  .0002965
T 4705 19 .1519377E+11   1100013E-01  .4351E+01 -.1113E+02   .9999999  .0000643 -.0001367
T 4706 19 .1519342E+11   1100015E-01  .9517E+00 -.1273E+02   .9999999 -.0000528 -.0001510
T 4707 19 .1519218E+11   1100001E-01  .7827E+01 -.1291E+02   .9999999  .0001169 -.0003230
T 4708 19 .1519343E+11   1100001E-01 -.1757E+02 -.1200E+02   .9999999 -.0002345 -.0001441
T 4709 19 .1519314E+11   1100006E-01 -.1724E+01 -.3502E+01   .9999999 -.0000070 -.0001234
T 4710 19 .1519145E+11   1100022E-01 -.6907E+01  .3068E+01   .9999999 -.0000234 -.0000096
T 4711 19 .1519270E+11   1100007E-01 -.9439E+01 -.8180E+00   .9999999 -.0001701 -.0001109
T 4712 19 .1519263E+11   1100013E-01  .8646E+01 -.1014E+00   .9999998  .0005044  .0003489
T 4713 19 .1519297E+11   1100013E-01 -.2029E+01 -.1837E+01   .9999999  .0000503 -.0000304
T 4714 19 .1519321E+11   1100018E-01 -.5107E+01  .3901E+01   .9999999 -.0000615  .0000853
T 4715 19 .1519208E+11   1100001E-01  .2309E+01 -.1427E+02   .9999999 -.0000437 -.0003091
T 4716 19 .1519350E+11   1100001E-01  .1461E+02  .1912E+02   .9999999  .0002335  .0002459
T 4717 19 .1519460E+11   1100012E-01 -.1252E+01 -.1197E+02   .9999999 -.0000523 -.0002639
T 4718 19 .1519228E+11   1100016E-01 -.8307E+01  .2077E+02   .9999996  .0008514  .0001742
T 4719 19 .1519209E+11   1100008E-01 -.1061E+02 -.5351E+01   .9999999 -.0001394 -.0000195
T 4720 19 .1519334E+11   1100018E-01  .3863E+01  .1087E+01   .9999999  .0000387 -.0000118
T 4721 19 .1519334E+11   1100002E-01  .3989E+00  .3996E+01   .9999999  .0000282  .0000944
T 4722 19 .1519191E+11   1100020E-01  .7879E+00  .7147E+01   .9999999 -.0000369  .0000994
T 4723 19 .1519230E+11   1100009E-01 -.1348E+01 -.8254E+01   .9999999 -.0000329 -.0001554
T 4724 19 .1519257E+11   1100018E-01  .1760E+02  .7453E+01   .9999999  .0002919  .0001806
T 4725 19 .1519342E+11   1100019E-01  .4738E+01 -.9354E+01   .9999999  .0000520 -.0000358
T 4726 19 .1519309E+11   1100005E-01  .2483E+01 -.7031E+01   .9999999  .0000837 -.0001394
T 4727 19 .1519368E+11   1100012E-01 -.1119E+02 -.1249E+02   .9999999 -.0001959 -.0001483
T 4728 19 .1519284E+11   1100007E-01 -.7803E+00  .6229E+01   .9999995 -.0010306 -.0000391
T 4729 19 .1519267E+11   1100017E-01 -.3675E+01 -.3910E+01   .9999999 -.0000271 -.0000890
T 4730 19 .1519340E+11   1100017E-01 -.1036E+03 -.4712E+02   .9999993 -.0011054 -.0003509
T 4731 19 .1519318E+11   1100014E-01 -.6164E+00 -.3913E+02   .9999996 -.0000094 -.0008684
T 4732 19 .1519266E+11   1100012E-01  .1608E+01 -.1373E+02   .9999999  .0001177 -.0002000
T 4733 19 .1519274E+11   1100022E-01  .6149E+01 -.1355E+02   .9999999  .0001803 -.0001741
T 4734 19 .1519254E+11   1100012E-01 -.8258E+01  .3123E+01   .9999999 -.0001332  .0002076
T 4735 19 .1519303E+11   1100011E-01 -.5340E+01  .1148E+02   .9999999 -.0001087  .0001082
T 4736 19 .1519231E+11   1100016E-01 -.2851E+01  .5476E+01   .9999999 -.0000307  .0000667
T 4737 19 .1519301E+11   1100001E-01  .5375E+01  .1759E+01   .9999999  .0000274  .0001252
T 4738 19 .1519281E+11   1100001E-01 -.2378E+01 -.8802E+01   .9999999 -.0000337 -.0000312
T 4739 19 .1519279E+11   1100006E-01 -.1326E+02  .1044E+02   .9999999 -.0001422  .0001318
T 4740 19 .1519203E+11   1100004E-01 -.2428E+01  .4366E+01   .9999999 -.0000424  .0000400
T 4741 19 .1519194E+11   1100019E-01  .4793E+01 -.6402E+01   .9999999  .0000563 -.0000954
T 4742 19 .1519325E+11   1100009E-01 -.2069E+01  .2203E+01   .9999999 -.0000782  .0001151
T 4743 19 .1519298E+11   1100012E-01 -.3729E+02  .3272E+01   .9999999 -.0004750  .0000039
T 4744 19 .1519256E+11   1100009E-01 -.1658E+02 -.7152E+01   .9999999 -.0001794 -.0000959
T 4745 19 .1519146E+11   1100018E-01  .2061E+01 -.1268E+02   .9999999  .0000096 -.0001738
T 4746 19 .1519157E+11   1100023E-01 -.6937E+00  .1968E+01   .9999999 -.0000327  .0000464
T 4747 19 .1519280E+11   1100018E-01 -.1123E+02  .2084E+00   .9999999 -.0001391 -.0000270
T 4748 19 .1519225E+11   1100018E-01 -.2074E+02 -.1401E+02   .9999999 -.0001983 -.0002018
T 4749 19 .1519242E+11   1100005E-01  .1188E+02 -.2215E+02   .9999999  .0001496 -.0002740
T 4750 19 .1519102E+11   1100016E-01 -.5588E+00 -.2750E+01   .9999999  .0000505 -.0000370
T 4751 19 .1519282E+11   1100017E-01  .1326E+01 -.6398E+01   .9999999  .0000229 -.0001193
T 4752 19 .1519330E+11   1100009E-01  .1073E+02  .1003E+02   .9999999  .0001787  .0001197
T 4753 19 .1519229E+11   1100018E-01  .1172E+02 -.1441E+01   .9999999  .0002073  .0000074
T 4754 19 .1519299E+11   1100006E-01  .5913E+01 -.4325E+01   .9999999  .0000530 -.0000609
T 4755 19 .1519286E+11   1100014E-01 -.4003E+01 -.3022E+01   .9999999 -.0002037 -.0000465
T 4756 19 .1519194E+11   1100011E-01  .8531E+01  .4725E+01   .9999999  .0001275  .0002054
T 4757 19 .1519247E+11   1100000E-01  .6292E+01  .1162E+01   .9999999  .0001304  .0000032
T 4758 19 .1519289E+11   1100012E-01  .1558E+01  .6718E+01   .9999999  .0000559  .0001155
T 4759 19 .1519157E+11   1100009E-01  .1700E+01  .3637E+01   .9999999  .0000616  .0000761
T 4760 19 .1519143E+11   1100009E-01  .1898E+01 -.6822E+00   .9999999 -.0002400  .0001808
T 4761 19 .1519145E+11   1100020E-01  .5983E+02  .4967E+02   .9999991  .0009424  .0010033
T 4762 19 .1519323E+11   1100008E-01  .8093E+01  .9150E+01   .9999999  .0002300  .0003184
T 4763 19 .1519425E+11   1100002E-01 -.3455E+01 -.9848E+01   .9999999 -.0001223 -.0002223
T 4764 19 .1519153E+11   1100014E-01 -.4678E+01 -.7198E+01   .9999999 -.0000868 -.0001949
T 4765 19 .1519244E+11   1100019E-01 -.2794E+01 -.3413E+01   .9999999 -.0002137 -.0000593
T 4766 19 .1519202E+11   1100008E-01  .8730E+01  .2926E+01   .9999999  .0002086  .0003140
T 4767 19 .1519287E+11   1100015E-01  .3919E+01  .2008E+01   .9999999  .0001548  .0000800
T 4768 19 .1519259E+11   1100013E-01 -.3062E+01  .4813E+01   .9999999 -.0000903  .0000920
T 4769 19 .1519245E+11   1100004E-01  .3592E+01  .2069E+01   .9999999  .0000403  .0000576
T 4770 19 .1519309E+11   1100014E-01 -.3190E+01  .1153E+01   .9999999 -.0001149  .0000345
T 4771 19 .1519280E+11   1100020E-01 -.9020E+01  .2089E+02   .9999999  .0000985  .0004265
T 4772 19 .1519258E+11   1100022E-01 -.4984E+00  .1714E+01   .9999999  .0000783 -.0000808
T 4773 19 .1519272E+11   1100012E-01 -.1862E+01 -.1311E+02   .9999999 -.0000182 -.0001944
T 4774 19 .1519269E+11   1100016E-01  .2900E+01 -.2077E+00   .9999999 -.0000244  .0000508
T 4775 19 .1519168E+11   1100003E-01  .7076E+00 -.5660E+01   .9999999 -.0000637 -.0001548
T 4776 19 .1519211E+11   1100017E-01  .5580E+00 -.4312E+01   .9999999  .0000091 -.0001233
T 4777 19 .1519181E+11   1100018E-01  .1847E+02 -.2768E+02   .9999999  .0003053 -.0004176
T 4778 19 .1519393E+11   1100001E-01  .1725E+01  .4135E+01   .9999999  .0000183  .0000697
T 4779 19 .1519245E+11   1100019E-01 -.9760E+01  .5562E+01   .9999999 -.0001982 -.0000004
T 4780 19 .1519382E+11   1100009E-01  .9050E+00 -.1936E+00   .9999999  .0001255 -.0001123
T 4781 19 .1519297E+11   1100004E-01 -.2769E+01 -.4060E+01   .9999999  .0000348 -.0001621
T 4782 19 .1519160E+11   1100017E-01  .1893E+01 -.2837E+01   .9999999  .0000357 -.0000199
T 4783 19 .1519344E+11   1100012E-01 -.7664E+01 -.3100E+00   .9999999 -.0001826 -.0000137
T 4784 19 .1519254E+11   1100020E-01 -.1781E+02  .1247E+02   .9999999 -.0001639  .0000965
T 4785 19 .1519164E+11   1100014E-01 -.3792E+02  .1446E+02   .9999999 -.0004656  .0002320
T 4786 19 .1519170E+11   1100003E-01  .8575E+00  .9097E+01   .9999999 -.0000118  .0001382
T 4787 19 .1519223E+11   1100012E-01 -.1170E+02  .2224E+02   .9999999 -.0000796  .0003480
T 4788 19 .1519193E+11   1100020E-01  .9239E+01 -.3297E+01   .9999999 -.0001009 -.0000734
T 4789 19 .1519121E+11   1100011E-01  .4182E+01  .7366E+01   .9999999  .0000527  .0000879
T 4790 19 .1519297E+11   1100020E-01 -.4402E+01 -.8682E+01   .9999999 -.0000899 -.0000999
T 4791 19 .1519244E+11   1100000E-01  .1016E+02 -.6078E+01   .9999999  .0001373 -.0000457
T 4792 19 .1519259E+11   1100023E-01 -.3061E+02  .1596E+02   .9999997 -.0005813  .0004521
T 4793 19 .1519171E+11   1100006E-01 -.2704E+01 -.2782E+01   .9999999 -.0000066 -.0000531
T 4794 19 .1519321E+11   1100015E-01  .1770E+02  .1223E+01   .9999999  .0002391 -.0000788
T 4795 19 .1519333E+11   1100021E-01  .1252E+02 -.6665E+01   .9999999  .0001343 -.0001717
T 4796 19 .1519166E+11   1100010E-01 -.2164E+01 -.8993E+01   .9999999  .0000498 -.0000550
T 4797 19 .1519230E+11   1100001E-01  .2216E+01  .9959E+00   .9999999 -.0001286 -.0000288
T 4798 19 .1519268E+11   1100022E-01 -.4065E+01 -.5620E+01   .9999999 -.0000773  .0000082
T 4799 19 .1519209E+11   1100016E-01 -.4621E+01  .6650E+01   .9999999  .0000073  .0001441
T 4800 19 .1519201E+11   1100022E-01  .2217E+01  .4703E+00   .9999999  .0002315  .0001346
T 4801 19 .1519308E+11   1100006E-01  .4991E+01 -.6440E+01   .9999999  .0000671 -.0000736
T 4802 19 .1519203E+11   1100015E-01 -.1002E+01 -.1599E+02   .9999999  .0000357 -.0002200
T 4803 19 .1519021E+11   1100006E-01  .5171E+01  .2890E+01   .9999999  .0000351  .0000609
T 4804 19 .1519221E+11   1100010E-01  .5798E+01 -.4960E+01   .9999999  .0001214 -.0000869
T 4805 19 .1519155E+11   1100014E-01  .3863E+01  .9140E+01   .9999999  .0000543  .0001046
T 4806 19 .1519278E+11   1100018E-01 -.2390E+02 -.6831E+01   .9999999 -.0003303 -.0000253
T 4807 19 .1519253E+11   1100007E-01 -.5571E+01  .5261E+01   .9999999 -.0000566  .0000472
T 4808 19 .1519433E+11   1100005E-01 -.7311E-01 -.1348E+02   .9999999 -.0000822 -.0001871
T 4809 19 .1519356E+11   1100015E-01  .1598E+01  .2385E+01   .9999999  .0000891 -.0001452
T 4810 19 .1519323E+11   1100021E-01  .5885E+00 -.1134E+02   .9999999  .0000737 -.0001519
T 4811 19 .1519267E+11   1100019E-01 -.5965E+01  .1196E+02   .9999999 -.0000715  .0001319
T 4812 19 .1519383E+11   1100018E-01 -.7642E+01  .5333E+01   .9999999 -.0000773  .0001248
T 4813 19 .1519384E+11   1100000E-01  .1924E+02  .6532E+01   .9999999  .0003269  .0001808
T 4814 19 .1519175E+11   1100014E-01 -.2941E+01  .3406E+01   .9999999 -.0001001 -.0001199
T 4815 19 .1519334E+11   1100012E-01  .5126E+01 -.2102E+01   .9999999  .0000756  .0001506
T 4816 19 .1519361E+11   1100015E-01  .1729E+01  .1059E+02   .9999999  .0001147  .0001357
T 4817 19 .1519424E+11   1100004E-01 -.5274E+01  .1168E+02   .9999999 -.0000606  .0002039
T 4818 19 .1519233E+11   1100008E-01  .2052E+00  .2572E+02   .9999999  .0000134  .0003844
T 4819 19 .1519289E+11   1100002E-01 -.3161E+02  .1169E+02   .9999999 -.0003213  .0001266
T 4820 19 .1519257E+11   1100021E-01  .1115E+02 -.3097E+01   .9999999  .0001694 -.0000708
T 4821 19 .1519202E+11   1100010E-01 -.1375E+01 -.5640E+01   .9999999  .0000796 -.0000809
T 4822 19 .1519170E+11   1100013E-01 -.1585E+02 -.1968E+01   .9999999 -.0002180 -.0000222
T 4823 19 .1519209E+11   1100010E-01 -.7037E+01 -.1251E+02   .9999999 -.0001031 -.0002478
T 4824 19 .1519316E+11   1100003E-01 -.4082E+00 -.3859E+01   .9999999  .0000727  .0000825
T 4825 19 .1519283E+11   1100017E-01  .1638E+02 -.7654E+01   .9999999  .0002404 -.0001216
T 4826 19 .1519296E+11   1100020E-01  .7192E+01 -.3214E+01   .9999999  .0001510  .0000312
T 4827 19 .1519404E+11   1100021E-01  .4915E+01  .1106E+02   .9999999  .0002183  .0001315
T 4828 19 .1519185E+11   1100007E-01 -.5599E+01 -.8163E+00   .9999999 -.0001172  .0000145
T 4829 19 .1519293E+11   1100021E-01 -.3863E+01 -.4767E+01   .9999999 -.0000262 -.0001448
T 4830 19 .1519092E+11   1100000E-01 -.1972E+02  .1615E+02   .9999999 -.0002277  .0002494
T 4831 19 .1519358E+11   1100004E-01 -.2914E+02 -.1769E+02   .9999999 -.0004004 -.0002379
T 4832 19 .1519321E+11   1100022E-01  .4698E+01 -.1344E+01   .9999999  .0001456 -.0000103
T 4833 19 .1519185E+11   1100000E-01 -.1031E+02  .7428E+01   .9999999 -.0000276  .0001226
T 4834 19 .1519256E+11   1100015E-01 -.1439E+02  .1443E+02   .9999999 -.0001222  .0001627
T 4835 19 .1519415E+11   1100000E-01  .5255E+01  .1858E+02   .9999999 -.0000189  .0003731
T 4836 19 .1519335E+11   1100014E-01  .5765E+01 -.5059E+01   .9999999 -.0000011  .0000363
T 4837 19 .1519218E+11   1100000E-01 -.1228E+02 -.3351E+00   .9999999 -.0001286  .0000019
T 4838 19 .1519227E+11   1100012E-01  .1919E+02 -.4892E+02   .9999999  .0000289 -.0003382
T 4839 19 .1519201E+11   1100019E-01 -.5550E+01 -.3204E+01   .9999999 -.0001234  .0001425
T 4840 19 .1519233E+11   1100002E-01  .6048E+01 -.3473E+01   .9999999  .0000371 -.0000660
T 4841 19 .1519226E+11   1100008E-01 -.1150E+01  .1223E+02   .9999999 -.0000239  .0002615
T 4842 19 .1519311E+11   1100013E-01  .8559E+01  .6898E+01   .9999999  .0001627  .0001324
T 4843 19 .1519290E+11   1100017E-01  .4668E+01  .2225E+02   .9999999  .0001642  .0002754
T 4844 19 .1519348E+11   1100006E-01  .2833E+01  .2392E+01   .9999999  .0000549  .0000530
T 4845 19 .1519222E+11   1100008E-01 -.3400E+01  .3094E+01   .9999999 -.0000661  .0000006
T 4846 19 .1519225E+11   1100006E-01  .1618E+01  .1713E+00   .9999999  .0000450  .0000510
T 4847 19 .1519267E+11   1100019E-01  .1181E+02 -.1555E+02   .9999998  .0004658 -.0003087
T 4848 19 .1519151E+11   1100022E-01 -.4955E+01 -.1117E+02   .9999999 -.0001060 -.0000477
T 4849 19 .1519270E+11   1100019E-01  .9809E+00  .4064E+01   .9999999 -.0000888  .0001444
T 4850 19 .1519283E+11   1100022E-01  .9730E+01 -.3152E+01   .9999999  .0001210 -.0000407
T 4851 19 .1519245E+11   1100022E-01  .6108E+01 -.1352E+01   .9999999  .0000173 -.0001300
T 4852 19 .1519152E+11   1100011E-01  .7823E+01  .9129E+01   .9999999  .0001059  .0000945
T 4853 19 .1519233E+11   1100016E-01 -.2733E+02  .2560E+02   .9999999 -.0002347  .0002609
T 4854 19 .1519356E+11   1100014E-01 -.3942E+01 -.5021E+01   .9999999 -.0001042 -.0000334
T 4855 19 .1519252E+11   1100016E-01 -.5832E+01 -.3318E+01   .9999999 -.0000845  .0000066
T 4856 19 .1519307E+11   1100001E-01 -.2517E+01 -.2419E+01   .9999999 -.0000671  .0000082
T 4857 19 .1519332E+11   1100014E-01  .1701E+02  .2568E+01   .9999999  .0002460 -.0000167
T 4858 19 .1519141E+11   1100010E-01  .3002E+01  .4441E+00   .9999999 -.0000784 -.0000305
T 4859 19 .1519228E+11   1100022E-01  .2852E+01  .1616E+02   .9999999 -.0001176  .0001018
T 4860 19 .1519200E+11   1100006E-01  .1137E+02  .1082E+02   .9999999  .0001490  .0001643
T 4861 19 .1519502E+11   1100016E-01  .5295E+01  .1592E+02   .9999999  .0001234  .0000054
T 4862 19 .1519311E+11   1100012E-01 -.4718E+01 -.6300E+01   .9999999  .0000323 -.0001770
T 4863 19 .1519245E+11   1100011E-01  .7996E+01 -.2169E+01   .9999999  .0000617 -.0000979
T 4864 19 .1519270E+11   1100013E-01  .1432E+02 -.1051E+02   .9999999  .0002250 -.0002067
T 4865 19 .1519370E+11   1100016E-01 -.1174E+02 -.1221E+02   .9999999 -.0001994 -.0001565
T 4866 19 .1519343E+11   1100001E-01  .1574E+00  .1033E+02   .9999999  .0000429  .0001810
T 4867 19 .1519216E+11   1100004E-01 -.2831E+01 -.4665E+01   .9999999 -.0000881 -.0002281
T 4868 19 .1519276E+11   1100012E-01 -.5677E+01  .2621E+01   .9999999 -.0001362  .0000274
T 4869 19 .1519305E+11   1100008E-01  .2755E+02  .1394E+02   .9999999  .0002853  .0001187
T 4870 19 .1519247E+11   1100016E-01 -.6654E+01  .8000E+01   .9999999 -.0002245  .0001851
T 4871 19 .1519259E+11   1100019E-01  .7734E+01  .8800E+01   .9999999  .0000907  .0001720
T 4872 19 .1519270E+11   1100015E-01 -.1870E+01 -.1217E+02   .9999999 -.0001207 -.0001823
T 4873 19 .1519220E+11   1100019E-01  .3800E-01  .1129E+02   .9999999  .0000027  .0002157
T 4874 19 .1519316E+11   1100016E-01 -.8175E+00  .1482E+01   .9999999  .0000542 -.0000005
T 4875 19 .1519247E+11   1100008E-01  .6020E+01 -.1860E+01   .9999999  .0001026  .0000017
T 4876 19 .1519206E+11   1100019E-01 -.4195E+01  .5720E+01   .9999999  .0000926  .0000410
T 4877 19 .1519169E+11   1100006E-01 -.3930E+01  .1317E+01   .9999999 -.0000398  .0000466
T 4878 19 .1519314E+11   1100014E-01 -.4925E+01  .8329E+01   .9999999 -.0000360  .0001485
T 4879 19 .1519332E+11   1100019E-01 -.3652E+02  .1258E+02   .9999998 -.0005293  .0002369
T 4880 19 .1519343E+11   1100016E-01 -.7551E+01 -.1398E+02   .9999999 -.0001295 -.0002056
T 4881 19 .1519296E+11   1100008E-01 -.4342E+01 -.1102E+02   .9999999 -.0000959 -.0001378
T 4882 19 .1519292E+11   1100004E-01 -.1357E+02 -.1809E+02   .9999999 -.0002783 -.0003706
T 4883 19 .1519239E+11   1100010E-01 -.1110E+02 -.8643E+01   .9999999 -.0002125 -.0001058
T 4884 19 .1519408E+11   1100002E-01  .1260E+02 -.5430E+01   .9999999  .0001605 -.0001051
T 4885 19 .1519182E+11   1100009E-01 -.1207E+01  .8158E+00   .9999999 -.0000147  .0000610
T 4886 19 .1519316E+11   1100022E-01  .1094E+02  .1228E+01   .9999999  .0001804  .0000701
T 4887 19 .1519295E+11   1100000E-01  .7459E+01  .3241E+01   .9999999  .0001002  .0000443
T 4888 19 .1519276E+11   1100006E-01 -.1616E+02  .1639E+02   .9999999 -.0002448  .0001750
T 4889 19 .1519341E+11   1100000E-01  .5471E+00 -.6032E+01   .9999999  .0000443 -.0001500
T 4890 19 .1519292E+11   1100011E-01  .5212E-01  .1636E+02   .9999999 -.0000548  .0002433
T 4891 19 .1519153E+11   1100012E-01  .1754E+01 -.1689E+02   .9999999 -.0001131 -.0000849
T 4892 19 .1519186E+11   1100021E-01 -.9121E+01 -.7740E+01   .9999999 -.0001888 -.0000556
T 4893 19 .1519317E+11   1100005E-01  .2673E+01 -.1534E+02   .9999999  .0000883 -.0002567
T 4894 19 .1519367E+11   1100020E-01  .5035E+01 -.6562E+01   .9999999  .0001059 -.0000148
T 4895 19 .1519212E+11   1100018E-01 -.1755E+02  .2923E+01   .9999999 -.0003156  .0001350
T 4896 19 .1519299E+11   1100016E-01  .1591E+01  .2188E+01   .9999999 -.0000578  .0001419
T 4897 19 .1519352E+11   1100004E-01 -.7114E+01 -.1113E+02   .9999999 -.0001104 -.0002432
T 4898 19 .1519366E+11   1100019E-01 -.5034E+01 -.9998E+01   .9999999 -.0001470 -.0002235
T 4899 19 .1519336E+11   1100002E-01 -.1169E+01 -.1202E+01   .9999999 -.0000540 -.0000575
T 4900 19 .1519203E+11   1100002E-01 -.6074E+01  .1149E+02   .9999999 -.0001929  .0001632
T 4901 19 .1519216E+11   1100008E-01  .8932E+01  .3361E+01   .9999999  .0002275  .0001225
T 4902 19 .1519230E+11   1100004E-01 -.7034E+01  .6839E+00   .9999999 -.0000613 -.0000085
T 4903 19 .1519152E+11   1100022E-01 -.3977E+01 -.4245E+01   .9999999 -.0002152  .0000105
T 4904 19 .1519315E+11   1100004E-01  .1658E+01 -.3865E+01   .9999999  .0000443  .0000943
T 4905 19 .1519333E+11   1100004E-01  .4291E+01 -.2468E+01   .9999999  .0001081 -.0001080
T 4906 19 .1519231E+11   1100015E-01  .3604E+01  .4820E+01   .9999999  .0000806  .0000981
T 4907 19 .1519327E+11   1100005E-01 -.6444E+01 -.5520E+01   .9999999 -.0001169 -.0000862
T 4908 19 .1519185E+11   1100022E-01 -.8929E+01 -.1092E+00   .9999999 -.0001125 -.0000487
T 4909 19 .1519443E+11   1100023E-01 -.2577E+01 -.3049E+01   .9999999  .0000357 -.0000779
T 4910 19 .1519275E+11   1100007E-01  .3034E+01  .5776E+01   .9999999  .0000964 -.0000265
T 4911 19 .1519275E+11   1100003E-01  .1131E+00  .7359E+01   .9999999  .0001149  .0000837
T 4912 19 .1519259E+11   1100004E-01 -.8567E+01  .9112E+01   .9999999 -.0002042  .0002378
T 4913 19 .1519404E+11   1100019E-01  .8599E+01 -.9827E+01   .9999999  .0002622 -.0003665
T 4914 19 .1519400E+11   1100004E-01  .2021E+00  .5710E+01   .9999999 -.0000290  .0000960
T 4915 19 .1519236E+11   1100013E-01  .5524E+01  .1778E+02   .9999999  .0002020  .0002045
T 4916 19 .1519294E+11   1100011E-01 -.9358E+01 -.6410E+01   .9999999 -.0001955 -.0002076
T 4917 19 .1519120E+11   1100008E-01 -.6384E+01 -.2953E+02   .9999999 -.0001267 -.0004067
T 4918 19 .1519285E+11   1100022E-01 -.1725E+01  .1494E+01   .9999999  .0000592  .0000024
T 4919 19 .1519346E+11   1100023E-01 -.1359E+02 -.4107E+01   .9999999 -.0001764 -.0000879
T 4920 19 .1519234E+11   1100014E-01 -.1528E+02  .5190E+01   .9999999 -.0001889  .0000419
T 4921 19 .1519261E+11   1100017E-01 -.2733E+01  .4646E+01   .9999999 -.0000859  .0000289
T 4922 19 .1519301E+11   1100016E-01  .4360E+01  .6921E+01   .9999999  .0001001  .0001255
T 4923 19 .1519213E+11   1100007E-01  .3459E+01  .3368E+01   .9999999  .0000202  .0000609
T 4924 19 .1519300E+11   1100019E-01 -.1212E+02 -.3819E+01   .9999999 -.0002753 -.0001413
T 4925 19 .1519349E+11   1100008E-01 -.1749E+02 -.4590E+02   .9999999 -.0000730 -.0005291
T 4926 19 .1519212E+11   1100018E-01  .2159E+02 -.6277E+01   .9999999  .0001884 -.0001372
T 4927 19 .1519326E+11   1100011E-01  .1612E+01 -.8303E+01   .9999999 -.0000244 -.0000825
T 4928 19 .1519234E+11   1100018E-01  .2410E+02 -.7316E+01   .9999999  .0002249 -.0001274
T 4929 19 .1519250E+11   1100000E-01 -.1998E+02  .2737E+01   .9999999 -.0001556  .0000315
T 4930 19 .1519251E+11   1100016E-01  .5217E+01 -.1207E+01   .9999999  .0000335 -.0000452
T 4931 19 .1519384E+11   1100015E-01  .1854E+01  .6647E+01   .9999999 -.0000412  .0001519
T 4932 19 .1519258E+11   1100015E-01  .3582E+02  .8206E+01   .9999999  .0004404  .0000873
T 4933 19 .1519184E+11   1100006E-01  .3565E+01 -.9687E+01   .9999999  .0000017 -.0001450
T 4934 19 .1519238E+11   1100010E-01 -.3635E+00 -.8952E+00   .9999999 -.0000047 -.0000516
T 4935 19 .1519310E+11   1100001E-01 -.1413E+02 -.1548E+02   .9999999 -.0001583 -.0002244
T 4936 19 .1519251E+11   1100018E-01  .5131E+01  .5988E+01   .9999999  .0000179  .0000846
T 4937 19 .1519232E+11   1100012E-01 -.1239E+02  .9875E+01   .9999999 -.0002132  .0000246
T 4938 19 .1519301E+11   1100020E-01 -.1332E+02 -.2823E+01   .9999999 -.0001278  .0001471
T 4939 19 .1519265E+11   1100021E-01  .1420E+02  .1127E+01   .9999999  .0001450 -.0000444
T 4940 19 .1519213E+11   1100010E-01  .3313E+01 -.1375E+01   .9999999  .0000244 -.0000172
T 4941 19 .1519177E+11   1100005E-01 -.1109E+02  .8614E+01   .9999999 -.0001365  .0000644
T 4942 19 .1519177E+11   1100008E-01  .9621E+01  .2114E+01   .9999999 -.0000686 -.0000711
T 4943 19 .1519277E+11   1100015E-01  .3139E+01  .3673E+01   .9999999  .0000023 -.0000799
T 4944 19 .1519235E+11   1100018E-01  .2343E+01  .1318E+02   .9999999  .0001116  .0003195
T 4945 19 .1519300E+11   1100008E-01  .9645E+01 -.1664E+01   .9999999  .0000930 -.0002697
T 4946 19 .1519421E+11   1100001E-01  .1533E+02  .3254E+01   .9999999  .0001742  .0000541
T 4947 19 .1519226E+11   1100010E-01 -.4328E+01  .1298E+02   .9999999 -.0000849  .0002098
T 4948 19 .1519224E+11   1100004E-01 -.8988E+01 -.2346E+01   .9999999 -.0001860 -.0000119
T 4949 19 .1519208E+11   1100012E-01  .6873E+01 -.3606E+01   .9999999  .0001085  .0000407
T 4950 19 .1519249E+11   1100017E-01  .4017E+00  .9055E+01   .9999999  .0000610  .0001152
T 4951 19 .1519199E+11   1100001E-01  .1141E+02 -.1737E+02   .9999999  .0002128 -.0003960
T 4952 19 .1519311E+11   1100000E-01 -.3364E+01 -.1458E+01   .9999999 -.0000361 -.0000363
T 4953 19 .1519271E+11   1100010E-01 -.1379E+02 -.5455E+01   .9999999 -.0002247 -.0001321
T 4954 19 .1519354E+11   1100020E-01  .4763E+01 -.6157E+01   .9999999  .0000794 -.0000915
T 4955 19 .1519335E+11   1100018E-01 -.6805E+01  .1546E+02   .9999999 -.0001160  .0001178
T 4956 19 .1519205E+11   1100007E-01 -.3547E+02  .4532E+01   .9999996 -.0009160  .0000864
T 4957 19 .1519313E+11   1100020E-01 -.2366E+02  .1163E+00   .9999999 -.0002156 -.0000188
T 4958 19 .1519247E+11   1100011E-01  .1669E+01 -.5642E+01   .9999999  .0000577 -.0000488
T 4959 19 .1519220E+11   1100008E-01 -.3356E+01  .2804E+00   .9999999 -.0000520 -.0000653
T 4960 19 .1519429E+11   1100015E-01 -.1293E+01  .4703E+01   .9999999  .0001955  .0000856
T 4961 19 .1519208E+11   1100010E-01  .1541E+02  .1964E+02   .9999999  .0000683  .0004377
T 4962 19 .1519197E+11   1100010E-01  .1697E+01  .5282E+01   .9999999  .0000558  .0004807
T 4963 19 .1519282E+11   1100010E-01 -.8840E+01  .1389E+02   .9999999 -.0001256  .0001814
T 4964 19 .1519261E+11   1100019E-01  .1003E+02  .4122E+01   .9999999  .0001371 -.0000339
T 4965 19 .1519065E+11   1100022E-01 -.1059E+02  .7883E+00   .9999999 -.0001727  .0000749
T 4966 19 .1519469E+11   1100008E-01  .3907E+01  .3988E+01   .9999999  .0000307  .0000380
T 4967 19 .1519187E+11   1100021E-01  .1084E+02 -.9197E+01   .9999999  .0001778 -.0001025
T 4968 19 .1519174E+11   1100014E-01 -.8185E+01  .1579E+02   .9999999 -.0000975  .0002950
T 4969 19 .1519270E+11   1100002E-01  .4471E+01 -.1074E+02   .9999999 -.0000480 -.0002492
T 4970 19 .1519126E+11   1100017E-01  .2759E+01 -.1305E+01   .9999999 -.0000688 -.0000289
T 4971 19 .1519362E+11   1100012E-01  .8151E+01 -.3848E+01   .9999999  .0000900 -.0001136
T 4972 19 .1519221E+11   1100013E-01 -.1236E+02  .9114E+01   .9999999 -.0002089  .0002413
T 4973 19 .1519103E+11   1100008E-01 -.1715E+01 -.1456E+02   .9999999 -.0000128 -.0001574
T 4974 19 .1519191E+11   1100013E-01  .5009E+01 -.2079E+02   .9999999  .0000248 -.0003487
T 4975 19 .1519192E+11   1100022E-01  .1483E+01  .2358E+01   .9999999 -.0000617  .0001417
T 4976 19 .1519375E+11   1100012E-01 -.4310E+01 -.2880E+01   .9999999 -.0000811 -.0000899
T 4977 19 .1519298E+11   1100004E-01  .7056E+01 -.1879E+02   .9999999  .0001348 -.0002438
T 4978 19 .1519325E+11   1100011E-01  .5496E+01 -.7207E+01   .9999999 -.0000008 -.0001094
T 4979 19 .1519266E+11   1100007E-01 -.5681E+01 -.6603E+01   .9999999 -.0000374 -.0001260
T 4980 19 .1519399E+11   1100005E-01  .3621E+01  .3047E+01   .9999999 -.0000854  .0002392
T 4981 19 .1519376E+11   1100016E-01  .1547E+02  .1316E+01   .9999999  .0002316  .0000598
T 4982 19 .1519159E+11   1100005E-01  .6978E+01 -.8443E+01   .9999999  .0001540 -.0001034
T 4983 19 .1519196E+11   1100017E-01  .1085E+01  .3023E+00   .9999999 -.0001069 -.0000511
T 4984 19 .1519302E+11   1100015E-01  .6313E+01 -.4316E+01   .9999999  .0001091 -.0000057
T 4985 19 .1519311E+11   1100005E-01 -.5408E+01  .6371E+01   .9999999 -.0000829  .0001293
T 4986 19 .1519259E+11   1100006E-01  .1291E+01 -.7341E+01   .9999999  .0000521 -.0000867
T 4987 19 .1519374E+11   1100006E-01  .2000E+01  .1651E+01   .9999999  .0000357  .0000570
T 4988 19 .1519359E+11   1100021E-01  .2850E+00  .5953E+01   .9999999 -.0000650  .0000661
T 4989 19 .1519260E+11   1100011E-01 -.7373E+01  .4791E+00   .9999999 -.0000424  .0000405
T 4990 19 .1519200E+11   1100019E-01  .1214E+02 -.1121E+02   .9999999  .0001059 -.0002035
T 4991 19 .1519327E+11   1100019E-01 -.1014E+02  .7070E+01   .9999999 -.0001472  .0001191
T 4992 19 .1519196E+11   1100016E-01  .3355E+01 -.1104E+02   .9999999  .0000480 -.0002484
T 4993 19 .1519244E+11   1100017E-01 -.9154E-01 -.3355E+01   .9999999  .0000291 -.0000242
T 4994 19 .1519211E+11   1100005E-01 -.9596E+01 -.2618E+01   .9999999 -.0001243  .0002925
T 4995 19 .1519273E+11   1100013E-01  .2291E+01 -.9448E+01   .9999999  .0001237 -.0001051
T 4996 19 .1519254E+11   1100002E-01  .5441E+01  .3300E+01   .9999999  .0000568 -.0000368
T 4997 19 .1519278E+11   1100009E-01  .6855E+01 -.7340E+01   .9999999  .0001990 -.0000929
T 4998 19 .1519295E+11   1100009E-01 -.5249E+01 -.1758E+02   .9999999 -.0000175 -.0003535
T 4999 19 .1519351E+11   1100014E-01  .3087E+02 -.1851E+02   .9999998  .0005181 -.0003116
T 5000 19 .1519313E+11   1100018E-01 -.1182E+02  .3118E+01   .9999999 -.0001444  .0000036
T 5001 19 .1519227E+11   1100010E-01  .1112E+02 -.5779E+01   .9999999  .0002259 -.0001609
T 5002 19 .1519228E+11   1100003E-01 -.9335E+01 -.6739E+01   .9999999 -.0001170 -.0001612
T 5003 19 .1519348E+11   1100004E-01 -.2752E+01 -.2386E+01   .9999999 -.0000166 -.0000010
T 5004 19 .1519342E+11   1100006E-01  .1241E+01  .5443E+01   .9999999  .0000719  .0000448
T 5005 19 .1519246E+11   1100021E-01 -.1077E+02  .2841E+01   .9999999 -.0001989 -.0001278
T 5006 19 .1519220E+11   1100021E-01 -.7438E+01 -.5400E+01   .9999999 -.0001227 -.0000917
T 5007 19 .1519193E+11   1100001E-01  .1469E+02  .5052E+01   .9999999  .0002324  .0000337
T 5008 19 .1519195E+11   1100014E-01 -.1330E+02 -.6318E+01   .9999999 -.0001643  .0000270
T 5009 19 .1519335E+11   1100014E-01 -.1474E+02  .2743E+01   .9999999 -.0001622  .0000987
T 5010 19 .1519310E+11   1100008E-01  .7775E+01 -.4233E+01   .9999999  .0002931  .0000313
T 5011 19 .1519299E+11   1100020E-01 -.9546E+01 -.5201E+01   .9999999 -.0001217 -.0001086
T 5012 19 .1519396E+11   1100001E-01 -.1285E+02 -.6644E+01   .9999999 -.0001991 -.0000308
T 5013 19 .1519271E+11   1100020E-01 -.5382E+01 -.2174E+02   .9999999 -.0000152 -.0004054
T 5014 19 .1519305E+11   1100021E-01 -.1275E+02  .1059E+02   .9999999 -.0001877  .0001388
T 5015 19 .1519197E+11   1100016E-01 -.2661E+00 -.1779E+02   .9999999  .0000025 -.0001036
T 5016 19 .1519147E+11   1100008E-01  .2668E+01  .4412E+01   .9999999 -.0000525 -.0000773
T 5017 19 .1519205E+11   1100009E-01  .4991E+00  .1780E+01   .9999999 -.0001098  .0000822
T 5018 19 .1519276E+11   1100007E-01 -.1001E+02  .4190E+00   .9999999 -.0000796  .0000877
T 5019 19 .1519201E+11   1100015E-01  .3049E+02 -.5913E+01   .9999999  .0002992 -.0000918
T 5020 19 .1519332E+11   1100002E-01 -.5017E+01 -.5272E+01   .9999999 -.0001599  .0001345
T 5021 19 .1519370E+11   1100014E-01 -.2693E+01 -.1037E+01   .9999999 -.0000696 -.0002639
T 5022 19 .1519354E+11   1100019E-01  .1564E+02  .4589E+01   .9999999  .0001517  .0000290
T 5023 19 .1519259E+11   1100022E-01  .6398E+00  .8682E+01   .9999999  .0000012  .0001200
T 5024 19 .1519335E+11   1100013E-01  .1803E+02 -.1629E+02   .9999999  .0001557 -.0002051
T 5025 19 .1519449E+11   1100004E-01 -.9935E+01 -.7003E+01   .9999999 -.0000732 -.0000122
T 5026 19 .1519250E+11   1100022E-01 -.7717E+01  .8885E+01   .9999999 -.0001375  .0002033
T 5027 19 .1519416E+11   1100017E-01 -.7521E+01  .5635E+01   .9999999  .0000238  .0001162
T 5028 19 .1519404E+11   1100010E-01  .8741E+01 -.2716E+02   .9999999  .0001662 -.0005025
T 5029 19 .1519292E+11   1100010E-01  .4762E+01  .1680E+01   .9999999  .0000806  .0000458
T 5030 19 .1519352E+11   1100016E-01 -.4763E+01 -.1137E+02   .9999999  .0000160 -.0001807
T 5031 19 .1519122E+11   1100013E-01  .7455E+01 -.2668E+01   .9999999  .0000794 -.0001106
T 5032 19 .1519264E+11   1100012E-01 -.1640E+02  .4250E+02   .9999997 -.0003048  .0006749
T 5033 19 .1519254E+11   1100001E-01  .1083E+02  .3769E+00   .9999999  .0001745 -.0000657
T 5034 19 .1519153E+11   1100016E-01 -.1858E+02  .2378E+02   .9999999 -.0002880  .0003615
T 5035 19 .1519147E+11   1100017E-01 -.1213E+02 -.1110E+02   .9999999 -.0002860 -.0002036
T 5036 19 .1519266E+11   1100021E-01  .8439E+00  .1916E+02   .9999999  .0000082  .0002922
T 5037 19 .1519217E+11   1100018E-01 -.1698E+02  .1532E+02   .9999999 -.0002922  .0002382
T 5038 19 .1519234E+11   1100004E-01  .5319E+01 -.1383E+02   .9999999  .0000665 -.0001423
T 5039 19 .1519307E+11   1100015E-01  .5517E+01 -.1314E+02   .9999999  .0000458 -.0002055
T 5040 19 .1519360E+11   1100014E-01 -.1463E+02 -.1590E+02   .9999999 -.0001409 -.0001509
T 5041 19 .1519361E+11   1100013E-01 -.9436E+01 -.2913E+01   .9999999 -.0001637 -.0000462
T 5042 19 .1519269E+11   1100008E-01  .4677E+01 -.8455E+01   .9999999 -.0000286 -.0001761
T 5043 19 .1519172E+11   1100020E-01 -.1735E+02 -.3252E+01   .9999999 -.0002770 -.0000822
T 5044 19 .1519322E+11   1100016E-01  .5846E+01  .5565E+01   .9999999  .0001192  .0001181
T 5045 19 .1519283E+11   1100019E-01 -.9459E+01  .9421E+01   .9999999 -.0001061  .0001634
T 5046 19 .1519202E+11   1100010E-01 -.1466E+01  .1450E+02   .9999999  .0000490  .0002455
T 5047 19 .1519213E+11   1100015E-01  .1161E+02 -.7627E+01   .9999999  .0002139 -.0000982
T 5048 19 .1519365E+11   1100020E-01 -.2893E+01 -.1454E+01   .9999999  .0000120  .0000299
T 5049 19 .1519263E+11   1100012E-01 -.1591E+01  .1164E+02   .9999999 -.0001250  .0003793
T 5050 19 .1519314E+11   1100012E-01  .5926E+00  .5485E+01   .9999999  .0000955  .0000606
T 5051 19 .1519247E+11   1100016E-01 -.6499E+00  .1561E+01   .9999999  .0000025  .0000445
T 5052 19 .1519327E+11   1100019E-01 -.4429E+00  .1348E+02   .9999999  .0000351  .0001601
T 5053 19 .1519273E+11   1100023E-01 -.5734E+01 -.8525E+01   .9999999 -.0001527 -.0000689
T 5054 19 .1519314E+11   1100019E-01 -.7617E+01  .5126E+01   .9999999 -.0000837 -.0000203
T 5055 19 .1519245E+11   1100022E-01  .4235E+01 -.1185E+00   .9999999  .0000571  .0001339
T 5056 19 .1519215E+11   1100006E-01  .1937E+01  .1028E+01   .9999999  .0000362  .0000111
T 5057 19 .1519347E+11   1100001E-01 -.3570E+01 -.9245E+01   .9999999  .0000172 -.0001186
T 5058 19 .1519268E+11   1100009E-01  .2609E+02  .8333E+01   .9999998  .0005977  .0000630
T 5059 19 .1519184E+11   1100020E-01 -.5453E+01  .9145E+01   .9999999 -.0000225  .0001495
T 5060 19 .1519181E+11   1100015E-01 -.7485E+01  .7919E+01   .9999999 -.0001937  .0001272
T 5061 19 .1519313E+11   1100014E-01 -.6608E+01  .1097E+01   .9999999 -.0002255 -.0001448
T 5062 19 .1519262E+11   1100018E-01  .1904E+02 -.5780E+01   .9999999  .0002069 -.0001782
T 5063 19 .1519315E+11   1100007E-01 -.8687E+01 -.2252E+01   .9999999 -.0001372 -.0000115
T 5064 19 .1519330E+11   1100009E-01 -.1532E+02 -.8540E+00   .9999999 -.0001121  .0002249
T 5065 19 .1519144E+11   1100013E-01  .7853E+00  .4691E+01   .9999999 -.0001464  .0001978
T 5066 19 .1519275E+11   1100006E-01 -.5959E+00  .9467E+01   .9999999 -.0000240  .0001269
T 5067 19 .1519243E+11   1100018E-01  .3978E+01  .7609E+01   .9999999  .0000963  .0000750
T 5068 19 .1519429E+11   1100014E-01  .8972E+01  .1582E+00   .9999999  .0001566 -.0000175
T 5069 19 .1519292E+11   1100013E-01  .2798E+02 -.1576E+02   .9999999  .0002861 -.0001978
T 5070 19 .1519351E+11   1100005E-01  .1503E+02 -.4864E+01   .9999999  .0003450 -.0003487
T 5071 19 .1519122E+11   1100019E-01 -.3621E+01 -.9104E+01   .9999999 -.0000037 -.0001242
T 5072 19 .1519330E+11   1100009E-01 -.6024E+01 -.1575E+02   .9999999 -.0001630 -.0001165
T 5073 19 .1519289E+11   1100014E-01  .2827E+01 -.2823E+01   .9999999  .0000698  .0000018
T 5074 19 .1519318E+11   1100016E-01 -.1884E+01  .7306E+01   .9999999 -.0000261  .0001292
T 5075 19 .1519316E+11   1100017E-01 -.7804E+00  .6045E+01   .9999999 -.0000648  .0001730
T 5076 19 .1519364E+11   1100011E-01 -.1178E+02  .2468E+01   .9999999 -.0002994  .0000849
T 5077 19 .1519295E+11   1100007E-01 -.4608E+01  .5483E+01   .9999999 -.0000382  .0000894
T 5078 19 .1519245E+11   1100015E-01  .3133E+02  .1836E+02   .9999999  .0004165  .0002476
T 5079 19 .1519178E+11   1100023E-01  .9107E+01 -.1173E+00   .9999999  .0001067  .0000246
T 5080 19 .1519342E+11   1100019E-01 -.2845E+01 -.3983E+01   .9999999 -.0001745 -.0000479
T 5081 19 .1519305E+11   1100014E-01 -.5470E+01  .9386E+01   .9999999 -.0000267  .0001668
T 5082 19 .1519232E+11   1100021E-01 -.2355E+01 -.4436E+00   .9999999 -.0000306  .0000233
T 5083 19 .1519178E+11   1100010E-01  .8240E+01  .4159E+01   .9999999  .0001036  .0000796
T 5084 19 .1519371E+11   1100018E-01  .6548E+01 -.1008E+02   .9999999  .0001140 -.0001398
T 5085 19 .1519088E+11   1100020E-01  .1626E+01  .1028E+02   .9999999 -.0000959  .0003019
T 5086 19 .1519366E+11   1100020E-01 -.1785E+00 -.2378E+02   .9999999 -.0000358 -.0003054
T 5087 19 .1519245E+11   1100007E-01 -.9631E+01 -.4827E+01   .9999999 -.0001082 -.0000697
T 5088 19 .1519137E+11   1100019E-01  .1219E+02 -.1127E+01   .9999999  .0001966 -.0000299
T 5089 19 .1519300E+11   1100015E-01 -.4598E+01  .1120E+01   .9999999  .0000926 -.0000272
T 5090 19 .1519259E+11   1100006E-01  .2062E+02 -.6775E+01   .9999999  .0002826  .0000568
T 5091 19 .1519252E+11   1100016E-01 -.1565E+01  .8689E+01   .9999999  .0000242  .0001481
T 5092 19 .1519238E+11   1100020E-01 -.4797E+01  .1088E+02   .9999999 -.0000859 -.0000093
T 5093 19 .1519231E+11   1100007E-01 -.9586E+01  .1132E+02   .9999999 -.0002887  .0001632
T 5094 19 .1519249E+11   1100017E-01  .1193E+01  .2078E+01   .9999999  .0000135  .0002901
T 5095 19 .1519261E+11   1100007E-01  .4585E+00 -.6119E+01   .9999999  .0000858 -.0001266
T 5096 19 .1519147E+11   1100019E-01  .2562E+01  .5063E+01   .9999999  .0000904  .0001661
T 5097 19 .1519283E+11   1100016E-01  .3436E+01 -.5472E+01   .9999999 -.0000089 -.0001260
T 5098 19 .1519238E+11   1100015E-01 -.6285E+01 -.6389E+01   .9999999 -.0001021 -.0000864
T 5099 19 .1519328E+11   1100007E-01 -.4304E+01  .9876E-01   .9999999 -.0000565 -.0000133
T 5100 19 .1519331E+11   1100021E-01 -.6293E+01  .3410E+01   .9999999  .0000070  .0000195
T 5101 19 .1519170E+11   1100002E-01  .1865E+02 -.5961E+01   .9999999  .0001968  .0001529
T 5102 19 .1519284E+11   1100022E-01  .4398E+01 -.3971E+02   .9999999 -.0000078 -.0003196
T 5103 19 .1519310E+11   1100007E-01 -.2921E+01 -.1399E+00   .9999999 -.0000796  .0000664
T 5104 19 .1519261E+11   1100022E-01 -.1654E+01  .6831E+01   .9999999  .0000907  .0000907
T 5105 19 .1519344E+11   1100006E-01  .6282E+00 -.7829E+01   .9999999  .0000376 -.0001167
T 5106 19 .1519103E+11   1100012E-01 -.2989E+01 -.9567E+01   .9999999 -.0001529 -.0003372
T 5107 19 .1519176E+11   1100011E-01  .7705E+01  .2730E+02   .9999999  .0001653  .0001509
T 5108 19 .1519220E+11   1100007E-01 -.3773E+01 -.6162E+01   .9999999 -.0000164 -.0000606
T 5109 19 .1519286E+11   1100003E-01 -.5574E+01  .7580E+01   .9999999 -.0000769  .0001092
T 5110 19 .1519277E+11   1100013E-01 -.1129E+01  .5721E+01   .9999999 -.0000643  .0000711
T 5111 19 .1519186E+11   1100011E-01 -.4327E+01  .1202E+01   .9999999  .0000324  .0000010
T 5112 19 .1519290E+11   1100013E-01  .1103E+02  .5885E+01   .9999999  .0002019  .0001085
T 5113 19 .1519274E+11   1100006E-01  .3514E+01 -.5760E+01   .9999999  .0000169 -.0000634
T 5114 19 .1519277E+11   1100002E-01 -.4097E+01 -.3321E+02   .9999998 -.0000503 -.0005866
T 5115 19 .1519258E+11   1100008E-01 -.1405E+02  .1149E+02   .9999999 -.0002342  .0001768
T 5116 19 .1519303E+11   1100015E-01 -.1254E+02 -.5939E+01   .9999999 -.0002793 -.0000725
T 5117 19 .1519287E+11   1100013E-01  .3819E+00  .6792E+00   .9999999 -.0000175 -.0000267
T 5118 19 .1519443E+11   1100009E-01 -.4828E+01 -.3914E+01   .9999999  .0000122 -.0001563
T 5119 19 .1519297E+11   1100021E-01  .3389E+01  .5618E+00   .9999999  .0000524  .0000754
T 5120 19 .1519275E+11   1100002E-01  .1229E+02 -.1342E+02   .9999999  .0002289 -.0001937
T 5121 19 .1519240E+11   1100012E-01  .2488E-01  .5271E+01   .9999999 -.0001148  .0000197
T 5122 19 .1519211E+11   1100009E-01  .6054E+01 -.3138E+01   .9999999  .0000560 -.0001032
T 5123 19 .1519191E+11   1100019E-01 -.8826E+01 -.7171E+00   .9999999 -.0001818 -.0000219
T 5124 19 .1519111E+11   1100001E-01  .6554E+01  .6049E+01   .9999999  .0001566  .0001079
T 5125 19 .1519257E+11   1100001E-01  .2978E+01  .3021E+02   .9999999  .0001897  .0004504
T 5126 19 .1519233E+11   1100021E-01 -.4171E+01  .3124E+01   .9999999 -.0000775  .0001247
T 5127 19 .1519331E+11   1100009E-01 -.1077E+02 -.4898E+01   .9999999 -.0001658 -.0001042
T 5128 19 .1519316E+11   1100019E-01  .1665E+02 -.2304E+01   .9999999  .0001908  .0000437
T 5129 19 .1519191E+11   1100022E-01 -.3660E+01  .9431E+00   .9999999 -.0000371  .0000457
T 5130 19 .1519134E+11   1100018E-01  .1551E+01  .1306E+02   .9999999 -.0000772  .0002416
T 5131 19 .1519225E+11   1100001E-01  .4237E+01 -.6721E+01   .9999999 -.0000164 -.0000986
T 5132 19 .1519346E+11   1100019E-01  .1693E+02 -.1509E+02   .9999999  .0003754 -.0001344
T 5133 19 .1519277E+11   1100010E-01 -.8029E+00 -.5888E+01   .9999999 -.0000655 -.0000177
T 5134 19 .1519262E+11   1100014E-01  .4714E+01 -.5282E+01   .9999999  .0000864 -.0001147
T 5135 19 .1519291E+11   1100009E-01 -.8064E+01  .9311E+01   .9999999 -.0000835  .0001729
T 5136 19 .1519311E+11   1100011E-01  .9463E+01  .1213E+01   .9999999  .0001513 -.0000429
T 5137 19 .1519326E+11   1100013E-01  .1020E+02 -.1363E+02   .9999999  .0001313 -.0002204
T 5138 19 .1519302E+11   1100009E-01  .3515E+01  .8819E-01   .9999999  .0000696  .0001012
T 5139 19 .1519197E+11   1100016E-01  .3427E+00  .3185E+01   .9999999  .0001206 -.0000044
T 5140 19 .1519228E+11   1100002E-01  .2377E+01  .1097E+02   .9999999  .0001849  .0001745
T 5141 19 .1519186E+11   1100000E-01 -.5634E+01  .2151E+01   .9999999 -.0001132 -.0000309
T 5142 19 .1519356E+11   1100021E-01 -.3388E+00  .3068E+01   .9999999  .0000109  .0000074
T 5143 19 .1519272E+11   1100003E-01 -.2555E+01  .1276E+02   .9999999  .0000585  .0001115
T 5144 19 .1519152E+11   1100018E-01  .9557E+01  .1878E+01   .9999999  .0002749  .0000005
T 5145 19 .1519290E+11   1100010E-01  .1016E+01  .5125E+01   .9999999  .0000942  .0000237
T 5146 19 .1519314E+11   1100011E-01 -.2002E+02 -.5127E+01   .9999999 -.0002690 -.0002514
T 5147 19 .1519227E+11   1100007E-01 -.1143E+01  .1037E+02   .9999999 -.0000184  .0002084
T 5148 19 .1519216E+11   1100017E-01  .7479E+01  .7779E-01   .9999999  .0000690  .0000342
T 5149 19 .1519193E+11   1100013E-01  .1871E+01 -.1828E+01   .9999999  .0000660 -.0003151
T 5150 19 .1519329E+11   1100021E-01 -.5736E+01  .1301E+02   .9999999 -.0000725  .0000988
T 5151 19 .1519214E+11   1100006E-01 -.1050E+02  .1264E+02   .9999999 -.0001639  .0002165
T 5152 19 .1519355E+11   1100002E-01  .7482E+00 -.8877E+01   .9999999 -.0001335 -.0001393
T 5153 19 .1519185E+11   1100020E-01 -.7759E+01  .1371E+02   .9999999 -.0000232  .0002057
T 5154 19 .1519124E+11   1100007E-01  .7055E+00 -.1128E+02   .9999999  .0000779 -.0001757
T 5155 19 .1519311E+11   1100015E-01 -.9108E+00 -.8361E+01   .9999999 -.0000530 -.0001111
T 5156 19 .1519310E+11   1100015E-01 -.1101E+02 -.6799E+01   .9999999 -.0003542 -.0001829
T 5157 19 .1519212E+11   1100011E-01  .3008E+01  .1785E+02   .9999999  .0000593  .0003471
T 5158 19 .1519183E+11   1100023E-01 -.1481E+02  .7959E+00   .9999999 -.0002730  .0000111
T 5159 19 .1519260E+11   1100018E-01  .8088E+01 -.5433E+01   .9999999  .0001737 -.0001231
T 5160 19 .1519327E+11   1100014E-01 -.5504E+01 -.1779E+02   .9999999 -.0000324 -.0002346
T 5161 19 .1519385E+11   1100006E-01  .1022E+02 -.9422E+01   .9999999  .0002552 -.0001506
T 5162 19 .1519237E+11   1100014E-01  .1311E+01 -.7669E+01   .9999999  .0001155 -.0001145
T 5163 19 .1519215E+11   1100002E-01  .1465E+01 -.7698E+01   .9999999  .0000674 -.0001210
T 5164 19 .1519293E+11   1100008E-01 -.2743E+02 -.3000E+00   .9999998 -.0005723 -.0000101
T 5165 19 .1519359E+11   1100011E-01  .9001E+00  .1399E+02   .9999999 -.0000602  .0001974
T 5166 19 .1519231E+11   1100012E-01  .9016E+01  .1506E+02   .9999999  .0001579  .0001783
T 5167 19 .1519154E+11   1100012E-01  .6245E+00  .1597E+02   .9999999  .0000102  .0001966
T 5168 19 .1519274E+11   1100001E-01  .5022E+00  .3135E+01   .9999999  .0000790  .0000307
T 5169 19 .1519136E+11   1100000E-01 -.7330E+00  .7151E+00   .9999999  .0000379 -.0001375
T 5170 19 .1519364E+11   1100020E-01  .7950E+01 -.1123E+02   .9999999  .0000307 -.0002479
T 5171 19 .1519154E+11   1100012E-01 -.7190E+01 -.1306E+01   .9999999 -.0001046  .0001310
T 5172 19 .1519330E+11   1100022E-01  .2208E+00  .2986E+01   .9999999  .0001408  .0001381
T 5173 19 .1519267E+11   1100004E-01  .2764E+01 -.1314E+02   .9999999  .0000261 -.0001319
T 5174 19 .1519292E+11   1100010E-01 -.2896E+01 -.6664E+01   .9999999 -.0000368 -.0001140
T 5175 19 .1519371E+11   1100011E-01 -.8838E+01  .1218E+02   .9999999 -.0001719  .0001019
T 5176 19 .1519319E+11   1100007E-01 -.2101E+02 -.3214E+01   .9999999 -.0003640  .0000394
T 5177 19 .1519333E+11   1100015E-01 -.2321E+00 -.1640E+02   .9999999 -.0000344 -.0003556
T 5178 19 .1519277E+11   1100014E-01  .2836E+02  .2887E+01   .9999999  .0002876  .0000334
T 5179 19 .1519213E+11   1100019E-01 -.8052E+01 -.2603E+01   .9999999 -.0001404 -.0001313
T 5180 19 .1519202E+11   1100010E-01  .6497E+01 -.1410E+01   .9999999  .0001412 -.0000015
T 5181 19 .1519259E+11   1100014E-01 -.2903E+02  .6676E+00   .9999999 -.0003611  .0000134
T 5182 19 .1519228E+11   1100021E-01  .4007E+02  .9920E+02   .9999993  .0004644  .0011171
T 5183 19 .1519320E+11   1100009E-01  .1489E+02  .1932E+01   .9999999  .0002197  .0001377
T 5184 19 .1519282E+11   1100018E-01  .3579E+01 -.3283E+01   .9999999 -.0000281 -.0000596
T 5185 19 .1519298E+11   1100020E-01  .6252E+01 -.9249E+01   .9999999  .0000063  .0000235
T 5186 19 .1519164E+11   1100023E-01  .1727E+02 -.5320E+01   .9999999  .0002489 -.0002267
T 5187 19 .1519199E+11   1100011E-01 -.1701E-01 -.1784E+01   .9999999 -.0001202  .0000106
T 5188 19 .1519267E+11   1100022E-01 -.2345E+00 -.2283E+01   .9999999  .0000315 -.0001172
T 5189 19 .1519395E+11   1100005E-01 -.5094E+01 -.6365E+01   .9999999 -.0000009 -.0002973
T 5190 19 .1519218E+11   1100001E-01  .1547E+02 -.4701E+01   .9999999  .0002606 -.0000090
T 5191 19 .1519295E+11   1100005E-01 -.3339E+00  .4562E+01   .9999999 -.0000546  .0001027
T 5192 19 .1519376E+11   1100018E-01  .1165E+02 -.9368E+01   .9999999  .0002578 -.0001885
T 5193 19 .1519257E+11   1100016E-01  .3393E+01 -.7513E-01   .9999999  .0000717  .0000310
T 5194 19 .1519179E+11   1100017E-01 -.9489E+01 -.1190E+02   .9999999 -.0001037 -.0002084
T 5195 19 .1519340E+11   1100016E-01 -.6260E+00  .5654E+01   .9999999  .0000427  .0001613
T 5196 19 .1519236E+11   1100016E-01 -.7083E+01  .7101E+01   .9999999 -.0000030  .0002084
T 5197 19 .1519321E+11   1100020E-01 -.7759E+01  .1447E+02   .9999999 -.0000727  .0002718
T 5198 19 .1519260E+11   1100021E-01  .2115E+02 -.1631E+02   .9999999  .0004727 -.0002063
T 5199 19 .1519220E+11   1100016E-01  .1059E+01  .6578E+01   .9999999 -.0000093  .0001086
T 5200 19 .1519305E+11   1100002E-01 -.7191E+01  .2772E+01   .9999999 -.0001460  .0000609
T 5201 19 .1519147E+11   1100000E-01  .3172E+00 -.3657E+01   .9999999 -.0001176 -.0001414
T 5202 19 .1519231E+11   1100022E-01 -.7752E+01 -.3567E+01   .9999999 -.0001031  .0000003
T 5203 19 .1519324E+11   1100005E-01 -.6054E+01 -.9076E+01   .9999999  .0000266 -.0001432
T 5204 19 .1519184E+11   1100020E-01 -.1087E+02  .1085E+02   .9999999 -.0000990  .0001659
T 5205 19 .1519312E+11   1100019E-01 -.5444E+01  .2446E+01   .9999999 -.0005244 -.0000052
T 5206 19 .1519243E+11   1100011E-01  .1707E+02 -.3474E+00   .9999999  .0001919 -.0000871
T 5207 19 .1519201E+11   1100015E-01 -.9954E+01 -.8668E+01   .9999999 -.0002692 -.0002399
T 5208 19 .1519191E+11   1100010E-01  .9203E+02  .5939E+02   .9999987  .0013429  .0009157
T 5209 19 .1519173E+11   1100016E-01  .3603E+01  .1010E+01   .9999999  .0000891  .0000438
T 5210 19 .1519214E+11   1100005E-01  .6434E+01  .5413E+01   .9999999  .0001024  .0000441
T 5211 19 .1519334E+11   1100017E-01  .8287E+00 -.1304E+01   .9999999  .0000335  .0000140
T 5212 19 .1519248E+11   1100016E-01  .1619E+01 -.7364E+01   .9999999 -.0000159 -.0002076
T 5213 19 .1519356E+11   1100013E-01  .6936E+01 -.6886E+01   .9999999  .0001677 -.0001705
T 5214 19 .1519285E+11   1100005E-01  .5891E+01  .1612E+02   .9999999  .0000796  .0003612
T 5215 19 .1519311E+11   1100018E-01  .1099E+01  .1202E+02   .9999999  .0000796  .0001229
T 5216 19 .1519296E+11   1100017E-01  .1017E+02 -.8472E+01   .9999999  .0000809 -.0000803
T 5217 19 .1519273E+11   1100007E-01  .3604E+01 -.7059E+01   .9999999 -.0000343 -.0001529
T 5218 19 .1519270E+11   1100008E-01  .6282E+01  .7791E+01   .9999999  .0001969  .0001233
T 5219 19 .1519280E+11   1100001E-01 -.2750E+02 -.4838E+01   .9999999 -.0004559 -.0001303
T 5220 19 .1519358E+11   1100011E-01  .7477E-01  .3364E+01   .9999999 -.0001347  .0000176
T 5221 19 .1519286E+11   1100013E-01  .5571E+01 -.8458E+00   .9999999 -.0000196  .0000060
T 5222 19 .1519306E+11   1100022E-01 -.3538E+01 -.9211E+01   .9999999  .0000176 -.0000827
T 5223 19 .1519393E+11   1100019E-01  .6869E+01 -.2482E+01   .9999999  .0000924 -.0001002
T 5224 19 .1519200E+11   1100010E-01  .8869E+01  .1155E+02   .9999999  .0002314  .0002907
T 5225 19 .1519235E+11   1100007E-01  .1600E+01  .2964E+01   .9999999  .0000231 -.0000735
T 5226 19 .1519182E+11   1100010E-01 -.1506E+01  .6997E+01   .9999999  .0000660  .0001933
T 5227 19 .1519134E+11   1100013E-01 -.1002E+02 -.9286E+01   .9999999 -.0001885 -.0001695
T 5228 19 .1519270E+11   1100009E-01  .8365E+00  .3158E+01   .9999999  .0000697  .0000406
T 5229 19 .1519297E+11   1100000E-01  .2595E+01  .1686E+02   .9999999  .0000075  .0002214
T 5230 19 .1519240E+11   1100020E-01  .1037E+02 -.1319E+02   .9999999  .0001610 -.0001768
T 5231 19 .1519330E+11   1100019E-01  .1002E+01 -.1638E+02   .9999999  .0001789 -.0001810
T 5232 19 .1519349E+11   1100020E-01  .1712E+02 -.1356E+02   .9999999  .0000236 -.0000680
T 5233 19 .1519185E+11   1100006E-01  .3131E+02  .2241E+02   .9999995  .0009438  .0003580
T 5234 19 .1519314E+11   1100020E-01  .4072E+02  .1574E+02   .9999999  .0004146  .0002911
T 5235 19 .1519176E+11   1100019E-01 -.8715E+00 -.7946E+01   .9999999 -.0000921 -.0000554
T 5236 19 .1519276E+11   1100021E-01 -.6582E+00 -.1266E+02   .9999999 -.0000792 -.0002693
T 5237 19 .1519258E+11   1100022E-01  .4550E+01  .3598E+01   .9999999  .0000289 -.0000150
T 5238 19 .1519274E+11   1100015E-01 -.1570E+02  .1951E+01   .9999999 -.0002836  .0000078
T 5239 19 .1519227E+11   1100022E-01 -.1023E+02  .8218E+01   .9999999 -.0001137  .0001458
T 5240 19 .1519206E+11   1100003E-01 -.2091E+01 -.2943E+02   .9999997 -.0002075 -.0007274
T 5241 19 .1519239E+11   1100009E-01  .1635E+02 -.1483E+02   .9999999  .0001992 -.0001768
T 5242 19 .1519419E+11   1100017E-01  .5137E+01  .6504E+01   .9999999  .0000295  .0002557
T 5243 19 .1519225E+11   1100016E-01 -.2391E+01 -.1320E+02   .9999999 -.0000666 -.0001018
T 5244 19 .1519384E+11   1100022E-01  .9324E+01 -.5445E+01   .9999999  .0001612 -.0001290
T 5245 19 .1519267E+11   1100016E-01 -.1579E+01 -.2682E+01   .9999999 -.0001320 -.0000585
T 5246 19 .1519122E+11   1100011E-01  .8038E+01 -.1377E+02   .9999999 -.0000022 -.0002942
T 5247 19 .1519307E+11   1100008E-01 -.7854E+01  .6922E+00   .9999999 -.0002463  .0000380
T 5248 19 .1519219E+11   1100021E-01  .1360E+02  .1354E+01   .9999999  .0001937  .0001017
T 5249 19 .1519336E+11   1100008E-01  .1298E+01 -.7462E+01   .9999999  .0000558 -.0001662
T 5250 19 .1519282E+11   1100013E-01  .8531E+01 -.7673E+01   .9999999  .0001386 -.0000542
T 5251 19 .1519277E+11   1100021E-01  .3308E+01  .1254E+02   .9999999  .0000121  .0002951
T 5252 19 .1519303E+11   1100000E-01 -.8268E+01 -.1228E+02   .9999999 -.0001573 -.0002470
T 5253 19 .1519299E+11   1100011E-01  .2071E+02  .4610E+01   .9999999  .0001640  .0000758
T 5254 19 .1519171E+11   1100014E-01  .1632E+01 -.7088E-01   .9999999  .0001765  .0001495
T 5255 19 .1519272E+11   1100000E-01 -.1836E+02 -.3376E+01   .9999999 -.0003549 -.0000076
T 5256 19 .1519378E+11   1100021E-01  .1091E+02  .4371E+01   .9999999  .0001661  .0000114
T 5257 19 .1519324E+11   1100013E-01  .1619E+02  .1097E+02   .9999999  .0001420  .0001874
T 5258 19 .1519306E+11   1100022E-01 -.1131E+02  .1363E+02   .9999999 -.0001182  .0003815
T 5259 19 .1519159E+11   1100014E-01 -.4423E+02  .8177E+02   .9999995 -.0004065  .0008872
T 5260 19 .1519300E+11   1100020E-01  .2265E+01  .9772E+00   .9999999 -.0000213 -.0000882
T 5261 19 .1519146E+11   1100013E-01  .9804E+01 -.1250E+02   .9999999  .0001813 -.0001803
T 5262 19 .1519190E+11   1100015E-01 -.1661E+02 -.1152E+02   .9999999 -.0001339 -.0000448
T 5263 19 .1519319E+11   1100019E-01 -.7153E+01  .2250E+01   .9999999 -.0002034  .0001068
T 5264 19 .1519193E+11   1100000E-01  .3783E+01  .3700E+01   .9999999  .0000864  .0000604
T 5265 19 .1519257E+11   1100001E-01 -.7293E+01  .2949E+01   .9999999 -.0000009 -.0001504
T 5266 19 .1519094E+11   1100011E-01 -.2589E+01 -.8059E+00   .9999999 -.0001094  .0000927
T 5267 19 .1519391E+11   1100003E-01 -.3546E+01  .2323E+01   .9999999 -.0002821 -.0000491
T 5268 19 .1519092E+11   1100015E-01  .2555E+01  .3051E+01   .9999999  .0000847  .0000966
T 5269 19 .1519248E+11   1100010E-01 -.2768E+01  .1193E+01   .9999999 -.0000459  .0000113
T 5270 19 .1519191E+11   1100006E-01 -.1130E+02  .9691E+01   .9999999 -.0003173  .0002146
T 5271 19 .1519321E+11   1100008E-01  .3027E+01 -.1576E+02   .9999999  .0001762  .0001847
T 5272 19 .1519322E+11   1100016E-01 -.1600E+00  .4395E+00   .9999999  .0001300  .0000917
T 5273 19 .1519305E+11   1100007E-01 -.1007E+02  .5099E+01   .9999999 -.0000703 -.0000214
T 5274 19 .1519349E+11   1100018E-01  .1118E+02  .5854E+01   .9999999  .0001686  .0000700
T 5275 19 .1519097E+11   1100019E-01 -.8333E+00  .1543E+00   .9999999 -.0002235  .0001427
T 5276 19 .1519296E+11   1100004E-01  .9720E+00 -.5971E+01   .9999999 -.0000044 -.0001469
T 5277 19 .1519203E+11   1100014E-01  .6060E+00 -.6494E+01   .9999999  .0000865 -.0002927
T 5278 19 .1519244E+11   1100015E-01 -.4694E+01 -.1070E+02   .9999999 -.0000752 -.0001759
T 5279 19 .1519104E+11   1100018E-01  .1012E+01 -.8158E+01   .9999999 -.0000665 -.0000922
T 5280 19 .1519309E+11   1100001E-01 -.1125E+01  .2934E+02   .9999997 -.0002444  .0006872
T 5281 19 .1519224E+11   1100010E-01 -.4708E+01 -.7167E+01   .9999999 -.0000829 -.0000453
T 5282 19 .1519179E+11   1100008E-01 -.2060E+01 -.7135E+01   .9999999 -.0000961 -.0001183
T 5283 19 .1519233E+11   1100022E-01 -.3419E+01  .4960E+01   .9999999 -.0001464 -.0000123
T 5284 19 .1519204E+11   1100009E-01  .5135E+00  .1265E+02   .9999999 -.0000359  .0001143
T 5285 19 .1519321E+11   1100023E-01  .1137E+02  .1029E+02   .9999999  .0001522  .0002077
T 5286 19 .1519291E+11   1100015E-01 -.2668E+02 -.6002E+02   .9999998 -.0003241 -.0005840
T 5287 19 .1519269E+11   1100004E-01 -.6030E+01 -.8021E+01   .9999999 -.0002316 -.0002833
T 5288 19 .1519307E+11   1100011E-01  .7187E+00  .3139E+01   .9999999 -.0000776 -.0000669
T 5289 19 .1519164E+11   1100002E-01  .2675E+01 -.8454E+00   .9999999  .0000366  .0000535
T 5290 19 .1519157E+11   1100002E-01  .1020E+01  .3050E+01   .9999999  .0001370  .0000826
T 5291 19 .1519307E+11   1100022E-01  .8805E+02 -.9787E+02   .9999981  .0013184 -.0014592
T 5292 19 .1519208E+11   1100021E-01 -.2003E+02  .4599E+00   .9999999 -.0002348 -.0000552
T 5293 19 .1519099E+11   1100021E-01 -.8863E+01 -.3911E+01   .9999999  .0000064 -.0000090
T 5294 19 .1519170E+11   1100018E-01  .6356E+01  .1873E+02   .9999999  .0000559  .0001759
T 5295 19 .1519381E+11   1100007E-01  .1884E+02  .1987E+00   .9999999  .0002819  .0000070
T 5296 19 .1519242E+11   1100019E-01  .7733E+01  .7491E+01   .9999999  .0000945  .0001032
T 5297 19 .1519342E+11   1100018E-01  .8667E+01 -.1162E+02   .9999999  .0000546 -.0003201
T 5298 19 .1519384E+11   1100004E-01  .1161E+02 -.7271E+01   .9999999  .0001268 -.0001817
T 5299 19 .1519298E+11   1100003E-01  .4804E+01 -.7991E+01   .9999999  .0000039 -.0000246
T 5300 19 .1519419E+11   1100021E-01  .1407E+01 -.2714E+01   .9999999  .0000927  .0001017
T 5301 19 .1519286E+11   1100000E-01  .2799E+01 -.4653E+01   .9999999  .0000430  .0000759
T 5302 19 .1519252E+11   1100020E-01 -.3691E+00 -.7832E+01   .9999999  .0000115 -.0000343
T 5303 19 .1519205E+11   1100020E-01  .7180E+00  .1802E+02   .9999999  .0000534  .0002617
T 5304 19 .1519208E+11   1100006E-01  .3778E+01  .5755E+01   .9999999  .0000517  .0000601
T 5305 19 .1519396E+11   1100019E-01  .1384E+02 -.2013E+01   .9999999  .0002569  .0000150
T 5306 19 .1519416E+11   1100019E-01 -.1103E+01 -.8546E+01   .9999999  .0000069 -.0000808
T 5307 19 .1519258E+11   1100011E-01 -.6206E+01  .7144E+01   .9999999 -.0001078  .0001287
T 5308 19 .1519361E+11   1100003E-01 -.4398E+01 -.7292E+01   .9999999 -.0000619  .0000601
T 5309 19 .1519313E+11   1100020E-01  .2538E+02 -.3975E+01   .9999999  .0002857 -.0001332
T 5310 19 .1519415E+11   1100021E-01  .6592E+00  .2585E+01   .9999999 -.0000092  .0000167
T 5311 19 .1519288E+11   1100020E-01  .3159E+01  .2977E+01   .9999999  .0000012 -.0000036
T 5312 19 .1519270E+11   1100013E-01  .4723E+01 -.1146E+02   .9999999  .0002197 -.0002399
T 5313 19 .1519394E+11   1100011E-01 -.1319E+02  .1087E+02   .9999999 -.0002347  .0001829
T 5314 19 .1519191E+11   1100021E-01  .5513E+01  .9190E-01   .9999999  .0000965  .0000207
T 5315 19 .1519286E+11   1100011E-01 -.9397E+01  .3852E+01   .9999999 -.0001910 -.0000400
T 5316 19 .1519393E+11   1100006E-01  .3022E+02 -.1354E+02   .9999998  .0005870 -.0002281
T 5317 19 .1519336E+11   1100019E-01 -.2941E+01  .4021E+01   .9999999 -.0000949  .0000747
T 5318 19 .1519203E+11   1100012E-01 -.2804E+02 -.1480E+02   .9999999 -.0003766 -.0003065
T 5319 19 .1519319E+11   1100022E-01 -.3900E+01  .1742E+02   .9999999 -.0000529  .0002210
T 5320 19 .1519407E+11   1100003E-01  .3663E+01 -.2181E+00   .9999999  .0002068  .0000629
T 5321 19 .1519208E+11   1100022E-01  .5795E+01 -.2249E+02   .9999999  .0001196 -.0003215
T 5322 19 .1519165E+11   1100011E-01  .5154E+00 -.4772E+01   .9999999 -.0000103 -.0000721
T 5323 19 .1519240E+11   1100020E-01 -.1099E+02 -.2436E+01   .9999999 -.0002740 -.0000076
T 5324 19 .1519223E+11   1100001E-01  .8663E+01 -.4466E+01   .9999999  .0001329 -.0000457
T 5325 19 .1519353E+11   1100017E-01 -.1194E+02  .7717E+01   .9999999 -.0001305  .0001973
T 5326 19 .1519370E+11   1100007E-01  .2698E+01  .9667E-01   .9999999 -.0001070  .0000477
T 5327 19 .1519185E+11   1100011E-01  .1095E+02 -.5095E+01   .9999999  .0001174  .0000195
T 5328 19 .1519181E+11   1100012E-01  .7090E+01  .9852E+01   .9999999  .0000570  .0001312
T 5329 19 .1519303E+11   1100000E-01  .2280E+00  .3527E+00   .9999999  .0000168 -.0000845
T 5330 19 .1519281E+11   1100004E-01  .8901E+01 -.4958E+01   .9999999  .0001783 -.0000702
T 5331 19 .1519385E+11   1100021E-01 -.1976E+01  .2797E+01   .9999999 -.0001267 -.0000241
T 5332 19 .1519107E+11   1100021E-01  .1876E+02 -.2068E+02   .9999999  .0001567 -.0001792
T 5333 19 .1519169E+11   1100020E-01  .1476E+01  .5841E+01   .9999999 -.0001100  .0000889
T 5334 19 .1519081E+11   1100018E-01  .1381E+02 -.5191E+01   .9999999  .0003056  .0000277
T 5335 19 .1519193E+11   1100002E-01  .6410E+01  .4969E+01   .9999999  .0000939  .0000863
T 5336 19 .1519332E+11   1100004E-01  .1080E+02 -.3853E+01   .9999999  .0001370  .0000075
T 5337 19 .1519278E+11   1100008E-01  .2202E+01  .8663E+01   .9999999 -.0000228  .0000437
T 5338 19 .1519193E+11   1100004E-01 -.2941E+01 -.1611E+01   .9999999 -.0000230 -.0001205
T 5339 19 .1519410E+11   1100014E-01 -.6923E+01  .3022E+01   .9999999 -.0000764  .0000668
T 5340 19 .1519311E+11   1100015E-01  .8830E+01  .8555E+00   .9999999  .0001569  .0001354
T 5341 19 .1519246E+11   1100010E-01 -.8528E+01  .9071E+00   .9999999 -.0000801  .0000030
T 5342 19 .1519276E+11   1100002E-01  .7917E+01 -.2843E+02   .9999999  .0000054 -.0004515
T 5343 19 .1519233E+11   1100007E-01  .2243E+01  .4619E+01   .9999999  .0000714  .0000595
T 5344 19 .1519183E+11   1100022E-01 -.2870E+00  .1086E+02   .9999999  .0000580  .0002092
T 5345 19 .1519309E+11   1100017E-01 -.2328E+01  .2045E+01   .9999999 -.0000518  .0000198
T 5346 19 .1519390E+11   1100010E-01 -.5464E+00  .9130E+01   .9999999 -.0000573  .0001219
T 5347 19 .1519238E+11   1100023E-01 -.1074E+02 -.7690E+01   .9999999 -.0001823 -.0002569
T 5348 19 .1519305E+11   1100018E-01  .3620E+01 -.1039E+02   .9999999 -.0000089 -.0002207
T 5349 19 .1519259E+11   1100012E-01  .5480E+01  .5651E+01   .9999999  .0000404 -.0000101
T 5350 19 .1519360E+11   1100015E-01  .7033E+01 -.1596E+01   .9999999  .0001069  .0000420
T 5351 19 .1519246E+11   1100010E-01  .6884E+01 -.1288E+01   .9999999  .0001179 -.0001169
T 5352 19 .1519074E+11   1100007E-01 -.1098E+02 -.5470E+01   .9999999 -.0002115  .0000441
T 5353 19 .1519380E+11   1100016E-01 -.8475E+01 -.9579E+01   .9999999 -.0001389 -.0001111
T 5354 19 .1519213E+11   1100011E-01  .4531E+01  .4739E+01   .9999999  .0003538 -.0001708
T 5355 19 .1519055E+11   1100005E-01 -.2955E+01  .6471E+01   .9999999  .0001421 -.0000029
T 5356 19 .1519117E+11   1100004E-01 -.6417E+01  .5510E+01   .9999999 -.0000578  .0002045
T 5357 19 .1519384E+11   1100020E-01 -.4849E+01  .7963E+01   .9999999 -.0001117  .0001132
T 5358 19 .1519412E+11   1100002E-01 -.4878E+01 -.9519E+01   .9999999 -.0000702 -.0001216
T 5359 19 .1519214E+11   1100008E-01  .6996E+01  .3334E+01   .9999999  .0001344  .0000192
T 5360 19 .1519191E+11   1100002E-01  .1404E+02  .1297E+02   .9999999  .0001533  .0001289
T 5361 19 .1519183E+11   1100006E-01  .1400E+01 -.5940E+01   .9999999  .0000364 -.0001425
T 5362 19 .1519356E+11   1100006E-01  .3715E+01 -.1613E+02   .9999999  .0000356 -.0001747
T 5363 19 .1519342E+11   1100014E-01  .7551E+01  .3100E+01   .9999999  .0001029  .0000965
T 5364 19 .1519239E+11   1100009E-01 -.5357E+01 -.1069E+02   .9999999 -.0001649 -.0000114
T 5365 19 .1519325E+11   1100009E-01  .8502E+01  .7254E+01   .9999999  .0001891  .0001456
T 5366 19 .1519266E+11   1100000E-01 -.3618E+01 -.1121E+02   .9999999 -.0000788 -.0002131
T 5367 19 .1519286E+11   1100004E-01  .5685E+00  .8118E+01   .9999995  .0009129 -.0003177
T 5368 19 .1519235E+11   1100001E-01 -.4250E+01  .1482E+02   .9999999 -.0000632  .0002815
T 5369 19 .1519299E+11   1100009E-01 -.1730E+02  .9161E+00   .9999999 -.0002628 -.0000312
T 5370 19 .1519273E+11   1100022E-01 -.4887E+01  .4692E+01   .9999999 -.0000032  .0001547
T 5371 19 .1519267E+11   1100010E-01  .1270E+02 -.7593E+01   .9999999  .0002116 -.0000939
T 5372 19 .1519274E+11   1100021E-01  .1263E+01  .2959E+01   .9999999  .0000209  .0000649
T 5373 19 .1519280E+11   1100020E-01 -.8009E+00 -.1640E+01   .9999999 -.0000894 -.0000406
T 5374 19 .1519250E+11   1100020E-01 -.2412E+02  .1919E+02   .9999999 -.0004515  .0002260
T 5375 19 .1519389E+11   1100014E-01  .2437E+01  .1788E+01   .9999999  .0000298  .0000639
T 5376 19 .1519276E+11   1100012E-01  .1172E+02  .1487E+02   .9999996  .0002739  .0008202
T 5377 19 .1519304E+11   1100019E-01 -.4552E+00 -.3398E+01   .9999999 -.0000184  .0000445
T 5378 19 .1519289E+11   1100020E-01 -.5219E+01 -.4908E+01   .9999999 -.0001425 -.0002148
T 5379 19 .1519173E+11   1100006E-01  .1246E+02  .2130E+01   .9999999  .0001513 -.0000634
T 5380 19 .1519207E+11   1100017E-01 -.7571E+01  .1102E+01   .9999999 -.0000735  .0001696
T 5381 19 .1519341E+11   1100005E-01 -.1950E+02  .1386E+02   .9999999 -.0001810  .0002218
T 5382 19 .1519229E+11   1100008E-01  .9372E+01  .6308E+01   .9999999  .0002846  .0002199
T 5383 19 .1519190E+11   1100011E-01  .3993E+01 -.6227E+00   .9999999  .0000699 -.0000023
T 5384 19 .1519422E+11   1100009E-01  .1122E+02 -.7461E+00   .9999999  .0001239  .0001066
T 5385 19 .1519352E+11   1100020E-01 -.3914E+01 -.5147E+01   .9999999  .0000028 -.0000742
T 5386 19 .1519228E+11   1100021E-01 -.1422E+01  .6228E+00   .9999999  .0000732  .0000982
T 5387 19 .1519342E+11   1100016E-01 -.6422E+00 -.1706E+01   .9999999 -.0000092  .0000033
T 5388 19 .1519243E+11   1100001E-01  .7001E+01  .7288E+01   .9999999  .0001698  .0001129
T 5389 19 .1519377E+11   1100015E-01  .8590E+01 -.5381E+00   .9999999  .0002172 -.0000074
T 5390 19 .1519039E+11   1100000E-01  .4726E+01  .1692E+02   .9999999  .0000576  .0001647
T 5391 19 .1519374E+11   1100000E-01  .8678E+01 -.7882E+01   .9999999  .0001334  .0000154
T 5392 19 .1519346E+11   1100000E-01  .6330E+01  .6831E+01   .9999999  .0001941  .0000630
T 5393 19 .1519297E+11   1100018E-01  .9756E+01 -.1487E+02   .9999999  .0000899 -.0001772
T 5394 19 .1519227E+11   1100017E-01  .4968E+01 -.3079E+00   .9999999  .0001315 -.0000080
T 5395 19 .1519290E+11   1100001E-01 -.6842E+01 -.9922E+01   .9999999  .0000421 -.0000866
T 5396 19 .1519313E+11   1100010E-01  .2715E+01 -.4459E+01   .9999999 -.0000571 -.0001076
T 5397 19 .1519267E+11   1100020E-01  .4845E+01  .2282E+01   .9999999 -.0000208  .0000417
T 5398 19 .1519370E+11   1100001E-01  .3130E+00 -.7893E+01   .9999999  .0000040 -.0001366
T 5399 19 .1519230E+11   1100004E-01  .2160E+01  .9373E+01   .9999999  .0000681  .0001277
T 5400 19 .1519355E+11   1100015E-01 -.3608E+01 -.1206E+02   .9999999 -.0000012 -.0001308
T 5401 19 .1519361E+11   1100017E-01 -.5389E+01  .9725E+01   .9999999 -.0001295  .0001159
T 5402 19 .1519286E+11   1100020E-01  .8536E+01  .6927E+01   .9999999  .0003155  .0000117
T 5403 19 .1519167E+11   1100010E-01 -.1198E+01  .4465E+01   .9999999 -.0000564  .0000220
T 5404 19 .1519254E+11   1100004E-01  .1232E+02  .1254E+02   .9999999  .0000894  .0003421
T 5405 19 .1519290E+11   1100003E-01  .2486E+01  .1175E+01   .9999999  .0000390 -.0000323
T 5406 19 .1519253E+11   1100020E-01 -.1192E+02 -.2033E+01   .9999999 -.0000834 -.0000695
T 5407 19 .1519247E+11   1100019E-01  .1716E+02 -.5014E+01   .9999999  .0002635 -.0001271
T 5408 19 .1519313E+11   1100010E-01  .1990E+01  .5053E+01   .9999999  .0000879  .0001364
T 5409 19 .1519304E+11   1100016E-01  .6744E+01  .2592E+00   .9999999  .0001766  .0000671
T 5410 19 .1519242E+11   1100006E-01 -.8852E+00  .1240E+02   .9999999  .0000973  .0000419
T 5411 19 .1519236E+11   1100019E-01 -.8849E+01  .6755E+01   .9999999 -.0002492  .0001534
T 5412 19 .1519204E+11   1100005E-01 -.1564E+01 -.2041E+00   .9999999  .0000305  .0001218
T 5413 19 .1519210E+11   1100010E-01 -.4950E+01  .1992E+02   .9999999 -.0000462  .0003047
T 5414 19 .1519256E+11   1100004E-01  .1199E+02 -.1287E+02   .9999999  .0000460 -.0001751
T 5415 19 .1519128E+11   1100013E-01 -.5196E+01 -.7441E+01   .9999999 -.0000553 -.0001697
T 5416 19 .1519268E+11   1100005E-01 -.6253E+01 -.1370E+01   .9999999 -.0001336  .0000684
T 5417 19 .1519123E+11   1100002E-01  .8744E+01 -.1362E+02   .9999999  .0001375 -.0001903
T 5418 19 .1519247E+11   1100016E-01  .7361E+01  .1715E+01   .9999999  .0002119 -.0000623
T 5419 19 .1519293E+11   1100003E-01 -.1053E+02  .2515E+01   .9999999 -.0001247  .0000161
T 5420 19 .1519218E+11   1100022E-01 -.9499E+01  .2547E+00   .9999999 -.0001977  .0004131
T 5421 19 .1519246E+11   1100016E-01  .1317E+02  .1118E+02   .9999999  .0002516  .0002914
T 5422 19 .1519258E+11   1100001E-01  .6543E+01  .1738E+00   .9999999  .0000747 -.0000222
T 5423 19 .1519094E+11   1100021E-01  .1118E+02 -.6561E+01   .9999999  .0001545  .0000267
T 5424 19 .1519400E+11   1100010E-01  .2161E+00  .1815E+01   .9999999  .0000226 -.0000546
T 5425 19 .1519228E+11   1100020E-01  .3967E+01 -.1834E+02   .9999999 -.0000214 -.0002766
T 5426 19 .1519267E+11   1100017E-01 -.9929E+01 -.9014E+00   .9999999 -.0001277 -.0000234
T 5427 19 .1519303E+11   1100007E-01  .8610E+01  .2468E+01   .9999999  .0002562  .0003302
T 5428 19 .1519289E+11   1100001E-01  .2381E+01 -.6065E+01   .9999999  .0001108 -.0000138
T 5429 19 .1519213E+11   1100017E-01  .2343E+01  .3470E+02   .9999998 -.0000722  .0005801
T 5430 19 .1519224E+11   1100019E-01  .1709E+02 -.1027E+02   .9999999  .0002579 -.0002526
T 5431 19 .1519321E+11   1100010E-01 -.6404E+01 -.2909E+01   .9999999 -.0002000  .0000380
T 5432 19 .1519265E+11   1100003E-01 -.3691E+01 -.8090E+00   .9999999 -.0001209  .0000799
T 5433 19 .1519317E+11   1100020E-01 -.1335E+02  .1494E+02   .9999999  .0000099  .0002269
T 5434 19 .1519116E+11   1100009E-01  .2054E+02  .4616E+01   .9999999  .0002940  .0000234
T 5435 19 .1519252E+11   1100021E-01  .7229E+01 -.1926E+01   .9999999  .0001019 -.0001661
T 5436 19 .1519326E+11   1100000E-01 -.3560E+01 -.3887E+01   .9999999 -.0001217  .0000073
T 5437 19 .1519221E+11   1100010E-01 -.3745E+00  .5714E+01   .9999999  .0000092  .0000940
T 5438 19 .1519223E+11   1100020E-01  .8196E+01 -.2501E+01   .9999999  .0000296 -.0001824
T 5439 19 .1519290E+11   1100012E-01 -.1183E+02  .7978E+01   .9999999 -.0003888  .0001342
T 5440 19 .1519162E+11   1100020E-01 -.1127E+02 -.1664E+02   .9999999 -.0000161 -.0002302
T 5441 19 .1519273E+11   1100015E-01  .2790E+01 -.1389E+01   .9999999  .0000543  .0000315
T 5442 19 .1519240E+11   1100020E-01 -.2047E+01 -.2418E+01   .9999999 -.0000537 -.0000165
T 5443 19 .1519263E+11   1100019E-01  .2636E+01 -.5979E+01   .9999999 -.0000445 -.0000227
T 5444 19 .1519364E+11   1100004E-01  .1697E+02 -.2264E+02   .9999999  .0003298 -.0003160
T 5445 19 .1519243E+11   1100022E-01  .1639E+02 -.2886E+01   .9999999  .0003685  .0000966
T 5446 19 .1519265E+11   1100015E-01 -.2570E+01  .1183E+02   .9999999 -.0001194  .0001392
T 5447 19 .1519236E+11   1100000E-01  .3656E+01 -.1608E+01   .9999999  .0000785  .0000076
T 5448 19 .1519243E+11   1100017E-01  .1836E+02 -.6677E+01   .9999999  .0003265 -.0000419
T 5449 19 .1519288E+11   1100008E-01  .9327E+01 -.6993E+01   .9999999  .0000441  .0000450
T 5450 19 .1519148E+11   1100006E-01  .3435E+01  .1282E+02   .9999999  .0000128  .0001370
T 5451 19 .1519324E+11   1100022E-01 -.9455E+01  .8948E+01   .9999999 -.0002525  .0002738
T 5452 19 .1519284E+11   1100008E-01  .5671E+01  .4910E+01   .9999999  .0000296  .0001860
T 5453 19 .1519239E+11   1100007E-01 -.1743E+01  .1821E+01   .9999999 -.0000259  .0000819
T 5454 19 .1519313E+11   1100020E-01  .1820E+02  .1323E+02   .9999999  .0003256  .0000389
T 5455 19 .1519255E+11   1100023E-01  .6266E+01 -.1739E+02   .9999999  .0000566 -.0002566
T 5456 19 .1519254E+11   1100018E-01  .2836E+01 -.9877E+01   .9999999  .0000542 -.0000733
T 5457 19 .1519291E+11   1100002E-01  .3373E+01 -.9920E+01   .9999999  .0000108 -.0001170
T 5458 19 .1519084E+11   1100018E-01  .7644E+01  .4034E+01   .9999999  .0000598  .0000621
T 5459 19 .1519263E+11   1100022E-01 -.2080E+01  .6754E+00   .9999999 -.0001687 -.0001048
T 5460 19 .1519316E+11   1100015E-01  .1487E+02  .1515E+01   .9999999  .0001691 -.0000222
T 5461 19 .1519342E+11   1100012E-01  .1747E+02 -.2755E+01   .9999999  .0003445  .0000175
T 5462 19 .1519271E+11   1100017E-01  .2193E+02  .5417E+01   .9999999  .0003557  .0001678
T 5463 19 .1519146E+11   1100009E-01  .2245E+01 -.6003E+01   .9999999  .0000043 -.0001723
T 5464 19 .1519255E+11   1100013E-01  .9632E+01  .7282E+01   .9999999  .0001319  .0001340
T 5465 19 .1519264E+11   1100018E-01 -.1588E+01 -.7889E-01   .9999999 -.0000871 -.0000471
T 5466 19 .1519297E+11   1100017E-01  .8774E+01 -.3325E+01   .9999999  .0001778 -.0000192
T 5467 19 .1519166E+11   1100017E-01  .1228E+01  .7954E+01   .9999999  .0000612  .0001101
T 5468 19 .1519192E+11   1100020E-01  .3231E+01 -.8424E+00   .9999999 -.0000758 -.0001924
T 5469 19 .1519205E+11   1100022E-01  .9007E+01 -.4670E+01   .9999999  .0001245 -.0000631
T 5470 19 .1519372E+11   1100016E-01 -.3587E+01  .1675E+01   .9999999 -.0000904  .0001131
T 5471 19 .1519169E+11   1100005E-01 -.6795E+01  .9516E+01   .9999999  .0000864  .0001713
T 5472 19 .1519172E+11   1100020E-01 -.1720E+02  .3187E+02   .9999998 -.0003678  .0005772
T 5473 19 .1519239E+11   1100022E-01 -.5318E+00  .7056E+01   .9999999  .0000000  .0000951
T 5474 19 .1519180E+11   1100009E-01  .1609E+02 -.9656E+01   .9999999  .0002640 -.0001260
T 5475 19 .1519250E+11   1100010E-01 -.3484E+01 -.7238E+01   .9999999 -.0000054 -.0001734
T 5476 19 .1519256E+11   1100018E-01 -.5677E+01 -.1815E+02   .9999999  .0000052 -.0003461
T 5477 19 .1519293E+11   1100013E-01  .1790E+02 -.9807E+01   .9999999  .0001962 -.0001766
T 5478 19 .1519428E+11   1100014E-01 -.1312E+02  .1170E+02   .9999999 -.0002086  .0001275
T 5479 19 .1519241E+11   1100013E-01  .7475E+00 -.1523E+01   .9999999 -.0001008 -.0000240
T 5480 19 .1519361E+11   1100003E-01  .1455E+02  .5761E+01   .9999999  .0002033  .0000049
T 5481 19 .1519191E+11   1100019E-01 -.2370E+01  .7331E+01   .9999999  .0001717  .0000633
T 5482 19 .1519239E+11   1100020E-01 -.1048E+02  .8253E+01   .9999999 -.0000680  .0002071
T 5483 19 .1519260E+11   1100020E-01  .1094E+02 -.1077E+01   .9999999  .0001767  .0000044
T 5484 19 .1519201E+11   1100019E-01  .1490E+02 -.4568E+01   .9999999  .0001490 -.0001432
T 5485 19 .1519324E+11   1100013E-01  .8411E+01  .5440E+01   .9999999  .0001072 -.0000266
T 5486 19 .1519389E+11   1100022E-01 -.1059E+02  .1328E+02   .9999999 -.0002483  .0001740
T 5487 19 .1519195E+11   1100017E-01  .8318E+01 -.1652E+01   .9999999  .0001079 -.0000732
T 5488 19 .1519247E+11   1100018E-01 -.4431E+01  .6598E+01   .9999999 -.0001589  .0000208
T 5489 19 .1519349E+11   1100020E-01  .1006E+02  .1627E+02   .9999999  .0000563  .0002190
T 5490 19 .1519194E+11   1100013E-01 -.3753E+01  .1140E+02   .9999999 -.0000601  .0001474
T 5491 19 .1519195E+11   1100009E-01  .9075E+01 -.1315E+02   .9999999  .0000452 -.0001215
T 5492 19 .1519313E+11   1100022E-01  .2699E+01  .8917E+01   .9999999  .0001035  .0001928
T 5493 19 .1519248E+11   1100011E-01 -.5341E+01  .1742E+01   .9999999 -.0001480  .0000032
T 5494 19 .1519151E+11   1100018E-01 -.6547E+01 -.1265E+01   .9999999 -.0000202 -.0000610
T 5495 19 .1519269E+11   1100011E-01  .2786E+01 -.7063E+01   .9999999  .0000719 -.0001581
T 5496 19 .1519251E+11   1100006E-01 -.9539E+01  .5800E+01   .9999999 -.0001635  .0000337
T 5497 19 .1519305E+11   1100014E-01 -.1144E+02 -.9043E+01   .9999999 -.0001418 -.0000938
T 5498 19 .1519227E+11   1100011E-01 -.1320E+02 -.1185E+02   .9999999 -.0001449 -.0002243
T 5499 19 .1519357E+11   1100013E-01 -.1018E+02 -.2229E+02   .9999999 -.0001548 -.0004236
T 5500 19 .1519195E+11   1100021E-01 -.1594E+02  .5346E+01   .9999999 -.0002101  .0001897
T 5501 19 .1519202E+11   1100022E-01 -.1115E+02  .3885E+01   .9999999 -.0000975 -.0000852
T 5502 19 .1519440E+11   1100017E-01  .6872E+01  .6250E+01   .9999999  .0000703 -.0000337
T 5503 19 .1519310E+11   1100021E-01 -.1415E+02 -.6259E+01   .9999999 -.0001885 -.0000589
T 5504 19 .1519312E+11   1100011E-01  .5755E+00  .1212E+01   .9999999 -.0000439  .0001554
T 5505 19 .1519313E+11   1100019E-01  .6439E+00 -.7322E+01   .9999997  .0002012  .0007493
T 5506 19 .1519242E+11   1100000E-01 -.5931E+01 -.9737E+01   .9999999  .0000006 -.0000889
T 5507 19 .1519227E+11   1100022E-01  .1086E+02 -.9959E+01   .9999999  .0004182 -.0001996
T 5508 19 .1519152E+11   1100002E-01 -.3228E+01  .5225E+01   .9999999 -.0000537  .0000662
T 5509 19 .1519262E+11   1100012E-01  .3986E+01 -.2004E+02   .9999999  .0001597 -.0003026
T 5510 19 .1519240E+11   1100008E-01 -.7681E+01  .1034E+02   .9999999 -.0000879  .0001516
T 5511 19 .1519326E+11   1100021E-01 -.2201E+01 -.4842E+01   .9999999 -.0000380 -.0001356
T 5512 19 .1519204E+11   1100005E-01  .4621E+00  .1565E+00   .9999999 -.0000140  .0000321
T 5513 19 .1519169E+11   1100022E-01  .5066E+01  .1238E+02   .9999999 -.0000150  .0001191
T 5514 19 .1519288E+11   1100012E-01 -.1050E+02  .2474E+01   .9999999 -.0000945 -.0000082
T 5515 19 .1519359E+11   1100000E-01 -.1214E+02  .3810E+01   .9999999 -.0001453  .0000352
T 5516 19 .1519207E+11   1100021E-01 -.4038E+00  .8488E+01   .9999999 -.0000970 -.0000739
T 5517 19 .1519251E+11   1100001E-01  .3535E+01  .2677E+01   .9999999  .0000255 -.0000054
T 5518 19 .1519248E+11   1100020E-01 -.3342E+01 -.4356E+01   .9999999 -.0000537 -.0000590
T 5519 19 .1519395E+11   1100005E-01 -.4570E+01  .1069E+02   .9999999 -.0000409  .0000999
T 5520 19 .1519296E+11   1100016E-01 -.3867E+01  .2036E+02   .9999999 -.0000062  .0002270
T 5521 19 .1519270E+11   1100017E-01  .2214E+02 -.3133E+02   .9999999  .0000862 -.0003681
T 5522 19 .1519193E+11   1100021E-01 -.2399E+01 -.3460E+01   .9999999 -.0000929 -.0000713
T 5523 19 .1519302E+11   1100020E-01  .7748E+00  .5570E+01   .9999999  .0000263  .0000035
T 5524 19 .1519162E+11   1100015E-01 -.1394E+01 -.4264E+00   .9999999  .0000816  .0000494
T 5525 19 .1519241E+11   1100013E-01  .6979E+01 -.3558E+01   .9999999 -.0000142 -.0001007
T 5526 19 .1519211E+11   1100002E-01 -.1181E+02 -.9367E+01   .9999999 -.0001321  .0001058
T 5527 19 .1519164E+11   1100005E-01  .3624E+01  .1048E+02   .9999999  .0001459  .0002544
T 5528 19 .1519319E+11   1100021E-01  .1030E+02  .2557E+01   .9999999  .0003374  .0001041
T 5529 19 .1519264E+11   1100012E-01  .5043E+00  .1991E+02   .9999999  .0001180  .0002587
T 5530 19 .1519287E+11   1100009E-01 -.1710E+01  .5104E+01   .9999999  .0000624 -.0001752
T 5531 19 .1519258E+11   1100008E-01  .7322E+01  .9106E+01   .9999999  .0001320  .0001320
T 5532 19 .1519331E+11   1100011E-01 -.2283E+00 -.5154E+01   .9999999  .0001312 -.0000549
T 5533 19 .1519236E+11   1100008E-01  .9322E+01  .4458E+01   .9999999  .0003024  .0001276
T 5534 19 .1519314E+11   1100009E-01 -.1911E+02  .3509E+02   .9999999 -.0003531  .0003584
T 5535 19 .1519386E+11   1100004E-01 -.2755E+01  .7535E+01   .9999999 -.0000377  .0001215
T 5536 19 .1519164E+11   1100015E-01  .4715E+01  .1048E+01   .9999999  .0000560 -.0000961
T 5537 19 .1519286E+11   1100000E-01  .4177E+01 -.4685E+01   .9999999  .0002385 -.0000768
T 5538 19 .1519335E+11   1100001E-01  .2111E+02  .2390E+02   .9999999  .0002576  .0002623
T 5539 19 .1519225E+11   1100016E-01 -.9475E+01 -.1896E+02   .9999999 -.0001580 -.0003287
T 5540 19 .1519375E+11   1100007E-01 -.2002E+01  .5577E+01   .9999999 -.0000369  .0000765
T 5541 19 .1519311E+11   1100002E-01  .6015E+01  .3803E+01   .9999999  .0000272 -.0000209
T 5542 19 .1519198E+11   1100008E-01 -.3373E+01 -.8760E+01   .9999999 -.0000642 -.0001295
T 5543 19 .1519253E+11   1100005E-01  .4344E+01  .1295E+02   .9999999  .0001239  .0001834
T 5544 19 .1519292E+11   1100002E-01 -.5422E+01  .1864E+01   .9999999 -.0000137 -.0000096
T 5545 19 .1519219E+11   1100003E-01 -.1413E+01  .4538E+01   .9999999 -.0000084 -.0000578
T 5546 19 .1519122E+11   1100013E-01  .2530E+01 -.3230E+01   .9999999  .0001238  .0000463
T 5547 19 .1519225E+11   1100005E-01  .1778E+02  .6827E+01   .9999999  .0003351  .0000905
T 5548 19 .1519197E+11   1100010E-01 -.8052E+01 -.2966E+01   .9999999 -.0002058  .0000852
T 5549 19 .1519233E+11   1100023E-01 -.1426E+01 -.1414E+02   .9999999 -.0000433 -.0002760
T 5550 19 .1519383E+11   1100020E-01  .2558E+00 -.6961E+00   .9999999  .0000041  .0000148
T 5551 19 .1519084E+11   1100005E-01 -.4668E+01 -.3476E+01   .9999999 -.0001155 -.0000993
T 5552 19 .1519337E+11   1100020E-01 -.1210E+02  .1087E+02   .9999999 -.0002460  .0001758
T 5553 19 .1519225E+11   1100020E-01 -.6005E+01 -.6593E+01   .9999999 -.0000820 -.0001555
T 5554 19 .1519242E+11   1100002E-01  .9744E+01 -.5698E+01   .9999999  .0001608 -.0001160
T 5555 19 .1519251E+11   1100007E-01  .3274E+01  .1068E+02   .9999999  .0001162  .0000673
T 5556 19 .1519272E+11   1100001E-01 -.2379E+01 -.1067E+02   .9999999  .0000039 -.0001638
T 5557 19 .1519117E+11   1100015E-01 -.3424E+01 -.3089E+01   .9999999 -.0000982 -.0000439
T 5558 19 .1519197E+11   1100022E-01  .2145E+01  .2664E+01   .9999999  .0000136  .0000129
T 5559 19 .1519210E+11   1100016E-01 -.6487E+01  .4473E+01   .9999999 -.0002667  .0000606
T 5560 19 .1519198E+11   1100023E-01 -.5114E+01 -.1877E+01   .9999999 -.0000422 -.0000143
T 5561 19 .1519161E+11   1100012E-01  .1174E+01 -.6051E+00   .9999999 -.0000270 -.0000858
T 5562 19 .1519194E+11   1100007E-01 -.2015E+01  .8160E+01   .9999999  .0000405  .0000535
T 5563 19 .1519177E+11   1100014E-01  .9143E+01 -.8505E+01   .9999999  .0000400 -.0002134
T 5564 19 .1519246E+11   1100009E-01 -.5452E+01 -.5128E+01   .9999999 -.0002397 -.0001909
T 5565 19 .1519234E+11   1100013E-01 -.6634E+01  .4605E+01   .9999999  .0002046  .0002758
T 5566 19 .1519241E+11   1100000E-01 -.4478E+01  .7859E+01   .9999999 -.0000078  .0001163
T 5567 19 .1519271E+11   1100000E-01  .2138E+01 -.1367E+02   .9999999 -.0000761 -.0002487
T 5568 19 .1519284E+11   1100017E-01 -.2242E+01 -.7782E+01   .9999999  .0000229 -.0000702
T 5569 19 .1519264E+11   1100012E-01  .1716E+01 -.3627E+01   .9999999  .0000256 -.0001414
T 5570 19 .1519395E+11   1100020E-01 -.2402E+01  .4728E+01   .9999999 -.0001166  .0002508
T 5571 19 .1519245E+11   1100012E-01  .8700E+01 -.8394E+01   .9999999  .0000617 -.0002558
T 5572 19 .1519329E+11   1100022E-01 -.5193E+01  .1679E+02   .9999999 -.0000918  .0003067
T 5573 19 .1519204E+11   1100004E-01  .5525E+01  .8996E+01   .9999999  .0000319  .0001932
T 5574 19 .1519266E+11   1100022E-01 -.3109E+02  .9297E+01   .9999999 -.0004011  .0001100
T 5575 19 .1519275E+11   1100018E-01 -.9133E+00  .7877E+01   .9999999 -.0000069  .0000946
T 5576 19 .1519232E+11   1100023E-01  .3920E+01 -.2755E+00   .9999999 -.0000555  .0000472
T 5577 19 .1519164E+11   1100007E-01  .1824E+01 -.8024E+01   .9999999 -.0000801 -.0000687
T 5578 19 .1519285E+11   1100000E-01 -.1069E+02  .6429E+01   .9999999 -.0002318  .0000895
T 5579 19 .1519169E+11   1100014E-01  .6468E+01  .5091E+00   .9999999  .0000331 -.0000013
T 5580 19 .1519280E+11   1100018E-01  .2578E+01 -.1501E+01   .9999999  .0000166 -.0000410
T 5581 19 .1519252E+11   1100017E-01 -.1039E+02 -.1286E+02   .9999999 -.0001669 -.0000430
T 5582 19 .1519175E+11   1100004E-01 -.8874E+01 -.1595E+01   .9999999 -.0001676 -.0000186
T 5583 19 .1519182E+11   1100021E-01  .1291E+02  .2311E+01   .9999999  .0002695  .0000678
T 5584 19 .1519189E+11   1100001E-01  .1537E+01  .3250E+01   .9999999  .0000459 -.0001528
T 5585 19 .1519256E+11   1100011E-01 -.2644E+00  .2066E+01   .9999999 -.0000388  .0000793
T 5586 19 .1519307E+11   1100015E-01  .5881E+01  .5709E+01   .9999999  .0000058  .0000138
T 5587 19 .1519236E+11   1100020E-01 -.1251E+00  .4839E+01   .9999999  .0000127  .0000283
T 5588 19 .1519211E+11   1100017E-01  .1066E+02 -.3080E+01   .9999999  .0002072 -.0000905
T 5589 19 .1519263E+11   1100010E-01 -.9074E+01 -.8150E+01   .9999999 -.0001120 -.0000520
T 5590 19 .1519252E+11   1100012E-01 -.3163E+01  .6603E+01   .9999999 -.0001302  .0000878
T 5591 19 .1519350E+11   1100008E-01 -.3103E+01  .1137E+02   .9999999 -.0001514  .0000580
T 5592 19 .1519201E+11   1100016E-01  .1142E+02  .4339E+01   .9999999  .0001132 -.0000411
T 5593 19 .1519342E+11   1100009E-01  .3731E+01 -.5891E+01   .9999999  .0000277 -.0000181
T 5594 19 .1519325E+11   1100018E-01  .5966E+01  .8190E+01   .9999999  .0003013 -.0000129
T 5595 19 .1519287E+11   1100013E-01 -.1253E+01  .1202E+02   .9999999 -.0000178  .0001026
T 5596 19 .1519301E+11   1100016E-01  .3412E+01 -.1223E+02   .9999999 -.0001269 -.0002146
T 5597 19 .1519204E+11   1100006E-01  .1918E+02 -.1092E+02   .9999999  .0003676 -.0000730
T 5598 19 .1519316E+11   1100001E-01 -.7467E+01  .3145E+01   .9999999 -.0002375  .0001988
T 5599 19 .1519395E+11   1100022E-01  .2133E+02  .1190E+02   .9999999  .0002665  .0000852
T 5600 19 .1519308E+11   1100018E-01  .1575E+01  .6351E+01   .9999999 -.0000099  .0000620
T 5601 19 .1519224E+11   1100022E-01  .2287E+01  .6008E+01   .9999999  .0001119  .0001001
T 5602 19 .1519218E+11   1100020E-01 -.7980E+01  .2121E+00   .9999999 -.0002881  .0001266
T 5603 19 .1519236E+11   1100003E-01  .1254E+02 -.7347E+01   .9999999  .0001777 -.0001479
T 5604 19 .1519331E+11   1100022E-01  .6907E+01 -.5887E+01   .9999999  .0000588  .0000063
T 5605 19 .1519254E+11   1100008E-01 -.8403E+01  .1147E+02   .9999999 -.0001287  .0001211
T 5606 19 .1519319E+11   1100001E-01  .1166E+02  .2404E+01   .9999999  .0001248  .0000563
T 5607 19 .1519310E+11   1100023E-01  .6005E+01 -.1166E+00   .9999999  .0000264 -.0002673
T 5608 19 .1519338E+11   1100020E-01 -.4615E+01  .7072E+01   .9999999 -.0001829  .0001649
T 5609 19 .1519413E+11   1100012E-01  .2612E+02 -.2102E+02   .9999999  .0003436 -.0001697
T 5610 19 .1519206E+11   1100019E-01 -.8186E+01 -.3199E+01   .9999999 -.0000180 -.0000773
T 5611 19 .1519292E+11   1100018E-01  .8251E+01 -.4126E+01   .9999999  .0001035  .0000233
T 5612 19 .1519165E+11   1100016E-01  .2863E+01  .2885E+01   .9999999 -.0001647 -.0001940
T 5613 19 .1519300E+11   1100023E-01  .1325E+02 -.2703E+01   .9999999  .0001549 -.0001113
T 5614 19 .1519242E+11   1100005E-01 -.3464E+01 -.4236E+01   .9999999 -.0002338  .0000334
T 5615 19 .1519235E+11   1100020E-01  .4279E+01  .8727E-01   .9999999  .0003698  .0003449
T 5616 19 .1519265E+11   1100002E-01 -.2372E+02 -.8362E+01   .9999999 -.0002275 -.0001440
T 5617 19 .1519213E+11   1100022E-01 -.9873E+01  .1238E+02   .9999999 -.0001750  .0001639
T 5618 19 .1519357E+11   1100019E-01  .6408E+01 -.2937E+01   .9999999  .0002083 -.0001040
T 5619 19 .1519365E+11   1100000E-01  .7444E+01  .1766E+01   .9999999  .0000958  .0000461
T 5620 19 .1519224E+11   1100014E-01 -.1211E+02  .7533E+01   .9999999 -.0001391  .0001897
T 5621 19 .1519166E+11   1100000E-01 -.1160E+02  .1188E+02   .9999999 -.0001754  .0001473
T 5622 19 .1519294E+11   1100022E-01  .8525E+00  .7396E+00   .9999999 -.0001157  .0000472
T 5623 19 .1519220E+11   1100020E-01  .2319E+02  .8140E+01   .9999999  .0002420  .0001165
T 5624 19 .1519240E+11   1100001E-01  .1316E+01  .8693E+01   .9999999  .0000171  .0001208
T 5625 19 .1519214E+11   1100018E-01  .7010E+01  .1928E+01   .9999999 -.0000591 -.0000876
T 5626 19 .1519205E+11   1100019E-01  .8250E+01 -.9354E+01   .9999999  .0002147 -.0002039
T 5627 19 .1519374E+11   1100015E-01  .7396E+01 -.1803E+01   .9999999  .0001268 -.0001549
T 5628 19 .1519374E+11   1100019E-01  .8886E+01  .2314E+02   .9999999  .0000782  .0005271
T 5629 19 .1519389E+11   1100016E-01 -.1258E+01 -.1214E+01   .9999999  .0000448 -.0000222
T 5630 19 .1519285E+11   1100001E-01  .1223E+02  .1536E+02   .9999999  .0002076  .0003025
T 5631 19 .1519359E+11   1100014E-01 -.2032E+01  .3312E+01   .9999999  .0000531 -.0000069
T 5632 19 .1519285E+11   1100016E-01  .1042E+02  .2130E+01   .9999999  .0001799 -.0000279
T 5633 19 .1519354E+11   1100018E-01 -.4068E+01  .5118E+01   .9999999 -.0001253  .0000663
T 5634 19 .1519308E+11   1100017E-01  .4278E+00 -.1197E+01   .9999999  .0001211 -.0000321
T 5635 19 .1519264E+11   1100006E-01  .1079E+02  .4514E+01   .9999999  .0000766  .0000621
T 5636 19 .1519253E+11   1100017E-01  .1194E+02 -.1862E+02   .9999999  .0002017 -.0003105
T 5637 19 .1519208E+11   1100004E-01 -.4677E+01 -.9713E+01   .9999999 -.0001041 -.0001835
T 5638 19 .1519298E+11   1100021E-01  .3451E+01 -.2867E+01   .9999999  .0000360  .0000674
T 5639 19 .1519253E+11   1100006E-01 -.7601E-01 -.2755E+00   .9999999  .0000770  .0000328
T 5640 19 .1519271E+11   1100005E-01  .2502E+01  .9907E+01   .9999999 -.0001129 -.0000189
T 5641 19 .1519304E+11   1100007E-01 -.2223E+02 -.3097E+01   .9999999 -.0002599 -.0001054
T 5642 19 .1519225E+11   1100005E-01 -.5184E+01  .7151E+01   .9999999  .0000203  .0000951
T 5643 19 .1519221E+11   1100003E-01  .2487E+01 -.1146E+02   .9999999  .0001346 -.0001979
T 5644 19 .1519295E+11   1100007E-01  .1887E+02 -.9908E+01   .9999999  .0002741  .0000032
T 5645 19 .1519287E+11   1100009E-01  .3343E+01  .5528E+01   .9999999  .0000849  .0000889
T 5646 19 .1519392E+11   1100022E-01 -.3039E+01  .9863E+01   .9999999  .0000253  .0000890
T 5647 19 .1519284E+11   1100017E-01 -.6564E+02  .1376E+03   .9999986 -.0006659  .0015576
T 5648 19 .1519233E+11   1100023E-01 -.1203E+02 -.1230E+02   .9999999 -.0001425 -.0001669
T 5649 19 .1519310E+11   1100008E-01 -.2965E+01  .1098E+01   .9999999  .0000555  .0001065
T 5650 19 .1519166E+11   1100018E-01 -.1485E+01 -.6231E+01   .9999999  .0001339 -.0001608
T 5651 19 .1519196E+11   1100011E-01  .1087E+02  .7354E+01   .9999999  .0000575  .0001539
T 5652 19 .1519226E+11   1100006E-01  .6851E+01 -.2072E+01   .9999999  .0001797 -.0000945
T 5653 19 .1519279E+11   1100020E-01 -.2037E+02 -.1396E+02   .9999999 -.0001019 -.0002347
T 5654 19 .1519268E+11   1100016E-01  .1434E+02  .8360E+01   .9999999  .0001638  .0000308
T 5655 19 .1519223E+11   1100007E-01  .9204E+01 -.5531E+01   .9999999  .0001009 -.0000643
T 5656 19 .1519166E+11   1100010E-01  .1963E+02 -.1977E+02   .9999998  .0004112 -.0004122
T 5657 19 .1519377E+11   1100013E-01 -.4103E+01  .2243E+00   .9999999 -.0000289  .0000489
T 5658 19 .1519316E+11   1100020E-01  .7120E+01 -.1150E+02   .9999999  .0001678 -.0002106
T 5659 19 .1519288E+11   1100021E-01  .6496E+01 -.1219E+02   .9999999  .0002690 -.0004282
T 5660 19 .1519276E+11   1100000E-01 -.7511E+01  .6687E+01   .9999999 -.0001676  .0000102
T 5661 19 .1519344E+11   1100007E-01  .1462E+01  .1245E+02   .9999999  .0001289  .0002444
T 5662 19 .1519271E+11   1100022E-01 -.7255E+01 -.1071E+02   .9999999 -.0002135 -.0000422
T 5663 19 .1519343E+11   1100006E-01  .2679E+01  .6414E+01   .9999999 -.0000058  .0001006
T 5664 19 .1519275E+11   1100017E-01 -.7425E+01 -.4739E+01   .9999999 -.0001194 -.0001061
T 5665 19 .1519311E+11   1100019E-01 -.6272E+01  .4525E+01   .9999996 -.0006266  .0005965
T 5666 19 .1519224E+11   1100013E-01  .1722E+02 -.2065E+02   .9999999  .0002106 -.0002591
T 5667 19 .1519435E+11   1100001E-01 -.3459E+01  .2436E+01   .9999999 -.0000352  .0000912
T 5668 19 .1519227E+11   1100002E-01  .2330E+02 -.1438E+02   .9999999  .0002378 -.0001663
T 5669 19 .1519217E+11   1100011E-01 -.4752E+01  .2137E+01   .9999999  .0000791  .0000004
T 5670 19 .1519186E+11   1100008E-01  .1465E+02 -.8108E+01   .9999999  .0002764 -.0001553
T 5671 19 .1519221E+11   1100021E-01  .7132E+01  .2632E+01   .9999999  .0001485  .0001152
T 5672 19 .1519246E+11   1100001E-01  .3314E+01  .2382E+01   .9999999  .0000151  .0001368
T 5673 19 .1519340E+11   1100022E-01 -.1293E+02  .1103E+00   .9999999 -.0004679 -.0001352
T 5674 19 .1519312E+11   1100008E-01  .1219E+02 -.1952E+02   .9999999  .0001706 -.0002513
T 5675 19 .1519126E+11   1100018E-01  .9174E+01 -.2853E+01   .9999999  .0001391 -.0000805
T 5676 19 .1519282E+11   1100011E-01  .4575E+01  .1913E+01   .9999999  .0001581  .0000065
T 5677 19 .1519337E+11   1100019E-01 -.1025E+02  .6878E+00   .9999999 -.0001264  .0000497
T 5678 19 .1519386E+11   1100011E-01 -.2714E+01 -.1410E+02   .9999999 -.0002082 -.0002729
T 5679 19 .1519207E+11   1100010E-01 -.7776E+01 -.6767E+01   .9999999 -.0001225 -.0001110
T 5680 19 .1519169E+11   1100018E-01 -.1609E+01 -.1388E+02   .9999999 -.0000523 -.0000998
T 5681 19 .1519258E+11   1100022E-01 -.9198E+01 -.6354E+01   .9999999 -.0000702 -.0000501
T 5682 19 .1519288E+11   1100004E-01  .1664E+02  .1101E+02   .9999999  .0003801  .0002010
T 5683 19 .1519281E+11   1100006E-01 -.8636E+01  .2845E+01   .9999999 -.0001823 -.0000710
T 5684 19 .1519206E+11   1100022E-01 -.7645E+01 -.1301E+01   .9999999 -.0001198  .0000648
T 5685 19 .1519199E+11   1100007E-01 -.1889E+01  .7870E+00   .9999999 -.0000804  .0000067
T 5686 19 .1519276E+11   1100021E-01 -.3229E+02 -.8696E+01   .9999999 -.0003662 -.0001487
T 5687 19 .1519290E+11   1100010E-01 -.4286E+01 -.3102E+02   .9999999 -.0000025 -.0003996
T 5688 19 .1519272E+11   1100000E-01 -.3730E+01  .9146E+01   .9999999 -.0000581  .0001214
T 5689 19 .1519238E+11   1100001E-01 -.1673E+02 -.1183E+00   .9999999 -.0002345 -.0001197
T 5690 19 .1519262E+11   1100008E-01  .3997E+01 -.7808E+01   .9999999  .0000194 -.0000093
T 5691 19 .1519191E+11   1100013E-01 -.5536E+01 -.5310E+01   .9999999  .0000084  .0000482
T 5692 19 .1519325E+11   1100014E-01 -.7601E+01  .2995E+01   .9999999 -.0000946 -.0001681
T 5693 19 .1519273E+11   1100009E-01 -.1558E+01 -.1116E+02   .9999999  .0000437 -.0001454
T 5694 19 .1519148E+11   1100023E-01 -.1766E+01  .1518E+02   .9999999 -.0000698  .0001889
T 5695 19 .1519245E+11   1100020E-01  .3851E+00 -.6205E+01   .9999999  .0000767 -.0000391
T 5696 19 .1519134E+11   1100020E-01 -.3255E+01 -.8552E+01   .9999999 -.0000933 -.0000939
T 5697 19 .1519274E+11   1100011E-01  .8207E+01  .1059E+02   .9999999  .0001203  .0001056
T 5698 19 .1519247E+11   1100011E-01  .1695E+02 -.4030E+01   .9999999  .0002751 -.0000650
T 5699 19 .1519260E+11   1100016E-01 -.1286E+01 -.2007E+01   .9999999 -.0000621 -.0000053
T 5700 19 .1519406E+11   1100018E-01  .3195E+01 -.1619E+01   .9999999  .0000945  .0000066
T 5701 19 .1519272E+11   1100019E-01  .1735E+02  .8574E+00   .9999999  .0002906 -.0001327
T 5702 19 .1519366E+11   1100007E-01  .1449E+01 -.3194E+01   .9999999  .0000560 -.0000810
T 5703 19 .1519275E+11   1100016E-01 -.9682E+01 -.1297E+02   .9999999 -.0000738 -.0001605
T 5704 19 .1519154E+11   1100017E-01  .5965E+01 -.2361E+02   .9999999  .0002783 -.0003427
T 5705 19 .1519375E+11   1100003E-01  .5191E+01 -.1572E+01   .9999999 -.0000375  .0000932
T 5706 19 .1519348E+11   1100013E-01 -.2279E+01 -.7645E+01   .9999999 -.0000159 -.0001253
T 5707 19 .1519250E+11   1100012E-01 -.1026E+02  .1444E+01   .9999999 -.0000553 -.0000807
T 5708 19 .1519358E+11   1100006E-01 -.6001E+01 -.8931E+00   .9999999 -.0002281  .0001044
T 5709 19 .1519389E+11   1100008E-01  .2303E+02 -.1725E+00   .9999999  .0004769 -.0000793
T 5710 19 .1519179E+11   1100021E-01 -.2131E+02  .2843E+01   .9999999 -.0003307 -.0000705
T 5711 19 .1519206E+11   1100018E-01  .5475E+01  .1023E+02   .9999999  .0000490  .0001420
T 5712 19 .1519174E+11   1100022E-01 -.2095E+02  .5520E+01   .9999999 -.0004556  .0000408
T 5713 19 .1519279E+11   1100008E-01  .2851E+01  .1166E+02   .9999999  .0000577  .0000789
T 5714 19 .1519233E+11   1100017E-01  .1253E+02 -.2399E+01   .9999999  .0002959  .0000807
T 5715 19 .1519268E+11   1100016E-01 -.1355E+02 -.7798E+01   .9999999 -.0001526 -.0000935
T 5716 19 .1519211E+11   1100003E-01  .3187E+01 -.1749E+01   .9999999 -.0000602 -.0000616
T 5717 19 .1519172E+11   1100011E-01  .4204E+01 -.7077E+01   .9999999  .0001049 -.0000436
T 5718 19 .1519439E+11   1100010E-01 -.6528E+01  .7389E+01   .9999999 -.0001270  .0001442
T 5719 19 .1519276E+11   1100001E-01 -.3300E+01 -.1351E+02   .9999999 -.0001401 -.0001686
T 5720 19 .1519296E+11   1100011E-01 -.4291E+01  .5484E+00   .9999999 -.0001359  .0000389
T 5721 19 .1519255E+11   1100017E-01 -.3028E+01  .2345E+00   .9999999  .0000453 -.0000250
T 5722 19 .1519277E+11   1100002E-01 -.5671E+01 -.1631E+01   .9999999  .0000605 -.0000424
T 5723 19 .1519300E+11   1100001E-01  .5970E+01  .1033E+02   .9999999  .0001111  .0002070
T 5724 19 .1519187E+11   1100007E-01 -.2157E+01 -.5856E+01   .9999999 -.0000437 -.0001294
T 5725 19 .1519311E+11   1100014E-01  .1326E+02  .6318E+01   .9999999  .0002503  .0000324
T 5726 19 .1519293E+11   1100014E-01  .2526E+01  .4307E+01   .9999999  .0001303 -.0001270
T 5727 19 .1519218E+11   1100012E-01  .8988E+01 -.9292E+01   .9999999  .0001729 -.0002831
T 5728 19 .1519287E+11   1100000E-01  .4442E+01  .2827E+01   .9999999  .0001767  .0000594
T 5729 19 .1519214E+11   1100021E-01  .1249E+02 -.3848E+01   .9999999  .0000080 -.0001716
T 5730 19 .1519264E+11   1100019E-01  .4136E+01 -.1756E+00   .9999999  .0000337 -.0001185
T 5731 19 .1519314E+11   1100010E-01 -.1034E+02  .7207E+01   .9999999 -.0002183  .0002057
T 5732 19 .1519338E+11   1100011E-01  .3429E+01  .3084E+01   .9999999  .0000726 -.0000153
T 5733 19 .1519225E+11   1100018E-01  .9361E+00  .5091E+01   .9999999  .0001103  .0001642
T 5734 19 .1519231E+11   1100007E-01  .4766E+01 -.5892E+01   .9999999  .0000678 -.0000294
T 5735 19 .1519216E+11   1100014E-01 -.5582E+01 -.3518E+01   .9999999 -.0001029 -.0001005
T 5736 19 .1519126E+11   1100009E-01  .3319E+01  .4534E+00   .9999999  .0002024 -.0003144
T 5737 19 .1519372E+11   1100013E-01  .3606E+01 -.9197E+01   .9999999  .0000374 -.0000730
T 5738 19 .1519326E+11   1100018E-01  .1381E+01 -.5809E+01   .9999999  .0000441 -.0000605
T 5739 19 .1519145E+11   1100020E-01 -.7648E+01 -.5697E+01   .9999999 -.0001249 -.0000602
T 5740 19 .1519222E+11   1100016E-01 -.9590E+02  .1463E+03   .9999971 -.0013127  .0020260
T 5741 19 .1519204E+11   1100014E-01 -.6967E+01 -.4462E+01   .9999999 -.0001913 -.0001409
T 5742 19 .1519299E+11   1100004E-01  .3565E+01 -.5118E+00   .9999999 -.0000941 -.0000856
T 5743 19 .1519258E+11   1100014E-01  .7636E+01 -.6400E+01   .9999999  .0000766 -.0001604
T 5744 19 .1519311E+11   1100013E-01  .1156E+02  .1640E+02   .9999999  .0002046  .0002412
T 5745 19 .1519287E+11   1100001E-01 -.9256E+01  .8680E+01   .9999999 -.0001844  .0002856
T 5746 19 .1519189E+11   1100019E-01 -.3847E+01 -.8628E+01   .9999999  .0000058 -.0000779
T 5747 19 .1519202E+11   1100010E-01  .1815E+01  .6501E+01   .9999999  .0000699  .0000357
T 5748 19 .1519125E+11   1100008E-01  .1930E+01  .1092E+02   .9999999  .0000110  .0001767
T 5749 19 .1519253E+11   1100007E-01  .1770E+02  .3189E+01   .9999999  .0001521  .0000776
T 5750 19 .1519355E+11   1100019E-01  .3472E+01  .2147E+01   .9999999  .0000433  .0001002
T 5751 19 .1519211E+11   1100011E-01 -.1177E+02 -.6465E+01   .9999999 -.0001660 -.0000324
T 5752 19 .1519094E+11   1100018E-01 -.2584E+01  .5615E+01   .9999999  .0000979  .0000191
T 5753 19 .1519435E+11   1100018E-01  .1876E+02  .2741E+01   .9999999  .0002187  .0000577
T 5754 19 .1519376E+11   1100018E-01 -.3296E+01 -.1814E+02   .9999999 -.0001558 -.0002399
T 5755 19 .1519207E+11   1100016E-01  .1400E+02 -.1241E+02   .9999999  .0001726 -.0001024
T 5756 19 .1519356E+11   1100015E-01  .6079E+01  .8517E+01   .9999999  .0000302  .0000913
T 5757 19 .1519318E+11   1100019E-01  .9298E+00 -.4298E+01   .9999998  .0003125  .0004872
T 5758 19 .1519248E+11   1100010E-01 -.8161E+00  .6231E+01   .9999999  .0000463  .0000278
T 5759 19 .1519260E+11   1100010E-01  .2783E+01  .5581E+01   .9999999 -.0000388  .0001308
T 5760 19 .1519193E+11   1100007E-01 -.6679E+01  .1370E+01   .9999999 -.0001071 -.0001393
T 5761 19 .1519271E+11   1100014E-01  .8633E+01  .2236E+01   .9999999  .0001256 -.0000359
T 5762 19 .1519222E+11   1100020E-01 -.1524E+02 -.4599E+00   .9999999 -.0005082  .0001252
T 5763 19 .1519273E+11   1100001E-01  .2554E+01 -.9846E+01   .9999999  .0001447 -.0003386
T 5764 19 .1519258E+11   1100001E-01  .1349E+02 -.4255E+00   .9999999  .0001890 -.0001357
T 5765 19 .1519371E+11   1100009E-01 -.7584E+01  .2308E+01   .9999999 -.0004803 -.0000083
T 5766 19 .1519236E+11   1100019E-01  .1262E+02  .5839E+01   .9999999  .0002441  .0000923
T 5767 19 .1519250E+11   1100001E-01  .1909E+02 -.5325E+01   .9999997  .0007001 -.0003610
T 5768 19 .1519232E+11   1100007E-01  .1198E+01 -.1144E+02   .9999999 -.0000915 -.0001646
T 5769 19 .1519218E+11   1100016E-01 -.9261E+01 -.2176E+01   .9999999 -.0001143 -.0000153
T 5770 19 .1519258E+11   1100021E-01  .5262E+01  .1092E+02   .9999999 -.0000494  .0002099
T 5771 19 .1519297E+11   1100000E-01  .2326E+01  .1805E+02   .9999999 -.0000288  .0002832
T 5772 19 .1519296E+11   1100016E-01  .1870E+01  .5576E+01   .9999999  .0000059  .0000239
T 5773 19 .1519269E+11   1100014E-01  .9970E+01  .2368E+01   .9999999  .0001457  .0000114
T 5774 19 .1519279E+11   1100019E-01 -.1217E+02 -.9909E+01   .9999999 -.0001266 -.0001309
T 5775 19 .1519296E+11   1100018E-01  .6209E+01  .2408E+01   .9999999  .0000599  .0000674
T 5776 19 .1519294E+11   1100020E-01  .2492E+00  .2970E+01   .9999999 -.0000241  .0000301
T 5777 19 .1519154E+11   1100009E-01 -.6373E+01  .5364E+01   .9999999 -.0000282  .0001873
T 5778 19 .1519287E+11   1100019E-01 -.2744E+01 -.7003E+01   .9999999 -.0000287 -.0001688
T 5779 19 .1519109E+11   1100010E-01  .6227E+01  .4025E+00   .9999999  .0001076  .0000275
T 5780 19 .1519141E+11   1100004E-01 -.3836E+01 -.9458E+01   .9999999 -.0000266 -.0001276
T 5781 19 .1519198E+11   1100013E-01 -.4556E+01 -.4445E+00   .9999999 -.0001508 -.0000633
T 5782 19 .1519269E+11   1100023E-01  .1648E+02  .1494E+02   .9999999  .0001522  .0001276
T 5783 19 .1519250E+11   1100020E-01 -.6301E+01 -.8535E+01   .9999999 -.0001472 -.0000950
T 5784 19 .1519350E+11   1100002E-01  .9129E+01 -.1715E+02   .9999999 -.0000985 -.0002270
T 5785 19 .1519247E+11   1100005E-01 -.3975E+02  .1704E+02   .9999996 -.0008467  .0002638
T 5786 19 .1519273E+11   1100000E-01 -.1166E+02 -.4123E+00   .9999999 -.0002809 -.0000898
T 5787 19 .1519378E+11   1100006E-01  .4914E+01  .8404E+01   .9999999  .0000143  .0000666
T 5788 19 .1519171E+11   1100000E-01 -.3006E+01 -.4325E+00   .9999999  .0000610  .0001957
T 5789 19 .1519380E+11   1100022E-01  .3980E+00  .8397E+01   .9999999  .0000431  .0000872
T 5790 19 .1519279E+11   1100010E-01 -.4491E+00  .6080E+00   .9999999 -.0000396  .0000145
T 5791 19 .1519104E+11   1100000E-01 -.1552E+02 -.9588E+01   .9999999 -.0002753 -.0002077
T 5792 19 .1519255E+11   1100010E-01 -.5446E+02 -.3856E+02   .9999994 -.0008710 -.0007161
T 5793 19 .1519417E+11   1100005E-01  .1465E+00 -.4378E+01   .9999999  .0000510 -.0000870
T 5794 19 .1519272E+11   1100015E-01  .1892E+01 -.1093E+01   .9999999 -.0000402  .0000311
T 5795 19 .1519249E+11   1100023E-01  .1418E+01 -.3175E+01   .9999999  .0000057 -.0000070
T 5796 19 .1519284E+11   1100007E-01 -.8718E+00 -.1542E+02   .9999999  .0001606 -.0002450
T 5797 19 .1519192E+11   1100022E-01 -.3571E+02  .7835E+01   .9999999 -.0003322  .0001070
T 5798 19 .1519367E+11   1100016E-01  .7983E+01 -.7799E+01   .9999999  .0001114 -.0000429
T 5799 19 .1519333E+11   1100001E-01  .1568E+01 -.1685E+00   .9999999 -.0000776  .0000155
T 5800 19 .1519360E+11   1100016E-01  .1718E+01  .1060E+02   .9999999 -.0000423  .0003882
T 5801 19 .1519333E+11   1100020E-01 -.1128E+02 -.9670E+01   .9999999 -.0000510 -.0000773
T 5802 19 .1519266E+11   1100022E-01  .1650E+01  .7360E+01   .9999999  .0000865  .0000394
T 5803 19 .1519204E+11   1100020E-01  .3988E+00 -.2034E+01   .9999999 -.0000127  .0000301
T 5804 19 .1519222E+11   1100007E-01  .1617E+02  .8339E+01   .9999999  .0002300  .0000670
T 5805 19 .1519209E+11   1100022E-01  .5651E+01 -.2571E+01   .9999999  .0001581 -.0000708
T 5806 19 .1519251E+11   1100022E-01 -.2230E+01  .4735E+01   .9999999 -.0000256 -.0000801
T 5807 19 .1519231E+11   1100011E-01  .1800E+02 -.9558E+01   .9999999  .0002124 -.0001590
T 5808 19 .1519243E+11   1100007E-01 -.2402E+02  .1448E+02   .9999999 -.0002991  .0002102
T 5809 19 .1519320E+11   1100003E-01  .1467E+02  .1317E+00   .9999999  .0002037 -.0000215
T 5810 19 .1519289E+11   1100022E-01 -.6133E+00  .4694E+01   .9999999 -.0000113  .0000456
T 5811 19 .1519451E+11   1100015E-01  .1041E+02 -.1558E+02   .9999998  .0004835 -.0004109
T 5812 19 .1519190E+11   1100002E-01  .4529E+01  .5342E+01   .9999999 -.0000089  .0002139
T 5813 19 .1519269E+11   1100019E-01  .3374E+01 -.3196E+01   .9999999  .0001963  .0000747
T 5814 19 .1519275E+11   1100015E-01  .5247E+01 -.4143E+01   .9999999  .0001642 -.0000912
T 5815 19 .1519331E+11   1100021E-01 -.1491E+02 -.4305E+01   .9999999 -.0001747 -.0000275
T 5816 19 .1519169E+11   1100012E-01 -.7023E+00  .1459E+01   .9999999 -.0000809  .0001130
T 5817 19 .1519320E+11   1100014E-01  .6353E+01  .8733E+01   .9999999 -.0001236  .0002731
T 5818 19 .1519257E+11   1100016E-01  .1226E+02 -.1619E+02   .9999998  .0003291 -.0004873
T 5819 19 .1519180E+11   1100005E-01 -.6250E+01 -.3321E+01   .9999999 -.0000662  .0000128
T 5820 19 .1519260E+11   1100013E-01  .9940E+01  .3572E+01   .9999999  .0001840  .0001099
T 5821 19 .1519456E+11   1100012E-01 -.9466E+00  .6289E+01   .9999999  .0000041  .0001304
T 5822 19 .1519182E+11   1100017E-01 -.6194E+01 -.8300E+01   .9999999 -.0000418 -.0001357
T 5823 19 .1519229E+11   1100000E-01 -.4353E+01 -.1382E+01   .9999999 -.0000790  .0000303
T 5824 19 .1519399E+11   1100017E-01 -.1708E+02  .8888E+00   .9999999 -.0003222  .0000814
T 5825 19 .1519214E+11   1100003E-01  .4503E+01  .1095E+02   .9999999  .0001403  .0002639
T 5826 19 .1519234E+11   1100006E-01  .1365E+01 -.1848E+01   .9999999 -.0000770 -.0001011
T 5827 19 .1519143E+11   1100001E-01 -.9849E+01  .3642E+01   .9999999 -.0001227  .0000211
T 5828 19 .1519070E+11   1100006E-01  .6837E+01 -.6607E+01   .9999999  .0001407 -.0000977
T 5829 19 .1519216E+11   1100009E-01 -.5218E+01 -.2436E+02   .9999999 -.0001125 -.0003098
T 5830 19 .1519184E+11   1100019E-01 -.3469E+01 -.1724E+02   .9999999  .0000238 -.0001371
T 5831 19 .1519343E+11   1100018E-01  .3130E+01  .1384E+02   .9999999  .0001051  .0002207
T 5832 19 .1519199E+11   1100020E-01  .4118E+01 -.9875E+01   .9999999 -.0001235  .0003073
T 5833 19 .1519207E+11   1100018E-01 -.1196E+02  .6065E+01   .9999999 -.0002769  .0000402
T 5834 19 .1519310E+11   1100016E-01  .3979E+02 -.4803E+02   .9999997  .0004093 -.0006371
T 5835 19 .1519154E+11   1100011E-01  .5402E+01 -.1472E+01   .9999999  .0000825  .0000335
T 5836 19 .1519357E+11   1100020E-01 -.1108E+01  .9339E+01   .9999999  .0000613  .0000234
T 5837 19 .1519228E+11   1100019E-01  .1097E+02 -.4632E+01   .9999999  .0001404 -.0001170
T 5838 19 .1519244E+11   1100009E-01 -.1163E+02  .8252E+01   .9999999 -.0001653  .0002252
T 5839 19 .1519186E+11   1100021E-01 -.1807E+02 -.4755E+01   .9999999 -.0002497 -.0000776
T 5840 19 .1519163E+11   1100008E-01 -.1045E+01  .1345E+02   .9999999  .0000480  .0002475
T 5841 19 .1519332E+11   1100014E-01  .5393E+01 -.1203E+02   .9999999  .0002100 -.0002040
T 5842 19 .1519365E+11   1100000E-01  .1418E+01  .1705E+02   .9999997  .0001663  .0007099
T 5843 19 .1519365E+11   1100020E-01  .1487E+02  .8345E+01   .9999999  .0002716  .0001768
T 5844 19 .1519394E+11   1100016E-01  .9425E+01 -.4827E+01   .9999999  .0001118 -.0000529
T 5845 19 .1519333E+11   1100020E-01  .7591E+01 -.1071E+02   .9999999  .0001072 -.0002116
T 5846 19 .1519259E+11   1100002E-01 -.9179E+01  .8751E+01   .9999999 -.0001693  .0000515
T 5847 19 .1519229E+11   1100011E-01 -.2182E+01  .1260E+00   .9999999 -.0000588 -.0000308
T 5848 19 .1519313E+11   1100004E-01 -.2807E+01 -.1678E+01   .9999999  .0000028  .0000703
T 5849 19 .1519206E+11   1100008E-01 -.9070E+01 -.6033E+01   .9999999 -.0000580 -.0001363
T 5850 19 .1519287E+11   1100021E-01 -.5123E+01  .3714E+01   .9999999 -.0001003  .0001555
T 5851 19 .1519271E+11   1100018E-01  .7909E+01  .3661E+01   .9999999  .0000852  .0000870
T 5852 19 .1519357E+11   1100021E-01 -.1582E+01 -.1047E+02   .9999999  .0000210 -.0002001
T 5853 19 .1519342E+11   1100017E-01  .1190E+02  .2385E+02   .9999999  .0001421  .0004274
T 5854 19 .1519135E+11   1100022E-01 -.6043E+00 -.1304E+01   .9999999  .0000006 -.0000267
T 5855 19 .1519260E+11   1100021E-01  .4797E+01  .7277E+01   .9999999 -.0000567  .0000284
T 5856 19 .1519293E+11   1100005E-01  .2473E+02  .5436E+02   .9999996  .0003087  .0008058
T 5857 19 .1519258E+11   1100016E-01  .1441E+02 -.5530E+01   .9999999  .0002756 -.0000599
T 5858 19 .1519381E+11   1100014E-01 -.2577E+01  .5120E+01   .9999999 -.0000465  .0001414
T 5859 19 .1519450E+11   1100000E-01 -.6564E+01  .1700E+01   .9999999 -.0000501 -.0000308
T 5860 19 .1519234E+11   1100013E-01  .2011E+01  .3749E+01   .9999999  .0001753  .0000035
T 5861 19 .1519248E+11   1100017E-01  .3254E+01  .6188E+01   .9999999  .0000286  .0000879
T 5862 19 .1519279E+11   1100013E-01  .2281E+00 -.6826E+01   .9999999 -.0000098 -.0002224
T 5863 19 .1519171E+11   1100002E-01  .4194E+01 -.5841E+01   .9999999  .0000842 -.0000947
T 5864 19 .1519199E+11   1100001E-01 -.1019E+02 -.6738E+00   .9999999 -.0002134  .0000464
T 5865 19 .1519237E+11   1100016E-01 -.4229E+01  .3010E+01   .9999999 -.0000800 -.0000785
T 5866 19 .1519233E+11   1100018E-01  .1725E+01  .8977E+01   .9999999  .0000745  .0001802
T 5867 19 .1519169E+11   1100009E-01 -.1230E+02 -.5679E+01   .9999999 -.0000485 -.0000320
T 5868 19 .1519276E+11   1100021E-01 -.7621E+01 -.1742E+01   .9999999 -.0000647  .0000706
T 5869 19 .1519353E+11   1100004E-01 -.7625E+01 -.1916E+01   .9999999 -.0000601  .0000159
T 5870 19 .1519250E+11   1100023E-01 -.5804E+00 -.2067E+01   .9999999  .0000045  .0000035
T 5871 19 .1519209E+11   1100005E-01 -.2879E+01  .3021E+01   .9999999 -.0000572 -.0000098
T 5872 19 .1519296E+11   1100021E-01 -.5199E+01  .2035E+01   .9999999 -.0001714  .0000646
T 5873 19 .1519379E+11   1100003E-01  .4285E+01  .4307E+01   .9999999  .0001187  .0000405
T 5874 19 .1519377E+11   1100015E-01 -.1391E+02  .2735E+01   .9999999 -.0002257 -.0000857
T 5875 19 .1519310E+11   1100015E-01 -.7516E+01  .4551E+01   .9999999 -.0000574  .0000633
T 5876 19 .1519269E+11   1100014E-01 -.3173E+01  .8351E+01   .9999999  .0000359  .0003035
T 5877 19 .1519227E+11   1100021E-01  .1478E+02  .1057E+02   .9999999  .0002424  .0001558
T 5878 19 .1519231E+11   1100006E-01 -.2165E+02 -.1309E+02   .9999998 -.0005607 -.0003212
T 5879 19 .1519274E+11   1100021E-01 -.3133E+02 -.2646E+02   .9999998 -.0004120 -.0003981
T 5880 19 .1519180E+11   1100010E-01 -.1240E+01  .5794E+00   .9999999  .0000725  .0000185
T 5881 19 .1519251E+11   1100009E-01 -.2875E+01  .6975E+01   .9999999 -.0000130  .0000238
T 5882 19 .1519234E+11   1100016E-01 -.5002E+01 -.1040E+02   .9999999 -.0001523 -.0003310
T 5883 19 .1519245E+11   1100016E-01 -.9097E+01  .1588E+01   .9999999 -.0002054  .0000463
T 5884 19 .1519277E+11   1100018E-01 -.1090E+02  .1367E+02   .9999999 -.0000804  .0001788
T 5885 19 .1519290E+11   1100022E-01  .2789E+01  .2129E+01   .9999999  .0000727  .0000202
T 5886 19 .1519429E+11   1100020E-01 -.1469E+02 -.6425E+01   .9999999 -.0001785 -.0001743
T 5887 19 .1519209E+11   1100002E-01 -.3871E+01 -.6792E-01   .9999999  .0000178 -.0000471
T 5888 19 .1519292E+11   1100000E-01 -.6762E+01 -.1974E+00   .9999999 -.0002718 -.0000452
T 5889 19 .1519190E+11   1100009E-01 -.2806E+01  .5225E+01   .9999999 -.0001080  .0000567
T 5890 19 .1519415E+11   1100001E-01 -.1443E+01 -.1170E+02   .9999999  .0000066 -.0001564
T 5891 19 .1519258E+11   1100014E-01 -.1472E+02 -.2001E+01   .9999999 -.0002566  .0001338
T 5892 19 .1519223E+11   1100000E-01 -.8064E+01 -.2959E+01   .9999999 -.0000335 -.0004826
T 5893 19 .1519169E+11   1100008E-01  .1690E+02 -.1186E+02   .9999999  .0002103 -.0001702
T 5894 19 .1519276E+11   1100010E-01 -.1541E+02 -.1795E+02   .9999998 -.0006007 -.0003317
T 5895 19 .1519282E+11   1100015E-01  .1607E+02  .7383E+01   .9999999  .0001539  .0001129
T 5896 19 .1519285E+11   1100018E-01  .5426E+01  .8913E+01   .9999999  .0001692  .0000861
T 5897 19 .1519290E+11   1100006E-01 -.8189E+01 -.1628E+01   .9999999 -.0001730 -.0000457
T 5898 19 .1519313E+11   1100017E-01 -.9079E+01  .4967E+01   .9999999 -.0000844  .0000246
T 5899 19 .1519268E+11   1100000E-01  .5504E+01  .3871E+01   .9999999  .0001431  .0001314
T 5900 19 .1519305E+11   1100016E-01  .8734E+01 -.5380E+01   .9999996  .0004897  .0007136
T 5901 19 .1519187E+11   1100001E-01  .7194E+01 -.2327E+02   .9999999  .0001834 -.0003383
T 5902 19 .1519358E+11   1100015E-01 -.2275E+02 -.1266E+02   .9999999 -.0003410 -.0001641
T 5903 19 .1519282E+11   1100004E-01 -.5006E+01 -.5498E+01   .9999995 -.0007919  .0006300
T 5904 19 .1519277E+11   1100021E-01  .5054E+01  .2171E+02   .9999999  .0000343  .0002777
T 5905 19 .1519247E+11   1100019E-01 -.8825E+01  .9492E+00   .9999999 -.0001977  .0000964
T 5906 19 .1519352E+11   1100005E-01  .1447E+02  .3808E+01   .9999999  .0001234  .0000094
T 5907 19 .1519281E+11   1100015E-01 -.4915E+01  .1272E+02   .9999999  .0000527  .0001772
T 5908 19 .1519294E+11   1100021E-01 -.2942E+01  .2483E+01   .9999999  .0000110  .0000721
T 5909 19 .1519333E+11   1100018E-01  .4897E+01 -.3488E+01   .9999999  .0001034 -.0000556
T 5910 19 .1519219E+11   1100018E-01  .2860E+01 -.2451E+01   .9999999 -.0000108 -.0000877
T 5911 19 .1519195E+11   1100020E-01 -.7547E+01  .9848E+01   .9999999 -.0001740  .0000998
T 5912 19 .1519294E+11   1100007E-01 -.2018E+02 -.1793E+02   .9999999 -.0002501 -.0002908
T 5913 19 .1519288E+11   1100018E-01 -.3083E+01  .1423E+02   .9999999 -.0001707  .0002752
T 5914 19 .1519269E+11   1100003E-01 -.6930E+01 -.1089E+01   .9999999 -.0000905 -.0000469
T 5915 19 .1519176E+11   1100012E-01 -.1393E+01 -.3691E+01   .9999999  .0000294 -.0000742
T 5916 19 .1519276E+11   1100012E-01 -.6403E+01  .5745E+01   .9999999 -.0000306  .0000876
T 5917 19 .1519256E+11   1100020E-01  .2269E+00 -.1285E+02   .9999999  .0000967 -.0001239
T 5918 19 .1519253E+11   1100015E-01 -.1542E+02 -.1046E+01   .9999999 -.0002975  .0000145
T 5919 19 .1519101E+11   1100000E-01  .1360E+02 -.1653E+02   .9999999  .0000300 -.0001641
T 5920 19 .1519259E+11   1100022E-01  .3516E+01  .6574E+00   .9999999  .0000847  .0001538
T 5921 19 .1519267E+11   1100001E-01  .4762E+01 -.4278E+01   .9999999  .0000486 -.0000354
T 5922 19 .1519303E+11   1100001E-01  .9441E+00  .6491E+01   .9999999  .0000761  .0000220
T 5923 19 .1519248E+11   1100022E-01  .4575E+01 -.1343E+01   .9999999  .0001081 -.0000390
T 5924 19 .1519385E+11   1100018E-01 -.3335E+01 -.3097E+01   .9999999  .0000137 -.0001032
T 5925 19 .1519157E+11   1100019E-01  .2573E+01 -.4566E+01   .9999999  .0000488 -.0001629
T 5926 19 .1519313E+11   1100005E-01  .2269E+01 -.1377E+02   .9999999  .0000697 -.0002226
T 5927 19 .1519290E+11   1100018E-01 -.6719E+01  .1912E+02   .9999999 -.0001807  .0001207
T 5928 19 .1519338E+11   1100021E-01  .9539E-01  .3977E+01   .9999999  .0000536 -.0000378
T 5929 19 .1519274E+11   1100011E-01 -.7664E+01  .2189E+00   .9999999 -.0000302 -.0000226
T 5930 19 .1519356E+11   1100020E-01 -.1386E+01 -.1530E+02   .9999999  .0001314 -.0001288
T 5931 19 .1519191E+11   1100021E-01 -.9436E+01 -.2133E+02   .9999999 -.0001846 -.0002751
T 5932 19 .1519334E+11   1100017E-01  .5241E+00 -.1624E+01   .9999999  .0001205 -.0000442
T 5933 19 .1519273E+11   1100001E-01  .5989E+01  .1174E+02   .9999999 -.0000627  .0001536
T 5934 19 .1519129E+11   1100018E-01  .9748E+01 -.1728E+01   .9999999 -.0003004  .0001477
T 5935 19 .1519378E+11   1100004E-01  .1120E+02  .8648E+00   .9999999  .0001764  .0000102
T 5936 19 .1519295E+11   1100022E-01 -.1182E+02 -.1461E+02   .9999999 -.0001629 -.0002709
T 5937 19 .1519185E+11   1100017E-01  .4316E+01  .3338E+01   .9999999  .0000550 -.0000036
T 5938 19 .1519196E+11   1100014E-01 -.4060E+02  .1151E+02   .9999999 -.0005136  .0000276
T 5939 19 .1519274E+11   1100015E-01  .5844E+01  .3671E+01   .9999999  .0001439 -.0000437
T 5940 19 .1519260E+11   1100007E-01 -.1650E+02  .6676E+01   .9999999 -.0002425  .0001299
T 5941 19 .1519439E+11   1100015E-01 -.1359E+02 -.2898E+02   .9999999 -.0000692 -.0001713
T 5942 19 .1519085E+11   1100000E-01 -.1108E+02  .8065E+01   .9999999 -.0002567  .0001446
T 5943 19 .1519232E+11   1100011E-01  .1000E+01 -.7038E+00   .9999999 -.0002046  .0000031
T 5944 19 .1519300E+11   1100003E-01  .3339E+01 -.2113E+01   .9999999  .0000153 -.0000217
T 5945 19 .1519304E+11   1100016E-01  .1071E+02  .8811E+00   .9999999  .0002156 -.0001329
T 5946 19 .1519321E+11   1100017E-01  .2713E+01 -.8270E+01   .9999999  .0000084 -.0002437
T 5947 19 .1519288E+11   1100019E-01  .2337E+01 -.9389E+01   .9999999  .0000264 -.0002367
T 5948 19 .1519313E+11   1100017E-01  .4646E+02 -.1518E+02   .9999981  .0018326 -.0007038
T 5949 19 .1519308E+11   1100003E-01 -.1794E+02  .3553E+01   .9999999 -.0003610  .0002188
T 5950 19 .1519195E+11   1100018E-01 -.2069E+02  .1143E+01   .9999999 -.0002528  .0000373
T 5951 19 .1519227E+11   1100001E-01 -.2857E+01  .5909E+01   .9999999 -.0000280  .0000163
T 5952 19 .1519215E+11   1100004E-01 -.1904E+01 -.7596E+01   .9999999  .0000095 -.0001045
T 5953 19 .1519165E+11   1100017E-01 -.3348E+01  .1263E+02   .9999999 -.0000139  .0002158
T 5954 19 .1519175E+11   1100022E-01 -.6656E+01 -.1694E+01   .9999999 -.0001896  .0000584
T 5955 19 .1519335E+11   1100010E-01  .4560E+01 -.6835E+02   .9999995  .0000409 -.0010328
T 5956 19 .1519209E+11   1100009E-01  .7014E+01 -.2602E+01   .9999999  .0001216 -.0001074
T 5957 19 .1519268E+11   1100008E-01 -.1210E+02 -.3171E+01   .9999999 -.0002348 -.0000032
T 5958 19 .1519220E+11   1100021E-01  .4877E+00  .2095E+01   .9999999  .0000426  .0000339
T 5959 19 .1519271E+11   1100000E-01 -.1203E+02 -.1161E+02   .9999999 -.0002272 -.0001990
T 5960 19 .1519187E+11   1100005E-01  .3153E+01 -.9517E+01   .9999999  .0000827 -.0001601
T 5961 19 .1519244E+11   1100000E-01 -.5831E+01  .3737E+01   .9999999 -.0000858  .0000148
T 5962 19 .1519347E+11   1100000E-01  .1277E+00 -.1964E+02   .9999999 -.0000685 -.0002908
T 5963 19 .1519304E+11   1100005E-01  .8765E+01 -.1115E+01   .9999999  .0000978 -.0000351
T 5964 19 .1519261E+11   1100018E-01  .9003E+00 -.5698E+02   .9999995 -.0000534 -.0010132
T 5965 19 .1519249E+11   1100013E-01  .4272E+01 -.4646E+01   .9999999 -.0000004  .0000162
T 5966 19 .1519317E+11   1100001E-01 -.1026E+01 -.1200E+02   .9999999  .0000336 -.0000733
T 5967 19 .1519252E+11   1100014E-01  .3783E+01  .3404E+01   .9999999  .0001994  .0000326
T 5968 19 .1519181E+11   1100022E-01 -.6028E+01  .9972E+01   .9999999 -.0001036  .0000792
T 5969 19 .1519175E+11   1100008E-01  .7847E+01  .1352E+02   .9999999  .0001434  .0001354
T 5970 19 .1519191E+11   1100011E-01  .1088E+02  .3646E+01   .9999999  .0001275  .0001878
T 5971 19 .1519331E+11   1100023E-01 -.1155E+01  .8727E+01   .9999999 -.0000693  .0002588
T 5972 19 .1519292E+11   1100014E-01  .2934E+02  .2162E+01   .9999999  .0004451 -.0000529
T 5973 19 .1519329E+11   1100000E-01 -.1499E+01 -.9965E-01   .9999999 -.0001271 -.0001398
T 5974 19 .1519287E+11   1100016E-01  .2801E+01  .8865E+01   .9999999  .0000908  .0001234
T 5975 19 .1519372E+11   1100006E-01  .7069E+01  .9928E+01   .9999999  .0000453  .0001043
T 5976 19 .1519322E+11   1100004E-01 -.5383E+02 -.5316E+02   .9999997 -.0004973 -.0005590
T 5977 19 .1519303E+11   1100020E-01 -.3278E+01  .5477E+01   .9999999  .0000022  .0000774
T 5978 19 .1519338E+11   1100006E-01  .6233E+01  .1360E+01   .9999999  .0000497 -.0000946
T 5979 19 .1519304E+11   1100017E-01  .2617E+02 -.3328E+02   .9999998  .0004032 -.0004492
T 5980 19 .1519274E+11   1100021E-01 -.1261E+02  .5533E+01   .9999999 -.0001616  .0000081
T 5981 19 .1519218E+11   1100008E-01 -.3701E+02 -.3063E+01   .9999999 -.0003362  .0000153
T 5982 19 .1519280E+11   1100021E-01 -.1667E+01 -.2215E+01   .9999999 -.0000013  .0000532
T 5983 19 .1519198E+11   1100012E-01  .1295E+02  .1639E+02   .9999999  .0000575  .0002785
T 5984 19 .1519373E+11   1100020E-01  .6214E+01 -.1358E+02   .9999999  .0001205 -.0001183
T 5985 19 .1519281E+11   1100006E-01  .3417E+01  .3787E+00   .9999999  .0000957 -.0000553
T 5986 19 .1519326E+11   1100022E-01  .1794E+02  .8358E+00   .9999999  .0003649  .0000381
T 5987 19 .1519217E+11   1100015E-01  .5079E+00  .2034E+02   .9999999  .0000332  .0003634
T 5988 19 .1519310E+11   1100004E-01 -.1348E+02 -.9652E+01   .9999999 -.0000931 -.0002203
T 5989 19 .1519282E+11   1100002E-01  .6431E+01 -.1230E+02   .9999999  .0001411 -.0002661
T 5990 19 .1519303E+11   1100011E-01  .2488E+01 -.4746E+01   .9999999  .0000257 -.0000648
T 5991 19 .1519289E+11   1100003E-01  .1600E+02 -.1716E+02   .9999999  .0001436 -.0003266
T 5992 19 .1519236E+11   1100011E-01  .1873E+01 -.3045E+01   .9999999  .0000901 -.0000362
T 5993 19 .1519256E+11   1100018E-01 -.6140E+01 -.5377E+00   .9999999 -.0000177 -.0000626
T 5994 19 .1519247E+11   1100016E-01  .1092E+02  .4292E+01   .9999999  .0001995  .0000477
T 5995 19 .1519310E+11   1100022E-01 -.3750E+01  .3731E+01   .9999999 -.0000802  .0000942
T 5996 19 .1519316E+11   1100006E-01 -.1142E+02  .2712E+01   .9999999 -.0002047  .0001044
T 5997 19 .1519465E+11   1100010E-01  .3659E+01 -.6906E+00   .9999999 -.0000144 -.0000025
T 5998 19 .1519178E+11   1100008E-01 -.4428E+01 -.4811E+01   .9999999 -.0000933 -.0000880
T 5999 19 .1519302E+11   1100001E-01 -.7914E+01  .4144E+01   .9999999 -.0001555  .0000599
T 6000 19 .1519179E+11   1100017E-01  .1199E+02 -.1539E+00   .9999999  .0001894 -.0000972
T 6001 19 .1519221E+11   1100021E-01 -.1849E+01 -.6480E+01   .9999999 -.0000925 -.0000600
T 6002 19 .1519252E+11   1100017E-01  .1479E+02 -.1155E+02   .9999999  .0001723 -.0001226
T 6003 19 .1519314E+11   1100017E-01 -.1183E+02 -.1148E+02   .9999999 -.0001291 -.0000484
T 6004 19 .1519172E+11   1100006E-01  .3505E+01  .6717E+00   .9999999  .0001766  .0000752
T 6005 19 .1519169E+11   1100005E-01 -.5117E+01  .5006E+01   .9999999 -.0000818  .0001326
T 6006 19 .1519202E+11   1100021E-01 -.2118E+02 -.9835E+00   .9999999 -.0003098 -.0000968
T 6007 19 .1519404E+11   1100008E-01  .1363E+02  .4319E+02   .9999995  .0002127  .0009807
T 6008 19 .1519228E+11   1100014E-01  .1571E+02 -.1976E+02   .9999999  .0003342 -.0002733
T 6009 19 .1519176E+11   1100021E-01 -.9794E+01  .5478E+00   .9999999 -.0000465  .0000361
T 6010 19 .1519383E+11   1100016E-01 -.7552E+01  .7031E+01   .9999999  .0001118  .0000206
T 6011 19 .1519237E+11   1100013E-01  .3741E+00 -.1100E+01   .9999999 -.0000187 -.0000238
T 6012 19 .1519263E+11   1100009E-01  .1459E+01  .3136E+01   .9999999  .0001892  .0001098
T 6013 19 .1519382E+11   1100021E-01  .4962E+01 -.1812E+02   .9999999  .0001300 -.0002946
T 6014 19 .1519222E+11   1100008E-01 -.2796E+02  .2752E+02   .9999999 -.0003870  .0003378
T 6015 19 .1519279E+11   1100005E-01  .1988E+02 -.1427E+02   .9999999  .0002236 -.0001709
T 6016 19 .1519254E+11   1100013E-01 -.4671E+01  .2616E+01   .9999999 -.0000734  .0001036
T 6017 19 .1519294E+11   1100019E-01 -.5802E+01  .2164E+01   .9999999 -.0000184 -.0000042
T 6018 19 .1519254E+11   1100014E-01 -.4862E+01 -.7265E+01   .9999999 -.0000404  .0000021
T 6019 19 .1519246E+11   1100007E-01 -.3864E+00 -.6761E+01   .9999999 -.0000413 -.0000321
T 6020 19 .1519269E+11   1100021E-01  .5696E+01  .6408E+01   .9999999  .0001329  .0001553
T 6021 19 .1519311E+11   1100017E-01 -.1866E+01  .8572E+01   .9999999 -.0001010  .0001176
T 6022 19 .1519265E+11   1100018E-01 -.1049E+02 -.1033E+02   .9999999 -.0000473 -.0001237
T 6023 19 .1519280E+11   1100000E-01  .1014E+02 -.1307E+02   .9999999  .0001253 -.0002077
T 6024 19 .1519221E+11   1100021E-01  .3684E+01 -.2053E+01   .9999999  .0000011  .0000255
T 6025 19 .1519214E+11   1100010E-01 -.4927E+01  .2420E+01   .9999999 -.0000826  .0001344
T 6026 19 .1519216E+11   1100010E-01 -.6606E+01 -.5173E+01   .9999999 -.0001267  .0000139
T 6027 19 .1519310E+11   1100007E-01 -.3571E+01 -.5452E+01   .9999999 -.0001713 -.0000157
T 6028 19 .1519241E+11   1100022E-01 -.2567E+01  .5981E+01   .9999999  .0000112  .0001556
T 6029 19 .1519216E+11   1100007E-01 -.9555E+01 -.1331E+02   .9999999 -.0001060 -.0002077
T 6030 19 .1519263E+11   1100022E-01  .1117E+02  .1002E+00   .9999999  .0001028  .0000077
T 6031 19 .1519187E+11   1100001E-01  .4722E+01 -.1949E+01   .9999999 -.0001121 -.0000308
T 6032 19 .1519140E+11   1100014E-01  .2345E+01 -.5564E+00   .9999999  .0002113 -.0002233
T 6033 19 .1519275E+11   1100016E-01 -.3136E+01  .1958E+01   .9999999  .0000006  .0000639
T 6034 19 .1519343E+11   1100001E-01  .4195E+01  .2020E+01   .9999999  .0000423  .0000574
T 6035 19 .1519299E+11   1100014E-01  .1130E+03  .1149E+02   .9999993  .0012196  .0000715
T 6036 19 .1519245E+11   1100003E-01  .1236E+02 -.1825E+01   .9999999  .0002260  .0003457
T 6037 19 .1519360E+11   1100020E-01 -.1889E+02 -.1036E+02   .9999999 -.0003820 -.0000905
T 6038 19 .1519285E+11   1100022E-01  .6783E+01 -.1228E+01   .9999999  .0000558  .0000468
T 6039 19 .1519221E+11   1100020E-01  .7037E+00  .4454E+01   .9999999 -.0000149  .0001014
T 6040 19 .1519322E+11   1100000E-01  .1639E+01  .5171E+01   .9999999  .0000350  .0000469
T 6041 19 .1519316E+11   1100020E-01 -.3673E+01 -.4613E+01   .9999999  .0000074 -.0000527
T 6042 19 .1519192E+11   1100014E-01 -.5193E+01 -.5829E+01   .9999999 -.0001594 -.0001455
T 6043 19 .1519184E+11   1100017E-01  .2990E+00  .4489E+01   .9999999  .0001500  .0003342
T 6044 19 .1519149E+11   1100006E-01  .7835E+01 -.6510E+01   .9999999  .0000798 -.0002002
T 6045 19 .1519298E+11   1100015E-01  .8750E+01 -.2697E+02   .9999999  .0001908 -.0004826
T 6046 19 .1519404E+11   1100004E-01 -.5613E+01 -.6283E+01   .9999999 -.0001783 -.0000977
T 6047 19 .1519444E+11   1100022E-01 -.5209E+01  .1298E+02   .9999999 -.0001678  .0003779
T 6048 19 .1519339E+11   1100004E-01  .9762E+01  .5256E+00   .9999999  .0003351 -.0000136
T 6049 19 .1519337E+11   1100001E-01 -.8511E+01  .1282E+02   .9999999 -.0001144  .0001730
T 6050 19 .1519299E+11   1100010E-01  .6321E+01  .7104E+01   .9999999  .0001320  .0001090
T 6051 19 .1519231E+11   1100009E-01  .6379E+01 -.2195E+01   .9999999  .0002155 -.0000980
T 6052 19 .1519172E+11   1100009E-01  .2467E+01  .3624E+01   .9999999  .0000615  .0000172
T 6053 19 .1519403E+11   1100005E-01 -.3477E+01 -.1938E+01   .9999999 -.0001523 -.0000107
T 6054 19 .1519423E+11   1100013E-01  .3505E+01 -.3800E+01   .9999999  .0000072 -.0001673
T 6055 19 .1519344E+11   1100019E-01  .2193E+01 -.1027E+02   .9999999  .0000004 -.0001356
T 6056 19 .1519156E+11   1100014E-01  .8788E+00 -.5400E+01   .9999999  .0000718 -.0000009
T 6057 19 .1519203E+11   1100009E-01 -.1726E+02 -.4391E+02   .9999997 -.0001749 -.0007197
T 6058 19 .1519277E+11   1100010E-01 -.1778E+01 -.1537E+02   .9999999 -.0000085 -.0002797
T 6059 19 .1519229E+11   1100016E-01  .3460E+01  .3632E+01   .9999999  .0001328  .0001037
T 6060 19 .1519293E+11   1100017E-01 -.1450E+01  .9139E+01   .9999999  .0000314  .0000371
T 6061 19 .1519227E+11   1100017E-01 -.1365E+01  .2306E+01   .9999999  .0000036  .0000313
T 6062 19 .1519268E+11   1100003E-01 -.9806E+01 -.5320E+00   .9999999 -.0002096 -.0001165
T 6063 19 .1519255E+11   1100004E-01 -.2907E+01 -.8067E+01   .9999999 -.0000480 -.0001637
T 6064 19 .1519318E+11   1100014E-01  .1013E+02 -.1628E+02   .9999999  .0001412 -.0002484
T 6065 19 .1519197E+11   1100008E-01  .2024E+02 -.2684E+02   .9999968  .0016958 -.0018555
T 6066 19 .1519316E+11   1100020E-01  .5307E+01  .3446E+00   .9999999  .0001219 -.0000331
T 6067 19 .1519252E+11   1100014E-01 -.2544E+01  .1721E+02   .9999999 -.0000165  .0003298
T 6068 19 .1519310E+11   1100001E-01 -.1465E+02 -.9210E+01   .9999999 -.0001559 -.0001427
T 6069 19 .1519245E+11   1100014E-01  .7786E+01  .1064E+02   .9999999  .0001282  .0002149
T 6070 19 .1519378E+11   1100016E-01  .1564E+02 -.1999E+02   .9999999  .0002967 -.0004154
T 6071 19 .1519130E+11   1100004E-01  .8032E+01 -.3656E+01   .9999999  .0000281 -.0000991
T 6072 19 .1519194E+11   1100012E-01  .2648E+02  .3402E+02   .9999998  .0004268  .0004895
T 6073 19 .1519219E+11   1100016E-01 -.8700E+01 -.2924E+01   .9999999 -.0001128  .0000232
T 6074 19 .1519239E+11   1100017E-01  .4871E+00 -.4780E+00   .9999999  .0000242  .0000055
T 6075 19 .1519220E+11   1100020E-01  .4615E+01  .1115E+02   .9999999  .0000169  .0002639
T 6076 19 .1519236E+11   1100002E-01  .3820E+00  .9676E+01   .9999999  .0000427  .0001916
T 6077 19 .1519343E+11   1100009E-01 -.3879E+01  .9711E+00   .9999999 -.0002629  .0000565
T 6078 19 .1519218E+11   1100022E-01 -.2144E+02  .7444E+00   .9999999 -.0002822 -.0000527
T 6079 19 .1519525E+11   1100021E-01  .1220E+01 -.7455E+01   .9999999  .0000477 -.0001337
T 6080 19 .1519180E+11   1100019E-01 -.6059E+01  .7366E+01   .9999999 -.0000124  .0000127
T 6081 19 .1519162E+11   1100020E-01 -.9195E+01 -.9129E+01   .9999999 -.0003012 -.0001761
T 6082 19 .1519371E+11   1100018E-01 -.1668E-01  .2236E+01   .9999999  .0000600  .0001277
T 6083 19 .1519179E+11   1100010E-01 -.2258E+02  .2406E+02   .9999999 -.0003176  .0003323
T 6084 19 .1519304E+11   1100019E-01  .2666E+01  .8938E+00   .9999999  .0000334 -.0000013
T 6085 19 .1519345E+11   1100000E-01 -.9081E+01 -.2051E+01   .9999999 -.0000743 -.0001124
T 6086 19 .1519277E+11   1100007E-01 -.1228E+02 -.3267E+01   .9999999 -.0001039 -.0001171
T 6087 19 .1519207E+11   1100005E-01  .4206E+01  .7760E+01   .9999999  .0001609  .0001464
T 6088 19 .1519350E+11   1100001E-01 -.1202E+02 -.2671E+01   .9999999 -.0001994  .0000363
T 6089 19 .1519259E+11   1100017E-01  .8307E+01 -.6058E+01   .9999999  .0000532 -.0000339
T 6090 19 .1519296E+11   1100012E-01 -.2041E+01 -.3870E+01   .9999999 -.0001196 -.0000392
T 6091 19 .1519295E+11   1100020E-01  .9045E+01 -.2183E+01   .9999999  .0001855 -.0000988
T 6092 19 .1519304E+11   1100008E-01  .1223E+02  .2662E+01   .9999999  .0002518  .0000790
T 6093 19 .1519209E+11   1100020E-01 -.3231E+01 -.7820E+01   .9999999 -.0000724 -.0001115
T 6094 19 .1519314E+11   1100015E-01  .8641E+01 -.1000E+01   .9999999  .0001245 -.0001052
T 6095 19 .1519201E+11   1100022E-01  .5200E+01  .8538E+01   .9999999  .0000738  .0000629
T 6096 19 .1519363E+11   1100003E-01 -.1028E+02 -.1006E+01   .9999999 -.0001964 -.0000228
T 6097 19 .1519413E+11   1100023E-01  .5243E+01 -.8080E+01   .9999999  .0001315 -.0000150
T 6098 19 .1519071E+11   1100006E-01  .1526E+02  .9105E+01   .9999999  .0001798  .0001364
T 6099 19 .1519267E+11   1100020E-01  .1798E+02  .6005E+01   .9999999  .0002020  .0001479
T 6100 19 .1519172E+11   1100012E-01 -.6203E+01 -.1914E+01   .9999999 -.0000244 -.0000007
T 6101 19 .1519307E+11   1100011E-01  .5188E+00  .4955E+01   .9999999  .0000199  .0001004
T 6102 19 .1519351E+11   1100016E-01 -.2369E+01  .3655E+02   .9999998  .0003647  .0004915
T 6103 19 .1519256E+11   1100020E-01 -.4021E+01  .7515E+01   .9999999 -.0000715  .0001721
T 6104 19 .1519088E+11   1100023E-01  .7117E+01  .8331E+01   .9999999  .0000795  .0001061
T 6105 19 .1519313E+11   1100023E-01  .5422E+01  .8332E+00   .9999999  .0000326 -.0000084
T 6106 19 .1519099E+11   1100009E-01  .4602E+01  .2825E+02   .9999999 -.0000046  .0003612
T 6107 19 .1519284E+11   1100005E-01 -.5262E+01  .2499E+01   .9999999 -.0000727  .0000822
T 6108 19 .1519277E+11   1100018E-01  .3930E+01  .9667E-01   .9999999  .0000023 -.0000713
T 6109 19 .1519213E+11   1100011E-01 -.1606E+02 -.1166E+02   .9999999 -.0003126 -.0001786
T 6110 19 .1519388E+11   1100012E-01 -.7421E+01  .7675E+01   .9999999 -.0000682  .0000676
T 6111 19 .1519235E+11   1100009E-01  .5315E+01  .2130E+02   .9999999  .0001444  .0003453
T 6112 19 .1519210E+11   1100005E-01 -.9958E+01  .4476E+01   .9999999 -.0001036  .0000029
T 6113 19 .1519372E+11   1100022E-01  .8964E+00  .1700E+02   .9999999  .0000500  .0002005
T 6114 19 .1519283E+11   1100021E-01  .2290E+00 -.8090E+01   .9999999  .0000808 -.0001448
T 6115 19 .1519381E+11   1100018E-01 -.4991E+01 -.6184E+01   .9999999 -.0001059 -.0000961
T 6116 19 .1519294E+11   1100017E-01  .8800E+00 -.8331E+00   .9999999  .0001035  .0000078
T 6117 19 .1519309E+11   1100019E-01 -.1152E+02 -.2053E+01   .9999999 -.0001597  .0002311
T 6118 19 .1519261E+11   1100008E-01  .4758E+02  .1376E+03   .9999982  .0006898  .0017407
T 6119 19 .1519265E+11   1100016E-01 -.5597E+01  .3488E+01   .9999999 -.0001466  .0000589
T 6120 19 .1519381E+11   1100014E-01  .1030E+02 -.3004E+01   .9999999  .0001108 -.0000290
T 6121 19 .1519453E+11   1100012E-01  .4781E+02  .1919E+02   .9999997  .0006822  .0003211
T 6122 19 .1519252E+11   1100010E-01  .7510E+01  .2070E+01   .9999999 -.0000144  .0000710
T 6123 19 .1519261E+11   1100021E-01 -.8184E+01  .4861E+01   .9999999 -.0001325  .0000536
T 6124 19 .1519176E+11   1100012E-01  .2879E+01 -.4445E+01   .9999999  .0000153  .0000003
T 6125 19 .1519268E+11   1100011E-01  .2875E+01  .2335E+01   .9999999  .0000762  .0000323
T 6126 19 .1519225E+11   1100019E-01  .3074E+01 -.1607E+02   .9999999  .0001867 -.0001572
T 6127 19 .1519225E+11   1100006E-01  .7184E+01 -.8175E+01   .9999999  .0001786 -.0001145
T 6128 19 .1519123E+11   1100000E-01 -.8259E+01  .1746E+01   .9999999 -.0001709 -.0000039
T 6129 19 .1519303E+11   1100002E-01 -.1947E+01 -.2031E+01   .9999999 -.0001430 -.0000962
T 6130 19 .1519099E+11   1100002E-01 -.2322E+01 -.7586E+01   .9999999  .0000033 -.0001509
T 6131 19 .1519439E+11   1100017E-01  .1132E+02  .1185E+01   .9999999  .0001103  .0000004
T 6132 19 .1519189E+11   1100010E-01  .4806E+01  .9056E+01   .9999999  .0000771  .0002378
T 6133 19 .1519346E+11   1100010E-01  .1433E+02 -.2872E+01   .9999999  .0001302 -.0000542
T 6134 19 .1519220E+11   1100016E-01  .1415E+02  .4095E+01   .9999999  .0002299  .0000079
T 6135 19 .1519264E+11   1100011E-01  .3721E+00 -.7280E+01   .9999999  .0000252  .0000292
T 6136 19 .1519319E+11   1100022E-01 -.4058E+01 -.5534E+01   .9999999 -.0000694 -.0000857
T 6137 19 .1519235E+11   1100009E-01  .8608E+01 -.1127E+02   .9999998  .0002061 -.0005097
T 6138 19 .1519223E+11   1100017E-01 -.1976E+01  .3525E+01   .9999999 -.0000777  .0000360
T 6139 19 .1519223E+11   1100016E-01  .3746E+01 -.6369E+01   .9999999  .0000598  .0000118
T 6140 19 .1519249E+11   1100008E-01 -.1413E+02 -.6097E+01   .9999999 -.0001387 -.0001288
T 6141 19 .1519173E+11   1100020E-01  .1827E+01 -.1282E+02   .9999999  .0001283 -.0000654
T 6142 19 .1519243E+11   1100006E-01  .1714E+01 -.8330E+01   .9999999  .0001322 -.0002210
T 6143 19 .1519169E+11   1100020E-01  .5694E+01  .9999E+01   .9999999  .0001829  .0001804
T 6144 19 .1519241E+11   1100009E-01  .4917E+01  .1307E+01   .9999999 -.0000292  .0000385
T 6145 19 .1519224E+11   1100019E-01 -.9803E+01 -.2159E+01   .9999999 -.0002501  .0000234
T 6146 19 .1519252E+11   1100022E-01 -.3029E+01  .1559E+01   .9999999 -.0000877  .0000410
T 6147 19 .1519236E+11   1100021E-01  .8779E+01  .9652E+01   .9999999  .0000505  .0001789
T 6148 19 .1519271E+11   1100016E-01 -.9816E+01  .6558E+00   .9999999 -.0000829  .0000239
T 6149 19 .1519226E+11   1100013E-01 -.7349E+01 -.8885E+01   .9999999 -.0000682 -.0000858
T 6150 19 .1519224E+11   1100023E-01 -.8325E+00  .9285E+01   .9999999  .0000867 -.0000440
T 6151 19 .1519104E+11   1100012E-01  .5451E+01  .8188E+01   .9999999  .0000770  .0001296
T 6152 19 .1519242E+11   1100014E-01  .5728E+01 -.5213E+01   .9999999  .0001500  .0000210
T 6153 19 .1519284E+11   1100019E-01 -.1392E+02 -.1786E+02   .9999996 -.0006382 -.0006538
T 6154 19 .1519188E+11   1100020E-01  .1566E+02  .1078E+00   .9999999  .0002986 -.0000761
T 6155 19 .1519354E+11   1100015E-01  .2525E+01 -.7382E+01   .9999999  .0000190 -.0001340
T 6156 19 .1519256E+11   1100021E-01 -.6389E+01  .5485E+01   .9999999 -.0001902  .0001674
T 6157 19 .1519231E+11   1100003E-01 -.9714E+01  .1544E+01   .9999998 -.0005866 -.0001700
T 6158 19 .1519284E+11   1100020E-01  .1594E+02  .1084E+02   .9999999  .0002683  .0003048
T 6159 19 .1519412E+11   1100003E-01  .1747E+02 -.7194E+01   .9999999  .0002154  .0000482
T 6160 19 .1519231E+11   1100002E-01 -.7855E+01  .5227E+00   .9999999 -.0001232 -.0000420
T 6161 19 .1519327E+11   1100016E-01  .6553E+00  .3554E+01   .9999999 -.0000717 -.0000612
T 6162 19 .1519220E+11   1100017E-01 -.3525E+01  .1129E+02   .9999999 -.0000059  .0002327
T 6163 19 .1519165E+11   1100017E-01 -.2232E+02 -.7675E+00   .9999999 -.0003233 -.0001269
T 6164 19 .1519291E+11   1100002E-01 -.6094E+01  .5490E+00   .9999999 -.0001426 -.0000517
T 6165 19 .1519327E+11   1100018E-01  .1186E+02  .1147E+01   .9999999  .0001149  .0001026
T 6166 19 .1519366E+11   1100013E-01  .7173E+01 -.1468E+02   .9999999  .0001905 -.0002045
T 6167 19 .1519208E+11   1100018E-01  .1449E+02  .1521E+02   .9999999  .0002412  .0002976
T 6168 19 .1519344E+11   1100012E-01  .7955E+01  .3061E+01   .9999999  .0001925  .0001051
T 6169 19 .1519450E+11   1100012E-01  .1051E+02  .1541E+02   .9999999  .0001795  .0002572
T 6170 19 .1519191E+11   1100021E-01 -.1043E+02 -.2165E+01   .9999999 -.0001222  .0000015
T 6171 19 .1519236E+11   1100012E-01  .2277E+02 -.1442E+02   .9999999  .0003290 -.0002625
T 6172 19 .1519241E+11   1100005E-01  .1502E+01 -.2243E+01   .9999999 -.0000222 -.0000753
T 6173 19 .1519216E+11   1100016E-01 -.8122E+01  .7858E+01   .9999999 -.0001106  .0000475
T 6174 19 .1519289E+11   1100019E-01  .5623E+00  .3176E+01   .9999999 -.0000758  .0000634
T 6175 19 .1519280E+11   1100019E-01 -.9347E+00  .1625E+02   .9999999  .0000348  .0003619
T 6176 19 .1519252E+11   1100017E-01 -.2474E+01  .1348E+01   .9999999 -.0000165 -.0000232
T 6177 19 .1519275E+11   1100020E-01 -.1925E+02  .4480E+01   .9999999 -.0003284  .0001143
T 6178 19 .1519192E+11   1100015E-01  .1233E+02 -.5152E+01   .9999999  .0000589 -.0001119
T 6179 19 .1519241E+11   1100021E-01  .5054E+01 -.7246E+01   .9999999  .0000750 -.0001251
T 6180 19 .1519266E+11   1100005E-01  .1927E+01 -.1983E+01   .9999999  .0000145 -.0000854
T 6181 19 .1519212E+11   1100020E-01  .1528E+02  .1405E+01   .9999999 -.0000289 -.0000612
T 6182 19 .1519234E+11   1100017E-01 -.5443E+01 -.5202E+01   .9999999 -.0000707 -.0001155
T 6183 19 .1519315E+11   1100022E-01  .3910E+00  .2330E+01   .9999999 -.0000337  .0000584
T 6184 19 .1519294E+11   1100002E-01  .5966E-01  .6208E+01   .9999999 -.0001008  .0000036
T 6185 19 .1519134E+11   1100014E-01 -.1228E-01  .7845E+00   .9999999 -.0002007  .0000572
T 6186 19 .1519271E+11   1100022E-01  .8113E+01 -.1438E+02   .9999999  .0000749 -.0002981
T 6187 19 .1519194E+11   1100022E-01 -.8943E+00  .8770E+01   .9999999 -.0000279  .0000693
T 6188 19 .1519233E+11   1100003E-01 -.2930E+01  .1005E+00   .9999999  .0000219  .0000318
T 6189 19 .1519252E+11   1100022E-01  .4422E+01  .1440E+02   .9999999  .0001363  .0001812
T 6190 19 .1519321E+11   1100016E-01  .1025E+02 -.2604E+01   .9999999  .0000413 -.0000692
T 6191 19 .1519261E+11   1100002E-01 -.5014E+02  .1542E+02   .9999998 -.0005972  .0002292
T 6192 19 .1519279E+11   1100008E-01 -.3120E+01  .3247E+01   .9999999 -.0000660  .0000521
T 6193 19 .1519174E+11   1100002E-01  .7812E+01 -.4847E+01   .9999999  .0000689 -.0001005
T 6194 19 .1519262E+11   1100006E-01 -.1214E+02  .7504E+02   .9999996 -.0000984  .0008835
T 6195 19 .1519217E+11   1100020E-01  .9999E+01 -.1943E+01   .9999999  .0000224 -.0000977
T 6196 19 .1519186E+11   1100002E-01 -.2885E+01  .9716E+00   .9999999 -.0000475 -.0000013
T 6197 19 .1519215E+11   1100009E-01 -.7783E+01  .5363E+01   .9999999 -.0000498  .0000153
T 6198 19 .1519274E+11   1100008E-01 -.6070E+01  .2714E+01   .9999999 -.0001312  .0000740
T 6199 19 .1519396E+11   1100012E-01  .2761E+01  .4593E+01   .9999999 -.0000357  .0001194
T 6200 19 .1519238E+11   1100021E-01  .6447E+01 -.6846E+01   .9999999  .0001638 -.0000433
T 6201 19 .1519115E+11   1100005E-01 -.8432E+01  .2140E+01   .9999999 -.0001280 -.0001053
T 6202 19 .1519267E+11   1100014E-01 -.1428E+01  .4795E+01   .9999999 -.0000386  .0001263
T 6203 19 .1519267E+11   1100002E-01  .3729E+01 -.1071E+01   .9999999  .0001568  .0000399
T 6204 19 .1519348E+11   1100020E-01  .1647E+02  .4534E+00   .9999999  .0002978  .0000099
T 6205 19 .1519265E+11   1100022E-01  .3609E+02 -.2826E+01   .9999998  .0006003 -.0000334
T 6206 19 .1519334E+11   1100009E-01 -.5246E+01 -.1190E+02   .9999999 -.0000154 -.0002050
T 6207 19 .1519249E+11   1100002E-01 -.7282E+01  .9262E+00   .9999999 -.0001017 -.0000030
T 6208 19 .1519351E+11   1100010E-01  .4715E+01 -.3291E+01   .9999999  .0001071  .0000103
T 6209 19 .1519305E+11   1100009E-01  .1557E+02 -.9878E+01   .9999999  .0003721 -.0000499
T 6210 19 .1519323E+11   1100013E-01  .6464E+01  .5959E+01   .9999999  .0001084  .0001573
T 6211 19 .1519126E+11   1100002E-01  .5835E+01  .3511E+01   .9999999  .0000846  .0001028
T 6212 19 .1519293E+11   1100017E-01 -.5137E+01 -.2158E+01   .9999999 -.0000863 -.0000539
T 6213 19 .1519257E+11   1100022E-01  .8116E+01  .4621E+01   .9999999  .0000647  .0000716
T 6214 19 .1519182E+11   1100014E-01 -.3075E+01 -.4355E+01   .9999999 -.0000233  .0000751
T 6215 19 .1519283E+11   1100023E-01  .5024E+01  .1435E+02   .9999999  .0000348  .0002460
T 6216 19 .1519255E+11   1100004E-01  .1122E+02  .7884E+01   .9999999  .0001997  .0000605
T 6217 19 .1519236E+11   1100005E-01  .9446E+01  .1010E+01   .9999999  .0003064  .0000177
T 6218 19 .1519263E+11   1100018E-01 -.4918E+01  .1776E+01   .9999999 -.0000081  .0001595
T 6219 19 .1519364E+11   1100014E-01 -.9374E+00  .2318E+01   .9999999 -.0000520  .0001016
T 6220 19 .1519259E+11   1100018E-01 -.5301E+01  .5501E+00   .9999999 -.0000938 -.0000936
T 6221 19 .1519275E+11   1100005E-01  .5111E+01  .4634E+01   .9999999  .0001356  .0000683
T 6222 19 .1519300E+11   1100021E-01  .5256E+01 -.5527E+01   .9999999  .0000950 -.0000128
T 6223 19 .1519324E+11   1100013E-01  .1420E+02  .3950E+02   .9999999  .0001851  .0004710
T 6224 19 .1519317E+11   1100002E-01 -.2324E+01  .8736E+01   .9999999 -.0000352  .0001786
T 6225 19 .1519161E+11   1100005E-01 -.4391E+01 -.5415E+01   .9999999 -.0000436  .0000074
T 6226 19 .1519206E+11   1100020E-01 -.7100E+01 -.3673E+01   .9999999 -.0000525 -.0000882
T 6227 19 .1519254E+11   1100008E-01  .1093E+00  .8604E+01   .9999999  .0000766  .0001890
T 6228 19 .1519202E+11   1100002E-01  .7465E+01 -.1872E+00   .9999999 -.0000270 -.0001511
T 6229 19 .1519368E+11   1100015E-01 -.2033E+01 -.4507E+01   .9999999 -.0000400 -.0000655
T 6230 19 .1519322E+11   1100017E-01 -.1879E+00 -.8265E-01   .9999999  .0000901  .0000522
T 6231 19 .1519344E+11   1100017E-01  .1003E+02  .8081E+01   .9999999  .0002366  .0001273
T 6232 19 .1519333E+11   1100007E-01 -.3436E+01  .4425E+01   .9999999 -.0001036  .0001038
T 6233 19 .1519186E+11   1100001E-01 -.7350E+01 -.1699E+02   .9999999 -.0001202 -.0002240
T 6234 19 .1519232E+11   1100002E-01  .8532E+01 -.8025E+01   .9999999  .0001357 -.0000505
T 6235 19 .1519313E+11   1100015E-01  .9324E+01  .7030E+01   .9999999  .0001634  .0000591
T 6236 19 .1519365E+11   1100020E-01 -.3638E+02  .2815E+02   .9999998 -.0004706  .0003150
T 6237 19 .1519268E+11   1100002E-01 -.9023E+01  .6393E+01   .9999999 -.0002322  .0000929
T 6238 19 .1519260E+11   1100012E-01 -.3695E+01 -.1119E+01   .9999999  .0000430 -.0000284
T 6239 19 .1519245E+11   1100004E-01 -.1121E+02 -.2175E+01   .9999998 -.0005703 -.0000347
T 6240 19 .1519178E+11   1100018E-01  .1288E+02 -.9261E+01   .9999999  .0001666 -.0002293
T 6241 19 .1519215E+11   1100011E-01 -.3892E+02 -.4385E+02   .9999996 -.0005312 -.0006479
T 6242 19 .1519165E+11   1100015E-01 -.9025E+01 -.4921E+01   .9999999 -.0000822 -.0001558
T 6243 19 .1519479E+11   1100002E-01 -.9018E+01 -.9644E+01   .9999999  .0000100 -.0001688
T 6244 19 .1519299E+11   1100016E-01  .1545E+02  .2055E+02   .9999999  .0001852  .0003212
T 6245 19 .1519336E+11   1100008E-01  .4058E+01  .1546E+02   .9999999 -.0000198  .0003984
T 6246 19 .1519236E+11   1100021E-01  .4187E+01  .7303E+01   .9999999 -.0001859  .0002290
T 6247 19 .1519189E+11   1100016E-01  .1471E+02  .7106E+01   .9999999  .0000929  .0002213
T 6248 19 .1519331E+11   1100022E-01  .1763E+02 -.2813E+02   .9999998  .0002910 -.0005367
T 6249 19 .1519338E+11   1100019E-01  .6588E+01 -.1986E+02   .9999999  .0001014 -.0003243
T 6250 19 .1519241E+11   1100015E-01  .5862E+01 -.1599E+02   .9999999  .0001067 -.0003469
T 6251 19 .1519338E+11   1100014E-01  .3442E+01  .5785E+01   .9999999 -.0000114  .0000957
T 6252 19 .1519194E+11   1100022E-01  .3922E+01 -.5282E+01   .9999999  .0000445 -.0001673
T 6253 19 .1519193E+11   1100010E-01 -.1307E+01  .1449E+01   .9999999 -.0000146 -.0000369
T 6254 19 .1519299E+11   1100017E-01  .4322E+01  .4414E+01   .9999999  .0001171 -.0000750
T 6255 19 .1519174E+11   1100019E-01 -.1877E+01 -.2132E+01   .9999999 -.0000491  .0000018
T 6256 19 .1519252E+11   1100017E-01 -.3455E+01  .9511E+01   .9999999 -.0000045  .0001375
T 6257 19 .1519342E+11   1100010E-01 -.1429E+01  .1230E+02   .9999999  .0000821  .0002031
T 6258 19 .1519322E+11   1100008E-01 -.1045E+02 -.2610E+01   .9999999 -.0001786 -.0000568
T 6259 19 .1519286E+11   1100002E-01 -.1215E+02  .2971E+02   .9999999 -.0003076  .0003716
T 6260 19 .1519385E+11   1100001E-01 -.1986E+02 -.7976E+01   .9999999 -.0002667 -.0001515
T 6261 19 .1519173E+11   1100013E-01 -.2408E+00 -.6585E+01   .9999999  .0000047 -.0001513
T 6262 19 .1519226E+11   1100016E-01 -.1319E+01  .7200E+01   .9999999 -.0000334  .0000620
T 6263 19 .1519349E+11   1100020E-01  .9795E+01  .1236E+02   .9999999  .0001785  .0001745
T 6264 19 .1519317E+11   1100000E-01 -.4101E+01 -.1265E+01   .9999999 -.0000936 -.0000610
T 6265 19 .1519133E+11   1100000E-01  .2177E+01 -.3876E+01   .9999999  .0001158 -.0001029
T 6266 19 .1519325E+11   1100019E-01 -.1079E+01 -.7317E+01   .9999999  .0001068 -.0001495
T 6267 19 .1519304E+11   1100000E-01 -.1432E+02 -.1834E+02   .9999999 -.0001810 -.0002632
T 6268 19 .1519237E+11   1100015E-01 -.6585E+01  .6391E+00   .9999999 -.0001221  .0000332
T 6269 19 .1519326E+11   1100020E-01  .1853E+01 -.1306E+02   .9999999 -.0000028 -.0002445
T 6270 19 .1519372E+11   1100014E-01 -.5542E+01 -.1840E+02   .9999999 -.0000139 -.0001973
T 6271 19 .1519300E+11   1100002E-01  .3728E+01 -.8553E+01   .9999999  .0000249 -.0001399
T 6272 19 .1519350E+11   1100005E-01 -.9264E+01 -.1125E+02   .9999999 -.0000158 -.0003411
T 6273 19 .1519236E+11   1100001E-01  .4810E+01  .1262E+01   .9999999  .0000297 -.0000024
T 6274 19 .1519170E+11   1100019E-01  .4524E+01 -.9950E-01   .9999999  .0000248 -.0000946
T 6275 19 .1519302E+11   1100005E-01 -.5213E+00 -.2064E+02   .9999999  .0002083 -.0003751
T 6276 19 .1519241E+11   1100001E-01  .2669E+01  .5144E+01   .9999999 -.0000073  .0000770
T 6277 19 .1519212E+11   1100008E-01 -.3275E+00 -.1820E+00   .9999999 -.0000856 -.0000099
T 6278 19 .1519271E+11   1100009E-01 -.3799E+01  .2670E+01   .9999999  .0000305  .0000823
T 6279 19 .1519305E+11   1100001E-01  .1988E+02 -.2376E+02   .9999999  .0002606 -.0002944
T 6280 19 .1519259E+11   1100013E-01  .1165E+02  .4638E+01   .9999999  .0001926  .0001262
T 6281 19 .1519288E+11   1100021E-01  .4796E+01  .1204E+02   .9999999  .0000034  .0001171
T 6282 19 .1519357E+11   1100007E-01 -.3987E+01  .5249E+01   .9999999 -.0001513  .0000212
T 6283 19 .1519214E+11   1100016E-01  .5426E+01 -.6591E+01   .9999999  .0000468 -.0000386
T 6284 19 .1519152E+11   1100003E-01 -.1565E+02 -.1271E+02   .9999999 -.0001654 -.0001478
T 6285 19 .1519280E+11   1100016E-01 -.3134E+01  .2961E+01   .9999999  .0000797  .0000229
T 6286 19 .1519193E+11   1100015E-01  .8576E+01  .6727E+01   .9999999  .0001402  .0000269
T 6287 19 .1519278E+11   1100020E-01 -.5934E+01 -.5023E+01   .9999999 -.0001332 -.0001094
T 6288 19 .1519290E+11   1100012E-01  .3826E+01  .2921E+01   .9999999  .0000969 -.0000025
T 6289 19 .1519134E+11   1100013E-01 -.7803E+00  .4765E+00   .9999999  .0000189  .0000441
T 6290 19 .1519365E+11   1100000E-01  .1599E+01 -.6954E+01   .9999999 -.0000162 -.0000731
T 6291 19 .1519279E+11   1100021E-01 -.7576E+02  .2801E+02   .9999997 -.0007694  .0002687
T 6292 19 .1519253E+11   1100013E-01  .2396E+02 -.8062E+01   .9999999  .0003080 -.0000903
T 6293 19 .1519290E+11   1100008E-01  .2615E+02  .5330E+01   .9999999  .0002061  .0000159
T 6294 19 .1519245E+11   1100015E-01 -.6200E+01 -.9959E+01   .9999999 -.0001131 -.0001756
T 6295 19 .1519272E+11   1100005E-01 -.5991E+01 -.5426E+01   .9999999 -.0001866 -.0000717
T 6296 19 .1519383E+11   1100003E-01 -.4366E+01 -.5782E+01   .9999999 -.0000378 -.0001548
T 6297 19 .1519427E+11   1100012E-01  .4854E+01  .2105E+02   .9999999  .0000773  .0001423
T 6298 19 .1519334E+11   1100004E-01  .3719E+02  .5640E+01   .9999999  .0005146  .0000302
T 6299 19 .1519248E+11   1100013E-01 -.3922E+01  .1332E+02   .9999999 -.0000370  .0001369
T 6300 19 .1519237E+11   1100021E-01 -.8426E+01 -.4690E+01   .9999999 -.0001614 -.0000693
T 6301 19 .1519193E+11   1100003E-01 -.1327E+02 -.9665E+01   .9999999 -.0002192 -.0001502
T 6302 19 .1519217E+11   1100011E-01  .8261E+01 -.1879E+01   .9999999  .0002327 -.0000368
T 6303 19 .1519265E+11   1100019E-01 -.5342E+01 -.9722E+00   .9999999 -.0000586 -.0000669
T 6304 19 .1519147E+11   1100000E-01  .3363E+01  .9630E+00   .9999999 -.0000010  .0000175
T 6305 19 .1519321E+11   1100021E-01  .4467E+01 -.5617E+01   .9999999 -.0000319 -.0001304
T 6306 19 .1519259E+11   1100009E-01  .2501E+01 -.6291E+01   .9999999  .0000509 -.0001733
T 6307 19 .1519259E+11   1100020E-01  .1291E+02 -.5874E+01   .9999999  .0003897 -.0001490
T 6308 19 .1519216E+11   1100012E-01 -.1728E+02 -.2743E+02   .9999999 -.0002591 -.0004102
T 6309 19 .1519325E+11   1100012E-01 -.2766E+01 -.5551E+01   .9999999 -.0000658 -.0000920
T 6310 19 .1519334E+11   1100020E-01  .1209E+02  .1012E+02   .9999999  .0001706  .0001275
T 6311 19 .1519480E+11   1100011E-01 -.3325E+01 -.6037E+00   .9999999 -.0001389  .0000371
T 6312 19 .1519319E+11   1100022E-01  .1453E+02  .2956E+01   .9999999  .0002286  .0000495
T 6313 19 .1519303E+11   1100015E-01  .5554E+01 -.7141E+01   .9999999  .0000775 -.0001573
T 6314 19 .1519314E+11   1100015E-01 -.1262E+02  .1718E+02   .9999999 -.0002335  .0002206
T 6315 19 .1519258E+11   1100021E-01  .8858E+01  .9151E+01   .9999999  .0001084  .0001202
T 6316 19 .1519234E+11   1100018E-01 -.1718E+02  .2008E+02   .9999999 -.0003610  .0004074
T 6317 19 .1519201E+11   1100009E-01 -.1884E+02  .1627E+01   .9999999 -.0001594 -.0000092
T 6318 19 .1519152E+11   1100018E-01  .1990E+01 -.2848E+01   .9999999  .0000395 -.0000079
T 6319 19 .1519207E+11   1100016E-01  .2604E+01 -.7023E+01   .9999999 -.0000427 -.0001129
T 6320 19 .1519292E+11   1100000E-01  .3173E+01 -.1820E-01   .9999999  .0000641  .0000228
T 6321 19 .1519143E+11   1100001E-01 -.1417E+02 -.1937E+01   .9999999 -.0002350  .0000249
T 6322 19 .1519263E+11   1100015E-01 -.2109E+02 -.3776E+01   .9999998 -.0005572 -.0002878
T 6323 19 .1519234E+11   1100006E-01 -.1154E+02 -.2401E+01   .9999999 -.0001564 -.0000835
T 6324 19 .1519351E+11   1100003E-01 -.3753E+01 -.2996E+01   .9999999  .0000273 -.0000067
T 6325 19 .1519152E+11   1100006E-01  .4415E+01 -.3170E+01   .9999999 -.0000081 -.0000752
T 6326 19 .1519253E+11   1100010E-01 -.1742E+02  .7533E+01   .9999999 -.0002141  .0000758
T 6327 19 .1519240E+11   1100010E-01 -.3535E+01  .6674E+01   .9999999 -.0000695  .0001105
T 6328 19 .1519380E+11   1100007E-01 -.1293E+02  .1408E+02   .9999999 -.0001651  .0001740
T 6329 19 .1519340E+11   1100009E-01  .1001E+02  .8012E+01   .9999999  .0002012  .0001154
T 6330 19 .1519247E+11   1100005E-01  .9941E+00  .1122E+01   .9999999  .0001178  .0000631
T 6331 19 .1519207E+11   1100019E-01  .5975E+01 -.2208E+01   .9999999  .0001203  .0000040
T 6332 19 .1519225E+11   1100012E-01 -.3276E+01 -.2022E+01   .9999999 -.0000856  .0000058
T 6333 19 .1519382E+11   1100022E-01 -.4026E+01 -.1668E+02   .9999999  .0000263 -.0002325
T 6334 19 .1519228E+11   1100019E-01 -.1202E+02 -.1858E+01   .9999999 -.0000959 -.0000509
T 6335 19 .1519220E+11   1100001E-01 -.8895E+01  .6170E+01   .9999999 -.0001910  .0002029
T 6336 19 .1519356E+11   1100023E-01 -.5393E+01 -.9940E+01   .9999999 -.0000312 -.0001106
T 6337 19 .1519260E+11   1100021E-01 -.7536E+01  .5241E+01   .9999999 -.0000534  .0000983
T 6338 19 .1519192E+11   1100022E-01 -.1127E+02  .1283E+01   .9999999 -.0002104  .0000092
T 6339 19 .1519367E+11   1100012E-01  .9267E+01  .1120E+02   .9999999  .0001909  .0001608
T 6340 19 .1519209E+11   1100002E-01  .1423E+01  .1280E+02   .9999999  .0001304  .0001734
T 6341 19 .1519248E+11   1100002E-01  .2971E+01  .1008E+02   .9999999  .0000529  .0001686
T 6342 19 .1519346E+11   1100012E-01 -.2603E+01  .1016E+02   .9999999 -.0000550  .0001921
T 6343 19 .1519186E+11   1100017E-01  .1135E+02  .6577E+01   .9999999  .0002380  .0001735
T 6344 19 .1519381E+11   1100020E-01 -.3181E+01  .7470E+01   .9999999 -.0001924 -.0001724
T 6345 19 .1519306E+11   1100019E-01 -.8249E+00 -.1386E+02   .9999999 -.0001038 -.0004503
T 6346 19 .1519349E+11   1100005E-01 -.1607E+02 -.1260E+02   .9999999 -.0003211 -.0003109
T 6347 19 .1519301E+11   1100001E-01 -.7527E+01 -.2399E+01   .9999999 -.0001602  .0000010
T 6348 19 .1519257E+11   1100005E-01 -.2411E+01  .9248E+01   .9999999 -.0001605 -.0000201
T 6349 19 .1519332E+11   1100003E-01 -.6419E+01  .7101E+01   .9999999 -.0001924  .0000716
T 6350 19 .1519195E+11   1100016E-01  .2858E+01  .9095E+01   .9999999  .0000514  .0000743
T 6351 19 .1519267E+11   1100022E-01 -.9695E+01 -.7706E+01   .9999999 -.0000805 -.0000830
T 6352 19 .1519268E+11   1100005E-01 -.1175E+02  .2764E+01   .9999999 -.0001969 -.0000118
T 6353 19 .1519275E+11   1100007E-01 -.5842E+01  .5745E+00   .9999999 -.0001178  .0000314
T 6354 19 .1519319E+11   1100012E-01  .2790E+01 -.4819E+01   .9999999  .0000087 -.0001149
T 6355 19 .1519226E+11   1100000E-01  .1277E+01 -.1538E+01   .9999999  .0000710 -.0001808
T 6356 19 .1519211E+11   1100022E-01 -.8870E+01  .7867E+00   .9999999  .0001588 -.0000810
T 6357 19 .1519411E+11   1100021E-01 -.1479E+02  .7687E+01   .9999999 -.0001602  .0001920
T 6358 19 .1519273E+11   1100015E-01  .5583E+01  .2994E+01   .9999999  .0001040  .0001123
T 6359 19 .1519263E+11   1100014E-01  .4507E+01  .2476E+01   .9999999  .0000308  .0000399
T 6360 19 .1519282E+11   1100016E-01  .1638E+02 -.1584E+02   .9999999  .0002189 -.0001872
T 6361 19 .1519289E+11   1100019E-01 -.9734E+01  .8782E+01   .9999999 -.0001531  .0001887
T 6362 19 .1519272E+11   1100020E-01 -.9668E+01  .6292E+01   .9999999 -.0001242  .0001385
T 6363 19 .1519334E+11   1100021E-01 -.4539E+01  .3920E+00   .9999999 -.0001114 -.0000013
T 6364 19 .1519312E+11   1100001E-01 -.9191E+01 -.7851E+01   .9999999 -.0001024 -.0001274
T 6365 19 .1519384E+11   1100017E-01  .1955E+02 -.3405E+01   .9999999  .0001732  .0000450
T 6366 19 .1519303E+11   1100021E-01 -.7475E+01 -.1116E+01   .9999999 -.0001266 -.0000158
T 6367 19 .1519210E+11   1100015E-01  .5626E+01 -.1170E+01   .9999999  .0001085 -.0000563
T 6368 19 .1519368E+11   1100002E-01 -.1214E+02 -.7645E+01   .9999999 -.0002483 -.0000106
T 6369 19 .1519170E+11   1100012E-01  .1706E+01  .6939E+01   .9999999  .0000402  .0000962
T 6370 19 .1519251E+11   1100001E-01  .1026E+02  .4515E+01   .9999999  .0001581  .0000907
T 6371 19 .1519177E+11   1100021E-01 -.6159E+01  .5407E+00   .9999999 -.0001368 -.0000298
T 6372 19 .1519228E+11   1100020E-01  .5274E+00 -.1174E+02   .9999999  .0000429 -.0001459
T 6373 19 .1519274E+11   1100013E-01 -.1128E+02 -.1876E+02   .9999999 -.0001756 -.0002973
T 6374 19 .1519287E+11   1100011E-01 -.1329E+02  .1696E+02   .9999999 -.0001911  .0002110
T 6375 19 .1519321E+11   1100018E-01 -.9482E-01  .4539E+01   .9999999  .0000084  .0001416
T 6376 19 .1519197E+11   1100011E-01 -.3275E+01 -.9992E+01   .9999999  .0000103 -.0000756
T 6377 19 .1519305E+11   1100021E-01 -.9655E+01 -.6887E+01   .9999999 -.0002235 -.0000913
T 6378 19 .1519273E+11   1100000E-01  .1702E+02  .1077E+01   .9999999  .0002418  .0000559
T 6379 19 .1519245E+11   1100013E-01  .5605E+01  .5282E+01   .9999999  .0000338  .0000552
T 6380 19 .1519268E+11   1100010E-01 -.9071E+01  .1550E+02   .9999999 -.0001120  .0001627
T 6381 19 .1519348E+11   1100022E-01  .7288E+01 -.3664E+01   .9999999  .0001661 -.0000992
T 6382 19 .1519206E+11   1100020E-01  .8850E+01  .4307E+01   .9999999  .0000985  .0000236
T 6383 19 .1519073E+11   1100022E-01  .2375E-01 -.1947E+01   .9999999  .0000772 -.0001013
T 6384 19 .1519280E+11   1100008E-01  .1199E+01  .5985E+01   .9999999  .0000600  .0000765
T 6385 19 .1519445E+11   1100000E-01 -.3240E+00 -.1296E+02   .9999999  .0001162 -.0004119
T 6386 19 .1519350E+11   1100020E-01 -.4986E+01  .4886E+01   .9999999 -.0001180 -.0000192
T 6387 19 .1519300E+11   1100008E-01 -.8819E+01 -.4358E+01   .9999999 -.0001737 -.0000212
T 6388 19 .1519191E+11   1100003E-01  .7462E+01  .1197E+02   .9999999  .0001465  .0001295
T 6389 19 .1519387E+11   1100009E-01 -.1677E+01  .6282E+01   .9999999 -.0000092  .0000210
T 6390 19 .1519175E+11   1100015E-01  .1692E+02 -.1406E+02   .9999999  .0003468 -.0002853
T 6391 19 .1519351E+11   1100017E-01  .1312E+02 -.1226E+02   .9999999  .0001221 -.0001884
T 6392 19 .1519361E+11   1100000E-01  .9423E+00  .1162E+01   .9999999  .0000413  .0000400
T 6393 19 .1519181E+11   1100015E-01  .1410E+02 -.7225E+01   .9999999  .0000554 -.0000928
T 6394 19 .1519187E+11   1100016E-01  .2627E+01 -.1067E+02   .9999999 -.0000227 -.0001625
T 6395 19 .1519241E+11   1100009E-01 -.5294E+01  .4100E+01   .9999999 -.0001467  .0001679
T 6396 19 .1519195E+11   1100007E-01  .6588E+01 -.1108E+02   .9999999 -.0000387 -.0001580
T 6397 19 .1519352E+11   1100023E-01  .2432E+01 -.8475E+01   .9999999  .0000090 -.0001323
T 6398 19 .1519231E+11   1100022E-01 -.2053E+02  .8692E+01   .9999999 -.0002573  .0000507
T 6399 19 .1519143E+11   1100016E-01  .2119E+01  .5663E+01   .9999999 -.0000164  .0000822
T 6400 19 .1519360E+11   1100021E-01 -.8775E+01 -.6003E+01   .9999999 -.0002033 -.0002476
T 6401 19 .1519236E+11   1100023E-01 -.2347E+02 -.5242E+01   .9999999 -.0004114 -.0001953
T 6402 19 .1519222E+11   1100015E-01  .9572E-01  .4882E+01   .9999999  .0000355  .0001188
T 6403 19 .1519317E+11   1100009E-01 -.3883E+01 -.6322E+01   .9999999 -.0001067 -.0001552
T 6404 19 .1519373E+11   1100020E-01 -.1056E+02  .7188E+01   .9999999 -.0001758  .0001048
T 6405 19 .1519286E+11   1100002E-01 -.6840E+01  .1267E+02   .9999999 -.0000515  .0001749
T 6406 19 .1519127E+11   1100021E-01  .5196E+01 -.1064E+02   .9999999  .0001701 -.0000501
T 6407 19 .1519207E+11   1100022E-01 -.1303E+02  .5974E+01   .9999999 -.0001827  .0001550
T 6408 19 .1519416E+11   1100002E-01 -.2205E+02  .2346E+01   .9999999 -.0003728 -.0000312
T 6409 19 .1519290E+11   1100015E-01  .5403E+01 -.3030E+00   .9999999  .0000469 -.0001398
T 6410 19 .1519224E+11   1100010E-01  .2084E+01  .9893E+01   .9999999  .0000177  .0001089
T 6411 19 .1519167E+11   1100022E-01  .7432E+01  .2021E+01   .9999999  .0000394 -.0000765
T 6412 19 .1519305E+11   1100019E-01 -.1801E+01  .1431E+01   .9999999 -.0000818  .0000219
T 6413 19 .1519371E+11   1100010E-01 -.9960E+00  .2202E+01   .9999999  .0000234 -.0000005
T 6414 19 .1519357E+11   1100017E-01 -.3148E+01 -.4727E+01   .9999999 -.0000644 -.0000811
T 6415 19 .1519318E+11   1100020E-01  .1190E+02 -.1775E+01   .9999999  .0001826 -.0000403
T 6416 19 .1519230E+11   1100012E-01  .9669E+00  .8077E+01   .9999999  .0000006  .0000651
T 6417 19 .1519243E+11   1100009E-01  .1273E+01  .3188E+01   .9999999  .0000714  .0001069
T 6418 19 .1519257E+11   1100009E-01  .4809E+02 -.4463E+02   .9999996  .0006274 -.0006556
T 6419 19 .1519199E+11   1100010E-01  .5681E+00  .8993E+00   .9999999  .0000934 -.0000105
T 6420 19 .1519228E+11   1100004E-01 -.1063E+02  .1008E+02   .9999999 -.0001905  .0001416
T 6421 19 .1519234E+11   1100023E-01  .1407E+02 -.4041E+01   .9999999  .0002153 -.0000263
T 6422 19 .1519266E+11   1100002E-01 -.8812E+01 -.2744E+01   .9999999 -.0001345 -.0001256
T 6423 19 .1519229E+11   1100021E-01  .5689E+01  .9914E-01   .9999999  .0001152 -.0000039
T 6424 19 .1519308E+11   1100002E-01 -.1805E+02  .1996E+02   .9999999 -.0002017  .0002208
T 6425 19 .1519204E+11   1100021E-01 -.4525E+01 -.1081E+01   .9999999 -.0000536  .0000139
T 6426 19 .1519209E+11   1100005E-01 -.2942E+01  .7493E+01   .9999999 -.0000010  .0001146
T 6427 19 .1519297E+11   1100000E-01  .7166E+01 -.4444E+01   .9999999  .0001569 -.0000181
T 6428 19 .1519303E+11   1100010E-01 -.4594E+01  .1199E+02   .9999999 -.0000573  .0001155
T 6429 19 .1519317E+11   1100019E-01 -.5665E+00 -.4563E+01   .9999999 -.0000381  .0000277
T 6430 19 .1519273E+11   1100016E-01 -.7741E+01 -.1209E+02   .9999999 -.0001315 -.0000695
T 6431 19 .1519144E+11   1100017E-01  .5457E+01 -.4830E+01   .9999999  .0000565 -.0001629
T 6432 19 .1519176E+11   1100013E-01 -.1237E+02  .6021E+01   .9999999 -.0002416  .0000900
T 6433 19 .1519422E+11   1100016E-01  .4592E+01  .1115E+02   .9999999  .0001743 -.0000738
T 6434 19 .1519332E+11   1100002E-01 -.8559E+01  .1823E+01   .9999999 -.0000856 -.0000756
T 6435 19 .1519119E+11   1100021E-01  .1020E+02  .2947E+00   .9999999  .0002409  .0000121
T 6436 19 .1519168E+11   1100023E-01 -.1757E+01  .2944E+01   .9999999 -.0001787  .0001172
T 6437 19 .1519215E+11   1100012E-01  .1169E+02 -.6629E+01   .9999999  .0002845 -.0000321
T 6438 19 .1519218E+11   1100008E-01  .1442E+01  .7252E+01   .9999999 -.0000393  .0000726
T 6439 19 .1519437E+11   1100010E-01  .3897E+01  .6435E+01   .9999999 -.0000738  .0001113
T 6440 19 .1519315E+11   1100019E-01 -.1153E+02 -.1180E+01   .9999999 -.0001560  .0000271
T 6441 19 .1519214E+11   1100021E-01  .1403E+02  .4597E+00   .9999999  .0000515 -.0000959
T 6442 19 .1519175E+11   1100017E-01 -.1631E+02 -.2635E+01   .9999999 -.0002712 -.0002308
T 6443 19 .1519314E+11   1100021E-01 -.7670E+01  .4868E+00   .9999999 -.0000681 -.0000235
T 6444 19 .1519224E+11   1100006E-01 -.2550E+01  .1916E+01   .9999999 -.0000306 -.0001361
T 6445 19 .1519175E+11   1100008E-01  .1356E+02 -.2082E+02   .9999999  .0002357 -.0004247
T 6446 19 .1519301E+11   1100016E-01  .4881E+01  .1795E+01   .9999999  .0000947  .0000426
T 6447 19 .1519246E+11   1100009E-01  .3847E+00 -.8434E+01   .9999999  .0000177  .0000075
T 6448 19 .1519259E+11   1100012E-01  .1015E+03  .1062E+03   .9999988  .0010538  .0011612
T 6449 19 .1519291E+11   1100020E-01 -.5779E+01  .8652E+01   .9999999 -.0002187  .0002004
T 6450 19 .1519186E+11   1100023E-01  .1000E+02  .1404E+02   .9999999  .0001712  .0000827
T 6451 19 .1519199E+11   1100005E-01 -.1754E+01 -.1044E+02   .9999999  .0000183 -.0000594
T 6452 19 .1519345E+11   1100004E-01  .1498E+02  .3124E+01   .9999999  .0003062 -.0000835
T 6453 19 .1519405E+11   1100008E-01 -.9357E+01  .9070E+01   .9999999 -.0001466  .0000060
T 6454 19 .1519391E+11   1100014E-01  .9942E+01  .1276E+02   .9999999  .0001286  .0000859
T 6455 19 .1519251E+11   1100011E-01  .5357E+01  .1194E+02   .9999999  .0001194  .0000970
T 6456 19 .1519266E+11   1100012E-01 -.1356E+02  .6152E+01   .9999999 -.0002039 -.0000084
T 6457 19 .1519304E+11   1100012E-01  .2618E+02  .1274E+02   .9999999  .0002792  .0002153
T 6458 19 .1519299E+11   1100004E-01  .3281E+02  .2105E+02   .9999999  .0002389  .0003047
T 6459 19 .1519331E+11   1100016E-01 -.4730E+01 -.1982E+01   .9999999 -.0000906  .0000347
T 6460 19 .1519276E+11   1100018E-01 -.1029E+02 -.2586E+01   .9999999 -.0001540  .0000226
T 6461 19 .1519150E+11   1100019E-01 -.5453E+01 -.7234E+01   .9999999 -.0000491 -.0001433
T 6462 19 .1519296E+11   1100002E-01 -.3956E+01 -.2345E+01   .9999999  .0000027 -.0000441
T 6463 19 .1519258E+11   1100022E-01 -.1366E+02 -.1216E+02   .9999999 -.0002009 -.0002346
T 6464 19 .1519263E+11   1100020E-01  .5485E+01  .1875E+02   .9999999  .0000635  .0001219
T 6465 19 .1519373E+11   1100012E-01  .2772E+01  .3721E+01   .9999999 -.0000153  .0000115
T 6466 19 .1519422E+11   1100009E-01  .4599E-01  .9066E-01   .9999999 -.0000707  .0000841
T 6467 19 .1519208E+11   1100021E-01  .1504E+02  .4534E+01   .9999999  .0002455  .0001067
T 6468 19 .1519290E+11   1100022E-01  .2640E+01  .4693E+01   .9999999 -.0000105  .0001825
T 6469 19 .1519337E+11   1100001E-01  .3915E+01  .2099E+01   .9999999 -.0000225  .0000409
T 6470 19 .1519242E+11   1100011E-01  .6005E+01  .4973E+01   .9999999 -.0000311  .0000582
T 6471 19 .1519307E+11   1100007E-01 -.2857E+02 -.7279E+01   .9999999 -.0004178 -.0000652
T 6472 19 .1519283E+11   1100019E-01  .1678E+01 -.2913E+01   .9999999  .0003326 -.0004312
T 6473 19 .1519248E+11   1100015E-01  .2926E+01 -.1233E+02   .9999999 -.0000656 -.0004952
T 6474 19 .1519322E+11   1100015E-01 -.6277E+01 -.7155E+01   .9999999 -.0000493 -.0000501
T 6475 19 .1519475E+11   1100009E-01 -.5034E+01  .7489E+01   .9999999 -.0000779  .0002143
T 6476 19 .1519236E+11   1100014E-01  .2315E+01  .1038E+02   .9999999  .0000533  .0001083
T 6477 19 .1519187E+11   1100005E-01 -.1313E+02 -.1129E+02   .9999999 -.0001575 -.0001142
T 6478 19 .1519376E+11   1100002E-01  .4525E+01 -.1071E+02   .9999999  .0002815 -.0002358
T 6479 19 .1519245E+11   1100013E-01 -.3798E+01  .7827E+01   .9999999 -.0000724  .0001004
T 6480 19 .1519224E+11   1100021E-01  .3572E+01 -.4791E+01   .9999999  .0000797 -.0000960
T 6481 19 .1519238E+11   1100022E-01  .1825E+02  .3943E+02   .9999998  .0004087  .0005750
T 6482 19 .1519303E+11   1100008E-01  .1618E+02  .3295E+01   .9999999  .0003381 -.0000521
T 6483 19 .1519291E+11   1100017E-01  .9481E+00 -.2091E+01   .9999999  .0000338 -.0000350
T 6484 19 .1519305E+11   1100014E-01  .9634E+01 -.7064E+01   .9999999  .0001424 -.0000409
T 6485 19 .1519215E+11   1100018E-01  .3656E+01  .1447E+01   .9999999  .0000731  .0000903
T 6486 19 .1519267E+11   1100006E-01 -.1335E+02  .5436E+01   .9999999 -.0001135  .0000806
T 6487 19 .1519184E+11   1100014E-01  .1077E+02  .9644E+01   .9999999  .0001526  .0001671
T 6488 19 .1519235E+11   1100022E-01 -.2431E+02 -.5212E+01   .9999999 -.0003072  .0000024
T 6489 19 .1519091E+11   1100015E-01 -.9714E+00 -.1365E+01   .9999999 -.0000208 -.0000881
T 6490 19 .1519134E+11   1100020E-01 -.6330E+00  .1101E+01   .9999999 -.0000258  .0001162
T 6491 19 .1519243E+11   1100014E-01  .3160E+01 -.1198E+02   .9999999  .0000260 -.0002073
T 6492 19 .1519316E+11   1100013E-01  .5734E+02 -.5143E+01   .9999998  .0006430 -.0000128
T 6493 19 .1519014E+11   1100011E-01  .3088E+01  .1577E+02   .9999999  .0000484  .0002435
T 6494 19 .1519197E+11   1100000E-01  .5979E+01 -.6842E+01   .9999999  .0001310 -.0000609
T 6495 19 .1519309E+11   1100016E-01 -.9511E+01 -.7511E+00   .9999999 -.0001735  .0000223
T 6496 19 .1519296E+11   1100013E-01 -.5434E+01  .3094E+01   .9999999 -.0000351  .0001025
T 6497 19 .1519251E+11   1100017E-01 -.9501E+00  .4120E+01   .9999999  .0001618  .0001923
T 6498 19 .1519404E+11   1100022E-01  .4125E+00 -.6649E+01   .9999999  .0000902 -.0001452
T 6499 19 .1519234E+11   1100000E-01  .3362E+01 -.8396E+01   .9999999  .0001151 -.0001291
T 6500 19 .1519255E+11   1100021E-01  .6745E+01  .1145E+02   .9999999  .0000237  .0001177
T 6501 19 .1519231E+11   1100021E-01  .6860E+01 -.4192E+01   .9999999  .0002820 -.0000129
T 6502 19 .1519247E+11   1100022E-01 -.9860E+01 -.6189E+01   .9999999 -.0001742 -.0002824
T 6503 19 .1519217E+11   1100010E-01 -.7746E+01  .1325E+02   .9999999 -.0001836  .0002000
T 6504 19 .1519281E+11   1100012E-01  .6099E+01 -.8367E+01   .9999999  .0001670 -.0000636
T 6505 19 .1519244E+11   1100020E-01  .4354E+01 -.3346E+01   .9999999  .0000454 -.0000711
T 6506 19 .1519276E+11   1100018E-01 -.7418E+00 -.6049E+01   .9999999 -.0000169 -.0000012
T 6507 19 .1519228E+11   1100016E-01 -.1534E+02 -.6238E+01   .9999997 -.0007358 -.0003038
T 6508 19 .1519225E+11   1100009E-01 -.4961E+01  .4063E+01   .9999999 -.0001389 -.0000273
T 6509 19 .1519309E+11   1100020E-01 -.6001E+01 -.4247E+00   .9999999 -.0001592 -.0001015
T 6510 19 .1519237E+11   1100023E-01  .1257E+02 -.9857E+01   .9999999  .0001321 -.0001429
T 6511 19 .1519207E+11   1100010E-01  .7903E+01 -.1095E+02   .9999999  .0002943 -.0001946
T 6512 19 .1519160E+11   1100004E-01 -.1354E+01 -.2142E+02   .9999999 -.0000381 -.0003175
T 6513 19 .1519445E+11   1100020E-01  .5250E+01  .2939E+01   .9999999  .0000655  .0000144
T 6514 19 .1519360E+11   1100018E-01  .2057E+01 -.2761E+01   .9999999  .0000662 -.0000525
T 6515 19 .1519251E+11   1100022E-01 -.8189E+01 -.1254E+02   .9999999 -.0001358 -.0002825
T 6516 19 .1519198E+11   1100018E-01  .6792E+01  .1447E+02   .9999999  .0000331  .0001135
T 6517 19 .1519322E+11   1100013E-01 -.2031E+02  .1025E+02   .9999999 -.0003341  .0002796
T 6518 19 .1519336E+11   1100013E-01  .1557E+02  .8783E+01   .9999999  .0003319  .0001689
T 6519 19 .1519102E+11   1100009E-01 -.3763E+01 -.6419E+01   .9999999  .0000684 -.0000394
T 6520 19 .1519196E+11   1100021E-01  .8928E+01  .9817E+00   .9999999  .0000576  .0000524
T 6521 19 .1519224E+11   1100007E-01  .1645E+02 -.1424E+02   .9999999  .0001304 -.0001435
T 6522 19 .1519329E+11   1100001E-01 -.1947E+02 -.7492E+01   .9999999 -.0003135 -.0002122
T 6523 19 .1519195E+11   1100016E-01  .3502E+01  .1726E+00   .9999999  .0000435 -.0000521
T 6524 19 .1519202E+11   1100003E-01 -.1747E+01 -.3748E+01   .9999999 -.0000845  .0000425
T 6525 19 .1519215E+11   1100002E-01 -.4754E+01 -.7347E+01   .9999999  .0000526 -.0001836
T 6526 19 .1519213E+11   1100017E-01  .7690E+01 -.1611E+02   .9999999  .0002352 -.0002039
T 6527 19 .1519236E+11   1100002E-01 -.1950E+01  .7382E+01   .9999999 -.0000257  .0000609
T 6528 19 .1519300E+11   1100022E-01  .8337E+01 -.6977E+01   .9999999  .0002449  .0000722
T 6529 19 .1519168E+11   1100012E-01 -.8986E+01  .5613E+01   .9999999 -.0001715  .0000405
T 6530 19 .1519313E+11   1100006E-01 -.1892E+01  .3913E+01   .9999999  .0000276  .0000343
T 6531 19 .1519323E+11   1100005E-01  .7607E+01 -.4150E+01   .9999999  .0001216 -.0000746
T 6532 19 .1519300E+11   1100001E-01 -.9008E+01 -.1631E+01   .9999999 -.0000873  .0000409
T 6533 19 .1519234E+11   1100005E-01  .1923E+02 -.1535E+02   .9999999  .0002464 -.0002594
T 6534 19 .1519263E+11   1100009E-01  .4633E+01  .4344E+01   .9999999  .0000890  .0000372
T 6535 19 .1519237E+11   1100017E-01  .6327E+01  .8066E+01   .9999999  .0001764  .0000145
T 6536 19 .1519347E+11   1100019E-01 -.6859E+01 -.7239E+00   .9999999 -.0000622 -.0001148
T 6537 19 .1519356E+11   1100020E-01  .4645E+01  .8346E+01   .9999999  .0000717  .0001200
T 6538 19 .1519311E+11   1100009E-01  .8351E+01  .1378E+02   .9999999  .0001450  .0001869
T 6539 19 .1519226E+11   1100020E-01 -.1261E+02  .4063E+01   .9999999 -.0001641  .0000684
T 6540 19 .1519263E+11   1100006E-01  .7088E+01 -.6023E+01   .9999999  .0000300 -.0000471
T 6541 19 .1519165E+11   1100022E-01  .7839E+01  .6364E+00   .9999999  .0001108 -.0001062
T 6542 19 .1519185E+11   1100010E-01 -.5072E+01 -.3320E+01   .9999999  .0001048 -.0002568
T 6543 19 .1519208E+11   1100022E-01  .1013E+02  .4215E+01   .9999999  .0001065  .0001461
T 6544 19 .1519237E+11   1100006E-01 -.8405E+01  .8929E+01   .9999999  .0000557  .0003933
T 6545 19 .1519326E+11   1100003E-01 -.2252E+02  .2676E+02   .9999999 -.0001851  .0002343
T 6546 19 .1519222E+11   1100012E-01  .6387E+00  .6790E+01   .9999999  .0000325  .0001163
T 6547 19 .1519093E+11   1100016E-01  .6725E+01 -.9064E+00   .9999999  .0000931 -.0000957
T 6548 19 .1519404E+11   1100013E-01 -.1020E+02 -.5882E+01   .9999999 -.0001598 -.0000987
T 6549 19 .1519255E+11   1100016E-01 -.5654E+01  .2871E+01   .9999999 -.0000986  .0001110
T 6550 19 .1519148E+11   1100007E-01 -.1225E+02 -.3049E+01   .9999999 -.0000958 -.0000971
T 6551 19 .1519325E+11   1100004E-01 -.5315E+01  .6732E+00   .9999999 -.0000257  .0000374
T 6552 19 .1519285E+11   1100003E-01  .2536E+02  .4659E+01   .9999999  .0002103 -.0001024
T 6553 19 .1519217E+11   1100019E-01  .2519E+01 -.6586E+01   .9999999  .0001634 -.0001157
T 6554 19 .1519290E+11   1100000E-01 -.8043E+00  .6570E+01   .9999999  .0000681  .0000647
T 6555 19 .1519337E+11   1100019E-01 -.2167E+01 -.7665E+01   .9999999 -.0000614 -.0001010
T 6556 19 .1519430E+11   1100003E-01 -.2327E+01 -.8504E+01   .9999999 -.0000478 -.0000571
T 6557 19 .1519269E+11   1100020E-01  .2577E+01  .1844E+02   .9999999  .0000603  .0002446
T 6558 19 .1519219E+11   1100013E-01  .2477E+01 -.3953E+01   .9999999  .0000521 -.0000825
T 6559 19 .1519216E+11   1100023E-01 -.1550E+02  .1132E+01   .9999999 -.0002867  .0000879
T 6560 19 .1519260E+11   1100019E-01 -.1182E+01 -.1509E+02   .9999999  .0000963 -.0001900
T 6561 19 .1519340E+11   1100021E-01 -.1447E+02  .1367E+02   .9999999 -.0002000  .0000599
T 6562 19 .1519359E+11   1100022E-01  .9331E+01 -.1315E+01   .9999999  .0000828 -.0001045
T 6563 19 .1519155E+11   1100017E-01 -.1794E+01  .8645E+01   .9999999 -.0000362  .0002786
T 6564 19 .1519262E+11   1100021E-01  .7631E+01  .4451E+01   .9999999  .0000692 -.0000080
T 6565 19 .1519305E+11   1100003E-01  .4559E+01 -.1277E+02   .9999999  .0001209 -.0001692
T 6566 19 .1519162E+11   1100003E-01 -.1074E+02  .3821E+01   .9999999 -.0001226  .0001255
T 6567 19 .1519310E+11   1100011E-01 -.1407E+01 -.1139E+02   .9999999  .0000490 -.0001731
T 6568 19 .1519297E+11   1100010E-01  .5412E+01 -.6404E+01   .9999999 -.0000116 -.0000290
T 6569 19 .1519319E+11   1100021E-01 -.1186E+02  .6209E+00   .9999999 -.0002423 -.0000155
T 6570 19 .1519270E+11   1100019E-01  .1188E+02 -.2346E+02   .9999999  .0002127 -.0003747
T 6571 19 .1519233E+11   1100000E-01  .5947E+01 -.6255E+01   .9999999  .0000902 -.0002012
T 6572 19 .1519314E+11   1100005E-01 -.1620E+01  .2386E+01   .9999999 -.0000847  .0001255
T 6573 19 .1519133E+11   1100017E-01 -.3278E+02  .3362E+02   .9999997 -.0005861  .0004083
T 6574 19 .1519214E+11   1100021E-01 -.1087E+01  .7408E+01   .9999999 -.0000884  .0001165
T 6575 19 .1519145E+11   1100020E-01  .1750E+02 -.2066E+01   .9999999  .0002305 -.0000502
T 6576 19 .1519294E+11   1100020E-01  .1874E+01  .8855E+01   .9999999 -.0000403  .0000774
T 6577 19 .1519308E+11   1100001E-01 -.1597E+02 -.3330E+01   .9999999 -.0001790 -.0001453
T 6578 19 .1519375E+11   1100013E-01  .3421E+01  .9406E+01   .9999999  .0000337  .0000491
T 6579 19 .1519281E+11   1100020E-01 -.1426E+02 -.2326E+01   .9999999 -.0002420 -.0000131
T 6580 19 .1519401E+11   1100009E-01 -.1383E+02 -.1918E+02   .9999999 -.0001834 -.0002891
T 6581 19 .1519067E+11   1100015E-01  .1130E+02 -.3690E+01   .9999999  .0000990 -.0001280
T 6582 19 .1519233E+11   1100008E-01  .3992E+01  .9899E+01   .9999999  .0000654  .0001375
T 6583 19 .1519192E+11   1100006E-01  .1960E+01  .1069E+01   .9999999  .0001139 -.0000477
T 6584 19 .1519167E+11   1100002E-01  .1782E+02 -.2461E+01   .9999999  .0002620 -.0000153
T 6585 19 .1519495E+11   1100004E-01 -.3565E+01  .5809E+01   .9999999  .0000225 -.0000375
T 6586 19 .1519222E+11   1100017E-01 -.1385E+01 -.1714E+02   .9999999 -.0000991 -.0002920
T 6587 19 .1519374E+11   1100019E-01  .6667E+01  .2866E+01   .9999999 -.0000510  .0001325
T 6588 19 .1519235E+11   1100018E-01  .1961E+00  .1512E+02   .9999999  .0000104  .0000603
T 6589 19 .1519414E+11   1100021E-01 -.7204E+01  .8208E+01   .9999999 -.0001260  .0000883
T 6590 19 .1519400E+11   1100001E-01 -.1634E+01 -.2225E+01   .9999999 -.0000091 -.0000478
T 6591 19 .1519265E+11   1100012E-01 -.4706E+00 -.3275E+01   .9999999 -.0000021 -.0000383
T 6592 19 .1519171E+11   1100015E-01  .9449E+01  .4327E+01   .9999999  .0001365  .0001888
T 6593 19 .1519205E+11   1100021E-01 -.6848E+01  .2770E+01   .9999999 -.0002772 -.0000143
T 6594 19 .1519191E+11   1100003E-01  .2615E+01  .5509E+01   .9999999  .0000417  .0000703
T 6595 19 .1519242E+11   1100011E-01  .6475E+01  .2400E+02   .9999999  .0000668  .0001248
T 6596 19 .1519273E+11   1100006E-01 -.1178E+00 -.9157E+01   .9999999 -.0000657 -.0000526
T 6597 19 .1519273E+11   1100017E-01 -.6522E+01 -.9411E+01   .9999999 -.0001675 -.0000527
T 6598 19 .1519144E+11   1100001E-01 -.1386E+02 -.1136E+01   .9999999 -.0001614 -.0001217
T 6599 19 .1519314E+11   1100021E-01  .5639E+01  .9177E-01   .9999999  .0000542  .0000128
T 6600 19 .1519352E+11   1100008E-01  .1013E+02 -.3172E+01   .9999999  .0001047 -.0000045
T 6601 19 .1519244E+11   1100017E-01 -.6327E+01  .8502E+01   .9999999 -.0000382  .0001058
T 6602 19 .1519383E+11   1100011E-01  .1234E+01  .4095E+01   .9999999 -.0000383  .0000295
T 6603 19 .1519187E+11   1100017E-01 -.3879E+01  .5026E+01   .9999999 -.0001773  .0000046
T 6604 19 .1519281E+11   1100006E-01  .1978E+01 -.1133E+02   .9999999 -.0000562 -.0001699
T 6605 19 .1519275E+11   1100012E-01  .2425E+01 -.2696E+01   .9999999  .0001424 -.0001170
T 6606 19 .1519218E+11   1100014E-01 -.3701E+01  .6662E+01   .9999999 -.0000183  .0001380
T 6607 19 .1519372E+11   1100012E-01  .1149E+02 -.1860E+00   .9999999  .0002234  .0000298
T 6608 19 .1519408E+11   1100019E-01 -.5861E+01 -.5431E+01   .9999999 -.0001370 -.0001062
T 6609 19 .1519375E+11   1100012E-01 -.5277E+01 -.3229E+01   .9999999 -.0000612 -.0001344
T 6610 19 .1519249E+11   1100013E-01 -.5477E+02  .3449E+02   .9999996 -.0007591  .0003731
T 6611 19 .1519375E+11   1100014E-01 -.1159E+02 -.2327E+01   .9999999 -.0001906  .0000627
T 6612 19 .1519199E+11   1100007E-01 -.2597E+02  .9412E+01   .9999999 -.0003012  .0001047
T 6613 19 .1519268E+11   1100008E-01  .1632E+02  .2983E+01   .9999999  .0001681 -.0001060
T 6614 19 .1519186E+11   1100009E-01 -.7562E+01  .2582E+01   .9999999 -.0001289 -.0000641
T 6615 19 .1519320E+11   1100023E-01 -.7039E+01 -.3293E+01   .9999999 -.0001139 -.0001566
T 6616 19 .1519266E+11   1100008E-01  .3312E+02  .1052E+01   .9999999  .0005255 -.0000213
T 6617 19 .1519331E+11   1100005E-01 -.8659E+01  .4284E+01   .9999999 -.0000979  .0000291
T 6618 19 .1519359E+11   1100015E-01  .2299E+00  .1618E+01   .9999999 -.0000621 -.0001203
T 6619 19 .1519281E+11   1100015E-01  .2870E-01 -.7483E+01   .9999999 -.0000439 -.0000816
T 6620 19 .1519277E+11   1100016E-01  .1260E+02 -.1384E+01   .9999999  .0001247 -.0000563
T 6621 19 .1519216E+11   1100005E-01 -.8285E+01 -.1981E+01   .9999999 -.0001718 -.0000437
T 6622 19 .1519215E+11   1100012E-01  .4796E+01 -.1484E+02   .9999999  .0001211  .0000254
T 6623 19 .1519270E+11   1100012E-01  .2874E+01  .1723E+01   .9999999  .0000222  .0000821
T 6624 19 .1519293E+11   1100022E-01 -.9356E+01 -.7433E+01   .9999999 -.0002351 -.0000888
T 6625 19 .1519264E+11   1100012E-01  .7336E+01  .7084E+01   .9999999  .0000507  .0000798
T 6626 19 .1519237E+11   1100010E-01  .2172E+01  .8081E+01   .9999999  .0000877  .0002120
T 6627 19 .1519252E+11   1100018E-01 -.5547E+01 -.9222E+01   .9999999 -.0000991 -.0000445
T 6628 19 .1519226E+11   1100016E-01  .1222E+02  .9535E+01   .9999999  .0002225  .0000795
T 6629 19 .1519240E+11   1100002E-01 -.9385E+01  .5335E+01   .9999999 -.0000647 -.0000322
T 6630 19 .1519162E+11   1100021E-01 -.2147E+01 -.7565E+01   .9999999 -.0000550  .0000580
T 6631 19 .1519270E+11   1100016E-01  .2242E+02 -.2342E+01   .9999999  .0003838 -.0000572
T 6632 19 .1519173E+11   1100000E-01 -.2920E+01 -.2216E+01   .9999999 -.0000435 -.0000169
T 6633 19 .1519192E+11   1100001E-01  .7334E+00 -.7853E+01   .9999999  .0000968 -.0002154
T 6634 19 .1519280E+11   1100021E-01  .1406E+02  .4747E+01   .9999999  .0002270  .0000280
T 6635 19 .1519303E+11   1100004E-01 -.8966E+01  .5148E+01   .9999999 -.0001475  .0001028
T 6636 19 .1519324E+11   1100022E-01  .3086E+01  .1363E+01   .9999999  .0001077  .0001566
T 6637 19 .1519323E+11   1100018E-01  .1301E+02 -.1378E+02   .9999996  .0003594 -.0007632
T 6638 19 .1519250E+11   1100009E-01 -.6461E+01 -.6948E+01   .9999999 -.0001278 -.0001683
T 6639 19 .1519304E+11   1100001E-01  .5841E+01  .6247E+01   .9999999 -.0000097 -.0000200
T 6640 19 .1519336E+11   1100009E-01  .1420E+02  .6737E+01   .9999999  .0002816  .0000488
T 6641 19 .1519235E+11   1100010E-01  .2524E+01  .1158E+01   .9999999  .0000788  .0000620
T 6642 19 .1519247E+11   1100012E-01 -.7188E+01  .1611E+02   .9999999 -.0000319  .0004582
T 6643 19 .1519213E+11   1100021E-01 -.2592E+01 -.1818E+02   .9999999 -.0000836 -.0002417
T 6644 19 .1519141E+11   1100019E-01  .2028E+02  .1388E+02   .9999999  .0003883  .0002538
T 6645 19 .1519168E+11   1100018E-01 -.9296E+01 -.6234E+01   .9999999 -.0002499 -.0000778
T 6646 19 .1519342E+11   1100015E-01 -.6154E+01  .1373E+02   .9999999 -.0000983  .0001067
T 6647 19 .1519197E+11   1100002E-01  .1469E+02  .3265E+01   .9999999  .0002804  .0000057
T 6648 19 .1519211E+11   1100019E-01  .2599E+01 -.2911E+02   .9999999  .0000431 -.0003965
T 6649 19 .1519284E+11   1100008E-01  .4338E+00 -.1450E+02   .9999999  .0000240 -.0002309
T 6650 19 .1519171E+11   1100022E-01 -.5284E+01 -.5593E+01   .9999999 -.0003637  .0000753
T 6651 19 .1519270E+11   1100005E-01 -.5029E+01 -.1632E+01   .9999999 -.0001703 -.0001215
T 6652 19 .1519201E+11   1100017E-01  .1484E+01 -.2040E+01   .9999999 -.0000738 -.0002390
T 6653 19 .1519231E+11   1100006E-01  .7342E+01  .1698E+02   .9999999  .0001352  .0001573
T 6654 19 .1519363E+11   1100020E-01 -.3196E+02  .4372E+01   .9999999 -.0004572  .0000119
T 6655 19 .1519231E+11   1100018E-01 -.9290E+01  .3995E+01   .9999999 -.0001239  .0001047
T 6656 19 .1519324E+11   1100017E-01 -.8404E+01  .7891E+01   .9999999 -.0000534  .0001234
T 6657 19 .1519239E+11   1100014E-01 -.2158E+01  .4071E+01   .9999999 -.0000066 -.0000092
T 6658 19 .1519184E+11   1100016E-01  .1230E+01 -.1017E+02   .9999999  .0000362 -.0000206
T 6659 19 .1519348E+11   1100004E-01  .9513E+01  .1999E+02   .9999999  .0000147  .0001683
T 6660 19 .1519280E+11   1100014E-01  .8882E+00  .5397E+01   .9999999 -.0000561  .0000590
T 6661 19 .1519301E+11   1100008E-01  .4839E+01 -.4980E+00   .9999999 -.0000234 -.0000837
T 6662 19 .1519281E+11   1100008E-01  .6635E+01  .2887E+01   .9999999  .0000711 -.0000273
T 6663 19 .1519301E+11   1100009E-01  .2419E+01 -.2079E+01   .9999999 -.0000871  .0000823
T 6664 19 .1519293E+11   1100018E-01 -.1134E+02  .9352E+00   .9999999 -.0001979 -.0001111
T 6665 19 .1519336E+11   1100017E-01 -.5339E+01 -.2534E+01   .9999999 -.0000354 -.0000002
T 6666 19 .1519138E+11   1100022E-01  .6363E+01 -.3331E+01   .9999999  .0001135 -.0000056
T 6667 19 .1519281E+11   1100021E-01  .7688E+01  .2557E+01   .9999999  .0001224  .0000112
T 6668 19 .1519355E+11   1100020E-01  .5119E+01  .1040E+02   .9999999  .0000834  .0001894
T 6669 19 .1519324E+11   1100021E-01 -.5864E+01 -.8246E+01   .9999999 -.0001439 -.0003118
T 6670 19 .1519183E+11   1100012E-01 -.1089E+02  .4925E+01   .9999999 -.0000997  .0000789
T 6671 19 .1519354E+11   1100023E-01  .4238E+01  .1497E+02   .9999999  .0001294  .0001762
T 6672 19 .1519333E+11   1100019E-01  .3192E+02 -.6333E+00   .9999999  .0004798 -.0001018
T 6673 19 .1519198E+11   1100004E-01 -.1219E+02 -.1086E+02   .9999999 -.0000651 -.0001244
T 6674 19 .1519357E+11   1100006E-01  .2937E+02 -.1258E+01   .9999999  .0002937  .0000281
T 6675 19 .1519247E+11   1100007E-01 -.1222E+01  .1452E+02   .9999999  .0000392  .0001333
T 6676 19 .1519258E+11   1100015E-01  .8402E+01  .1058E+02   .9999999  .0002272  .0001338
T 6677 19 .1519298E+11   1100022E-01  .6269E+01  .5777E+01   .9999999  .0000262  .0000608
T 6678 19 .1519169E+11   1100020E-01  .7401E-01 -.8964E+01   .9999999  .0000173 -.0000872
T 6679 19 .1519155E+11   1100018E-01  .1190E+02 -.7519E+01   .9999999  .0001146 -.0001027
T 6680 19 .1519263E+11   1100015E-01 -.1577E+02  .7619E+01   .9999999 -.0003492  .0000805
T 6681 19 .1519328E+11   1100000E-01 -.6169E+01  .4464E+01   .9999999 -.0000955  .0001636
T 6682 19 .1519175E+11   1100017E-01  .1145E+02 -.2811E+01   .9999999  .0001799  .0000311
T 6683 19 .1519215E+11   1100022E-01 -.1344E+02  .2532E+02   .9999999 -.0003128  .0002478
T 6684 19 .1519098E+11   1100013E-01 -.4531E+01  .1481E+00   .9999999 -.0001159  .0000486
T 6685 19 .1519153E+11   1100004E-01  .8000E+01  .3161E+01   .9999999  .0000482  .0000586
T 6686 19 .1519151E+11   1100020E-01 -.3231E+01  .3765E+01   .9999999  .0000412  .0000885
T 6687 19 .1519226E+11   1100022E-01  .8614E+00 -.1577E+02   .9999999 -.0000183 -.0002166
T 6688 19 .1519241E+11   1100019E-01  .4283E+01  .9118E+01   .9999999  .0001370  .0001594
T 6689 19 .1519174E+11   1100011E-01  .5196E+01 -.3853E+01   .9999999 -.0000276 -.0000257
T 6690 19 .1519253E+11   1100002E-01  .1768E+02  .5170E-01   .9999999  .0002285  .0000572
T 6691 19 .1519264E+11   1100000E-01 -.1023E+02 -.3822E+01   .9999999 -.0000569  .0000375
T 6692 19 .1519105E+11   1100015E-01  .5182E+01  .1739E+01   .9999999  .0001446  .0000425
T 6693 19 .1519132E+11   1100013E-01  .1264E+01 -.1045E+02   .9999999 -.0000089 -.0002099
T 6694 19 .1519383E+11   1100016E-01  .5666E+01 -.7306E+01   .9999999  .0000964 -.0001360
T 6695 19 .1519260E+11   1100009E-01  .2805E+00  .2380E+02   .9999999 -.0000092  .0002426
T 6696 19 .1519189E+11   1100002E-01 -.1197E+02  .1073E+01   .9999999 -.0001882  .0000033
T 6697 19 .1519169E+11   1100021E-01 -.4405E+01  .1317E+02   .9999999 -.0001347  .0002440
T 6698 19 .1519244E+11   1100012E-01 -.1004E+02 -.1380E+02   .9999999 -.0001005 -.0002394
T 6699 19 .1519186E+11   1100008E-01  .2075E+01  .5413E+01   .9999999  .0000935  .0000097
T 6700 19 .1519253E+11   1100022E-01 -.9782E+00 -.2499E+01   .9999999  .0000050  .0000321
T 6701 19 .1519308E+11   1100008E-01 -.5530E+01  .2495E+00   .9999999 -.0001240  .0000018
T 6702 19 .1519262E+11   1100012E-01  .1122E+02  .2188E+02   .9999999  .0000588  .0003819
T 6703 19 .1519243E+11   1100005E-01  .1482E+02  .3824E+00   .9999999  .0002539 -.0000747
T 6704 19 .1519364E+11   1100021E-01  .4072E+01 -.8492E+01   .9999999  .0001090 -.0001367
T 6705 19 .1519343E+11   1100003E-01 -.1066E+02  .1088E+02   .9999999 -.0001755  .0001713
T 6706 19 .1519298E+11   1100008E-01 -.2175E+01 -.5102E+01   .9999999  .0000124 -.0001011
T 6707 19 .1519216E+11   1100009E-01  .1069E+01  .1278E+02   .9999999  .0000925  .0002708
T 6708 19 .1519273E+11   1100000E-01 -.1552E+01 -.8368E+01   .9999999 -.0001246 -.0001904
T 6709 19 .1519201E+11   1100000E-01 -.5162E+01  .1167E+02   .9999999 -.0000564  .0000901
T 6710 19 .1519344E+11   1100015E-01  .5365E+01 -.3524E+01   .9999999  .0001351 -.0000275
T 6711 19 .1519317E+11   1100001E-01 -.6759E+01  .5226E+00   .9999999 -.0001440 -.0000312
T 6712 19 .1519262E+11   1100001E-01  .1413E+02 -.1803E+01   .9999999  .0003243 -.0000849
T 6713 19 .1519291E+11   1100002E-01  .1450E+00  .1587E+00   .9999999 -.0000904  .0001039
T 6714 19 .1519333E+11   1100003E-01 -.3255E+00  .1044E+02   .9999999  .0000599  .0001172
T 6715 19 .1519410E+11   1100003E-01 -.1984E+02 -.1681E+01   .9999999 -.0002031 -.0001041
T 6716 19 .1519205E+11   1100018E-01 -.3949E+01  .1042E+01   .9999999 -.0000647  .0000724
T 6717 19 .1519233E+11   1100020E-01 -.1859E+01  .7883E-01   .9999999 -.0000616 -.0000021
T 6718 19 .1519292E+11   1100020E-01 -.5571E+00  .8837E+01   .9999999 -.0001088  .0000146
T 6719 19 .1519324E+11   1100005E-01  .1024E+01  .2868E+01   .9999999  .0000394  .0000084
T 6720 19 .1519307E+11   1100001E-01 -.7931E+01 -.8742E+01   .9999999 -.0001721 -.0002369
T 6721 19 .1519390E+11   1100006E-01 -.1974E+01  .1835E+02   .9999999 -.0000555  .0003675
T 6722 19 .1519201E+11   1100021E-01  .1253E+01 -.3516E+01   .9999999  .0001342 -.0000690
T 6723 19 .1519091E+11   1100002E-01 -.2774E+01 -.8645E+01   .9999999 -.0000428 -.0001536
T 6724 19 .1519192E+11   1100002E-01  .2799E+01 -.5578E+01   .9999999  .0000268 -.0000511
T 6725 19 .1519184E+11   1100010E-01 -.7000E+01 -.2039E+02   .9999999 -.0000543 -.0001906
T 6726 19 .1519118E+11   1100018E-01  .7569E+01  .7670E+01   .9999999  .0001518  .0000892
T 6727 19 .1519237E+11   1100016E-01  .4154E+01  .4247E+01   .9999999  .0001334  .0001116
T 6728 19 .1519315E+11   1100022E-01 -.8021E+01 -.2822E+01   .9999999 -.0000798 -.0000280
T 6729 19 .1519261E+11   1100019E-01 -.4109E+01 -.8336E+01   .9999999 -.0000590 -.0001678
T 6730 19 .1519304E+11   1100020E-01  .1020E+01  .1210E+01   .9999999 -.0000691  .0000302
T 6731 19 .1519334E+11   1100009E-01  .5200E+01 -.3599E+01   .9999999  .0001166 -.0001251
T 6732 19 .1519270E+11   1100012E-01 -.9603E-01 -.6073E+01   .9999999 -.0000037 -.0000609
T 6733 19 .1519217E+11   1100005E-01  .7828E+01 -.5348E+01   .9999999 -.0000191 -.0001666
T 6734 19 .1519188E+11   1100021E-01  .1482E+02 -.1401E+02   .9999999  .0000749 -.0001492
T 6735 19 .1519204E+11   1100004E-01  .3156E+01 -.5001E+01   .9999999  .0000052 -.0001200
T 6736 19 .1519110E+11   1100020E-01 -.1461E+01 -.7116E+01   .9999999 -.0000059 -.0001796
T 6737 19 .1519327E+11   1100017E-01  .1504E+02 -.1674E+01   .9999999  .0003283 -.0000869
T 6738 19 .1519309E+11   1100015E-01  .1376E+02  .2800E+02   .9999999  .0002324  .0003257
T 6739 19 .1519285E+11   1100004E-01  .1482E+01 -.8006E+01   .9999999  .0000170 -.0000688
T 6740 19 .1519267E+11   1100000E-01 -.1055E+02 -.9592E+01   .9999999 -.0001680 -.0001564
T 6741 19 .1519313E+11   1100021E-01  .2088E+01 -.1820E+02   .9999999  .0000961 -.0001653
T 6742 19 .1519230E+11   1100014E-01  .5810E+00  .2939E+01   .9999999  .0000117  .0000355
T 6743 19 .1519224E+11   1100022E-01  .5832E+01  .1664E+02   .9999996  .0000881  .0009066
T 6744 19 .1519208E+11   1100005E-01 -.3525E+01  .1215E+01   .9999999 -.0001005  .0000780
T 6745 19 .1519387E+11   1100019E-01 -.8099E+01  .5059E+01   .9999999 -.0000445  .0001386
T 6746 19 .1519396E+11   1100010E-01  .6348E+01 -.1006E+02   .9999999 -.0000101 -.0001423
T 6747 19 .1519267E+11   1100014E-01  .5229E+01 -.2351E+02   .9999999 -.0000373 -.0002285
T 6748 19 .1519197E+11   1100017E-01 -.2157E+01  .7116E+01   .9999999  .0000568  .0001669
T 6749 19 .1519240E+11   1100012E-01 -.8989E+01 -.1138E+02   .9999999 -.0003101 -.0001987
T 6750 19 .1519400E+11   1100008E-01  .1262E+02  .8270E+01   .9999999  .0001778  .0001290
T 6751 19 .1519168E+11   1100011E-01  .4186E+01  .5809E+00   .9999999  .0001921 -.0001019
T 6752 19 .1519243E+11   1100012E-01 -.1215E+01 -.4700E+01   .9999999  .0001209 -.0000858
T 6753 19 .1519235E+11   1100022E-01  .2001E+02 -.1326E+02   .9999998  .0005052 -.0002504
T 6754 19 .1519151E+11   1100018E-01 -.5640E+01 -.1495E+02   .9999999 -.0000677 -.0001950
T 6755 19 .1519211E+11   1100021E-01  .2388E+01  .8001E+01   .9999999  .0000171  .0001805
T 6756 19 .1519315E+11   1100012E-01  .1127E+02  .2567E+01   .9999999  .0002781  .0000541
T 6757 19 .1519188E+11   1100011E-01  .6129E+01  .4547E+01   .9999999  .0000587  .0000959
T 6758 19 .1519214E+11   1100017E-01  .8974E+01 -.8150E+01   .9999999  .0002629 -.0001656
T 6759 19 .1519337E+11   1100008E-01 -.1119E+00 -.6318E+00   .9999999  .0000423  .0000440
T 6760 19 .1519139E+11   1100009E-01  .1131E+01 -.3807E+01   .9999999  .0000133 -.0002043
T 6761 19 .1519288E+11   1100022E-01 -.7122E+01 -.8531E+00   .9999999 -.0000926 -.0001145
T 6762 19 .1519144E+11   1100009E-01  .6784E+01  .2509E+01   .9999999  .0001054  .0000103
T 6763 19 .1519196E+11   1100008E-01 -.1841E+02 -.5110E+00   .9999999 -.0001711  .0000708
T 6764 19 .1519267E+11   1100000E-01  .3806E+01  .7122E+01   .9999999  .0000546  .0000288
T 6765 19 .1519234E+11   1100014E-01 -.2702E+02  .1208E+02   .9999999 -.0003489  .0002627
T 6766 19 .1519284E+11   1100011E-01 -.1816E+01  .9234E+01   .9999999 -.0001332  .0001600
T 6767 19 .1519219E+11   1100013E-01  .1864E+02 -.5657E+01   .9999999  .0002295 -.0000071
T 6768 19 .1519125E+11   1100007E-01 -.1103E+01  .4037E+01   .9999999 -.0001177  .0002350
T 6769 19 .1519178E+11   1100007E-01  .2229E+02 -.1397E+02   .9999999  .0003041 -.0001872
T 6770 19 .1519172E+11   1100004E-01  .3055E+01 -.3259E+01   .9999999 -.0000180 -.0001393
T 6771 19 .1519291E+11   1100003E-01  .7626E+01 -.1326E+01   .9999999  .0000565  .0001469
T 6772 19 .1519243E+11   1100018E-01 -.3204E+01 -.4191E+01   .9999999 -.0000779 -.0000740
T 6773 19 .1519311E+11   1100017E-01 -.1458E-01  .1175E+02   .9999999 -.0000604  .0001759
T 6774 19 .1519356E+11   1100020E-01  .6432E+01  .9192E+01   .9999999  .0001442  .0001041
T 6775 19 .1519081E+11   1100007E-01  .8000E+01  .1038E+02   .9999999 -.0000156  .0001424
T 6776 19 .1519327E+11   1100000E-01  .7427E+01 -.1947E+02   .9999999  .0000853 -.0001850
T 6777 19 .1519284E+11   1100022E-01  .5530E+00 -.2578E+01   .9999999 -.0004555  .0002610
T 6778 19 .1519316E+11   1100021E-01  .5548E+01  .8190E+01   .9999999  .0001817  .0002485
T 6779 19 .1519179E+11   1100023E-01  .1566E+00  .2198E+00   .9999999  .0000140  .0000121
T 6780 19 .1519257E+11   1100012E-01 -.3592E+00 -.3932E+01   .9999999 -.0000257 -.0001189
T 6781 19 .1519219E+11   1100022E-01 -.3283E+01  .3321E+01   .9999999 -.0000558  .0000975
T 6782 19 .1519257E+11   1100001E-01  .2112E+01  .2524E+01   .9999999  .0003538 -.0000142
T 6783 19 .1519263E+11   1100001E-01  .7076E+01 -.1147E+01   .9999999  .0001389 -.0000482
T 6784 19 .1519273E+11   1100009E-01  .4331E+01  .1492E+01   .9999999  .0000955  .0000676
T 6785 19 .1519143E+11   1100002E-01 -.1167E+02 -.1172E+02   .9999999 -.0001750 -.0002501
T 6786 19 .1519453E+11   1100000E-01  .8754E+01  .2125E+01   .9999999  .0000699  .0000835
T 6787 19 .1519173E+11   1100011E-01 -.2116E+01 -.3900E-01   .9999999  .0000131 -.0000846
T 6788 19 .1519386E+11   1100017E-01 -.1493E+01  .1953E+02   .9999999 -.0000081  .0002827
T 6789 19 .1519256E+11   1100005E-01  .6940E+00 -.6230E+01   .9999999  .0000155 -.0000340
T 6790 19 .1519397E+11   1100020E-01 -.4413E+01 -.4782E+01   .9999999  .0000963  .0000162
T 6791 19 .1519282E+11   1100010E-01 -.3651E+01  .8024E+01   .9999999 -.0001294  .0001190
T 6792 19 .1519300E+11   1100013E-01  .1632E+01 -.1424E+02   .9999999  .0000525 -.0003040
T 6793 19 .1519286E+11   1100016E-01 -.3836E+01 -.7654E+01   .9999999 -.0000526 -.0002311
T 6794 19 .1519297E+11   1100004E-01  .4861E+00 -.2199E+01   .9999999  .0000215 -.0000916
T 6795 19 .1519216E+11   1100008E-01 -.5608E+00  .6842E+01   .9999999  .0000264  .0000762
T 6796 19 .1519354E+11   1100009E-01  .1694E+01  .1481E+01   .9999999  .0000248 -.0000471
T 6797 19 .1519263E+11   1100001E-01 -.7994E+00  .6656E+01   .9999999 -.0000066  .0000483
T 6798 19 .1519223E+11   1100011E-01  .5069E+01 -.1795E+01   .9999999 -.0001262  .0001499
T 6799 19 .1519189E+11   1100020E-01 -.1300E+02 -.6633E+00   .9999999 -.0002533  .0000113
T 6800 19 .1519222E+11   1100012E-01  .1591E+02  .5940E+01   .9999999  .0002301 -.0000306
T 6801 19 .1519297E+11   1100016E-01  .1470E+02 -.8014E+01   .9999999  .0001299 -.0001434
T 6802 19 .1519317E+11   1100022E-01 -.2330E+02 -.8826E+01   .9999999 -.0003227  .0000464
T 6803 19 .1519297E+11   1100014E-01  .2113E+01  .6162E+01   .9999999 -.0000098  .0001004
T 6804 19 .1519276E+11   1100007E-01 -.1749E+02 -.6543E+00   .9999996 -.0008943 -.0000606
T 6805 19 .1519224E+11   1100006E-01 -.1541E+02 -.8899E+01   .9999999 -.0000456 -.0000059
T 6806 19 .1519401E+11   1100004E-01 -.1604E+01  .3138E+01   .9999999 -.0001016  .0001255
T 6807 19 .1519315E+11   1100022E-01  .7532E+00  .2353E+01   .9999999  .0000196  .0000149
T 6808 19 .1519221E+11   1100005E-01  .9692E+01  .2237E+00   .9999999  .0001473  .0000160
T 6809 19 .1519200E+11   1100007E-01  .1902E+01 -.1426E+02   .9999999 -.0000049 -.0002317
T 6810 19 .1519305E+11   1100006E-01  .2387E+01 -.2905E+00   .9999999  .0001257 -.0000075
T 6811 19 .1519216E+11   1100006E-01  .1907E+02 -.1349E+02   .9999999  .0002154 -.0002842
T 6812 19 .1519308E+11   1100002E-01 -.8687E+01 -.1643E+02   .9999999 -.0001477 -.0002863
T 6813 19 .1519348E+11   1100005E-01 -.1161E+02  .1518E+01   .9999999 -.0001737  .0000840
T 6814 19 .1519279E+11   1100022E-01 -.7183E+01 -.2175E+01   .9999999 -.0001450 -.0000625
T 6815 19 .1519219E+11   1100016E-01  .9893E+01 -.1208E+02   .9999999  .0001734 -.0001449
T 6816 19 .1519268E+11   1100015E-01 -.1634E+02 -.9692E+01   .9999999 -.0001218 -.0001470
T 6817 19 .1519237E+11   1100022E-01  .6088E+01 -.6278E+01   .9999999  .0001124 -.0000330
T 6818 19 .1519099E+11   1100006E-01  .5011E+01  .1625E+01   .9999999  .0001471 -.0000064
T 6819 19 .1519328E+11   1100003E-01 -.1816E+01 -.4131E+01   .9999999 -.0000398 -.0000058
T 6820 19 .1519236E+11   1100009E-01 -.9338E+01 -.7209E+01   .9999999 -.0001166  .0000031
T 6821 19 .1519195E+11   1100006E-01 -.6541E+00  .1447E+01   .9999999 -.0000298 -.0000369
T 6822 19 .1519206E+11   1100014E-01  .7074E+01 -.3121E+01   .9999999  .0000354  .0000242
T 6823 19 .1519269E+11   1100013E-01  .1102E+02  .2104E+02   .9999999  .0001653  .0003275
T 6824 19 .1519261E+11   1100019E-01  .7053E+02  .5017E+02   .9999994  .0009173  .0006618
T 6825 19 .1519270E+11   1100001E-01 -.1058E+02 -.1823E+01   .9999999 -.0003609 -.0000345
T 6826 19 .1519283E+11   1100010E-01  .5237E+01  .3998E+01   .9999999 -.0001045  .0001221
T 6827 19 .1519321E+11   1100021E-01 -.3108E+01 -.1133E+01   .9999999 -.0001056  .0000294
T 6828 19 .1519318E+11   1100018E-01  .1016E+01  .8584E+01   .9999999 -.0000695  .0000507
T 6829 19 .1519338E+11   1100023E-01 -.1269E+02 -.1342E+02   .9999999 -.0001119 -.0001903
T 6830 19 .1519236E+11   1100004E-01  .6643E+01 -.1061E+02   .9999999 -.0000361 -.0001605
T 6831 19 .1519347E+11   1100014E-01  .2457E+02 -.2444E+01   .9999999  .0004468 -.0001034
T 6832 19 .1519351E+11   1100006E-01  .9246E+01 -.2487E+01   .9999999  .0001670 -.0001872
T 6833 19 .1519187E+11   1100004E-01 -.6210E+01  .1061E+02   .9999999 -.0002982  .0002784
T 6834 19 .1519234E+11   1100022E-01  .5421E+01  .1355E+02   .9999999 -.0000288  .0001782
T 6835 19 .1519195E+11   1100002E-01  .1154E+02 -.9319E+01   .9999999  .0001788 -.0001768
T 6836 19 .1519127E+11   1100006E-01  .4688E+01 -.3444E+01   .9999999  .0001106 -.0000654
T 6837 19 .1519313E+11   1100021E-01 -.4876E+01 -.5341E+01   .9999999  .0000842 -.0001199
T 6838 19 .1519256E+11   1100015E-01 -.1108E+02 -.1081E+02   .9999999 -.0001521 -.0002076
T 6839 19 .1519293E+11   1100003E-01  .1105E+01 -.2768E+01   .9999999  .0001355 -.0000628
T 6840 19 .1519423E+11   1100002E-01 -.8945E+01  .1040E+01   .9999999 -.0000592  .0000302
T 6841 19 .1519344E+11   1100008E-01 -.1027E+02 -.1468E+01   .9999999 -.0002125 -.0000341
T 6842 19 .1519200E+11   1100008E-01 -.7607E+01 -.1389E+01   .9999999 -.0001704  .0000389
T 6843 19 .1519251E+11   1100020E-01  .2229E+01 -.3399E+01   .9999999 -.0000979 -.0000979
T 6844 19 .1519286E+11   1100009E-01  .4310E+01  .1738E+00   .9999999  .0000857 -.0000137
T 6845 19 .1519289E+11   1100013E-01 -.2356E+01 -.3838E+01   .9999998  .0005135  .0003866
T 6846 19 .1519373E+11   1100014E-01  .1454E+01  .1367E+02   .9999999  .0000235  .0001781
T 6847 19 .1519281E+11   1100022E-01  .5920E+01 -.6493E+01   .9999999  .0002376 -.0000178
T 6848 19 .1519360E+11   1100009E-01 -.1118E+02 -.3968E+01   .9999999 -.0002203  .0000097
T 6849 19 .1519275E+11   1100007E-01  .4887E+01 -.4879E+01   .9999999  .0002517 -.0000508
T 6850 19 .1519244E+11   1100020E-01  .4578E+01  .5992E+01   .9999999  .0000746  .0001389
T 6851 19 .1519358E+11   1100009E-01  .3843E+01  .2925E+01   .9999999  .0000895  .0001226
T 6852 19 .1519368E+11   1100017E-01  .1011E+02 -.4102E+01   .9999999  .0000494 -.0000704
T 6853 19 .1519260E+11   1100010E-01 -.1418E+01 -.2526E+02   .9999999 -.0001074 -.0005172
T 6854 19 .1519272E+11   1100011E-01 -.2158E+01 -.6993E+01   .9999999  .0000196 -.0000695
T 6855 19 .1519417E+11   1100002E-01 -.8923E+01  .5929E+01   .9999999 -.0002102  .0002444
T 6856 19 .1519209E+11   1100011E-01 -.4681E+01 -.5018E+01   .9999999 -.0002165 -.0000214
T 6857 19 .1519209E+11   1100007E-01  .2287E+01 -.1291E+02   .9999999  .0001188 -.0002178
T 6858 19 .1519308E+11   1100012E-01  .5524E+01  .7564E+01   .9999999  .0001267  .0000203
T 6859 19 .1519330E+11   1100022E-01 -.2068E+01  .1542E+01   .9999999 -.0002970  .0001015
T 6860 19 .1519258E+11   1100011E-01 -.2986E+01  .3194E+01   .9999999  .0000057  .0000551
T 6861 19 .1519193E+11   1100012E-01  .5107E+01  .2974E+01   .9999999  .0000359  .0001611
T 6862 19 .1519221E+11   1100014E-01  .1024E+02 -.3035E+02   .9999998  .0001607 -.0006080
T 6863 19 .1519103E+11   1100005E-01 -.5089E+01 -.7022E+01   .9999999 -.0000196 -.0001472
T 6864 19 .1519255E+11   1100022E-01  .6396E+01 -.3037E+01   .9999999  .0001184 -.0000973
T 6865 19 .1519305E+11   1100001E-01 -.8320E+01  .1184E+01   .9999999 -.0002670  .0000374
T 6866 19 .1519295E+11   1100016E-01  .2078E+00 -.1662E+02   .9999999  .0000143 -.0002072
T 6867 19 .1519217E+11   1100015E-01 -.2258E+01  .1222E+01   .9999999  .0000029  .0000289
T 6868 19 .1519262E+11   1100001E-01  .4250E+01 -.1027E+02   .9999999  .0000402 -.0001414
T 6869 19 .1519286E+11   1100020E-01 -.9735E+01 -.1962E+01   .9999999 -.0002289 -.0000645
T 6870 19 .1519243E+11   1100018E-01  .7343E+01 -.4058E+01   .9999999  .0002001  .0000289
T 6871 19 .1519337E+11   1100015E-01  .1057E+02 -.9024E+01   .9999999  .0000943  .0000029
T 6872 19 .1519314E+11   1100013E-01  .6091E+01 -.1319E+02   .9999999  .0000065 -.0002890
T 6873 19 .1519344E+11   1100013E-01 -.1281E+02  .2245E+01   .9999999 -.0003018  .0000400
T 6874 19 .1519254E+11   1100013E-01 -.1130E+01  .3556E+01   .9999999  .0000078  .0001752
T 6875 19 .1519298E+11   1100009E-01  .7214E+01  .3956E+01   .9999999  .0000741  .0001053
T 6876 19 .1519345E+11   1100003E-01 -.6516E+01 -.6082E+01   .9999999  .0000205 -.0000222
T 6877 19 .1519285E+11   1100016E-01  .9627E+00 -.1034E+02   .9999999  .0000372 -.0001318
T 6878 19 .1519327E+11   1100002E-01 -.1026E+02  .9279E+01   .9999999 -.0001035  .0001827
T 6879 19 .1519292E+11   1100016E-01 -.6101E+01  .4762E+01   .9999999 -.0000406  .0001176
T 6880 19 .1519164E+11   1100021E-01  .6743E+01 -.1819E+02   .9999999  .0001859 -.0002241
T 6881 19 .1519352E+11   1100020E-01 -.1079E+02 -.1342E+01   .9999999 -.0001627 -.0000069
T 6882 19 .1519210E+11   1100022E-01  .2223E+02  .2058E+02   .9999998  .0003599  .0004295
T 6883 19 .1519280E+11   1100013E-01  .1164E+01 -.5510E+01   .9999999  .0000908 -.0000653
T 6884 19 .1519126E+11   1100016E-01 -.1342E+02  .6990E+01   .9999999 -.0001780  .0000697
T 6885 19 .1519313E+11   1100001E-01  .1033E+02  .1227E+02   .9999999  .0001827  .0002491
T 6886 19 .1519238E+11   1100020E-01 -.2495E+02 -.7369E+01   .9999999 -.0003812 -.0000370
T 6887 19 .1519060E+11   1100013E-01  .6114E+01 -.1270E+02   .9999999  .0001675 -.0001484
T 6888 19 .1519306E+11   1100012E-01 -.1717E+02 -.3997E+01   .9999999 -.0003169  .0000186
T 6889 19 .1519131E+11   1100002E-01 -.2183E+02  .1828E+02   .9999999 -.0003941  .0002655
T 6890 19 .1519210E+11   1100017E-01 -.2345E+01  .8156E+01   .9999999  .0000222  .0001322
T 6891 19 .1519288E+11   1100023E-01  .2672E+01 -.4762E+01   .9999999  .0001113  .0000249
T 6892 19 .1519316E+11   1100022E-01  .2598E+00  .9878E+01   .9999999 -.0000521  .0000903
T 6893 19 .1519154E+11   1100019E-01  .1431E+02 -.8548E+00   .9999999  .0002190  .0000463
T 6894 19 .1519323E+11   1100016E-01 -.4132E+01  .4480E+01   .9999999  .0000229  .0000405
T 6895 19 .1519189E+11   1100022E-01  .2893E+01 -.3287E+01   .9999999  .0001313  .0000064
T 6896 19 .1519346E+11   1100017E-01  .1370E+02 -.3601E+01   .9999999  .0002193 -.0001667
T 6897 19 .1519142E+11   1100013E-01  .5567E+01 -.5798E+01   .9999999  .0000177 -.0000103
T 6898 19 .1519247E+11   1100002E-01  .1683E+02  .6113E+01   .9999999  .0002105 -.0000636
T 6899 19 .1519365E+11   1100003E-01  .2308E+02  .4787E+01   .9999998  .0006213 -.0000801
T 6900 19 .1519146E+11   1100013E-01  .1591E+01 -.4349E+01   .9999999  .0000688 -.0001414
T 6901 19 .1519400E+11   1100003E-01 -.3697E+00 -.5347E+00   .9999999  .0000628 -.0000531
T 6902 19 .1519137E+11   1100001E-01  .1645E+00  .5494E+01   .9999999  .0000058  .0000882
T 6903 19 .1519336E+11   1100010E-01 -.1671E+01  .4271E+01   .9999999  .0000116  .0001308
T 6904 19 .1519275E+11   1100016E-01  .1406E+02  .1003E+02   .9999999  .0001538  .0001793
T 6905 19 .1519180E+11   1100013E-01  .2027E+02  .1590E+02   .9999999  .0003131  .0001616
T 6906 19 .1519406E+11   1100022E-01  .1149E+02  .2176E+01   .9999999  .0001656  .0001216
T 6907 19 .1519222E+11   1100005E-01 -.3324E+01  .1780E+02   .9999999  .0000792  .0001101
T 6908 19 .1519290E+11   1100018E-01 -.5616E+01 -.1255E+02   .9999999 -.0001295 -.0002237
T 6909 19 .1519368E+11   1100010E-01  .9655E+01 -.2186E+01   .9999999  .0001969  .0000274
T 6910 19 .1519244E+11   1100022E-01  .1079E+02 -.1395E+01   .9999999  .0002295 -.0000947
T 6911 19 .1519295E+11   1100006E-01 -.5072E+01  .3364E+01   .9999999 -.0000349  .0001160
T 6912 19 .1519235E+11   1100002E-01  .1215E+02 -.6799E+01   .9999999  .0000576 -.0001833
T 6913 19 .1519223E+11   1100000E-01 -.1414E+01 -.3048E+01   .9999999 -.0000291 -.0002951
T 6914 19 .1519283E+11   1100023E-01 -.1572E+01  .5073E+01   .9999999 -.0001300  .0000214
T 6915 19 .1519174E+11   1100014E-01 -.1766E+01  .9005E+01   .9999999 -.0000857  .0000854
T 6916 19 .1519350E+11   1100018E-01 -.2831E+01 -.7168E+01   .9999999  .0000649 -.0001186
T 6917 19 .1519132E+11   1100021E-01 -.2009E+01  .7017E+01   .9999999 -.0000492  .0001840
T 6918 19 .1519151E+11   1100010E-01  .1543E+01 -.3876E+01   .9999999 -.0000574 -.0000907
T 6919 19 .1519219E+11   1100022E-01 -.5396E+01 -.1310E+02   .9999999 -.0001073 -.0001325
T 6920 19 .1519406E+11   1100017E-01 -.6473E+01 -.9612E+00   .9999999 -.0002012  .0000317
T 6921 19 .1519250E+11   1100008E-01  .4931E+01  .1013E+01   .9999999  .0000459  .0001076
T 6922 19 .1519282E+11   1100011E-01  .6713E+01 -.1393E+02   .9999999  .0000867 -.0002168
T 6923 19 .1519133E+11   1100022E-01 -.4714E+01 -.3793E+01   .9999999 -.0001428 -.0000334
T 6924 19 .1519264E+11   1100020E-01 -.3279E+01  .6714E+01   .9999999 -.0001088  .0001534
T 6925 19 .1519206E+11   1100015E-01 -.1098E+02 -.4482E+01   .9999999 -.0002246 -.0000059
T 6926 19 .1519266E+11   1100003E-01  .3472E+01 -.1245E+01   .9999999 -.0000302 -.0000356
T 6927 19 .1519269E+11   1100016E-01  .6108E+01  .2222E+01   .9999999  .0002139 -.0000112
T 6928 19 .1519321E+11   1100004E-01  .2919E+01  .3132E+01   .9999999 -.0000169 -.0000204
T 6929 19 .1519266E+11   1100010E-01 -.5750E+00  .5568E+01   .9999999 -.0000754  .0000406
T 6930 19 .1519386E+11   1100018E-01 -.4213E+01 -.3881E+01   .9999999  .0000288 -.0000974
T 6931 19 .1519226E+11   1100021E-01  .4201E+01  .4174E+01   .9999999 -.0000114 -.0000214
T 6932 19 .1519384E+11   1100003E-01  .1824E+02 -.1696E+02   .9999999  .0001450 -.0002729
T 6933 19 .1519208E+11   1100018E-01 -.5054E+01  .4151E+00   .9999999 -.0001201  .0000399
T 6934 19 .1519273E+11   1100018E-01 -.3479E+01  .8121E+01   .9999999 -.0000613  .0000746
T 6935 19 .1519226E+11   1100005E-01  .3896E+01  .1034E+02   .9999999  .0000959  .0002890
T 6936 19 .1519320E+11   1100012E-01 -.1541E+02  .1413E+01   .9999999 -.0002464 -.0000441
T 6937 19 .1519204E+11   1100021E-01 -.5022E+01  .9902E+01   .9999999 -.0000332 -.0000158
T 6938 19 .1519339E+11   1100019E-01  .2045E+02 -.7593E+01   .9999999  .0003696 -.0002312
T 6939 19 .1519210E+11   1100013E-01  .4398E+01 -.8795E+00   .9999999  .0001065 -.0000270
T 6940 19 .1519325E+11   1100016E-01 -.6193E-01  .1847E+02   .9999997  .0001615  .0008031
T 6941 19 .1519345E+11   1100015E-01  .1128E+02 -.5857E+00   .9999999  .0001022 -.0001466
T 6942 19 .1519281E+11   1100014E-01 -.1035E+02  .1120E+02   .9999999  .0000551  .0003210
T 6943 19 .1519299E+11   1100011E-01 -.4371E+01 -.5021E+01   .9999999  .0000014 -.0000698
T 6944 19 .1519292E+11   1100007E-01  .1064E+02  .1650E+01   .9999999  .0000800 -.0000087
T 6945 19 .1519310E+11   1100000E-01  .5086E+01  .7858E+01   .9999999  .0000594  .0000058
T 6946 19 .1519272E+11   1100008E-01  .2517E+01 -.6173E+00   .9999999  .0000225 -.0000301
T 6947 19 .1519276E+11   1100021E-01 -.9490E+01 -.1722E+01   .9999999 -.0000659 -.0000528
T 6948 19 .1519214E+11   1100009E-01  .9406E+01 -.5492E+01   .9999999  .0001108 -.0000344
T 6949 19 .1519173E+11   1100010E-01  .1706E+01  .1068E+02   .9999999  .0000605  .0001685
T 6950 19 .1519401E+11   1100009E-01 -.8046E+00  .1733E+02   .9999999 -.0000577  .0001749
T 6951 19 .1519304E+11   1100000E-01  .7690E+00 -.2844E+01   .9999999 -.0000286 -.0001514
T 6952 19 .1519246E+11   1100007E-01  .3599E+00 -.2874E+01   .9999999 -.0000781 -.0001891
T 6953 19 .1519239E+11   1100022E-01 -.1109E+02  .2517E+02   .9999999 -.0001008  .0002868
T 6954 19 .1519268E+11   1100016E-01  .2674E+01 -.9911E+01   .9999999 -.0000007 -.0001712
T 6955 19 .1519287E+11   1100000E-01 -.2808E+01 -.4194E+01   .9999999 -.0000507  .0000073
T 6956 19 .1519155E+11   1100018E-01  .1300E+02 -.1643E+02   .9999999  .0001410 -.0001424
T 6957 19 .1519224E+11   1100019E-01 -.1678E+02 -.3006E+01   .9999999 -.0002110  .0000138
T 6958 19 .1519205E+11   1100016E-01 -.7392E+01  .1183E+02   .9999999 -.0000727  .0000688
T 6959 19 .1519234E+11   1100010E-01  .6044E+01 -.3644E+01   .9999999  .0001040 -.0000421
T 6960 19 .1519194E+11   1100006E-01 -.1280E+02 -.1159E+01   .9999999 -.0001442 -.0000867
T 6961 19 .1519236E+11   1100020E-01 -.2114E+02  .3104E+02   .9999999 -.0002747  .0002570
T 6962 19 .1519305E+11   1100009E-01 -.1144E+01  .2550E+02   .9999999 -.0001152  .0002481
T 6963 19 .1519303E+11   1100012E-01  .1372E+01 -.6447E+01   .9999999  .0000518  .0000852
T 6964 19 .1519305E+11   1100021E-01 -.1571E+01 -.2146E+01   .9999999 -.0001150 -.0000858
T 6965 19 .1519361E+11   1100004E-01  .2840E+01  .2118E+02   .9999999 -.0000018  .0001234
T 6966 19 .1519265E+11   1100020E-01 -.8177E+01  .2528E+01   .9999999 -.0002207  .0000934
T 6967 19 .1519364E+11   1100021E-01  .9490E+01 -.9519E+01   .9999999  .0001236 -.0001420
T 6968 19 .1519221E+11   1100018E-01 -.1072E+01 -.2184E+02   .9999999  .0000861 -.0003963
T 6969 19 .1519227E+11   1100018E-01  .1987E+01 -.9927E+00   .9999999  .0000888 -.0000058
T 6970 19 .1519317E+11   1100012E-01 -.2068E+02  .2108E+02   .9999999 -.0001741  .0002933
T 6971 19 .1519221E+11   1100018E-01 -.1456E+02 -.1355E+02   .9999999 -.0001483 -.0001310
T 6972 19 .1519180E+11   1100007E-01  .1232E+02  .1679E+02   .9999999  .0001897  .0003363
T 6973 19 .1519382E+11   1100017E-01  .1050E+02 -.6027E+01   .9999999  .0001345 -.0000970
T 6974 19 .1519386E+11   1100008E-01  .4726E+01 -.2698E+01   .9999999  .0000443 -.0000807
T 6975 19 .1519265E+11   1100007E-01 -.1334E+02 -.4908E+01   .9999999 -.0001677 -.0001537
T 6976 19 .1519288E+11   1100009E-01  .7725E+02 -.1318E+02   .9999995  .0009865  .0000053
T 6977 19 .1519220E+11   1100019E-01 -.6311E+01 -.9465E+01   .9999999 -.0002158 -.0002054
T 6978 19 .1519291E+11   1100019E-01  .2293E+01 -.6981E+00   .9999999  .0000649  .0000374
T 6979 19 .1519214E+11   1100020E-01  .1125E+02 -.2156E+02   .9999999  .0002101 -.0002275
T 6980 19 .1519449E+11   1100003E-01 -.6631E+01  .1350E+02   .9999999 -.0000530  .0001695
T 6981 19 .1519271E+11   1100000E-01 -.2923E+01 -.5437E+01   .9999999 -.0000307 -.0000393
T 6982 19 .1519200E+11   1100008E-01  .1253E+02 -.3797E+01   .9999999  .0001230  .0000809
T 6983 19 .1519349E+11   1100017E-01  .1360E+01  .6870E+01   .9999999  .0000715  .0000824
T 6984 19 .1519200E+11   1100021E-01 -.7136E+01  .2241E+01   .9999999 -.0001370  .0001428
T 6985 19 .1519300E+11   1100007E-01 -.1048E+02  .2615E+01   .9999999 -.0002351  .0001634
T 6986 19 .1519324E+11   1100018E-01  .1363E+02 -.2878E+02   .9999999  .0001758 -.0004073
T 6987 19 .1519252E+11   1100021E-01  .1192E+01 -.1788E+02   .9999999 -.0001007 -.0002922
T 6988 19 .1519302E+11   1100014E-01  .1974E+02 -.3451E+02   .9999999  .0002575 -.0004269
T 6989 19 .1519325E+11   1100019E-01 -.2458E+00  .2017E+02   .9999999  .0000427  .0001046
T 6990 19 .1519206E+11   1100021E-01  .3974E+01 -.1650E+02   .9999999 -.0000733 -.0004303
T 6991 19 .1519267E+11   1100014E-01  .3517E+01 -.1218E+02   .9999999  .0000525 -.0001047
T 6992 19 .1519237E+11   1100016E-01 -.1197E+02  .4748E+01   .9999999 -.0001678  .0000514
T 6993 19 .1519284E+11   1100010E-01  .7076E+00  .4927E+01   .9999999  .0000128 -.0000114
T 6994 19 .1519287E+11   1100000E-01 -.2941E+02  .9196E+01   .9999996 -.0007600  .0005142
T 6995 19 .1519353E+11   1100017E-01 -.2980E+01  .4558E-01   .9999999 -.0000687 -.0000434
T 6996 19 .1519221E+11   1100008E-01 -.3486E+01 -.5403E+01   .9999999  .0000403 -.0000269
T 6997 19 .1519165E+11   1100003E-01  .2056E+01 -.1230E+02   .9999999 -.0000018 -.0001521
T 6998 19 .1519195E+11   1100002E-01 -.8085E+01 -.8531E+01   .9999999 -.0000747 -.0000781
T 6999 19 .1519106E+11   1100017E-01 -.1415E+02 -.1020E+02   .9999999 -.0002113 -.0001476
T 7000 19 .1519393E+11   1100015E-01 -.6305E+01  .6252E+01   .9999999 -.0001709  .0001447
T 7001 19 .1519246E+11   1100011E-01 -.7806E+01 -.5601E+01   .9999999 -.0000307 -.0000651
T 7002 19 .1519417E+11   1100007E-01  .8386E+01  .3199E+01   .9999999  .0001116  .0000669
T 7003 19 .1519239E+11   1100011E-01 -.2009E+02 -.2229E+02   .9999999 -.0002347 -.0003177
T 7004 19 .1519252E+11   1100005E-01 -.4193E+01  .1143E+02   .9999999  .0000131  .0002275
T 7005 19 .1519233E+11   1100011E-01 -.7141E+01  .1887E+01   .9999999 -.0001165 -.0000599
T 7006 19 .1519190E+11   1100017E-01  .3139E+01  .1851E-01   .9999999  .0000217 -.0000537
T 7007 19 .1519167E+11   1100021E-01 -.5617E+00 -.9942E+01   .9999999  .0000294 -.0001895
T 7008 19 .1519244E+11   1100014E-01  .2280E+02  .7594E+01   .9999999  .0003603  .0001706
T 7009 19 .1519365E+11   1100007E-01  .4558E+01 -.1889E+01   .9999999  .0000481  .0000764
T 7010 19 .1519249E+11   1100006E-01 -.8896E+01  .1143E-01   .9999999 -.0000581 -.0000059
T 7011 19 .1519180E+11   1100003E-01 -.8084E+01 -.1540E+02   .9999995 -.0004969 -.0008089
T 7012 19 .1519285E+11   1100011E-01 -.6915E+00 -.7189E+01   .9999999  .0000208  .0001479
T 7013 19 .1519398E+11   1100005E-01  .3220E+01 -.2488E+01   .9999999  .0000308 -.0000620
T 7014 19 .1519356E+11   1100021E-01  .8380E+01 -.3643E+01   .9999999  .0001864 -.0000427
T 7015 19 .1519355E+11   1100012E-01 -.2222E+01 -.7201E+00   .9999999 -.0000717  .0000060
T 7016 19 .1519325E+11   1100011E-01 -.2068E+02 -.1878E+01   .9999998 -.0005847  .0000026
T 7017 19 .1519243E+11   1100010E-01 -.7392E+01  .3445E+01   .9999999 -.0001651  .0000518
T 7018 19 .1519224E+11   1100020E-01 -.2115E+01  .4586E+01   .9999999 -.0000066 -.0000099
T 7019 19 .1519228E+11   1100015E-01  .2918E+01 -.1605E+02   .9999999  .0000102 -.0001905
T 7020 19 .1519277E+11   1100022E-01  .4810E+01 -.2300E+02   .9999999 -.0000609 -.0001019
T 7021 19 .1519242E+11   1100016E-01  .1163E+02 -.6785E+01   .9999999  .0001290 -.0001038
T 7022 19 .1519490E+11   1100022E-01  .6207E+01  .2030E+02   .9999999  .0000312  .0002731
T 7023 19 .1519335E+11   1100005E-01  .2236E+01 -.5110E+01   .9999999 -.0000285 -.0002352
T 7024 19 .1519203E+11   1100001E-01 -.4340E+01 -.2158E+00   .9999999 -.0000934  .0000760
T 7025 19 .1519202E+11   1100012E-01 -.3537E+01 -.1444E+01   .9999999 -.0001035 -.0001169
T 7026 19 .1519181E+11   1100021E-01 -.8604E+01 -.1215E+02   .9999999 -.0002514 -.0001937
T 7027 19 .1519281E+11   1100014E-01 -.1474E+02 -.1543E+02   .9999999 -.0000904 -.0003083
T 7028 19 .1519124E+11   1100002E-01 -.1597E+01 -.1269E+02   .9999999  .0000158 -.0000591
T 7029 19 .1519380E+11   1100011E-01  .1025E+02  .1310E+02   .9999999  .0001805  .0002198
T 7030 19 .1519258E+11   1100009E-01 -.1049E+02  .1401E+02   .9999999 -.0001959  .0001579
T 7031 19 .1519299E+11   1100018E-01 -.9206E+01  .3736E+01   .9999999 -.0001194 -.0000040
T 7032 19 .1519276E+11   1100020E-01  .6470E+01 -.4931E+01   .9999999  .0001404 -.0001127
T 7033 19 .1519346E+11   1100016E-01  .2399E+00  .4403E+01   .9999999 -.0000665  .0001163
T 7034 19 .1518948E+11   1100012E-01  .3958E+01 -.1405E+01   .9999999  .0000167  .0000148
T 7035 19 .1519269E+11   1100010E-01  .1621E+02 -.7991E+01   .9999999  .0003889 -.0001697
T 7036 19 .1519127E+11   1100000E-01 -.8734E+00 -.6424E+01   .9999999 -.0000558 -.0000727
T 7037 19 .1519192E+11   1100020E-01  .5174E+01  .1168E+02   .9999999 -.0000922  .0000663
T 7038 19 .1519256E+11   1100012E-01 -.1023E+02  .1109E+02   .9999999 -.0001260  .0001711
T 7039 19 .1519118E+11   1100001E-01  .3834E+01  .7416E+01   .9999999  .0000091 -.0000416
T 7040 19 .1519233E+11   1100020E-01 -.3039E+01 -.2432E+01   .9999999 -.0000149 -.0000113
T 7041 19 .1519194E+11   1100001E-01  .1352E+02 -.5109E+01   .9999999  .0002379 -.0000703
T 7042 19 .1519232E+11   1100021E-01  .5935E+01  .1769E+02   .9999999  .0001131  .0001954
T 7043 19 .1519141E+11   1100007E-01 -.1016E+02 -.7243E+01   .9999999 -.0001247 -.0000704
T 7044 19 .1519250E+11   1100007E-01  .3289E+02  .1462E+02   .9999999  .0003040  .0001548
T 7045 19 .1519175E+11   1100018E-01  .3466E+01 -.1032E+02   .9999999  .0001324 -.0001324
T 7046 19 .1519296E+11   1100003E-01 -.2455E+02  .1076E+02   .9999999 -.0001518  .0000486
T 7047 19 .1519244E+11   1100000E-01  .2283E+01 -.1502E+02   .9999999  .0000793 -.0002992
T 7048 19 .1519293E+11   1100018E-01 -.1138E+02  .1580E+02   .9999999 -.0001241 -.0000279
T 7049 19 .1519306E+11   1100022E-01 -.5958E+00 -.3351E+01   .9999999  .0001101 -.0001126
T 7050 19 .1519159E+11   1100020E-01 -.3790E+01  .2126E+01   .9999999 -.0000651 -.0000083
T 7051 19 .1519152E+11   1100017E-01 -.1212E+02  .2603E+02   .9999998 -.0001608  .0005294
T 7052 19 .1519417E+11   1100002E-01 -.3099E+01 -.7008E+01   .9999999 -.0000641  .0000193
T 7053 19 .1519136E+11   1100000E-01  .4390E+01  .1152E+01   .9999999  .0000457 -.0001515
T 7054 19 .1519259E+11   1100001E-01  .1565E+01  .4004E+01   .9999999  .0000518 -.0000322
T 7055 19 .1519212E+11   1100013E-01 -.2467E+01 -.6212E+01   .9999999 -.0001097 -.0000857
T 7056 19 .1519380E+11   1100014E-01  .6306E+01 -.8713E+01   .9999999  .0001591 -.0000875
T 7057 19 .1519302E+11   1100023E-01  .1279E+02 -.2074E+01   .9999999  .0001142 -.0001636
T 7058 19 .1519158E+11   1100018E-01  .8011E+01  .1805E+01   .9999999  .0000672 -.0000653
T 7059 19 .1519290E+11   1100012E-01 -.7906E+01 -.4905E+01   .9999999 -.0000651 -.0001282
T 7060 19 .1519310E+11   1100016E-01 -.7497E+01 -.8025E+01   .9999999 -.0001100 -.0001801
T 7061 19 .1519311E+11   1100016E-01  .5858E+01  .3067E+01   .9999999  .0000992  .0000780
T 7062 19 .1519193E+11   1100013E-01 -.2228E+02  .9397E+01   .9999999 -.0002845  .0000465
T 7063 19 .1519311E+11   1100015E-01  .1143E+02  .9558E+00   .9999999  .0000526  .0000622
T 7064 19 .1519288E+11   1100007E-01 -.4963E+00 -.6665E+02   .9999997 -.0001043 -.0008233
T 7065 19 .1519235E+11   1100000E-01 -.2486E+02  .6297E+01   .9999999 -.0002437  .0001118
T 7066 19 .1519332E+11   1100002E-01 -.7791E+01 -.1269E+02   .9999999 -.0001582 -.0002973
T 7067 19 .1519057E+11   1100020E-01  .1738E+01  .1687E+02   .9999999 -.0000243  .0001982
T 7068 19 .1519298E+11   1100002E-01  .2828E+01  .1273E+02   .9999999  .0001682  .0003068
T 7069 19 .1519292E+11   1100022E-01  .1711E+01 -.3584E+01   .9999999 -.0001185  .0001259
T 7070 19 .1519304E+11   1100001E-01  .1030E+02 -.7473E+01   .9999999  .0000745 -.0001759
T 7071 19 .1519332E+11   1100004E-01  .9713E+01  .8111E+01   .9999999  .0000702  .0000681
T 7072 19 .1519269E+11   1100009E-01 -.7792E+01 -.3369E+01   .9999999 -.0001539  .0000797
T 7073 19 .1519092E+11   1100022E-01 -.9775E+00  .4094E+01   .9999999  .0001348  .0000767
T 7074 19 .1519189E+11   1100018E-01  .3765E+01 -.4835E+01   .9999999  .0001056 -.0000876
T 7075 19 .1519346E+11   1100020E-01 -.1287E+02  .2978E+01   .9999999 -.0002634  .0000308
T 7076 19 .1519420E+11   1100016E-01 -.1611E+02  .8342E+01   .9999999 -.0001865  .0000307
T 7077 19 .1519213E+11   1100002E-01 -.3144E+01  .1937E+01   .9999999 -.0001555  .0000110
T 7078 19 .1519398E+11   1100019E-01 -.1985E+01 -.3923E+01   .9999999  .0000863  .0000482
T 7079 19 .1519358E+11   1100019E-01 -.3860E+00  .3698E+01   .9999999 -.0000123  .0000314
T 7080 19 .1519364E+11   1100011E-01 -.2381E+02  .2537E+02   .9999999 -.0001843  .0002509
T 7081 19 .1519446E+11   1100009E-01 -.2952E+01  .4969E+01   .9999999 -.0001545  .0000407
T 7082 19 .1519222E+11   1100018E-01  .1154E+03  .1032E+03   .9999989  .0010384  .0010998
T 7083 19 .1519304E+11   1100003E-01 -.3277E+01  .1178E+02   .9999999  .0000216  .0001907
T 7084 19 .1519187E+11   1100013E-01 -.9808E+01 -.3227E+01   .9999999 -.0004118 -.0001088
T 7085 19 .1519088E+11   1100009E-01  .1596E+02 -.5896E+00   .9999999  .0002078 -.0000939
T 7086 19 .1519221E+11   1100011E-01  .1693E+02 -.4811E+01   .9999999  .0002541 -.0000589
T 7087 19 .1519331E+11   1100009E-01  .1026E+02 -.2788E+02   .9999999  .0000537 -.0004140
T 7088 19 .1519127E+11   1100020E-01  .9760E+01 -.1296E+01   .9999999  .0001134 -.0000337
T 7089 19 .1519348E+11   1100023E-01  .4708E+01  .1712E+02   .9999999  .0000783  .0003025
T 7090 19 .1519271E+11   1100017E-01  .1552E+02 -.4686E+01   .9999999  .0001927 -.0000496
T 7091 19 .1519096E+11   1100012E-01  .6634E+01 -.2432E+01   .9999999  .0000907 -.0001300
T 7092 19 .1519207E+11   1100002E-01 -.4165E+01  .3729E+02   .9999999 -.0001003  .0004261
T 7093 19 .1519202E+11   1100010E-01 -.4651E+01 -.4151E+01   .9999999 -.0000666 -.0000762
T 7094 19 .1519298E+11   1100016E-01 -.1739E+01 -.1626E+02   .9999999  .0000129 -.0002287
T 7095 19 .1519223E+11   1100023E-01  .1103E+02  .7560E+01   .9999999  .0001360  .0001203
T 7096 19 .1519134E+11   1100014E-01 -.3992E+02 -.2878E+02   .9999999 -.0004728 -.0002024
T 7097 19 .1519302E+11   1100014E-01 -.1109E+02 -.3042E+02   .9999999 -.0001165 -.0001333
T 7098 19 .1519194E+11   1100005E-01  .8056E+01  .2874E+01   .9999999  .0001351  .0001415
T 7099 19 .1519253E+11   1100013E-01  .9764E+01 -.1158E+01   .9999999  .0001310 -.0000254
T 7100 19 .1519315E+11   1100011E-01 -.7861E+01  .6263E+01   .9999999 -.0001538  .0001997
T 7101 19 .1519189E+11   1100004E-01 -.2498E+02 -.5018E+01   .9999999 -.0003287 -.0001892
T 7102 19 .1519273E+11   1100003E-01  .9895E+01  .1611E+02   .9999999  .0000829  .0003331
T 7103 19 .1519242E+11   1100015E-01 -.4643E+01 -.3301E+01   .9999999 -.0000360 -.0001618
T 7104 19 .1519349E+11   1100013E-01 -.5595E+01 -.1194E+01   .9999999 -.0001933  .0000255
T 7105 19 .1519072E+11   1100006E-01 -.1274E+02 -.6249E+01   .9999999 -.0000854 -.0001190
T 7106 19 .1519221E+11   1100010E-01  .1582E+01  .4282E+01   .9999999 -.0000437  .0000351
T 7107 19 .1519310E+11   1100006E-01  .4520E+01  .2707E+01   .9999999  .0000478  .0000822
T 7108 19 .1519300E+11   1100007E-01  .1247E+01  .3351E+02   .9999999  .0000551  .0004083
T 7109 19 .1519249E+11   1100021E-01 -.4960E+01  .4661E+00   .9999999 -.0000610  .0000848
T 7110 19 .1519287E+11   1100014E-01 -.2903E+01  .1062E+02   .9999999 -.0000784  .0000112
T 7111 19 .1519240E+11   1100022E-01  .8272E+01 -.2107E+01   .9999999  .0001822 -.0000084
T 7112 19 .1519329E+11   1100021E-01 -.1278E+02  .1677E+02   .9999999 -.0002886  .0002668
T 7113 19 .1519241E+11   1100001E-01 -.1105E+02 -.8557E+01   .9999999 -.0001103 -.0000761
T 7114 19 .1519223E+11   1100011E-01 -.1297E+01  .1966E+00   .9999999  .0000233  .0001872
T 7115 19 .1519322E+11   1100007E-01  .1163E+02 -.3626E+01   .9999999  .0003514 -.0000322
T 7116 19 .1519237E+11   1100006E-01  .3022E+01 -.2164E+02   .9999999  .0000421 -.0002905
T 7117 19 .1519225E+11   1100009E-01 -.3862E+01  .8896E+00   .9999999 -.0001033  .0000726
T 7118 19 .1519292E+11   1100013E-01 -.5538E+01  .8176E+01   .9999999 -.0000687  .0001021
T 7119 19 .1519187E+11   1100014E-01  .5614E+01  .1100E+02   .9999998  .0000464  .0006638
T 7120 19 .1519360E+11   1100018E-01 -.5828E+01  .1148E+02   .9999999 -.0001264  .0003002
T 7121 19 .1519328E+11   1100017E-01 -.4030E+01  .9589E+01   .9999999 -.0000991  .0001728
T 7122 19 .1519298E+11   1100003E-01 -.1616E+01  .4192E+02   .9999996  .0000119  .0008377
T 7123 19 .1519213E+11   1100021E-01 -.9850E+01 -.1133E+02   .9999999 -.0002516 -.0000685
T 7124 19 .1519205E+11   1100001E-01 -.1501E+02 -.5508E+01   .9999999 -.0003167 -.0000668
T 7125 19 .1519269E+11   1100019E-01 -.5932E+00 -.1298E+02   .9999999  .0000174 -.0002040
T 7126 19 .1519251E+11   1100001E-01 -.2246E+00 -.6899E+01   .9999999  .0000128 -.0000662
T 7127 19 .1519312E+11   1100017E-01 -.1789E+02 -.1208E+02   .9999999 -.0003134 -.0001337
T 7128 19 .1519289E+11   1100019E-01 -.3454E+01  .4464E+01   .9999999 -.0000173  .0001888
T 7129 19 .1519202E+11   1100001E-01  .4205E+01  .4439E+00   .9999999 -.0000342 -.0000661
T 7130 19 .1519216E+11   1100021E-01  .1162E+02 -.8384E+01   .9999999  .0000498 -.0000335
T 7131 19 .1519234E+11   1100013E-01  .1207E+02  .7885E+01   .9999999  .0001403  .0002000
T 7132 19 .1519302E+11   1100002E-01 -.9094E+01 -.3225E+01   .9999999 -.0000850 -.0000813
T 7133 19 .1519246E+11   1100018E-01 -.1137E+02 -.5206E+01   .9999998 -.0006471  .0001887
T 7134 19 .1519178E+11   1100022E-01  .1178E+02  .1249E+02   .9999999  .0001584  .0001866
T 7135 19 .1519304E+11   1100014E-01 -.3442E+01  .1387E+01   .9999999 -.0001487  .0000994
T 7136 19 .1519368E+11   1100002E-01  .1874E+02  .6119E+01   .9999999  .0002032  .0001283
T 7137 19 .1519219E+11   1100006E-01  .6077E+00 -.1677E+01   .9999999 -.0000403 -.0001612
T 7138 19 .1519271E+11   1100004E-01  .3900E+02  .1997E+01   .9999999  .0003937  .0000110
T 7139 19 .1519293E+11   1100021E-01  .3471E+01 -.1382E+02   .9999999  .0001099 -.0003124
T 7140 19 .1519322E+11   1100014E-01 -.1563E+01  .2577E+02   .9999999 -.0000212  .0003697
T 7141 19 .1519238E+11   1100019E-01 -.3601E+01  .8774E+01   .9999999 -.0001824  .0001003
T 7142 19 .1519357E+11   1100005E-01 -.7364E+01  .8438E+01   .9999999 -.0000781  .0001885
T 7143 19 .1519188E+11   1100021E-01  .9937E+00 -.1723E+01   .9999999  .0000217 -.0000170
T 7144 19 .1519283E+11   1100006E-01  .4015E+01 -.1212E+01   .9999999  .0000692  .0000307
T 7145 19 .1519256E+11   1100016E-01 -.1300E+02  .1993E+01   .9999999 -.0001820 -.0000551
T 7146 19 .1519399E+11   1100006E-01 -.1733E+01  .6669E+01   .9999999  .0000184  .0000809
T 7147 19 .1519416E+11   1100017E-01 -.4512E+01  .6118E+01   .9999999 -.0000320  .0000014
T 7148 19 .1519253E+11   1100022E-01  .2952E+01 -.8318E+01   .9999999 -.0000249  .0000592
T 7149 19 .1519385E+11   1100019E-01  .1099E+02 -.4560E+01   .9999999  .0002013 -.0000096
T 7150 19 .1519144E+11   1100012E-01  .1247E+00 -.3482E+01   .9999999 -.0000643  .0000240
T 7151 19 .1519307E+11   1100014E-01  .1039E+02  .2356E+01   .9999999  .0001671  .0000349
T 7152 19 .1519272E+11   1100019E-01  .9670E+01  .8684E+01   .9999999  .0001748  .0002741
T 7153 19 .1519338E+11   1100001E-01  .2181E+02  .2901E+02   .9999999  .0002464  .0003179
T 7154 19 .1519236E+11   1100021E-01  .1480E+02  .3229E+01   .9999999  .0001224  .0000820
T 7155 19 .1519339E+11   1100015E-01 -.1149E+02 -.1056E+02   .9999999 -.0001794 -.0001435
T 7156 19 .1519268E+11   1100020E-01 -.6495E+01 -.1837E+02   .9999999 -.0000563 -.0003382
T 7157 19 .1519098E+11   1100010E-01 -.6522E+01  .8726E+01   .9999999 -.0002027  .0002585
T 7158 19 .1519338E+11   1100002E-01 -.5432E+00 -.8872E+01   .9999999 -.0001719 -.0001216
T 7159 19 .1519302E+11   1100013E-01 -.8518E+01 -.4767E+01   .9999999 -.0001152 -.0001120
T 7160 19 .1519265E+11   1100015E-01 -.6338E+02  .3330E+02   .9999996 -.0008010  .0004270
T 7161 19 .1519180E+11   1100016E-01  .8118E+01  .1332E+02   .9999999  .0001190  .0001553
T 7162 19 .1519220E+11   1100010E-01 -.1377E+02 -.4723E+01   .9999999 -.0003168 -.0001665
T 7163 19 .1519410E+11   1100019E-01 -.8617E+01 -.6060E+00   .9999999 -.0001101 -.0000109
T 7164 19 .1519298E+11   1100013E-01 -.2203E+01  .9063E+00   .9999999 -.0000427  .0001301
T 7165 19 .1519288E+11   1100015E-01 -.6931E+01 -.1562E+02   .9999999 -.0003655 -.0002085
T 7166 19 .1519185E+11   1100022E-01 -.1329E+02  .4769E+01   .9999999 -.0003484  .0000496
T 7167 19 .1519206E+11   1100009E-01  .2836E+01  .1048E+02   .9999999 -.0001906  .0004181
T 7168 19 .1519344E+11   1100022E-01 -.1258E+01 -.8276E+01   .9999999 -.0000549 -.0001734
T 7169 19 .1519356E+11   1100000E-01 -.1171E+01 -.4359E+01   .9999999 -.0001104  .0000074
T 7170 19 .1519269E+11   1100011E-01 -.1978E+01  .5990E+01   .9999999 -.0000731  .0001206
T 7171 19 .1519243E+11   1100022E-01  .7322E+01  .2593E+01   .9999999  .0001676  .0000594
T 7172 19 .1519125E+11   1100000E-01 -.5465E+01  .6315E+01   .9999999 -.0001110  .0000887
T 7173 19 .1519286E+11   1100005E-01 -.9941E+01  .4944E+01   .9999999 -.0001589  .0001145
T 7174 19 .1519288E+11   1100007E-01 -.9378E+00  .2645E+02   .9999999 -.0001344  .0002630
T 7175 19 .1519257E+11   1100006E-01 -.6098E+01 -.1350E+02   .9999999 -.0001123 -.0001048
T 7176 19 .1519267E+11   1100012E-01  .1231E+02  .2079E+02   .9999999  .0001713  .0003107
T 7177 19 .1519331E+11   1100013E-01 -.7389E+02  .1663E+02   .9999986 -.0016377  .0003492
T 7178 19 .1519363E+11   1100020E-01 -.4131E+01  .2001E+01   .9999999 -.0000670  .0000269
T 7179 19 .1519167E+11   1100021E-01  .4863E+01  .4037E+01   .9999999  .0001640  .0000969
T 7180 19 .1519212E+11   1100004E-01  .1701E+01  .3275E+01   .9999999  .0000557  .0000221
T 7181 19 .1519274E+11   1100014E-01 -.1394E+01 -.2468E+01   .9999999 -.0000198  .0000023
T 7182 19 .1519311E+11   1100017E-01 -.3323E+01  .6898E+01   .9999999  .0000021  .0001450
T 7183 19 .1519399E+11   1100004E-01 -.8861E+01  .1910E+01   .9999999 -.0002122 -.0000346
T 7184 19 .1519293E+11   1100016E-01  .2362E+02  .1888E+01   .9999999  .0001856  .0000720
T 7185 19 .1519216E+11   1100021E-01  .1432E+01  .3795E+00   .9999999 -.0000078  .0001158
T 7186 19 .1519168E+11   1100000E-01 -.1438E+02 -.1945E+02   .9999999 -.0002449 -.0003339
T 7187 19 .1519156E+11   1100019E-01  .5601E+01  .1054E+02   .9999999 -.0000199  .0001874
T 7188 19 .1519266E+11   1100013E-01 -.1794E+01 -.9576E+01   .9999999  .0000114 -.0001294
T 7189 19 .1519274E+11   1100023E-01  .4079E+01 -.1466E+02   .9999999 -.0000142 -.0003113
T 7190 19 .1519324E+11   1100018E-01  .5106E+01 -.3430E+02   .9999999  .0000197 -.0004117
T 7191 19 .1519130E+11   1100004E-01 -.4807E+00 -.6437E+01   .9999999  .0000275 -.0000916
T 7192 19 .1519262E+11   1100021E-01  .3350E+01 -.3127E+02   .9999999 -.0000082 -.0004434
T 7193 19 .1519150E+11   1100021E-01 -.9479E+01 -.4620E+01   .9999999 -.0001082 -.0000983
T 7194 19 .1519182E+11   1100000E-01 -.7910E+01 -.1671E+01   .9999999 -.0000850 -.0000096
T 7195 19 .1519288E+11   1100022E-01 -.4112E+01  .5658E+01   .9999999 -.0000876  .0001533
T 7196 19 .1519194E+11   1100014E-01 -.2781E+00 -.2373E+01   .9999999  .0000142 -.0000558
T 7197 19 .1519199E+11   1100013E-01  .3186E+01 -.3227E+00   .9999999  .0000915 -.0001385
T 7198 19 .1519310E+11   1100006E-01  .9567E+01  .6726E+01   .9999999  .0001158  .0001171
T 7199 19 .1519332E+11   1100013E-01  .1346E+02 -.4422E+01   .9999999  .0001750 -.0001620
T 7200 19 .1519313E+11   1100014E-01  .2002E+01  .2036E+01   .9999999  .0000158  .0000595
T 7201 19 .1519235E+11   1100015E-01 -.1561E+02 -.9418E-01   .9999999 -.0001073  .0000195
T 7202 19 .1519225E+11   1100009E-01 -.2872E+02 -.8384E+01   .9999999 -.0003064  .0000076
T 7203 19 .1519224E+11   1100003E-01  .5256E+01  .3871E+01   .9999999  .0000695  .0000868
T 7204 19 .1519269E+11   1100011E-01 -.2816E+00  .1022E+02   .9999999 -.0000163  .0001726
T 7205 19 .1519264E+11   1100003E-01 -.1642E+02  .1067E+01   .9999999 -.0001819  .0000125
T 7206 19 .1519277E+11   1100003E-01 -.6565E+01 -.7772E+01   .9999999 -.0000507 -.0001639
T 7207 19 .1519339E+11   1100001E-01 -.9417E+01  .1046E+02   .9999999 -.0001484  .0002313
T 7208 19 .1519312E+11   1100002E-01 -.7648E+01 -.5521E+01   .9999999 -.0000557 -.0001294
T 7209 19 .1519305E+11   1100008E-01  .1478E+02 -.2429E+00   .9999999  .0000948  .0001798
T 7210 19 .1519257E+11   1100021E-01  .4651E+01  .1033E+02   .9999999 -.0000463  .0001652
T 7211 19 .1519112E+11   1100008E-01 -.2953E+01  .8420E+01   .9999999 -.0001462  .0000933
T 7212 19 .1519317E+11   1100003E-01 -.1314E+02  .9418E+01   .9999999 -.0002131  .0000541
T 7213 19 .1519337E+11   1100017E-01  .6786E+01  .6631E+01   .9999999  .0000303  .0001395
T 7214 19 .1519161E+11   1100004E-01  .1092E+02  .1505E+02   .9999999  .0002174  .0001411
T 7215 19 .1519265E+11   1100009E-01  .6112E+01 -.3134E+01   .9999999  .0001192 -.0000848
T 7216 19 .1519274E+11   1100004E-01  .4427E+01  .1531E+01   .9999999 -.0000856  .0000449
T 7217 19 .1519132E+11   1100001E-01  .1954E+01  .7873E+01   .9999999  .0002067  .0002615
T 7218 19 .1519335E+11   1100003E-01 -.8761E+01  .2606E+02   .9999999 -.0002461  .0004194
T 7219 19 .1519321E+11   1100013E-01 -.1586E+01  .1199E+02   .9999999  .0000421  .0001448
T 7220 19 .1519273E+11   1100011E-01  .6504E+00  .4056E+01   .9999999  .0000400  .0000658
T 7221 19 .1519273E+11   1100002E-01 -.1982E+01  .1319E+01   .9999999 -.0000209  .0000563
T 7222 19 .1519243E+11   1100017E-01  .2661E+00  .7394E+01   .9999999  .0000337  .0000935
T 7223 19 .1519208E+11   1100018E-01  .6692E+00  .7758E+01   .9999999  .0000972  .0001071
T 7224 19 .1519274E+11   1100021E-01  .1054E+02 -.2685E+00   .9999999  .0001331  .0000029
T 7225 19 .1519271E+11   1100019E-01 -.5535E+00 -.3826E+01   .9999999 -.0001221 -.0000515
T 7226 19 .1519219E+11   1100022E-01  .1238E+02 -.5737E+01   .9999999  .0002325 -.0000855
T 7227 19 .1519249E+11   1100013E-01 -.3156E+00  .4560E+01   .9999999 -.0000016  .0000043
T 7228 19 .1519328E+11   1100021E-01 -.6167E+01  .9992E+01   .9999999 -.0001204  .0002249
T 7229 19 .1519284E+11   1100006E-01 -.4110E+01 -.1154E+02   .9999999 -.0000955 -.0001252
T 7230 19 .1519231E+11   1100009E-01 -.3992E+01  .3287E+02   .9999999 -.0000298  .0005015
T 7231 19 .1519298E+11   1100009E-01 -.1692E+02  .1083E+02   .9999999 -.0002199  .0001345
T 7232 19 .1519254E+11   1100011E-01 -.1132E+02 -.3712E+00   .9999999 -.0001262 -.0000421
T 7233 19 .1519156E+11   1100019E-01 -.4198E+01  .2459E+00   .9999999 -.0000689  .0000306
T 7234 19 .1519373E+11   1100022E-01  .6195E+01 -.3385E+01   .9999999  .0001446  .0000030
T 7235 19 .1519341E+11   1100021E-01 -.1042E+02  .1738E+01   .9999999 -.0001840  .0000520
T 7236 19 .1519268E+11   1100016E-01 -.8315E+01  .1060E+02   .9999999 -.0002035  .0001946
T 7237 19 .1519155E+11   1100015E-01 -.2194E+01  .2256E+02   .9999999 -.0000234  .0001669
T 7238 19 .1519241E+11   1100022E-01  .3682E+00 -.1581E+02   .9999999  .0000413 -.0004028
T 7239 19 .1519238E+11   1100010E-01 -.1019E+02 -.2689E+00   .9999999 -.0001931 -.0001527
T 7240 19 .1519137E+11   1100014E-01 -.1996E+02 -.3894E+01   .9999999 -.0002595  .0000348
T 7241 19 .1519213E+11   1100012E-01  .4627E+01 -.1334E+01   .9999999  .0000439 -.0000568
T 7242 19 .1519242E+11   1100008E-01  .9633E+01  .9932E+01   .9999999  .0002111  .0002657
T 7243 19 .1519177E+11   1100007E-01  .7411E+01 -.1073E+02   .9999999  .0000537 -.0001362
T 7244 19 .1519336E+11   1100014E-01  .3848E+00 -.3864E+01   .9999999 -.0000267  .0000137
T 7245 19 .1519329E+11   1100013E-01 -.2743E+02 -.1907E+02   .9999999 -.0003963 -.0002012
T 7246 19 .1519208E+11   1100008E-01 -.1385E+02  .2499E+01   .9999999 -.0002020  .0000403
T 7247 19 .1519234E+11   1100016E-01 -.1821E+02 -.9410E+00   .9999999 -.0002922 -.0001012
T 7248 19 .1519229E+11   1100019E-01  .1285E+02 -.3791E+01   .9999999  .0001539 -.0000526
T 7249 19 .1519269E+11   1100012E-01  .7466E+01  .2552E+01   .9999999  .0000942  .0000702
T 7250 19 .1519206E+11   1100018E-01  .1971E+02 -.1291E+02   .9999999  .0004384 -.0000912
T 7251 19 .1519206E+11   1100012E-01  .6728E+01  .9632E+01   .9999999  .0001360  .0001037
T 7252 19 .1519321E+11   1100011E-01 -.5920E+01  .2694E+01   .9999998  .0002871  .0005885
T 7253 19 .1519292E+11   1100013E-01  .8289E+00  .3824E+01   .9999999 -.0000383  .0000658
T 7254 19 .1519337E+11   1100021E-01  .1780E+02 -.1078E+01   .9999999  .0001248 -.0000028
T 7255 19 .1519338E+11   1100010E-01  .7472E+01  .1066E+02   .9999999  .0001147  .0001511
T 7256 19 .1519286E+11   1100022E-01  .4494E+01 -.2927E+01   .9999999  .0001672  .0000034
T 7257 19 .1519362E+11   1100023E-01 -.3434E+01  .2831E+01   .9999999 -.0000908 -.0000539
T 7258 19 .1519300E+11   1100022E-01  .3601E+01  .6166E+01   .9999999  .0001483  .0000589
T 7259 19 .1519309E+11   1100015E-01 -.1887E+02  .1218E+02   .9999999 -.0002773  .0000785
T 7260 19 .1519280E+11   1100017E-01 -.9208E+01 -.2108E+01   .9999999 -.0001139 -.0000027
T 7261 19 .1519381E+11   1100020E-01  .7840E+01  .1312E+02   .9999999  .0001129  .0001962
T 7262 19 .1519241E+11   1100022E-01  .1014E+02  .1105E+02   .9999999  .0002501  .0002139
T 7263 19 .1519211E+11   1100007E-01 -.9854E+01 -.7886E+01   .9999999 -.0001110 -.0003704
T 7264 19 .1519323E+11   1100005E-01 -.9446E+01  .1401E+02   .9999999 -.0002966  .0001198
T 7265 19 .1519176E+11   1100023E-01 -.1161E+02 -.1030E+02   .9999999 -.0001388 -.0001211
T 7266 19 .1519215E+11   1100014E-01 -.9414E+01  .3452E+01   .9999999 -.0001391  .0000398
T 7267 19 .1519298E+11   1100013E-01 -.5111E+01  .3166E+01   .9999999 -.0000774  .0000142
T 7268 19 .1519291E+11   1100011E-01  .7339E+00 -.7845E+01   .9999999  .0000023 -.0001880
T 7269 19 .1519288E+11   1100004E-01  .1675E+01 -.1422E+02   .9999999  .0000880 -.0001961
T 7270 19 .1519399E+11   1100022E-01 -.2602E+01  .3173E+01   .9999999  .0000076 -.0000430
T 7271 19 .1519334E+11   1100021E-01 -.8165E+01  .1154E+02   .9999999 -.0001283  .0001449
T 7272 19 .1519260E+11   1100006E-01  .1538E+02 -.4795E+01   .9999999  .0001336 -.0000814
T 7273 19 .1519209E+11   1100011E-01 -.1956E+02  .3859E+02   .9999998 -.0002577  .0006115
T 7274 19 .1519341E+11   1100020E-01 -.3355E+01 -.6589E+00   .9999999 -.0001100 -.0000020
T 7275 19 .1519281E+11   1100004E-01  .6647E+01  .3561E+02   .9999999  .0000368  .0005167
T 7276 19 .1519276E+11   1100000E-01  .7769E+01  .7415E+01   .9999999  .0000185  .0000689
T 7277 19 .1519326E+11   1100014E-01 -.5827E+01 -.1250E+01   .9999999 -.0000875 -.0000744
T 7278 19 .1519356E+11   1100013E-01 -.7550E+01  .1903E+01   .9999999 -.0001212  .0000016
T 7279 19 .1519345E+11   1100014E-01  .9902E+01 -.3701E+01   .9999999  .0001798 -.0001462
T 7280 19 .1519291E+11   1100008E-01 -.8605E+01 -.3751E+01   .9999999 -.0001280 -.0000175
T 7281 19 .1519280E+11   1100008E-01  .9492E+01  .1250E+02   .9999999  .0003128  .0003287
T 7282 19 .1519193E+11   1100010E-01 -.1047E+02 -.1424E+01   .9999999 -.0002616 -.0000767
T 7283 19 .1519235E+11   1100016E-01 -.1547E+02 -.1919E+02   .9999999 -.0001484 -.0002318
T 7284 19 .1519351E+11   1100018E-01 -.6822E+01  .2364E+01   .9999999 -.0000240 -.0000501
T 7285 19 .1519255E+11   1100003E-01 -.9594E+00 -.2304E+01   .9999999 -.0001066 -.0000372
T 7286 19 .1519296E+11   1100003E-01  .5420E+01  .1922E+01   .9999999  .0000231  .0001015
T 7287 19 .1519388E+11   1100017E-01 -.8494E+01  .2179E+01   .9999999 -.0001087  .0000336
T 7288 19 .1519320E+11   1100009E-01  .2209E+01  .9823E+00   .9999999 -.0000309 -.0000219
T 7289 19 .1519155E+11   1100002E-01 -.3402E+01 -.2686E+01   .9999999 -.0000013  .0000723
T 7290 19 .1519354E+11   1100017E-01 -.6102E+01 -.7854E+01   .9999999 -.0000826 -.0000409
T 7291 19 .1519381E+11   1100014E-01  .9962E+01 -.3330E+01   .9999999  .0001859 -.0000587
T 7292 19 .1519333E+11   1100016E-01  .1261E+01  .1112E+02   .9999999 -.0001845  .0002112
T 7293 19 .1519201E+11   1100023E-01 -.2565E+01 -.1105E+02   .9999999 -.0001123 -.0000466
T 7294 19 .1519135E+11   1100018E-01  .1180E+01  .5593E+01   .9999999  .0000666 -.0000728
T 7295 19 .1519208E+11   1100010E-01 -.5687E+01  .1038E+02   .9999999 -.0000857  .0003012
T 7296 19 .1519319E+11   1100014E-01  .1168E+02 -.1058E+02   .9999999  .0001356 -.0002013
T 7297 19 .1519194E+11   1100011E-01 -.9240E+01  .7369E+01   .9999999 -.0000614  .0001050
T 7298 19 .1519273E+11   1100008E-01  .7356E+00 -.7118E+01   .9999999 -.0000157 -.0002299
T 7299 19 .1519368E+11   1100019E-01  .8802E+01 -.2392E+01   .9999999  .0001034  .0000615
T 7300 19 .1519303E+11   1100004E-01 -.4941E+01  .7809E+00   .9999999 -.0000718  .0000331
T 7301 19 .1519163E+11   1100011E-01 -.3245E+00 -.1166E+01   .9999999 -.0000272  .0001215
T 7302 19 .1519207E+11   1100008E-01 -.6895E+01 -.6906E+01   .9999999 -.0001981  .0000328
T 7303 19 .1519270E+11   1100021E-01 -.2868E+01 -.1883E+01   .9999999 -.0000329 -.0000091
T 7304 19 .1519239E+11   1100002E-01 -.1073E+02 -.6991E+01   .9999999 -.0001414 -.0001894
T 7305 19 .1519254E+11   1100022E-01  .2712E+01  .7866E+01   .9999999 -.0000022  .0000229
T 7306 19 .1519342E+11   1100001E-01  .2151E+00  .1414E+01   .9999999  .0001093 -.0000236
T 7307 19 .1519381E+11   1100007E-01 -.1983E+01  .2048E+00   .9999999 -.0000732  .0000719
T 7308 19 .1519262E+11   1100001E-01 -.1534E+02  .3601E+01   .9999999 -.0002718  .0000232
T 7309 19 .1519236E+11   1100012E-01  .9226E+01  .7433E+01   .9999999  .0000688  .0001831
T 7310 19 .1519243E+11   1100010E-01 -.1278E+02 -.6033E+01   .9999999 -.0001352 -.0001810
T 7311 19 .1519244E+11   1100022E-01 -.4003E+01 -.8922E+00   .9999999 -.0000788 -.0000338
T 7312 19 .1519330E+11   1100018E-01  .9898E+01 -.5198E+01   .9999999  .0000425 -.0000363
T 7313 19 .1519100E+11   1100007E-01 -.7962E+01  .9267E+00   .9999999 -.0001399  .0000180
T 7314 19 .1519190E+11   1100003E-01 -.2440E+01 -.9948E+00   .9999999 -.0003506 -.0000788
T 7315 19 .1519206E+11   1100008E-01 -.1795E+02 -.1653E+02   .9999999 -.0001631 -.0002197
T 7316 19 .1519269E+11   1100010E-01 -.3426E+00 -.4515E+01   .9999999 -.0000203 -.0000539
T 7317 19 .1519223E+11   1100011E-01 -.3850E+02  .5168E+02   .9999996 -.0005424  .0007778
T 7318 19 .1519342E+11   1100021E-01 -.1452E+02 -.1478E+01   .9999999 -.0001841 -.0001837
T 7319 19 .1519215E+11   1100003E-01 -.6328E+01  .3700E+01   .9999999 -.0001513  .0000915
T 7320 19 .1519226E+11   1100019E-01  .1864E+01 -.1625E+01   .9999999 -.0000418 -.0000833
T 7321 19 .1519280E+11   1100012E-01  .6056E+01  .8976E+01   .9999999  .0000863  .0001226
T 7322 19 .1519198E+11   1100018E-01 -.1479E+02 -.1101E+01   .9999999 -.0002860  .0000698
T 7323 19 .1519294E+11   1100023E-01  .4097E+01  .1101E+02   .9999999  .0001642  .0001566
T 7324 19 .1519215E+11   1100014E-01  .1147E+02 -.2165E+01   .9999999  .0001210  .0000728
T 7325 19 .1519287E+11   1100003E-01 -.1062E+02  .1620E+02   .9999999 -.0000558  .0001564
T 7326 19 .1519321E+11   1100005E-01  .1069E+02 -.4455E+01   .9999999  .0000829 -.0001893
T 7327 19 .1519465E+11   1100012E-01 -.7726E+01  .3695E+01   .9999999  .0000452  .0001845
T 7328 19 .1519301E+11   1100012E-01 -.7643E+00  .1940E+02   .9999999  .0000309  .0002907
T 7329 19 .1519279E+11   1100010E-01  .1556E+01  .1289E+02   .9999999 -.0000056  .0001566
T 7330 19 .1519390E+11   1100015E-01 -.4427E+01  .3754E+01   .9999999  .0000134  .0001630
T 7331 19 .1519318E+11   1100000E-01  .9843E+01  .3152E+02   .9999999  .0001099  .0005197
T 7332 19 .1519331E+11   1100010E-01 -.8603E+01  .9921E+01   .9999999 -.0001210 -.0000024
T 7333 19 .1519215E+11   1100005E-01  .1509E+02 -.2481E+01   .9999999  .0002486 -.0000215
T 7334 19 .1519374E+11   1100011E-01  .1043E+02 -.8653E+01   .9999999  .0000694 -.0002597
T 7335 19 .1519369E+11   1100018E-01 -.2107E+01 -.4218E+01   .9999999 -.0001339 -.0001547
T 7336 19 .1519291E+11   1100001E-01  .9116E+01  .3509E+01   .9999999  .0000997  .0000405
T 7337 19 .1519265E+11   1100009E-01  .2247E+01 -.1226E+02   .9999999 -.0001162 -.0001853
T 7338 19 .1519343E+11   1100022E-01  .1387E+02 -.5876E+01   .9999999  .0002690 -.0001649
T 7339 19 .1519220E+11   1100008E-01  .6810E+00 -.6502E+01   .9999999 -.0000963 -.0000809
T 7340 19 .1519236E+11   1100016E-01 -.6464E+01 -.3145E+01   .9999999 -.0001194  .0000965
T 7341 19 .1519260E+11   1100021E-01 -.1595E+02  .1503E+02   .9999999 -.0002092  .0001390
T 7342 19 .1519283E+11   1100022E-01 -.5811E+01  .7087E+01   .9999999 -.0000794  .0001211
T 7343 19 .1519322E+11   1100001E-01 -.7874E+01 -.1533E+01   .9999999 -.0001565 -.0000081
T 7344 19 .1519382E+11   1100019E-01  .1485E+02 -.1228E+02   .9999999  .0002168 -.0002965
T 7345 19 .1519293E+11   1100002E-01 -.5453E+01  .9004E+00   .9999999 -.0000746 -.0000261
T 7346 19 .1519341E+11   1100009E-01  .1512E+02 -.4415E+00   .9999999  .0003076  .0000984
T 7347 19 .1519427E+11   1100021E-01 -.1448E+02  .7070E+01   .9999999 -.0001322  .0002464
T 7348 19 .1519153E+11   1100014E-01 -.1054E+02  .1093E+02   .9999999 -.0002592  .0001783
T 7349 19 .1519356E+11   1100022E-01 -.8373E+01  .4959E+00   .9999999  .0003132 -.0000002
T 7350 19 .1519380E+11   1100003E-01 -.1084E+02  .1440E+02   .9999999 -.0001560  .0001187
T 7351 19 .1519365E+11   1100009E-01 -.1054E+01 -.3823E+01   .9999999 -.0001080  .0001644
T 7352 19 .1519211E+11   1100005E-01  .4041E+01 -.9336E+01   .9999999  .0000528 -.0001437
T 7353 19 .1519092E+11   1100003E-01  .1073E+02  .4032E+01   .9999999  .0001065  .0001368
T 7354 19 .1519141E+11   1100012E-01 -.1029E+02 -.8174E+01   .9999999 -.0001251 -.0001572
T 7355 19 .1519253E+11   1100004E-01  .2736E+00 -.5285E+01   .9999999  .0001827 -.0001666
T 7356 19 .1519286E+11   1100013E-01 -.8463E+01  .8829E+00   .9999999 -.0001039  .0000409
T 7357 19 .1519298E+11   1100011E-01 -.1891E+02  .4770E+01   .9999999 -.0002287 -.0000868
T 7358 19 .1519267E+11   1100022E-01  .2321E+01 -.9631E+01   .9999999  .0000173 -.0001004
T 7359 19 .1519172E+11   1100007E-01  .4493E+01 -.1133E+01   .9999999  .0000423 -.0000575
T 7360 19 .1519079E+11   1100023E-01 -.1310E+02  .3772E+01   .9999999 -.0001365 -.0000023
T 7361 19 .1519435E+11   1100011E-01 -.9588E+01  .6791E+01   .9999999 -.0001862  .0001752
T 7362 19 .1519318E+11   1100016E-01 -.1698E+01  .1650E+02   .9999999 -.0001249  .0000869
T 7363 19 .1519176E+11   1100001E-01 -.4646E+01  .9051E+01   .9999999 -.0000697  .0000967
T 7364 19 .1519225E+11   1100011E-01  .1562E+02 -.1404E+02   .9999999  .0001879 -.0002179
T 7365 19 .1519226E+11   1100018E-01 -.3165E+01  .5800E+01   .9999999  .0000132  .0000433
T 7366 19 .1519196E+11   1100004E-01 -.1188E+02 -.8720E+01   .9999999 -.0001530 -.0001356
T 7367 19 .1519297E+11   1100022E-01  .2635E+02  .3700E+02   .9999999  .0002241  .0003887
T 7368 19 .1519424E+11   1100001E-01 -.4864E+00  .5858E+01   .9999999  .0000952  .0001735
T 7369 19 .1519155E+11   1100009E-01 -.6917E+01 -.3513E+01   .9999999 -.0001351  .0000095
T 7370 19 .1519153E+11   1100023E-01 -.2038E+01  .6765E+01   .9999999 -.0000101  .0001002
T 7371 19 .1519222E+11   1100006E-01 -.4697E+01  .1063E+02   .9999999 -.0001584  .0001594
T 7372 19 .1519274E+11   1100017E-01  .2527E+02  .1098E+02   .9999999  .0003931  .0002098
T 7373 19 .1519252E+11   1100020E-01 -.4406E+01 -.1594E+01   .9999999 -.0002059  .0000060
T 7374 19 .1519281E+11   1100004E-01  .6715E+01 -.1115E+02   .9999999 -.0001113 -.0001957
T 7375 19 .1519227E+11   1100009E-01  .2608E+01  .4371E+01   .9999999 -.0000067 -.0000413
T 7376 19 .1519325E+11   1100020E-01  .4867E+00  .5692E+01   .9999999  .0002351  .0001181
T 7377 19 .1519214E+11   1100004E-01  .2478E+00  .7236E+01   .9999999  .0000181  .0000643
T 7378 19 .1519179E+11   1100000E-01  .2154E+02 -.5516E+00   .9999999  .0002917 -.0001610
T 7379 19 .1519203E+11   1100022E-01  .2134E+01 -.1984E+01   .9999999 -.0000213 -.0000334
T 7380 19 .1519161E+11   1100022E-01  .6568E+01 -.6039E+01   .9999999  .0001596 -.0001244
T 7381 19 .1519319E+11   1100021E-01 -.1213E+02  .9323E+00   .9999999 -.0001683 -.0000158
T 7382 19 .1519156E+11   1100019E-01 -.3192E+00  .1009E+02   .9999999  .0001618  .0001523
T 7383 19 .1519286E+11   1100021E-01 -.6779E+01 -.1881E+02   .9999999 -.0001374 -.0002355
T 7384 19 .1519195E+11   1100013E-01  .1553E+02  .1213E+02   .9999999  .0001905  .0001745
T 7385 19 .1519334E+11   1100008E-01  .2719E+02  .2336E+02   .9999999  .0003302  .0001602
T 7386 19 .1519168E+11   1100022E-01  .3989E+01 -.1263E+01   .9999999  .0000675 -.0001128
T 7387 19 .1519247E+11   1100019E-01 -.2330E+00 -.5587E+01   .9999999 -.0001638 -.0001202
T 7388 19 .1519258E+11   1100012E-01  .1441E+02 -.1975E+01   .9999999  .0000143  .0000917
T 7389 19 .1519334E+11   1100005E-01  .9567E+00  .6552E+01   .9999999 -.0000015  .0001272
T 7390 19 .1519344E+11   1100005E-01 -.2938E+01  .2236E+02   .9999999 -.0001002  .0003545
T 7391 19 .1519245E+11   1100011E-01 -.2972E+01 -.9290E+01   .9999999  .0000768 -.0001885
T 7392 19 .1519318E+11   1100020E-01  .4676E+01 -.3272E+01   .9999999  .0000597 -.0000565
T 7393 19 .1519361E+11   1100008E-01 -.4837E+01  .1535E+02   .9999999 -.0001106  .0002406
T 7394 19 .1519234E+11   1100014E-01 -.3457E+01 -.1924E+01   .9999999  .0000035 -.0000498
T 7395 19 .1519242E+11   1100019E-01  .8834E+01  .1888E+01   .9999999  .0001450 -.0000106
T 7396 19 .1519122E+11   1100001E-01  .4854E+01  .3670E+01   .9999999  .0000728  .0000583
T 7397 19 .1519333E+11   1100013E-01 -.4224E+01  .1166E+02   .9999999 -.0001533  .0003183
T 7398 19 .1519171E+11   1100009E-01 -.3727E+01  .3655E+01   .9999999 -.0002033 -.0001014
T 7399 19 .1519388E+11   1100014E-01  .3790E+02 -.3099E+02   .9999997  .0005156 -.0004842
T 7400 19 .1519305E+11   1100020E-01 -.2835E+01 -.9869E+01   .9999999 -.0001504 -.0000540
T 7401 19 .1519156E+11   1100004E-01  .1648E+01 -.3073E+01   .9999999 -.0000201  .0000378
T 7402 19 .1519236E+11   1100022E-01  .2908E+01  .4754E+01   .9999999  .0000700  .0001199
T 7403 19 .1519200E+11   1100009E-01  .3793E+00 -.4628E+01   .9999999 -.0000584 -.0000094
T 7404 19 .1519147E+11   1100018E-01  .2152E+01 -.1014E+02   .9999999 -.0001954 -.0002636
T 7405 19 .1519097E+11   1100013E-01  .5121E+01  .1544E+01   .9999999  .0000213  .0001177
T 7406 19 .1519273E+11   1100007E-01  .9481E+01  .4739E+01   .9999999  .0001766  .0001413
T 7407 19 .1519136E+11   1100009E-01  .1939E+01 -.1070E+02   .9999999 -.0000001 -.0001418
T 7408 19 .1519383E+11   1100001E-01  .5693E+01 -.1879E+02   .9999999  .0000048 -.0002617
T 7409 19 .1519235E+11   1100006E-01  .6740E+01 -.3175E+01   .9999999  .0000689 -.0000289
T 7410 19 .1519285E+11   1100019E-01 -.6863E+01 -.5713E+00   .9999999 -.0000306  .0001216
T 7411 19 .1519244E+11   1100014E-01  .1098E+02 -.6239E+00   .9999999  .0001659 -.0000069
T 7412 19 .1519287E+11   1100008E-01 -.1514E+01  .9093E+01   .9999999 -.0001322  .0001176
T 7413 19 .1519159E+11   1100001E-01  .9313E+01  .7130E+01   .9999999  .0002270 -.0000507
T 7414 19 .1519217E+11   1100019E-01 -.1721E+02 -.1081E+01   .9999999 -.0001809  .0001236
T 7415 19 .1519149E+11   1100013E-01 -.4419E+00  .8148E+01   .9999999 -.0000971  .0003331
T 7416 19 .1519298E+11   1100016E-01 -.7668E+01 -.1298E+02   .9999999 -.0000783 -.0002083
T 7417 19 .1519115E+11   1100011E-01 -.6262E+01  .1762E+02   .9999999 -.0000075  .0002563
T 7418 19 .1519284E+11   1100002E-01 -.6888E+01  .1075E+02   .9999999 -.0000095  .0002295
T 7419 19 .1519284E+11   1100001E-01 -.6153E+01 -.1460E+02   .9999999 -.0000920 -.0001626
T 7420 19 .1519259E+11   1100021E-01  .1119E+02  .1837E+01   .9999999  .0002349  .0000011
T 7421 19 .1519295E+11   1100013E-01  .1080E+02 -.1217E+01   .9999999  .0001212 -.0000397
T 7422 19 .1519397E+11   1100011E-01  .4041E+01  .8491E+01   .9999999 -.0000409  .0002215
T 7423 19 .1519458E+11   1100006E-01 -.2394E-01 -.7214E+01   .9999999 -.0001450 -.0001598
T 7424 19 .1519227E+11   1100011E-01  .1441E+02  .4799E+01   .9999999  .0000293  .0000360
T 7425 19 .1519287E+11   1100016E-01  .1825E+02  .9682E+01   .9999999  .0002450  .0001357
T 7426 19 .1519304E+11   1100017E-01 -.4902E+01 -.3597E+01   .9999999 -.0000117 -.0000898
T 7427 19 .1519435E+11   1100021E-01 -.3059E+01  .5614E+01   .9999999 -.0000217  .0000524
T 7428 19 .1519307E+11   1100021E-01  .2826E+01 -.2322E+01   .9999999 -.0000687 -.0000551
T 7429 19 .1519229E+11   1100017E-01 -.2021E+02  .3989E+01   .9999999 -.0002494  .0001121
T 7430 19 .1519294E+11   1100017E-01 -.4908E+01 -.1694E+01   .9999999 -.0000468 -.0000465
T 7431 19 .1519176E+11   1100013E-01 -.9476E+01  .2525E+01   .9999999 -.0001743  .0000596
T 7432 19 .1519418E+11   1100001E-01  .8131E+01  .5415E+01   .9999999  .0001629  .0000989
T 7433 19 .1519222E+11   1100012E-01 -.4478E+01 -.1790E+01   .9999999 -.0001048  .0000162
T 7434 19 .1519121E+11   1100011E-01  .6693E+01  .7609E+01   .9999999  .0002685  .0003317
T 7435 19 .1519258E+11   1100018E-01 -.8893E+01  .1018E+02   .9999999 -.0002548  .0001723
T 7436 19 .1519267E+11   1100019E-01  .1243E+02  .4641E+01   .9999999  .0002230  .0000851
T 7437 19 .1519201E+11   1100002E-01  .1888E+02  .1921E+01   .9999999  .0003724  .0001044
T 7438 19 .1519243E+11   1100000E-01  .9845E+01  .2501E+02   .9999999  .0001160  .0003687
T 7439 19 .1519269E+11   1100020E-01  .6096E+01 -.1340E+02   .9999999  .0000411 -.0001818
T 7440 19 .1519445E+11   1100012E-01 -.8925E+01  .1381E+02   .9999999 -.0001636  .0001654
T 7441 19 .1519338E+11   1100018E-01 -.5644E+01 -.7177E+00   .9999999 -.0000223 -.0000289
T 7442 19 .1519270E+11   1100017E-01 -.1031E+02 -.4098E+01   .9999999 -.0001594 -.0000607
T 7443 19 .1519329E+11   1100004E-01  .4245E+01 -.6854E+01   .9999999  .0000475 -.0001505
T 7444 19 .1519291E+11   1100012E-01  .5161E+01  .1347E+02   .9999999  .0001721  .0001472
T 7445 19 .1519178E+11   1100002E-01  .1271E+02 -.7718E+01   .9999999  .0002780 -.0001032
T 7446 19 .1519389E+11   1100015E-01 -.1065E+02 -.9792E+01   .9999999 -.0001135 -.0000855
T 7447 19 .1519154E+11   1100006E-01  .8446E+00 -.2181E+02   .9999999  .0000082 -.0003222
T 7448 19 .1519356E+11   1100005E-01 -.4244E+01 -.1839E+01   .9999999 -.0001211 -.0001654
T 7449 19 .1519086E+11   1100014E-01  .2610E+01  .2852E+00   .9999999 -.0000486 -.0000939
T 7450 19 .1519300E+11   1100013E-01 -.1434E+02  .1446E+01   .9999999 -.0004231  .0000512
T 7451 19 .1519254E+11   1100014E-01  .1086E+02  .8306E+01   .9999999  .0000424  .0001766
T 7452 19 .1519324E+11   1100016E-01 -.3139E+01 -.2217E+00   .9999999 -.0000680  .0000725
T 7453 19 .1519343E+11   1100022E-01  .2860E+01  .6291E+01   .9999999  .0001015  .0001579
T 7454 19 .1519220E+11   1100020E-01 -.1010E+02 -.3180E+01   .9999999 -.0001895  .0000261
T 7455 19 .1519271E+11   1100018E-01  .2011E+01 -.5922E+01   .9999999  .0000606 -.0000601
T 7456 19 .1519217E+11   1100002E-01 -.5987E+01 -.1287E+01   .9999999 -.0000436 -.0001173
T 7457 19 .1519243E+11   1100012E-01 -.9693E+01  .1220E+02   .9999999 -.0001332  .0002296
T 7458 19 .1519213E+11   1100014E-01  .1825E+02 -.2098E+02   .9999999  .0003336 -.0002488
T 7459 19 .1519219E+11   1100012E-01  .3334E+00 -.3357E+01   .9999999 -.0000266 -.0000119
T 7460 19 .1519190E+11   1100019E-01  .1083E+03 -.3801E+01   .9999963  .0026858 -.0003059
T 7461 19 .1519292E+11   1100018E-01 -.4318E+01  .8556E+00   .9999999 -.0001377  .0000865
T 7462 19 .1519255E+11   1100017E-01 -.9789E+00 -.4859E+01   .9999999 -.0001112 -.0000875
T 7463 19 .1519194E+11   1100017E-01  .8275E+01 -.1008E+01   .9999999  .0002291 -.0000809
T 7464 19 .1519143E+11   1100015E-01 -.8865E+01 -.1587E+01   .9999999 -.0000153 -.0000261
T 7465 19 .1519120E+11   1100020E-01  .3141E+01 -.3528E+01   .9999999  .0001147 -.0001288
T 7466 19 .1519305E+11   1100008E-01  .2333E+01 -.9879E+01   .9999999  .0000265 -.0000394
T 7467 19 .1519167E+11   1100013E-01 -.4359E+01  .5094E+01   .9999999 -.0000722  .0000280
T 7468 19 .1519231E+11   1100022E-01  .4106E+01 -.7266E+01   .9999999  .0000224 -.0000427
T 7469 19 .1519261E+11   1100011E-01 -.1040E+02  .1235E+02   .9999999 -.0001044  .0001325
T 7470 19 .1519336E+11   1100016E-01  .8435E+01  .1105E+02   .9999999  .0001730  .0001340
T 7471 19 .1519341E+11   1100017E-01  .7200E+02  .1134E+03   .9999988  .0009054  .0012939
T 7472 19 .1519320E+11   1100015E-01 -.2860E+01 -.4906E+01   .9999999 -.0000824 -.0000738
T 7473 19 .1519348E+11   1100022E-01  .1594E+02  .9324E+01   .9999999  .0003471  .0002561
T 7474 19 .1519101E+11   1100007E-01  .4914E+01 -.2978E+01   .9999999  .0000490 -.0000759
T 7475 19 .1519251E+11   1100017E-01  .9246E+01 -.8765E+01   .9999999  .0000251 -.0000210
T 7476 19 .1518984E+11   1100018E-01 -.5518E+01  .9437E+00   .9999999  .0001494 -.0001089
T 7477 19 .1519244E+11   1100022E-01 -.2731E+02 -.1794E+02   .9999999 -.0003835 -.0002286
T 7478 19 .1519225E+11   1100007E-01  .1390E+02  .4816E+01   .9999999  .0002737  .0000586
T 7479 19 .1519283E+11   1100007E-01 -.3091E+01  .1667E+00   .9999999 -.0000143  .0000904
T 7480 19 .1519293E+11   1100016E-01  .9489E+01 -.5218E+01   .9999999  .0000086 -.0002218
T 7481 19 .1519171E+11   1100000E-01 -.2347E+02 -.1336E+02   .9999999 -.0003269 -.0002301
T 7482 19 .1519242E+11   1100004E-01 -.1034E+02  .8108E+01   .9999999 -.0002019  .0001738
T 7483 19 .1519204E+11   1100002E-01 -.1653E+02  .9226E+01   .9999999 -.0002436  .0000550
T 7484 19 .1519312E+11   1100010E-01  .4048E+01 -.6374E+01   .9999999  .0001260 -.0000770
T 7485 19 .1519204E+11   1100017E-01 -.9959E+01 -.3820E+01   .9999999 -.0000290 -.0000867
T 7486 19 .1519226E+11   1100012E-01 -.1175E+02  .1108E+01   .9999999 -.0003305 -.0000889
T 7487 19 .1519210E+11   1100012E-01 -.2039E+02  .2219E+02   .9999999 -.0002810  .0003043
T 7488 19 .1519291E+11   1100023E-01 -.5818E+01 -.1664E+01   .9999999 -.0000625  .0001911
T 7489 19 .1519334E+11   1100011E-01  .5158E+01  .1176E+02   .9999999  .0000456  .0001034
T 7490 19 .1519294E+11   1100008E-01 -.5502E+01  .5676E+01   .9999999 -.0000899  .0000251
T 7491 19 .1519351E+11   1100006E-01  .6076E+01  .2324E+01   .9999999  .0000285  .0001062
T 7492 19 .1519199E+11   1100015E-01  .9453E+01  .2318E+01   .9999999  .0001556  .0000574
T 7493 19 .1519254E+11   1100019E-01 -.3038E+01 -.8793E-01   .9999999 -.0000145  .0000506
T 7494 19 .1519223E+11   1100022E-01 -.1072E+02 -.5656E+01   .9999999 -.0000578 -.0000577
T 7495 19 .1519320E+11   1100009E-01  .5204E+01  .6988E+01   .9999999  .0000971  .0000466
T 7496 19 .1519124E+11   1100018E-01 -.3801E+01  .3942E+01   .9999999 -.0000301 -.0000240
T 7497 19 .1519286E+11   1100019E-01 -.1130E+02 -.5991E+01   .9999999 -.0001818 -.0000685
T 7498 19 .1519313E+11   1100008E-01 -.1680E+00 -.3214E+01   .9999999  .0001158  .0000156
T 7499 19 .1519234E+11   1100004E-01 -.9791E+01 -.1294E+02   .9999999 -.0001130 -.0002368
T 7500 19 .1519363E+11   1100005E-01 -.2773E+01 -.2632E+01   .9999999 -.0000711 -.0000344
T 7501 19 .1519084E+11   1100019E-01  .1006E+02  .3993E+01   .9999999  .0000709  .0000003
T 7502 19 .1519282E+11   1100010E-01  .1953E+01  .3024E+01   .9999999  .0000390 -.0000042
T 7503 19 .1519264E+11   1100017E-01 -.7887E+00  .2891E+01   .9999999 -.0001123  .0000312
T 7504 19 .1519368E+11   1100022E-01 -.5161E+00  .8319E+01   .9999999  .0000315  .0000516
T 7505 19 .1519182E+11   1100020E-01 -.4054E+01 -.3326E+01   .9999999 -.0001740 -.0001005
T 7506 19 .1519249E+11   1100000E-01 -.1618E+01 -.1007E+02   .9999999 -.0002005 -.0001383
T 7507 19 .1519367E+11   1100004E-01  .9363E+01  .5763E+01   .9999999  .0001261  .0000455
T 7508 19 .1519225E+11   1100013E-01  .6737E+01 -.8954E-01   .9999999  .0001394  .0000357
T 7509 19 .1519213E+11   1100018E-01 -.1556E+02  .9793E+01   .9999999 -.0001515  .0000650
T 7510 19 .1519366E+11   1100020E-01  .6878E+01  .2657E+02   .9999999  .0001005  .0004552
T 7511 19 .1519206E+11   1100003E-01 -.2093E+02 -.1115E+02   .9999999 -.0002752 -.0002617
T 7512 19 .1519329E+11   1100007E-01 -.3691E+01 -.4545E+00   .9999999  .0000127 -.0000789
T 7513 19 .1519223E+11   1100015E-01  .4828E+01 -.1871E+01   .9999999  .0000639 -.0001329
T 7514 19 .1519128E+11   1100001E-01 -.7566E+01  .8364E+00   .9999999 -.0000546  .0000351
T 7515 19 .1519282E+11   1100001E-01 -.4395E+01  .2637E+01   .9999999  .0000294  .0000663
T 7516 19 .1519250E+11   1100007E-01 -.1434E+01 -.7874E+01   .9999999 -.0000167 -.0001513
T 7517 19 .1519192E+11   1100009E-01  .1139E+01 -.2157E+01   .9999999  .0000511  .0000016
T 7518 19 .1519233E+11   1100018E-01 -.1299E+01 -.6004E+01   .9999999  .0000308 -.0000595
T 7519 19 .1519281E+11   1100013E-01 -.1606E+01 -.4300E+01   .9999999  .0000383 -.0000628
T 7520 19 .1519308E+11   1100012E-01 -.2594E+02 -.6185E+01   .9999997 -.0007447  .0000200
T 7521 19 .1519296E+11   1100005E-01  .5308E+01 -.5623E+01   .9999999  .0001024 -.0001164
T 7522 19 .1519249E+11   1100001E-01 -.3365E+01  .1461E+02   .9999999 -.0000569  .0001806
T 7523 19 .1519299E+11   1100019E-01  .5041E+01  .7489E+01   .9999999  .0000497  .0002097
T 7524 19 .1519222E+11   1100010E-01  .3672E+02  .3799E+01   .9999999  .0004716  .0000754
T 7525 19 .1519231E+11   1100012E-01 -.7039E+01  .1913E+02   .9999999  .0000401  .0003810
T 7526 19 .1519175E+11   1100002E-01  .3874E+01  .2026E+01   .9999999  .0000494  .0000784
T 7527 19 .1519420E+11   1100021E-01 -.3200E+01  .3481E+01   .9999999 -.0001081 -.0000509
T 7528 19 .1519250E+11   1100006E-01 -.9366E+01 -.5914E+01   .9999999 -.0001063 -.0000551
T 7529 19 .1519386E+11   1100003E-01 -.7815E+01  .1632E+01   .9999999 -.0001179  .0000483
T 7530 19 .1519205E+11   1100007E-01  .1465E+02 -.9463E+01   .9999999 -.0001242 -.0001112
T 7531 19 .1519298E+11   1100014E-01  .5606E+01  .8944E+01   .9999999  .0001689  .0001129
T 7532 19 .1519211E+11   1100022E-01  .1034E+02 -.9143E+01   .9999999  .0001623 -.0001098
T 7533 19 .1519368E+11   1100009E-01  .1253E+02 -.2644E+01   .9999999  .0001624 -.0000653
T 7534 19 .1519315E+11   1100020E-01  .1074E+02 -.3889E+02   .9999999 -.0002692 -.0002849
T 7535 19 .1519189E+11   1100015E-01  .1113E+02 -.1248E+00   .9999999  .0000925 -.0000252
T 7536 19 .1519298E+11   1100017E-01 -.1603E+02  .1102E+01   .9999999 -.0001386  .0000230
T 7537 19 .1519205E+11   1100021E-01  .4475E+00 -.1316E+02   .9999999 -.0001090 -.0002952
T 7538 19 .1519252E+11   1100010E-01 -.1356E+02  .2993E+02   .9999999 -.0002532  .0003681
T 7539 19 .1519339E+11   1100020E-01 -.1772E+02  .1193E+01   .9999999 -.0003184  .0000632
T 7540 19 .1519332E+11   1100022E-01 -.5287E+01  .3758E+01   .9999999 -.0000398  .0000928
T 7541 19 .1519280E+11   1100010E-01  .8250E+01 -.9205E+01   .9999999  .0000754 -.0002070
T 7542 19 .1519348E+11   1100008E-01 -.1862E+01 -.5747E+01   .9999999 -.0000780 -.0000376
T 7543 19 .1519225E+11   1100019E-01  .1328E+02  .2058E+02   .9999999  .0002390  .0004485
T 7544 19 .1519308E+11   1100018E-01 -.9818E+00 -.5996E+01   .9999999 -.0001842 -.0000617
T 7545 19 .1519390E+11   1100020E-01  .8994E+01 -.4564E+01   .9999999  .0001753 -.0001400
T 7546 19 .1519230E+11   1100021E-01  .1276E+01  .1236E+02   .9999999  .0000002  .0000922
T 7547 19 .1519322E+11   1100016E-01  .1957E+01  .2142E+01   .9999999  .0000321 -.0000227
T 7548 19 .1519262E+11   1100001E-01 -.1993E+01  .3643E+01   .9999999  .0000326  .0000350
T 7549 19 .1519145E+11   1100020E-01 -.8172E+01  .8713E+01   .9999999 -.0000805  .0001029
T 7550 19 .1519261E+11   1100020E-01  .1209E+01 -.5823E+01   .9999999 -.0000329 -.0001320
T 7551 19 .1519333E+11   1100015E-01  .3582E+01  .9165E+01   .9999999  .0000219  .0001293
T 7552 19 .1519224E+11   1100020E-01 -.4776E+01  .9306E+01   .9999999 -.0000002  .0000923
T 7553 19 .1519264E+11   1100017E-01 -.8002E+01  .3639E+01   .9999999 -.0001346  .0000398
T 7554 19 .1519206E+11   1100023E-01  .7982E+01  .7736E+01   .9999999  .0001841  .0000743
T 7555 19 .1519291E+11   1100011E-01 -.5791E+01  .5270E+01   .9999999 -.0001303  .0000236
T 7556 19 .1519282E+11   1100008E-01  .1201E+02 -.3892E+01   .9999999  .0002855 -.0000091
T 7557 19 .1519225E+11   1100022E-01 -.6282E+01 -.6387E+01   .9999999 -.0001373 -.0001695
T 7558 19 .1519304E+11   1100023E-01  .6787E+00  .1646E+02   .9999999  .0001575  .0003834
T 7559 19 .1519220E+11   1100020E-01 -.7532E+01  .1882E+02   .9999999 -.0000118  .0002604
T 7560 19 .1519276E+11   1100016E-01  .2756E+01 -.6911E+01   .9999999  .0000427 -.0000962
T 7561 19 .1519301E+11   1100021E-01 -.4105E+01  .1653E+01   .9999999 -.0000607  .0000268
T 7562 19 .1519260E+11   1100006E-01 -.3804E+01 -.1133E+02   .9999999 -.0001166 -.0001579
T 7563 19 .1519255E+11   1100012E-01 -.8099E+01 -.4243E+01   .9999999 -.0000728 -.0000348
T 7564 19 .1519201E+11   1100017E-01 -.6675E+01  .4683E+01   .9999999 -.0000891  .0001430
T 7565 19 .1519308E+11   1100022E-01 -.4565E+01  .1380E+01   .9999999  .0000519 -.0000008
T 7566 19 .1519264E+11   1100016E-01  .1111E+01  .7579E+01   .9999999  .0000804  .0000633
T 7567 19 .1519231E+11   1100004E-01 -.7635E+01  .1620E+02   .9999999 -.0001222  .0002481
T 7568 19 .1519246E+11   1100022E-01  .1293E+01 -.6027E+01   .9999999  .0000967 -.0000176
T 7569 19 .1519261E+11   1100017E-01  .6954E+01  .9925E+01   .9999999  .0000902  .0000886
T 7570 19 .1519232E+11   1100021E-01 -.4976E+01 -.2621E+00   .9999999 -.0000258 -.0000897
T 7571 19 .1519056E+11   1100014E-01  .4024E+00 -.1874E+01   .9999999  .0000316 -.0001440
T 7572 19 .1519308E+11   1100000E-01 -.3495E+01 -.1890E+01   .9999999  .0001591 -.0001638
T 7573 19 .1519312E+11   1100006E-01 -.9463E+01 -.8641E+01   .9999999 -.0001456 -.0002707
T 7574 19 .1519138E+11   1100021E-01  .3895E+01 -.3864E+01   .9999999  .0001097  .0000250
T 7575 19 .1519254E+11   1100021E-01 -.5288E+00 -.8635E+01   .9999999  .0000213 -.0001589
T 7576 19 .1519244E+11   1100011E-01 -.1095E+02 -.1789E+01   .9999999 -.0001782  .0000185
T 7577 19 .1519332E+11   1100005E-01 -.2598E+01  .4386E+01   .9999999 -.0000352  .0000310
T 7578 19 .1519251E+11   1100003E-01  .1081E+02 -.6987E+01   .9999999  .0002376 -.0001421
T 7579 19 .1519345E+11   1100018E-01  .8356E+00  .1392E+02   .9999999 -.0000324  .0000756
T 7580 19 .1519212E+11   1100020E-01  .8289E+01 -.7867E+00   .9999999  .0003059 -.0000361
T 7581 19 .1519308E+11   1100004E-01 -.9777E+01 -.8687E+01   .9999999 -.0001585 -.0001726
T 7582 19 .1519206E+11   1100000E-01  .1287E+01  .1564E+02   .9999999  .0000276  .0003187
T 7583 19 .1519296E+11   1100012E-01 -.8501E+02  .8613E+02   .9999993 -.0008345  .0008455
T 7584 19 .1519328E+11   1100004E-01  .8673E+01 -.3310E+01   .9999999  .0000862 -.0000295
T 7585 19 .1519316E+11   1100012E-01 -.1358E+01 -.3946E+00   .9999999 -.0000553 -.0001181
T 7586 19 .1519243E+11   1100020E-01 -.2098E+01  .2153E+01   .9999999 -.0001016  .0000017
T 7587 19 .1519315E+11   1100022E-01  .2036E+00 -.6858E+01   .9999999 -.0000774 -.0000587
T 7588 19 .1519256E+11   1100018E-01  .1432E+02  .4596E+01   .9999999  .0002622  .0000226
T 7589 19 .1519263E+11   1100015E-01 -.2375E+02 -.2701E+02   .9999999 -.0003116 -.0003687
T 7590 19 .1519240E+11   1100000E-01 -.7057E+01  .1095E+01   .9999999 -.0000767  .0000039
T 7591 19 .1519267E+11   1100018E-01  .8826E+01 -.3564E+01   .9999999  .0001130 -.0000715
T 7592 19 .1519281E+11   1100008E-01  .1170E+02  .9522E+01   .9999999  .0000617  .0001091
T 7593 19 .1519372E+11   1100022E-01  .1996E+01  .3170E+01   .9999999  .0000561  .0000574
T 7594 19 .1519164E+11   1100012E-01  .3373E+02 -.6712E+01   .9999999  .0004775 -.0001279
T 7595 19 .1519363E+11   1100001E-01 -.9749E-01 -.1287E+02   .9999999 -.0000321 -.0002333
T 7596 19 .1519228E+11   1100017E-01  .1682E+02  .1999E+02   .9999999  .0003128  .0001769
T 7597 19 .1519336E+11   1100020E-01 -.3390E+01  .4195E+01   .9999999  .0000091 -.0000462
T 7598 19 .1519384E+11   1100021E-01  .8466E+01 -.1113E+02   .9999999  .0001489 -.0002285
T 7599 19 .1519309E+11   1100011E-01 -.1333E+02  .3105E+01   .9999999 -.0000315  .0000564
T 7600 19 .1519250E+11   1100001E-01  .6891E+01 -.1799E+01   .9999999  .0002070  .0000466
T 7601 19 .1519363E+11   1100011E-01  .6632E+01 -.4232E+01   .9999999  .0001767 -.0000621
T 7602 19 .1519456E+11   1100005E-01  .1527E+02 -.7766E+01   .9999999  .0000084 -.0000568
T 7603 19 .1519287E+11   1100015E-01  .2227E+01 -.3713E+01   .9999999  .0000698  .0000030
T 7604 19 .1519389E+11   1100019E-01  .1113E+02 -.2861E+01   .9999999  .0001273 -.0000149
T 7605 19 .1519241E+11   1100016E-01  .1397E+02 -.3674E+01   .9999999  .0002487 -.0000565
T 7606 19 .1519249E+11   1100020E-01  .9527E+01 -.3935E+01   .9999999  .0001978 -.0000444
T 7607 19 .1519313E+11   1100002E-01 -.5713E+01 -.1619E+02   .9999999 -.0000622 -.0002456
T 7608 19 .1519181E+11   1100016E-01  .1252E+02  .2181E+01   .9999999  .0002945  .0000331
T 7609 19 .1519290E+11   1100011E-01  .7454E+01  .5607E+01   .9999999  .0001437  .0001041
T 7610 19 .1519244E+11   1100003E-01 -.2242E+01 -.5071E+00   .9999999  .0000000  .0000176
T 7611 19 .1519266E+11   1100019E-01  .1263E+02  .2823E+02   .9999999  .0001824  .0002519
T 7612 19 .1519287E+11   1100014E-01 -.1079E+02 -.8362E+00   .9999999 -.0002516  .0000038
T 7613 19 .1519376E+11   1100010E-01 -.5718E+01 -.1158E+02   .9999999 -.0001210 -.0002060
T 7614 19 .1519298E+11   1100003E-01  .2857E+01  .6515E+00   .9999999 -.0000652 -.0001150
T 7615 19 .1519199E+11   1100004E-01  .8243E+01  .6285E+00   .9999999  .0000221  .0000288
T 7616 19 .1519266E+11   1100006E-01 -.4723E+02  .2878E+02   .9999997 -.0007396  .0003489
T 7617 19 .1519226E+11   1100019E-01  .1568E+01 -.7056E+01   .9999999 -.0000666 -.0000912
T 7618 19 .1519194E+11   1100011E-01  .7633E+01 -.3328E+01   .9999999  .0000990 -.0000354
T 7619 19 .1519223E+11   1100018E-01  .8103E+00  .2417E+00   .9999999 -.0001055 -.0000389
T 7620 19 .1519271E+11   1100009E-01  .4865E+02  .3707E+02   .9999998  .0004028  .0004602
T 7621 19 .1519261E+11   1100013E-01  .4419E+01  .2162E+01   .9999999  .0000299  .0000093
T 7622 19 .1519348E+11   1100004E-01  .5882E+01 -.4342E+01   .9999999  .0001686 -.0001988
T 7623 19 .1519271E+11   1100000E-01 -.3708E+01  .7029E+01   .9999999 -.0000419  .0002980
T 7624 19 .1519267E+11   1100013E-01  .6022E+01  .4179E+02   .9999998  .0000851  .0006637
T 7625 19 .1519324E+11   1100020E-01  .5666E+01 -.1878E+01   .9999999  .0001124  .0000344
T 7626 19 .1519255E+11   1100017E-01 -.3923E+01 -.6849E+01   .9999999  .0000213 -.0001097
T 7627 19 .1519369E+11   1100018E-01 -.1325E+02  .1917E+01   .9999999 -.0000849  .0000668
T 7628 19 .1519243E+11   1100017E-01  .6161E+01  .5472E+01   .9999999  .0000610  .0000140
T 7629 19 .1519305E+11   1100008E-01  .8354E+01  .1333E+01   .9999999  .0001623  .0000313
T 7630 19 .1519316E+11   1100023E-01  .3268E+01 -.5086E+01   .9999999  .0000350 -.0000632
T 7631 19 .1519154E+11   1100023E-01  .1104E+02 -.1432E+02   .9999999 -.0000214 -.0001718
T 7632 19 .1519194E+11   1100014E-01 -.4312E+01 -.3390E+01   .9999999 -.0000765 -.0001288
T 7633 19 .1519270E+11   1100019E-01  .4259E+00  .7608E+01   .9999999  .0000903  .0000595
T 7634 19 .1519191E+11   1100023E-01  .3989E+01  .9147E+00   .9999999  .0000790  .0000322
T 7635 19 .1519145E+11   1100022E-01 -.1170E+02 -.1562E+01   .9999999 -.0001397  .0000195
T 7636 19 .1519363E+11   1100017E-01 -.1572E+02  .2308E+02   .9999996 -.0005636  .0006427
T 7637 19 .1519228E+11   1100001E-01 -.5666E+01 -.1845E+02   .9999999 -.0001262 -.0003326
T 7638 19 .1519359E+11   1100000E-01  .1714E+02 -.7563E+01   .9999999  .0001734 -.0000533
T 7639 19 .1519242E+11   1100008E-01 -.6090E+01 -.2835E+01   .9999999 -.0000167  .0000633
T 7640 19 .1519256E+11   1100001E-01 -.7954E+01  .4412E+01   .9999999 -.0000281  .0000022
T 7641 19 .1519233E+11   1100003E-01  .5978E+01 -.1009E+02   .9999999  .0000580 -.0000758
T 7642 19 .1519421E+11   1100012E-01  .2936E+01  .1144E+02   .9999999 -.0000553  .0004601
T 7643 19 .1519446E+11   1100007E-01  .3069E+01 -.7708E+00   .9999999 -.0000251 -.0002876
T 7644 19 .1519182E+11   1100012E-01  .8697E+00  .5645E+00   .9999999  .0000054 -.0000201
T 7645 19 .1519189E+11   1100022E-01 -.2120E+00 -.8244E+01   .9999999  .0000550 -.0000681
T 7646 19 .1519289E+11   1100020E-01  .6394E+01  .8820E+01   .9999999  .0000340  .0001052
T 7647 19 .1519239E+11   1100009E-01  .7818E+01 -.1104E+01   .9999999  .0000374  .0000494
T 7648 19 .1519267E+11   1100015E-01  .1072E+02 -.8720E+00   .9999999  .0001897 -.0000816
T 7649 19 .1519293E+11   1100010E-01  .5075E+01 -.8025E+01   .9999999  .0001899 -.0002376
T 7650 19 .1519222E+11   1100014E-01 -.1088E+01  .1229E+01   .9999999  .0001742  .0000764
T 7651 19 .1519256E+11   1100009E-01  .1823E+01  .2050E+01   .9999999  .0000751  .0000533
T 7652 19 .1519237E+11   1100004E-01 -.1337E+01 -.4208E+01   .9999999 -.0000990 -.0000452
T 7653 19 .1519224E+11   1100015E-01  .2425E+01 -.1821E+00   .9999999  .0000182 -.0000046
T 7654 19 .1519430E+11   1100014E-01 -.9115E+01 -.4288E+01   .9999999 -.0002119 -.0001759
T 7655 19 .1519257E+11   1100003E-01  .1409E+02  .1540E+02   .9999999  .0001415  .0002234
T 7656 19 .1519245E+11   1100014E-01  .5390E+01  .9391E+00   .9999999  .0001079 -.0000763
T 7657 19 .1519197E+11   1100017E-01 -.5590E+01 -.4916E+01   .9999999 -.0001236  .0000282
T 7658 19 .1519254E+11   1100002E-01 -.1699E+02  .1079E+02   .9999999 -.0002974  .0001591
T 7659 19 .1519349E+11   1100002E-01  .7349E+01  .4988E+01   .9999999  .0001344  .0000919
T 7660 19 .1519444E+11   1100016E-01 -.3237E+01  .5686E+00   .9999999 -.0000139 -.0001532
T 7661 19 .1519392E+11   1100003E-01  .2783E+01 -.1251E+02   .9999999 -.0000218 -.0000830
T 7662 19 .1519369E+11   1100007E-01  .6674E+01  .1813E+01   .9999999  .0002181 -.0000132
T 7663 19 .1519181E+11   1100009E-01 -.8485E+01 -.2128E+02   .9999999 -.0000837 -.0003475
T 7664 19 .1519279E+11   1100011E-01  .3336E+01 -.4153E+01   .9999999  .0001057 -.0000815
T 7665 19 .1519310E+11   1100023E-01  .3574E+01  .2229E+01   .9999999  .0000583  .0000131
T 7666 19 .1519277E+11   1100009E-01 -.3019E+02  .4529E+01   .9999999 -.0002559  .0002221
T 7667 19 .1519237E+11   1100005E-01 -.1057E+01  .6821E+01   .9999999  .0000591  .0001476
T 7668 19 .1519311E+11   1100019E-01 -.9157E+00  .8362E+01   .9999999 -.0000110  .0001198
T 7669 19 .1519276E+11   1100004E-01 -.3701E+01  .3857E+01   .9999999 -.0000896  .0000747
T 7670 19 .1519349E+11   1100016E-01  .1224E+00  .1133E+02   .9999999  .0000425  .0002237
T 7671 19 .1519327E+11   1100017E-01  .1047E+02 -.2776E-02   .9999999  .0001290  .0000003
T 7672 19 .1519237E+11   1100018E-01  .1032E+02 -.3108E+01   .9999999  .0002892  .0000760
T 7673 19 .1519249E+11   1100008E-01 -.3872E+01  .9344E+01   .9999999 -.0000742  .0001372
T 7674 19 .1519152E+11   1100016E-01  .8260E+01 -.1326E+02   .9999999  .0000815 -.0002007
T 7675 19 .1519370E+11   1100023E-01  .6868E+01  .2652E+02   .9999999 -.0000164  .0005267
T 7676 19 .1519347E+11   1100020E-01  .1127E+02 -.1212E+01   .9999999  .0003483 -.0000219
T 7677 19 .1519293E+11   1100014E-01  .4181E+01  .2055E+02   .9999999 -.0000513  .0004007
T 7678 19 .1519307E+11   1100014E-01 -.1225E+02  .8490E+01   .9999999 -.0001697  .0000798
T 7679 19 .1519288E+11   1100017E-01  .7493E+01 -.8450E+01   .9999999  .0001682  .0004042
T 7680 19 .1519301E+11   1100015E-01 -.1032E+02  .8545E+01   .9999999 -.0001827  .0000955
T 7681 19 .1519365E+11   1100011E-01 -.4291E+01  .9348E+01   .9999999 -.0000422  .0001910
T 7682 19 .1519154E+11   1100016E-01 -.1546E+02  .1364E+02   .9999999 -.0003358  .0001318
T 7683 19 .1519200E+11   1100002E-01  .2574E+01 -.4126E+00   .9999999  .0000391  .0000427
T 7684 19 .1519261E+11   1100004E-01 -.8040E+01  .6434E+01   .9999999 -.0000715  .0001214
T 7685 19 .1519236E+11   1100020E-01 -.1091E+02  .2658E+01   .9999999 -.0001877  .0000398
T 7686 19 .1519278E+11   1100014E-01  .2214E+01 -.1534E+01   .9999999  .0000245  .0000374
T 7687 19 .1519241E+11   1100018E-01 -.5436E+01 -.5452E+01   .9999999 -.0001124 -.0000536
T 7688 19 .1519292E+11   1100015E-01 -.9174E+00  .4242E+01   .9999999  .0000387  .0000824
T 7689 19 .1519219E+11   1100007E-01  .9333E+01  .4884E+01   .9999999  .0001846  .0002462
T 7690 19 .1519298E+11   1100017E-01 -.6476E+01 -.2221E+01   .9999999 -.0000839  .0000510
T 7691 19 .1519261E+11   1100017E-01 -.7581E+01 -.2052E+01   .9999999 -.0001212 -.0000443
T 7692 19 .1519139E+11   1100015E-01  .6327E+01 -.1645E+01   .9999999  .0001377  .0000613
T 7693 19 .1519266E+11   1100019E-01  .1295E+00  .4788E+00   .9999999 -.0000259  .0000424
T 7694 19 .1519267E+11   1100011E-01 -.9263E+01  .2027E+01   .9999999 -.0001758 -.0000937
T 7695 19 .1519385E+11   1100012E-01 -.4236E+01 -.1920E+01   .9999999 -.0000810 -.0000244
T 7696 19 .1519201E+11   1100014E-01  .1150E+02 -.8128E+01   .9999999  .0000653 -.0001068
T 7697 19 .1519318E+11   1100001E-01  .1067E+01  .7897E+01   .9999999 -.0000592  .0000599
T 7698 19 .1519193E+11   1100000E-01  .4677E+01 -.5485E+01   .9999999  .0000511 -.0000786
T 7699 19 .1519313E+11   1100018E-01  .1837E+02  .4659E+01   .9999999  .0002539 -.0000333
T 7700 19 .1519217E+11   1100016E-01 -.1793E+02  .9369E+01   .9999999 -.0003095  .0001486
T 7701 19 .1519347E+11   1100011E-01 -.8614E+01 -.6499E+01   .9999999 -.0001638 -.0001598
T 7702 19 .1519274E+11   1100001E-01  .2665E+01  .1275E+02   .9999999  .0000067  .0001582
T 7703 19 .1519239E+11   1100002E-01  .2150E+01  .9052E+01   .9999999  .0000778  .0000855
T 7704 19 .1519284E+11   1100015E-01  .1766E+02 -.7630E+01   .9999999  .0002326 -.0000543
T 7705 19 .1519201E+11   1100019E-01 -.6772E+00  .7748E+01   .9999999 -.0001586  .0002498
T 7706 19 .1519185E+11   1100001E-01 -.1037E+02 -.9038E+01   .9999999 -.0000732 -.0001330
T 7707 19 .1519270E+11   1100000E-01  .1401E+01 -.5982E-01   .9999999 -.0000160 -.0000030
T 7708 19 .1519235E+11   1100003E-01 -.2507E+01  .4143E+01   .9999999 -.0001180  .0000800
T 7709 19 .1519372E+11   1100009E-01 -.4332E+01  .8273E+01   .9999999 -.0000259  .0000708
T 7710 19 .1519234E+11   1100004E-01  .1807E+02  .2459E+01   .9999999  .0001355 -.0000104
T 7711 19 .1519508E+11   1100019E-01 -.3148E+00  .1798E+02   .9999999 -.0000543  .0002217
T 7712 19 .1519278E+11   1100020E-01 -.5413E+01 -.1955E+02   .9999999 -.0001183 -.0000736
T 7713 19 .1519321E+11   1100008E-01 -.1134E+02  .3980E+01   .9999999 -.0003316 -.0000067
T 7714 19 .1519416E+11   1100006E-01  .1280E+02  .6133E+01   .9999999  .0001432  .0000514
T 7715 19 .1519230E+11   1100016E-01 -.1426E+02 -.5701E+01   .9999999 -.0002145  .0000138
T 7716 19 .1519184E+11   1100022E-01  .5770E+01  .1092E+02   .9999999  .0000118  .0002138
T 7717 19 .1519366E+11   1100001E-01 -.6570E+01 -.2829E+01   .9999999 -.0001727  .0000234
T 7718 19 .1519164E+11   1100017E-01  .1941E+01 -.5943E+01   .9999999 -.0000038 -.0000046
T 7719 19 .1519241E+11   1100005E-01  .1452E+01 -.5390E+01   .9999999 -.0000391 -.0000778
T 7720 19 .1519237E+11   1100016E-01  .7931E+01 -.1017E+01   .9999999  .0001192 -.0000080
T 7721 19 .1519221E+11   1100020E-01 -.8607E+01 -.8958E+01   .9999999 -.0002053 -.0000916
T 7722 19 .1519107E+11   1100018E-01  .1034E+02  .6643E+00   .9999999  .0001576 -.0000979
T 7723 19 .1519421E+11   1100016E-01  .1164E+02 -.2629E+01   .9999999  .0001922 -.0000379
T 7724 19 .1519216E+11   1100020E-01  .9732E+01  .3952E+01   .9999999  .0001696  .0002920
T 7725 19 .1519069E+11   1100016E-01 -.4138E+01  .6938E+00   .9999999 -.0001499  .0000071
T 7726 19 .1519321E+11   1100007E-01 -.9406E+01  .2512E+01   .9999999 -.0000939 -.0000319
T 7727 19 .1519185E+11   1100015E-01  .3246E+01  .2864E+01   .9999999  .0000243  .0000055
T 7728 19 .1519280E+11   1100009E-01 -.1767E+01  .1267E+02   .9999999 -.0000795  .0001707
T 7729 19 .1519378E+11   1100007E-01 -.1661E+02  .1029E+02   .9999999 -.0002929  .0001641
T 7730 19 .1519296E+11   1100001E-01 -.1983E+02  .5418E+01   .9999999 -.0001456  .0001507
T 7731 19 .1519278E+11   1100021E-01 -.8846E+01 -.4485E+01   .9999999 -.0001276 -.0001594
T 7732 19 .1519284E+11   1100008E-01  .4595E+01 -.4462E+01   .9999999  .0001945 -.0001350
T 7733 19 .1519386E+11   1100008E-01  .1245E+02  .3904E+01   .9999999  .0002782  .0000561
T 7734 19 .1519278E+11   1100016E-01  .3157E+00  .2438E+02   .9999999  .0000889  .0003744
T 7735 19 .1519293E+11   1100014E-01 -.9725E+01  .2698E+01   .9999999 -.0000254 -.0000669
T 7736 19 .1519356E+11   1100003E-01  .6457E+01  .1611E+01   .9999999  .0000703 -.0000975
T 7737 19 .1519337E+11   1100021E-01  .5953E+01 -.7429E+01   .9999999  .0001309 -.0000621
T 7738 19 .1519342E+11   1100008E-01 -.1510E+02  .2188E+01   .9999999 -.0002597  .0001838
T 7739 19 .1519250E+11   1100011E-01 -.2947E+01  .9565E+01   .9999999 -.0000328  .0000610
T 7740 19 .1519308E+11   1100020E-01  .8760E+01 -.1532E+02   .9999999  .0002311 -.0002638
T 7741 19 .1519382E+11   1100017E-01 -.1358E+02  .3567E+01   .9999999 -.0002529 -.0000002
T 7742 19 .1519374E+11   1100004E-01  .5177E+01  .6350E+01   .9999999  .0000529  .0001167
T 7743 19 .1519232E+11   1100011E-01 -.6424E+01 -.3044E+01   .9999999 -.0000262  .0000744
T 7744 19 .1519263E+11   1100008E-01 -.4579E+01  .2167E+02   .9999999 -.0000415  .0003456
T 7745 19 .1519306E+11   1100013E-01  .8596E+01 -.8536E+01   .9999999  .0002367 -.0002270
T 7746 19 .1519270E+11   1100003E-01 -.6500E+00 -.8187E+01   .9999999 -.0000146 -.0000007
T 7747 19 .1519251E+11   1100023E-01 -.1760E+01 -.1920E+02   .9999999 -.0000185 -.0002816
T 7748 19 .1519398E+11   1100017E-01 -.5286E+01 -.4481E+01   .9999999 -.0001826 -.0001357
T 7749 19 .1519337E+11   1100011E-01 -.1150E+02  .7288E+00   .9999999 -.0003334  .0000329
T 7750 19 .1519261E+11   1100022E-01 -.4505E+01  .5105E+00   .9999999 -.0000168  .0000236
T 7751 19 .1519277E+11   1100022E-01  .1568E+02 -.7081E+01   .9999999  .0003108 -.0001069
T 7752 19 .1519289E+11   1100013E-01  .2717E+00 -.4593E+01   .9999999  .0000540 -.0000278
T 7753 19 .1519192E+11   1100014E-01 -.7503E+00  .5428E+01   .9999999 -.0000191  .0001356
T 7754 19 .1519201E+11   1100019E-01 -.1326E+02 -.2158E+01   .9999999 -.0002713 -.0000147
T 7755 19 .1519175E+11   1100011E-01 -.1397E+02 -.4697E+01   .9999999 -.0001952 -.0000917
T 7756 19 .1519237E+11   1100023E-01  .1143E+02  .9352E+01   .9999999  .0002884  .0001574
T 7757 19 .1519388E+11   1100003E-01  .2913E+01  .2059E+02   .9999999 -.0000701  .0003952
T 7758 19 .1519242E+11   1100009E-01 -.5280E+01 -.8634E+01   .9999999 -.0001021 -.0000925
T 7759 19 .1519277E+11   1100022E-01 -.2484E+01 -.6725E+01   .9999999  .0000887 -.0002397
T 7760 19 .1519299E+11   1100004E-01 -.1827E+01 -.5333E+01   .9999999 -.0000233 -.0001134
T 7761 19 .1519306E+11   1100010E-01  .6235E+01 -.3413E+01   .9999999  .0000040  .0000951
T 7762 19 .1519300E+11   1100019E-01  .1878E+02  .1886E+02   .9999997  .0004395  .0006058
T 7763 19 .1519316E+11   1100020E-01 -.9521E+01 -.1878E+01   .9999999 -.0000824 -.0000613
T 7764 19 .1519440E+11   1100019E-01 -.4939E+01  .2029E+02   .9999999 -.0000818  .0001121
T 7765 19 .1519203E+11   1100000E-01 -.5975E+01 -.7909E+01   .9999999 -.0000653 -.0000158
T 7766 19 .1519354E+11   1100015E-01  .4134E+01 -.6290E+01   .9999999 -.0002003 -.0001592
T 7767 19 .1519167E+11   1100019E-01 -.2291E+01  .2824E+01   .9999999 -.0001661  .0001459
T 7768 19 .1519304E+11   1100016E-01  .1439E+02  .2193E+02   .9999999  .0000781  .0001793
T 7769 19 .1519346E+11   1100021E-01  .7257E+00  .4660E+01   .9999999  .0000398  .0000743
T 7770 19 .1519276E+11   1100016E-01 -.2479E+00 -.9270E+01   .9999999 -.0000181 -.0001085
T 7771 19 .1519318E+11   1100016E-01  .5272E+01  .7750E+01   .9999999  .0000744  .0000682
T 7772 19 .1519147E+11   1100005E-01  .1106E+02 -.1541E+02   .9999999  .0001999 -.0003843
T 7773 19 .1519172E+11   1100002E-01 -.1389E+01  .1451E+02   .9999999 -.0000849  .0001757
T 7774 19 .1519253E+11   1100022E-01  .1695E+01  .1386E+01   .9999999  .0001274  .0000722
T 7775 19 .1519379E+11   1100002E-01  .2594E+01  .1657E+01   .9999999 -.0001017  .0001304
T 7776 19 .1519198E+11   1100008E-01  .2887E+01  .3514E+00   .9999999 -.0000446  .0001279
T 7777 19 .1519239E+11   1100007E-01  .2473E+00 -.4865E+01   .9999999  .0000271 -.0000319
T 7778 19 .1519221E+11   1100018E-01 -.3501E+00  .3496E+01   .9999999 -.0001373 -.0001034
T 7779 19 .1519258E+11   1100011E-01 -.9502E+01 -.2553E+01   .9999999 -.0000658 -.0000958
T 7780 19 .1519385E+11   1100016E-01 -.1098E+02 -.1575E+01   .9999999 -.0000431 -.0000524
T 7781 19 .1519356E+11   1100007E-01 -.1721E+02 -.2486E+02   .9999998 -.0003195 -.0005044
T 7782 19 .1519208E+11   1100015E-01  .3537E+01 -.1385E+01   .9999999 -.0000778 -.0002639
T 7783 19 .1519401E+11   1100022E-01  .7240E+01  .2506E+02   .9999999  .0001217  .0004106
T 7784 19 .1519268E+11   1100001E-01 -.8700E+01 -.2484E+01   .9999999 -.0001505 -.0000173
T 7785 19 .1519044E+11   1100008E-01 -.6029E+01 -.6509E+01   .9999999 -.0001831 -.0000364
T 7786 19 .1519211E+11   1100003E-01  .3911E+00  .3243E+01   .9999999  .0000382  .0000509
T 7787 19 .1519329E+11   1100008E-01  .2113E+00  .2965E+01   .9999999 -.0001201 -.0000061
T 7788 19 .1519318E+11   1100013E-01  .2126E+00  .4277E+01   .9999999 -.0000515  .0001078
T 7789 19 .1519267E+11   1100022E-01  .1061E+01 -.4261E+01   .9999999  .0000476 -.0000793
T 7790 19 .1519259E+11   1100023E-01  .2533E+01  .9209E+01   .9999999  .0000713  .0002366
T 7791 19 .1519390E+11   1100009E-01 -.1882E+02 -.8371E+01   .9999999 -.0001375 -.0001629
T 7792 19 .1519237E+11   1100013E-01  .8615E+01  .6055E+01   .9999999  .0001532  .0001510
T 7793 19 .1519333E+11   1100017E-01 -.8311E+01 -.1027E+01   .9999999 -.0001496 -.0000340
T 7794 19 .1519451E+11   1100003E-01  .1400E+02 -.9189E+01   .9999999  .0002587 -.0001626
T 7795 19 .1519205E+11   1100020E-01 -.1764E+02  .6323E+01   .9999999 -.0003359 -.0000284
T 7796 19 .1519343E+11   1100012E-01  .2599E+01  .1365E+01   .9999999  .0000956 -.0001043
T 7797 19 .1519208E+11   1100005E-01  .1852E+01  .8963E+01   .9999999  .0000328  .0001683
T 7798 19 .1519333E+11   1100015E-01 -.2402E+02  .1684E+02   .9999999 -.0003228  .0002827
T 7799 19 .1519261E+11   1100007E-01  .4401E+01 -.1068E+02   .9999999  .0000566 -.0000962
T 7800 19 .1519210E+11   1100001E-01  .8704E+01 -.7334E+01   .9999999  .0002324 -.0001721
T 7801 19 .1519218E+11   1100020E-01  .4787E+00  .5891E+01   .9999999  .0000451 -.0000032
T 7802 19 .1519217E+11   1100015E-01  .8676E+00  .2895E+02   .9999992  .0001395  .0012676
T 7803 19 .1519332E+11   1100014E-01 -.5650E+00  .5055E+01   .9999999 -.0000757  .0001970
T 7804 19 .1519315E+11   1100020E-01  .1589E+02 -.1160E+02   .9999999  .0001197 -.0001981
T 7805 19 .1519268E+11   1100016E-01 -.1781E+01 -.5767E+01   .9999999 -.0000012 -.0001161
T 7806 19 .1519197E+11   1100016E-01 -.1511E+01  .3406E+01   .9999999  .0000670 -.0000120
T 7807 19 .1519212E+11   1100019E-01 -.1425E+01  .9249E+00   .9999999  .0000734 -.0000214
T 7808 19 .1519172E+11   1100007E-01  .3085E+01  .9054E+01   .9999999  .0000572  .0000698
T 7809 19 .1519278E+11   1100020E-01 -.1027E+02 -.8030E+01   .9999999 -.0002312 -.0002173
T 7810 19 .1519281E+11   1100011E-01 -.5553E+01  .9410E+01   .9999999 -.0000928  .0000788
T 7811 19 .1519283E+11   1100014E-01  .2182E+02  .7771E+01   .9999999  .0002570 -.0000369
T 7812 19 .1519202E+11   1100012E-01  .1311E+02 -.8236E+01   .9999999  .0003109 -.0000018
T 7813 19 .1519295E+11   1100011E-01  .4510E+01  .2653E+01   .9999999  .0001007  .0001169
T 7814 19 .1519179E+11   1100007E-01  .1498E+02 -.1960E+02   .9999999  .0001724 -.0002311
T 7815 19 .1519267E+11   1100019E-01 -.1069E+02 -.6014E+00   .9999999 -.0001394 -.0000266
T 7816 19 .1519298E+11   1100002E-01 -.1440E+01  .2168E+01   .9999999 -.0000186  .0000307
T 7817 19 .1519196E+11   1100014E-01  .1291E+02  .4711E+00   .9999999  .0001379 -.0000231
T 7818 19 .1519413E+11   1100016E-01 -.6777E+00  .2003E+01   .9999999 -.0001118  .0000760
T 7819 19 .1519251E+11   1100017E-01  .2677E+01  .7179E+01   .9999999  .0001309  .0001070
T 7820 19 .1519324E+11   1100001E-01 -.8109E+01 -.9962E+00   .9999999 -.0001610  .0000029
T 7821 19 .1519371E+11   1100010E-01  .2375E+01  .9111E+01   .9999999  .0000449  .0001588
T 7822 19 .1519207E+11   1100003E-01  .8672E+00  .1472E+01   .9999999  .0000172 -.0000805
T 7823 19 .1519326E+11   1100012E-01 -.1334E+02  .9455E+01   .9999999 -.0002104  .0001720
T 7824 19 .1519213E+11   1100011E-01 -.1609E+01  .8317E+01   .9999999 -.0000372  .0002651
T 7825 19 .1519304E+11   1100008E-01 -.6974E+01  .9178E+01   .9999999 -.0000961  .0001477
T 7826 19 .1519244E+11   1100022E-01 -.5177E+01 -.1331E+01   .9999999 -.0001751  .0001232
T 7827 19 .1519265E+11   1100020E-01 -.2656E+01  .1172E+02   .9999999 -.0001507  .0000906
T 7828 19 .1519343E+11   1100005E-01 -.3173E+01 -.4432E+01   .9999999 -.0000514 -.0000196
T 7829 19 .1519166E+11   1100014E-01  .3033E+01  .1825E+01   .9999999  .0001723  .0002052
T 7830 19 .1519260E+11   1100017E-01 -.6564E+01 -.3460E+01   .9999999 -.0000709 -.0001971
T 7831 19 .1519359E+11   1100022E-01 -.4175E+01 -.3584E+01   .9999999  .0000090  .0000204
T 7832 19 .1519142E+11   1100005E-01 -.1561E+02  .1387E+01   .9999999 -.0003878  .0001483
T 7833 19 .1519204E+11   1100022E-01  .2825E+00 -.2291E+01   .9999999  .0000175 -.0001296
T 7834 19 .1519320E+11   1100016E-01 -.5288E+01 -.2161E+01   .9999999 -.0001309  .0000512
T 7835 19 .1519105E+11   1100019E-01  .3127E+01 -.7216E+01   .9999999  .0000757 -.0001349
T 7836 19 .1519352E+11   1100020E-01  .5929E+01 -.8270E+01   .9999999  .0001551 -.0001174
T 7837 19 .1519258E+11   1100009E-01 -.3775E+01 -.4206E+01   .9999999 -.0001111 -.0001301
T 7838 19 .1519249E+11   1100016E-01  .1099E+02 -.1158E+02   .9999999  .0000917 -.0001521
T 7839 19 .1519263E+11   1100016E-01  .1492E+02  .5000E+01   .9999999  .0001751  .0000428
T 7840 19 .1519230E+11   1100019E-01  .5184E+01  .3319E+01   .9999999  .0001105  .0000972
T 7841 19 .1519309E+11   1100013E-01  .5105E+01  .5352E+01   .9999999  .0002571 -.0000330
T 7842 19 .1519119E+11   1100018E-01 -.1630E+02  .2732E+01   .9999999 -.0002209 -.0000876
T 7843 19 .1519196E+11   1100018E-01  .5828E+01 -.3925E+01   .9999999  .0002282 -.0000791
T 7844 19 .1519279E+11   1100018E-01  .1674E+00  .9073E+01   .9999999 -.0000286  .0000460
T 7845 19 .1519349E+11   1100004E-01 -.1674E+02  .1523E+02   .9999999 -.0001344  .0001912
T 7846 19 .1519228E+11   1100008E-01  .7003E+00 -.9900E+01   .9999999  .0000423 -.0001593
T 7847 19 .1519262E+11   1100000E-01 -.1186E+02  .4168E+00   .9999999 -.0001781 -.0000789
T 7848 19 .1519230E+11   1100022E-01 -.5870E+01  .1867E+02   .9999999 -.0001471  .0001262
T 7849 19 .1519291E+11   1100013E-01  .1106E+01 -.4476E+01   .9999999  .0000269 -.0000146
T 7850 19 .1519155E+11   1100011E-01 -.5184E+01 -.9656E+01   .9999999 -.0001433 -.0001113
T 7851 19 .1519050E+11   1100022E-01 -.1004E+01 -.6601E+00   .9999999 -.0001088  .0000200
T 7852 19 .1519318E+11   1100003E-01 -.1302E+02  .8677E+01   .9999999 -.0001671  .0000914
T 7853 19 .1519262E+11   1100023E-01  .5609E+01 -.5471E+01   .9999999 -.0000052 -.0001394
T 7854 19 .1519329E+11   1100001E-01 -.1489E+01 -.4348E+01   .9999999 -.0000285 -.0000262
T 7855 19 .1519286E+11   1100019E-01  .5585E+01  .3586E+01   .9999999  .0001759  .0000346
T 7856 19 .1519317E+11   1100006E-01 -.1454E+02  .1358E+02   .9999999 -.0003725  .0001731
T 7857 19 .1519278E+11   1100015E-01  .6429E+01  .1210E+01   .9999999  .0000992 -.0000162
T 7858 19 .1519299E+11   1100000E-01 -.6387E+01 -.1841E+02   .9999999 -.0000359 -.0002232
T 7859 19 .1519180E+11   1100014E-01  .1123E+02  .1022E+01   .9999999  .0001629  .0000019
T 7860 19 .1519350E+11   1100020E-01  .4714E+01  .1301E+02   .9999999  .0001233  .0002680
T 7861 19 .1519265E+11   1100014E-01 -.1299E+02  .8751E+01   .9999999 -.0001078  .0002264
T 7862 19 .1519206E+11   1100011E-01 -.3727E+01 -.8775E+01   .9999999  .0000305 -.0000836
T 7863 19 .1519300E+11   1100016E-01  .7825E+01  .5597E+01   .9999999  .0001121  .0000789
T 7864 19 .1519281E+11   1100021E-01 -.7159E+01  .1297E+01   .9999999 -.0000646  .0000352
T 7865 19 .1519213E+11   1100006E-01 -.1337E+02 -.7148E+00   .9999999 -.0001520 -.0000231
T 7866 19 .1519167E+11   1100018E-01  .1736E+02 -.8250E+01   .9999999  .0002087 -.0002842
T 7867 19 .1519210E+11   1100019E-01 -.3579E+01  .1791E+01   .9999999 -.0001164  .0001260
T 7868 19 .1519196E+11   1100003E-01 -.1692E+02 -.4003E+01   .9999999 -.0002868 -.0002369
T 7869 19 .1519468E+11   1100006E-01  .4057E+01  .7010E+01   .9999999  .0002012  .0001238
T 7870 19 .1519183E+11   1100010E-01  .2764E+01  .2259E+01   .9999999  .0000169  .0000699
T 7871 19 .1519157E+11   1100002E-01  .2419E+01 -.2848E+01   .9999999  .0000756 -.0000796
T 7872 19 .1519262E+11   1100008E-01 -.1867E+01  .1646E+02   .9999999 -.0001109  .0001698
T 7873 19 .1519236E+11   1100002E-01  .8556E+01  .9452E+01   .9999999  .0001036  .0001459
T 7874 19 .1519263E+11   1100005E-01  .5432E+01 -.5235E+00   .9999999  .0000374  .0000143
T 7875 19 .1519228E+11   1100022E-01  .1459E+01 -.1652E+02   .9999999  .0001086 -.0002680
T 7876 19 .1519183E+11   1100016E-01 -.1385E+02 -.2206E+02   .9999999 -.0002580 -.0003034
T 7877 19 .1519345E+11   1100001E-01  .1611E+02 -.1146E+02   .9999999  .0002986 -.0001161
T 7878 19 .1519203E+11   1100013E-01  .7960E+01 -.5996E+01   .9999999  .0000727 -.0001051
T 7879 19 .1519169E+11   1100021E-01 -.3690E+01 -.1207E+02   .9999998 -.0005512 -.0003577
T 7880 19 .1519342E+11   1100004E-01  .3411E+01 -.1705E+02   .9999999  .0000593 -.0002519
T 7881 19 .1519262E+11   1100014E-01 -.1569E+01 -.1847E+02   .9999999  .0000314 -.0002481
T 7882 19 .1519141E+11   1100015E-01  .1548E+02 -.1758E+01   .9999999  .0004507  .0000105
T 7883 19 .1519393E+11   1100011E-01  .5305E+01 -.8414E+01   .9999999  .0000895 -.0000833
T 7884 19 .1519131E+11   1100020E-01 -.1096E+01 -.1198E+02   .9999999 -.0002199 -.0002014
T 7885 19 .1519172E+11   1100020E-01 -.1353E+02  .2544E+01   .9999999 -.0001437  .0000114
T 7886 19 .1519245E+11   1100017E-01  .5608E+01  .1173E+02   .9999999  .0002043  .0004248
T 7887 19 .1519283E+11   1100014E-01 -.2826E+01 -.6475E+00   .9999999 -.0000388 -.0000494
T 7888 19 .1519290E+11   1100003E-01  .8012E+01 -.1035E+02   .9999999  .0002094 -.0001163
T 7889 19 .1519321E+11   1100022E-01  .3180E+00 -.3923E+00   .9999999  .0000413 -.0000498
T 7890 19 .1519254E+11   1100010E-01  .5581E+01  .5894E+01   .9999999  .0001811  .0000969
T 7891 19 .1519483E+11   1100007E-01  .3098E+01  .2641E+01   .9999999  .0000654 -.0000661
T 7892 19 .1519189E+11   1100005E-01 -.1455E+01  .2376E+01   .9999999 -.0000745 -.0000162
T 7893 19 .1519233E+11   1100010E-01  .2405E+01 -.1022E+02   .9999999 -.0000530 -.0001207
T 7894 19 .1519383E+11   1100006E-01 -.1522E+01  .1054E+02   .9999999  .0000768  .0000534
T 7895 19 .1519464E+11   1100012E-01 -.1230E+02  .6579E+01   .9999999 -.0001269  .0000443
T 7896 19 .1519248E+11   1100009E-01 -.2738E+01 -.7125E+01   .9999999 -.0000983 -.0001044
T 7897 19 .1519172E+11   1100016E-01 -.1193E+02  .2469E+01   .9999999 -.0001520  .0000675
T 7898 19 .1519289E+11   1100007E-01  .2473E+02  .2460E+01   .9999999  .0002898  .0000441
T 7899 19 .1519243E+11   1100000E-01 -.3365E+01 -.9167E+01   .9999999  .0000198 -.0000658
T 7900 19 .1519240E+11   1100017E-01  .8344E+01  .5201E+00   .9999999  .0001560  .0000302
T 7901 19 .1519266E+11   1100014E-01  .6051E+01 -.1437E+02   .9999999  .0000953  .0000007
T 7902 19 .1519211E+11   1100012E-01  .7316E+01 -.4534E+01   .9999999  .0001477 -.0000475
T 7903 19 .1519280E+11   1100001E-01 -.1765E+02  .2484E+01   .9999999 -.0002576 -.0000239
T 7904 19 .1519234E+11   1100021E-01 -.3979E-01  .8631E+01   .9999999  .0000747  .0001287
T 7905 19 .1519299E+11   1100000E-01  .1586E+01  .4998E+01   .9999999 -.0000495  .0000958
T 7906 19 .1519340E+11   1100014E-01 -.4399E+01  .1392E+02   .9999999 -.0000864  .0002553
T 7907 19 .1519204E+11   1100015E-01 -.1074E+00  .1313E+02   .9999999 -.0000400  .0000825
T 7908 19 .1519251E+11   1100021E-01  .8056E+01 -.9981E+00   .9999999  .0000036  .0000314
T 7909 19 .1519291E+11   1100020E-01 -.9085E+01  .1287E+02   .9999999 -.0000523  .0003599
T 7910 19 .1519300E+11   1100022E-01 -.9490E+01  .2431E+01   .9999999 -.0000508  .0000341
T 7911 19 .1519308E+11   1100006E-01  .1490E+02  .6469E+01   .9999999  .0002124  .0001116
T 7912 19 .1519375E+11   1100011E-01  .3593E+01 -.8668E+00   .9999999  .0001080  .0000202
T 7913 19 .1519197E+11   1100020E-01 -.1818E+01  .5056E+01   .9999999 -.0000378  .0000952
T 7914 19 .1519185E+11   1100002E-01 -.8923E+00  .3455E+01   .9999999 -.0000107  .0001392
T 7915 19 .1519373E+11   1100002E-01  .9332E+01 -.6182E+01   .9999999  .0001107 -.0000709
T 7916 19 .1519277E+11   1100007E-01  .1767E+01  .3242E+01   .9999999  .0000449  .0001232
T 7917 19 .1519154E+11   1100001E-01  .2901E+01 -.5587E+01   .9999999 -.0000096 -.0001668
T 7918 19 .1519088E+11   1100011E-01  .3848E+01 -.1382E+02   .9999999  .0001127 -.0002983
T 7919 19 .1519145E+11   1100000E-01  .3049E+01  .7469E+01   .9999999 -.0000284  .0001319
T 7920 19 .1519285E+11   1100011E-01 -.1311E+02  .1560E+02   .9999999 -.0002899  .0001199
T 7921 19 .1519394E+11   1100002E-01  .3940E+01  .3247E+01   .9999999  .0001282  .0000457
T 7922 19 .1519160E+11   1100014E-01 -.4073E+00 -.7255E+00   .9999999 -.0001382 -.0001103
T 7923 19 .1519360E+11   1100020E-01 -.2524E+01 -.5998E+01   .9999999 -.0000340 -.0001513
T 7924 19 .1519412E+11   1100020E-01 -.5392E+01 -.6799E+01   .9999999 -.0000215 -.0002981
T 7925 19 .1519082E+11   1100020E-01 -.7205E+01 -.1990E+01   .9999999 -.0000968  .0000535
T 7926 19 .1519106E+11   1100004E-01  .1085E+02 -.1579E+01   .9999999  .0002223  .0000552
T 7927 19 .1519214E+11   1100000E-01  .2754E+01 -.1483E+02   .9999999  .0000490 -.0003925
T 7928 19 .1519300E+11   1100001E-01 -.4527E+00 -.3274E+01   .9999999  .0000576 -.0001368
T 7929 19 .1519374E+11   1100021E-01 -.6163E+00  .8396E+01   .9999999 -.0000100  .0002673
T 7930 19 .1519346E+11   1100023E-01  .4444E+01 -.2785E+01   .9999999  .0001196 -.0000719
T 7931 19 .1519269E+11   1100006E-01 -.2818E+01  .5964E+01   .9999999 -.0000289  .0000504
T 7932 19 .1519074E+11   1100000E-01 -.3396E+01 -.5585E+01   .9999999  .0000621 -.0001483
T 7933 19 .1519244E+11   1100001E-01  .1488E+02 -.7979E+01   .9999999  .0000284 -.0002028
T 7934 19 .1519205E+11   1100007E-01  .1144E+02  .8519E+01   .9999999  .0001244  .0000727
T 7935 19 .1519438E+11   1100015E-01  .8163E+00  .3593E+01   .9999999 -.0000876  .0000233
T 7936 19 .1519208E+11   1100021E-01  .3709E+02 -.4855E+01   .9999996  .0008953 -.0000719
T 7937 19 .1519283E+11   1100022E-01 -.1202E-01 -.7381E+01   .9999999  .0001170 -.0002111
T 7938 19 .1519207E+11   1100003E-01  .1191E+02 -.7751E+01   .9999999  .0000805 -.0000208
T 7939 19 .1519160E+11   1100021E-01  .1437E+02  .1150E+02   .9999999  .0004222  .0000633
T 7940 19 .1519177E+11   1100020E-01 -.4323E+01 -.5754E+01   .9999999  .0000711 -.0000499
T 7941 19 .1519280E+11   1100011E-01 -.4070E+01  .1686E+00   .9999999 -.0000639  .0001444
T 7942 19 .1519198E+11   1100000E-01 -.1215E+02 -.6445E+01   .9999999 -.0002147 -.0000735
T 7943 19 .1519327E+11   1100009E-01 -.1134E+01 -.2598E+01   .9999999 -.0001318 -.0000924
T 7944 19 .1519294E+11   1100010E-01 -.1230E+02 -.5812E+01   .9999999 -.0002754 -.0001335
T 7945 19 .1519200E+11   1100018E-01 -.1210E+02  .1982E+01   .9999999 -.0003133 -.0000546
T 7946 19 .1519165E+11   1100013E-01  .1467E+02 -.1274E+02   .9999999  .0001981 -.0001911
T 7947 19 .1519188E+11   1100022E-01  .1638E+01 -.2654E+02   .9999999  .0000686 -.0003714
T 7948 19 .1519146E+11   1100023E-01 -.1084E+02 -.6180E+00   .9999999 -.0002175 -.0000121
T 7949 19 .1519353E+11   1100005E-01 -.2873E+02  .2115E+02   .9999999 -.0002748  .0002990
T 7950 19 .1519367E+11   1100017E-01  .1041E+02  .2240E+02   .9999999  .0000918  .0003142
T 7951 19 .1519250E+11   1100005E-01 -.1794E+02  .2128E+01   .9999999 -.0003435  .0000719
T 7952 19 .1519119E+11   1100016E-01 -.7907E+01  .1926E+01   .9999999 -.0000560 -.0000080
T 7953 19 .1519352E+11   1100013E-01 -.3221E+01 -.9167E+01   .9999999 -.0000889 -.0000959
T 7954 19 .1519180E+11   1100016E-01 -.2415E+01 -.5725E+01   .9999999  .0001099 -.0002854
T 7955 19 .1519233E+11   1100002E-01  .1031E+02  .2045E+01   .9999999  .0002089  .0000532
T 7956 19 .1519251E+11   1100019E-01  .1958E+01  .1323E+01   .9999999 -.0000069 -.0000809
T 7957 19 .1519207E+11   1100020E-01  .6040E+01  .8150E+01   .9999999 -.0000119  .0001240
T 7958 19 .1519339E+11   1100023E-01  .9030E+01 -.2172E+00   .9999999  .0000091  .0000245
T 7959 19 .1519188E+11   1100018E-01 -.7415E+00  .2770E+01   .9999999  .0000037  .0001091
T 7960 19 .1519106E+11   1100022E-01  .1759E+01  .7381E+01   .9999999  .0000657  .0000090
T 7961 19 .1519265E+11   1100012E-01 -.1347E+02 -.1660E+02   .9999999 -.0002673 -.0002229
T 7962 19 .1519202E+11   1100022E-01 -.5774E+01  .5478E+01   .9999999 -.0000530  .0000714
T 7963 19 .1519296E+11   1100008E-01 -.6092E+01 -.1463E+01   .9999999 -.0000921 -.0000166
T 7964 19 .1519157E+11   1100022E-01  .5647E+01  .1755E+01   .9999999  .0001675  .0000158
T 7965 19 .1519305E+11   1100016E-01 -.7514E+01 -.5159E+01   .9999999 -.0000656 -.0001627
T 7966 19 .1519142E+11   1100007E-01 -.1231E+01 -.1072E+01   .9999999  .0000170  .0000428
T 7967 19 .1519199E+11   1100019E-01 -.1179E+00 -.2496E+00   .9999999 -.0000355  .0000922
T 7968 19 .1519200E+11   1100019E-01  .7638E+01 -.4187E+01   .9999999  .0001757 -.0001490
T 7969 19 .1519246E+11   1100000E-01 -.1464E+02  .8965E+01   .9999999 -.0002085  .0001023
T 7970 19 .1519346E+11   1100008E-01  .2230E+01  .2528E+01   .9999999 -.0000609  .0001080
T 7971 19 .1519177E+11   1100020E-01  .6248E+00  .2341E+00   .9999999 -.0000260  .0000468
T 7972 19 .1519176E+11   1100015E-01 -.8582E+00 -.1327E+02   .9999999  .0000329 -.0003402
T 7973 19 .1519364E+11   1100001E-01 -.2450E+01  .5341E+01   .9999999  .0000016 -.0000537
T 7974 19 .1519359E+11   1100014E-01  .2141E+02  .8276E+01   .9999999  .0003888  .0002538
T 7975 19 .1519368E+11   1100004E-01 -.7022E+00 -.1310E+00   .9999999 -.0000019  .0000604
T 7976 19 .1519269E+11   1100018E-01 -.4681E+01 -.4572E+01   .9999999 -.0000500  .0000042
T 7977 19 .1519250E+11   1100023E-01  .3279E+01 -.3202E+01   .9999999  .0001888  .0000590
T 7978 19 .1519295E+11   1100013E-01  .6351E+01  .1121E+02   .9999999  .0001963  .0002220
T 7979 19 .1519146E+11   1100011E-01 -.1131E+02  .1011E+02   .9999999 -.0000985  .0001058
T 7980 19 .1519230E+11   1100020E-01  .3208E+02  .9044E+01   .9999999  .0003555  .0000635
T 7981 19 .1519261E+11   1100020E-01 -.4154E+01  .3007E+01   .9999999 -.0000101  .0000884
T 7982 19 .1519353E+11   1100000E-01  .3834E+01 -.8725E+01   .9999999  .0000454 -.0001524
T 7983 19 .1519281E+11   1100016E-01 -.6636E+00 -.5010E-01   .9999999 -.0000507 -.0000758
T 7984 19 .1519304E+11   1100004E-01 -.1036E+01  .1527E+01   .9999999 -.0000643  .0001127
T 7985 19 .1519260E+11   1100008E-01 -.1789E+02  .8634E+01   .9999999 -.0003958  .0001193
T 7986 19 .1519252E+11   1100000E-01  .1759E+02 -.7743E+01   .9999999  .0002685 -.0001140
T 7987 19 .1519354E+11   1100015E-01  .8987E+01 -.8843E+01   .9999999  .0002648 -.0003096
T 7988 19 .1519309E+11   1100021E-01 -.1689E+02  .2317E+02   .9999999 -.0001862  .0003070
T 7989 19 .1519345E+11   1100004E-01 -.5372E+01  .2486E+01   .9999999 -.0001407 -.0000241
T 7990 19 .1519204E+11   1100005E-01 -.4083E+01 -.4632E+01   .9999999 -.0000533 -.0000899
T 7991 19 .1519398E+11   1100018E-01 -.3178E+01 -.8329E+01   .9999999 -.0000438 -.0002106
T 7992 19 .1519338E+11   1100014E-01 -.3225E+01 -.8461E+01   .9999999  .0000406 -.0001084
T 7993 19 .1519217E+11   1100019E-01 -.2343E+02 -.2234E+01   .9999999 -.0003427  .0000343
T 7994 19 .1519179E+11   1100017E-01 -.7057E+01  .9266E+01   .9999999 -.0000387  .0000794
T 7995 19 .1519264E+11   1100018E-01  .5222E+01  .4287E-01   .9999999  .0000403  .0000228
T 7996 19 .1519228E+11   1100000E-01  .8945E+01 -.9318E+01   .9999999  .0001330 -.0001220
T 7997 19 .1519178E+11   1100003E-01  .3951E+01 -.5164E+01   .9999999 -.0000097 -.0000453
T 7998 19 .1519318E+11   1100003E-01  .5781E+01  .1099E+02   .9999999  .0001319  .0000945
T 7999 19 .1519261E+11   1100002E-01 -.5791E+01 -.1479E+01   .9999999 -.0000382  .0000063
T 8000 19 .1519337E+11   1100017E-01  .2174E+01  .4039E+01   .9999999  .0000395  .0000633
T 8001 19 .1519209E+11   1100016E-01 -.2215E+01 -.5401E+01   .9999999  .0000057 -.0000563
T 8002 19 .1519426E+11   1100020E-01  .3874E+02  .4444E+02   .9999998  .0004330  .0005029
T 8003 19 .1519362E+11   1100004E-01  .6296E+01  .6165E+01   .9999999  .0001859  .0000921
T 8004 19 .1519199E+11   1100003E-01 -.1111E+02 -.1395E+02   .9999999 -.0001717 -.0003102
T 8005 19 .1519282E+11   1100022E-01 -.1094E+02  .2816E+01   .9999999  .0000332 -.0000207
T 8006 19 .1519351E+11   1100005E-01 -.1166E+02  .1315E+02   .9999999 -.0001564  .0001918
T 8007 19 .1519186E+11   1100019E-01 -.8742E+01  .8258E+01   .9999999 -.0001874  .0000883
T 8008 19 .1519252E+11   1100021E-01  .7540E+01  .1287E+02   .9999999  .0002209  .0002372
T 8009 19 .1519247E+11   1100019E-01  .4065E+01 -.1472E+02   .9999999  .0000367 -.0001677
T 8010 19 .1519230E+11   1100014E-01 -.9708E+01 -.7607E+01   .9999999 -.0001608  .0000408
T 8011 19 .1519473E+11   1100010E-01 -.4737E+02 -.1862E+02   .9999999 -.0002762 -.0003097
T 8012 19 .1519244E+11   1100001E-01  .8305E+01  .4256E+01   .9999999  .0002454  .0000283
T 8013 19 .1519241E+11   1100001E-01  .7069E+01 -.4767E+00   .9999999  .0000854  .0000043
T 8014 19 .1519240E+11   1100022E-01 -.3748E+01  .1005E+02   .9999999 -.0000482  .0002460
T 8015 19 .1519200E+11   1100010E-01 -.1272E+01 -.1850E+01   .9999999 -.0000110 -.0000456
T 8016 19 .1519321E+11   1100001E-01  .2060E+02  .1137E+02   .9999999  .0002376  .0001293
T 8017 19 .1519360E+11   1100013E-01 -.1196E+02 -.6802E+00   .9999999 -.0000451 -.0000126
T 8018 19 .1519266E+11   1100009E-01 -.5721E+01 -.4043E+01   .9999999 -.0000592 -.0000582
T 8019 19 .1519333E+11   1100021E-01  .6956E+01 -.1373E+01   .9999999  .0001553  .0000624
T 8020 19 .1519211E+11   1100019E-01  .4789E+00  .1471E+01   .9999999 -.0000423 -.0000506
T 8021 19 .1519181E+11   1100020E-01 -.1309E+01 -.3760E+01   .9999999 -.0000126  .0000668
T 8022 19 .1519223E+11   1100016E-01  .1626E+01  .6486E+01   .9999999 -.0000488  .0002598
T 8023 19 .1519299E+11   1100010E-01  .1590E+02  .3332E+01   .9999999  .0003247 -.0000046
T 8024 19 .1519364E+11   1100022E-01  .2809E+01 -.2210E+01   .9999999 -.0000480 -.0001180
T 8025 19 .1519305E+11   1100003E-01 -.2332E+02  .4128E+01   .9999999 -.0003654  .0000811
T 8026 19 .1519382E+11   1100011E-01  .7850E+01  .5299E+00   .9999999  .0000789  .0000467
T 8027 19 .1519332E+11   1100018E-01 -.8116E+01 -.7689E+01   .9999999 -.0001901 -.0002628
T 8028 19 .1519272E+11   1100018E-01 -.4466E+01  .6435E+01   .9999999  .0000069  .0000278
T 8029 19 .1519149E+11   1100015E-01  .5603E+01  .2042E+02   .9999999  .0001221  .0004120
T 8030 19 .1519328E+11   1100022E-01 -.2175E+01  .1978E+02   .9999999  .0000687  .0003327
T 8031 19 .1519252E+11   1100022E-01 -.3773E+01  .2037E+02   .9999999  .0000418  .0003664
T 8032 19 .1519265E+11   1100005E-01 -.9829E+01 -.4207E+01   .9999999 -.0000829  .0000157
T 8033 19 .1519462E+11   1100012E-01 -.7084E+01  .1193E+02   .9999999 -.0001369  .0001952
T 8034 19 .1519338E+11   1100019E-01 -.1175E+02  .5702E+01   .9999999 -.0002002  .0000234
T 8035 19 .1519272E+11   1100015E-01  .3807E+01 -.1675E+01   .9999999  .0001498 -.0000539
T 8036 19 .1519361E+11   1100005E-01 -.6177E+01 -.6479E+01   .9999999 -.0001717 -.0000302
T 8037 19 .1519296E+11   1100006E-01  .5915E+01 -.1301E+02   .9999999  .0001310 -.0003381
T 8038 19 .1519356E+11   1100021E-01 -.2106E+01 -.4611E+01   .9999999 -.0000198 -.0000887
T 8039 19 .1519188E+11   1100008E-01  .1736E+00 -.4365E+01   .9999999 -.0000705 -.0000586
T 8040 19 .1519255E+11   1100014E-01  .2839E+00  .1714E+01   .9999999  .0000359 -.0000966
T 8041 19 .1519402E+11   1100000E-01  .2000E+02  .8215E+01   .9999999  .0003034  .0002661
T 8042 19 .1519325E+11   1100006E-01 -.1685E+02  .3079E+01   .9999999 -.0002489  .0000399
T 8043 19 .1519358E+11   1100005E-01 -.2199E+00 -.2805E+01   .9999999  .0000606 -.0000891
T 8044 19 .1519277E+11   1100008E-01 -.5925E+01  .2281E+01   .9999999 -.0000038  .0001072
T 8045 19 .1519328E+11   1100000E-01 -.1441E+01  .9777E+01   .9999999 -.0000233  .0001581
T 8046 19 .1519395E+11   1100000E-01  .2252E+02 -.1287E+02   .9999999  .0002386 -.0001911
T 8047 19 .1519263E+11   1100010E-01 -.1816E+02  .1091E+02   .9999999 -.0002603  .0001984
T 8048 19 .1519219E+11   1100017E-01  .8429E-02 -.5944E-01   .9999999  .0000003  .0000623
T 8049 19 .1519239E+11   1100010E-01  .8787E+01  .1449E+01   .9999999  .0001813 -.0000817
T 8050 19 .1519282E+11   1100021E-01  .1490E+02 -.3118E+01   .9999999  .0002019 -.0001144
T 8051 19 .1519294E+11   1100016E-01  .5441E+01  .1167E+01   .9999999  .0001445  .0000816
T 8052 19 .1519356E+11   1100005E-01  .1320E+02 -.3809E+01   .9999999  .0000780 -.0001014
T 8053 19 .1519251E+11   1100013E-01  .1628E+01 -.3490E+01   .9999999  .0001548 -.0001413
T 8054 19 .1519391E+11   1100020E-01  .4847E+01 -.2843E+01   .9999999  .0000604 -.0000820
T 8055 19 .1519203E+11   1100019E-01  .4516E+00  .6666E+01   .9999999 -.0000596  .0000940
T 8056 19 .1519336E+11   1100022E-01 -.8223E+01  .2800E+01   .9999999 -.0001804  .0000093
T 8057 19 .1519319E+11   1100012E-01  .1446E+02 -.1922E+01   .9999999  .0001614  .0000056
T 8058 19 .1519216E+11   1100006E-01 -.1278E+02  .1084E+02   .9999999 -.0001680  .0001871
T 8059 19 .1519262E+11   1100020E-01 -.9820E+01 -.1499E+02   .9999999  .0000004 -.0000909
T 8060 19 .1519287E+11   1100011E-01  .7327E+01  .5306E+01   .9999999  .0000558 -.0000209
T 8061 19 .1519264E+11   1100008E-01 -.2531E+01 -.3934E+01   .9999999  .0000416  .0000082
T 8062 19 .1519372E+11   1100018E-01 -.1048E+00 -.4103E+01   .9999999 -.0000264 -.0000535
T 8063 19 .1519194E+11   1100019E-01 -.3487E+01 -.4946E+01   .9999999 -.0000753 -.0000926
T 8064 19 .1519278E+11   1100008E-01 -.1547E+01 -.5002E+01   .9999999 -.0002007 -.0000287
T 8065 19 .1519242E+11   1100007E-01  .1180E+01 -.6144E+01   .9999999 -.0000182 -.0000509
T 8066 19 .1519320E+11   1100019E-01 -.1389E+00  .3980E+01   .9999999  .0000174 -.0000128
T 8067 19 .1519325E+11   1100008E-01  .1040E+02  .1517E+02   .9999999  .0001992  .0002994
T 8068 19 .1519113E+11   1100009E-01  .1365E+02  .2331E+02   .9999999  .0000210  .0003344
T 8069 19 .1519206E+11   1100021E-01 -.1486E+02  .7585E+01   .9999999 -.0002599  .0001668
T 8070 19 .1519344E+11   1100000E-01 -.1811E+01 -.2136E+01   .9999999  .0000009  .0000808
T 8071 19 .1519086E+11   1100022E-01  .1442E+02  .1262E+02   .9999999  .0004516 -.0000781
T 8072 19 .1519254E+11   1100006E-01 -.9829E+01  .5515E+01   .9999999 -.0002032  .0001113
T 8073 19 .1519234E+11   1100022E-01  .1426E+02 -.1045E+02   .9999999  .0000863 -.0001356
T 8074 19 .1519108E+11   1100020E-01 -.1196E+01  .1872E+01   .9999999 -.0001668  .0000939
T 8075 19 .1519315E+11   1100015E-01 -.1591E+01  .5995E+01   .9999999 -.0000124  .0001588
T 8076 19 .1519232E+11   1100012E-01  .9023E+01  .5364E+01   .9999999  .0001919  .0002080
T 8077 19 .1519281E+11   1100008E-01  .1212E+02 -.5940E+01   .9999999  .0001802 -.0000858
T 8078 19 .1519310E+11   1100019E-01  .1357E+02  .1326E+02   .9999993  .0008710  .0007641
T 8079 19 .1519245E+11   1100019E-01 -.3234E+01 -.2026E+01   .9999999 -.0000666 -.0000338
T 8080 19 .1519272E+11   1100017E-01 -.9638E+00  .2023E+02   .9999999 -.0001710  .0003090
T 8081 19 .1519142E+11   1100015E-01  .1043E+02  .2125E+01   .9999999  .0002154  .0000495
T 8082 19 .1519309E+11   1100007E-01  .4300E+01 -.2171E+01   .9999999  .0001629 -.0001048
T 8083 19 .1519264E+11   1100004E-01  .7250E+01 -.1275E+01   .9999999  .0000295 -.0000132
T 8084 19 .1519225E+11   1100011E-01  .1027E+02 -.5572E+01   .9999999  .0002158 -.0001041
T 8085 19 .1519254E+11   1100008E-01 -.4323E+00  .7578E+01   .9999999  .0000671  .0000266
T 8086 19 .1519325E+11   1100015E-01  .1673E+02 -.6034E+01   .9999999  .0002679 -.0000163
T 8087 19 .1519383E+11   1100020E-01 -.4316E+01  .1520E+02   .9999999 -.0000125  .0002359
T 8088 19 .1519378E+11   1100020E-01  .1045E+02 -.1628E+02   .9999999  .0002203 -.0001943
T 8089 19 .1519107E+11   1100005E-01 -.6813E+01 -.4802E+01   .9999999 -.0001289 -.0000428
T 8090 19 .1519266E+11   1100008E-01 -.1704E+01 -.9361E+01   .9999999 -.0000609 -.0000555
T 8091 19 .1519381E+11   1100018E-01 -.5209E+01  .1370E+02   .9999999 -.0000968  .0002072
T 8092 19 .1519190E+11   1100022E-01  .4613E+01  .1536E+00   .9999999  .0000415  .0001244
T 8093 19 .1519282E+11   1100010E-01  .5953E+01  .7889E+01   .9999999  .0000730  .0001238
T 8094 19 .1519252E+11   1100016E-01  .9595E+01  .6762E+01   .9999999  .0001033  .0000358
T 8095 19 .1519272E+11   1100007E-01 -.1528E+02  .5592E+01   .9999999 -.0002320 -.0000379
T 8096 19 .1519129E+11   1100017E-01 -.8718E+01  .8341E+01   .9999999 -.0000848  .0000658
T 8097 19 .1519274E+11   1100022E-01  .3734E+01 -.2213E+01   .9999999  .0001108  .0000370
T 8098 19 .1519191E+11   1100014E-01 -.6494E+01 -.7195E+01   .9999999 -.0000065 -.0000839
T 8099 19 .1519226E+11   1100002E-01  .4194E+00  .3516E+01   .9999999 -.0000188  .0001251
T 8100 19 .1519312E+11   1100020E-01  .8285E+01  .1173E+02   .9999999  .0001423  .0001997
T 8101 19 .1519235E+11   1100018E-01 -.1860E+01  .8099E+01   .9999999 -.0001137  .0000767
T 8102 19 .1519383E+11   1100003E-01  .6749E+01  .2984E+01   .9999999  .0001074  .0000875
T 8103 19 .1519246E+11   1100011E-01  .2496E+01  .3264E+01   .9999999  .0001648  .0000861
T 8104 19 .1519274E+11   1100011E-01 -.2215E+01  .6679E+01   .9999999 -.0000312  .0001416
T 8105 19 .1519411E+11   1100003E-01  .6302E+01 -.1213E+02   .9999999  .0001701 -.0003135
T 8106 19 .1519301E+11   1100021E-01 -.1167E+01  .1729E+02   .9999999 -.0000617  .0002914
T 8107 19 .1519291E+11   1100003E-01  .1570E+02 -.4996E+01   .9999999  .0000889 -.0002062
T 8108 19 .1519349E+11   1100019E-01  .2223E+02 -.1396E+02   .9999999  .0003994 -.0001883
T 8109 19 .1519285E+11   1100014E-01  .2890E+00 -.7200E+01   .9999999  .0000461 -.0001465
T 8110 19 .1519200E+11   1100020E-01  .2171E+01 -.1010E+02   .9999999  .0000521 -.0004205
T 8111 19 .1519204E+11   1100016E-01 -.8263E+01 -.4360E+01   .9999999  .0000855  .0000577
T 8112 19 .1519373E+11   1100017E-01  .3298E+01  .3176E+01   .9999999  .0001041  .0000956
T 8113 19 .1519127E+11   1100010E-01 -.7716E+01 -.6651E+01   .9999999 -.0000198 -.0001264
T 8114 19 .1519138E+11   1100009E-01 -.7397E+01  .1660E+01   .9999999 -.0000888  .0000107
T 8115 19 .1519260E+11   1100006E-01  .1353E+02  .8100E+01   .9999999  .0001846  .0001798
T 8116 19 .1519252E+11   1100003E-01  .4610E+01  .4723E+01   .9999999  .0000132  .0001305
T 8117 19 .1519333E+11   1100023E-01 -.3090E+01  .6126E+01   .9999999  .0002124  .0001760
T 8118 19 .1519221E+11   1100022E-01 -.9691E+01 -.8138E+00   .9999999 -.0000639  .0000593
T 8119 19 .1519226E+11   1100019E-01  .5475E+01 -.5263E+01   .9999999  .0001070 -.0000558
T 8120 19 .1519236E+11   1100003E-01 -.3512E+01 -.1707E+02   .9999999 -.0001144 -.0003648
T 8121 19 .1519162E+11   1100016E-01 -.3047E+01 -.3147E+01   .9999999 -.0000286 -.0000401
T 8122 19 .1519401E+11   1100001E-01  .7868E+01  .7039E+01   .9999999  .0003343  .0000929
T 8123 19 .1519265E+11   1100002E-01  .2968E+01  .8300E+01   .9999999  .0000131  .0000592
T 8124 19 .1519231E+11   1100021E-01  .1628E+01  .6617E+01   .9999999  .0000576  .0001118
T 8125 19 .1519336E+11   1100021E-01  .2255E+01 -.6131E+00   .9999999 -.0000064  .0000447
T 8126 19 .1519157E+11   1100013E-01  .2908E+01 -.9696E+00   .9999999  .0000555  .0000293
T 8127 19 .1519275E+11   1100017E-01 -.1451E+02  .1673E+01   .9999999 -.0002290  .0000448
T 8128 19 .1519256E+11   1100022E-01  .8320E+01 -.1873E+02   .9999999  .0000559 -.0002374
T 8129 19 .1519225E+11   1100020E-01 -.1167E+02 -.6940E+01   .9999999 -.0001726 -.0000644
T 8130 19 .1519316E+11   1100020E-01  .1172E+02 -.2750E+01   .9999999  .0000828 -.0000695
T 8131 19 .1519294E+11   1100004E-01 -.5760E+00  .1154E+02   .9999999 -.0000066  .0001836
T 8132 19 .1519313E+11   1100012E-01 -.1535E+02 -.1721E+02   .9999999 -.0002130 -.0002262
T 8133 19 .1519213E+11   1100018E-01 -.1310E+02  .4834E+01   .9999999 -.0003361  .0002009
T 8134 19 .1519237E+11   1100015E-01  .1131E+02  .2881E+02   .9999999  .0001332  .0002256
T 8135 19 .1519410E+11   1100009E-01 -.3551E+01  .3506E+00   .9999999 -.0000925  .0000238
T 8136 19 .1519180E+11   1100019E-01  .6270E+01  .3816E+01   .9999999  .0000308 -.0000098
T 8137 19 .1519341E+11   1100016E-01  .5345E+01  .3899E+01   .9999999  .0000917  .0000911
T 8138 19 .1519295E+11   1100004E-01  .8379E-01  .4394E+01   .9999999 -.0001428  .0001811
T 8139 19 .1519356E+11   1100016E-01 -.1059E+02 -.7121E+01   .9999999 -.0001311 -.0000156
T 8140 19 .1519287E+11   1100008E-01  .9640E+01 -.1165E+02   .9999999  .0001134 -.0001633
T 8141 19 .1519316E+11   1100001E-01 -.7730E+01  .2453E+01   .9999999 -.0001334  .0000671
T 8142 19 .1519154E+11   1100011E-01  .2175E+02  .8731E+01   .9999984 -.0016867 -.0005098
T 8143 19 .1519205E+11   1100009E-01  .4872E+01  .1979E+02   .9999999  .0001020  .0001759
T 8144 19 .1519252E+11   1100022E-01  .5407E+01 -.3737E+01   .9999999  .0001314 -.0000562
T 8145 19 .1519145E+11   1100019E-01  .2854E+01  .8047E+01   .9999999  .0000151  .0000959
T 8146 19 .1519289E+11   1100005E-01  .4639E+01  .3630E+01   .9999999  .0000391 -.0000074
T 8147 19 .1519331E+11   1100014E-01  .5907E+01  .4816E+01   .9999999  .0001150  .0001488
T 8148 19 .1519208E+11   1100020E-01  .6390E+01  .1215E+01   .9999999  .0001720 -.0000826
T 8149 19 .1519214E+11   1100011E-01  .2316E+01 -.3908E+02   .9999999  .0000071 -.0005361
T 8150 19 .1519272E+11   1100022E-01 -.7364E+01  .1891E+01   .9999999 -.0000799 -.0000174
T 8151 19 .1519209E+11   1100012E-01  .7458E+01  .4478E+01   .9999999  .0001347  .0000321
T 8152 19 .1519184E+11   1100016E-01 -.1242E+02  .8366E+01   .9999999 -.0000852  .0000163
T 8153 19 .1519224E+11   1100009E-01  .1750E+02 -.1220E+02   .9999999  .0002730 -.0001888
T 8154 19 .1519231E+11   1100019E-01  .2764E+01 -.1716E+02   .9999999  .0001024 -.0001325
T 8155 19 .1519419E+11   1100011E-01 -.9190E+01 -.6675E+01   .9999999 -.0001338 -.0000933
T 8156 19 .1519249E+11   1100016E-01 -.4390E+01 -.2627E+01   .9999999  .0000049 -.0000839
T 8157 19 .1519186E+11   1100023E-01  .1118E+01  .3825E+01   .9999999  .0000395 -.0000374
T 8158 19 .1519430E+11   1100016E-01  .1403E+01 -.6325E+01   .9999999 -.0000955 -.0000654
T 8159 19 .1519284E+11   1100002E-01  .2725E+02 -.4789E+02   .9999997  .0003328 -.0006745
T 8160 19 .1519062E+11   1100007E-01  .4086E+01  .1468E+02   .9999999  .0000975  .0001772
T 8161 19 .1519255E+11   1100018E-01 -.2078E+02 -.8137E+01   .9999999 -.0004089  .0000245
T 8162 19 .1519274E+11   1100017E-01 -.1582E+02 -.2582E+01   .9999999 -.0002319 -.0001384
T 8163 19 .1519295E+11   1100017E-01  .1898E+01 -.4860E+01   .9999999  .0000951 -.0000346
T 8164 19 .1519421E+11   1100016E-01 -.9692E+01  .7607E+01   .9999999 -.0001766  .0001179
T 8165 19 .1519216E+11   1100006E-01  .5355E+01 -.4164E+01   .9999999 -.0000523 -.0000746
T 8166 19 .1519280E+11   1100002E-01 -.8717E+01  .3390E+01   .9999999 -.0002173 -.0000311
T 8167 19 .1519298E+11   1100008E-01 -.5499E+02  .4740E+02   .9999998 -.0005151  .0002300
T 8168 19 .1519286E+11   1100017E-01  .6812E+02  .1077E+02   .9999991  .0013201  .0001604
T 8169 19 .1519265E+11   1100020E-01 -.1753E+02 -.2536E+01   .9999999 -.0002666  .0000278
T 8170 19 .1519265E+11   1100009E-01 -.5236E+01 -.5083E+01   .9999999 -.0001239  .0000477
T 8171 19 .1519167E+11   1100013E-01  .9054E+01  .1909E+01   .9999999  .0001840 -.0000194
T 8172 19 .1519234E+11   1100000E-01  .6765E+00  .2081E+00   .9999999 -.0000407 -.0000960
T 8173 19 .1519218E+11   1100011E-01  .1642E+02  .1753E+02   .9999999  .0002721  .0003699
T 8174 19 .1519175E+11   1100020E-01  .1497E+01  .2781E+01   .9999999 -.0000122 -.0000039
T 8175 19 .1519203E+11   1100019E-01  .1937E+02 -.7606E+01   .9999999  .0000849 -.0001088
T 8176 19 .1519258E+11   1100005E-01 -.1137E+01  .6100E+01   .9999999  .0000723  .0000977
T 8177 19 .1519182E+11   1100021E-01  .3659E+01 -.2322E+01   .9999999  .0002507 -.0000431
T 8178 19 .1519175E+11   1100000E-01 -.5694E+01  .3905E+01   .9999999 -.0000409  .0000619
T 8179 19 .1519372E+11   1100022E-01  .8401E+01 -.1316E+01   .9999999  .0001602 -.0000335
T 8180 19 .1519156E+11   1100011E-01  .5121E+01  .1147E+02   .9999999  .0000398  .0000652
T 8181 19 .1519291E+11   1100000E-01 -.5911E+01 -.3915E+01   .9999999 -.0000423 -.0000794
T 8182 19 .1519242E+11   1100008E-01 -.1762E+02 -.3854E+01   .9999999 -.0002589  .0000264
T 8183 19 .1519300E+11   1100001E-01 -.9322E+01 -.5851E+01   .9999999 -.0000964 -.0001659
T 8184 19 .1519405E+11   1100023E-01  .7870E+01  .5883E+01   .9999999  .0001983  .0001081
T 8185 19 .1519232E+11   1100022E-01 -.8855E+00 -.1516E+02   .9999999  .0003792  .0000911
T 8186 19 .1519292E+11   1100003E-01  .1105E+02 -.4487E+01   .9999999  .0001096 -.0000638
T 8187 19 .1519239E+11   1100001E-01  .1962E+02 -.2157E+02   .9999999 -.0000738 -.0002709
T 8188 19 .1519229E+11   1100001E-01  .9048E+01 -.3250E+02   .9999999  .0000502 -.0002956
T 8189 19 .1519177E+11   1100016E-01  .3733E+01 -.4167E+01   .9999999  .0000184 -.0000376
T 8190 19 .1519274E+11   1100020E-01 -.3119E+00  .7796E+01   .9999999 -.0000545  .0001313
T 8191 19 .1519271E+11   1100015E-01  .8308E+01 -.1230E+02   .9999999  .0000605 -.0001763
T 8192 19 .1519286E+11   1100011E-01 -.1492E+02  .1261E+01   .9999999 -.0002032  .0000407
T 8193 19 .1519227E+11   1100012E-01 -.4877E+01 -.6216E+01   .9999999 -.0000758 -.0001466
T 8194 19 .1519295E+11   1100004E-01  .1871E+02 -.7650E+01   .9999999  .0003337 -.0001360
T 8195 19 .1519257E+11   1100009E-01  .5924E+01  .4320E+01   .9999999 -.0000816 -.0000143
T 8196 19 .1519155E+11   1100017E-01  .9962E+01 -.5964E+01   .9999999  .0000026 -.0001512
T 8197 19 .1519239E+11   1100015E-01  .9654E+01  .2009E+02   .9999999  .0000820  .0002554
T 8198 19 .1519274E+11   1100012E-01 -.9386E+01  .2695E+01   .9999999 -.0002510  .0000556
T 8199 19 .1519261E+11   1100015E-01  .1498E+01  .7721E+01   .9999999 -.0000779  .0000572
T 8200 19 .1519294E+11   1100018E-01 -.1588E+02  .8869E+01   .9999999 -.0001888  .0000023
T 8201 19 .1519258E+11   1100009E-01  .7041E+01  .7207E+01   .9999999  .0001498  .0001282
T 8202 19 .1519312E+11   1100012E-01 -.1578E+01  .9352E+01   .9999999  .0000518  .0001855
T 8203 19 .1519328E+11   1100019E-01 -.8272E+00  .1257E+01   .9999999  .0000207  .0000287
T 8204 19 .1519468E+11   1100005E-01 -.6721E+01 -.5751E+01   .9999999 -.0000927 -.0001185
T 8205 19 .1519347E+11   1100017E-01  .1513E+01 -.1531E+00   .9999999  .0000834 -.0001344
T 8206 19 .1519320E+11   1100022E-01 -.9165E+00  .1612E+02   .9999999 -.0000287  .0002511
T 8207 19 .1519188E+11   1100006E-01  .8935E+01 -.4566E+01   .9999999  .0001850  .0000318
T 8208 19 .1519258E+11   1100004E-01 -.1905E+01  .8527E+00   .9999999  .0000055  .0000125
T 8209 19 .1519314E+11   1100007E-01  .6487E+01 -.1782E+02   .9999999  .0001014 -.0002285
T 8210 19 .1519140E+11   1100014E-01 -.8851E+00  .7906E+01   .9999999  .0000114  .0001271
T 8211 19 .1519220E+11   1100019E-01 -.3196E+01 -.1423E+00   .9999999 -.0000234 -.0000932
T 8212 19 .1519322E+11   1100010E-01 -.2545E+01  .3529E+00   .9999999  .0000503  .0000071
T 8213 19 .1519281E+11   1100010E-01 -.1176E+01  .4806E+01   .9999999 -.0001182  .0000677
T 8214 19 .1519237E+11   1100022E-01 -.1839E+01 -.9956E+00   .9999999 -.0000567  .0000605
T 8215 19 .1519451E+11   1100006E-01  .1720E+01  .3034E+01   .9999999  .0001587  .0000860
T 8216 19 .1519226E+11   1100005E-01 -.7534E+01  .1321E+02   .9999999 -.0001872  .0003060
T 8217 19 .1519345E+11   1100016E-01  .6128E+01  .1594E+02   .9999999  .0002571  .0004000
T 8218 19 .1519189E+11   1100010E-01 -.1593E+01 -.7772E+01   .9999999 -.0000563 -.0000923
T 8219 19 .1519256E+11   1100015E-01  .1533E+02  .2522E+01   .9999999  .0002475  .0000359
T 8220 19 .1519370E+11   1100016E-01  .6816E+01  .1469E+02   .9999999  .0000548  .0001719
T 8221 19 .1519085E+11   1100018E-01 -.1428E+02 -.3240E+01   .9999999 -.0001377 -.0001138
T 8222 19 .1519230E+11   1100020E-01  .1647E+02  .4197E+01   .9999999  .0003023  .0000227
T 8223 19 .1519146E+11   1100021E-01  .4131E+01  .1395E+01   .9999999 -.0000494 -.0000040
T 8224 19 .1519158E+11   1100014E-01 -.9768E+01 -.5958E+01   .9999999 -.0002288 -.0000473
T 8225 19 .1519217E+11   1100012E-01  .2201E+01  .3464E+01   .9999999 -.0000098  .0001908
T 8226 19 .1519169E+11   1100019E-01  .2034E+02 -.3360E+02   .9999999  .0002101 -.0004679
T 8227 19 .1519246E+11   1100007E-01 -.8141E+01 -.5424E+01   .9999999 -.0000405  .0000117
T 8228 19 .1519349E+11   1100022E-01  .4514E+00  .1142E+02   .9999999  .0000552  .0002247
T 8229 19 .1519296E+11   1100009E-01  .2130E+02  .9448E+01   .9999999  .0002447 -.0000767
T 8230 19 .1519311E+11   1100020E-01 -.5809E+01  .8897E+01   .9999999 -.0000954  .0001530
T 8231 19 .1519208E+11   1100011E-01  .3058E+01  .5052E+01   .9999999  .0000596  .0000473
T 8232 19 .1519246E+11   1100020E-01  .4800E+01  .3201E+01   .9999999 -.0000545  .0001716
T 8233 19 .1519316E+11   1100014E-01 -.9556E+00  .7158E+01   .9999999 -.0001355  .0001136
T 8234 19 .1519236E+11   1100006E-01  .2359E+01 -.2830E+02   .9999999 -.0000239 -.0002353
T 8235 19 .1519176E+11   1100002E-01 -.8840E+01  .1247E+02   .9999999 -.0001551  .0002109
T 8236 19 .1519239E+11   1100022E-01 -.1016E+02  .3188E+01   .9999999 -.0000644 -.0000195
T 8237 19 .1519277E+11   1100011E-01 -.8112E+01 -.1102E+02   .9999999 -.0001076 -.0000933
T 8238 19 .1519286E+11   1100021E-01 -.3834E+01 -.1133E+02   .9999999 -.0000924 -.0001179
T 8239 19 .1519267E+11   1100018E-01 -.1085E+02  .4360E+01   .9999999 -.0001364  .0000255
T 8240 19 .1519309E+11   1100008E-01  .8028E+01  .7702E+01   .9999999  .0001013  .0001599
T 8241 19 .1519464E+11   1100018E-01 -.9775E+01 -.2043E+02   .9999999 -.0000832 -.0003397
T 8242 19 .1519315E+11   1100009E-01  .3661E+01 -.7391E+00   .9999999  .0000827 -.0000036
T 8243 19 .1519327E+11   1100017E-01 -.1045E+02  .2013E+02   .9999999 -.0001704  .0003772
T 8244 19 .1519258E+11   1100000E-01  .5237E+00 -.1721E+02   .9999999 -.0000263 -.0000574
T 8245 19 .1519298E+11   1100015E-01 -.1551E+02 -.1312E+02   .9999999 -.0001426 -.0002548
T 8246 19 .1519249E+11   1100003E-01  .2567E+01 -.1165E+01   .9999999  .0001086 -.0000724
T 8247 19 .1519353E+11   1100011E-01 -.1981E+01  .5399E+01   .9999999 -.0000797  .0000612
T 8248 19 .1519378E+11   1100018E-01 -.1000E+02  .1905E+01   .9999999 -.0000913 -.0000623
T 8249 19 .1519228E+11   1100004E-01  .1841E+00  .1285E+02   .9999999  .0000556  .0002884
T 8250 19 .1519244E+11   1100019E-01 -.2288E+01 -.3665E+02   .9999999  .0000013 -.0004640
T 8251 19 .1519309E+11   1100000E-01 -.2019E+01 -.1429E+02   .9999999 -.0000662 -.0001646
T 8252 19 .1519299E+11   1100003E-01  .4602E+00 -.3734E+02   .9999999 -.0000271 -.0004899
T 8253 19 .1519160E+11   1100015E-01  .8001E+01  .2557E+02   .9999999  .0001430  .0004700
T 8254 19 .1519194E+11   1100001E-01  .9709E+01 -.2330E+01   .9999999  .0001807 -.0000429
T 8255 19 .1519299E+11   1100020E-01  .2857E+01  .4462E+01   .9999999  .0000188  .0000264
T 8256 19 .1519304E+11   1100003E-01 -.3176E+01  .1275E+01   .9999999 -.0001546 -.0000018
T 8257 19 .1519161E+11   1100022E-01 -.1029E+01  .8890E+00   .9999999  .0000435 -.0001630
T 8258 19 .1519194E+11   1100009E-01  .1764E+02  .9379E+01   .9999999  .0002525  .0000839
T 8259 19 .1519244E+11   1100011E-01  .9866E+01 -.1335E+01   .9999999  .0002391  .0000140
T 8260 19 .1519330E+11   1100010E-01  .2103E+02 -.6568E+01   .9999999  .0003607  .0000058
T 8261 19 .1519219E+11   1100009E-01 -.8610E+01  .6175E+01   .9999999 -.0001083 -.0000125
T 8262 19 .1519210E+11   1100019E-01  .4380E+01 -.3739E+01   .9999999  .0001160 -.0000698
T 8263 19 .1519309E+11   1100021E-01  .2834E+01  .3074E+01   .9999999  .0000800  .0001652
T 8264 19 .1519259E+11   1100001E-01 -.1089E+02 -.1124E+02   .9999999 -.0002121 -.0001790
T 8265 19 .1519305E+11   1100000E-01 -.1423E+02 -.4152E+00   .9999999 -.0001404 -.0000892
T 8266 19 .1519245E+11   1100014E-01 -.3003E+01 -.7462E+01   .9999999 -.0000591 -.0001586
T 8267 19 .1519251E+11   1100016E-01 -.4092E+01 -.4166E+01   .9999999 -.0001260 -.0002195
T 8268 19 .1519369E+11   1100008E-01 -.1540E+01  .8525E+01   .9999999  .0000414  .0001190
T 8269 19 .1519294E+11   1100009E-01 -.6622E+01  .3969E+01   .9999999 -.0000018  .0000436
T 8270 19 .1519254E+11   1100015E-01  .3045E+02  .2895E+02   .9999999  .0003532  .0002087
T 8271 19 .1519249E+11   1100001E-01  .1287E+01 -.9759E+01   .9999999  .0000351 -.0000663
T 8272 19 .1519240E+11   1100018E-01 -.2974E+01 -.4373E+01   .9999999 -.0000123  .0000868
T 8273 19 .1519155E+11   1100019E-01 -.1560E+00  .3898E+01   .9999999  .0000449  .0000182
T 8274 19 .1519312E+11   1100019E-01  .3351E+01  .6260E+01   .9999999  .0000686  .0000484
T 8275 19 .1519217E+11   1100016E-01 -.2743E+01 -.1078E+02   .9999999 -.0000151 -.0002364
T 8276 19 .1519281E+11   1100002E-01  .1940E+02 -.4658E+00   .9999999  .0003363 -.0000523
T 8277 19 .1519227E+11   1100021E-01  .1872E+02 -.3267E+02   .9999998  .0003313 -.0005125
T 8278 19 .1519325E+11   1100022E-01  .4473E+00 -.7851E+01   .9999999 -.0002531 -.0000486
T 8279 19 .1519184E+11   1100021E-01  .8231E+01 -.1423E+02   .9999999  .0001275 -.0000991
T 8280 19 .1519222E+11   1100010E-01 -.9963E+01  .4552E+01   .9999999 -.0003033  .0001611
T 8281 19 .1519342E+11   1100003E-01  .3735E+01  .9959E+01   .9999999  .0001571  .0002525
T 8282 19 .1519206E+11   1100001E-01  .4382E+01 -.1801E+01   .9999999  .0000576 -.0001281
T 8283 19 .1519289E+11   1100019E-01  .6387E+01 -.6906E+01   .9999999  .0000761 -.0001741
T 8284 19 .1519257E+11   1100018E-01 -.4168E+01  .4380E+01   .9999999 -.0000696  .0001964
T 8285 19 .1519333E+11   1100003E-01 -.4602E+01 -.1432E+00   .9999999 -.0001392 -.0000138
T 8286 19 .1519251E+11   1100013E-01 -.3334E+02 -.3194E+02   .9999995 -.0006570 -.0007051
T 8287 19 .1519299E+11   1100013E-01 -.6930E+01  .1934E+02   .9999999 -.0001557  .0001979
T 8288 19 .1519236E+11   1100006E-01 -.1107E+02  .1162E+02   .9999999 -.0002093  .0001496
T 8289 19 .1519319E+11   1100012E-01  .3430E+01  .4527E+01   .9999999  .0000956  .0000143
T 8290 19 .1519297E+11   1100016E-01 -.9181E+00 -.3694E+02   .9999999  .0000365 -.0003794
T 8291 19 .1519256E+11   1100009E-01  .7199E+00 -.9590E+00   .9999999 -.0000855  .0000475
T 8292 19 .1519406E+11   1100005E-01  .1096E+02 -.1252E+02   .9999999  .0002229 -.0001254
T 8293 19 .1519323E+11   1100008E-01  .6169E+00  .4961E+01   .9999999  .0001668  .0000976
T 8294 19 .1519346E+11   1100008E-01 -.2236E+02 -.1373E+02   .9999999 -.0002584 -.0000745
T 8295 19 .1519139E+11   1100006E-01 -.1514E+02  .3564E+01   .9999999 -.0001787 -.0000119
T 8296 19 .1519365E+11   1100005E-01  .2177E+01 -.1452E+01   .9999999 -.0000168 -.0000423
T 8297 19 .1519233E+11   1100013E-01  .7940E+01  .7337E+02   .9999994 -.0001855  .0011003
T 8298 19 .1519213E+11   1100006E-01 -.9923E+01  .1034E+01   .9999999 -.0002948 -.0000617
T 8299 19 .1519281E+11   1100010E-01  .1565E+02  .6288E+00   .9999999  .0000634  .0000276
T 8300 19 .1519250E+11   1100022E-01  .3655E+00  .1537E+02   .9999999 -.0000609  .0000777
T 8301 19 .1519314E+11   1100006E-01  .9890E+00 -.5464E+00   .9999999  .0000186 -.0000225
T 8302 19 .1519217E+11   1100022E-01 -.4118E+01 -.1685E+01   .9999999 -.0000643  .0000142
T 8303 19 .1519213E+11   1100020E-01 -.1445E+02 -.9500E+01   .9999999 -.0002250 -.0002269
T 8304 19 .1519212E+11   1100016E-01 -.1256E+02  .1361E+02   .9999999 -.0000219  .0001358
T 8305 19 .1519360E+11   1100013E-01 -.1296E+02  .8421E+01   .9999999 -.0001720  .0000458
T 8306 19 .1519349E+11   1100017E-01  .9690E+01 -.1077E+02   .9999999  .0001300 -.0001116
T 8307 19 .1519243E+11   1100002E-01 -.1453E+02 -.1143E+02   .9999999 -.0002719 -.0001720
T 8308 19 .1519210E+11   1100008E-01 -.6217E+01 -.5280E+01   .9999999 -.0001865 -.0000509
T 8309 19 .1519234E+11   1100013E-01  .2484E+01 -.1817E+01   .9999999  .0000475 -.0000479
T 8310 19 .1519256E+11   1100008E-01 -.5032E+01 -.7051E+01   .9999999 -.0000107 -.0000484
T 8311 19 .1519196E+11   1100015E-01 -.6725E+01  .2296E+02   .9999999 -.0001219  .0003357
T 8312 19 .1519227E+11   1100003E-01 -.1169E+01  .1145E+02   .9999999 -.0000421  .0001374
T 8313 19 .1519166E+11   1100011E-01  .5983E+01 -.2302E+01   .9999999 -.0000043 -.0000346
T 8314 19 .1519195E+11   1100022E-01 -.6811E+00 -.9148E+01   .9999999 -.0000008 -.0000944
T 8315 19 .1519235E+11   1100015E-01  .5686E+01 -.9335E+01   .9999999  .0002075 -.0001811
T 8316 19 .1519115E+11   1100022E-01  .7835E+01 -.7361E+01   .9999999  .0001597 -.0000238
T 8317 19 .1519124E+11   1100012E-01  .1945E+01 -.7731E+01   .9999999  .0000936 -.0000058
T 8318 19 .1519207E+11   1100010E-01 -.3412E+01  .3359E+01   .9999999 -.0000467  .0000901
T 8319 19 .1519184E+11   1100018E-01  .5436E+01 -.2810E+01   .9999999  .0000419 -.0001151
T 8320 19 .1519303E+11   1100022E-01 -.1120E+02 -.6912E+00   .9999999 -.0001492 -.0000401
T 8321 19 .1519378E+11   1100001E-01 -.2449E+01 -.6024E+01   .9999999 -.0000973 -.0000433
T 8322 19 .1519158E+11   1100006E-01  .6472E+01 -.1065E+02   .9999999 -.0000107 -.0001333
T 8323 19 .1519188E+11   1100010E-01 -.4074E+01 -.4582E+01   .9999999 -.0000905 -.0002103
T 8324 19 .1519173E+11   1100020E-01 -.3792E+01 -.2662E+01   .9999999 -.0001072  .0000557
T 8325 19 .1519343E+11   1100013E-01 -.7489E+01 -.1165E+02   .9999999 -.0000988 -.0001739
T 8326 19 .1519266E+11   1100015E-01  .9719E+01  .2724E+00   .9999999  .0001263  .0000024
T 8327 19 .1519348E+11   1100002E-01  .5067E+01  .8598E+01   .9999999  .0000642  .0002096
T 8328 19 .1519324E+11   1100020E-01  .1280E+02  .9421E+01   .9999999  .0001839  .0001883
T 8329 19 .1519231E+11   1100011E-01  .4679E+01  .7706E+01   .9999999  .0001148  .0001603
T 8330 19 .1519285E+11   1100000E-01  .2729E+01 -.7386E+01   .9999999  .0001128 -.0001111
T 8331 19 .1519404E+11   1100014E-01  .6679E+01 -.1267E+02   .9999999  .0000489 -.0001416
T 8332 19 .1519212E+11   1100003E-01  .7838E+01 -.4283E+00   .9999999  .0001129 -.0000606
T 8333 19 .1519300E+11   1100017E-01 -.1081E+01 -.6112E+01   .9999999 -.0000178 -.0000072
T 8334 19 .1519252E+11   1100009E-01 -.4875E+00 -.4380E+01   .9999999  .0000428 -.0000085
T 8335 19 .1519283E+11   1100015E-01 -.1163E+02  .1595E+01   .9999999 -.0001724 -.0000712
T 8336 19 .1519142E+11   1100001E-01 -.3009E+02  .3303E+02   .9999999 -.0003701  .0002620
T 8337 19 .1519298E+11   1100002E-01  .1697E+02 -.6907E+01   .9999999  .0004302 -.0001256
T 8338 19 .1519288E+11   1100014E-01 -.6694E+01  .5869E+01   .9999999 -.0000375  .0000723
T 8339 19 .1519311E+11   1100013E-01 -.9143E+01  .1819E+02   .9999999 -.0001071  .0001831
T 8340 19 .1519406E+11   1100006E-01 -.4590E+01  .1259E+02   .9999999 -.0000467  .0001101
T 8341 19 .1519377E+11   1100018E-01  .1910E+02  .3665E+00   .9999999  .0002664 -.0000247
T 8342 19 .1519269E+11   1100003E-01 -.3940E+02  .1207E+02   .9999999 -.0003872  .0001482
T 8343 19 .1519259E+11   1100011E-01 -.9311E-01  .1535E+02   .9999999 -.0000432  .0002722
T 8344 19 .1519267E+11   1100011E-01 -.2434E+01  .2549E+01   .9999999 -.0001323  .0000821
T 8345 19 .1519365E+11   1100011E-01  .8245E+01 -.1826E+02   .9999999  .0000422 -.0002784
T 8346 19 .1519339E+11   1100020E-01  .8010E+00 -.1219E+02   .9999999 -.0000172 -.0002296
T 8347 19 .1519229E+11   1100020E-01 -.9594E+01 -.1113E+01   .9999999 -.0001517  .0000397
T 8348 19 .1519328E+11   1100011E-01 -.1372E+01 -.1931E+01   .9999999 -.0000339 -.0000742
T 8349 19 .1519231E+11   1100011E-01  .7826E+01 -.6210E+01   .9999999  .0002039 -.0000408
T 8350 19 .1519286E+11   1100005E-01 -.3664E+01 -.4518E+01   .9999999 -.0000840 -.0000611
T 8351 19 .1519283E+11   1100004E-01  .2243E+02 -.4549E+01   .9999999  .0002333 -.0001231
T 8352 19 .1519289E+11   1100019E-01 -.1051E+01  .1585E+01   .9999999 -.0000185  .0000356
T 8353 19 .1519244E+11   1100023E-01  .5665E+01  .1281E+02   .9999999  .0000586  .0001284
T 8354 19 .1519287E+11   1100011E-01 -.5821E+01 -.1025E+02   .9999999 -.0001055 -.0001507
T 8355 19 .1519171E+11   1100015E-01  .8425E+01  .8507E+00   .9999999  .0001245 -.0000372
T 8356 19 .1519260E+11   1100021E-01  .2293E+02 -.1047E+02   .9999999  .0002076 -.0000450
T 8357 19 .1519306E+11   1100019E-01 -.1401E+01 -.7536E+01   .9999999 -.0000829 -.0001318
T 8358 19 .1519210E+11   1100004E-01 -.1615E+01  .3481E+02   .9999999 -.0001724  .0002155
T 8359 19 .1519330E+11   1100010E-01  .6181E+01  .1240E+01   .9999999  .0001869  .0000223
T 8360 19 .1519284E+11   1100011E-01 -.9437E+01 -.5345E+01   .9999999 -.0001566 -.0000372
T 8361 19 .1519326E+11   1100013E-01 -.1329E+01  .4291E+02   .9999998  .0000167  .0006697
T 8362 19 .1519300E+11   1100012E-01  .1206E+00 -.6815E+01   .9999999 -.0000273 -.0001457
T 8363 19 .1519282E+11   1100000E-01  .1049E+00 -.8304E+01   .9999999 -.0000508 -.0000155
T 8364 19 .1519202E+11   1100008E-01  .3509E+01  .2615E+01   .9999999  .0001153  .0000411
T 8365 19 .1519284E+11   1100020E-01  .6938E+01  .1559E+02   .9999999  .0002923  .0004308
T 8366 19 .1519232E+11   1100008E-01  .5825E+01 -.7952E+00   .9999999  .0001536 -.0000272
T 8367 19 .1519224E+11   1100019E-01 -.8570E+01  .1544E+01   .9999999 -.0000701 -.0000341
T 8368 19 .1519343E+11   1100021E-01  .4369E+01 -.5768E+00   .9999999 -.0000447  .0000158
T 8369 19 .1519261E+11   1100001E-01 -.1087E+02  .2280E+01   .9999999 -.0001154  .0000315
T 8370 19 .1519083E+11   1100017E-01  .6693E+00  .3378E+01   .9999999 -.0001361  .0000193
T 8371 19 .1519280E+11   1100010E-01  .2904E+01 -.8789E+01   .9999999  .0000697 -.0001194
T 8372 19 .1519174E+11   1100005E-01  .4711E+01 -.1070E+00   .9999999  .0000688 -.0000268
T 8373 19 .1519271E+11   1100001E-01 -.5461E+01  .9499E+01   .9999999 -.0000513  .0001100
T 8374 19 .1519331E+11   1100015E-01  .7183E+02  .1858E+02   .9999996  .0008628  .0003412
T 8375 19 .1519306E+11   1100014E-01 -.1790E+02 -.6382E+01   .9999999 -.0001198 -.0001062
T 8376 19 .1519171E+11   1100018E-01  .1326E+01  .1578E+02   .9999999  .0000296  .0002652
T 8377 19 .1519203E+11   1100017E-01 -.5507E+01 -.1333E+01   .9999999 -.0002154  .0000492
T 8378 19 .1519324E+11   1100021E-01  .1576E+01 -.2550E+01   .9999999 -.0000192 -.0000142
T 8379 19 .1519207E+11   1100017E-01 -.1495E+01 -.6832E+01   .9999999 -.0000879 -.0001176
T 8380 19 .1519301E+11   1100015E-01 -.1705E+02 -.5821E+01   .9999999 -.0001947 -.0001285
T 8381 19 .1519170E+11   1100022E-01 -.5207E+01 -.1596E+02   .9999999 -.0000718 -.0001264
T 8382 19 .1519213E+11   1100014E-01  .4439E+01 -.8543E+01   .9999999  .0000677 -.0000020
T 8383 19 .1519205E+11   1100018E-01 -.2640E+02 -.7084E+00   .9999999 -.0003248 -.0000324
T 8384 19 .1519249E+11   1100010E-01  .9738E+01 -.1615E+02   .9999999  .0002158 -.0001293
T 8385 19 .1519283E+11   1100004E-01  .9853E+01  .2385E+02   .9999999  .0002175  .0001577
T 8386 19 .1519286E+11   1100003E-01  .4890E+01 -.1584E+02   .9999999 -.0000262 -.0001865
T 8387 19 .1519333E+11   1100013E-01  .2830E+01  .4639E+01   .9999999  .0003397 -.0001689
T 8388 19 .1519380E+11   1100017E-01  .1121E+02 -.7017E+00   .9999999  .0000676 -.0000213
T 8389 19 .1519289E+11   1100002E-01  .1908E+02 -.4509E+01   .9999999  .0001675  .0000903
T 8390 19 .1519250E+11   1100005E-01 -.4367E+01  .1443E+01   .9999999 -.0001084  .0001255
T 8391 19 .1519197E+11   1100003E-01 -.8727E+00 -.5176E+01   .9999999 -.0000698 -.0000170
T 8392 19 .1519350E+11   1100016E-01  .2608E+01  .4348E+01   .9999999  .0000456  .0002501
T 8393 19 .1519224E+11   1100023E-01  .8918E+01  .2662E+01   .9999999 -.0000931  .0000598
T 8394 19 .1519318E+11   1100015E-01 -.3349E+00  .4620E+01   .9999999 -.0001032  .0001413
T 8395 19 .1519165E+11   1100015E-01 -.5123E+01  .1723E+02   .9999999 -.0002020  .0004296
T 8396 19 .1519237E+11   1100009E-01 -.1945E+02  .7481E+01   .9999999 -.0002860  .0001478
T 8397 19 .1519300E+11   1100006E-01  .5467E+01 -.5573E+00   .9999999  .0000711  .0000157
T 8398 19 .1519214E+11   1100010E-01  .8164E+01  .1558E+01   .9999999  .0001488 -.0000243
T 8399 19 .1519245E+11   1100000E-01  .1685E+02  .2697E+01   .9999999  .0003166  .0000752
T 8400 19 .1519238E+11   1100002E-01 -.1740E+02 -.3946E+01   .9999999 -.0002495 -.0000012
T 8401 19 .1519129E+11   1100003E-01 -.5446E+01 -.1003E+02   .9999999  .0000547 -.0000959
T 8402 19 .1519231E+11   1100003E-01  .2406E+01 -.1050E+02   .9999999  .0000847 -.0000984
T 8403 19 .1519225E+11   1100020E-01 -.1037E+02  .3471E+01   .9999999 -.0000852  .0000878
T 8404 19 .1519276E+11   1100013E-01 -.1989E+01 -.8445E+01   .9999999 -.0000830 -.0000597
T 8405 19 .1519302E+11   1100012E-01 -.5232E+01 -.3836E+01   .9999999 -.0002646 -.0001941
T 8406 19 .1519293E+11   1100009E-01  .1073E+02  .3466E+01   .9999999  .0002006  .0000017
T 8407 19 .1519226E+11   1100001E-01 -.9463E+01  .1227E+02   .9999999 -.0002133  .0001830
T 8408 19 .1519346E+11   1100001E-01  .1042E+01 -.9964E+01   .9999999 -.0000041 -.0001703
T 8409 19 .1519240E+11   1100023E-01  .2245E+02 -.1273E+02   .9999999  .0003452 -.0001239
T 8410 19 .1519249E+11   1100000E-01 -.1928E+02 -.6607E+01   .9999999 -.0002414 -.0000198
T 8411 19 .1519382E+11   1100001E-01  .4187E+01  .1678E+02   .9999999  .0000604  .0002389
T 8412 19 .1519303E+11   1100003E-01 -.8085E+00 -.7474E+01   .9999999 -.0000339 -.0000372
T 8413 19 .1519273E+11   1100011E-01 -.3422E+01  .1478E+02   .9999999 -.0001915  .0002716
T 8414 19 .1519193E+11   1100022E-01 -.1146E+02  .1546E+02   .9999999 -.0000962  .0003051
T 8415 19 .1519137E+11   1100006E-01 -.2112E+02  .2161E+01   .9999999 -.0002323  .0000278
T 8416 19 .1519232E+11   1100011E-01 -.1560E+01  .9898E+01   .9999999 -.0000590  .0000570
T 8417 19 .1519363E+11   1100021E-01  .5499E+01  .4791E+01   .9999999  .0000318 -.0000297
T 8418 19 .1519334E+11   1100008E-01  .7055E+00  .6600E+01   .9999999 -.0000284  .0000345
T 8419 19 .1519291E+11   1100017E-01  .8220E+01  .9461E+01   .9999999  .0001414  .0000531
T 8420 19 .1519215E+11   1100003E-01  .3461E+02  .5130E+02   .9999997  .0002191  .0006771
T 8421 19 .1519282E+11   1100007E-01  .6329E+01 -.1126E+02   .9999999  .0000920 -.0001927
T 8422 19 .1519215E+11   1100007E-01 -.4501E+01 -.8260E+01   .9999999 -.0001420 -.0000439
T 8423 19 .1519299E+11   1100010E-01 -.1648E+01 -.1574E+02   .9999999  .0000322 -.0002626
T 8424 19 .1519364E+11   1100023E-01  .1094E+03 -.9031E+02   .9999988  .0011129 -.0010477
T 8425 19 .1519209E+11   1100005E-01  .8705E+01  .4795E+01   .9999999  .0003820  .0001452
T 8426 19 .1519201E+11   1100021E-01  .3305E+01 -.1342E+02   .9999999  .0001360 -.0002023
T 8427 19 .1519322E+11   1100004E-01 -.1335E+01 -.7667E+01   .9999999 -.0000280 -.0001466
T 8428 19 .1519204E+11   1100009E-01 -.1365E+02 -.4811E+01   .9999999 -.0001530 -.0000616
T 8429 19 .1519274E+11   1100017E-01  .4109E+01 -.1899E+01   .9999999  .0001303  .0000279
T 8430 19 .1519236E+11   1100022E-01  .5162E+00 -.1098E+01   .9999999 -.0000340 -.0000477
T 8431 19 .1519244E+11   1100021E-01 -.5837E+01  .2618E+02   .9999999  .0000003  .0004312
T 8432 19 .1519221E+11   1100001E-01  .2036E+01  .3562E+01   .9999999 -.0000410  .0000349
T 8433 19 .1519283E+11   1100020E-01  .3624E+01  .7989E+01   .9999999  .0000401 -.0000514
T 8434 19 .1519214E+11   1100001E-01 -.1130E+02  .9989E+00   .9999999 -.0002124  .0000482
T 8435 19 .1519205E+11   1100007E-01  .2180E+02  .1562E+02   .9999999  .0004755  .0002284
T 8436 19 .1519177E+11   1100016E-01 -.1047E+02  .1507E+02   .9999999 -.0001230  .0002272
T 8437 19 .1519238E+11   1100017E-01  .8021E+01  .5291E+01   .9999999  .0001476  .0000985
T 8438 19 .1519355E+11   1100015E-01 -.2265E+00 -.1188E+02   .9999999  .0000071 -.0002743
T 8439 19 .1519356E+11   1100018E-01  .1002E+01 -.1352E+01   .9999999  .0000121  .0000281
T 8440 19 .1519216E+11   1100020E-01  .8920E+01  .6016E+01   .9999999  .0001384  .0000305
T 8441 19 .1519353E+11   1100013E-01 -.1267E+02  .8918E+01   .9999999 -.0002247  .0000249
T 8442 19 .1519275E+11   1100008E-01  .1464E+02  .8588E+01   .9999999  .0001491  .0003483
T 8443 19 .1519277E+11   1100022E-01 -.1059E+01 -.1296E+01   .9999999 -.0000211  .0000012
T 8444 19 .1519177E+11   1100022E-01  .3611E+00  .3439E+01   .9999999 -.0002393 -.0001265
T 8445 19 .1519103E+11   1100016E-01  .5668E+01  .3770E+01   .9999999  .0001762  .0000598
T 8446 19 .1519059E+11   1100010E-01 -.7736E+01  .6124E+01   .9999999 -.0002101  .0000258
T 8447 19 .1519201E+11   1100009E-01  .2324E+02 -.2303E+01   .9999999  .0003042 -.0000076
T 8448 19 .1519210E+11   1100015E-01 -.1155E+02 -.4872E+01   .9999999 -.0000798 -.0000928
T 8449 19 .1519330E+11   1100001E-01  .1999E+02 -.5295E+01   .9999999  .0002382 -.0000568
T 8450 19 .1519231E+11   1100016E-01 -.7367E+01  .5621E+01   .9999999 -.0001240  .0001008
T 8451 19 .1519311E+11   1100020E-01  .8107E+01  .5621E+01   .9999999  .0001391 -.0000522
T 8452 19 .1519323E+11   1100005E-01 -.3165E+02  .2036E+02   .9999999 -.0004467  .0001826
T 8453 19 .1519163E+11   1100005E-01  .5007E+01 -.4144E+00   .9999999  .0000705  .0000494
T 8454 19 .1519121E+11   1100015E-01  .5622E+01 -.6221E+00   .9999999  .0000989 -.0000774
T 8455 19 .1519183E+11   1100020E-01 -.1159E+02  .4415E+00   .9999999 -.0002282  .0000284
T 8456 19 .1519293E+11   1100005E-01 -.2005E+01 -.5251E+00   .9999999 -.0000206 -.0000454
T 8457 19 .1519290E+11   1100005E-01  .4963E+01 -.1407E+02   .9999999  .0000518 -.0003403
T 8458 19 .1519268E+11   1100016E-01  .1137E+02  .3615E+02   .9999998  .0001937  .0005259
T 8459 19 .1519283E+11   1100020E-01  .6096E+02 -.2643E+02   .9999992  .0010973 -.0005580
T 8460 19 .1519304E+11   1100006E-01  .1969E+02 -.3796E+02   .9999998  .0001981 -.0005908
T 8461 19 .1519278E+11   1100019E-01  .1954E+02  .6388E+01   .9999999  .0003628  .0001519
T 8462 19 .1519221E+11   1100019E-01  .7744E+01 -.2014E+02   .9999999  .0001178 -.0003474
T 8463 19 .1519209E+11   1100018E-01  .6303E+00 -.7135E+00   .9999999 -.0001049 -.0000758
T 8464 19 .1519150E+11   1100004E-01  .2223E+02  .1568E+02   .9999999  .0001629  .0001652
T 8465 19 .1519363E+11   1100009E-01 -.2021E+01 -.3773E+01   .9999999  .0000043 -.0000790
T 8466 19 .1519231E+11   1100003E-01  .8622E+01 -.2311E+01   .9999999  .0001744 -.0001812
T 8467 19 .1519360E+11   1100012E-01  .2310E+02  .6397E+01   .9999999  .0002840  .0000019
T 8468 19 .1519225E+11   1100021E-01  .1006E+02 -.4194E+01   .9999999  .0002038 -.0000023
T 8469 19 .1519382E+11   1100011E-01 -.1678E+01 -.2550E+01   .9999999 -.0000765 -.0000049
T 8470 19 .1519203E+11   1100004E-01  .1198E+02  .1014E+02   .9999999  .0001136  .0001296
T 8471 19 .1519213E+11   1100021E-01  .4364E+01 -.2376E+01   .9999999  .0000167  .0001331
T 8472 19 .1519101E+11   1100011E-01 -.1635E+02 -.1568E+02   .9999999 -.0002213 -.0002834
T 8473 19 .1519306E+11   1100019E-01 -.1646E+02  .1295E+02   .9999999 -.0001251  .0001651
T 8474 19 .1519184E+11   1100008E-01 -.8382E+01  .5417E+01   .9999999 -.0001679  .0000330
T 8475 19 .1519309E+11   1100012E-01 -.2995E+00  .8123E+01   .9999999 -.0000518  .0001272
T 8476 19 .1519231E+11   1100017E-01  .5951E+01  .7487E+00   .9999999  .0000325  .0000290
T 8477 19 .1519279E+11   1100020E-01 -.5467E+01 -.9255E+01   .9999999 -.0000236 -.0001691
T 8478 19 .1519345E+11   1100003E-01 -.3520E+01 -.2578E+01   .9999999 -.0000306 -.0000610
T 8479 19 .1519442E+11   1100018E-01  .4622E+01 -.4404E+01   .9999999  .0000289 -.0000753
T 8480 19 .1519353E+11   1100003E-01  .1220E+01 -.4831E+01   .9999999 -.0000690  .0000150
T 8481 19 .1519193E+11   1100018E-01 -.4193E+01  .5436E+01   .9999999 -.0001264  .0001320
T 8482 19 .1519119E+11   1100000E-01 -.5169E+01  .2946E+01   .9999999  .0000014 -.0000183
T 8483 19 .1519128E+11   1100022E-01  .5675E+01  .6121E+01   .9999999  .0000660  .0001119
T 8484 19 .1519252E+11   1100014E-01 -.2001E+01 -.1092E+02   .9999999 -.0000098 -.0002309
T 8485 19 .1519219E+11   1100022E-01  .4405E+01  .1939E+01   .9999999  .0000311  .0000339
T 8486 19 .1519184E+11   1100014E-01  .1601E+02  .1782E+01   .9999999  .0001638  .0000920
T 8487 19 .1519308E+11   1100019E-01  .4824E+02 -.2884E+01   .9999999  .0004527  .0000779
T 8488 19 .1519324E+11   1100005E-01 -.8881E+01 -.9827E+01   .9999999 -.0002402 -.0001280
T 8489 19 .1519370E+11   1100022E-01  .1409E+02 -.4842E+01   .9999999  .0001970  .0000177
T 8490 19 .1519217E+11   1100001E-01  .7767E+01  .3648E+01   .9999999 -.0000238  .0000112
T 8491 19 .1519274E+11   1100011E-01  .1182E+01  .1477E+02   .9999999 -.0000248  .0002534
T 8492 19 .1519292E+11   1100000E-01  .4806E+01  .2159E+02   .9999999 -.0002379  .0001790
T 8493 19 .1519208E+11   1100005E-01  .3470E+01 -.2199E+01   .9999999 -.0000260 -.0000272
T 8494 19 .1519390E+11   1100021E-01  .6636E+01 -.1515E+02   .9999999  .0000630 -.0002262
T 8495 19 .1519286E+11   1100000E-01 -.4500E+00  .4234E+01   .9999999 -.0000247  .0000072
T 8496 19 .1519325E+11   1100010E-01 -.4970E+01  .1354E+01   .9999999 -.0001038  .0000379
T 8497 19 .1519199E+11   1100010E-01 -.5317E+02 -.4491E+02   .9999993 -.0008865 -.0007320
T 8498 19 .1519401E+11   1100005E-01 -.1668E+01  .3335E+01   .9999999 -.0000336  .0001085
T 8499 19 .1519377E+11   1100008E-01  .2310E+01 -.5689E+01   .9999999  .0000324 -.0000255
T 8500 19 .1519235E+11   1100019E-01  .7597E+01 -.3369E+01   .9999999  .0000794 -.0000933
T 8501 19 .1519330E+11   1100015E-01  .2054E+00  .1711E+01   .9999999  .0001145 -.0000302
T 8502 19 .1519319E+11   1100018E-01  .2030E+01  .5779E+01   .9999999  .0000113  .0000113
T 8503 19 .1519319E+11   1100000E-01 -.3744E+01  .7538E+01   .9999999 -.0000673  .0000997
T 8504 19 .1519251E+11   1100005E-01  .1922E+02  .9368E+01   .9999999  .0001775  .0000885
T 8505 19 .1519325E+11   1100013E-01  .1115E+02  .1236E+02   .9999999  .0001344  .0002866
T 8506 19 .1519246E+11   1100022E-01 -.2255E+02 -.2067E+01   .9999999 -.0004021 -.0000521
T 8507 19 .1519264E+11   1100000E-01 -.8225E+01 -.3164E+01   .9999999 -.0002001  .0001988
T 8508 19 .1519148E+11   1100020E-01 -.8253E+01  .1265E+02   .9999999 -.0000597  .0002013
T 8509 19 .1519277E+11   1100020E-01 -.2468E+01 -.1622E+02   .9999999  .0000486 -.0001687
T 8510 19 .1519232E+11   1100021E-01 -.1320E+02  .1543E+01   .9999999 -.0002112  .0000601
T 8511 19 .1519172E+11   1100000E-01  .3248E+00  .1090E+01   .9999999  .0000088 -.0000093
T 8512 19 .1519471E+11   1100016E-01  .1959E+02  .3062E+00   .9999999  .0002325 -.0000430
T 8513 19 .1519183E+11   1100018E-01  .2251E+01 -.2292E+01   .9999999  .0000123  .0000057
T 8514 19 .1519213E+11   1100007E-01  .3271E-01 -.1112E+02   .9999999  .0000403 -.0001947
T 8515 19 .1519194E+11   1100010E-01  .3371E+02 -.7730E+02   .9999997  .0002731 -.0007530
T 8516 19 .1519245E+11   1100020E-01 -.4461E+01  .1581E+02   .9999999 -.0000375  .0001117
T 8517 19 .1519343E+11   1100009E-01  .2029E+01 -.1092E+02   .9999999  .0000262 -.0001320
T 8518 19 .1519291E+11   1100001E-01  .7262E+01 -.2347E+02   .9999999  .0002103 -.0002756
T 8519 19 .1519272E+11   1100013E-01  .6320E+00 -.4979E+01   .9999999  .0000329 -.0000367
T 8520 19 .1519233E+11   1100001E-01  .3887E+01 -.1842E+02   .9999999  .0001919 -.0000969
T 8521 19 .1519185E+11   1100017E-01 -.7080E+00  .1881E+00   .9999999 -.0000068  .0000208
T 8522 19 .1519310E+11   1100008E-01  .4107E+01  .3290E+01   .9999999  .0000399  .0000812
T 8523 19 .1519212E+11   1100022E-01  .4663E+01  .1653E+01   .9999999  .0000540 -.0000187
T 8524 19 .1519278E+11   1100013E-01 -.1604E+02 -.2494E+00   .9999999 -.0002423 -.0000271
T 8525 19 .1519345E+11   1100019E-01 -.1739E+01 -.9046E+01   .9999999 -.0001007 -.0000616
T 8526 19 .1519201E+11   1100005E-01 -.9271E+01  .1473E+02   .9999999 -.0001233  .0001443
T 8527 19 .1519369E+11   1100019E-01 -.7700E+00  .2406E+01   .9999999  .0000428 -.0000474
T 8528 19 .1519199E+11   1100000E-01  .1540E+02 -.1439E+02   .9999999  .0001658 -.0002513
T 8529 19 .1519328E+11   1100018E-01 -.1066E+02 -.1330E+02   .9999999 -.0001156 -.0000620
T 8530 19 .1519263E+11   1100007E-01  .1415E+01 -.4853E+01   .9999999 -.0000565 -.0000565
T 8531 19 .1519360E+11   1100014E-01  .4516E+01  .1341E+02   .9999999  .0000090  .0002261
T 8532 19 .1519371E+11   1100010E-01 -.9623E+01 -.5304E+00   .9999999 -.0000937 -.0000186
T 8533 19 .1519192E+11   1100022E-01 -.2114E+01  .3298E+01   .9999999 -.0000081  .0000173
T 8534 19 .1519341E+11   1100018E-01 -.1164E+02 -.8901E+01   .9999999 -.0001382 -.0001058
T 8535 19 .1519168E+11   1100001E-01  .5433E+01 -.9001E+01   .9999999  .0000346 -.0002247
T 8536 19 .1519157E+11   1100013E-01  .8975E+00  .1071E+02   .9999999  .0000355  .0001278
T 8537 19 .1519317E+11   1100002E-01 -.7944E+01  .8215E+01   .9999999 -.0001254  .0001922
T 8538 19 .1519223E+11   1100010E-01  .5219E+00  .8549E+01   .9999999  .0000064  .0001239
T 8539 19 .1519375E+11   1100012E-01  .1269E+01 -.2026E+01   .9999999 -.0000394 -.0001220
T 8540 19 .1519134E+11   1100005E-01  .1232E+00 -.3442E+01   .9999999  .0000502 -.0000725
T 8541 19 .1519250E+11   1100017E-01 -.2294E+02  .2136E+02   .9999997 -.0005252  .0005050
T 8542 19 .1519255E+11   1100014E-01 -.5634E+01 -.1203E+02   .9999999  .0000495 -.0001605
T 8543 19 .1519243E+11   1100003E-01 -.1426E+02  .1315E+02   .9999999 -.0002448  .0001924
T 8544 19 .1519189E+11   1100006E-01 -.3636E+01  .5300E+00   .9999999  .0000164  .0000111
T 8545 19 .1519117E+11   1100007E-01 -.4806E+01 -.1312E+01   .9999999 -.0000652  .0000255
T 8546 19 .1519304E+11   1100013E-01  .3724E+01  .1463E+02   .9999999 -.0000620  .0002456
T 8547 19 .1519261E+11   1100021E-01  .1869E+01  .7685E+01   .9999999  .0001513  .0000402
T 8548 19 .1519238E+11   1100020E-01  .6919E+01  .6514E+01   .9999999  .0000700  .0001074
T 8549 19 .1519289E+11   1100019E-01 -.1842E+01  .1507E+02   .9999999 -.0000259  .0002199
T 8550 19 .1519290E+11   1100017E-01 -.1277E+02 -.1032E+02   .9999999 -.0001764 -.0001024
T 8551 19 .1519368E+11   1100002E-01 -.1112E+02  .2254E+01   .9999999 -.0002370 -.0000338
T 8552 19 .1519130E+11   1100021E-01  .8034E+01  .1159E+01   .9999999  .0002819  .0000288
T 8553 19 .1519331E+11   1100018E-01  .9476E+01  .1041E+02   .9999999  .0001650  .0001066
T 8554 19 .1519339E+11   1100003E-01  .4489E+01  .2294E+01   .9999999  .0001644  .0002034
T 8555 19 .1519260E+11   1100006E-01 -.1105E+02 -.7486E+01   .9999999 -.0002289 -.0000615
T 8556 19 .1519168E+11   1100000E-01 -.2106E+01 -.3783E+01   .9999999 -.0000125 -.0000384
T 8557 19 .1519159E+11   1100013E-01  .7777E+01  .2887E+01   .9999999  .0001581  .0000615
T 8558 19 .1519037E+11   1100010E-01  .1058E+02 -.1495E+02   .9999999  .0001379 -.0002409
T 8559 19 .1519314E+11   1100016E-01 -.1842E+00 -.3740E+01   .9999999  .0001175 -.0001037
T 8560 19 .1519287E+11   1100004E-01  .1319E+02  .1548E+02   .9999999  .0001408  .0003616
T 8561 19 .1519291E+11   1100010E-01  .4826E+01 -.1405E+02   .9999999  .0000479 -.0000757
T 8562 19 .1519323E+11   1100014E-01  .1102E+01  .3411E+01   .9999999 -.0000035 -.0000225
T 8563 19 .1519177E+11   1100018E-01 -.7846E+01  .3064E+01   .9999999 -.0000319  .0000221
T 8564 19 .1519143E+11   1100019E-01 -.6013E+01 -.5053E+00   .9999999 -.0000350  .0000277
T 8565 19 .1519208E+11   1100022E-01  .5776E+01  .5035E+02   .9999999 -.0000420  .0005058
T 8566 19 .1519244E+11   1100014E-01 -.9054E+01  .1289E+02   .9999999 -.0001147  .0001350
T 8567 19 .1519194E+11   1100007E-01  .8086E+01  .1191E+02   .9999999  .0001023  .0002069
T 8568 19 .1519302E+11   1100001E-01  .6638E+01 -.2694E+01   .9999999  .0000322 -.0000577
T 8569 19 .1519290E+11   1100020E-01 -.1215E+02 -.6512E+01   .9999999 -.0001609 -.0001456
T 8570 19 .1519205E+11   1100011E-01 -.1884E+01 -.3203E+01   .9999999 -.0001981 -.0001652
T 8571 19 .1519190E+11   1100011E-01  .5941E+01  .3667E+01   .9999999 -.0000085  .0000951
T 8572 19 .1519272E+11   1100016E-01 -.6982E+01 -.1487E+02   .9999999 -.0001474 -.0001921
T 8573 19 .1519229E+11   1100004E-01 -.1622E+00 -.2024E+02   .9999999 -.0000221 -.0001606
T 8574 19 .1519322E+11   1100019E-01  .6564E+01  .6187E+00   .9999999  .0000750  .0000758
T 8575 19 .1519280E+11   1100018E-01 -.1038E+01  .1712E+01   .9999999  .0000013  .0000106
T 8576 19 .1519313E+11   1100020E-01  .5318E+01 -.6947E-01   .9999999  .0002038 -.0001032
T 8577 19 .1519125E+11   1100022E-01  .5693E+01 -.4505E+01   .9999999  .0001180 -.0000648
T 8578 19 .1519113E+11   1100013E-01  .7665E+01 -.7243E+01   .9999999  .0002155 -.0000738
T 8579 19 .1519382E+11   1100022E-01  .9487E+01 -.1779E+01   .9999999  .0002060 -.0002616
T 8580 19 .1519334E+11   1100019E-01 -.2039E+01  .1207E+02   .9999999 -.0000713  .0001092
T 8581 19 .1519171E+11   1100022E-01 -.6952E+01 -.2284E+00   .9999999 -.0000859  .0001056
T 8582 19 .1519169E+11   1100023E-01 -.2837E+01  .4220E+01   .9999999 -.0000229  .0000716
T 8583 19 .1519261E+11   1100012E-01 -.5186E+01  .2060E+02   .9999999 -.0001247  .0004229
T 8584 19 .1519271E+11   1100002E-01 -.4737E+01  .2548E+01   .9999999 -.0001017  .0000434
T 8585 19 .1519230E+11   1100011E-01 -.5537E+01 -.6826E+01   .9999999 -.0001191 -.0001066
T 8586 19 .1519178E+11   1100013E-01  .3037E+00  .1688E+01   .9999999 -.0000679  .0000524
T 8587 19 .1519136E+11   1100013E-01  .7601E+01 -.3415E+00   .9999999  .0002090  .0001192
T 8588 19 .1519257E+11   1100009E-01  .1286E+03 -.7669E+02   .9999949  .0027287 -.0016343
T 8589 19 .1519197E+11   1100001E-01 -.2257E+01  .8189E+01   .9999999 -.0001564  .0000781
T 8590 19 .1519312E+11   1100013E-01  .4383E+01  .1272E+02   .9999999 -.0000787  .0002904
T 8591 19 .1519328E+11   1100014E-01  .9077E+01 -.6737E+01   .9999999  .0001382 -.0001474
T 8592 19 .1519099E+11   1100005E-01  .1880E+02 -.1011E+02   .9999999  .0002248 -.0000052
T 8593 19 .1519172E+11   1100020E-01 -.6557E+00 -.3072E+00   .9999999 -.0001094  .0000027
T 8594 19 .1519381E+11   1100019E-01 -.7622E+00  .2635E+01   .9999999 -.0001054  .0000958
T 8595 19 .1519329E+11   1100012E-01  .2720E+02  .5943E+01   .9999999  .0003359  .0001163
T 8596 19 .1519259E+11   1100014E-01 -.1334E+02  .5471E+01   .9999999 -.0001272  .0000651
T 8597 19 .1519173E+11   1100001E-01  .2711E+01  .4420E+00   .9999999 -.0000923  .0000155
T 8598 19 .1519316E+11   1100010E-01 -.1751E+02 -.5171E+01   .9999999 -.0004692 -.0001912
T 8599 19 .1519390E+11   1100001E-01  .1042E+02  .9650E+01   .9999999  .0001033  .0001620
T 8600 19 .1519229E+11   1100016E-01 -.2592E+01 -.5490E+01   .9999999 -.0000544 -.0000611
T 8601 19 .1519280E+11   1100020E-01  .8856E+01 -.8549E+01   .9999999  .0001287 -.0001959
T 8602 19 .1519288E+11   1100018E-01 -.1787E+01 -.2756E+01   .9999999 -.0000192 -.0000757
T 8603 19 .1519309E+11   1100010E-01  .7941E+01 -.1845E+01   .9999999  .0000543 -.0000230
T 8604 19 .1519316E+11   1100011E-01 -.3192E+01  .6415E+01   .9999999 -.0000692  .0000350
T 8605 19 .1519332E+11   1100015E-01  .9040E+01 -.4355E+01   .9999999  .0001873 -.0001345
T 8606 19 .1519374E+11   1100003E-01 -.2289E+01  .2492E+01   .9999999 -.0001118  .0000378
T 8607 19 .1519229E+11   1100016E-01  .7657E+01  .7219E+01   .9999999  .0001542  .0001733
T 8608 19 .1519290E+11   1100014E-01 -.1125E+01  .5041E+01   .9999999 -.0000345  .0001086
T 8609 19 .1519212E+11   1100010E-01 -.2608E+01  .1971E+01   .9999999 -.0000786 -.0001879
T 8610 19 .1519154E+11   1100012E-01  .4025E+01 -.1644E+02   .9999999  .0001579 -.0001682
T 8611 19 .1519146E+11   1100008E-01  .4365E+01  .1468E+01   .9999999  .0000869  .0000675
T 8612 19 .1519349E+11   1100018E-01 -.1357E+02  .1719E+02   .9999999 -.0001741  .0003263
T 8613 19 .1519298E+11   1100010E-01 -.4609E+01 -.7568E+01   .9999999 -.0001594 -.0000644
T 8614 19 .1519116E+11   1100012E-01 -.6984E+01  .1150E+02   .9999999 -.0000636  .0002933
T 8615 19 .1519249E+11   1100019E-01 -.2247E+02 -.2367E+02   .9999999 -.0004003 -.0003170
T 8616 19 .1519416E+11   1100004E-01  .7525E+01  .6449E+01   .9999999  .0000701  .0002881
T 8617 19 .1519172E+11   1100016E-01  .9102E+01  .1497E+01   .9999999  .0001447 -.0000358
T 8618 19 .1519265E+11   1100007E-01  .2284E+02  .2448E+02   .9999998  .0004168  .0004878
T 8619 19 .1519263E+11   1100022E-01  .2220E+01  .2685E+01   .9999999  .0000873 -.0000010
T 8620 19 .1519297E+11   1100019E-01 -.3145E+01  .5901E+01   .9999999 -.0000906  .0000331
T 8621 19 .1519362E+11   1100016E-01 -.2024E+02 -.1182E+01   .9999999 -.0002758 -.0000242
T 8622 19 .1519310E+11   1100002E-01 -.4912E+01 -.1054E+01   .9999999 -.0001800 -.0000079
T 8623 19 .1519196E+11   1100019E-01  .4087E+01  .8324E+01   .9999999 -.0000129  .0001359
T 8624 19 .1519299E+11   1100008E-01 -.1577E+02  .3409E+01   .9999999 -.0003001 -.0000033
T 8625 19 .1519220E+11   1100007E-01  .3008E+01 -.9303E+00   .9999999  .0000671  .0000103
T 8626 19 .1519270E+11   1100007E-01 -.4065E+01 -.3233E+01   .9999999 -.0001848 -.0000750
T 8627 19 .1519229E+11   1100017E-01 -.7258E+01 -.4798E+01   .9999999 -.0000623 -.0000825
T 8628 19 .1519293E+11   1100016E-01 -.6055E+01 -.2353E+00   .9999999 -.0001494 -.0001801
T 8629 19 .1519271E+11   1100019E-01 -.9062E+00  .8984E+01   .9999999 -.0001001  .0001236
T 8630 19 .1519306E+11   1100017E-01 -.4925E+01  .2874E+01   .9999999 -.0001500  .0000456
T 8631 19 .1519291E+11   1100015E-01 -.9418E+01  .2249E+01   .9999999 -.0002458 -.0000151
T 8632 19 .1519305E+11   1100019E-01 -.7172E+01 -.1316E+02   .9999999 -.0000328 -.0001941
T 8633 19 .1519351E+11   1100018E-01 -.1708E+02  .5586E+01   .9999999 -.0002110 -.0000802
T 8634 19 .1519318E+11   1100021E-01 -.5674E+01  .2359E+01   .9999999 -.0001163  .0000079
T 8635 19 .1519273E+11   1100018E-01  .5242E+01  .2424E+01   .9999999  .0001804 -.0000125
T 8636 19 .1519282E+11   1100006E-01  .1328E+02 -.3928E+01   .9999999  .0001874 -.0000122
T 8637 19 .1519345E+11   1100001E-01  .8485E+01  .1645E+02   .9999999  .0001636  .0002022
T 8638 19 .1519366E+11   1100020E-01  .4251E+01 -.1083E+02   .9999999 -.0000079 -.0001953
T 8639 19 .1519188E+11   1100000E-01  .5489E+01  .2455E+01   .9999999  .0000692  .0000295
T 8640 19 .1519170E+11   1100012E-01  .6395E+01 -.1257E+01   .9999999  .0000866 -.0000501
T 8641 19 .1519100E+11   1100004E-01  .7345E+01  .1747E+01   .9999999  .0001474 -.0000501
T 8642 19 .1519207E+11   1100009E-01  .1729E+01 -.6474E+01   .9999999 -.0000240 -.0001505
T 8643 19 .1519156E+11   1100016E-01  .1428E+02  .4838E+01   .9999999  .0002449  .0000488
T 8644 19 .1519329E+11   1100019E-01 -.1158E+02  .8147E+01   .9999999 -.0003782  .0001003
T 8645 19 .1519352E+11   1100001E-01 -.9888E+00  .6634E-01   .9999999 -.0001116  .0000872
T 8646 19 .1519308E+11   1100015E-01 -.3982E+01 -.7388E+01   .9999999  .0000478 -.0000248
T 8647 19 .1519341E+11   1100010E-01 -.9758E+00 -.7726E+01   .9999999 -.0000435 -.0001435
T 8648 19 .1519305E+11   1100007E-01  .3802E+01  .8591E+01   .9999999  .0000846  .0001564
T 8649 19 .1519287E+11   1100016E-01  .1373E+02  .8245E+00   .9999999  .0001418 -.0000215
T 8650 19 .1519423E+11   1100021E-01  .1130E+01 -.2490E+01   .9999999  .0001952 -.0000957
T 8651 19 .1519273E+11   1100000E-01 -.2004E+02 -.9295E+01   .9999998 -.0005674 -.0002204
T 8652 19 .1519137E+11   1100006E-01  .2815E+00  .2086E+02   .9999999  .0000563  .0003175
T 8653 19 .1519127E+11   1100012E-01 -.1990E+01 -.5902E+01   .9999999 -.0001157 -.0001685
T 8654 19 .1519293E+11   1100006E-01 -.1482E+02 -.7521E+01   .9999999 -.0001489 -.0001815
T 8655 19 .1519223E+11   1100015E-01 -.1398E+01 -.4756E+01   .9999999 -.0000040 -.0000195
T 8656 19 .1519298E+11   1100005E-01 -.2628E+01 -.5033E-01   .9999999 -.0000898 -.0000362
T 8657 19 .1519190E+11   1100006E-01  .1630E+02 -.1090E+01   .9999999  .0001566  .0000733
T 8658 19 .1519226E+11   1100012E-01 -.9556E+01  .9550E+01   .9999999 -.0002774  .0002032
T 8659 19 .1519117E+11   1100003E-01 -.2533E+01 -.2448E+02   .9999999 -.0002111 -.0004722
T 8660 19 .1519216E+11   1100015E-01 -.3863E+01 -.3372E+01   .9999999 -.0000765 -.0000718
T 8661 19 .1519247E+11   1100021E-01  .2018E+01 -.1044E+02   .9999999  .0001047 -.0001178
T 8662 19 .1519228E+11   1100012E-01 -.5096E+01  .1871E+01   .9999999 -.0000974 -.0000732
T 8663 19 .1519370E+11   1100005E-01 -.1755E+01  .5863E+01   .9999999 -.0000509  .0002297
T 8664 19 .1519268E+11   1100003E-01  .3555E+01  .1146E+02   .9999999 -.0000828  .0000899
T 8665 19 .1519256E+11   1100022E-01 -.2246E+02 -.1014E+02   .9999999 -.0002291 -.0001453
T 8666 19 .1519321E+11   1100000E-01 -.3021E+01 -.9106E+01   .9999999 -.0000515 -.0001016
T 8667 19 .1519286E+11   1100012E-01  .2822E+02 -.5220E+01   .9999999  .0003879  .0000195
T 8668 19 .1519282E+11   1100020E-01  .1212E+02 -.1693E+02   .9999998  .0002784 -.0004805
T 8669 19 .1519250E+11   1100003E-01 -.1657E+01  .5273E+01   .9999999  .0000586  .0002017
T 8670 19 .1519305E+11   1100003E-01  .3249E+02 -.1366E+02   .9999998  .0005852 -.0001226
T 8671 19 .1519285E+11   1100005E-01  .7880E+01  .2601E+01   .9999999  .0001333 -.0000150
T 8672 19 .1519296E+11   1100004E-01 -.8899E+01 -.5979E+01   .9999999 -.0002187 -.0002100
T 8673 19 .1519309E+11   1100019E-01  .1673E+01 -.1274E+02   .9999999  .0000603 -.0002293
T 8674 19 .1519344E+11   1100001E-01  .4493E+01 -.1041E+02   .9999999  .0000212 -.0001639
T 8675 19 .1519175E+11   1100022E-01 -.1168E+01  .4348E+01   .9999999  .0000156  .0001144
T 8676 19 .1519409E+11   1100007E-01  .1948E+00 -.3325E+01   .9999999  .0000581 -.0001257
T 8677 19 .1519257E+11   1100007E-01  .1177E+02  .1106E+02   .9999999  .0001778  .0001353
T 8678 19 .1519271E+11   1100012E-01  .5369E+01 -.5351E+00   .9999999  .0001277 -.0000963
T 8679 19 .1519274E+11   1100001E-01 -.6015E+01 -.3332E+01   .9999999 -.0001290 -.0000600
T 8680 19 .1519259E+11   1100016E-01  .4932E+01 -.9449E+01   .9999999  .0001089 -.0000394
T 8681 19 .1519251E+11   1100018E-01  .1007E+02 -.9829E+01   .9999999  .0001371 -.0002021
T 8682 19 .1519316E+11   1100017E-01 -.4575E+01  .5966E+01   .9999999 -.0000202  .0000290
T 8683 19 .1519264E+11   1100017E-01  .2895E+01 -.8134E+01   .9999999 -.0000402 -.0000872
T 8684 19 .1519277E+11   1100017E-01  .3339E+01 -.4043E+01   .9999999  .0001748  .0000020
T 8685 19 .1519284E+11   1100012E-01 -.1401E+02  .1504E+02   .9999999 -.0003643  .0003261
T 8686 19 .1519217E+11   1100014E-01 -.7149E+01  .1067E+02   .9999999 -.0002020  .0001682
T 8687 19 .1519248E+11   1100012E-01  .6509E+01 -.2229E+00   .9999999  .0001864  .0000798
T 8688 19 .1519320E+11   1100018E-01 -.3756E+01 -.8281E+01   .9999999 -.0000746 -.0001421
T 8689 19 .1519307E+11   1100023E-01  .1211E+02  .6837E+01   .9999999  .0003364  .0000465
T 8690 19 .1519202E+11   1100015E-01 -.7011E+01 -.1390E+01   .9999999 -.0000486 -.0001414
T 8691 19 .1519411E+11   1100000E-01 -.2871E+00  .2618E+02   .9999999  .0000763  .0004546
T 8692 19 .1519139E+11   1100005E-01 -.1266E+02  .7474E+01   .9999999 -.0002209  .0001131
T 8693 19 .1519081E+11   1100015E-01  .4927E+01 -.6710E+01   .9999999  .0001706 -.0000986
T 8694 19 .1519292E+11   1100008E-01  .8394E+01  .4421E+01   .9999999  .0001247  .0000104
T 8695 19 .1519277E+11   1100022E-01 -.7839E+01 -.5509E+02   .9999999 -.0000619 -.0004957
T 8696 19 .1519324E+11   1100021E-01  .6145E+01 -.4994E+01   .9999999  .0000939 -.0000911
T 8697 19 .1519245E+11   1100013E-01  .1157E+02  .1615E+02   .9999999  .0001360  .0002309
T 8698 19 .1519142E+11   1100003E-01  .4332E+01  .3813E+01   .9999999  .0000643  .0000550
T 8699 19 .1519401E+11   1100016E-01 -.3528E+01 -.2195E+01   .9999999  .0000084  .0001086
T 8700 19 .1519392E+11   1100004E-01 -.6191E+01 -.1175E+02   .9999999 -.0001693 -.0000785
T 8701 19 .1519199E+11   1100021E-01 -.6759E+01  .5981E+01   .9999999 -.0000863  .0000746
T 8702 19 .1519298E+11   1100013E-01  .1864E+02  .4489E+01   .9999999  .0002789 -.0000385
T 8703 19 .1519244E+11   1100023E-01  .1988E+01  .7062E+01   .9999999  .0001607  .0001671
T 8704 19 .1519334E+11   1100016E-01 -.1236E+02 -.2005E+01   .9999999 -.0003670 -.0000750
T 8705 19 .1519399E+11   1100020E-01  .9914E+01  .2482E+01   .9999999  .0001782 -.0000053
T 8706 19 .1519271E+11   1100008E-01  .7231E+01  .8021E+01   .9999999  .0000909  .0000478
T 8707 19 .1519181E+11   1100021E-01  .3861E+01  .1286E+02   .9999999 -.0000359  .0002095
T 8708 19 .1519236E+11   1100016E-01  .4910E+01 -.5227E+01   .9999999  .0001644 -.0000165
T 8709 19 .1519217E+11   1100021E-01 -.5528E+01 -.8878E+01   .9999999 -.0000016 -.0001056
T 8710 19 .1519403E+11   1100008E-01  .4519E+00 -.6801E+01   .9999999  .0001313 -.0001365
T 8711 19 .1519155E+11   1100019E-01  .1369E+02  .2031E+02   .9999999  .0002893  .0002399
T 8712 19 .1519059E+11   1100021E-01  .3519E+01  .4967E+01   .9999999  .0000473  .0000864
T 8713 19 .1519324E+11   1100017E-01 -.3930E+01  .7306E+01   .9999999 -.0001081  .0000051
T 8714 19 .1519129E+11   1100005E-01 -.2729E+01 -.1862E+02   .9999999 -.0001296 -.0002787
T 8715 19 .1519308E+11   1100015E-01  .7511E+01  .2485E+01   .9999999  .0001117  .0000350
T 8716 19 .1519231E+11   1100008E-01 -.3636E+01 -.5562E+01   .9999999 -.0000557 -.0000214
T 8717 19 .1519340E+11   1100018E-01 -.2520E+01  .6901E+01   .9999999 -.0000436  .0002643
T 8718 19 .1519280E+11   1100007E-01  .3275E+01  .7935E+01   .9999999  .0001361  .0002083
T 8719 19 .1519134E+11   1100006E-01 -.1112E+02  .9948E+01   .9999999 -.0002124  .0001443
T 8720 19 .1519296E+11   1100015E-01  .2476E+02 -.2016E+02   .9999990  .0010782 -.0009293
T 8721 19 .1519330E+11   1100010E-01  .2898E+00 -.1878E+01   .9999999 -.0000722  .0001020
T 8722 19 .1519278E+11   1100019E-01 -.9207E+01  .5331E+01   .9999999 -.0000787  .0000856
T 8723 19 .1519308E+11   1100005E-01 -.1068E+02 -.1700E+01   .9999999 -.0000633 -.0000100
T 8724 19 .1519264E+11   1100008E-01  .6183E+01 -.8002E+01   .9999999  .0001587 -.0000620
T 8725 19 .1519219E+11   1100015E-01  .1817E+02 -.7026E+01   .9999999  .0003410 -.0001312
T 8726 19 .1519419E+11   1100012E-01  .1195E+02  .4916E+01   .9999999  .0001945 -.0000107
T 8727 19 .1519277E+11   1100022E-01 -.7214E+01  .3096E+01   .9999999 -.0000551 -.0000183
T 8728 19 .1519263E+11   1100002E-01 -.1113E+02  .2040E+01   .9999999 -.0000882 -.0000365
T 8729 19 .1519193E+11   1100009E-01  .8449E+01  .6143E+00   .9999999  .0001264  .0000456
T 8730 19 .1519244E+11   1100014E-01  .1448E+01 -.3993E+00   .9999999  .0000818  .0000219
T 8731 19 .1519304E+11   1100020E-01 -.5393E+01 -.2286E+01   .9999999 -.0000719 -.0001571
T 8732 19 .1519278E+11   1100008E-01 -.8287E+01  .9060E+01   .9999999 -.0000911  .0001195
T 8733 19 .1519085E+11   1100013E-01 -.1352E+02 -.1729E+01   .9999999 -.0001587 -.0000571
T 8734 19 .1519165E+11   1100020E-01 -.4468E+01 -.3932E+01   .9999999 -.0000889 -.0000582
T 8735 19 .1519242E+11   1100007E-01 -.3335E+01  .6770E+00   .9999999  .0000346  .0000519
T 8736 19 .1519325E+11   1100019E-01  .1693E+01 -.2197E+02   .9999999  .0000460 -.0002949
T 8737 19 .1519423E+11   1100019E-01 -.5127E+02  .3392E+02   .9999998 -.0005650  .0004060
T 8738 19 .1519224E+11   1100013E-01  .1735E+01  .3267E+01   .9999999 -.0000037  .0000191
T 8739 19 .1519289E+11   1100020E-01 -.2890E+00 -.6794E+01   .9999999 -.0000593 -.0001062
T 8740 19 .1519339E+11   1100001E-01 -.1343E+02 -.1452E+02   .9999999 -.0000396 -.0002068
T 8741 19 .1519223E+11   1100022E-01 -.3731E+01 -.1754E+01   .9999999 -.0000005  .0000712
T 8742 19 .1519197E+11   1100007E-01 -.6248E+01 -.6539E+01   .9999999  .0001160 -.0000667
T 8743 19 .1519254E+11   1100013E-01  .1075E+02 -.1174E+02   .9999999  .0001172 -.0001666
T 8744 19 .1519330E+11   1100013E-01  .4069E+01  .1526E+02   .9999999  .0000359  .0003097
T 8745 19 .1519359E+11   1100014E-01 -.3020E+01  .1101E+01   .9999999 -.0001092  .0000658
T 8746 19 .1519182E+11   1100001E-01 -.1010E+02 -.1916E+01   .9999999 -.0001308 -.0000674
T 8747 19 .1519222E+11   1100007E-01 -.3163E+01  .3256E+01   .9999999  .0000205  .0001057
T 8748 19 .1519468E+11   1100007E-01 -.1519E+02 -.3872E+01   .9999999 -.0002190  .0000979
T 8749 19 .1519292E+11   1100020E-01  .1879E+02  .5473E+00   .9999998  .0004231 -.0003505
T 8750 19 .1519271E+11   1100015E-01  .8317E+01  .8626E+00   .9999999  .0001261 -.0000965
T 8751 19 .1519204E+11   1100021E-01 -.3398E+01 -.1252E+02   .9999999  .0000013 -.0002043
T 8752 19 .1519247E+11   1100000E-01 -.2827E+02 -.7666E+01   .9999999 -.0003323 -.0001132
T 8753 19 .1519336E+11   1100016E-01  .1002E+02 -.4293E+01   .9999999  .0000488 -.0000661
T 8754 19 .1519199E+11   1100009E-01  .2476E+02  .1153E+01   .9999999  .0004272 -.0001943
T 8755 19 .1519253E+11   1100012E-01 -.2456E+01  .1184E+02   .9999999 -.0000111  .0001568
T 8756 19 .1519233E+11   1100021E-01 -.2650E+01 -.5697E+01   .9999999 -.0000952 -.0001814
T 8757 19 .1519262E+11   1100018E-01  .3986E+01  .1163E+02   .9999999  .0001390  .0001055
T 8758 19 .1519293E+11   1100022E-01 -.1725E+01  .5600E+01   .9999999 -.0001556  .0002405
T 8759 19 .1519209E+11   1100007E-01  .9045E+01  .8825E+01   .9999999  .0000596  .0002758
T 8760 19 .1519427E+11   1100019E-01 -.8146E+00  .6018E+01   .9999999 -.0000634  .0000474
T 8761 19 .1519149E+11   1100020E-01  .1542E+01 -.6256E+00   .9999999 -.0000798 -.0001425
T 8762 19 .1519254E+11   1100021E-01  .6653E+00  .5448E+01   .9999999  .0002459  .0001519
T 8763 19 .1519162E+11   1100021E-01  .1838E+02 -.5712E+02   .9999997  .0002353 -.0007727
T 8764 19 .1519247E+11   1100019E-01 -.1300E+02  .2808E+00   .9999999 -.0000650 -.0001066
T 8765 19 .1519354E+11   1100020E-01 -.5425E+01  .1080E+01   .9999999  .0000158 -.0000362
T 8766 19 .1519267E+11   1100018E-01  .7721E+01  .1366E+02   .9999999  .0001143  .0002544
T 8767 19 .1519243E+11   1100001E-01 -.2210E+01 -.6150E+01   .9999999 -.0000411 -.0000638
T 8768 19 .1519176E+11   1100020E-01 -.1885E+02  .1905E+02   .9999998 -.0003463  .0004734
T 8769 19 .1519385E+11   1100004E-01 -.4029E+00 -.3282E+01   .9999999 -.0000601 -.0001757
T 8770 19 .1519126E+11   1100015E-01  .5161E+01  .2826E+01   .9999999  .0000614  .0001233
T 8771 19 .1519186E+11   1100002E-01 -.3645E+01 -.4871E+01   .9999999 -.0000653 -.0001405
T 8772 19 .1519293E+11   1100010E-01  .2450E+01 -.6866E+01   .9999999 -.0000395  .0000352
T 8773 19 .1519341E+11   1100013E-01 -.7610E+01  .7738E+00   .9999999 -.0000430  .0000706
T 8774 19 .1519369E+11   1100016E-01 -.4475E+01  .1770E+02   .9999999 -.0000690  .0001267
T 8775 19 .1519296E+11   1100022E-01 -.1012E+02 -.4465E+01   .9999999 -.0002169 -.0000340
T 8776 19 .1519264E+11   1100016E-01  .7377E+01  .1563E+02   .9999999  .0001761  .0001769
T 8777 19 .1519197E+11   1100010E-01 -.1498E+01 -.1297E+02   .9999999 -.0000514 -.0001833
T 8778 19 .1519284E+11   1100006E-01  .6152E+01  .4601E+01   .9999999  .0000053 -.0000133
T 8779 19 .1519265E+11   1100022E-01  .8626E+01 -.2922E+01   .9999999  .0000794 -.0000213
T 8780 19 .1519195E+11   1100012E-01  .1245E+02  .3702E+02   .9999998  .0002548  .0005598
T 8781 19 .1519137E+11   1100021E-01 -.2622E+02 -.6023E+00   .9999999 -.0002023  .0000246
T 8782 19 .1519164E+11   1100007E-01 -.8358E+01 -.1183E+02   .9999999 -.0001964 -.0002396
T 8783 19 .1519209E+11   1100019E-01 -.1729E+02  .9158E+01   .9999999 -.0002991  .0002071
T 8784 19 .1519228E+11   1100005E-01  .1222E+02  .4480E+01   .9999999  .0002958 -.0000173
T 8785 19 .1519380E+11   1100002E-01  .3876E+01  .2754E+01   .9999999 -.0000491  .0000367
T 8786 19 .1519221E+11   1100004E-01 -.9324E+01  .7332E+01   .9999999 -.0000433  .0001442
T 8787 19 .1519207E+11   1100016E-01 -.2022E+01 -.4467E+01   .9999999 -.0000415 -.0000308
T 8788 19 .1519299E+11   1100018E-01  .2894E+02 -.1009E+02   .9999999  .0001478  .0000678
T 8789 19 .1519289E+11   1100009E-01  .4405E+01 -.3085E+01   .9999999  .0000745 -.0000334
T 8790 19 .1519170E+11   1100014E-01  .1039E+02 -.1506E+02   .9999999  .0002473 -.0002411
T 8791 19 .1519319E+11   1100002E-01  .4709E+01 -.1287E+02   .9999999 -.0000278 -.0001464
T 8792 19 .1519229E+11   1100020E-01  .3368E+01  .2847E+01   .9999999  .0001080  .0001151
T 8793 19 .1519388E+11   1100014E-01  .1456E+02  .5982E+01   .9999999  .0001766  .0001267
T 8794 19 .1519378E+11   1100010E-01  .7570E+01 -.3846E+01   .9999999 -.0000007 -.0001490
T 8795 19 .1519108E+11   1100019E-01  .2259E+02 -.2467E+02   .9999999  .0002967 -.0002900
T 8796 19 .1519246E+11   1100007E-01  .1444E+02  .1475E+01   .9999999  .0002398  .0000728
T 8797 19 .1519367E+11   1100005E-01  .1388E+02 -.9566E+01   .9999999  .0002133 -.0001169
T 8798 19 .1519336E+11   1100017E-01  .3461E+01 -.7510E+01   .9999999  .0000596 -.0000941
T 8799 19 .1519264E+11   1100011E-01  .4554E+01 -.3579E+01   .9999999  .0000500 -.0000757
T 8800 19 .1519210E+11   1100018E-01  .8469E+01  .4602E+01   .9999999  .0001112 -.0000108
T 8801 19 .1519312E+11   1100018E-01  .2779E+02  .1915E+01   .9999999  .0004098  .0000493
T 8802 19 .1519219E+11   1100017E-01  .8945E+01  .4666E+01   .9999999  .0002040  .0000608
T 8803 19 .1519355E+11   1100001E-01 -.4216E+01 -.4233E+01   .9999999 -.0001479 -.0000932
T 8804 19 .1519188E+11   1100007E-01  .1541E+01  .4090E+01   .9999999  .0000207  .0000828
T 8805 19 .1519277E+11   1100017E-01  .2946E+01  .3928E+01   .9999999  .0000691 -.0000040
T 8806 19 .1519357E+11   1100009E-01  .3856E+01 -.4658E+00   .9999999  .0001162 -.0000433
T 8807 19 .1519351E+11   1100009E-01  .3178E+01 -.5332E+01   .9999999  .0001519 -.0000756
T 8808 19 .1519383E+11   1100004E-01 -.1694E+00  .1647E+02   .9999999 -.0000792  .0001049
T 8809 19 .1519190E+11   1100014E-01  .6634E+01  .2514E+01   .9999999  .0001190  .0000424
T 8810 19 .1519321E+11   1100013E-01 -.1181E+02 -.1969E+01   .9999999 -.0001322 -.0001507
T 8811 19 .1519309E+11   1100003E-01 -.6110E+01  .7137E-01   .9999999 -.0000353 -.0000724
T 8812 19 .1519373E+11   1100010E-01 -.2765E+02  .6048E+01   .9999999 -.0004477  .0000549
T 8813 19 .1519413E+11   1100003E-01 -.1502E+02 -.1557E+02   .9999999 -.0002329 -.0002046
T 8814 19 .1519311E+11   1100021E-01 -.7687E+01 -.8559E+01   .9999999 -.0001418 -.0001424
T 8815 19 .1519258E+11   1100020E-01  .9271E+01  .1913E+02   .9999999  .0000835  .0001466
T 8816 19 .1519474E+11   1100010E-01  .1644E+01  .1314E+02   .9999999  .0001612  .0002768
T 8817 19 .1519283E+11   1100006E-01  .1897E+02 -.9959E+01   .9999999  .0002761 -.0001705
T 8818 19 .1519150E+11   1100016E-01 -.3287E+01  .4955E+01   .9999999  .0000433  .0000778
T 8819 19 .1519378E+11   1100002E-01  .2103E+02  .2734E+02   .9999999  .0001253  .0003705
T 8820 19 .1519318E+11   1100001E-01 -.1839E+02  .7864E+01   .9999999 -.0001121  .0000475
T 8821 19 .1519156E+11   1100003E-01  .9616E+01 -.1337E+01   .9999999  .0001410  .0000711
T 8822 19 .1519138E+11   1100022E-01  .2157E+02 -.3049E+02   .9999999  .0002124 -.0003341
T 8823 19 .1519288E+11   1100021E-01 -.5825E+01 -.3503E+01   .9999999 -.0000361 -.0000669
T 8824 19 .1519272E+11   1100013E-01  .4795E+01  .1531E+01   .9999999  .0000676 -.0000399
T 8825 19 .1519371E+11   1100011E-01  .7639E+01  .2003E+01   .9999999  .0000926  .0000293
T 8826 19 .1519232E+11   1100007E-01  .1041E+02 -.2338E+01   .9999999  .0001054  .0001193
T 8827 19 .1519210E+11   1100015E-01  .6896E+01 -.6201E+00   .9999999  .0000746  .0000536
T 8828 19 .1519282E+11   1100012E-01 -.2982E+01 -.2488E+01   .9999999 -.0001545 -.0000847
T 8829 19 .1519153E+11   1100012E-01  .2468E+02 -.3931E+01   .9999999  .0004929 -.0000910
T 8830 19 .1519336E+11   1100013E-01  .7805E+00 -.6823E+00   .9999999 -.0000122 -.0001002
T 8831 19 .1519377E+11   1100021E-01  .1028E+02  .1234E+01   .9999999  .0000371 -.0000712
T 8832 19 .1519226E+11   1100001E-01 -.6767E+01 -.5009E+00   .9999999 -.0001874  .0001064
T 8833 19 .1519216E+11   1100005E-01 -.5804E+01  .2676E+01   .9999999 -.0002722  .0001364
T 8834 19 .1519153E+11   1100006E-01 -.7370E+01  .8536E+01   .9999999 -.0000611  .0000339
T 8835 19 .1519314E+11   1100003E-01 -.1171E+02  .4718E+01   .9999999 -.0000763  .0000954
T 8836 19 .1519264E+11   1100016E-01  .1204E+01 -.2330E+01   .9999999  .0000341 -.0000594
T 8837 19 .1519214E+11   1100022E-01  .5025E+01  .7050E+01   .9999999  .0001336  .0000749
T 8838 19 .1519256E+11   1100022E-01 -.5440E+01  .8035E+01   .9999999 -.0000719  .0001049
T 8839 19 .1519281E+11   1100000E-01  .2750E+01 -.7852E+01   .9999999  .0001286 -.0002900
T 8840 19 .1519217E+11   1100019E-01 -.9796E+01  .1957E+00   .9999999 -.0001618  .0000157
T 8841 19 .1519275E+11   1100015E-01 -.1413E+02 -.2182E+02   .9999999 -.0002560 -.0001768
T 8842 19 .1519288E+11   1100017E-01 -.2557E+01  .2278E+01   .9999999 -.0001298 -.0000971
T 8843 19 .1519279E+11   1100009E-01 -.9976E+00 -.2046E+01   .9999999 -.0000241 -.0000369
T 8844 19 .1519093E+11   1100005E-01 -.9394E+01 -.2650E+02   .9999999  .0000291 -.0002928
T 8845 19 .1519146E+11   1100012E-01 -.1476E-01  .1875E+01   .9999999 -.0000100  .0000482
T 8846 19 .1519281E+11   1100011E-01  .4730E+01  .3849E+01   .9999999  .0002298  .0000048
T 8847 19 .1519349E+11   1100021E-01 -.3476E+01 -.7828E+01   .9999999 -.0000740 -.0000755
T 8848 19 .1519185E+11   1100000E-01 -.7245E+01  .2078E+01   .9999999 -.0000122 -.0000990
T 8849 19 .1519268E+11   1100008E-01  .1723E+02  .2954E+02   .9999999  .0003131  .0004434
T 8850 19 .1519142E+11   1100018E-01 -.6323E+01  .5083E+01   .9999999 -.0000932  .0000742
T 8851 19 .1519332E+11   1100017E-01 -.1862E+01  .5925E+01   .9999999 -.0000881  .0001251
T 8852 19 .1519173E+11   1100011E-01 -.1104E+02  .1824E+02   .9999999 -.0001312  .0002838
T 8853 19 .1519235E+11   1100000E-01  .1527E+02 -.3059E+01   .9999999  .0001701 -.0000992
T 8854 19 .1519323E+11   1100020E-01 -.3597E+00 -.4748E+01   .9999999  .0000955 -.0000701
T 8855 19 .1519170E+11   1100003E-01  .7254E+00  .4813E+01   .9999999  .0000011  .0001260
T 8856 19 .1519393E+11   1100005E-01 -.3683E+01  .9330E+01   .9999999 -.0000368  .0001551
T 8857 19 .1519264E+11   1100016E-01 -.1543E+02 -.6740E+00   .9999999 -.0002268 -.0000637
T 8858 19 .1519262E+11   1100005E-01  .5773E+01  .6117E+01   .9999999  .0000220  .0001007
T 8859 19 .1519359E+11   1100015E-01  .1539E+01  .1080E+02   .9999999  .0000017  .0002287
T 8860 19 .1519329E+11   1100013E-01  .3731E+01 -.5786E+01   .9999999  .0001800 -.0000516
T 8861 19 .1519386E+11   1100019E-01  .2683E+01  .2379E+01   .9999999  .0000904  .0000746
T 8862 19 .1519254E+11   1100008E-01  .5566E+01 -.7309E+01   .9999999 -.0000123 -.0001586
T 8863 19 .1519127E+11   1100001E-01  .1996E+01 -.9430E+01   .9999999  .0001031 -.0002171
T 8864 19 .1519283E+11   1100012E-01  .2718E+01 -.1557E+02   .9999999  .0000831 -.0001941
T 8865 19 .1519152E+11   1100001E-01 -.2727E+01  .1126E+02   .9999999  .0000153  .0001647
T 8866 19 .1519266E+11   1100020E-01  .4838E+01 -.1104E+02   .9999999  .0000566 -.0001088
T 8867 19 .1519289E+11   1100001E-01  .9085E+01 -.1659E+02   .9999999  .0001090 -.0003783
T 8868 19 .1519213E+11   1100002E-01  .6444E+01 -.9579E+00   .9999999  .0000845 -.0000500
T 8869 19 .1519291E+11   1100022E-01 -.6480E+01 -.2289E+01   .9999999 -.0000838  .0000075
T 8870 19 .1519289E+11   1100021E-01  .1226E+02  .6480E+01   .9999999  .0001585  .0001466
T 8871 19 .1519232E+11   1100004E-01  .2952E+01 -.8887E+01   .9999999 -.0000243 -.0001347
T 8872 19 .1519183E+11   1100011E-01 -.1207E+01 -.6510E+01   .9999999 -.0000325 -.0001222
T 8873 19 .1519348E+11   1100013E-01 -.6068E-02 -.8003E+01   .9999999 -.0000108 -.0001198
T 8874 19 .1519263E+11   1100014E-01  .6420E+01 -.7715E+00   .9999999  .0001418 -.0000223
T 8875 19 .1519173E+11   1100018E-01 -.8020E+01  .6177E+01   .9999999 -.0003084 -.0000380
T 8876 19 .1519285E+11   1100009E-01 -.1311E+00 -.1845E+01   .9999999 -.0001377 -.0000504
T 8877 19 .1519234E+11   1100010E-01  .6677E+01  .2341E+01   .9999999  .0000661  .0000338
T 8878 19 .1519163E+11   1100010E-01 -.1485E+02  .4663E+00   .9999999 -.0002010  .0000679
T 8879 19 .1519264E+11   1100017E-01  .9191E+01  .2273E+01   .9999999  .0000970  .0000266
T 8880 19 .1519323E+11   1100023E-01 -.6777E+00  .2113E+02   .9999999  .0001012  .0002504
T 8881 19 .1519237E+11   1100022E-01 -.2610E+01 -.3360E+01   .9999999 -.0000478 -.0001914
T 8882 19 .1519120E+11   1100016E-01 -.1628E+02 -.3347E+02   .9999999 -.0002954 -.0002248
T 8883 19 .1519288E+11   1100018E-01  .5967E+01 -.1399E+00   .9999999  .0000893  .0000112
T 8884 19 .1519258E+11   1100010E-01  .1507E+01  .2125E+01   .9999999  .0000147  .0000782
T 8885 19 .1519210E+11   1100022E-01 -.3099E+02  .3821E+02   .9999997 -.0004299  .0006437
T 8886 19 .1519242E+11   1100020E-01 -.3073E+01 -.6653E+01   .9999999 -.0000121 -.0000391
T 8887 19 .1519299E+11   1100020E-01  .3189E+01 -.3260E+01   .9999999 -.0000094 -.0000833
T 8888 19 .1519202E+11   1100001E-01 -.3333E+01 -.2307E+01   .9999999 -.0001105  .0000055
T 8889 19 .1519238E+11   1100017E-01  .1917E+02  .2214E+02   .9999999  .0002696  .0001355
T 8890 19 .1519317E+11   1100000E-01 -.2335E+01 -.3774E+01   .9999999  .0000299  .0000055
T 8891 19 .1519451E+11   1100019E-01  .1165E+02  .5357E+01   .9999999  .0001841 -.0000038
T 8892 19 .1519341E+11   1100020E-01 -.9862E+01  .5216E+01   .9999999 -.0001454  .0001646
T 8893 19 .1519132E+11   1100015E-01 -.9214E+01  .8848E+01   .9999999 -.0001458  .0001175
T 8894 19 .1519313E+11   1100003E-01  .6614E+01 -.1710E+02   .9999999  .0000114 -.0003409
T 8895 19 .1519334E+11   1100018E-01  .1845E+02 -.9958E+01   .9999999  .0002556 -.0000909
T 8896 19 .1519264E+11   1100014E-01 -.8591E+01 -.2634E+01   .9999999 -.0001172 -.0000420
T 8897 19 .1519228E+11   1100022E-01  .4902E+01 -.6112E+01   .9999999  .0001415 -.0000422
T 8898 19 .1519316E+11   1100019E-01  .7473E+02 -.4191E+02   .9999996  .0007335 -.0004256
T 8899 19 .1519399E+11   1100014E-01 -.3559E+01  .1457E+02   .9999998  .0002011  .0005176
T 8900 19 .1519205E+11   1100016E-01 -.5529E+01 -.4884E+01   .9999999 -.0000385 -.0000827
T 8901 19 .1519415E+11   1100008E-01 -.6841E+00 -.1067E+02   .9999999 -.0001649 -.0001023
T 8902 19 .1519344E+11   1100019E-01 -.3060E+01 -.6917E+01   .9999999 -.0000734 -.0000809
T 8903 19 .1519228E+11   1100013E-01  .1682E+01  .4627E+01   .9999999 -.0000011  .0001118
T 8904 19 .1519417E+11   1100020E-01  .2783E+01  .4176E+01   .9999999  .0000241  .0000296
T 8905 19 .1519139E+11   1100019E-01 -.2545E+01 -.7506E+00   .9999999 -.0000600 -.0000575
T 8906 19 .1519227E+11   1100021E-01 -.7418E+00 -.2923E+01   .9999999 -.0000037 -.0000350
T 8907 19 .1519269E+11   1100020E-01 -.7738E+01 -.3307E+01   .9999999 -.0000154  .0000163
T 8908 19 .1519314E+11   1100006E-01 -.2766E+02  .9375E+01   .9999999 -.0003237  .0001352
T 8909 19 .1519247E+11   1100009E-01 -.6650E+01  .9983E+01   .9999999 -.0000035  .0001005
T 8910 19 .1519213E+11   1100016E-01  .3740E+02  .1040E+02   .9999999  .0004416  .0001273
T 8911 19 .1519211E+11   1100002E-01 -.1546E+02 -.4479E+01   .9999999 -.0002992 -.0001983
T 8912 19 .1519186E+11   1100019E-01 -.8784E+01  .1442E+02   .9999999 -.0000278  .0002233
T 8913 19 .1519269E+11   1100001E-01  .5441E+01 -.4388E+01   .9999999  .0000774 -.0001068
T 8914 19 .1519291E+11   1100020E-01  .4329E+01  .7235E+01   .9999999  .0000323  .0000829
T 8915 19 .1519288E+11   1100015E-01 -.7808E+01 -.7634E+01   .9999999 -.0001102 -.0000063
T 8916 19 .1519129E+11   1100022E-01  .1813E+01  .2207E+02   .9999999  .0000955  .0005180
T 8917 19 .1519218E+11   1100021E-01  .6109E+01  .9296E+01   .9999999  .0000482  .0001749
T 8918 19 .1519240E+11   1100009E-01 -.6472E+01 -.2422E+01   .9999999 -.0000638 -.0000278
T 8919 19 .1519292E+11   1100020E-01 -.8913E+01 -.2203E+01   .9999999 -.0001436  .0000610
T 8920 19 .1519315E+11   1100016E-01 -.1044E+01 -.1307E+02   .9999999 -.0000339 -.0001444
T 8921 19 .1519442E+11   1100010E-01 -.5517E+01  .5144E+01   .9999999 -.0002171  .0001703
T 8922 19 .1519209E+11   1100016E-01 -.4661E+01  .8971E+01   .9999999 -.0001075  .0001863
T 8923 19 .1519114E+11   1100008E-01 -.1548E+01 -.7409E+00   .9999999 -.0001020 -.0001651
T 8924 19 .1519320E+11   1100011E-01 -.1005E+02 -.9572E+01   .9999999 -.0001936 -.0001851
T 8925 19 .1519270E+11   1100008E-01  .1207E+00  .4801E+01   .9999999  .0001376 -.0000044
T 8926 19 .1519277E+11   1100007E-01 -.1389E+02  .2454E+01   .9999999 -.0003254  .0002155
T 8927 19 .1519281E+11   1100016E-01 -.2131E+01  .2012E+01   .9999999 -.0000026 -.0000642
T 8928 19 .1519331E+11   1100007E-01 -.1100E+02 -.6606E+01   .9999999 -.0001732 -.0000785
T 8929 19 .1519225E+11   1100013E-01 -.6686E+01 -.1057E+01   .9999999 -.0002230  .0001187
T 8930 19 .1519346E+11   1100016E-01 -.2314E+01  .6819E+01   .9999999 -.0000798  .0001232
T 8931 19 .1519350E+11   1100021E-01 -.3658E+01 -.6532E+00   .9999999  .0000028  .0000006
T 8932 19 .1519289E+11   1100000E-01 -.1440E+02 -.1098E+02   .9999999 -.0003743 -.0001889
T 8933 19 .1519166E+11   1100001E-01  .2046E+01 -.4280E+01   .9999999 -.0000058 -.0000520
T 8934 19 .1519372E+11   1100020E-01  .2794E+01 -.7236E+01   .9999999  .0001446 -.0000907
T 8935 19 .1519342E+11   1100015E-01 -.1775E+02 -.7930E+01   .9999999  .0000565 -.0003323
T 8936 19 .1519159E+11   1100000E-01  .9040E+01 -.1091E+02   .9999999  .0000850  .0000366
T 8937 19 .1519297E+11   1100009E-01 -.1172E+02 -.8929E+00   .9999999 -.0000721  .0000009
T 8938 19 .1519246E+11   1100018E-01  .9092E+01 -.8865E+01   .9999999  .0000524 -.0000882
T 8939 19 .1519199E+11   1100011E-01  .3694E+01  .5304E+01   .9999999  .0000358  .0000827
T 8940 19 .1519277E+11   1100018E-01  .7386E+01 -.6016E+01   .9999999  .0001226 -.0000169
T 8941 19 .1519321E+11   1100023E-01  .5474E+01 -.1091E+02   .9999999  .0000486 -.0001253
T 8942 19 .1519436E+11   1100000E-01  .1061E+02 -.6913E+01   .9999999  .0001938 -.0002106
T 8943 19 .1519306E+11   1100021E-01  .7755E+01 -.3520E+01   .9999999  .0000351 -.0000441
T 8944 19 .1519247E+11   1100001E-01  .4164E+01 -.1492E+02   .9999999 -.0001720 -.0001990
T 8945 19 .1519237E+11   1100014E-01 -.1691E+02  .6527E+01   .9999999 -.0001236  .0001797
T 8946 19 .1519262E+11   1100012E-01 -.3315E+01  .1181E+02   .9999999  .0000724  .0001767
T 8947 19 .1519358E+11   1100016E-01  .1105E+02  .9542E+01   .9999999  .0001533  .0001090
T 8948 19 .1519267E+11   1100016E-01 -.1333E+01 -.6841E+01   .9999999 -.0000471 -.0001179
T 8949 19 .1519203E+11   1100012E-01  .1054E+02  .9771E+01   .9999999  .0004143  .0000826
T 8950 19 .1519305E+11   1100010E-01  .3532E+01 -.1029E+00   .9999999  .0000118 -.0000748
T 8951 19 .1519311E+11   1100007E-01  .6586E+01 -.2280E+01   .9999999  .0000290  .0000663
T 8952 19 .1519326E+11   1100000E-01  .1601E+02  .1226E+01   .9999999  .0001920  .0000860
T 8953 19 .1519299E+11   1100001E-01 -.3507E+02 -.9671E+01   .9999999 -.0004561 -.0000977
T 8954 19 .1519238E+11   1100017E-01  .2313E+01  .1088E+01   .9999999  .0000631  .0000290
T 8955 19 .1519192E+11   1100021E-01  .7789E+01 -.3603E+01   .9999999  .0001602  .0000217
T 8956 19 .1519253E+11   1100022E-01  .6485E+01  .2980E+01   .9999999  .0000311  .0000861
T 8957 19 .1519182E+11   1100009E-01 -.5380E+01  .2152E+01   .9999999 -.0001299 -.0000354
T 8958 19 .1519237E+11   1100022E-01 -.2301E+01  .8405E+01   .9999999 -.0001183  .0001383
T 8959 19 .1519311E+11   1100020E-01 -.1255E+02 -.1167E+02   .9999999 -.0002245 -.0002339
T 8960 19 .1519295E+11   1100006E-01  .5767E+01  .3835E+01   .9999999  .0000617 -.0000171
T 8961 19 .1519236E+11   1100014E-01  .1543E+01  .4024E+01   .9999999  .0000904 -.0000142
T 8962 19 .1519297E+11   1100014E-01 -.8455E+00 -.1726E+02   .9999999 -.0000582 -.0002479
T 8963 19 .1519209E+11   1100013E-01 -.6679E+01  .7811E+01   .9999999 -.0001106  .0000040
T 8964 19 .1519279E+11   1100017E-01 -.1504E+02  .1891E+02   .9999998 -.0001266  .0005361
T 8965 19 .1519272E+11   1100009E-01 -.2012E+02 -.2236E+01   .9999999 -.0001782 -.0000722
T 8966 19 .1519264E+11   1100006E-01  .1475E+01 -.5483E+01   .9999999  .0002003 -.0001705
T 8967 19 .1519290E+11   1100019E-01 -.2318E+02  .3617E+01   .9999998 -.0005626 -.0001932
T 8968 19 .1519195E+11   1100016E-01  .6766E+01 -.5850E+01   .9999999  .0001211 -.0000197
T 8969 19 .1519290E+11   1100009E-01  .2337E+02 -.1253E+01   .9999999  .0002880 -.0000777
T 8970 19 .1519256E+11   1100012E-01 -.1337E+02  .1074E+02   .9999999 -.0000642  .0001101
T 8971 19 .1519254E+11   1100011E-01  .2189E+02  .1646E+01   .9999999  .0002217  .0000886
T 8972 19 .1519171E+11   1100016E-01  .1948E+01  .9667E+01   .9999999  .0001664 -.0000482
T 8973 19 .1519251E+11   1100006E-01 -.3591E+01 -.5141E+01   .9999999 -.0000671 -.0000222
T 8974 19 .1519358E+11   1100003E-01 -.2407E+01  .3663E+00   .9999999 -.0001126  .0000311
T 8975 19 .1519333E+11   1100016E-01  .6686E+01 -.1087E+02   .9999999  .0000978 -.0002182
T 8976 19 .1519238E+11   1100021E-01  .2572E+02  .2167E+02   .9999999  .0003488  .0001940
T 8977 19 .1519234E+11   1100002E-01 -.7887E+01  .6190E+01   .9999999 -.0001403  .0001135
T 8978 19 .1519293E+11   1100013E-01 -.7035E+01  .5587E+01   .9999999 -.0001562  .0000751
T 8979 19 .1519208E+11   1100004E-01  .4673E+01  .1222E+02   .9999999  .0000654  .0001681
T 8980 19 .1519208E+11   1100014E-01 -.1817E+02  .1373E+02   .9999999 -.0003301  .0001268
T 8981 19 .1519399E+11   1100013E-01 -.4265E+01 -.4657E+01   .9999999  .0000459 -.0000686
T 8982 19 .1519397E+11   1100023E-01  .3391E+01  .8616E+01   .9999999  .0001672  .0002269
T 8983 19 .1519249E+11   1100006E-01  .5581E+02 -.3459E+02   .9999997  .0005344 -.0004735
T 8984 19 .1519248E+11   1100019E-01 -.4745E+01  .1224E+02   .9999999 -.0000820  .0002553
T 8985 19 .1519373E+11   1100011E-01 -.8889E+01  .6996E+01   .9999999 -.0000018  .0000503
T 8986 19 .1519173E+11   1100014E-01 -.1279E+01 -.1930E+01   .9999999  .0000550 -.0000213
T 8987 19 .1519247E+11   1100010E-01  .2309E+02 -.6879E+01   .9999999  .0004348 -.0000680
T 8988 19 .1519319E+11   1100018E-01  .1509E+02  .4732E+02   .9999998  .0001941  .0006706
T 8989 19 .1519346E+11   1100005E-01 -.6529E+01  .2473E+01   .9999999 -.0001631 -.0000354
T 8990 19 .1519261E+11   1100013E-01  .3598E+01  .1458E+02   .9999999  .0000645  .0002599
T 8991 19 .1519148E+11   1100017E-01  .1600E+02 -.1415E+02   .9999999  .0002653 -.0001152
T 8992 19 .1519429E+11   1100020E-01 -.4005E+02 -.2722E+02   .9999997 -.0006306 -.0003756
T 8993 19 .1519171E+11   1100014E-01  .5097E+01  .6815E+01   .9999999  .0001280 -.0000743
T 8994 19 .1519325E+11   1100019E-01 -.5011E+01  .2585E+01   .9999999  .0000067  .0000451
T 8995 19 .1519206E+11   1100019E-01 -.2451E+01  .4842E+01   .9999999 -.0000496  .0002017
T 8996 19 .1519280E+11   1100012E-01  .6050E+01  .1641E+01   .9999999  .0001745  .0000468
T 8997 19 .1519434E+11   1100019E-01 -.5558E+01 -.8330E+01   .9999999 -.0000713 -.0001305
T 8998 19 .1519219E+11   1100022E-01 -.3480E+01  .4085E+01   .9999999 -.0001316  .0000352
T 8999 19 .1519279E+11   1100009E-01  .8615E-01  .3289E+01   .9999999  .0000511  .0001594
T 9000 19 .1519281E+11   1100009E-01  .1087E+02 -.1893E+02   .9999999  .0001547 -.0002845
T 9001 19 .1519204E+11   1100013E-01  .1245E+02  .8384E+01   .9999999  .0001786  .0000343
T 9002 19 .1519427E+11   1100020E-01  .1334E+02 -.1369E-01   .9999999  .0002292  .0000835
T 9003 19 .1519322E+11   1100018E-01 -.4541E+01 -.1211E+02   .9999999  .0000572 -.0002346
T 9004 19 .1519275E+11   1100014E-01 -.5552E+00 -.2689E+01   .9999999 -.0000408  .0000255
T 9005 19 .1519305E+11   1100020E-01  .6780E+01 -.3940E+01   .9999999  .0000848 -.0000036
T 9006 19 .1519160E+11   1100020E-01 -.1120E+02 -.1062E+01   .9999999 -.0003968  .0000511
T 9007 19 .1519208E+11   1100010E-01 -.1774E+01 -.8769E+00   .9999999 -.0001267 -.0001127
T 9008 19 .1519315E+11   1100013E-01  .1385E+02 -.1160E+02   .9999999  .0004537 -.0001705
T 9009 19 .1519173E+11   1100005E-01 -.1266E+02 -.1326E+02   .9999999 -.0002707 -.0001254
T 9010 19 .1519285E+11   1100014E-01 -.1722E+02  .1568E+01   .9999999 -.0002419  .0000869
T 9011 19 .1519108E+11   1100013E-01 -.2641E+01 -.3291E+01   .9999999  .0000095 -.0001251
T 9012 19 .1519316E+11   1100018E-01  .4281E+01 -.2580E+01   .9999999  .0000278  .0000048
T 9013 19 .1519225E+11   1100020E-01  .1019E+02  .7677E+01   .9999999 -.0001661  .0003964
T 9014 19 .1519149E+11   1100001E-01  .1999E+02  .8177E+01   .9999999  .0002554  .0001948
T 9015 19 .1519269E+11   1100015E-01 -.1051E+02 -.1143E+02   .9999999 -.0001512 -.0001183
T 9016 19 .1519268E+11   1100001E-01  .8404E+01  .1036E+02   .9999999  .0001017  .0000759
T 9017 19 .1519156E+11   1100002E-01 -.4436E+01 -.1223E+02   .9999999 -.0001836 -.0001002
T 9018 19 .1519328E+11   1100013E-01  .5315E+01 -.2666E+01   .9999999  .0000581 -.0000169
T 9019 19 .1519374E+11   1100009E-01 -.3125E+01  .1012E+02   .9999999 -.0000096  .0000994
T 9020 19 .1519230E+11   1100006E-01  .4782E+01 -.1208E+02   .9999999  .0000923 -.0002974
T 9021 19 .1519294E+11   1100014E-01  .2720E+02  .1480E+02   .9999998  .0004638  .0004185
T 9022 19 .1519315E+11   1100009E-01  .4501E+01 -.4904E+00   .9999999  .0000782 -.0000024
T 9023 19 .1519198E+11   1100014E-01  .1903E+02  .8095E+01   .9999999  .0003748  .0001374
T 9024 19 .1519245E+11   1100012E-01 -.7139E+01  .1052E+02   .9999999 -.0002267  .0000454
T 9025 19 .1519406E+11   1100021E-01 -.1811E+01 -.2782E+01   .9999999  .0000651 -.0000447
T 9026 19 .1519252E+11   1100003E-01  .1269E+02  .6239E+00   .9999999  .0002379 -.0000307
T 9027 19 .1519430E+11   1100020E-01 -.3464E+01 -.2618E+01   .9999999 -.0000168 -.0000964
T 9028 19 .1519302E+11   1100017E-01 -.1268E+02 -.6162E-01   .9999999 -.0000462 -.0000036
T 9029 19 .1519263E+11   1100007E-01  .6320E+01 -.9619E+01   .9999999  .0000357 -.0000915
T 9030 19 .1519350E+11   1100012E-01 -.2440E+02  .1618E+02   .9999999 -.0003360  .0002040
T 9031 19 .1519321E+11   1100001E-01 -.2017E+02  .9742E+01   .9999998 -.0004765  .0003760
T 9032 19 .1519242E+11   1100018E-01 -.2628E+01 -.3980E+01   .9999999  .0000543 -.0000162
T 9033 19 .1519302E+11   1100014E-01 -.2590E+00 -.1012E+02   .9999999  .0000135 -.0000526
T 9034 19 .1519133E+11   1100021E-01 -.6001E+01  .1045E+02   .9999999 -.0001285  .0002972
T 9035 19 .1519274E+11   1100016E-01 -.8138E+01  .2119E+01   .9999999 -.0001022  .0001341
T 9036 19 .1519298E+11   1100003E-01  .1412E+02  .3231E+00   .9999999  .0001637  .0000546
T 9037 19 .1519328E+11   1100017E-01 -.1290E+02 -.1127E+02   .9999999 -.0000575 -.0000680
T 9038 19 .1519265E+11   1100012E-01 -.2148E+01  .1104E+02   .9999999 -.0000403  .0000401
T 9039 19 .1519302E+11   1100011E-01 -.5430E+01  .6039E+00   .9999999 -.0000738  .0000659
T 9040 19 .1519369E+11   1100015E-01  .3120E+01 -.2169E+01   .9999999  .0000951 -.0000886
T 9041 19 .1519329E+11   1100008E-01 -.5839E+01  .2308E+01   .9999999 -.0001228  .0000197
T 9042 19 .1519477E+11   1100004E-01 -.6901E+00 -.5437E+01   .9999999 -.0000165 -.0000826
T 9043 19 .1519169E+11   1100018E-01  .1532E+02  .1326E+02   .9999999  .0000851  .0001332
T 9044 19 .1519359E+11   1100020E-01 -.1074E+02 -.3988E-01   .9999999 -.0001315  .0000354
T 9045 19 .1519486E+11   1100017E-01 -.1830E+01  .3115E+01   .9999999  .0000068  .0001067
T 9046 19 .1519327E+11   1100007E-01 -.5744E+01  .6912E+01   .9999999 -.0001303  .0001109
T 9047 19 .1519195E+11   1100019E-01  .1428E+02 -.8920E+01   .9999999  .0003421 -.0001307
T 9048 19 .1519407E+11   1100010E-01 -.1417E+02  .9345E+01   .9999999 -.0002069  .0000080
T 9049 19 .1519229E+11   1100014E-01  .6453E+00 -.1715E+01   .9999999 -.0000727 -.0001021
T 9050 19 .1519268E+11   1100001E-01  .9737E+01  .3520E+01   .9999999  .0000926  .0000721
T 9051 19 .1519215E+11   1100001E-01 -.2859E+01 -.1131E+01   .9999999 -.0000777  .0000478
T 9052 19 .1519315E+11   1100005E-01  .5326E+01  .3853E+01   .9999999  .0000831  .0001041
T 9053 19 .1519274E+11   1100022E-01  .5233E+01  .1771E+01   .9999999 -.0001300  .0000448
T 9054 19 .1519258E+11   1100007E-01  .5225E+01 -.1152E+01   .9999999  .0000261 -.0000810
T 9055 19 .1519156E+11   1100001E-01 -.4127E+01 -.2821E+01   .9999999 -.0000721 -.0001005
T 9056 19 .1519268E+11   1100017E-01 -.1177E+02  .3250E+01   .9999999 -.0000951  .0001020
T 9057 19 .1519515E+11   1100011E-01  .3037E+01  .3636E+01   .9999999  .0000311  .0000266
T 9058 19 .1519289E+11   1100006E-01 -.7261E+01  .8071E+01   .9999999 -.0001202  .0000667
T 9059 19 .1519141E+11   1100005E-01 -.8541E+01 -.1797E+01   .9999999 -.0000323  .0000056
T 9060 19 .1519296E+11   1100004E-01 -.2187E+01  .1250E+02   .9999999 -.0000075  .0003333
T 9061 19 .1519302E+11   1100017E-01 -.5980E+01 -.1482E+01   .9999999 -.0001106 -.0000305
T 9062 19 .1519293E+11   1100006E-01  .1589E+02 -.1490E+02   .9999999  .0001826 -.0000646
T 9063 19 .1519321E+11   1100021E-01  .1251E+02  .8193E+00   .9999999  .0001697  .0000766
T 9064 19 .1519212E+11   1100019E-01 -.1845E+01 -.8187E+01   .9999999  .0000585 -.0001138
T 9065 19 .1519254E+11   1100022E-01  .2123E+01  .4379E+02   .9999999  .0001145  .0003972
T 9066 19 .1519222E+11   1100004E-01 -.6653E+01 -.1047E+02   .9999999 -.0001934 -.0001359
T 9067 19 .1519125E+11   1100019E-01  .6257E+01  .4484E+01   .9999999  .0001815  .0000597
T 9068 19 .1519066E+11   1100002E-01  .6380E+00  .3068E+01   .9999999  .0000103 -.0000361
T 9069 19 .1519363E+11   1100010E-01 -.7729E+01  .6903E+01   .9999999 -.0000740 -.0000849
T 9070 19 .1519260E+11   1100015E-01 -.3181E+01 -.6412E+01   .9999999  .0000532 -.0001056
T 9071 19 .1519209E+11   1100015E-01 -.4846E+00  .5626E+01   .9999999  .0000654 -.0000362
T 9072 19 .1519291E+11   1100015E-01  .2752E+02  .6163E+01   .9999999  .0001316  .0001546
T 9073 19 .1519258E+11   1100010E-01 -.6631E+01  .1579E+01   .9999999 -.0000810 -.0000058
T 9074 19 .1519325E+11   1100006E-01  .1512E+01  .1863E+01   .9999999  .0000284  .0000995
T 9075 19 .1519199E+11   1100000E-01  .4951E+01  .8306E+01   .9999999  .0000115  .0000499
T 9076 19 .1519383E+11   1100003E-01  .1090E+02  .9260E+01   .9999999  .0001488  .0001475
T 9077 19 .1519370E+11   1100007E-01 -.7710E+01  .9305E+00   .9999998 -.0005413  .0002139
T 9078 19 .1519308E+11   1100000E-01 -.1384E+02 -.7339E+01   .9999999 -.0000953 -.0000862
T 9079 19 .1519244E+11   1100006E-01 -.2267E+02  .2370E+02   .9999997 -.0005448  .0005043
T 9080 19 .1519355E+11   1100017E-01 -.6824E+00 -.7339E+01   .9999999 -.0001052 -.0001860
T 9081 19 .1519192E+11   1100022E-01  .3584E+01 -.3357E+01   .9999999  .0001417 -.0000810
T 9082 19 .1519443E+11   1100012E-01 -.8137E+01  .5874E+01   .9999999 -.0000562  .0000466
T 9083 19 .1519406E+11   1100017E-01 -.1211E+02  .1493E+02   .9999999 -.0001125  .0001383
T 9084 19 .1519272E+11   1100022E-01 -.9643E+00  .8931E+00   .9999999 -.0000117 -.0000946
T 9085 19 .1519219E+11   1100022E-01  .5179E+01  .2805E+01   .9999999 -.0000114  .0001605
T 9086 19 .1519295E+11   1100016E-01 -.1020E+02 -.1153E+02   .9999999 -.0001239 -.0000796
T 9087 19 .1519229E+11   1100021E-01 -.4063E+01 -.8858E+01   .9999999 -.0001138 -.0001080
T 9088 19 .1519258E+11   1100002E-01 -.2241E+02 -.7296E+01   .9999999 -.0003206 -.0001422
T 9089 19 .1519376E+11   1100015E-01 -.2574E+01  .1217E+02   .9999999 -.0000843  .0001672
T 9090 19 .1519254E+11   1100021E-01 -.1515E+02  .8269E+00   .9999999 -.0004091 -.0000887
T 9091 19 .1519138E+11   1100020E-01 -.3953E+01  .3500E+01   .9999999 -.0000464  .0000493
T 9092 19 .1519154E+11   1100017E-01  .7136E+01 -.6178E+01   .9999999  .0000798 -.0000083
T 9093 19 .1519273E+11   1100001E-01 -.6484E+01 -.5617E+01   .9999999 -.0000959 -.0002112
T 9094 19 .1519352E+11   1100013E-01  .6816E+01 -.1315E+02   .9999999  .0001020 -.0002464
T 9095 19 .1519206E+11   1100021E-01  .2388E+01  .1303E+02   .9999999  .0000783  .0001811
T 9096 19 .1519254E+11   1100000E-01 -.1310E+02 -.7259E+01   .9999999 -.0001391  .0000909
T 9097 19 .1519355E+11   1100018E-01  .9263E+00  .1952E+02   .9999999 -.0000101  .0004373
T 9098 19 .1519091E+11   1100000E-01  .5537E+01 -.1602E+02   .9999999  .0001495 -.0001627
T 9099 19 .1519212E+11   1100016E-01  .5727E+00 -.3152E+01   .9999999  .0000140  .0000911
T 9100 19 .1519243E+11   1100011E-01 -.2659E+02  .1407E+02   .9999999 -.0002469  .0001134
T 9101 19 .1519298E+11   1100014E-01 -.1606E+02  .6646E+01   .9999999 -.0001206  .0000431
T 9102 19 .1519305E+11   1100014E-01 -.1250E+02 -.1453E+01   .9999999 -.0001962  .0000543
T 9103 19 .1519107E+11   1100006E-01  .1199E+00  .5005E+01   .9999999 -.0000109  .0001419
T 9104 19 .1519163E+11   1100004E-01 -.5810E+01  .4323E+01   .9999999 -.0000573  .0000548
T 9105 19 .1519128E+11   1100017E-01 -.1971E+01  .1037E+02   .9999999  .0001262  .0001836
T 9106 19 .1519179E+11   1100017E-01  .7205E+01  .1120E+01   .9999999  .0001254  .0000028
T 9107 19 .1519333E+11   1100001E-01 -.3006E+00  .2729E+01   .9999999  .0002511  .0000276
T 9108 19 .1519283E+11   1100014E-01 -.4957E+01  .8881E+01   .9999999 -.0000275  .0001034
T 9109 19 .1519360E+11   1100019E-01  .8487E+01  .3516E+01   .9999999 -.0000240  .0001084
T 9110 19 .1519372E+11   1100019E-01 -.1173E+02  .2221E+02   .9999999 -.0001243  .0002345
T 9111 19 .1519287E+11   1100003E-01 -.1208E+02  .1190E+02   .9999999 -.0001740  .0000447
T 9112 19 .1519257E+11   1100009E-01  .1444E+01 -.6300E+01   .9999999  .0000653 -.0001440
T 9113 19 .1519207E+11   1100011E-01 -.5440E+01  .1559E+00   .9999999 -.0000392 -.0000871
T 9114 19 .1519259E+11   1100018E-01 -.4392E+01 -.5365E+01   .9999999 -.0000269 -.0001917
T 9115 19 .1519244E+11   1100010E-01 -.3597E+01  .3523E+01   .9999999 -.0000684 -.0000391
T 9116 19 .1519207E+11   1100008E-01  .6975E+01  .1917E+01   .9999999 -.0000101  .0000541
T 9117 19 .1519260E+11   1100023E-01 -.3989E+01 -.4365E+01   .9999999 -.0000528 -.0000108
T 9118 19 .1519237E+11   1100014E-01  .5424E+01  .1675E+01   .9999999  .0000415  .0001141
T 9119 19 .1519187E+11   1100008E-01  .5648E+01  .5019E+01   .9999999  .0001739  .0000011
T 9120 19 .1519319E+11   1100002E-01  .4690E+01 -.5196E+01   .9999999  .0000310 -.0000677
T 9121 19 .1519234E+11   1100006E-01  .2293E+01 -.1298E+01   .9999999  .0000755 -.0000329
T 9122 19 .1519314E+11   1100013E-01  .7068E+00 -.1089E+02   .9999999 -.0000520 -.0001990
T 9123 19 .1519262E+11   1100010E-01  .7562E+01  .4237E+01   .9999999 -.0000874  .0001022
T 9124 19 .1519286E+11   1100018E-01  .1768E+02 -.6731E+01   .9999999  .0001997 -.0000281
T 9125 19 .1519309E+11   1100012E-01  .1114E+02  .6699E+01   .9999999  .0002114  .0001678
T 9126 19 .1519242E+11   1100010E-01 -.9051E+01  .1838E+01   .9999999 -.0000114 -.0000478
T 9127 19 .1519298E+11   1100014E-01  .1320E+01 -.1153E+02   .9999999  .0000332 -.0002396
T 9128 19 .1519364E+11   1100005E-01  .4840E+00  .3437E+01   .9999999 -.0000333  .0002958
T 9129 19 .1519253E+11   1100009E-01 -.4467E+00  .3907E+01   .9999999 -.0000957 -.0000337
T 9130 19 .1519202E+11   1100004E-01 -.1096E+02  .3244E+02   .9999999 -.0001424  .0004389
T 9131 19 .1519348E+11   1100006E-01  .1093E+01  .7996E+00   .9999999 -.0001057  .0000933
T 9132 19 .1519195E+11   1100021E-01 -.6102E+01 -.4109E+01   .9999999 -.0000282 -.0000395
T 9133 19 .1519219E+11   1100011E-01 -.1025E+02 -.7856E+01   .9999999 -.0000875 -.0002140
T 9134 19 .1519375E+11   1100007E-01 -.3204E+01  .5542E+01   .9999999 -.0000204  .0000413
T 9135 19 .1519290E+11   1100009E-01 -.2625E+01 -.1321E+02   .9999999  .0000545 -.0002215
T 9136 19 .1519307E+11   1100018E-01 -.2487E+00 -.7225E+00   .9999999  .0001056  .0000450
T 9137 19 .1519178E+11   1100004E-01  .2768E+01 -.1160E+02   .9999999  .0000044 -.0001943
T 9138 19 .1519347E+11   1100006E-01 -.6463E+01  .2668E+01   .9999999 -.0000740  .0000591
T 9139 19 .1519387E+11   1100006E-01 -.1816E+03 -.1430E+03   .9999967 -.0020379 -.0015370
T 9140 19 .1519349E+11   1100017E-01 -.2366E+02 -.2039E+02   .9999999 -.0003677 -.0002635
T 9141 19 .1519408E+11   1100022E-01 -.1626E+01  .9376E+01   .9999999 -.0000730 -.0000488
T 9142 19 .1519448E+11   1100000E-01 -.4512E+01 -.1036E+02   .9999999 -.0000758 -.0002044
T 9143 19 .1519278E+11   1100010E-01 -.7323E+01 -.4176E+01   .9999999 -.0000128  .0000627
T 9144 19 .1519204E+11   1100001E-01 -.7223E+01  .3613E+01   .9999999 -.0001216  .0000382
T 9145 19 .1519348E+11   1100008E-01 -.1258E+01 -.8024E+01   .9999999 -.0000456 -.0001384
T 9146 19 .1519284E+11   1100017E-01 -.4030E+01  .6387E+00   .9999999 -.0000397  .0000074
T 9147 19 .1519269E+11   1100002E-01 -.3267E+01  .4865E+01   .9999999  .0000013  .0000939
T 9148 19 .1519323E+11   1100006E-01  .1782E+02 -.1265E+01   .9999999  .0003666 -.0000501
T 9149 19 .1519128E+11   1100010E-01  .7568E+01  .4678E-01   .9999999  .0000778 -.0000146
T 9150 19 .1519228E+11   1100000E-01  .9447E+01 -.3858E+01   .9999999  .0003075 -.0000799
T 9151 19 .1519172E+11   1100003E-01 -.1933E+01  .2827E+00   .9999999  .0000518  .0000477
T 9152 19 .1519231E+11   1100020E-01  .1013E+01  .1132E+02   .9999999  .0000030  .0001919
T 9153 19 .1519205E+11   1100023E-01 -.1871E+01 -.4542E+01   .9999999 -.0000646 -.0001011
T 9154 19 .1519088E+11   1100015E-01 -.7344E+01 -.4175E+01   .9999999 -.0000666  .0000400
T 9155 19 .1519238E+11   1100022E-01 -.2380E+01 -.6745E+01   .9999999 -.0000439 -.0000658
T 9156 19 .1519346E+11   1100000E-01 -.2340E+01 -.5490E+01   .9999999 -.0000550 -.0000884
T 9157 19 .1519303E+11   1100019E-01  .9384E+01 -.4410E+01   .9999999  .0003155 -.0001919
T 9158 19 .1519170E+11   1100018E-01 -.2715E+01 -.7699E+01   .9999999 -.0000395 -.0000766
T 9159 19 .1519209E+11   1100016E-01 -.4304E+01 -.2957E+01   .9999999 -.0001772 -.0000084
T 9160 19 .1519267E+11   1100011E-01 -.1671E+01 -.3215E+01   .9999999 -.0001591  .0000061
T 9161 19 .1519138E+11   1100017E-01  .5443E+01 -.1976E+00   .9999999  .0000854 -.0000619
T 9162 19 .1519228E+11   1100020E-01  .3128E+01 -.4671E+01   .9999999  .0000352 -.0001487
T 9163 19 .1519351E+11   1100005E-01  .3625E+01 -.1447E+02   .9999999  .0000575 -.0002096
T 9164 19 .1519324E+11   1100021E-01 -.8361E+01 -.1414E+01   .9999999 -.0002876 -.0000503
T 9165 19 .1519298E+11   1100001E-01  .1484E+01  .4644E+01   .9999999  .0000781  .0000777
T 9166 19 .1519349E+11   1100001E-01 -.5092E+00 -.1103E+02   .9999999 -.0001063 -.0001881
T 9167 19 .1519220E+11   1100000E-01 -.2441E+01  .9923E+01   .9999999 -.0001357  .0001207
T 9168 19 .1519283E+11   1100010E-01 -.5073E+01 -.4612E+01   .9999999 -.0000824 -.0000630
T 9169 19 .1519351E+11   1100022E-01  .7786E+01 -.4421E-02   .9999999  .0001300 -.0000326
T 9170 19 .1519371E+11   1100003E-01 -.7970E+01  .1161E+02   .9999999 -.0000933  .0003919
T 9171 19 .1519366E+11   1100019E-01  .4193E+01  .1095E+01   .9999999  .0001544 -.0000351
T 9172 19 .1519358E+11   1100020E-01  .1278E+01  .1072E+01   .9999999  .0000525 -.0000965
T 9173 19 .1519229E+11   1100015E-01  .1305E+02 -.4799E+01   .9999999  .0001020 -.0000506
T 9174 19 .1519269E+11   1100016E-01  .2496E+01 -.6409E+00   .9999999  .0000644 -.0000806
T 9175 19 .1519169E+11   1100017E-01 -.8963E+01  .3716E+01   .9999999 -.0001128  .0000421
T 9176 19 .1519333E+11   1100017E-01  .5740E+01  .4598E+01   .9999999  .0000277  .0001289
T 9177 19 .1519172E+11   1100003E-01 -.1201E+00  .5073E+01   .9999999 -.0002522 -.0001603
T 9178 19 .1519281E+11   1100016E-01  .1665E+02 -.1097E+02   .9999999  .0002505 -.0003431
T 9179 19 .1519247E+11   1100023E-01  .7153E+01  .9585E+01   .9999999  .0001547  .0001784
T 9180 19 .1519234E+11   1100016E-01  .2064E+01  .1053E+02   .9999999 -.0001299  .0001122
T 9181 19 .1519144E+11   1100002E-01  .7997E+01 -.1984E+01   .9999999  .0000812 -.0000088
T 9182 19 .1519344E+11   1100019E-01  .1498E+02  .1892E+02   .9999999  .0002207  .0003090
T 9183 19 .1519166E+11   1100012E-01 -.6114E+01  .5737E+01   .9999999 -.0000898 -.0000251
T 9184 19 .1519081E+11   1100006E-01 -.1779E+01 -.4171E+01   .9999999  .0000745 -.0000758
T 9185 19 .1519323E+11   1100006E-01  .4237E+01  .7693E+01   .9999999  .0000393  .0000193
T 9186 19 .1519222E+11   1100003E-01 -.1048E+02  .2524E+01   .9999999 -.0000742  .0000830
T 9187 19 .1519134E+11   1100008E-01  .1306E-02  .7803E+01   .9999999  .0001202  .0001431
T 9188 19 .1519382E+11   1100010E-01  .1716E+02 -.5636E+01   .9999999  .0001603  .0000067
T 9189 19 .1519292E+11   1100007E-01  .1305E+02  .6279E+00   .9999999  .0002345  .0000768
T 9190 19 .1519193E+11   1100000E-01 -.8108E+01 -.5054E+01   .9999999 -.0000420 -.0001372
T 9191 19 .1519424E+11   1100000E-01  .8822E+01 -.2423E+02   .9999999  .0001100 -.0002960
T 9192 19 .1519247E+11   1100021E-01  .7754E+01 -.3252E+01   .9999999  .0000525 -.0000113
T 9193 19 .1519326E+11   1100012E-01 -.8241E+01 -.2604E+01   .9999999 -.0000637 -.0000375
T 9194 19 .1519256E+11   1100014E-01  .1082E+02  .1645E+01   .9999999  .0002409 -.0000160
T 9195 19 .1519206E+11   1100005E-01 -.9009E+01  .4957E+01   .9999999 -.0000636  .0000089
T 9196 19 .1519184E+11   1100016E-01 -.5357E+01  .5581E+01   .9999999 -.0000211  .0000604
T 9197 19 .1519325E+11   1100014E-01 -.7489E+01 -.7450E+01   .9999999 -.0002088  .0001633
T 9198 19 .1519263E+11   1100018E-01  .8045E+01  .5842E+00   .9999999  .0002040  .0000628
T 9199 19 .1519239E+11   1100007E-01  .1159E+01  .6964E+01   .9999999 -.0000963  .0000953
T 9200 19 .1519275E+11   1100021E-01 -.1604E+02 -.1033E+02   .9999999 -.0002960 -.0002333
T 9201 19 .1519273E+11   1100018E-01 -.2574E+02 -.8594E+02   .9999995 -.0003191 -.0009601
T 9202 19 .1519326E+11   1100001E-01  .7980E+01  .3368E+02   .9999999 -.0000780  .0005141
T 9203 19 .1519233E+11   1100016E-01  .1365E+02  .1870E+01   .9999999  .0001122 -.0000883
T 9204 19 .1519354E+11   1100023E-01  .3292E+01  .1748E+02   .9999999 -.0000088  .0002584
T 9205 19 .1519203E+11   1100005E-01  .5587E+01  .2309E+01   .9999999 -.0000130  .0002211
T 9206 19 .1519284E+11   1100018E-01 -.4765E+01 -.5571E+01   .9999999  .0000855 -.0000092
T 9207 19 .1519132E+11   1100021E-01 -.2430E+01 -.2490E+00   .9999999 -.0000336  .0000216
T 9208 19 .1519118E+11   1100012E-01 -.9911E+01 -.1683E+02   .9999999 -.0001442 -.0001903
T 9209 19 .1519217E+11   1100001E-01 -.3451E+02 -.3158E+02   .9999999 -.0003008 -.0004074
T 9210 19 .1519189E+11   1100003E-01  .5112E+01 -.7944E+01   .9999999  .0001369 -.0000776
T 9211 19 .1519354E+11   1100018E-01 -.1069E+02  .3016E+01   .9999999 -.0000990  .0000486
T 9212 19 .1519210E+11   1100012E-01  .3280E+01 -.8989E+01   .9999999  .0001055 -.0002546
T 9213 19 .1519231E+11   1100012E-01 -.6038E+01 -.2021E+01   .9999999 -.0000490 -.0000389
T 9214 19 .1519313E+11   1100023E-01  .1020E+02 -.1045E+02   .9999999  .0000865 -.0002196
T 9215 19 .1519314E+11   1100015E-01  .4597E+00 -.2111E+01   .9999999 -.0000971  .0000336
T 9216 19 .1519241E+11   1100023E-01 -.1956E+02  .1065E+02   .9999999 -.0002818  .0001089
T 9217 19 .1519227E+11   1100016E-01  .2672E+01 -.1424E+02   .9999999 -.0000158 -.0000797
T 9218 19 .1519210E+11   1100010E-01 -.3385E+01  .1448E+02   .9999999 -.0000183  .0001468
T 9219 19 .1519175E+11   1100021E-01 -.3745E+02 -.1452E+02   .9999998 -.0006174 -.0001661
T 9220 19 .1519300E+11   1100006E-01  .2445E+01  .5536E+01   .9999999 -.0000258  .0000353
T 9221 19 .1519240E+11   1100019E-01  .2328E+02  .5113E+01   .9999999  .0003615  .0000093
T 9222 19 .1519330E+11   1100009E-01 -.4323E+01 -.6129E+01   .9999999 -.0000782 -.0001467
T 9223 19 .1519309E+11   1100014E-01 -.1056E+02  .1643E+02   .9999999 -.0001390  .0002924
T 9224 19 .1519118E+11   1100016E-01  .2747E+01 -.5005E+01   .9999999  .0000090 -.0001908
T 9225 19 .1519364E+11   1100022E-01  .8799E+01 -.3032E+01   .9999999  .0002232 -.0000388
T 9226 19 .1519282E+11   1100011E-01 -.8980E+01 -.1022E+02   .9999999 -.0001846 -.0000758
T 9227 19 .1519339E+11   1100005E-01 -.4692E+02 -.1884E+02   .9999998 -.0005574 -.0002108
T 9228 19 .1519076E+11   1100019E-01  .1532E+02 -.7769E+01   .9999999  .0001405 -.0001357
T 9229 19 .1519346E+11   1100018E-01 -.1905E+02 -.1411E+02   .9999999 -.0003311 -.0002829
T 9230 19 .1519254E+11   1100001E-01  .6352E+01 -.8787E+01   .9999999  .0000352 -.0003373
T 9231 19 .1519106E+11   1100008E-01  .7226E+01 -.7830E+01   .9999999  .0000517  .0001503
T 9232 19 .1519089E+11   1100008E-01  .1294E+02 -.1242E+02   .9999999  .0001750 -.0001988
T 9233 19 .1519314E+11   1100018E-01  .3629E+01  .4942E+01   .9999999  .0000713  .0000601
T 9234 19 .1519164E+11   1100020E-01  .6182E+01 -.1203E+02   .9999999  .0000869 -.0002216
T 9235 19 .1519292E+11   1100008E-01 -.4007E+01 -.2779E+01   .9999999 -.0000724 -.0000515
T 9236 19 .1519231E+11   1100022E-01 -.1597E+01 -.1268E+00   .9999999 -.0000672  .0000554
T 9237 19 .1519354E+11   1100016E-01 -.6704E+00 -.1068E+02   .9999999  .0000065 -.0001414
T 9238 19 .1519291E+11   1100010E-01  .9957E+01 -.4500E+01   .9999999  .0001137  .0000644
T 9239 19 .1519348E+11   1100019E-01  .1751E+02  .1249E+02   .9999999  .0002140  .0002643
T 9240 19 .1519297E+11   1100022E-01  .8030E+01  .3854E+01   .9999999  .0001493  .0001197
T 9241 19 .1519302E+11   1100017E-01 -.4872E+01 -.1219E+02   .9999999 -.0000979 -.0001571
T 9242 19 .1519248E+11   1100009E-01  .1470E+02  .9606E+01   .9999999  .0002183  .0000233
T 9243 19 .1519342E+11   1100017E-01  .7762E+00 -.1780E+00   .9999999  .0000063 -.0000702
T 9244 19 .1519266E+11   1100019E-01  .9238E+01 -.7430E+01   .9999999  .0001541 -.0002450
T 9245 19 .1519305E+11   1100004E-01  .1070E+02 -.7844E+01   .9999999  .0001197 -.0001666
T 9246 19 .1519206E+11   1100001E-01 -.1039E+01 -.2700E+01   .9999999  .0000103 -.0000444
T 9247 19 .1519248E+11   1100012E-01 -.1209E+02  .4303E+01   .9999999 -.0001885  .0001000
T 9248 19 .1519212E+11   1100014E-01  .1159E+02  .3948E+01   .9999999  .0002298  .0000826
T 9249 19 .1519132E+11   1100012E-01  .8199E+01 -.6551E+01   .9999999  .0001725 -.0002196
T 9250 19 .1519352E+11   1100011E-01 -.1353E+02  .1165E+02   .9999999  .0001346  .0001449
T 9251 19 .1519257E+11   1100012E-01  .9932E+00 -.3775E+01   .9999999  .0000245  .0000059
T 9252 19 .1519277E+11   1100018E-01  .1775E+02 -.2100E+01   .9999999  .0002117 -.0000101
T 9253 19 .1519326E+11   1100011E-01 -.3116E+01 -.4379E+01   .9999999 -.0000479  .0000031
T 9254 19 .1519368E+11   1100012E-01  .4692E+01 -.2456E+01   .9999999  .0001756  .0000763
T 9255 19 .1519183E+11   1100013E-01 -.2597E+00  .1772E+01   .9999999 -.0000495  .0003973
T 9256 19 .1519299E+11   1100003E-01 -.9884E+01 -.1328E+02   .9999999 -.0000228 -.0001355
T 9257 19 .1519298E+11   1100009E-01  .1966E+02  .6984E+00   .9999999  .0004026  .0000172
T 9258 19 .1519251E+11   1100012E-01  .3109E+01  .1382E+02   .9999999  .0001470  .0002845
T 9259 19 .1519320E+11   1100019E-01 -.1288E+02 -.4480E+00   .9999999 -.0002241 -.0000383
T 9260 19 .1519231E+11   1100001E-01 -.1153E+02 -.7978E+01   .9999999 -.0001273 -.0000560
T 9261 19 .1519323E+11   1100021E-01  .1040E+02 -.5263E+01   .9999999  .0001437 -.0001226
T 9262 19 .1519222E+11   1100003E-01  .4113E+01 -.6631E+01   .9999999  .0001560 -.0000740
T 9263 19 .1519374E+11   1100011E-01  .6674E+01  .7467E+01   .9999999  .0001493  .0001355
T 9264 19 .1519274E+11   1100008E-01 -.1963E+01 -.8221E+01   .9999999 -.0000134 -.0000598
T 9265 19 .1519300E+11   1100018E-01 -.6279E+01  .4601E+01   .9999999  .0000708  .0000608
T 9266 19 .1519285E+11   1100017E-01  .2091E+01 -.2441E+00   .9999999  .0001006 -.0000501
T 9267 19 .1519351E+11   1100014E-01 -.1128E+02  .1468E+02   .9999999 -.0002727  .0003455
T 9268 19 .1519247E+11   1100006E-01  .3492E+00 -.1587E+02   .9999999 -.0000340 -.0002788
T 9269 19 .1519181E+11   1100004E-01  .2956E+01 -.9540E+01   .9999999 -.0000320 -.0000755
T 9270 19 .1519386E+11   1100019E-01 -.3789E+00  .2130E+01   .9999999 -.0000492 -.0000336
T 9271 19 .1519339E+11   1100009E-01  .3169E+01  .1154E+01   .9999999 -.0001131  .0000247
T 9272 19 .1519237E+11   1100002E-01  .1062E+01 -.5363E+01   .9999999  .0000651 -.0000719
T 9273 19 .1519304E+11   1100006E-01  .2593E+01 -.3827E+01   .9999999  .0000679  .0000430
T 9274 19 .1519252E+11   1100008E-01 -.7113E+01  .4395E+01   .9999999 -.0000951  .0000526
T 9275 19 .1519309E+11   1100018E-01  .4908E+01 -.6242E+01   .9999999  .0002577 -.0001075
T 9276 19 .1519271E+11   1100019E-01 -.8090E+01  .1409E+02   .9999999 -.0001394  .0001496
T 9277 19 .1519269E+11   1100020E-01 -.1054E+02 -.8117E+00   .9999999 -.0001374  .0000061
T 9278 19 .1519239E+11   1100001E-01 -.8872E+01 -.1117E+02   .9999999 -.0002813 -.0002291
T 9279 19 .1519369E+11   1100018E-01  .1727E+02 -.1356E+02   .9999999  .0003049 -.0001603
T 9280 19 .1519230E+11   1100009E-01 -.1651E+02 -.6666E+01   .9999999 -.0001722 -.0000530
T 9281 19 .1519364E+11   1100021E-01 -.6310E+01  .7803E+01   .9999999 -.0001707  .0000863
T 9282 19 .1519254E+11   1100007E-01 -.8862E+01  .2653E+02   .9999999 -.0001162  .0003868
T 9283 19 .1519232E+11   1100018E-01 -.5744E+00  .4105E+01   .9999999 -.0000125  .0000489
T 9284 19 .1519214E+11   1100011E-01 -.7324E+00 -.2011E-01   .9999999 -.0000621 -.0000019
T 9285 19 .1519212E+11   1100013E-01 -.1497E+02  .2322E+02   .9999999 -.0001251  .0002683
T 9286 19 .1519224E+11   1100001E-01 -.2614E+02  .2394E+02   .9999999 -.0003267  .0002906
T 9287 19 .1519212E+11   1100000E-01 -.2265E+01  .2899E+01   .9999999  .0000828  .0000899
T 9288 19 .1519328E+11   1100001E-01 -.8987E+01 -.6754E+01   .9999999 -.0001030 -.0000086
T 9289 19 .1519212E+11   1100015E-01 -.3038E+01  .4054E+01   .9999999 -.0000219  .0000308
T 9290 19 .1519292E+11   1100011E-01  .1513E+02 -.4328E+01   .9999999  .0001701  .0000475
T 9291 19 .1519277E+11   1100018E-01 -.1680E+02 -.5252E+01   .9999999 -.0003229 -.0000171
T 9292 19 .1519262E+11   1100005E-01 -.7941E+01 -.4857E+00   .9999999 -.0001016  .0000829
T 9293 19 .1519322E+11   1100008E-01 -.2045E+01  .4073E+01   .9999999 -.0000559 -.0000584
T 9294 19 .1519327E+11   1100017E-01 -.3680E+01  .4177E+01   .9999999 -.0000090  .0000739
T 9295 19 .1519307E+11   1100019E-01 -.1334E+02 -.1920E+02   .9999999 -.0001431 -.0003192
T 9296 19 .1519225E+11   1100004E-01  .1368E+02  .1338E+02   .9999999  .0001555  .0002096
T 9297 19 .1519313E+11   1100014E-01  .1028E+02  .3991E+01   .9999999  .0000952 -.0000236
T 9298 19 .1519302E+11   1100015E-01  .4458E+01  .2289E+01   .9999999  .0000589  .0001090
T 9299 19 .1519257E+11   1100012E-01  .2103E+02 -.1319E+02   .9999999  .0004025 -.0001735
T 9300 19 .1519148E+11   1100003E-01 -.1838E+01 -.2546E+01   .9999999 -.0000130 -.0001417
T 9301 19 .1519337E+11   1100004E-01  .5175E+01  .1016E+02   .9999999  .0001751  .0000255
T 9302 19 .1519350E+11   1100008E-01  .6037E+01 -.5431E+01   .9999999  .0002315 -.0000431
T 9303 19 .1519208E+11   1100001E-01 -.4057E+01 -.9320E+00   .9999999 -.0000654 -.0001372
T 9304 19 .1519286E+11   1100009E-01  .1339E+01 -.1794E+02   .9999999 -.0000399 -.0001879
T 9305 19 .1519215E+11   1100022E-01 -.8444E+01 -.9396E+01   .9999999 -.0000975 -.0001792
T 9306 19 .1519361E+11   1100020E-01  .1054E+02 -.1015E+02   .9999999  .0001501 -.0001360
T 9307 19 .1519376E+11   1100001E-01 -.3567E+01  .3992E+01   .9999999 -.0000839  .0000946
T 9308 19 .1519389E+11   1100012E-01  .3215E+01  .4589E+01   .9999999 -.0000771  .0000590
T 9309 19 .1519241E+11   1100020E-01 -.1210E+02  .4429E+01   .9999999 -.0000544 -.0000097
T 9310 19 .1519352E+11   1100016E-01  .3118E+01 -.6616E+01   .9999999  .0000682 -.0000318
T 9311 19 .1519424E+11   1100019E-01  .8022E+01 -.1670E+00   .9999999  .0002556  .0000537
T 9312 19 .1519284E+11   1100018E-01 -.1391E+01  .1236E+01   .9999999  .0000269  .0000491
T 9313 19 .1519196E+11   1100020E-01  .2305E+01  .1799E+01   .9999999 -.0000246  .0001290
T 9314 19 .1519379E+11   1100012E-01 -.5561E+01  .2477E+01   .9999999 -.0002010  .0000616
T 9315 19 .1519341E+11   1100019E-01 -.8848E+01 -.2114E+01   .9999999 -.0000374  .0000013
T 9316 19 .1519295E+11   1100001E-01 -.6383E+01  .7335E+00   .9999999 -.0000464  .0000331
T 9317 19 .1519189E+11   1100012E-01 -.1464E+02  .3584E+01   .9999999 -.0002780 -.0000038
T 9318 19 .1519257E+11   1100020E-01 -.1174E+02 -.9086E+00   .9999999 -.0001320 -.0001719
T 9319 19 .1519290E+11   1100008E-01 -.7457E+01 -.1461E+01   .9999999 -.0001290 -.0000269
T 9320 19 .1519098E+11   1100021E-01 -.2822E+01  .2412E+01   .9999999 -.0001961  .0000406
T 9321 19 .1519388E+11   1100003E-01  .6538E+00 -.1745E+02   .9999999  .0002211 -.0002660
T 9322 19 .1519224E+11   1100020E-01 -.7436E+01  .8008E+01   .9999999 -.0001666  .0002499
T 9323 19 .1519276E+11   1100017E-01  .9597E+00  .5426E+01   .9999999 -.0000400  .0001204
T 9324 19 .1519241E+11   1100017E-01 -.3931E+01  .9799E+01   .9999999 -.0003022  .0002177
T 9325 19 .1519300E+11   1100019E-01  .1258E+01  .3778E+01   .9999999  .0000033  .0002188
T 9326 19 .1519356E+11   1100017E-01 -.1422E+01 -.8982E+01   .9999999  .0000631 -.0001547
T 9327 19 .1519173E+11   1100009E-01 -.6398E+01 -.7848E+01   .9999999 -.0001447 -.0002018
T 9328 19 .1519328E+11   1100002E-01 -.5765E+00 -.8329E+01   .9999999 -.0000029 -.0001835
T 9329 19 .1519244E+11   1100003E-01  .1033E+02 -.5855E+01   .9999999  .0000252 -.0000309
T 9330 19 .1519313E+11   1100002E-01 -.1133E+02  .8064E+00   .9999999 -.0002348 -.0000198
T 9331 19 .1519289E+11   1100019E-01  .8920E+01 -.2498E+01   .9999999 -.0000478 -.0001294
T 9332 19 .1519069E+11   1100020E-01 -.5652E+01 -.1892E+02   .9999999 -.0001511 -.0003914
T 9333 19 .1519230E+11   1100005E-01  .6607E+01 -.5554E+01   .9999999  .0001174 -.0001106
T 9334 19 .1519263E+11   1100003E-01 -.1455E+00 -.2524E+01   .9999999 -.0000808 -.0001943
T 9335 19 .1519297E+11   1100014E-01 -.1033E+00  .1037E+02   .9999999  .0000852  .0001395
T 9336 19 .1519227E+11   1100007E-01 -.3678E+01 -.7718E+01   .9999999 -.0000367 -.0002836
T 9337 19 .1519301E+11   1100008E-01  .1912E+02  .9637E+01   .9999999  .0002569 -.0000103
T 9338 19 .1519327E+11   1100016E-01  .3929E+01 -.1123E+01   .9999999  .0001687 -.0000384
T 9339 19 .1519237E+11   1100019E-01  .4216E+01 -.1096E+02   .9999998  .0005493  .0001574
T 9340 19 .1519215E+11   1100010E-01 -.1586E+02 -.6095E+01   .9999999 -.0001719  .0000519
T 9341 19 .1519147E+11   1100014E-01  .1149E+02  .1148E+02   .9999999  .0001848  .0000736
T 9342 19 .1519244E+11   1100021E-01  .3395E+01  .3316E+00   .9999999  .0002185  .0000905
T 9343 19 .1519155E+11   1100015E-01  .7102E+01  .2596E+01   .9999999  .0000985  .0000458
T 9344 19 .1519335E+11   1100015E-01 -.3292E+01 -.1251E+01   .9999999 -.0000540  .0000191
T 9345 19 .1519367E+11   1100000E-01 -.4772E+02  .1134E+03   .9999989 -.0005097  .0014094
T 9346 19 .1519291E+11   1100000E-01  .1268E+01 -.1313E+02   .9999999 -.0000032 -.0002810
T 9347 19 .1519225E+11   1100009E-01  .2061E+01 -.4122E+01   .9999999  .0000097 -.0001287
T 9348 19 .1519301E+11   1100017E-01 -.1566E+02 -.1434E+02   .9999999 -.0002559 -.0000585
T 9349 19 .1519267E+11   1100016E-01 -.7937E+01 -.1625E+02   .9999999 -.0000636 -.0003885
T 9350 19 .1519257E+11   1100015E-01  .3231E+01  .4188E+01   .9999999  .0000827  .0000072
T 9351 19 .1519190E+11   1100019E-01 -.3028E+01  .8550E+01   .9999999 -.0000749  .0001540
T 9352 19 .1519239E+11   1100007E-01 -.1675E+02 -.7949E+01   .9999999 -.0001876 -.0001007
T 9353 19 .1519220E+11   1100019E-01  .1483E+01 -.6244E+01   .9999999  .0000177 -.0000920
T 9354 19 .1519313E+11   1100006E-01  .3129E+02  .1286E+02   .9999999  .0003914 -.0000269
T 9355 19 .1519361E+11   1100013E-01  .1948E+02 -.8410E+01   .9999999  .0003061 -.0000684
T 9356 19 .1519214E+11   1100015E-01  .8907E+01  .1145E+01   .9999999  .0001442 -.0000817
T 9357 19 .1519258E+11   1100017E-01 -.9076E+01  .8519E+01   .9999999 -.0000384  .0001815
T 9358 19 .1519059E+11   1100009E-01 -.6577E+01 -.8122E+01   .9999999 -.0003399 -.0001525
T 9359 19 .1519191E+11   1100019E-01  .6319E+01  .7162E+01   .9999999  .0002963  .0000816
T 9360 19 .1519202E+11   1100012E-01  .1058E+01  .5823E+01   .9999999 -.0000919  .0001678
T 9361 19 .1519201E+11   1100002E-01 -.1016E+02 -.1766E+02   .9999999 -.0001268 -.0002821
T 9362 19 .1519467E+11   1100017E-01 -.5412E+01 -.7128E+01   .9999999  .0000330 -.0001197
T 9363 19 .1519256E+11   1100017E-01  .3224E+01 -.8388E+01   .9999999  .0000571 -.0000788
T 9364 19 .1519312E+11   1100021E-01 -.2900E+01  .2740E+00   .9999999 -.0000169 -.0000638
T 9365 19 .1519309E+11   1100005E-01 -.1607E+02  .1791E+02   .9999999 -.0000454  .0004109
T 9366 19 .1519334E+11   1100022E-01 -.5243E+00  .2387E+01   .9999999  .0000117 -.0000044
T 9367 19 .1519168E+11   1100010E-01  .2099E+01 -.6399E+01   .9999999 -.0000027 -.0001003
T 9368 19 .1519228E+11   1100015E-01 -.2583E+01  .5055E+01   .9999999  .0000251  .0000180
T 9369 19 .1519270E+11   1100008E-01  .1038E+01 -.6819E+00   .9999999  .0001298 -.0000637
T 9370 19 .1519322E+11   1100021E-01  .2820E+01 -.1273E+01   .9999999  .0000792 -.0000233
T 9371 19 .1519351E+11   1100017E-01 -.9773E+01 -.8395E+01   .9999999 -.0000298 -.0002088
T 9372 19 .1519148E+11   1100005E-01  .5577E+01 -.5163E+01   .9999999  .0000604 -.0002157
T 9373 19 .1519171E+11   1100001E-01  .1068E+02 -.6567E+01   .9999999  .0001758 -.0001131
T 9374 19 .1519341E+11   1100003E-01 -.1449E+02  .9587E+01   .9999999 -.0002529  .0001043
T 9375 19 .1519210E+11   1100021E-01 -.1146E+01  .5695E+01   .9999999  .0000826 -.0000729
T 9376 19 .1519163E+11   1100000E-01  .1230E+02  .1139E+02   .9999999  .0002180  .0001767
T 9377 19 .1519216E+11   1100017E-01  .1287E+01  .3837E+01   .9999999 -.0000300  .0000319
T 9378 19 .1519275E+11   1100023E-01  .5913E+01 -.2839E+01   .9999999  .0000324 -.0000452
T 9379 19 .1519362E+11   1100008E-01 -.5912E+01  .9421E+00   .9999999 -.0002090 -.0000604
T 9380 19 .1519298E+11   1100021E-01  .5318E+01  .3560E+02   .9999999  .0001782  .0003893
T 9381 19 .1519402E+11   1100011E-01 -.3220E+01 -.3406E+01   .9999999  .0000884 -.0000888
T 9382 19 .1519186E+11   1100003E-01  .7967E+01  .2469E+01   .9999999  .0001380 -.0000448
T 9383 19 .1519423E+11   1100021E-01  .6726E+01 -.3437E+01   .9999999  .0002010 -.0000360
T 9384 19 .1519317E+11   1100017E-01 -.2058E+02  .5469E+01   .9999999 -.0002199  .0000622
T 9385 19 .1519239E+11   1100010E-01  .3847E+01 -.1824E+02   .9999999  .0001405 -.0001493
T 9386 19 .1519150E+11   1100014E-01  .8265E+00  .2469E+01   .9999999  .0000235 -.0001191
T 9387 19 .1519368E+11   1100000E-01 -.1208E+02  .3873E+01   .9999999 -.0002598  .0000608
T 9388 19 .1519178E+11   1100005E-01 -.3802E+01  .6357E+01   .9999999 -.0001544  .0001803
T 9389 19 .1519246E+11   1100021E-01 -.2474E+01  .6456E+01   .9999999 -.0000039  .0001205
T 9390 19 .1519306E+11   1100002E-01 -.1776E+02 -.3303E+01   .9999999 -.0002572  .0000240
T 9391 19 .1519396E+11   1100011E-01 -.4279E+02 -.3749E+02   .9999997 -.0006225 -.0004153
T 9392 19 .1519244E+11   1100013E-01  .5627E+01  .7802E+01   .9999999  .0000632  .0000412
T 9393 19 .1519209E+11   1100008E-01 -.1721E+01  .4920E+01   .9999999 -.0000304 -.0000392
T 9394 19 .1519283E+11   1100002E-01 -.1443E+02  .1159E+02   .9999999 -.0002727  .0001733
T 9395 19 .1519208E+11   1100020E-01  .3861E+01  .6913E+01   .9999999  .0000214  .0002459
T 9396 19 .1519182E+11   1100016E-01 -.7324E+01 -.7404E+01   .9999999 -.0001378 -.0001067
T 9397 19 .1519309E+11   1100003E-01 -.2686E+02  .1017E+02   .9999999 -.0003833  .0001196
T 9398 19 .1519345E+11   1100000E-01 -.5218E+01 -.1235E+01   .9999999 -.0001102 -.0001190
T 9399 19 .1519090E+11   1100022E-01  .8165E+00 -.9052E+01   .9999999  .0000651 -.0000448
T 9400 19 .1519176E+11   1100017E-01  .1213E+00  .7684E+01   .9999999 -.0001166 -.0001398
T 9401 19 .1519251E+11   1100001E-01  .1911E+01 -.4901E+01   .9999999 -.0000444 -.0000591
T 9402 19 .1519349E+11   1100020E-01  .3291E+01  .3667E+01   .9999999  .0000251  .0001151
T 9403 19 .1519137E+11   1100004E-01  .2095E+01 -.5887E+01   .9999999  .0000558 -.0000946
T 9404 19 .1519062E+11   1100017E-01 -.5213E+00  .3357E+01   .9999999  .0000555  .0000219
T 9405 19 .1519261E+11   1100009E-01 -.1514E+02 -.5806E+01   .9999999 -.0002881 -.0000113
T 9406 19 .1519148E+11   1100018E-01 -.4435E+01 -.5381E+01   .9999999  .0000392  .0000969
T 9407 19 .1519246E+11   1100018E-01  .8375E+01  .6557E+01   .9999999  .0001213  .0001148
T 9408 19 .1519303E+11   1100003E-01 -.7938E+01 -.3721E+02   .9999998  .0000108 -.0007015
T 9409 19 .1519333E+11   1100016E-01  .6652E+01  .1034E+02   .9999999  .0000122  .0002013
T 9410 19 .1519316E+11   1100016E-01 -.1738E+01 -.9767E+01   .9999999  .0000175 -.0001718
T 9411 19 .1519093E+11   1100019E-01  .2702E+01 -.6421E+01   .9999999  .0000916 -.0001804
T 9412 19 .1519304E+11   1100007E-01  .2832E+02  .3114E+01   .9999999  .0004967  .0000898
T 9413 19 .1519210E+11   1100003E-01 -.8457E+01  .1929E+01   .9999999 -.0001823 -.0000372
T 9414 19 .1519258E+11   1100010E-01 -.1332E+02  .9761E+01   .9999999 -.0001686  .0001064
T 9415 19 .1519286E+11   1100005E-01  .9122E+01  .4376E+01   .9999999  .0002453  .0000610
T 9416 19 .1519189E+11   1100013E-01  .8820E+01  .8243E+01   .9999999  .0001546  .0002650
T 9417 19 .1519076E+11   1100021E-01  .8827E+00 -.2335E+01   .9999999  .0000036 -.0000192
T 9418 19 .1519371E+11   1100014E-01  .1087E+02 -.6147E+01   .9999999  .0001550 -.0001128
T 9419 19 .1519198E+11   1100006E-01  .5406E+01  .4519E+01   .9999999  .0000524  .0000452
T 9420 19 .1519204E+11   1100021E-01 -.1437E+02  .1207E+01   .9999999 -.0001769 -.0000187
T 9421 19 .1519219E+11   1100011E-01  .1868E+02 -.2074E+02   .9999999  .0000656 -.0004028
T 9422 19 .1519357E+11   1100016E-01  .5300E+01 -.7533E+01   .9999999  .0000504 -.0001031
T 9423 19 .1519284E+11   1100000E-01  .3620E+01 -.2706E+01   .9999999  .0000167  .0000201
T 9424 19 .1519191E+11   1100004E-01  .8646E+01  .8521E+01   .9999999  .0000997  .0001482
T 9425 19 .1519194E+11   1100003E-01 -.5009E+02 -.2449E+02   .9999998 -.0006415 -.0002599
T 9426 19 .1519152E+11   1100020E-01 -.1634E+00  .4714E+01   .9999999 -.0000963  .0000728
T 9427 19 .1519299E+11   1100022E-01 -.1721E+01  .6931E+00   .9999999  .0000022  .0000589
T 9428 19 .1519223E+11   1100009E-01  .7203E+01 -.1955E+02   .9999999  .0001346 -.0002671
T 9429 19 .1519315E+11   1100017E-01 -.1083E+02  .3113E+01   .9999999 -.0001031  .0001052
T 9430 19 .1519327E+11   1100018E-01 -.3213E+01  .7277E+01   .9999999 -.0000448  .0000613
T 9431 19 .1519320E+11   1100008E-01 -.8775E+00 -.1398E+02   .9999999 -.0000560 -.0004108
T 9432 19 .1519216E+11   1100017E-01  .9688E+01 -.4921E+01   .9999999  .0001430 -.0001046
T 9433 19 .1519064E+11   1100018E-01  .4562E-01 -.6762E+01   .9999999  .0001785 -.0002186
T 9434 19 .1519210E+11   1100002E-01 -.7289E+00 -.8705E+01   .9999999  .0001752 -.0001560
T 9435 19 .1519375E+11   1100013E-01  .6978E+00 -.3750E+01   .9999999 -.0000130  .0000868
T 9436 19 .1519286E+11   1100017E-01  .7814E+01  .3019E+01   .9999999  .0001426  .0001200
T 9437 19 .1519350E+11   1100022E-01  .6503E+01  .1463E+02   .9999999  .0001404  .0001677
T 9438 19 .1519396E+11   1100016E-01 -.3465E+01  .5309E+01   .9999999 -.0001257  .0001677
T 9439 19 .1519203E+11   1100018E-01  .1862E+02  .3770E+01   .9999999  .0002551  .0000462
T 9440 19 .1519195E+11   1100013E-01  .3600E+01  .6880E+01   .9999999  .0000250  .0002881
T 9441 19 .1519206E+11   1100009E-01  .9100E+01 -.1018E+02   .9999999  .0001362 -.0001286
T 9442 19 .1519150E+11   1100010E-01 -.8603E+01 -.1667E+02   .9999999 -.0001113 -.0002553
T 9443 19 .1519388E+11   1100022E-01  .1379E+02  .1276E+01   .9999999  .0001988 -.0001393
T 9444 19 .1519227E+11   1100001E-01 -.1043E+02  .1184E+02   .9999999 -.0001942  .0001228
T 9445 19 .1519370E+11   1100018E-01 -.5317E+01 -.1622E+02   .9999999 -.0000265 -.0002346
T 9446 19 .1519290E+11   1100003E-01 -.4636E+01  .1342E+01   .9999999 -.0000865 -.0000200
T 9447 19 .1519292E+11   1100012E-01 -.3572E+01 -.2120E+01   .9999999 -.0001722 -.0001055
T 9448 19 .1519200E+11   1100018E-01  .1509E+01 -.5756E+01   .9999999 -.0000276 -.0000977
T 9449 19 .1519230E+11   1100014E-01 -.1562E+01  .2115E+02   .9999999 -.0000125  .0004006
T 9450 19 .1519355E+11   1100020E-01 -.1215E+02 -.2576E+01   .9999999 -.0002324 -.0001197
T 9451 19 .1519249E+11   1100001E-01 -.3871E+01 -.2076E+01   .9999999 -.0000594  .0001043
T 9452 19 .1519356E+11   1100013E-01 -.7908E+01 -.1198E+02   .9999999 -.0001208 -.0001967
T 9453 19 .1519365E+11   1100009E-01  .7366E+01  .3315E+01   .9999999  .0000390  .0000596
T 9454 19 .1519283E+11   1100000E-01 -.4366E+01 -.8412E+00   .9999999  .0000189  .0000219
T 9455 19 .1519286E+11   1100021E-01 -.5665E+01 -.3960E+01   .9999999 -.0000925 -.0000130
T 9456 19 .1519193E+11   1100010E-01 -.6782E+02 -.1715E+02   .9999997 -.0007951 -.0001495
T 9457 19 .1519389E+11   1100023E-01  .6374E+00 -.2873E+01   .9999999 -.0000243 -.0000062
T 9458 19 .1519291E+11   1100005E-01 -.6135E+01  .1192E+02   .9999999  .0000518  .0001482
T 9459 19 .1519234E+11   1100002E-01  .7842E+01  .1748E+02   .9999999  .0000522  .0002114
T 9460 19 .1519182E+11   1100001E-01 -.1273E+02  .1060E+02   .9999999 -.0001697  .0002714
T 9461 19 .1519342E+11   1100016E-01  .1109E+02 -.5753E+01   .9999999  .0002628 -.0001359
T 9462 19 .1519210E+11   1100017E-01  .5189E+01 -.9297E+01   .9999999  .0001171 -.0002032
T 9463 19 .1519243E+11   1100002E-01  .1316E+02  .3080E+01   .9999999  .0001705  .0000736
T 9464 19 .1519298E+11   1100011E-01  .3627E+01  .8621E+01   .9999999  .0001954  .0001198
T 9465 19 .1519305E+11   1100005E-01  .4973E+01 -.9021E+01   .9999999 -.0000030 -.0001622
T 9466 19 .1519273E+11   1100018E-01  .6955E+01  .2363E+01   .9999999  .0001008 -.0000055
T 9467 19 .1519295E+11   1100022E-01  .1302E+02 -.2351E+02   .9999998  .0004607 -.0005191
T 9468 19 .1519256E+11   1100016E-01 -.1413E+01  .3146E+01   .9999999  .0000491  .0001037
T 9469 19 .1519254E+11   1100018E-01 -.1696E+01 -.6933E+01   .9999999  .0000342 -.0001775
T 9470 19 .1519247E+11   1100007E-01  .1485E+01  .1214E+02   .9999999 -.0000858  .0002274
T 9471 19 .1519231E+11   1100009E-01 -.1714E+02  .6219E+01   .9999999 -.0002747  .0000390
T 9472 19 .1519249E+11   1100004E-01 -.1381E+01  .7807E+01   .9999999  .0000159  .0001661
T 9473 19 .1519220E+11   1100012E-01  .1699E+01 -.6095E+00   .9999999  .0000835  .0001139
T 9474 19 .1519245E+11   1100007E-01 -.1691E+02  .2709E+01   .9999999 -.0002610  .0000735
T 9475 19 .1519218E+11   1100015E-01 -.7722E+01  .5782E+01   .9999999 -.0001024  .0000311
T 9476 19 .1519280E+11   1100007E-01  .7069E+01 -.1103E+02   .9999999  .0001048 -.0001595
T 9477 19 .1519248E+11   1100023E-01  .8892E+01 -.4128E+01   .9999999  .0001731 -.0001747
T 9478 19 .1519228E+11   1100004E-01  .6623E+01 -.3128E+01   .9999999  .0000503 -.0000836
T 9479 19 .1519265E+11   1100020E-01  .6016E+01 -.2413E+01   .9999999 -.0000046 -.0001295
T 9480 19 .1519239E+11   1100000E-01 -.1525E+02  .1039E+02   .9999999 -.0002136  .0000980
T 9481 19 .1519213E+11   1100003E-01  .3721E+01 -.3248E+01   .9999999  .0000178 -.0000316
T 9482 19 .1519218E+11   1100006E-01  .4042E+01 -.1122E+02   .9999999 -.0000048 -.0001762
T 9483 19 .1519226E+11   1100019E-01 -.2558E+01  .4692E+01   .9999999 -.0000585  .0001274
T 9484 19 .1519336E+11   1100018E-01  .4539E+00  .4587E+01   .9999999  .0000336  .0001088
T 9485 19 .1519391E+11   1100016E-01 -.3920E+00  .2061E+01   .9999999 -.0000084  .0000338
T 9486 19 .1519117E+11   1100022E-01  .1368E+01  .1302E+02   .9999999 -.0000593  .0002338
T 9487 19 .1519266E+11   1100022E-01  .4564E+01  .1106E+02   .9999999  .0001024  .0000679
T 9488 19 .1519155E+11   1100018E-01 -.1652E+00 -.1171E+02   .9999999 -.0000344 -.0002569
T 9489 19 .1519346E+11   1100009E-01 -.1748E+01 -.9554E+01   .9999999 -.0000633 -.0001059
T 9490 19 .1519202E+11   1100003E-01  .7287E+01 -.4567E+01   .9999999  .0002163 -.0001695
T 9491 19 .1519396E+11   1100002E-01  .5155E+01 -.2069E+01   .9999999  .0000882 -.0000362
T 9492 19 .1519213E+11   1100015E-01 -.4699E+02 -.4169E+01   .9999999 -.0005306  .0000135
T 9493 19 .1519202E+11   1100000E-01 -.5007E+01 -.1296E+02   .9999999 -.0000492 -.0001139
T 9494 19 .1519226E+11   1100021E-01 -.4236E+01  .7783E+01   .9999999 -.0001001  .0001346
T 9495 19 .1519339E+11   1100022E-01  .8975E+01  .1883E+02   .9999998  .0001700  .0005684
T 9496 19 .1519350E+11   1100000E-01 -.1621E+01  .1111E+02   .9999999  .0001277  .0001230
T 9497 19 .1519308E+11   1100012E-01  .1486E+01  .4898E+01   .9999999  .0002105  .0001230
T 9498 19 .1519184E+11   1100020E-01  .7716E+01  .1259E+01   .9999999  .0001260  .0000496
T 9499 19 .1519263E+11   1100022E-01  .1457E+02  .8138E+01   .9999999  .0001609  .0002620
T 9500 19 .1519224E+11   1100018E-01  .1367E+02  .1297E+01   .9999999  .0003749  .0000538
T 9501 19 .1519271E+11   1100018E-01  .3835E+01  .2242E+01   .9999999 -.0001109  .0000980
T 9502 19 .1519235E+11   1100019E-01 -.5346E+01  .6638E+01   .9999999 -.0000626 -.0000031
T 9503 19 .1519267E+11   1100019E-01  .8400E+01  .1794E+01   .9999999  .0002400  .0001341
T 9504 19 .1519278E+11   1100010E-01 -.4288E+01 -.7185E+01   .9999999 -.0000995 -.0000799
T 9505 19 .1519218E+11   1100000E-01  .2491E+01  .8776E+01   .9999999  .0000846  .0001043
T 9506 19 .1519302E+11   1100009E-01 -.1658E+01 -.8840E+01   .9999999  .0000402 -.0000089
T 9507 19 .1519403E+11   1100013E-01  .1093E+02 -.6406E+01   .9999999  .0001412 -.0000593
T 9508 19 .1519162E+11   1100006E-01 -.3854E+01 -.1086E+02   .9999999 -.0000569 -.0000585
T 9509 19 .1519234E+11   1100017E-01 -.3737E+01 -.6332E+01   .9999999 -.0000475 -.0000379
T 9510 19 .1519327E+11   1100007E-01  .7884E+01  .3942E+01   .9999999  .0001197  .0000945
T 9511 19 .1519182E+11   1100014E-01  .1218E+02 -.5467E+01   .9999999  .0002801 -.0000068
T 9512 19 .1519304E+11   1100016E-01 -.5059E+01  .4154E+01   .9999999 -.0000173  .0000311
T 9513 19 .1519351E+11   1100020E-01  .6856E+01  .3304E+02   .9999999  .0001547  .0003631
T 9514 19 .1519131E+11   1100014E-01 -.2367E+01 -.1859E+02   .9999999 -.0000058 -.0002446
T 9515 19 .1519325E+11   1100012E-01  .3107E+01 -.1325E+02   .9999999  .0000759 -.0001772
T 9516 19 .1519271E+11   1100007E-01 -.3190E+01  .1181E+02   .9999999 -.0001406  .0002525
T 9517 19 .1519261E+11   1100013E-01  .2767E+02  .1331E+02   .9999999  .0003671  .0002480
T 9518 19 .1519197E+11   1100003E-01 -.1029E+02  .7179E+01   .9999999 -.0001527  .0001502
T 9519 19 .1519361E+11   1100018E-01  .7745E+01  .6040E+01   .9999999  .0003740  .0000906
T 9520 19 .1519100E+11   1100003E-01 -.6813E+01  .5234E+01   .9999999 -.0002676  .0000856
T 9521 19 .1519254E+11   1100006E-01 -.5820E+01 -.2379E+02   .9999999  .0000868 -.0002353
T 9522 19 .1519341E+11   1100020E-01  .9998E+01 -.9932E+01   .9999999  .0000312 -.0000896
T 9523 19 .1519271E+11   1100002E-01 -.1051E+02 -.5598E+01   .9999999 -.0001847 -.0000530
T 9524 19 .1519355E+11   1100019E-01  .1574E+02 -.2138E+02   .9999999  .0001170 -.0002186
T 9525 19 .1519268E+11   1100006E-01 -.1720E+02 -.5343E+00   .9999999 -.0002965 -.0002130
T 9526 19 .1519232E+11   1100004E-01 -.8354E+01 -.4967E+00   .9999999 -.0000048  .0000177
T 9527 19 .1519306E+11   1100018E-01  .3201E+01  .1227E+01   .9999999  .0001056  .0001044
T 9528 19 .1519229E+11   1100009E-01 -.4806E+01  .2016E+01   .9999999 -.0000489  .0000801
T 9529 19 .1519285E+11   1100013E-01  .1195E+02 -.1606E+02   .9999999  .0001544 -.0002882
T 9530 19 .1519148E+11   1100020E-01 -.2359E+01 -.1162E+02   .9999999  .0000086 -.0001433
T 9531 19 .1519200E+11   1100016E-01  .2855E-01 -.5672E+01   .9999999  .0000111  .0000121
T 9532 19 .1519254E+11   1100018E-01 -.9159E+01  .5855E+01   .9999999 -.0000402  .0000291
T 9533 19 .1519342E+11   1100016E-01  .5502E+01  .2060E+01   .9999999  .0000673 -.0000044
T 9534 19 .1519258E+11   1100003E-01  .8436E+01 -.2732E+01   .9999999  .0001102  .0000425
T 9535 19 .1519273E+11   1100023E-01  .3310E+01  .5361E+01   .9999999  .0000502 -.0000032
T 9536 19 .1519313E+11   1100021E-01  .2044E+00 -.9898E+01   .9999999 -.0000520 -.0001406
T 9537 19 .1519366E+11   1100004E-01  .1850E+01 -.5776E+01   .9999999  .0000727 -.0000877
T 9538 19 .1519365E+11   1100013E-01  .1975E+01  .2330E+01   .9999999 -.0000255 -.0000332
T 9539 19 .1519259E+11   1100016E-01 -.1245E+02  .1146E+01   .9999999 -.0002408  .0001391
T 9540 19 .1519383E+11   1100016E-01 -.1307E+02 -.1680E+02   .9999999 -.0001771 -.0001184
T 9541 19 .1519220E+11   1100015E-01 -.1492E+02 -.2115E+02   .9999999 -.0001279 -.0001911
T 9542 19 .1519345E+11   1100021E-01  .5106E+01 -.3524E+01   .9999999  .0000934 -.0001312
T 9543 19 .1519246E+11   1100023E-01 -.7498E+00 -.3249E+01   .9999999  .0000964 -.0001779
T 9544 19 .1519134E+11   1100019E-01  .5581E+01  .3479E+01   .9999999  .0000415  .0000753
T 9545 19 .1519228E+11   1100000E-01  .5459E+01 -.8029E-01   .9999999  .0001152 -.0001397
T 9546 19 .1519212E+11   1100021E-01  .1353E+01  .3944E+01   .9999999  .0000146  .0001086
T 9547 19 .1519060E+11   1100005E-01 -.1706E+02  .6806E+00   .9999999 -.0002953 -.0000106
T 9548 19 .1519279E+11   1100014E-01 -.7102E+01  .6864E+01   .9999999 -.0000851  .0000771
T 9549 19 .1519383E+11   1100019E-01 -.5928E+01 -.5064E+01   .9999999 -.0000640 -.0001260
T 9550 19 .1519254E+11   1100011E-01 -.5919E+01 -.2412E+01   .9999999  .0000032 -.0000026
T 9551 19 .1519286E+11   1100001E-01  .6603E+02 -.1936E+02   .9999996  .0008586 -.0002657
T 9552 19 .1519261E+11   1100007E-01 -.4546E+01  .8498E+00   .9999999 -.0001207  .0000010
T 9553 19 .1519148E+11   1100017E-01 -.2105E+01 -.1212E+02   .9999999  .0000127 -.0003192
T 9554 19 .1519241E+11   1100006E-01 -.4372E+01 -.1635E+02   .9999999 -.0000710 -.0002166
T 9555 19 .1519249E+11   1100001E-01 -.2311E+01  .2825E+01   .9999999  .0000130  .0000987
T 9556 19 .1519165E+11   1100016E-01  .6273E-01 -.1071E+02   .9999999 -.0000097 -.0000421
T 9557 19 .1519196E+11   1100016E-01 -.1021E+01 -.1102E+02   .9999999 -.0000378 -.0002177
T 9558 19 .1519188E+11   1100017E-01  .1260E+02 -.1015E-01   .9999999  .0001730 -.0001050
T 9559 19 .1519281E+11   1100010E-01  .6049E+01  .1643E+01   .9999999 -.0000168 -.0000004
T 9560 19 .1519270E+11   1100014E-01  .6341E+01  .6218E+01   .9999999  .0000464  .0000336
T 9561 19 .1519274E+11   1100022E-01  .7357E+01  .1128E+02   .9999999  .0000292  .0001380
T 9562 19 .1519227E+11   1100021E-01  .4719E+01 -.1480E+02   .9999999  .0003067 -.0000755
T 9563 19 .1519237E+11   1100005E-01 -.3127E+01  .6396E+01   .9999999 -.0000333  .0000928
T 9564 19 .1519322E+11   1100008E-01 -.3565E+02  .1256E+02   .9999999 -.0004501  .0001738
T 9565 19 .1519341E+11   1100021E-01 -.6946E+01 -.3131E+01   .9999999 -.0001350  .0000014
T 9566 19 .1519196E+11   1100014E-01  .5816E+01 -.8075E+01   .9999999  .0000462 -.0000923
T 9567 19 .1519307E+11   1100014E-01  .7244E+01 -.1488E+01   .9999999  .0001052 -.0000339
T 9568 19 .1519284E+11   1100022E-01  .1304E+02 -.6274E+01   .9999999  .0001179 -.0002116
T 9569 19 .1519272E+11   1100007E-01  .4549E+01  .1689E+02   .9999999  .0000793  .0002329
T 9570 19 .1519072E+11   1100001E-01 -.1256E+01  .4861E+01   .9999999 -.0000500  .0001682
T 9571 19 .1519315E+11   1100002E-01 -.1343E+02  .9546E+01   .9999999 -.0001808  .0002509
T 9572 19 .1519256E+11   1100022E-01  .2340E+01 -.3564E+01   .9999999  .0000597 -.0001029
T 9573 19 .1519247E+11   1100014E-01  .5333E+01  .1058E+02   .9999999  .0001183  .0001403
T 9574 19 .1519262E+11   1100000E-01  .2698E+00  .1225E+02   .9999999 -.0000751  .0001873
T 9575 19 .1519175E+11   1100020E-01  .7836E+01  .5845E+01   .9999999  .0001508 -.0000398
T 9576 19 .1519345E+11   1100010E-01  .4025E+01 -.9528E+00   .9999999  .0000132 -.0000339
T 9577 19 .1519245E+11   1100017E-01 -.6656E+01 -.1353E+02   .9999999 -.0001550 -.0002194
T 9578 19 .1519295E+11   1100022E-01 -.2711E+01 -.3527E+01   .9999999 -.0000557 -.0001128
T 9579 19 .1519225E+11   1100022E-01  .2606E+02  .2104E+02   .9999999  .0002068  .0001751
T 9580 19 .1519180E+11   1100003E-01  .5808E+01  .1006E+02   .9999999 -.0000084  .0001369
T 9581 19 .1519384E+11   1100014E-01 -.4601E+01 -.9049E+00   .9999999 -.0000158 -.0000341
T 9582 19 .1519297E+11   1100014E-01 -.2090E+01  .8306E+01   .9999999 -.0000762  .0002430
T 9583 19 .1519362E+11   1100020E-01  .1234E+02  .9462E+01   .9999999  .0002345  .0000959
T 9584 19 .1519291E+11   1100021E-01  .2654E+01  .2220E+01   .9999999  .0000692  .0000487
T 9585 19 .1519157E+11   1100020E-01  .3658E+00  .9712E+01   .9999999 -.0001197  .0000653
T 9586 19 .1519394E+11   1100021E-01 -.5277E+01 -.1078E+02   .9999999 -.0001475 -.0002393
T 9587 19 .1519314E+11   1100013E-01 -.1658E+02 -.1170E+02   .9999999 -.0002243 -.0003213
T 9588 19 .1519300E+11   1100008E-01 -.1100E+02 -.2393E+02   .9999999 -.0002004 -.0002585
T 9589 19 .1519322E+11   1100021E-01 -.1522E+00 -.3859E+01   .9999999  .0000048 -.0000010
T 9590 19 .1519415E+11   1100011E-01  .2726E+01 -.1099E+01   .9999999  .0004436  .0002965
T 9591 19 .1519297E+11   1100020E-01  .5377E+01 -.5322E+01   .9999999  .0000386 -.0000044
T 9592 19 .1519213E+11   1100009E-01  .2134E+02  .5077E+01   .9999999  .0002713  .0000992
T 9593 19 .1519310E+11   1100017E-01 -.9072E+00 -.9587E+01   .9999999 -.0001246 -.0001310
T 9594 19 .1519233E+11   1100013E-01 -.6970E+01  .1099E+02   .9999999 -.0001161  .0001840
T 9595 19 .1519259E+11   1100016E-01  .1092E+01  .1291E+01   .9999999 -.0000888 -.0000840
T 9596 19 .1519334E+11   1100023E-01 -.8017E+00  .2884E+01   .9999999  .0000472 -.0000079
T 9597 19 .1519269E+11   1100003E-01  .1764E+02 -.1391E+01   .9999999  .0002997 -.0000890
T 9598 19 .1519304E+11   1100011E-01 -.3898E+01 -.6622E+01   .9999999  .0000199 -.0000030
T 9599 19 .1519292E+11   1100014E-01 -.3962E+01  .2298E+01   .9999999 -.0001598  .0000379
T 9600 19 .1519333E+11   1100016E-01 -.7479E+00 -.4609E+00   .9999999 -.0000926  .0000692
T 9601 19 .1519250E+11   1100001E-01 -.4800E+01 -.1221E+01   .9999999 -.0002197 -.0000616
T 9602 19 .1519366E+11   1100001E-01  .6238E+01  .1329E+02   .9999999  .0000192  .0002533
T 9603 19 .1519191E+11   1100002E-01 -.1354E+02 -.5359E+01   .9999999 -.0001631 -.0000680
T 9604 19 .1519435E+11   1100020E-01  .5143E+01 -.1444E+02   .9999999  .0001330 -.0001560
T 9605 19 .1519255E+11   1100018E-01  .1643E+01  .7418E+01   .9999999 -.0000117  .0000590
T 9606 19 .1519278E+11   1100006E-01 -.2877E+01 -.1169E+02   .9999999 -.0002190 -.0001730
T 9607 19 .1519285E+11   1100022E-01 -.2445E+01  .1337E+02   .9999999  .0001320  .0001698
T 9608 19 .1519244E+11   1100013E-01  .1578E+02 -.7219E+01   .9999999  .0002367 -.0001395
T 9609 19 .1519269E+11   1100003E-01 -.1644E+02  .6613E+01   .9999999 -.0005281  .0000371
T 9610 19 .1519296E+11   1100016E-01 -.3681E+01 -.9724E+00   .9999999  .0000271  .0000082
T 9611 19 .1519305E+11   1100013E-01  .5591E+01 -.7516E+01   .9999999  .0002954 -.0001204
T 9612 19 .1519256E+11   1100014E-01  .1079E+02  .1003E+02   .9999999  .0001991  .0000324
T 9613 19 .1519318E+11   1100023E-01  .1680E+01  .7746E+01   .9999999 -.0000798  .0001217
T 9614 19 .1519297E+11   1100017E-01  .3674E+01  .5317E+01   .9999999  .0000138  .0000609
T 9615 19 .1519226E+11   1100001E-01  .5821E+01 -.6170E+00   .9999999  .0000173  .0000809
T 9616 19 .1519373E+11   1100012E-01  .7917E+01  .8389E+01   .9999999 -.0000634  .0002152
T 9617 19 .1519189E+11   1100015E-01 -.8515E+00  .8941E+01   .9999999  .0000289  .0000826
T 9618 19 .1519257E+11   1100020E-01 -.2503E+01 -.2817E+00   .9999999  .0000668 -.0000165
T 9619 19 .1519353E+11   1100022E-01  .1122E+02  .1086E+02   .9999999  .0002980 -.0000909
T 9620 19 .1519240E+11   1100002E-01 -.2478E+02 -.4099E+00   .9999998 -.0005167  .0002062
T 9621 19 .1519216E+11   1100020E-01 -.1013E+02 -.2951E+00   .9999999 -.0000944  .0000779
T 9622 19 .1519087E+11   1100021E-01 -.1081E+02 -.4754E+01   .9999999 -.0000964 -.0000398
T 9623 19 .1519299E+11   1100010E-01  .6529E+01  .8630E+01   .9999999  .0001279  .0001872
T 9624 19 .1519414E+11   1100020E-01 -.9142E+01 -.4904E+00   .9999999 -.0000497 -.0000683
T 9625 19 .1519254E+11   1100007E-01 -.1154E+02  .2576E+01   .9999999 -.0002554  .0002650
T 9626 19 .1519326E+11   1100007E-01 -.4984E+00 -.3932E+01   .9999999  .0000089  .0002272
T 9627 19 .1519213E+11   1100015E-01  .5449E+01  .4725E+01   .9999999  .0000880  .0000503
T 9628 19 .1519206E+11   1100018E-01  .1276E+02 -.1460E+02   .9999999  .0002195 -.0001687
T 9629 19 .1519333E+11   1100017E-01 -.1038E+02 -.4198E+01   .9999999 -.0001266  .0000300
T 9630 19 .1519177E+11   1100012E-01  .2502E+01  .1786E+02   .9999999  .0000433  .0002054
T 9631 19 .1519252E+11   1100022E-01 -.3367E+01  .6590E+00   .9999999 -.0000322  .0000282
T 9632 19 .1519247E+11   1100011E-01 -.6182E+01 -.6671E+01   .9999999 -.0001013 -.0001567
T 9633 19 .1519199E+11   1100002E-01  .3683E+01  .2884E+01   .9999999  .0000216  .0001014
T 9634 19 .1519303E+11   1100020E-01  .2017E+01 -.7037E+01   .9999999 -.0000556 -.0000952
T 9635 19 .1519159E+11   1100016E-01 -.6190E+01  .2867E+02   .9999999  .0000120  .0003065
T 9636 19 .1519216E+11   1100014E-01  .5077E+01  .3026E+01   .9999999  .0002093 -.0000209
T 9637 19 .1519182E+11   1100001E-01  .2519E+01  .1042E+02   .9999999  .0000080  .0001972
T 9638 19 .1519249E+11   1100014E-01 -.4072E+01 -.1644E+02   .9999999 -.0000775 -.0002336
T 9639 19 .1519294E+11   1100023E-01 -.5389E+01  .7415E+01   .9999999 -.0000410  .0001073
T 9640 19 .1519275E+11   1100020E-01  .7864E+01  .3317E+01   .9999999  .0000809 -.0000307
T 9641 19 .1519227E+11   1100020E-01 -.4316E+01 -.7672E+01   .9999999 -.0000212 -.0001199
T 9642 19 .1519231E+11   1100014E-01  .8592E+01  .5870E+01   .9999999  .0000673  .0000537
T 9643 19 .1519287E+11   1100007E-01  .3432E+01  .1869E+02   .9999999 -.0000439  .0003426
T 9644 19 .1519101E+11   1100021E-01  .2159E+01  .9155E+01   .9999999  .0000097  .0000950
T 9645 19 .1519200E+11   1100017E-01 -.2529E+00 -.3173E+01   .9999999  .0000468 -.0001186
T 9646 19 .1519237E+11   1100023E-01  .4241E+01  .1738E+01   .9999999  .0000299  .0003322
T 9647 19 .1519337E+11   1100008E-01 -.3054E+01  .2284E+01   .9999999 -.0000035  .0000314
T 9648 19 .1519212E+11   1100000E-01 -.8966E+01  .1291E+02   .9999999 -.0001447  .0001249
T 9649 19 .1519239E+11   1100005E-01 -.1416E+02 -.1490E+02   .9999999 -.0004192 -.0001798
T 9650 19 .1519232E+11   1100017E-01  .1671E+01 -.2383E+02   .9999999  .0000267 -.0002312
T 9651 19 .1519277E+11   1100015E-01 -.9307E+01 -.1659E+01   .9999999 -.0000916 -.0000585
T 9652 19 .1519183E+11   1100016E-01  .3210E+02 -.9953E+01   .9999999  .0003642 -.0001892
T 9653 19 .1519229E+11   1100014E-01 -.4755E+01 -.1912E+01   .9999999  .0000757  .0000569
T 9654 19 .1519236E+11   1100001E-01  .6841E+01 -.4167E+00   .9999999  .0001442 -.0000419
T 9655 19 .1519373E+11   1100004E-01  .1478E+02  .4874E+01   .9999999  .0001169  .0001078
T 9656 19 .1519275E+11   1100015E-01  .7951E+01  .6209E+01   .9999999  .0001716  .0000020
T 9657 19 .1519323E+11   1100011E-01 -.1140E+02 -.7147E+01   .9999999 -.0003149 -.0001435
T 9658 19 .1519117E+11   1100022E-01  .8345E+01 -.5487E+01   .9999999  .0000907 -.0000070
T 9659 19 .1519221E+11   1100019E-01 -.6516E+01  .6073E+01   .9999999 -.0001210  .0001453
T 9660 19 .1519303E+11   1100021E-01 -.3735E+01  .1186E+01   .9999999 -.0001899  .0000884
T 9661 19 .1519239E+11   1100012E-01 -.2197E+01 -.1440E+01   .9999999 -.0000556 -.0000114
T 9662 19 .1519513E+11   1100015E-01  .1029E+02  .1238E+02   .9999999  .0001634  .0001547
T 9663 19 .1519259E+11   1100006E-01  .4012E+01  .1643E+00   .9999999  .0000326  .0001156
T 9664 19 .1519271E+11   1100020E-01  .4640E+01 -.3132E+01   .9999999  .0000073  .0001366
T 9665 19 .1519135E+11   1100007E-01 -.9959E+00  .7730E+01   .9999999  .0000149  .0001745
T 9666 19 .1519330E+11   1100005E-01  .2010E+01 -.2461E+01   .9999999 -.0000098 -.0001100
T 9667 19 .1519248E+11   1100018E-01  .8455E+01  .2939E+01   .9999999  .0000891  .0001059
T 9668 19 .1519251E+11   1100017E-01 -.1301E+02  .9449E+01   .9999999 -.0002032  .0001863
T 9669 19 .1519352E+11   1100014E-01 -.2881E+00  .3919E+01   .9999999 -.0001372  .0004106
T 9670 19 .1519261E+11   1100023E-01  .2362E+01  .2277E+01   .9999999  .0000909 -.0003493
T 9671 19 .1519334E+11   1100019E-01 -.1211E+02  .1208E+02   .9999999 -.0002326  .0001473
T 9672 19 .1519160E+11   1100014E-01 -.5403E+01  .3957E+00   .9999999 -.0001420  .0000739
T 9673 19 .1519260E+11   1100013E-01  .2068E+02  .1496E+02   .9999999  .0003258  .0001587
T 9674 19 .1519353E+11   1100019E-01 -.8491E+01 -.2785E+01   .9999999  .0000386 -.0002235
T 9675 19 .1519178E+11   1100023E-01 -.1125E+02 -.4205E+00   .9999999 -.0000500 -.0000259
T 9676 19 .1519360E+11   1100015E-01  .4062E+01  .7858E+01   .9999999  .0000822  .0000429
T 9677 19 .1519252E+11   1100010E-01  .8192E+01  .5476E+01   .9999999  .0000920  .0000946
T 9678 19 .1519309E+11   1100019E-01  .7835E+01  .5698E+01   .9999999  .0000807  .0001530
T 9679 19 .1519380E+11   1100021E-01  .4857E+01 -.2202E+02   .9999999  .0000970 -.0003699
T 9680 19 .1519270E+11   1100017E-01 -.5719E+01  .1397E+01   .9999999 -.0001699  .0000294
T 9681 19 .1519484E+11   1100019E-01  .1506E+01 -.8916E+00   .9999999  .0001479 -.0000044
T 9682 19 .1519123E+11   1100019E-01 -.1574E+00 -.6531E+01   .9999999  .0000758 -.0001257
T 9683 19 .1519244E+11   1100000E-01  .1771E+02  .7398E+01   .9999999  .0002552  .0001633
T 9684 19 .1519292E+11   1100004E-01 -.1522E+01  .4624E+01   .9999999 -.0000452  .0001221
T 9685 19 .1519277E+11   1100021E-01 -.4025E+02 -.3160E+01   .9999999 -.0005148 -.0000800
T 9686 19 .1519340E+11   1100002E-01 -.1147E+03 -.1922E+01   .9999993 -.0011909 -.0000438
T 9687 19 .1519297E+11   1100009E-01 -.1859E+01 -.4798E+01   .9999999  .0001406  .0000137
T 9688 19 .1519253E+11   1100019E-01 -.1765E+01 -.1203E+02   .9999999 -.0000032 -.0001819
T 9689 19 .1519156E+11   1100000E-01  .6680E+01  .1807E+01   .9999999  .0001845  .0000462
T 9690 19 .1519246E+11   1100007E-01  .6854E+00  .1281E+02   .9999999  .0000323  .0000938
T 9691 19 .1519237E+11   1100022E-01 -.5234E+01 -.2747E+01   .9999999 -.0000476 -.0000723
T 9692 19 .1519306E+11   1100013E-01  .8152E+01 -.4685E+01   .9999999  .0000589 -.0000401
T 9693 19 .1519268E+11   1100007E-01 -.4736E+01 -.2452E+01   .9999999 -.0001056 -.0000374
T 9694 19 .1519199E+11   1100020E-01 -.1058E+02 -.1038E+02   .9999999 -.0002504 -.0001799
T 9695 19 .1519214E+11   1100016E-01  .1071E+01 -.1070E+02   .9999999 -.0000049 -.0001496
T 9696 19 .1519315E+11   1100001E-01  .1423E+01  .7745E+00   .9999999  .0000910 -.0000161
T 9697 19 .1519340E+11   1100018E-01 -.4609E+01  .9461E+01   .9999999 -.0000513  .0001159
T 9698 19 .1519296E+11   1100008E-01 -.7646E+01 -.9609E+01   .9999999 -.0000819 -.0001199
T 9699 19 .1519339E+11   1100010E-01  .6012E+01  .5795E+00   .9999999  .0001150  .0000252
T 9700 19 .1519402E+11   1100003E-01  .2860E+01  .3360E+01   .9999999 -.0000050  .0000788
T 9701 19 .1519184E+11   1100010E-01 -.8458E+01 -.1831E+02   .9999999 -.0000844 -.0002921
T 9702 19 .1519264E+11   1100006E-01  .4385E+02  .3406E+02   .9999988  .0012131  .0009910
T 9703 19 .1519340E+11   1100000E-01 -.3168E+01  .3808E+00   .9999999  .0000204  .0000422
T 9704 19 .1519296E+11   1100011E-01 -.1635E+02 -.2814E+02   .9999999 -.0001515 -.0003315
T 9705 19 .1519281E+11   1100015E-01  .1105E+02  .6041E+01   .9999999  .0003131  .0000895
T 9706 19 .1519318E+11   1100005E-01  .9807E+01  .2262E+02   .9999999  .0002315  .0002130
T 9707 19 .1519188E+11   1100010E-01 -.2304E+01  .6207E+01   .9999999 -.0000730 -.0000474
T 9708 19 .1519192E+11   1100003E-01  .5474E+01  .4696E+01   .9999999  .0000063  .0003392
T 9709 19 .1519301E+11   1100000E-01 -.3801E+01  .2548E+01   .9999999 -.0000893  .0001204
T 9710 19 .1519234E+11   1100014E-01  .8091E+01 -.2086E+02   .9999999  .0000249 -.0002646
T 9711 19 .1519176E+11   1100009E-01  .4805E+01  .6975E+01   .9999999  .0001844  .0001044
T 9712 19 .1519257E+11   1100016E-01  .1935E+00  .2163E+01   .9999999  .0001884 -.0001534
T 9713 19 .1519174E+11   1100014E-01  .2177E+01  .1010E+02   .9999999 -.0000216  .0001393
T 9714 19 .1519199E+11   1100020E-01  .1288E+01 -.5466E+01   .9999999 -.0000079 -.0001249
T 9715 19 .1519188E+11   1100015E-01  .8034E+00 -.1142E+02   .9999999  .0000987 -.0003205
T 9716 19 .1519339E+11   1100001E-01 -.2367E+01 -.7886E+00   .9999999  .0000021  .0000258
T 9717 19 .1519156E+11   1100001E-01 -.3043E+01 -.7434E-01   .9999999  .0000591 -.0000872
T 9718 19 .1519178E+11   1100013E-01 -.2468E+02 -.2301E+02   .9999999 -.0001947 -.0002329
T 9719 19 .1519383E+11   1100005E-01 -.1649E+02 -.8054E+01   .9999999 -.0001395 -.0001978
T 9720 19 .1519249E+11   1100001E-01 -.7575E+01 -.4041E+01   .9999999 -.0001544 -.0000199
T 9721 19 .1519351E+11   1100006E-01 -.5259E+01  .3114E+01   .9999999 -.0000130  .0000402
T 9722 19 .1519192E+11   1100010E-01  .1349E+02  .8773E+01   .9999999  .0002304  .0001204
T 9723 19 .1519381E+11   1100012E-01 -.4620E+01  .6235E+01   .9999999  .0000429  .0000498
T 9724 19 .1519257E+11   1100011E-01 -.2032E+01  .9660E+00   .9999999 -.0000714  .0000389
T 9725 19 .1519240E+11   1100016E-01 -.1829E+01 -.3500E+01   .9999999 -.0000350  .0000967
T 9726 19 .1519175E+11   1100005E-01 -.2042E+01 -.1695E+01   .9999999  .0000678 -.0002092
T 9727 19 .1519190E+11   1100007E-01 -.8341E+01  .8441E+01   .9999999 -.0001374  .0001747
T 9728 19 .1519196E+11   1100007E-01  .4021E+01  .4201E+01   .9999999  .0001660  .0001010
T 9729 19 .1519219E+11   1100003E-01  .8497E+01  .1403E+02   .9999999  .0000248  .0004127
T 9730 19 .1519248E+11   1100013E-01  .6128E+01  .9756E+01   .9999999  .0001999  .0000502
T 9731 19 .1519351E+11   1100007E-01 -.1956E+01  .1013E+01   .9999999 -.0000928 -.0000003
T 9732 19 .1519389E+11   1100016E-01 -.1417E+02 -.1563E+02   .9999999 -.0001235 -.0002311
T 9733 19 .1519311E+11   1100022E-01  .6608E+00 -.1670E+02   .9999999 -.0000203 -.0001241
T 9734 19 .1519159E+11   1100018E-01  .4942E+01  .3788E+01   .9999999  .0000736  .0001203
T 9735 19 .1519209E+11   1100011E-01  .1152E+02  .1458E+02   .9999999  .0001069  .0001379
T 9736 19 .1519425E+11   1100002E-01  .2315E+01 -.3621E+01   .9999999  .0000646 -.0000918
T 9737 19 .1519268E+11   1100014E-01  .6356E+01 -.2241E+01   .9999999  .0001840  .0001318
T 9738 19 .1519489E+11   1100018E-01  .4789E+01  .1556E+02   .9999999  .0000858  .0002855
T 9739 19 .1519293E+11   1100007E-01  .7893E+01 -.1462E+01   .9999999  .0002427  .0000681
T 9740 19 .1519403E+11   1100003E-01 -.4235E+01  .6486E-01   .9999999 -.0001344 -.0000155
T 9741 19 .1519181E+11   1100005E-01  .4804E+01  .4060E+01   .9999999  .0000404 -.0000156
T 9742 19 .1519298E+11   1100014E-01 -.1049E+02 -.2169E+01   .9999999 -.0001514  .0000121
T 9743 19 .1519302E+11   1100008E-01 -.7297E+01  .8949E+00   .9999999 -.0001362  .0000142
T 9744 19 .1519309E+11   1100004E-01 -.1239E+02  .1223E+02   .9999999 -.0001822  .0001312
T 9745 19 .1519227E+11   1100016E-01 -.5789E+01 -.4073E+02   .9999999 -.0000911 -.0003145
T 9746 19 .1519165E+11   1100006E-01  .2852E+01  .7791E+01   .9999999  .0001841 -.0001145
T 9747 19 .1519163E+11   1100005E-01  .7953E+01 -.7270E+01   .9999999 -.0000171 -.0000126
T 9748 19 .1519389E+11   1100016E-01 -.2125E+02  .2437E+01   .9999999 -.0004934 -.0000516
T 9749 19 .1519386E+11   1100021E-01  .2371E+01  .2390E+02   .9999999  .0000864  .0002266
T 9750 19 .1519319E+11   1100021E-01 -.9344E+00  .6829E-01   .9999999 -.0000011  .0000192
T 9751 19 .1519262E+11   1100012E-01  .1582E+02 -.1360E+02   .9999999  .0002665 -.0001487
T 9752 19 .1519250E+11   1100002E-01 -.1920E+02 -.9606E+01   .9999999 -.0002333 -.0001354
T 9753 19 .1519262E+11   1100003E-01 -.2830E+01 -.1592E+01   .9999999  .0000792  .0000417
T 9754 19 .1519249E+11   1100018E-01  .1136E+02 -.1607E+02   .9999999  .0001843 -.0001169
T 9755 19 .1519284E+11   1100011E-01 -.1204E+02  .1838E+02   .9999999 -.0001518  .0002659
T 9756 19 .1519292E+11   1100019E-01 -.8223E+00  .1031E+02   .9999999  .0000866  .0002023
T 9757 19 .1519218E+11   1100005E-01 -.2843E+02  .5302E+02   .9999999 -.0002352  .0004733
T 9758 19 .1519253E+11   1100008E-01 -.5656E+01 -.1463E+01   .9999999 -.0001064 -.0000270
T 9759 19 .1519265E+11   1100015E-01  .5006E+01  .6298E+01   .9999999 -.0000415  .0001608
T 9760 19 .1519282E+11   1100014E-01  .8807E+01 -.7197E+01   .9999999  .0000355 -.0000393
T 9761 19 .1519357E+11   1100010E-01  .3609E+01  .7098E+00   .9999999  .0000364 -.0000097
T 9762 19 .1519221E+11   1100005E-01  .3490E+01 -.8294E+01   .9999999  .0000334 -.0001504
T 9763 19 .1519244E+11   1100017E-01 -.9995E+00 -.7769E+01   .9999999 -.0000648 -.0000745
T 9764 19 .1519373E+11   1100001E-01 -.5693E+01  .3182E+01   .9999999  .0000021  .0000830
T 9765 19 .1519282E+11   1100021E-01 -.2536E+01  .5550E+01   .9999999 -.0001324  .0001067
T 9766 19 .1519283E+11   1100011E-01  .3185E+01  .1678E+02   .9999999 -.0002088  .0002450
T 9767 19 .1519242E+11   1100021E-01 -.7585E+01  .5103E+01   .9999999 -.0000731  .0000444
T 9768 19 .1519280E+11   1100001E-01 -.1010E+01 -.2560E+00   .9999999  .0000672 -.0002100
T 9769 19 .1519085E+11   1100013E-01 -.6467E+01  .6709E+01   .9999999 -.0001289  .0001206
T 9770 19 .1519310E+11   1100007E-01  .7007E+01 -.1322E+01   .9999999  .0000212  .0000426
T 9771 19 .1519160E+11   1100015E-01  .6358E+02 -.5595E+02   .9999992  .0010643 -.0006683
T 9772 19 .1519316E+11   1100022E-01  .1408E+01 -.3284E+01   .9999999 -.0000135 -.0000193
T 9773 19 .1519343E+11   1100016E-01 -.6400E+00 -.3978E-01   .9999999  .0000294 -.0000469
T 9774 19 .1519190E+11   1100016E-01  .9010E+00 -.2828E+01   .9999999  .0000669 -.0001975
T 9775 19 .1519289E+11   1100000E-01 -.3366E+01 -.1050E+02   .9999999 -.0001012 -.0000626
T 9776 19 .1519302E+11   1100014E-01  .9291E+01  .6438E+01   .9999999  .0001281  .0001797
T 9777 19 .1519325E+11   1100008E-01  .5198E+01 -.3886E+01   .9999999  .0001417 -.0000426
T 9778 19 .1519305E+11   1100016E-01  .1563E+01  .9445E+01   .9999999  .0001206  .0000797
T 9779 19 .1519234E+11   1100015E-01 -.4434E+01 -.2399E+01   .9999999 -.0000468 -.0001116
T 9780 19 .1519279E+11   1100019E-01  .1579E+01  .2071E+01   .9999999  .0001324  .0000823
T 9781 19 .1519360E+11   1100011E-01  .1269E+02 -.2293E+01   .9999999  .0001632 -.0000602
T 9782 19 .1519339E+11   1100016E-01 -.2044E+01  .1659E+02   .9999999 -.0000798  .0002919
T 9783 19 .1519138E+11   1100018E-01 -.3291E+01  .6032E+00   .9999999 -.0000252 -.0000060
T 9784 19 .1519332E+11   1100014E-01 -.1533E+01  .1326E+02   .9999999 -.0000348  .0001733
T 9785 19 .1519329E+11   1100023E-01 -.9131E+01  .1672E+02   .9999999 -.0003349  .0003359
T 9786 19 .1519296E+11   1100000E-01  .4678E+01  .3925E+01   .9999999  .0002067  .0000507
T 9787 19 .1519221E+11   1100016E-01  .8122E+01  .2689E+01   .9999999  .0001896  .0000620
T 9788 19 .1519248E+11   1100004E-01 -.4105E+01  .6876E+01   .9999999 -.0000241  .0000624
T 9789 19 .1519360E+11   1100000E-01 -.1002E+02  .1578E+01   .9999999 -.0001984  .0001114
T 9790 19 .1519394E+11   1100020E-01  .4870E+01 -.6650E+01   .9999999  .0000845 -.0001080
T 9791 19 .1519103E+11   1100014E-01 -.5667E+01  .9050E+00   .9999999 -.0001838  .0000956
T 9792 19 .1519151E+11   1100019E-01 -.1062E+02 -.3660E-01   .9999999 -.0000718 -.0000301
T 9793 19 .1519287E+11   1100005E-01  .3516E+01  .2166E+01   .9999999  .0002253  .0000673
T 9794 19 .1519324E+11   1100006E-01 -.3846E+01  .4429E+01   .9999999 -.0000847  .0000446
T 9795 19 .1519235E+11   1100009E-01  .5266E+01 -.1109E+02   .9999999  .0000457 -.0002535
T 9796 19 .1519327E+11   1100021E-01 -.1574E+01 -.6066E+00   .9999999 -.0000967  .0000898
T 9797 19 .1519146E+11   1100017E-01  .8254E-01 -.6859E+01   .9999999  .0000108 -.0000263
T 9798 19 .1519178E+11   1100001E-01 -.4465E+01 -.5490E+01   .9999999  .0000247  .0000009
T 9799 19 .1519224E+11   1100000E-01 -.7918E+01 -.2079E+01   .9999999 -.0002252  .0000208
T 9800 19 .1519143E+11   1100012E-01 -.4700E+01 -.1676E+01   .9999999 -.0000725  .0000134
T 9801 19 .1519240E+11   1100020E-01 -.1110E+02  .4220E+01   .9999998 -.0005015  .0003190
T 9802 19 .1519210E+11   1100009E-01 -.3085E+01  .1396E+01   .9999999 -.0001022  .0000098
T 9803 19 .1519193E+11   1100003E-01 -.1158E+02  .3584E+00   .9999999 -.0000681  .0001447
T 9804 19 .1519118E+11   1100009E-01 -.1289E+02  .1375E+02   .9999999 -.0001410  .0002482
T 9805 19 .1519253E+11   1100011E-01  .5715E+00 -.5026E+01   .9999999  .0001025 -.0000157
T 9806 19 .1519299E+11   1100017E-01  .8707E+01  .4108E+01   .9999999  .0000972  .0000725
T 9807 19 .1519346E+11   1100016E-01  .7014E+01  .5780E+01   .9999998  .0001710  .0005468
T 9808 19 .1519294E+11   1100023E-01  .5261E+01 -.9803E+01   .9999999  .0000663 -.0001889
T 9809 19 .1519212E+11   1100015E-01 -.1268E+01 -.7500E+01   .9999999  .0000495 -.0001589
T 9810 19 .1519270E+11   1100020E-01 -.8238E-01  .3511E+01   .9999999  .0000304  .0001399
T 9811 19 .1519246E+11   1100012E-01  .5386E+01  .8311E+01   .9999999  .0000529  .0000628
T 9812 19 .1519233E+11   1100002E-01  .1375E+02  .6007E+01   .9999999  .0002312  .0000150
T 9813 19 .1519308E+11   1100003E-01 -.2928E+02  .2484E+02   .9999989 -.0011124  .0009473
T 9814 19 .1519224E+11   1100017E-01 -.9157E+01 -.6344E+01   .9999999 -.0001127 -.0000592
T 9815 19 .1519262E+11   1100001E-01 -.1181E+02  .1366E+02   .9999999 -.0001454  .0002372
T 9816 19 .1519245E+11   1100013E-01 -.5922E+01  .4512E+00   .9999999 -.0000980 -.0001661
T 9817 19 .1519398E+11   1100011E-01 -.2703E+01  .2073E+01   .9999999 -.0000802  .0000202
T 9818 19 .1519346E+11   1100021E-01 -.1996E+01 -.5229E+01   .9999999 -.0000272 -.0000600
T 9819 19 .1519359E+11   1100012E-01  .1516E+02  .3251E+00   .9999999  .0002436 -.0000387
T 9820 19 .1519237E+11   1100016E-01 -.2472E+01 -.1622E+02   .9999999 -.0001247 -.0002059
T 9821 19 .1519336E+11   1100000E-01  .1403E+02 -.2833E+02   .9999999  .0001846 -.0003311
T 9822 19 .1519272E+11   1100000E-01 -.7136E+00 -.1367E+02   .9999999  .0000004 -.0001061
T 9823 19 .1519246E+11   1100010E-01  .2153E+01  .1188E+02   .9999999  .0001161  .0002044
T 9824 19 .1519295E+11   1100005E-01  .1978E+01  .1013E+02   .9999999  .0000825  .0002653
T 9825 19 .1519256E+11   1100017E-01 -.4546E+01 -.1542E+02   .9999999 -.0002012 -.0002234
T 9826 19 .1519315E+11   1100022E-01  .5988E+01  .1864E+02   .9999999  .0000845  .0001893
T 9827 19 .1519273E+11   1100001E-01  .1277E+02  .3337E+01   .9999999  .0000483 -.0000970
T 9828 19 .1519295E+11   1100001E-01  .6056E+01 -.3307E+01   .9999999  .0000937 -.0001096
T 9829 19 .1519354E+11   1100022E-01 -.1055E+01 -.1692E+01   .9999999  .0000332 -.0001449
T 9830 19 .1519473E+11   1100012E-01 -.4210E+01  .9009E+01   .9999999 -.0000864  .0001099
T 9831 19 .1519277E+11   1100013E-01  .6554E+00 -.1389E+02   .9999999  .0000276 -.0001557
T 9832 19 .1519188E+11   1100010E-01  .1248E+01 -.4106E+01   .9999999  .0000067 -.0001194
T 9833 19 .1519352E+11   1100012E-01  .6622E+01 -.2617E+02   .9999999  .0000453 -.0003275
T 9834 19 .1519313E+11   1100018E-01 -.2103E+02 -.7604E+00   .9999999 -.0003818  .0000947
T 9835 19 .1519207E+11   1100006E-01  .4943E+00  .7806E+01   .9999999  .0000190  .0000913
T 9836 19 .1519158E+11   1100018E-01 -.1341E+02 -.5307E+01   .9999999 -.0001566 -.0001948
T 9837 19 .1519314E+11   1100021E-01 -.4890E+01 -.1908E+02   .9999999 -.0000429 -.0003551
T 9838 19 .1519207E+11   1100018E-01 -.3758E+01  .3565E+01   .9999999 -.0000178 -.0000968
T 9839 19 .1519338E+11   1100022E-01  .1098E+01  .8980E+01   .9999999 -.0001300  .0001892
T 9840 19 .1519157E+11   1100013E-01 -.8911E+01  .3794E+01   .9999999 -.0001057  .0001155
T 9841 19 .1519134E+11   1100002E-01 -.2396E+02 -.1600E+01   .9999999 -.0004170 -.0000502
T 9842 19 .1519231E+11   1100003E-01 -.1143E+02  .4925E+00   .9999999 -.0002192  .0000478
T 9843 19 .1519279E+11   1100018E-01  .1282E+02 -.5315E+01   .9999999  .0001563  .0001163
T 9844 19 .1519415E+11   1100009E-01  .7830E+00 -.9198E+01   .9999999  .0000576 -.0001497
T 9845 19 .1519367E+11   1100015E-01 -.1029E+00 -.2094E+01   .9999999  .0000513  .0000017
T 9846 19 .1519282E+11   1100018E-01  .1553E+01  .4808E+01   .9999999  .0000646  .0000395
T 9847 19 .1519280E+11   1100000E-01  .2502E+02 -.1558E+01   .9999999  .0003733 -.0001675
T 9848 19 .1519081E+11   1100007E-01  .1974E+02 -.7601E+01   .9999999  .0001600 -.0001184
T 9849 19 .1519333E+11   1100018E-01  .3628E+01  .1298E+02   .9999999  .0000411  .0001668
T 9850 19 .1519342E+11   1100017E-01  .4064E+01  .1271E+02   .9999999 -.0000481  .0000273
T 9851 19 .1519264E+11   1100019E-01 -.1187E+01 -.3523E+01   .9999999 -.0001250 -.0000992
T 9852 19 .1519232E+11   1100020E-01 -.5151E+01 -.1144E+02   .9999999 -.0001461 -.0003096
T 9853 19 .1519301E+11   1100022E-01 -.1172E+02 -.3877E+01   .9999999 -.0001810  .0000589
T 9854 19 .1519284E+11   1100022E-01  .2473E+02  .2435E+02   .9999999  .0004051  .0003305
T 9855 19 .1519323E+11   1100004E-01 -.1740E+01 -.2616E+01   .9999999  .0000713 -.0000752
T 9856 19 .1519109E+11   1100020E-01 -.9133E+00  .1524E+01   .9999999 -.0000329  .0000332
T 9857 19 .1519283E+11   1100020E-01  .1054E+02 -.1218E+02   .9999999  .0001324 -.0002118
T 9858 19 .1519171E+11   1100010E-01 -.4480E+01  .4791E+01   .9999999 -.0001460  .0001445
T 9859 19 .1519387E+11   1100010E-01 -.1622E+01  .5369E+01   .9999999 -.0000407  .0000217
T 9860 19 .1519239E+11   1100021E-01 -.3594E+01 -.8118E+01   .9999999 -.0000746 -.0001034
T 9861 19 .1519392E+11   1100021E-01  .5958E+01  .5951E+00   .9999999  .0000399  .0001780
T 9862 19 .1519058E+11   1100001E-01  .6956E+01 -.3482E+01   .9999999  .0000307 -.0000171
T 9863 19 .1519384E+11   1100007E-01 -.2776E+01  .1125E+02   .9999999 -.0001499  .0002840
T 9864 19 .1519273E+11   1100020E-01  .2854E+02 -.5048E+01   .9999999  .0003224  .0000522
T 9865 19 .1519275E+11   1100021E-01 -.1898E+01  .5215E+01   .9999999 -.0001308 -.0000003
T 9866 19 .1519147E+11   1100014E-01  .3994E+01  .3840E+01   .9999999  .0000233 -.0000477
T 9867 19 .1519094E+11   1100000E-01  .1830E+00 -.1139E+01   .9999999  .0000399  .0000569
T 9868 19 .1519150E+11   1100023E-01 -.8447E+00 -.4110E+00   .9999999  .0000028 -.0000410
T 9869 19 .1519127E+11   1100018E-01  .4003E+01  .6139E+01   .9999999  .0002496  .0000917
T 9870 19 .1519179E+11   1100020E-01  .9759E+01 -.5166E+01   .9999999  .0000925 -.0000464
T 9871 19 .1519273E+11   1100015E-01 -.3816E+01 -.1081E+02   .9999999 -.0002077 -.0002774
T 9872 19 .1519174E+11   1100005E-01 -.9211E+01 -.7467E+01   .9999999 -.0001680 -.0001789
T 9873 19 .1519347E+11   1100016E-01 -.8118E+01  .1200E+02   .9999999 -.0002045  .0001298
T 9874 19 .1519388E+11   1100019E-01  .5369E+01 -.1203E+02   .9999999  .0002287 -.0000815
T 9875 19 .1519227E+11   1100012E-01 -.1517E+01 -.9771E+01   .9999999 -.0000694 -.0004187
T 9876 19 .1519296E+11   1100012E-01 -.1815E+02  .2084E+02   .9999999 -.0000172  .0001769
T 9877 19 .1519315E+11   1100003E-01  .2107E+01  .8951E+01   .9999999 -.0000560  .0002376
T 9878 19 .1519241E+11   1100001E-01  .1720E+02  .8594E+01   .9999999  .0002572  .0000736
T 9879 19 .1519383E+11   1100015E-01 -.3723E+01  .2608E+00   .9999999 -.0001686  .0000172
T 9880 19 .1519281E+11   1100008E-01 -.9028E+01  .3068E+01   .9999999 -.0001456  .0000702
T 9881 19 .1519175E+11   1100001E-01  .4988E+01  .9536E+01   .9999999  .0000718  .0000957
T 9882 19 .1519145E+11   1100020E-01  .3249E+01 -.4271E+01   .9999999  .0001482  .0000191
T 9883 19 .1519349E+11   1100005E-01 -.2658E+01 -.6991E+01   .9999999  .0001796 -.0002180
T 9884 19 .1519118E+11   1100016E-01  .1915E+01 -.2201E+01   .9999999 -.0000940 -.0000048
T 9885 19 .1519362E+11   1100014E-01  .7622E+01 -.3734E+01   .9999999  .0000863 -.0000813
T 9886 19 .1519350E+11   1100004E-01 -.4435E+01 -.1417E+02   .9999999 -.0001309 -.0001241
T 9887 19 .1519201E+11   1100004E-01 -.7781E+01 -.9768E+00   .9999999 -.0001396 -.0001354
T 9888 19 .1519234E+11   1100006E-01  .4738E+01  .3362E+01   .9999999  .0000091  .0000232
T 9889 19 .1519271E+11   1100005E-01 -.1331E+02  .1062E+01   .9999999 -.0002317  .0000141
T 9890 19 .1519248E+11   1100018E-01 -.1045E+01  .1591E+01   .9999999 -.0001013 -.0000211
T 9891 19 .1519338E+11   1100013E-01  .2914E+01 -.5434E+01   .9999999  .0000662 -.0000032
T 9892 19 .1519356E+11   1100003E-01 -.4936E+01 -.6892E+01   .9999999 -.0000734 -.0001335
T 9893 19 .1519343E+11   1100018E-01 -.3773E+01  .8648E+01   .9999999 -.0001165  .0001640
T 9894 19 .1519153E+11   1100010E-01  .8142E+00  .3904E+01   .9999999 -.0001114  .0002190
T 9895 19 .1519196E+11   1100015E-01  .1987E+01 -.4695E+01   .9999999  .0002369 -.0000804
T 9896 19 .1519279E+11   1100023E-01  .5526E+01  .1079E+02   .9999999  .0001548  .0001211
T 9897 19 .1519451E+11   1100006E-01  .4012E+01 -.7389E-01   .9999999  .0001634 -.0000656
T 9898 19 .1519421E+11   1100009E-01  .5656E+00  .1300E+01   .9999999 -.0000111  .0000538
T 9899 19 .1519284E+11   1100009E-01  .1685E+01  .9332E+01   .9999999 -.0000320  .0001002
T 9900 19 .1519294E+11   1100021E-01  .2607E+01  .7053E+01   .9999999  .0000060  .0001407
T 9901 19 .1519117E+11   1100022E-01  .1033E+02  .1120E+02   .9999997  .0007207 -.0002008
T 9902 19 .1519301E+11   1100022E-01 -.5579E+01 -.1427E+01   .9999999 -.0000563 -.0001877
T 9903 19 .1519341E+11   1100014E-01  .8631E+01  .9387E+01   .9999999  .0000509  .0001817
T 9904 19 .1519346E+11   1100020E-01  .1875E+01  .8860E+00   .9999999 -.0000715 -.0000174
T 9905 19 .1519241E+11   1100009E-01 -.3571E+01 -.1556E+01   .9999999 -.0000174 -.0001458
T 9906 19 .1519227E+11   1100020E-01 -.7549E+01 -.1536E+02   .9999999 -.0001379 -.0004219
T 9907 19 .1519290E+11   1100020E-01 -.1431E+01  .3458E+01   .9999999  .0000637  .0000435
T 9908 19 .1519184E+11   1100013E-01 -.1984E+01  .1589E+01   .9999999  .0000163  .0000770
T 9909 19 .1519263E+11   1100016E-01  .8429E+01  .3040E+01   .9999999  .0000744  .0000435
T 9910 19 .1519230E+11   1100011E-01  .4475E+01  .5834E+01   .9999999  .0000915  .0001166
T 9911 19 .1519176E+11   1100008E-01  .5826E+01  .1351E+02   .9999999  .0001981  .0002278
T 9912 19 .1519269E+11   1100015E-01  .1868E+01 -.6479E+01   .9999999  .0000278 -.0001058
T 9913 19 .1519315E+11   1100020E-01 -.7477E+01  .2721E+01   .9999999 -.0001049  .0000659
T 9914 19 .1519288E+11   1100002E-01 -.1513E+02 -.4817E+01   .9999999 -.0001702 -.0001349
T 9915 19 .1519292E+11   1100017E-01  .1396E+01  .7288E+01   .9999999  .0000405  .0000748
T 9916 19 .1519255E+11   1100010E-01 -.3786E+01  .8145E+01   .9999999 -.0001323  .0000733
T 9917 19 .1519302E+11   1100006E-01 -.3690E+02 -.5407E+01   .9999999 -.0004201  .0000322
T 9918 19 .1519319E+11   1100010E-01  .7727E+01 -.4183E+01   .9999999  .0001666 -.0000409
T 9919 19 .1519474E+11   1100006E-01  .5645E+01 -.2159E+01   .9999999  .0000712 -.0000169
T 9920 19 .1519285E+11   1100021E-01 -.1264E+02 -.1507E+02   .9999999 -.0001192 -.0002338
T 9921 19 .1519303E+11   1100018E-01 -.1055E+02 -.5091E+01   .9999999 -.0002476 -.0000337
T 9922 19 .1519113E+11   1100017E-01 -.4695E+02  .4318E+01   .9999999 -.0004403  .0000831
T 9923 19 .1519178E+11   1100002E-01  .1576E+01  .3672E+01   .9999999  .0001806  .0000983
T 9924 19 .1519245E+11   1100015E-01  .1310E+00 -.1180E+01   .9999999 -.0000368  .0000129
T 9925 19 .1519264E+11   1100012E-01  .7430E+01 -.9625E+01   .9999999  .0002232 -.0003133
T 9926 19 .1519171E+11   1100013E-01  .5897E+01 -.9545E+01   .9999999  .0000827 -.0001437
T 9927 19 .1519191E+11   1100000E-01 -.2403E+01  .3557E+01   .9999999  .0000043  .0001488
T 9928 19 .1519241E+11   1100018E-01  .3827E+01 -.1271E+02   .9999999  .0000902 -.0001931
T 9929 19 .1519217E+11   1100010E-01  .3511E+01 -.6606E+01   .9999999  .0000620 -.0000075
T 9930 19 .1519219E+11   1100015E-01 -.4236E+01  .4614E+01   .9999999  .0001422  .0001030
T 9931 19 .1519167E+11   1100012E-01 -.3411E+01  .1242E+01   .9999999 -.0000497 -.0000457
T 9932 19 .1519227E+11   1100003E-01 -.8087E+00  .1109E+03   .9999991 -.0000741  .0013762
T 9933 19 .1519325E+11   1100004E-01  .1045E+02  .3681E+01   .9999999  .0001254 -.0000994
T 9934 19 .1519253E+11   1100022E-01 -.6551E+01 -.2881E+01   .9999999 -.0001758 -.0000219
T 9935 19 .1519312E+11   1100022E-01  .5627E+01 -.1157E+02   .9999999  .0001244 -.0001613
T 9936 19 .1519324E+11   1100008E-01 -.2645E+02  .7111E+01   .9999999 -.0003554  .0001047
T 9937 19 .1519274E+11   1100018E-01  .8694E+01 -.3295E+01   .9999999  .0000584 -.0002673
T 9938 19 .1519282E+11   1100019E-01  .3419E+01  .7350E+01   .9999999 -.0000232  .0001319
T 9939 19 .1519152E+11   1100001E-01  .4407E+01  .5254E+01   .9999999  .0001123  .0001133
T 9940 19 .1519242E+11   1100022E-01  .2333E+01  .2969E+01   .9999999  .0000996  .0000712
T 9941 19 .1519178E+11   1100017E-01 -.3300E+02 -.7665E+01   .9999999 -.0002107 -.0000463
T 9942 19 .1519275E+11   1100021E-01  .6261E+01  .2635E+01   .9999999  .0000838  .0003442
T 9943 19 .1519198E+11   1100006E-01  .1232E+01  .7302E+00   .9999999 -.0000317  .0000518
T 9944 19 .1519152E+11   1100017E-01 -.1291E+02 -.2454E+01   .9999999 -.0004867 -.0000048
T 9945 19 .1519238E+11   1100004E-01  .1347E+02 -.5308E+01   .9999999  .0001909 -.0001354
T 9946 19 .1519188E+11   1100019E-01  .4614E+01 -.6115E+01   .9999999  .0001246 -.0000710
T 9947 19 .1519227E+11   1100012E-01 -.7648E+01  .1261E+01   .9999999  .0000088 -.0000135
T 9948 19 .1519156E+11   1100021E-01  .1713E+01  .3763E+01   .9999999  .0000639  .0000539
T 9949 19 .1519293E+11   1100008E-01  .5580E+01  .5272E+01   .9999999  .0001463  .0000967
T 9950 19 .1519191E+11   1100006E-01 -.2741E+01 -.2808E+01   .9999999  .0001398  .0000856
T 9951 19 .1519286E+11   1100018E-01  .4104E+01 -.9183E+01   .9999999  .0000732 -.0001190
T 9952 19 .1519293E+11   1100019E-01 -.1793E+02  .7629E+01   .9999999 -.0001271  .0000465
T 9953 19 .1519227E+11   1100014E-01 -.5357E+01 -.8857E+00   .9999999  .0000341 -.0001087
T 9954 19 .1519310E+11   1100009E-01  .1475E+02  .3761E+01   .9999999  .0002551  .0000465
T 9955 19 .1519246E+11   1100023E-01  .4011E+01 -.7331E+01   .9999999  .0000759 -.0000795
T 9956 19 .1519325E+11   1100003E-01  .9814E+01  .5195E+01   .9999999  .0000898  .0001047
T 9957 19 .1519312E+11   1100016E-01 -.9020E+01  .2689E+01   .9999999 -.0000688  .0000136
T 9958 19 .1519228E+11   1100002E-01  .2235E+02 -.1635E+02   .9999999  .0004049 -.0001882
T 9959 19 .1519316E+11   1100010E-01 -.4960E+01  .3352E+01   .9999999 -.0000615 -.0000654
T 9960 19 .1519156E+11   1100010E-01 -.7251E+01 -.4509E+02   .9999999 -.0000772 -.0004365
T 9961 19 .1519285E+11   1100019E-01 -.6295E+00 -.2979E+00   .9999999 -.0000545  .0000907
T 9962 19 .1519250E+11   1100003E-01 -.1068E+02 -.3726E+01   .9999999 -.0001223  .0000385
T 9963 19 .1519161E+11   1100018E-01 -.1089E+02  .1012E+02   .9999999 -.0001682  .0002372
T 9964 19 .1519310E+11   1100001E-01  .8709E+01 -.4578E+01   .9999999  .0001424 -.0000716
T 9965 19 .1519229E+11   1100016E-01  .4646E+01  .5173E+01   .9999999  .0001051  .0000579
T 9966 19 .1519202E+11   1100004E-01  .2521E+01 -.9939E+01   .9999999 -.0000385 -.0001356
T 9967 19 .1519248E+11   1100009E-01 -.1080E+01 -.8127E+01   .9999999  .0000499 -.0001577
T 9968 19 .1519469E+11   1100009E-01  .7422E+01 -.2593E+01   .9999999  .0000466 -.0000408
T 9969 19 .1519237E+11   1100023E-01 -.1469E+01  .1140E+01   .9999999  .0001600 -.0000493
T 9970 19 .1519148E+11   1100006E-01 -.5887E+02 -.2103E+01   .9999997 -.0007270  .0001196
T 9971 19 .1519248E+11   1100002E-01 -.6131E+01 -.3484E+01   .9999999 -.0000681 -.0000206
T 9972 19 .1519260E+11   1100014E-01 -.5427E+01  .5362E+01   .9999999 -.0001460  .0001286
T 9973 19 .1519306E+11   1100019E-01  .2584E+01  .1351E+01   .9999999  .0001277  .0000734
T 9974 19 .1519283E+11   1100009E-01  .3297E+01 -.1533E+00   .9999999  .0000575 -.0000661
T 9975 19 .1519232E+11   1100000E-01 -.1498E+02  .3516E+01   .9999999 -.0002425  .0000364
T 9976 19 .1519130E+11   1100005E-01  .3249E+02 -.1378E+01   .9999999  .0003965  .0000167
T 9977 19 .1519281E+11   1100012E-01  .1552E+02  .1954E+02   .9999999  .0001947  .0003477
T 9978 19 .1519327E+11   1100019E-01 -.1304E+02  .3530E+01   .9999999 -.0002207  .0000030
T 9979 19 .1519317E+11   1100011E-01 -.1448E+01  .9092E+01   .9999999 -.0000001  .0001129
T 9980 19 .1519320E+11   1100021E-01  .2972E+01  .1501E+02   .9999998  .0000239  .0005874
T 9981 19 .1519261E+11   1100015E-01 -.2372E+01  .5695E+01   .9999999 -.0000516  .0000459
T 9982 19 .1519265E+11   1100009E-01 -.4261E+01  .8559E+01   .9999999 -.0000880  .0001831
T 9983 19 .1519334E+11   1100019E-01  .8469E+01 -.7208E+01   .9999999  .0000772 -.0001202
T 9984 19 .1519191E+11   1100022E-01 -.2962E+01  .1081E+01   .9999999 -.0000334  .0000014
T 9985 19 .1519235E+11   1100021E-01  .1009E+01 -.1224E+01   .9999999  .0000698  .0000107
T 9986 19 .1519268E+11   1100010E-01 -.2244E+02  .2768E+02   .9999995 -.0006638  .0007544
T 9987 19 .1519124E+11   1100023E-01 -.3952E+01  .4071E+00   .9999999 -.0000901  .0000713
T 9988 19 .1519225E+11   1100016E-01  .4642E+01 -.2744E+01   .9999999  .0000131 -.0001727
T 9989 19 .1519290E+11   1100017E-01  .6223E+01 -.9165E+00   .9999999  .0000047 -.0000317
T 9990 19 .1519216E+11   1100000E-01  .9972E+01  .2319E+01   .9999999  .0002146 -.0000176
T 9991 19 .1519235E+11   1100023E-01  .3970E+01 -.8504E+01   .9999999 -.0000351 -.0002417
T 9992 19 .1519321E+11   1100017E-01 -.5715E+01  .7750E+01   .9999999 -.0000695  .0001054
T 9993 19 .1519399E+11   1100002E-01 -.7015E+01  .1834E+01   .9999999 -.0001818  .0000874
T 9994 19 .1519185E+11   1100014E-01 -.1749E+01 -.2362E+02   .9999999 -.0001284 -.0004833
T 9995 19 .1519157E+11   1100002E-01  .1025E+02 -.3842E+01   .9999999  .0002168 -.0000576
T 9996 19 .1519371E+11   1100019E-01  .1362E+02  .1627E+02   .9999999  .0001093  .0002036
T 9997 19 .1519154E+11   1100013E-01  .2199E+02  .1466E+02   .9999999  .0002470  .0002068
T 9998 19 .1519269E+11   1100002E-01  .4615E+01 -.1464E+00   .9999999  .0001653  .0000162
T 9999 19 .1519198E+11   1100001E-01  .6941E+01  .2954E+01   .99